image_id,outer_fold,hospital,y_true,y_prob,y_pred
RIMONE_r1_Im069,0,r1,1,0.75,1
RIMONE_r1_Im103,0,r1,1,0.71,1
RIMONE_r1_Im113,0,r1,1,0.74,1
RIMONE_r1_Im117,0,r1,1,0.74,1
RIMONE_r1_Im118,0,r1,1,0.62,1
RIMONE_r1_Im120,0,r1,1,0.61,1
RIMONE_r1_Im121,0,r1,1,0.82,1
RIMONE_r1_Im122,0,r1,1,0.74,1
RIMONE_r1_Im135,0,r1,1,0.74,1
RIMONE_r1_Im144,0,r1,1,0.73,1
RIMONE_r1_Im158,0,r1,1,0.64,1
RIMONE_r1_Im167,0,r1,1,0.7,1
RIMONE_r2_Im257,0,r2,1,0.71,1
RIMONE_r2_Im258,0,r2,1,0.72,1
RIMONE_r2_Im260,0,r2,1,0.72,1
RIMONE_r2_Im263,0,r2,1,0.66,1
RIMONE_r2_Im264,0,r2,1,0.68,1
RIMONE_r2_Im266,0,r2,1,0.65,1
RIMONE_r2_Im267,0,r2,1,0.53,1
RIMONE_r2_Im268,0,r2,1,0.49,0
RIMONE_r2_Im269,0,r2,1,0.72,1
RIMONE_r2_Im270,0,r2,1,0.77,1
RIMONE_r2_Im273,0,r2,1,0.7,1
RIMONE_r2_Im275,0,r2,1,0.73,1
RIMONE_r2_Im277,0,r2,1,0.66,1
RIMONE_r2_Im281,0,r2,1,0.73,1
RIMONE_r2_Im287,0,r2,1,0.69,1
RIMONE_r2_Im288,0,r2,1,0.7,1
RIMONE_r2_Im289,0,r2,1,0.61,1
RIMONE_r2_Im290,0,r2,1,0.65,1
RIMONE_r2_Im291,0,r2,1,0.75,1
RIMONE_r2_Im292,0,r2,1,0.77,1
RIMONE_r2_Im293,0,r2,1,0.65,1
RIMONE_r2_Im294,0,r2,1,0.54,1
RIMONE_r2_Im301,0,r2,1,0.69,1
RIMONE_r2_Im302,0,r2,1,0.72,1
RIMONE_r2_Im303,0,r2,1,0.69,1
RIMONE_r2_Im305,0,r2,1,0.72,1
RIMONE_r2_Im314,0,r2,1,0.69,1
RIMONE_r2_Im315,0,r2,1,0.65,1
RIMONE_r2_Im317,0,r2,1,0.72,1
RIMONE_r2_Im318,0,r2,1,0.7,1
RIMONE_r2_Im319,0,r2,1,0.74,1
RIMONE_r2_Im320,0,r2,1,0.69,1
RIMONE_r2_Im321,0,r2,1,0.68,1
RIMONE_r2_Im324,0,r2,1,0.7,1
RIMONE_r2_Im329,0,r2,1,0.72,1
RIMONE_r2_Im330,0,r2,1,0.77,1
RIMONE_r2_Im331,0,r2,1,0.7,1
RIMONE_r2_Im332,0,r2,1,0.71,1
RIMONE_r2_Im333,0,r2,1,0.7,1
RIMONE_r2_Im334,0,r2,1,0.69,1
RIMONE_r2_Im338,0,r2,1,0.74,1
RIMONE_r2_Im339,0,r2,1,0.72,1
RIMONE_r2_Im343,0,r2,1,0.69,1
RIMONE_r2_Im344,0,r2,1,0.74,1
RIMONE_r1_Im001,0,r1,0,0.68,1
RIMONE_r1_Im003,0,r1,0,0.78,1
RIMONE_r1_Im004,0,r1,0,0.77,1
RIMONE_r1_Im006,0,r1,0,0.75,1
RIMONE_r1_Im008,0,r1,0,0.71,1
RIMONE_r1_Im011,0,r1,0,0.71,1
RIMONE_r1_Im012,0,r1,0,0.7,1
RIMONE_r1_Im014,0,r1,0,0.69,1
RIMONE_r1_Im015,0,r1,0,0.74,1
RIMONE_r1_Im019,0,r1,0,0.68,1
RIMONE_r1_Im020,0,r1,0,0.68,1
RIMONE_r1_Im022,0,r1,0,0.78,1
RIMONE_r1_Im023,0,r1,0,0.78,1
RIMONE_r1_Im024,0,r1,0,0.76,1
RIMONE_r1_Im025,0,r1,0,0.78,1
RIMONE_r1_Im026,0,r1,0,0.69,1
RIMONE_r1_Im027,0,r1,0,0.71,1
RIMONE_r1_Im028,0,r1,0,0.79,1
RIMONE_r1_Im029,0,r1,0,0.86,1
RIMONE_r1_Im031,0,r1,0,0.73,1
RIMONE_r1_Im032,0,r1,0,0.75,1
RIMONE_r1_Im033,0,r1,0,0.73,1
RIMONE_r1_Im036,0,r1,0,0.77,1
RIMONE_r1_Im037,0,r1,0,0.81,1
RIMONE_r1_Im040,0,r1,0,0.65,1
RIMONE_r1_Im041,0,r1,0,0.68,1
RIMONE_r1_Im042,0,r1,0,0.7,1
RIMONE_r1_Im046,0,r1,0,0.68,1
RIMONE_r1_Im047,0,r1,0,0.74,1
RIMONE_r1_Im050,0,r1,0,0.62,1
RIMONE_r1_Im052,0,r1,0,0.74,1
RIMONE_r1_Im054,0,r1,0,0.64,1
RIMONE_r1_Im055,0,r1,0,0.7,1
RIMONE_r1_Im056,0,r1,0,0.72,1
RIMONE_r1_Im057,0,r1,0,0.76,1
RIMONE_r1_Im058,0,r1,0,0.75,1
RIMONE_r1_Im059,0,r1,0,0.7,1
RIMONE_r1_Im060,0,r1,0,0.77,1
RIMONE_r1_Im061,0,r1,0,0.76,1
RIMONE_r1_Im062,0,r1,0,0.79,1
RIMONE_r1_Im063,0,r1,0,0.8,1
RIMONE_r1_Im071,0,r1,0,0.72,1
RIMONE_r1_Im072,0,r1,0,0.78,1
RIMONE_r1_Im073,0,r1,0,0.77,1
RIMONE_r1_Im080,0,r1,0,0.7,1
RIMONE_r1_Im082,0,r1,0,0.7,1
RIMONE_r1_Im086,0,r1,0,0.72,1
RIMONE_r1_Im087,0,r1,0,0.68,1
RIMONE_r1_Im095,0,r1,0,0.7,1
RIMONE_r1_Im107,0,r1,0,0.68,1
RIMONE_r1_Im108,0,r1,0,0.82,1
RIMONE_r1_Im115,0,r1,0,0.71,1
RIMONE_r1_Im116,0,r1,0,0.8,1
RIMONE_r1_Im119,0,r1,0,0.73,1
RIMONE_r1_Im125,0,r1,0,0.67,1
RIMONE_r1_Im127,0,r1,0,0.76,1
RIMONE_r1_Im128,0,r1,0,0.66,1
RIMONE_r1_Im129,0,r1,0,0.7,1
RIMONE_r1_Im130,0,r1,0,0.76,1
RIMONE_r1_Im131,0,r1,0,0.7,1
RIMONE_r1_Im132,0,r1,0,0.81,1
RIMONE_r1_Im133,0,r1,0,0.79,1
RIMONE_r1_Im136,0,r1,0,0.7,1
RIMONE_r1_Im137,0,r1,0,0.77,1
RIMONE_r1_Im138,0,r1,0,0.69,1
RIMONE_r1_Im142,0,r1,0,0.77,1
RIMONE_r1_Im143,0,r1,0,0.76,1
RIMONE_r1_Im145,0,r1,0,0.73,1
RIMONE_r1_Im146,0,r1,0,0.67,1
RIMONE_r1_Im149,0,r1,0,0.72,1
RIMONE_r1_Im150,0,r1,0,0.66,1
RIMONE_r1_Im151,0,r1,0,0.74,1
RIMONE_r1_Im152,0,r1,0,0.74,1
RIMONE_r1_Im153,0,r1,0,0.78,1
RIMONE_r1_Im154,0,r1,0,0.71,1
RIMONE_r1_Im155,0,r1,0,0.73,1
RIMONE_r1_Im156,0,r1,0,0.74,1
RIMONE_r1_Im159,0,r1,0,0.61,1
RIMONE_r1_Im161,0,r1,0,0.73,1
RIMONE_r1_Im162,0,r1,0,0.73,1
RIMONE_r1_Im163,0,r1,0,0.74,1
RIMONE_r1_Im164,0,r1,0,0.73,1
RIMONE_r1_Im165,0,r1,0,0.65,1
RIMONE_r1_Im166,0,r1,0,0.71,1
RIMONE_r1_Im168,0,r1,0,0.79,1
RIMONE_r1_Im169,0,r1,0,0.75,1
RIMONE_r2_Im001,0,r2,0,0.71,1
RIMONE_r2_Im002,0,r2,0,0.71,1
RIMONE_r2_Im003,0,r2,0,0.66,1
RIMONE_r2_Im004,0,r2,0,0.7,1
RIMONE_r2_Im005,0,r2,0,0.7,1
RIMONE_r2_Im006,0,r2,0,0.69,1
RIMONE_r2_Im007,0,r2,0,0.7,1
RIMONE_r2_Im009,0,r2,0,0.71,1
RIMONE_r2_Im010,0,r2,0,0.68,1
RIMONE_r2_Im011,0,r2,0,0.71,1
RIMONE_r2_Im012,0,r2,0,0.69,1
RIMONE_r2_Im013,0,r2,0,0.68,1
RIMONE_r2_Im014,0,r2,0,0.69,1
RIMONE_r2_Im015,0,r2,0,0.74,1
RIMONE_r2_Im016,0,r2,0,0.76,1
RIMONE_r2_Im017,0,r2,0,0.73,1
RIMONE_r2_Im018,0,r2,0,0.7,1
RIMONE_r2_Im019,0,r2,0,0.7,1
RIMONE_r2_Im020,0,r2,0,0.75,1
RIMONE_r2_Im021,0,r2,0,0.7,1
RIMONE_r2_Im022,0,r2,0,0.77,1
RIMONE_r2_Im023,0,r2,0,0.67,1
RIMONE_r2_Im024,0,r2,0,0.67,1
RIMONE_r2_Im025,0,r2,0,0.75,1
RIMONE_r2_Im026,0,r2,0,0.74,1
RIMONE_r2_Im027,0,r2,0,0.71,1
RIMONE_r2_Im028,0,r2,0,0.78,1
RIMONE_r2_Im029,0,r2,0,0.63,1
RIMONE_r2_Im030,0,r2,0,0.7,1
RIMONE_r2_Im031,0,r2,0,0.66,1
RIMONE_r2_Im032,0,r2,0,0.71,1
RIMONE_r2_Im033,0,r2,0,0.66,1
RIMONE_r2_Im347,0,r2,1,0.54,1
RIMONE_r2_Im348,0,r2,1,0.69,1
RIMONE_r2_Im351,0,r2,1,0.69,1
RIMONE_r2_Im352,0,r2,1,0.68,1
RIMONE_r2_Im354,0,r2,1,0.74,1
RIMONE_r2_Im355,0,r2,1,0.76,1
RIMONE_r2_Im356,0,r2,1,0.69,1
RIMONE_r2_Im357,0,r2,1,0.72,1
RIMONE_r2_Im358,0,r2,1,0.74,1
RIMONE_r2_Im362,0,r2,1,0.71,1
RIMONE_r2_Im365,0,r2,1,0.7,1
RIMONE_r2_Im366,0,r2,1,0.72,1
RIMONE_r2_Im369,0,r2,1,0.65,1
RIMONE_r2_Im373,0,r2,1,0.73,1
RIMONE_r2_Im376,0,r2,1,0.79,1
RIMONE_r2_Im377,0,r2,1,0.72,1
RIMONE_r2_Im383,0,r2,1,0.79,1
RIMONE_r2_Im384,0,r2,1,0.69,1
RIMONE_r2_Im385,0,r2,1,0.71,1
RIMONE_r2_Im387,0,r2,1,0.74,1
RIMONE_r2_Im388,0,r2,1,0.71,1
RIMONE_r2_Im389,0,r2,1,0.71,1
RIMONE_r2_Im390,0,r2,1,0.73,1
RIMONE_r2_Im391,0,r2,1,0.72,1
RIMONE_r2_Im392,0,r2,1,0.69,1
RIMONE_r2_Im393,0,r2,1,0.71,1
RIMONE_r2_Im398,0,r2,1,0.62,1
RIMONE_r2_Im399,0,r2,1,0.63,1
RIMONE_r2_Im400,0,r2,1,0.71,1
RIMONE_r2_Im401,0,r2,1,0.73,1
RIMONE_r2_Im402,0,r2,1,0.65,1
RIMONE_r2_Im403,0,r2,1,0.74,1
RIMONE_r2_Im404,0,r2,1,0.71,1
RIMONE_r2_Im406,0,r2,1,0.75,1
RIMONE_r2_Im407,0,r2,1,0.71,1
RIMONE_r2_Im408,0,r2,1,0.71,1
RIMONE_r2_Im414,0,r2,1,0.73,1
RIMONE_r2_Im415,0,r2,1,0.72,1
RIMONE_r2_Im416,0,r2,1,0.72,1
RIMONE_r2_Im418,0,r2,1,0.71,1
RIMONE_r2_Im419,0,r2,1,0.74,1
RIMONE_r2_Im420,0,r2,1,0.71,1
RIMONE_r2_Im421,0,r2,1,0.76,1
RIMONE_r2_Im422,0,r2,1,0.72,1
RIMONE_r2_Im424,0,r2,1,0.71,1
RIMONE_r2_Im427,0,r2,1,0.66,1
RIMONE_r2_Im428,0,r2,1,0.72,1
RIMONE_r2_Im429,0,r2,1,0.71,1
RIMONE_r2_Im432,0,r2,1,0.65,1
RIMONE_r2_Im433,0,r2,1,0.73,1
RIMONE_r2_Im436,0,r2,1,0.67,1
RIMONE_r2_Im439,0,r2,1,0.73,1
RIMONE_r2_Im441,0,r2,1,0.71,1
RIMONE_r2_Im442,0,r2,1,0.73,1
RIMONE_r2_Im443,0,r2,1,0.76,1
RIMONE_r2_Im444,0,r2,1,0.7,1
RIMONE_r2_Im445,0,r2,1,0.7,1
RIMONE_r2_Im448,0,r2,1,0.75,1
RIMONE_r2_Im449,0,r2,1,0.75,1
RIMONE_r2_Im450,0,r2,1,0.72,1
RIMONE_r2_Im451,0,r2,1,0.73,1
RIMONE_r2_Im453,0,r2,1,0.64,1
RIMONE_r2_Im454,0,r2,1,0.69,1
RIMONE_r2_Im455,0,r2,1,0.74,1
RIMONE_r3_G-1-L_left_half,0,r3,1,0.74,1
RIMONE_r3_G-10-L_left_half,0,r3,1,0.67,1
RIMONE_r3_G-11-R_left_half,0,r3,1,0.6,1
RIMONE_r3_G-12-L_left_half,0,r3,1,0.67,1
RIMONE_r3_G-13-R_left_half,0,r3,1,0.61,1
RIMONE_r3_G-14-R_left_half,0,r3,1,0.73,1
RIMONE_r3_G-15-L_left_half,0,r3,1,0.68,1
RIMONE_r3_G-16-R_left_half,0,r3,1,0.77,1
RIMONE_r3_G-17-L_left_half,0,r3,1,0.69,1
RIMONE_r3_G-18-R_left_half,0,r3,1,0.78,1
RIMONE_r3_G-2-R_left_half,0,r3,1,0.72,1
RIMONE_r3_G-22-L_left_half,0,r3,1,0.57,1
RIMONE_r3_G-23-R_left_half,0,r3,1,0.69,1
RIMONE_r3_G-25-L_left_half,0,r3,1,0.67,1
RIMONE_r3_G-27-R_left_half,0,r3,1,0.71,1
RIMONE_r3_G-29-R_left_half,0,r3,1,0.71,1
RIMONE_r3_G-3-R_left_half,0,r3,1,0.64,1
RIMONE_r3_G-30-L_left_half,0,r3,1,0.7,1
RIMONE_r3_G-31-R_left_half,0,r3,1,0.54,1
RIMONE_r3_G-32-L_left_half,0,r3,1,0.6,1
RIMONE_r3_G-33-R_left_half,0,r3,1,0.78,1
RIMONE_r3_G-34-L_left_half,0,r3,1,0.61,1
RIMONE_r3_G-35-R_left_half,0,r3,1,0.75,1
RIMONE_r3_G-37-R_left_half,0,r3,1,0.73,1
RIMONE_r3_G-38-L_left_half,0,r3,1,0.68,1
RIMONE_r3_G-39-L_left_half,0,r3,1,0.59,1
RIMONE_r3_G-6-L_left_half,0,r3,1,0.7,1
RIMONE_r3_G-8-R_left_half,0,r3,1,0.77,1
RIMONE_r3_G-9-R_left_half,0,r3,1,0.71,1
RIMONE_r3_S-1-L_left_half,0,r3,1,0.7,1
RIMONE_r3_S-10-R_left_half,0,r3,1,0.7,1
RIMONE_r3_S-11-L_left_half,0,r3,1,0.74,1
RIMONE_r3_S-12-L_left_half,0,r3,1,0.75,1
RIMONE_r3_S-13-R_left_half,0,r3,1,0.74,1
RIMONE_r3_S-14-R_left_half,0,r3,1,0.72,1
RIMONE_r3_S-18-L_left_half,0,r3,1,0.76,1
RIMONE_r3_S-19-R_left_half,0,r3,1,0.76,1
RIMONE_r3_S-2-L_left_half,0,r3,1,0.81,1
RIMONE_r3_S-20-L_left_half,0,r3,1,0.76,1
RIMONE_r3_S-21-R_left_half,0,r3,1,0.71,1
RIMONE_r3_S-25-L_left_half,0,r3,1,0.74,1
RIMONE_r3_S-26-R_left_half,0,r3,1,0.73,1
RIMONE_r3_S-28-R_left_half,0,r3,1,0.67,1
RIMONE_r3_S-29-R_left_half,0,r3,1,0.78,1
RIMONE_r3_S-30-L_left_half,0,r3,1,0.81,1
RIMONE_r3_S-31-L_left_half,0,r3,1,0.73,1
RIMONE_r3_S-32-L_left_half,0,r3,1,0.79,1
RIMONE_r3_S-33-R_left_half,0,r3,1,0.73,1
RIMONE_r3_S-35-R_left_half,0,r3,1,0.71,1
RIMONE_r3_S-4-L_left_half,0,r3,1,0.65,1
RIMONE_r3_S-6-R_left_half,0,r3,1,0.46,0
RIMONE_r3_S-9-L_left_half,0,r3,1,0.7,1
RIMONE_r2_Im034,0,r2,0,0.75,1
RIMONE_r2_Im036,0,r2,0,0.78,1
RIMONE_r2_Im038,0,r2,0,0.75,1
RIMONE_r2_Im040,0,r2,0,0.73,1
RIMONE_r2_Im042,0,r2,0,0.72,1
RIMONE_r2_Im044,0,r2,0,0.79,1
RIMONE_r2_Im046,0,r2,0,0.74,1
RIMONE_r2_Im048,0,r2,0,0.74,1
RIMONE_r2_Im050,0,r2,0,0.79,1
RIMONE_r2_Im052,0,r2,0,0.7,1
RIMONE_r2_Im054,0,r2,0,0.75,1
RIMONE_r2_Im056,0,r2,0,0.67,1
RIMONE_r2_Im058,0,r2,0,0.74,1
RIMONE_r2_Im060,0,r2,0,0.77,1
RIMONE_r2_Im062,0,r2,0,0.74,1
RIMONE_r2_Im064,0,r2,0,0.78,1
RIMONE_r2_Im066,0,r2,0,0.66,1
RIMONE_r2_Im068,0,r2,0,0.78,1
RIMONE_r2_Im070,0,r2,0,0.79,1
RIMONE_r2_Im072,0,r2,0,0.73,1
RIMONE_r2_Im074,0,r2,0,0.68,1
RIMONE_r2_Im076,0,r2,0,0.67,1
RIMONE_r2_Im078,0,r2,0,0.78,1
RIMONE_r2_Im080,0,r2,0,0.69,1
RIMONE_r2_Im082,0,r2,0,0.74,1
RIMONE_r2_Im084,0,r2,0,0.69,1
RIMONE_r2_Im086,0,r2,0,0.75,1
RIMONE_r2_Im088,0,r2,0,0.72,1
RIMONE_r2_Im090,0,r2,0,0.79,1
RIMONE_r2_Im092,0,r2,0,0.73,1
RIMONE_r2_Im094,0,r2,0,0.73,1
RIMONE_r2_Im096,0,r2,0,0.75,1
RIMONE_r2_Im098,0,r2,0,0.78,1
RIMONE_r2_Im100,0,r2,0,0.79,1
RIMONE_r2_Im102,0,r2,0,0.71,1
RIMONE_r2_Im104,0,r2,0,0.82,1
RIMONE_r2_Im106,0,r2,0,0.69,1
RIMONE_r2_Im108,0,r2,0,0.77,1
RIMONE_r2_Im110,0,r2,0,0.72,1
RIMONE_r2_Im112,0,r2,0,0.71,1
RIMONE_r2_Im114,0,r2,0,0.73,1
RIMONE_r2_Im116,0,r2,0,0.71,1
RIMONE_r2_Im118,0,r2,0,0.75,1
RIMONE_r2_Im120,0,r2,0,0.79,1
RIMONE_r2_Im122,0,r2,0,0.76,1
RIMONE_r2_Im124,0,r2,0,0.74,1
RIMONE_r2_Im126,0,r2,0,0.6,1
RIMONE_r2_Im128,0,r2,0,0.78,1
RIMONE_r2_Im130,0,r2,0,0.78,1
RIMONE_r2_Im132,0,r2,0,0.79,1
RIMONE_r2_Im134,0,r2,0,0.75,1
RIMONE_r2_Im136,0,r2,0,0.76,1
RIMONE_r2_Im138,0,r2,0,0.68,1
RIMONE_r2_Im140,0,r2,0,0.77,1
RIMONE_r2_Im142,0,r2,0,0.79,1
RIMONE_r2_Im144,0,r2,0,0.71,1
RIMONE_r2_Im146,0,r2,0,0.8,1
RIMONE_r2_Im148,0,r2,0,0.8,1
RIMONE_r2_Im150,0,r2,0,0.78,1
RIMONE_r2_Im152,0,r2,0,0.75,1
RIMONE_r2_Im154,0,r2,0,0.7,1
RIMONE_r2_Im156,0,r2,0,0.79,1
RIMONE_r2_Im158,0,r2,0,0.79,1
RIMONE_r2_Im160,0,r2,0,0.79,1
RIMONE_r2_Im162,0,r2,0,0.7,1
RIMONE_r2_Im164,0,r2,0,0.68,1
RIMONE_r2_Im166,0,r2,0,0.74,1
RIMONE_r2_Im168,0,r2,0,0.65,1
RIMONE_r2_Im170,0,r2,0,0.74,1
RIMONE_r2_Im172,0,r2,0,0.76,1
RIMONE_r2_Im174,0,r2,0,0.71,1
RIMONE_r2_Im176,0,r2,0,0.7,1
RIMONE_r2_Im178,0,r2,0,0.75,1
RIMONE_r2_Im180,0,r2,0,0.69,1
RIMONE_r2_Im182,0,r2,0,0.73,1
RIMONE_r2_Im184,0,r2,0,0.71,1
RIMONE_r2_Im186,0,r2,0,0.77,1
RIMONE_r2_Im188,0,r2,0,0.72,1
RIMONE_r2_Im190,0,r2,0,0.71,1
RIMONE_r2_Im192,0,r2,0,0.82,1
RIMONE_r2_Im194,0,r2,0,0.73,1
RIMONE_r2_Im196,0,r2,0,0.78,1
RIMONE_r2_Im198,0,r2,0,0.77,1
RIMONE_r2_Im200,0,r2,0,0.73,1
RIMONE_r2_Im202,0,r2,0,0.72,1
RIMONE_r2_Im206,0,r2,0,0.79,1
RIMONE_r2_Im208,0,r2,0,0.75,1
RIMONE_r2_Im210,0,r2,0,0.74,1
RIMONE_r2_Im212,0,r2,0,0.77,1
RIMONE_r2_Im214,0,r2,0,0.75,1
RIMONE_r2_Im216,0,r2,0,0.75,1
RIMONE_r2_Im218,0,r2,0,0.74,1
RIMONE_r2_Im220,0,r2,0,0.72,1
RIMONE_r2_Im222,0,r2,0,0.76,1
RIMONE_r2_Im224,0,r2,0,0.84,1
RIMONE_r2_Im226,0,r2,0,0.71,1
RIMONE_r2_Im228,0,r2,0,0.7,1
RIMONE_r2_Im230,0,r2,0,0.54,1
RIMONE_r2_Im232,0,r2,0,0.72,1
RIMONE_r2_Im234,0,r2,0,0.78,1
RIMONE_r2_Im236,0,r2,0,0.76,1
RIMONE_r2_Im238,0,r2,0,0.77,1
RIMONE_r2_Im240,0,r2,0,0.69,1
RIMONE_r2_Im242,0,r2,0,0.79,1
RIMONE_r2_Im244,0,r2,0,0.77,1
RIMONE_r2_Im246,0,r2,0,0.73,1
RIMONE_r2_Im248,0,r2,0,0.74,1
RIMONE_r2_Im250,0,r2,0,0.67,1
RIMONE_r2_Im252,0,r2,0,0.72,1
RIMONE_r2_Im254,0,r2,0,0.77,1
RIMONE_r3_N-1-L_left_half,0,r3,0,0.69,1
RIMONE_r3_N-10-R_left_half,0,r3,0,0.69,1
RIMONE_r3_N-11-L_left_half,0,r3,0,0.63,1
RIMONE_r3_N-12-R_left_half,0,r3,0,0.59,1
RIMONE_r3_N-13-L_left_half,0,r3,0,0.74,1
RIMONE_r3_N-14-R_left_half,0,r3,0,0.76,1
RIMONE_r3_N-16-R_left_half,0,r3,0,0.73,1
RIMONE_r3_N-17-L_left_half,0,r3,0,0.77,1
RIMONE_r3_N-18-R_left_half,0,r3,0,0.78,1
RIMONE_r3_N-2-R_left_half,0,r3,0,0.74,1
RIMONE_r3_N-20-R_left_half,0,r3,0,0.77,1
RIMONE_r3_N-21-L_left_half,0,r3,0,0.6,1
RIMONE_r3_N-22-R_left_half,0,r3,0,0.62,1
RIMONE_r3_N-23-L_left_half,0,r3,0,0.82,1
RIMONE_r3_N-24-R_left_half,0,r3,0,0.67,1
RIMONE_r3_N-25-L_left_half,0,r3,0,0.74,1
RIMONE_r3_N-26-R_left_half,0,r3,0,0.75,1
RIMONE_r3_N-27-L_left_half,0,r3,0,0.79,1
RIMONE_r3_N-28-R_left_half,0,r3,0,0.82,1
RIMONE_r3_N-29-L_left_half,0,r3,0,0.7,1
RIMONE_r3_N-3-L_left_half,0,r3,0,0.81,1
RIMONE_r3_N-30-R_left_half,0,r3,0,0.76,1
RIMONE_r3_N-31-L_left_half,0,r3,0,0.8,1
RIMONE_r3_N-32-R_left_half,0,r3,0,0.78,1
RIMONE_r3_N-33-L_left_half,0,r3,0,0.75,1
RIMONE_r3_N-34-R_left_half,0,r3,0,0.73,1
RIMONE_r3_N-35-L_left_half,0,r3,0,0.74,1
RIMONE_r3_N-36-R_left_half,0,r3,0,0.74,1
RIMONE_r3_N-37-L_left_half,0,r3,0,0.78,1
RIMONE_r3_N-38-R_left_half,0,r3,0,0.6,1
RIMONE_r3_N-39-L_left_half,0,r3,0,0.67,1
RIMONE_r3_N-4-R_left_half,0,r3,0,0.8,1
RIMONE_r3_N-40-R_left_half,0,r3,0,0.71,1
RIMONE_r3_N-41-L_left_half,0,r3,0,0.7,1
RIMONE_r3_N-42-R_left_half,0,r3,0,0.72,1
RIMONE_r3_N-43-L_left_half,0,r3,0,0.77,1
RIMONE_r3_N-44-R_left_half,0,r3,0,0.72,1
RIMONE_r3_N-46-R_left_half,0,r3,0,0.61,1
RIMONE_r3_N-47-L_left_half,0,r3,0,0.78,1
RIMONE_r3_N-48-R_left_half,0,r3,0,0.62,1
RIMONE_r3_N-49-L_left_half,0,r3,0,0.78,1
RIMONE_r3_N-5-L_left_half,0,r3,0,0.76,1
RIMONE_r3_N-50-R_left_half,0,r3,0,0.78,1
RIMONE_r3_N-51-L_left_half,0,r3,0,0.75,1
RIMONE_r3_N-52-R_left_half,0,r3,0,0.74,1
RIMONE_r3_N-53-L_left_half,0,r3,0,0.7,1
RIMONE_r3_N-54-R_left_half,0,r3,0,0.68,1
RIMONE_r3_N-55-L_left_half,0,r3,0,0.73,1
RIMONE_r3_N-56-R_left_half,0,r3,0,0.71,1
RIMONE_r3_N-58-R_left_half,0,r3,0,0.81,1
RIMONE_r3_N-59-L_left_half,0,r3,0,0.72,1
RIMONE_r3_N-6-R_left_half,0,r3,0,0.75,1
RIMONE_r3_N-61-L_left_half,0,r3,0,0.71,1
RIMONE_r3_N-62-R_left_half,0,r3,0,0.6,1
RIMONE_r3_N-63-L_left_half,0,r3,0,0.72,1
RIMONE_r3_N-64-R_left_half,0,r3,0,0.76,1
RIMONE_r3_N-65-L_left_half,0,r3,0,0.74,1
RIMONE_r3_N-66-R_left_half,0,r3,0,0.58,1
RIMONE_r3_N-67-L_left_half,0,r3,0,0.73,1
RIMONE_r3_N-68-R_left_half,0,r3,0,0.7,1
RIMONE_r3_N-69-L_left_half,0,r3,0,0.69,1
RIMONE_r3_N-7-L_left_half,0,r3,0,0.76,1
RIMONE_r3_N-70-R_left_half,0,r3,0,0.75,1
RIMONE_r3_N-71-L_left_half,0,r3,0,0.8,1
RIMONE_r3_N-72-R_left_half,0,r3,0,0.8,1
RIMONE_r3_N-73-R_left_half,0,r3,0,0.74,1
RIMONE_r3_N-74-L_left_half,0,r3,0,0.77,1
RIMONE_r3_N-75-R_left_half,0,r3,0,0.8,1
RIMONE_r3_N-76-R_left_half,0,r3,0,0.72,1
RIMONE_r3_N-78-R_left_half,0,r3,0,0.5,1
RIMONE_r3_N-79-L_left_half,0,r3,0,0.7,1
RIMONE_r3_N-8-L_left_half,0,r3,0,0.76,1
RIMONE_r3_N-80-R_left_half,0,r3,0,0.57,1
RIMONE_r3_N-81-L_left_half,0,r3,0,0.69,1
RIMONE_r3_N-82-R_left_half,0,r3,0,0.71,1
RIMONE_r3_N-83-L_left_half,0,r3,0,0.52,1
RIMONE_r3_N-84-R_left_half,0,r3,0,0.69,1
RIMONE_r3_N-85-L_left_half,0,r3,0,0.73,1
RIMONE_r3_N-86-R_left_half,0,r3,0,0.73,1
RIMONE_r3_N-87-L_left_half,0,r3,0,0.73,1
RIMONE_r3_N-88-R_left_half,0,r3,0,0.76,1
RIMONE_r3_N-9-L_left_half,0,r3,0,0.78,1
RIMONE_r3_N-90-R_left_half,0,r3,0,0.69,1
RIMONE_r3_N-91-L_left_half,0,r3,0,0.73,1
RIMONE_r3_N-92-R_left_half,0,r3,0,0.69,1
RIMONE_r1_Im069,1,r1,1,0.384920634920635,0
RIMONE_r1_Im103,1,r1,1,0.4721944444444446,0
RIMONE_r1_Im113,1,r1,1,0.48195634920634944,0
RIMONE_r1_Im117,1,r1,1,0.42281349206349217,0
RIMONE_r1_Im118,1,r1,1,0.45126587301587334,0
RIMONE_r1_Im120,1,r1,1,0.523168192918193,1
RIMONE_r1_Im121,1,r1,1,0.4282261904761906,0
RIMONE_r1_Im122,1,r1,1,0.3858293650793652,0
RIMONE_r1_Im135,1,r1,1,0.5589166666666668,1
RIMONE_r1_Im144,1,r1,1,0.3850158730158731,0
RIMONE_r1_Im158,1,r1,1,0.5495158730158731,1
RIMONE_r1_Im167,1,r1,1,0.51722557997558,1
RIMONE_r2_Im257,1,r2,1,0.621443722943723,1
RIMONE_r2_Im258,1,r2,1,0.5499459706959707,1
RIMONE_r2_Im260,1,r2,1,0.5499459706959707,1
RIMONE_r2_Im263,1,r2,1,0.5178373015873017,1
RIMONE_r2_Im264,1,r2,1,0.5679523809523811,1
RIMONE_r2_Im266,1,r2,1,0.4847023809523812,0
RIMONE_r2_Im267,1,r2,1,0.6930563603063604,1
RIMONE_r2_Im268,1,r2,1,0.6468896936396936,1
RIMONE_r2_Im269,1,r2,1,0.4857460317460319,0
RIMONE_r2_Im270,1,r2,1,0.43142460317460335,0
RIMONE_r2_Im273,1,r2,1,0.4508849206349208,0
RIMONE_r2_Im275,1,r2,1,0.3930000000000001,0
RIMONE_r2_Im277,1,r2,1,0.5288269230769232,1
RIMONE_r2_Im281,1,r2,1,0.330936507936508,0
RIMONE_r2_Im287,1,r2,1,0.6369040404040404,1
RIMONE_r2_Im288,1,r2,1,0.5054404761904763,1
RIMONE_r2_Im289,1,r2,1,0.4929404761904764,0
RIMONE_r2_Im290,1,r2,1,0.5661483516483518,1
RIMONE_r2_Im291,1,r2,1,0.3832301587301588,0
RIMONE_r2_Im292,1,r2,1,0.5252420634920636,1
RIMONE_r2_Im293,1,r2,1,0.5768182650682651,1
RIMONE_r2_Im294,1,r2,1,0.5919055666555667,1
RIMONE_r2_Im301,1,r2,1,0.5777142857142858,1
RIMONE_r2_Im302,1,r2,1,0.6007380952380954,1
RIMONE_r2_Im303,1,r2,1,0.579202380952381,1
RIMONE_r2_Im305,1,r2,1,0.5777380952380954,1
RIMONE_r2_Im314,1,r2,1,0.56308016983017,1
RIMONE_r2_Im315,1,r2,1,0.5188150183150184,1
RIMONE_r2_Im317,1,r2,1,0.5060650183150185,1
RIMONE_r2_Im318,1,r2,1,0.4816785714285717,0
RIMONE_r2_Im319,1,r2,1,0.4283134920634922,0
RIMONE_r2_Im320,1,r2,1,0.5349459706959707,1
RIMONE_r2_Im321,1,r2,1,0.6608961038961039,1
RIMONE_r2_Im324,1,r2,1,0.6068809523809524,1
RIMONE_r2_Im329,1,r2,1,0.42698015873015893,0
RIMONE_r2_Im330,1,r2,1,0.43555158730158744,0
RIMONE_r2_Im331,1,r2,1,0.5399459706959707,1
RIMONE_r2_Im332,1,r2,1,0.47582692307692326,0
RIMONE_r2_Im333,1,r2,1,0.5661428571428573,1
RIMONE_r2_Im334,1,r2,1,0.5206364468864471,1
RIMONE_r2_Im338,1,r2,1,0.5341126373626375,1
RIMONE_r2_Im339,1,r2,1,0.4954087301587304,0
RIMONE_r2_Im343,1,r2,1,0.5383626373626373,1
RIMONE_r2_Im344,1,r2,1,0.6589199134199134,1
RIMONE_r1_Im001,1,r1,0,0.545029304029304,1
RIMONE_r1_Im003,1,r1,0,0.5387976190476192,1
RIMONE_r1_Im004,1,r1,0,0.40575793650793657,0
RIMONE_r1_Im006,1,r1,0,0.5606071428571431,1
RIMONE_r1_Im008,1,r1,0,0.49958333333333343,0
RIMONE_r1_Im011,1,r1,0,0.4852316849816852,0
RIMONE_r1_Im012,1,r1,0,0.5362554945054946,1
RIMONE_r1_Im014,1,r1,0,0.4987316849816852,0
RIMONE_r1_Im015,1,r1,0,0.48863095238095255,0
RIMONE_r1_Im019,1,r1,0,0.5671277888777889,1
RIMONE_r1_Im020,1,r1,0,0.5061602564102565,1
RIMONE_r1_Im022,1,r1,0,0.43949206349206354,0
RIMONE_r1_Im023,1,r1,0,0.43199206349206354,0
RIMONE_r1_Im024,1,r1,0,0.5059801587301588,1
RIMONE_r1_Im025,1,r1,0,0.5211706349206351,1
RIMONE_r1_Im026,1,r1,0,0.5489578754578756,1
RIMONE_r1_Im027,1,r1,0,0.5416959706959708,1
RIMONE_r1_Im028,1,r1,0,0.379107142857143,0
RIMONE_r1_Im029,1,r1,0,0.35886904761904764,0
RIMONE_r1_Im031,1,r1,0,0.48621825396825413,0
RIMONE_r1_Im032,1,r1,0,0.5002500000000002,1
RIMONE_r1_Im033,1,r1,0,0.5002500000000001,1
RIMONE_r1_Im036,1,r1,0,0.4309087301587302,0
RIMONE_r1_Im037,1,r1,0,0.3746428571428573,0
RIMONE_r1_Im040,1,r1,0,0.44227380952380957,0
RIMONE_r1_Im041,1,r1,0,0.47524358974359,0
RIMONE_r1_Im042,1,r1,0,0.5702111222111224,1
RIMONE_r1_Im046,1,r1,0,0.5251126373626375,1
RIMONE_r1_Im047,1,r1,0,0.49588492063492073,0
RIMONE_r1_Im050,1,r1,0,0.5490372405372407,1
RIMONE_r1_Im052,1,r1,0,0.5282738095238098,1
RIMONE_r1_Im054,1,r1,0,0.5019404761904764,1
RIMONE_r1_Im055,1,r1,0,0.4117341269841271,0
RIMONE_r1_Im056,1,r1,0,0.41273412698412704,0
RIMONE_r1_Im057,1,r1,0,0.5045039682539685,1
RIMONE_r1_Im058,1,r1,0,0.5248928571428573,1
RIMONE_r1_Im059,1,r1,0,0.4966785714285716,0
RIMONE_r1_Im060,1,r1,0,0.42916269841269844,0
RIMONE_r1_Im061,1,r1,0,0.5014697802197803,1
RIMONE_r1_Im062,1,r1,0,0.38309126984126995,0
RIMONE_r1_Im063,1,r1,0,0.4246309523809525,0
RIMONE_r1_Im071,1,r1,0,0.44338492063492074,0
RIMONE_r1_Im072,1,r1,0,0.46848809523809537,0
RIMONE_r1_Im073,1,r1,0,0.4725357142857144,0
RIMONE_r1_Im080,1,r1,0,0.4522811355311356,0
RIMONE_r1_Im082,1,r1,0,0.41561111111111126,0
RIMONE_r1_Im086,1,r1,0,0.5476150793650795,1
RIMONE_r1_Im087,1,r1,0,0.4179517704517706,0
RIMONE_r1_Im095,1,r1,0,0.5563690476190477,1
RIMONE_r1_Im107,1,r1,0,0.4901602564102566,0
RIMONE_r1_Im108,1,r1,0,0.43777380952380957,0
RIMONE_r1_Im115,1,r1,0,0.44082539682539695,0
RIMONE_r1_Im116,1,r1,0,0.436404761904762,0
RIMONE_r1_Im119,1,r1,0,0.5603452380952383,1
RIMONE_r1_Im125,1,r1,0,0.3342539682539683,0
RIMONE_r1_Im127,1,r1,0,0.4233214285714287,0
RIMONE_r1_Im128,1,r1,0,0.5664221611721613,1
RIMONE_r1_Im129,1,r1,0,0.40861111111111126,0
RIMONE_r1_Im130,1,r1,0,0.5319285714285715,1
RIMONE_r1_Im131,1,r1,0,0.38563034188034206,0
RIMONE_r1_Im132,1,r1,0,0.47453571428571445,0
RIMONE_r1_Im133,1,r1,0,0.4284404761904763,0
RIMONE_r1_Im136,1,r1,0,0.5012316849816852,1
RIMONE_r1_Im137,1,r1,0,0.49755952380952384,0
RIMONE_r1_Im138,1,r1,0,0.4087301587301589,0
RIMONE_r1_Im142,1,r1,0,0.4798015873015875,0
RIMONE_r1_Im143,1,r1,0,0.5829880952380954,1
RIMONE_r1_Im145,1,r1,0,0.5961111111111113,1
RIMONE_r1_Im146,1,r1,0,0.5387658730158731,1
RIMONE_r1_Im149,1,r1,0,0.39869444444444463,0
RIMONE_r1_Im150,1,r1,0,0.41460653235653244,0
RIMONE_r1_Im151,1,r1,0,0.4973373015873016,0
RIMONE_r1_Im152,1,r1,0,0.58175,1
RIMONE_r1_Im153,1,r1,0,0.5673452380952382,1
RIMONE_r1_Im154,1,r1,0,0.4042777777777779,0
RIMONE_r1_Im155,1,r1,0,0.5471547619047621,1
RIMONE_r1_Im156,1,r1,0,0.4537777777777779,0
RIMONE_r1_Im159,1,r1,0,0.555184065934066,1
RIMONE_r1_Im161,1,r1,0,0.45490873015873035,0
RIMONE_r1_Im162,1,r1,0,0.5419206349206351,1
RIMONE_r1_Im163,1,r1,0,0.4583611111111112,0
RIMONE_r1_Im164,1,r1,0,0.47001129426129445,0
RIMONE_r1_Im165,1,r1,0,0.34689224664224666,0
RIMONE_r1_Im166,1,r1,0,0.4469087301587303,0
RIMONE_r1_Im168,1,r1,0,0.46103571428571444,0
RIMONE_r1_Im169,1,r1,0,0.40709920634920654,0
RIMONE_r2_Im001,1,r2,0,0.5923809523809525,1
RIMONE_r2_Im002,1,r2,0,0.4940515873015874,0
RIMONE_r2_Im003,1,r2,0,0.5034459706959709,1
RIMONE_r2_Im004,1,r2,0,0.4921547619047621,0
RIMONE_r2_Im005,1,r2,0,0.5436602564102566,1
RIMONE_r2_Im006,1,r2,0,0.4954880952380954,0
RIMONE_r2_Im007,1,r2,0,0.5423864468864469,1
RIMONE_r2_Im009,1,r2,0,0.49810714285714297,0
RIMONE_r2_Im010,1,r2,0,0.5539816849816851,1
RIMONE_r2_Im011,1,r2,0,0.6048961038961039,1
RIMONE_r2_Im012,1,r2,0,0.49465476190476204,0
RIMONE_r2_Im013,1,r2,0,0.5311602564102564,1
RIMONE_r2_Im014,1,r2,0,0.49344597069597085,0
RIMONE_r2_Im015,1,r2,0,0.44682936507936516,0
RIMONE_r2_Im016,1,r2,0,0.4199920634920636,0
RIMONE_r2_Im017,1,r2,0,0.5324697802197803,1
RIMONE_r2_Im018,1,r2,0,0.5924015984015986,1
RIMONE_r2_Im019,1,r2,0,0.4584801587301589,0
RIMONE_r2_Im020,1,r2,0,0.4669960317460318,0
RIMONE_r2_Im021,1,r2,0,0.4922420634920637,0
RIMONE_r2_Im022,1,r2,0,0.5335753968253969,1
RIMONE_r2_Im023,1,r2,0,0.4447420634920637,0
RIMONE_r2_Im024,1,r2,0,0.45564682539682555,0
RIMONE_r2_Im025,1,r2,0,0.4231626984126985,0
RIMONE_r2_Im026,1,r2,0,0.42841269841269847,0
RIMONE_r2_Im027,1,r2,0,0.48856501831501853,0
RIMONE_r2_Im028,1,r2,0,0.43949206349206354,0
RIMONE_r2_Im029,1,r2,0,0.5366324786324789,1
RIMONE_r2_Im030,1,r2,0,0.5383626373626373,1
RIMONE_r2_Im031,1,r2,0,0.5489578754578756,1
RIMONE_r2_Im032,1,r2,0,0.4206468253968254,0
RIMONE_r2_Im033,1,r2,0,0.4851602564102566,0
RIMONE_r2_Im347,1,r2,1,0.6471039793539793,1
RIMONE_r2_Im348,1,r2,1,0.5132078754578756,1
RIMONE_r2_Im351,1,r2,1,0.4975650183150185,0
RIMONE_r2_Im352,1,r2,1,0.45636111111111133,0
RIMONE_r2_Im354,1,r2,1,0.4648134920634922,0
RIMONE_r2_Im355,1,r2,1,0.4646865079365081,0
RIMONE_r2_Im356,1,r2,1,0.48550396825396847,0
RIMONE_r2_Im357,1,r2,1,0.5748928571428573,1
RIMONE_r2_Im358,1,r2,1,0.5530039682539684,1
RIMONE_r2_Im362,1,r2,1,0.48991666666666683,0
RIMONE_r2_Im365,1,r2,1,0.43782936507936526,0
RIMONE_r2_Im366,1,r2,1,0.5107896825396826,1
RIMONE_r2_Im369,1,r2,1,0.5786857864357864,1
RIMONE_r2_Im373,1,r2,1,0.506123015873016,1
RIMONE_r2_Im376,1,r2,1,0.43824206349206357,0
RIMONE_r2_Im377,1,r2,1,0.6359880952380952,1
RIMONE_r2_Im383,1,r2,1,0.4222420634920636,0
RIMONE_r2_Im384,1,r2,1,0.49750396825396836,0
RIMONE_r2_Im385,1,r2,1,0.44494444444444453,0
RIMONE_r2_Im387,1,r2,1,0.5677500000000001,1
RIMONE_r2_Im388,1,r2,1,0.498623015873016,0
RIMONE_r2_Im389,1,r2,1,0.496123015873016,0
RIMONE_r2_Im390,1,r2,1,0.49386111111111125,0
RIMONE_r2_Im391,1,r2,1,0.45464682539682555,0
RIMONE_r2_Im392,1,r2,1,0.49528968253968264,0
RIMONE_r2_Im393,1,r2,1,0.5980039682539683,1
RIMONE_r2_Im398,1,r2,1,0.5038150183150184,1
RIMONE_r2_Im399,1,r2,1,0.5486007326007326,1
RIMONE_r2_Im400,1,r2,1,0.47484920634920647,0
RIMONE_r2_Im401,1,r2,1,0.46957539682539695,0
RIMONE_r2_Im402,1,r2,1,0.3003492063492063,0
RIMONE_r2_Im403,1,r2,1,0.4185198412698414,0
RIMONE_r2_Im404,1,r2,1,0.4906468253968255,0
RIMONE_r2_Im406,1,r2,1,0.40132936507936523,0
RIMONE_r2_Im407,1,r2,1,0.5307078754578756,1
RIMONE_r2_Im408,1,r2,1,0.5047738095238096,1
RIMONE_r2_Im414,1,r2,1,0.5159920634920636,1
RIMONE_r2_Im415,1,r2,1,0.4775515873015874,0
RIMONE_r2_Im416,1,r2,1,0.42371825396825413,0
RIMONE_r2_Im418,1,r2,1,0.44861507936507955,0
RIMONE_r2_Im419,1,r2,1,0.4470277777777778,0
RIMONE_r2_Im420,1,r2,1,0.5097738095238096,1
RIMONE_r2_Im421,1,r2,1,0.4636626984126985,0
RIMONE_r2_Im422,1,r2,1,0.5104325396825398,1
RIMONE_r2_Im424,1,r2,1,0.4308134920634922,0
RIMONE_r2_Im427,1,r2,1,0.4663492063492066,0
RIMONE_r2_Im428,1,r2,1,0.46667063492063504,0
RIMONE_r2_Im429,1,r2,1,0.45871825396825416,0
RIMONE_r2_Im432,1,r2,1,0.5387793040293041,1
RIMONE_r2_Im433,1,r2,1,0.6488246753246752,1
RIMONE_r2_Im436,1,r2,1,0.49772619047619054,0
RIMONE_r2_Im439,1,r2,1,0.4130357142857144,0
RIMONE_r2_Im441,1,r2,1,0.442686507936508,0
RIMONE_r2_Im442,1,r2,1,0.49136111111111125,0
RIMONE_r2_Im443,1,r2,1,0.4945158730158731,0
RIMONE_r2_Im444,1,r2,1,0.4945992063492064,0
RIMONE_r2_Im445,1,r2,1,0.41140079365079374,0
RIMONE_r2_Im448,1,r2,1,0.5685833333333334,1
RIMONE_r2_Im449,1,r2,1,0.5701111111111112,1
RIMONE_r2_Im450,1,r2,1,0.5733214285714286,1
RIMONE_r2_Im451,1,r2,1,0.45719444444444457,0
RIMONE_r2_Im453,1,r2,1,0.558013431013431,1
RIMONE_r2_Im454,1,r2,1,0.5489563492063493,1
RIMONE_r2_Im455,1,r2,1,0.6056904761904762,1
RIMONE_r3_G-1-L_left_half,1,r3,1,0.4169246031746032,0
RIMONE_r3_G-10-L_left_half,1,r3,1,0.6940548340548338,1
RIMONE_r3_G-11-R_left_half,1,r3,1,0.6937730880230879,1
RIMONE_r3_G-12-L_left_half,1,r3,1,0.4441184371184373,0
RIMONE_r3_G-13-R_left_half,1,r3,1,0.682773088023088,1
RIMONE_r3_G-14-R_left_half,1,r3,1,0.4469325396825398,0
RIMONE_r3_G-15-L_left_half,1,r3,1,0.41269444444444453,0
RIMONE_r3_G-16-R_left_half,1,r3,1,0.40913095238095254,0
RIMONE_r3_G-17-L_left_half,1,r3,1,0.4432658730158732,0
RIMONE_r3_G-18-R_left_half,1,r3,1,0.37698015873015883,0
RIMONE_r3_G-2-R_left_half,1,r3,1,0.436777777777778,0
RIMONE_r3_G-22-L_left_half,1,r3,1,0.6801619769119769,1
RIMONE_r3_G-23-R_left_half,1,r3,1,0.5679239926739927,1
RIMONE_r3_G-25-L_left_half,1,r3,1,0.5073922466422468,1
RIMONE_r3_G-27-R_left_half,1,r3,1,0.5844999999999999,1
RIMONE_r3_G-29-R_left_half,1,r3,1,0.43671825396825414,0
RIMONE_r3_G-3-R_left_half,1,r3,1,0.6508008658008657,1
RIMONE_r3_G-30-L_left_half,1,r3,1,0.5817500000000001,1
RIMONE_r3_G-31-R_left_half,1,r3,1,0.5215087412587411,1
RIMONE_r3_G-32-L_left_half,1,r3,1,0.6465253357753356,1
RIMONE_r3_G-33-R_left_half,1,r3,1,0.4397896825396826,0
RIMONE_r3_G-34-L_left_half,1,r3,1,0.49364682539682553,0
RIMONE_r3_G-35-R_left_half,1,r3,1,0.38714285714285723,0
RIMONE_r3_G-37-R_left_half,1,r3,1,0.6055595238095238,1
RIMONE_r3_G-38-L_left_half,1,r3,1,0.47879700854700863,0
RIMONE_r3_G-39-L_left_half,1,r3,1,0.5149444444444444,1
RIMONE_r3_G-6-L_left_half,1,r3,1,0.42228174603174606,0
RIMONE_r3_G-8-R_left_half,1,r3,1,0.4559920634920636,0
RIMONE_r3_G-9-R_left_half,1,r3,1,0.47983730158730153,0
RIMONE_r3_S-1-L_left_half,1,r3,1,0.42349603174603195,0
RIMONE_r3_S-10-R_left_half,1,r3,1,0.6897976190476188,1
RIMONE_r3_S-11-L_left_half,1,r3,1,0.40721825396825406,0
RIMONE_r3_S-12-L_left_half,1,r3,1,0.7065984848484845,1
RIMONE_r3_S-13-R_left_half,1,r3,1,0.5487500000000002,1
RIMONE_r3_S-14-R_left_half,1,r3,1,0.41965873015873034,0
RIMONE_r3_S-18-L_left_half,1,r3,1,0.4009920634920636,0
RIMONE_r3_S-19-R_left_half,1,r3,1,0.41729761904761914,0
RIMONE_r3_S-2-L_left_half,1,r3,1,0.3642023809523811,0
RIMONE_r3_S-20-L_left_half,1,r3,1,0.5540277777777779,1
RIMONE_r3_S-21-R_left_half,1,r3,1,0.5681626984126985,1
RIMONE_r3_S-25-L_left_half,1,r3,1,0.6664285714285713,1
RIMONE_r3_S-26-R_left_half,1,r3,1,0.5880833333333334,1
RIMONE_r3_S-28-R_left_half,1,r3,1,0.5192970085470087,1
RIMONE_r3_S-29-R_left_half,1,r3,1,0.4264642857142858,0
RIMONE_r3_S-30-L_left_half,1,r3,1,0.4282261904761906,0
RIMONE_r3_S-31-L_left_half,1,r3,1,0.3738809523809525,0
RIMONE_r3_S-32-L_left_half,1,r3,1,0.3691428571428573,0
RIMONE_r3_S-33-R_left_half,1,r3,1,0.4089642857142858,0
RIMONE_r3_S-35-R_left_half,1,r3,1,0.5706785714285715,1
RIMONE_r3_S-4-L_left_half,1,r3,1,0.5994563492063492,1
RIMONE_r3_S-6-R_left_half,1,r3,1,0.6697984237984237,1
RIMONE_r3_S-9-L_left_half,1,r3,1,0.6308452380952378,1
RIMONE_r2_Im034,1,r2,0,0.4331626984126985,0
RIMONE_r2_Im036,1,r2,0,0.42824206349206356,0
RIMONE_r2_Im038,1,r2,0,0.4361587301587303,0
RIMONE_r2_Im040,1,r2,0,0.4208611111111113,0
RIMONE_r2_Im042,1,r2,0,0.45828174603174615,0
RIMONE_r2_Im044,1,r2,0,0.4624087301587303,0
RIMONE_r2_Im046,1,r2,0,0.45688492063492075,0
RIMONE_r2_Im048,1,r2,0,0.5011944444444445,1
RIMONE_r2_Im050,1,r2,0,0.43538492063492074,0
RIMONE_r2_Im052,1,r2,0,0.3994960317460319,0
RIMONE_r2_Im054,1,r2,0,0.36542460317460335,0
RIMONE_r2_Im056,1,r2,0,0.45201587301587326,0
RIMONE_r2_Im058,1,r2,0,0.5305595238095239,1
RIMONE_r2_Im060,1,r2,0,0.4322420634920636,0
RIMONE_r2_Im062,1,r2,0,0.4442341269841271,0
RIMONE_r2_Im064,1,r2,0,0.4215753968253969,0
RIMONE_r2_Im066,1,r2,0,0.42752777777777806,0
RIMONE_r2_Im068,1,r2,0,0.4467341269841271,0
RIMONE_r2_Im070,1,r2,0,0.43538492063492074,0
RIMONE_r2_Im072,1,r2,0,0.41916269841269854,0
RIMONE_r2_Im074,1,r2,0,0.4864166666666669,0
RIMONE_r2_Im076,1,r2,0,0.450138888888889,0
RIMONE_r2_Im078,1,r2,0,0.4215753968253969,0
RIMONE_r2_Im080,1,r2,0,0.4389007936507937,0
RIMONE_r2_Im082,1,r2,0,0.4831468253968256,0
RIMONE_r2_Im084,1,r2,0,0.5029563492063494,1
RIMONE_r2_Im086,1,r2,0,0.4219920634920636,0
RIMONE_r2_Im088,1,r2,0,0.4592182539682541,0
RIMONE_r2_Im090,1,r2,0,0.36383730158730165,0
RIMONE_r2_Im092,1,r2,0,0.4596031746031747,0
RIMONE_r2_Im094,1,r2,0,0.3926944444444446,0
RIMONE_r2_Im096,1,r2,0,0.4361587301587303,0
RIMONE_r2_Im098,1,r2,0,0.42193253968253974,0
RIMONE_r2_Im100,1,r2,0,0.38114682539682554,0
RIMONE_r2_Im102,1,r2,0,0.49710714285714297,0
RIMONE_r2_Im104,1,r2,0,0.4284404761904763,0
RIMONE_r2_Im106,1,r2,0,0.41782936507936536,0
RIMONE_r2_Im108,1,r2,0,0.44138492063492074,0
RIMONE_r2_Im110,1,r2,0,0.45090079365079383,0
RIMONE_r2_Im112,1,r2,0,0.5309221611721613,1
RIMONE_r2_Im114,1,r2,0,0.5229920634920635,1
RIMONE_r2_Im116,1,r2,0,0.48005952380952394,0
RIMONE_r2_Im118,1,r2,0,0.44840079365079377,0
RIMONE_r2_Im120,1,r2,0,0.4315753968253969,0
RIMONE_r2_Im122,1,r2,0,0.44582539682539696,0
RIMONE_r2_Im124,1,r2,0,0.3823293650793652,0
RIMONE_r2_Im126,1,r2,0,0.5222078754578756,1
RIMONE_r2_Im128,1,r2,0,0.42349206349206364,0
RIMONE_r2_Im130,1,r2,0,0.4317142857142858,0
RIMONE_r2_Im132,1,r2,0,0.43282539682539695,0
RIMONE_r2_Im134,1,r2,0,0.504686507936508,1
RIMONE_r2_Im136,1,r2,0,0.4331626984126985,0
RIMONE_r2_Im138,1,r2,0,0.4483611111111112,0
RIMONE_r2_Im140,1,r2,0,0.3752539682539684,0
RIMONE_r2_Im142,1,r2,0,0.43129761904761915,0
RIMONE_r2_Im144,1,r2,0,0.4858849206349208,0
RIMONE_r2_Im146,1,r2,0,0.46951190476190496,0
RIMONE_r2_Im148,1,r2,0,0.43538492063492074,0
RIMONE_r2_Im150,1,r2,0,0.42824206349206356,0
RIMONE_r2_Im152,1,r2,0,0.4150476190476191,0
RIMONE_r2_Im154,1,r2,0,0.44890079365079383,0
RIMONE_r2_Im156,1,r2,0,0.4315753968253969,0
RIMONE_r2_Im158,1,r2,0,0.43538492063492074,0
RIMONE_r2_Im160,1,r2,0,0.4315753968253969,0
RIMONE_r2_Im162,1,r2,0,0.40447222222222246,0
RIMONE_r2_Im164,1,r2,0,0.474027777777778,0
RIMONE_r2_Im166,1,r2,0,0.5349166666666667,1
RIMONE_r2_Im168,1,r2,0,0.5224459706959708,1
RIMONE_r2_Im170,1,r2,0,0.4575674603174605,0
RIMONE_r2_Im172,1,r2,0,0.4332341269841271,0
RIMONE_r2_Im174,1,r2,0,0.5229920634920635,1
RIMONE_r2_Im176,1,r2,0,0.42037301587301606,0
RIMONE_r2_Im178,1,r2,0,0.4425674603174604,0
RIMONE_r2_Im180,1,r2,0,0.40590079365079373,0
RIMONE_r2_Im182,1,r2,0,0.48728968253968274,0
RIMONE_r2_Im184,1,r2,0,0.4767182539682541,0
RIMONE_r2_Im186,1,r2,0,0.43240873015873027,0
RIMONE_r2_Im188,1,r2,0,0.4265396825396827,0
RIMONE_r2_Im190,1,r2,0,0.5254221611721612,1
RIMONE_r2_Im192,1,r2,0,0.43594047619047627,0
RIMONE_r2_Im194,1,r2,0,0.4294801587301588,0
RIMONE_r2_Im196,1,r2,0,0.43824206349206357,0
RIMONE_r2_Im198,1,r2,0,0.43199206349206354,0
RIMONE_r2_Im200,1,r2,0,0.4354444444444446,0
RIMONE_r2_Im202,1,r2,0,0.47635317460317483,0
RIMONE_r2_Im206,1,r2,0,0.389075396825397,0
RIMONE_r2_Im208,1,r2,0,0.4381626984126985,0
RIMONE_r2_Im210,1,r2,0,0.41716269841269843,0
RIMONE_r2_Im212,1,r2,0,0.43199206349206354,0
RIMONE_r2_Im214,1,r2,0,0.5159697802197803,1
RIMONE_r2_Im216,1,r2,0,0.4219920634920636,0
RIMONE_r2_Im218,1,r2,0,0.5475119047619049,1
RIMONE_r2_Im220,1,r2,0,0.46494444444444455,0
RIMONE_r2_Im222,1,r2,0,0.3750873015873017,0
RIMONE_r2_Im224,1,r2,0,0.46677380952380965,0
RIMONE_r2_Im226,1,r2,0,0.4811230158730161,0
RIMONE_r2_Im228,1,r2,0,0.5042896825396826,1
RIMONE_r2_Im230,1,r2,0,0.5493150183150184,1
RIMONE_r2_Im232,1,r2,0,0.39894444444444466,0
RIMONE_r2_Im234,1,r2,0,0.4425674603174604,0
RIMONE_r2_Im236,1,r2,0,0.5094166666666667,1
RIMONE_r2_Im238,1,r2,0,0.4253849206349207,0
RIMONE_r2_Im240,1,r2,0,0.48229761904761914,0
RIMONE_r2_Im242,1,r2,0,0.41332936507936524,0
RIMONE_r2_Im244,1,r2,0,0.43282539682539695,0
RIMONE_r2_Im246,1,r2,0,0.44877777777777794,0
RIMONE_r2_Im248,1,r2,0,0.4234087301587302,0
RIMONE_r2_Im250,1,r2,0,0.5180650183150185,1
RIMONE_r2_Im252,1,r2,0,0.45907539682539694,0
RIMONE_r2_Im254,1,r2,0,0.43538492063492074,0
RIMONE_r3_N-1-L_left_half,1,r3,0,0.4149801587301588,0
RIMONE_r3_N-10-R_left_half,1,r3,0,0.5392341269841271,1
RIMONE_r3_N-11-L_left_half,1,r3,0,0.5275650183150185,1
RIMONE_r3_N-12-R_left_half,1,r3,0,0.5572579365079365,1
RIMONE_r3_N-13-L_left_half,1,r3,0,0.635702380952381,1
RIMONE_r3_N-14-R_left_half,1,r3,0,0.39388095238095244,0
RIMONE_r3_N-16-R_left_half,1,r3,0,0.4081309523809525,0
RIMONE_r3_N-17-L_left_half,1,r3,0,0.4930158730158732,0
RIMONE_r3_N-18-R_left_half,1,r3,0,0.43155952380952395,0
RIMONE_r3_N-2-R_left_half,1,r3,0,0.5693055555555556,1
RIMONE_r3_N-20-R_left_half,1,r3,0,0.42114285714285726,0
RIMONE_r3_N-21-L_left_half,1,r3,0,0.6439333444333443,1
RIMONE_r3_N-22-R_left_half,1,r3,0,0.5722587412587412,1
RIMONE_r3_N-23-L_left_half,1,r3,0,0.3523214285714287,0
RIMONE_r3_N-24-R_left_half,1,r3,0,0.558886446886447,1
RIMONE_r3_N-25-L_left_half,1,r3,0,0.4345198412698414,0
RIMONE_r3_N-26-R_left_half,1,r3,0,0.3702142857142859,0
RIMONE_r3_N-27-L_left_half,1,r3,0,0.3791428571428572,0
RIMONE_r3_N-28-R_left_half,1,r3,0,0.4111428571428572,0
RIMONE_r3_N-29-L_left_half,1,r3,0,0.41071031746031766,0
RIMONE_r3_N-3-L_left_half,1,r3,0,0.44644047619047633,0
RIMONE_r3_N-30-R_left_half,1,r3,0,0.5134246031746033,1
RIMONE_r3_N-31-L_left_half,1,r3,0,0.4390595238095239,0
RIMONE_r3_N-32-R_left_half,1,r3,0,0.38315476190476194,0
RIMONE_r3_N-33-L_left_half,1,r3,0,0.4220039682539683,0
RIMONE_r3_N-34-R_left_half,1,r3,0,0.44688034188034204,0
RIMONE_r3_N-35-L_left_half,1,r3,0,0.4468803418803419,0
RIMONE_r3_N-36-R_left_half,1,r3,0,0.40783730158730164,0
RIMONE_r3_N-37-L_left_half,1,r3,0,0.5580119047619048,1
RIMONE_r3_N-38-R_left_half,1,r3,0,0.5640173992673994,1
RIMONE_r3_N-39-L_left_half,1,r3,0,0.44036843711843743,0
RIMONE_r3_N-4-R_left_half,1,r3,0,0.4347738095238096,0
RIMONE_r3_N-40-R_left_half,1,r3,0,0.4122777777777779,0
RIMONE_r3_N-41-L_left_half,1,r3,0,0.39789224664224676,0
RIMONE_r3_N-42-R_left_half,1,r3,0,0.445059523809524,0
RIMONE_r3_N-43-L_left_half,1,r3,0,0.47464682539682557,0
RIMONE_r3_N-44-R_left_half,1,r3,0,0.5585833333333334,1
RIMONE_r3_N-46-R_left_half,1,r3,0,0.46962057387057415,0
RIMONE_r3_N-47-L_left_half,1,r3,0,0.41446428571428584,0
RIMONE_r3_N-48-R_left_half,1,r3,0,0.6188214285714286,1
RIMONE_r3_N-49-L_left_half,1,r3,0,0.44588492063492075,0
RIMONE_r3_N-5-L_left_half,1,r3,0,0.43282539682539695,0
RIMONE_r3_N-50-R_left_half,1,r3,0,0.4431071428571429,0
RIMONE_r3_N-51-L_left_half,1,r3,0,0.6902579365079362,1
RIMONE_r3_N-52-R_left_half,1,r3,0,0.6253650793650793,1
RIMONE_r3_N-53-L_left_half,1,r3,0,0.4466706349206351,0
RIMONE_r3_N-54-R_left_half,1,r3,0,0.43481349206349224,0
RIMONE_r3_N-55-L_left_half,1,r3,0,0.461880341880342,0
RIMONE_r3_N-56-R_left_half,1,r3,0,0.5171303418803419,1
RIMONE_r3_N-58-R_left_half,1,r3,0,0.3852738095238097,0
RIMONE_r3_N-59-L_left_half,1,r3,0,0.5691785714285715,1
RIMONE_r3_N-6-R_left_half,1,r3,0,0.5137261904761905,1
RIMONE_r3_N-61-L_left_half,1,r3,0,0.6338928571428571,1
RIMONE_r3_N-62-R_left_half,1,r3,0,0.6116086691086688,1
RIMONE_r3_N-63-L_left_half,1,r3,0,0.4474087301587303,0
RIMONE_r3_N-64-R_left_half,1,r3,0,0.3829761904761906,0
RIMONE_r3_N-65-L_left_half,1,r3,0,0.5238373015873017,1
RIMONE_r3_N-66-R_left_half,1,r3,0,0.5479935897435897,1
RIMONE_r3_N-67-L_left_half,1,r3,0,0.546686507936508,1
RIMONE_r3_N-68-R_left_half,1,r3,0,0.5415873015873017,1
RIMONE_r3_N-69-L_left_half,1,r3,0,0.5158922466422468,1
RIMONE_r3_N-7-L_left_half,1,r3,0,0.4133928571428572,0
RIMONE_r3_N-70-R_left_half,1,r3,0,0.4732500000000001,0
RIMONE_r3_N-71-L_left_half,1,r3,0,0.5839880952380954,1
RIMONE_r3_N-72-R_left_half,1,r3,0,0.3699761904761906,0
RIMONE_r3_N-73-R_left_half,1,r3,0,0.5028928571428571,1
RIMONE_r3_N-74-L_left_half,1,r3,0,0.3889880952380953,0
RIMONE_r3_N-75-R_left_half,1,r3,0,0.37672619047619066,0
RIMONE_r3_N-76-R_left_half,1,r3,0,0.4190158730158731,0
RIMONE_r3_N-78-R_left_half,1,r3,0,0.6923103285603286,1
RIMONE_r3_N-79-L_left_half,1,r3,0,0.362138888888889,0
RIMONE_r3_N-8-L_left_half,1,r3,0,0.41621825396825407,0
RIMONE_r3_N-80-R_left_half,1,r3,0,0.6344102564102565,1
RIMONE_r3_N-81-L_left_half,1,r3,0,0.43815873015873036,0
RIMONE_r3_N-82-R_left_half,1,r3,0,0.5288922466422467,1
RIMONE_r3_N-83-L_left_half,1,r3,0,0.41738827838827836,0
RIMONE_r3_N-84-R_left_half,1,r3,0,0.49065415140415153,0
RIMONE_r3_N-85-L_left_half,1,r3,0,0.44502777777777786,0
RIMONE_r3_N-86-R_left_half,1,r3,0,0.44171825396825404,0
RIMONE_r3_N-87-L_left_half,1,r3,0,0.4767222222222223,0
RIMONE_r3_N-88-R_left_half,1,r3,0,0.46477380952380964,0
RIMONE_r3_N-9-L_left_half,1,r3,0,0.3749960317460318,0
RIMONE_r3_N-90-R_left_half,1,r3,0,0.45102777777777797,0
RIMONE_r3_N-91-L_left_half,1,r3,0,0.4608730158730161,0
RIMONE_r3_N-92-R_left_half,1,r3,0,0.4614444444444446,0
RIMONE_r1_Im069,2,r1,1,0.27671139971139974,0
RIMONE_r1_Im103,2,r1,1,0.4442902236652238,0
RIMONE_r1_Im113,2,r1,1,0.422603354978355,0
RIMONE_r1_Im117,2,r1,1,0.39299458874458876,0
RIMONE_r1_Im118,2,r1,1,0.41623634698634715,0
RIMONE_r1_Im120,2,r1,1,0.49948346098346114,0
RIMONE_r1_Im121,2,r1,1,0.3621895743145743,0
RIMONE_r1_Im122,2,r1,1,0.29466251803751814,0
RIMONE_r1_Im135,2,r1,1,0.5024775086025088,1
RIMONE_r1_Im144,2,r1,1,0.3315454545454546,0
RIMONE_r1_Im158,2,r1,1,0.49113515651015666,0
RIMONE_r1_Im167,2,r1,1,0.5026292041292043,1
RIMONE_r2_Im257,2,r2,1,0.5642889610389611,1
RIMONE_r2_Im258,2,r2,1,0.4066112914862916,0
RIMONE_r2_Im260,2,r2,1,0.40319462481962487,0
RIMONE_r2_Im263,2,r2,1,0.42783243145743155,0
RIMONE_r2_Im264,2,r2,1,0.47433946608946603,0
RIMONE_r2_Im266,2,r2,1,0.32568867243867244,0
RIMONE_r2_Im267,2,r2,1,0.6747367077367078,1
RIMONE_r2_Im268,2,r2,1,0.5595783383283385,1
RIMONE_r2_Im269,2,r2,1,0.2906484487734488,0
RIMONE_r2_Im270,2,r2,1,0.28944606782106785,0
RIMONE_r2_Im273,2,r2,1,0.3078872655122656,0
RIMONE_r2_Im275,2,r2,1,0.3122756132756133,0
RIMONE_r2_Im277,2,r2,1,0.41111129148629155,0
RIMONE_r2_Im281,2,r2,1,0.2796347402597403,0
RIMONE_r2_Im287,2,r2,1,0.5390806277056278,1
RIMONE_r2_Im288,2,r2,1,0.32925234487734495,0
RIMONE_r2_Im289,2,r2,1,0.32686327561327566,0
RIMONE_r2_Im290,2,r2,1,0.38219462481962496,0
RIMONE_r2_Im291,2,r2,1,0.27755862193362196,0
RIMONE_r2_Im292,2,r2,1,0.4257260101010102,0
RIMONE_r2_Im293,2,r2,1,0.4501917388167389,0
RIMONE_r2_Im294,2,r2,1,0.49275690975690994,0
RIMONE_r2_Im301,2,r2,1,0.4702958152958153,0
RIMONE_r2_Im302,2,r2,1,0.46649621212121223,0
RIMONE_r2_Im303,2,r2,1,0.47265692640692647,0
RIMONE_r2_Im305,2,r2,1,0.44449224386724395,0
RIMONE_r2_Im314,2,r2,1,0.3876946248196249,0
RIMONE_r2_Im315,2,r2,1,0.4099922438672439,0
RIMONE_r2_Im317,2,r2,1,0.39902795815295833,0
RIMONE_r2_Im318,2,r2,1,0.3618037518037518,0
RIMONE_r2_Im319,2,r2,1,0.303972582972583,0
RIMONE_r2_Im320,2,r2,1,0.40727795815295825,0
RIMONE_r2_Im321,2,r2,1,0.5154338023088024,1
RIMONE_r2_Im324,2,r2,1,0.47552597402597413,0
RIMONE_r2_Im329,2,r2,1,0.3188212481962482,0
RIMONE_r2_Im330,2,r2,1,0.2975983044733045,0
RIMONE_r2_Im331,2,r2,1,0.40313906926406934,0
RIMONE_r2_Im332,2,r2,1,0.3859267676767677,0
RIMONE_r2_Im333,2,r2,1,0.4429783549783551,0
RIMONE_r2_Im334,2,r2,1,0.40858351370851376,0
RIMONE_r2_Im338,2,r2,1,0.4079446248196249,0
RIMONE_r2_Im339,2,r2,1,0.3543416305916306,0
RIMONE_r2_Im343,2,r2,1,0.39611129148629154,0
RIMONE_r2_Im344,2,r2,1,0.5037195165945166,1
RIMONE_r1_Im001,2,r1,0,0.3982779581529583,0
RIMONE_r1_Im003,2,r1,0,0.3517736291486292,0
RIMONE_r1_Im004,2,r1,0,0.2980970418470419,0
RIMONE_r1_Im006,2,r1,0,0.5030928932178934,1
RIMONE_r1_Im008,2,r1,0,0.33879202741702746,0
RIMONE_r1_Im011,2,r1,0,0.37102398989898994,0
RIMONE_r1_Im012,2,r1,0,0.4161668470418471,0
RIMONE_r1_Im014,2,r1,0,0.3745239898989899,0
RIMONE_r1_Im015,2,r1,0,0.393807178932179,0
RIMONE_r1_Im019,2,r1,0,0.41428499278499287,0
RIMONE_r1_Im020,2,r1,0,0.38686129148629156,0
RIMONE_r1_Im022,2,r1,0,0.30102687590187593,0
RIMONE_r1_Im023,2,r1,0,0.30102687590187593,0
RIMONE_r1_Im024,2,r1,0,0.3872974386724387,0
RIMONE_r1_Im025,2,r1,0,0.3706287878787879,0
RIMONE_r1_Im026,2,r1,0,0.4441807359307361,0
RIMONE_r1_Im027,2,r1,0,0.4028612914862916,0
RIMONE_r1_Im028,2,r1,0,0.29773196248196254,0
RIMONE_r1_Im029,2,r1,0,0.2953450577200578,0
RIMONE_r1_Im031,2,r1,0,0.3525553751803753,0
RIMONE_r1_Im032,2,r1,0,0.34289321789321797,0
RIMONE_r1_Im033,2,r1,0,0.3442503607503608,0
RIMONE_r1_Im036,2,r1,0,0.34565782828282826,0
RIMONE_r1_Im037,2,r1,0,0.3149098124098124,0
RIMONE_r1_Im040,2,r1,0,0.32936147186147197,0
RIMONE_r1_Im041,2,r1,0,0.3720795454545456,0
RIMONE_r1_Im042,2,r1,0,0.3968791486291488,0
RIMONE_r1_Im046,2,r1,0,0.40040295815295823,0
RIMONE_r1_Im047,2,r1,0,0.32029797979797986,0
RIMONE_r1_Im050,2,r1,0,0.4802711593961596,0
RIMONE_r1_Im052,2,r1,0,0.38507305194805197,0
RIMONE_r1_Im054,2,r1,0,0.3388892496392497,0
RIMONE_r1_Im055,2,r1,0,0.2970613275613276,0
RIMONE_r1_Im056,2,r1,0,0.29040061327561334,0
RIMONE_r1_Im057,2,r1,0,0.37278751803751803,0
RIMONE_r1_Im058,2,r1,0,0.3884224386724386,0
RIMONE_r1_Im059,2,r1,0,0.36263708513708515,0
RIMONE_r1_Im060,2,r1,0,0.2952371933621934,0
RIMONE_r1_Im061,2,r1,0,0.4019599567099567,0
RIMONE_r1_Im062,2,r1,0,0.28738870851370857,0
RIMONE_r1_Im063,2,r1,0,0.30102687590187593,0
RIMONE_r1_Im071,2,r1,0,0.3503757215007215,0
RIMONE_r1_Im072,2,r1,0,0.46428950216450227,0
RIMONE_r1_Im073,2,r1,0,0.4184283910533911,0
RIMONE_r1_Im080,2,r1,0,0.48189615939615954,0
RIMONE_r1_Im082,2,r1,0,0.3525959595959597,0
RIMONE_r1_Im086,2,r1,0,0.5131005244755247,1
RIMONE_r1_Im087,2,r1,0,0.38357184482184487,0
RIMONE_r1_Im095,2,r1,0,0.48612433399933425,0
RIMONE_r1_Im107,2,r1,0,0.49836242923742946,0
RIMONE_r1_Im108,2,r1,0,0.3885979437229436,0
RIMONE_r1_Im115,2,r1,0,0.39002236652236655,0
RIMONE_r1_Im116,2,r1,0,0.3064442640692641,0
RIMONE_r1_Im119,2,r1,0,0.5693921911421913,1
RIMONE_r1_Im125,2,r1,0,0.35609090909090924,0
RIMONE_r1_Im127,2,r1,0,0.3090811688311689,0
RIMONE_r1_Im128,2,r1,0,0.5336937784437786,1
RIMONE_r1_Im129,2,r1,0,0.3994170829170831,0
RIMONE_r1_Im130,2,r1,0,0.5039497308247308,1
RIMONE_r1_Im131,2,r1,0,0.3658102453102454,0
RIMONE_r1_Im132,2,r1,0,0.37716906704406705,0
RIMONE_r1_Im133,2,r1,0,0.30816648629148635,0
RIMONE_r1_Im136,2,r1,0,0.48506372793872804,0
RIMONE_r1_Im137,2,r1,0,0.45168475968475974,0
RIMONE_r1_Im138,2,r1,0,0.39768524531024546,0
RIMONE_r1_Im142,2,r1,0,0.46473634698634714,0
RIMONE_r1_Im143,2,r1,0,0.5615826673326675,1
RIMONE_r1_Im145,2,r1,0,0.5181768231768233,1
RIMONE_r1_Im146,2,r1,0,0.49664904539904564,0
RIMONE_r1_Im149,2,r1,0,0.35307215007215015,0
RIMONE_r1_Im150,2,r1,0,0.43010539460539476,0
RIMONE_r1_Im151,2,r1,0,0.4704565850815852,0
RIMONE_r1_Im152,2,r1,0,0.5542850482850483,1
RIMONE_r1_Im153,2,r1,0,0.5315092546342548,1
RIMONE_r1_Im154,2,r1,0,0.4102958707958709,0
RIMONE_r1_Im155,2,r1,0,0.4773894300144302,0
RIMONE_r1_Im156,2,r1,0,0.3746971500721501,0
RIMONE_r1_Im159,2,r1,0,0.5021660006660009,1
RIMONE_r1_Im161,2,r1,0,0.39380411255411263,0
RIMONE_r1_Im162,2,r1,0,0.47846848984349,0
RIMONE_r1_Im163,2,r1,0,0.3436138167388168,0
RIMONE_r1_Im164,2,r1,0,0.43638714063714085,0
RIMONE_r1_Im165,2,r1,0,0.35015548340548347,0
RIMONE_r1_Im166,2,r1,0,0.3742388167388168,0
RIMONE_r1_Im168,2,r1,0,0.4115214646464647,0
RIMONE_r1_Im169,2,r1,0,0.3239799783549784,0
RIMONE_r2_Im001,2,r2,0,0.4725180375180376,0
RIMONE_r2_Im002,2,r2,0,0.32639520202020217,0
RIMONE_r2_Im003,2,r2,0,0.3409704184704186,0
RIMONE_r2_Im004,2,r2,0,0.3595180375180375,0
RIMONE_r2_Im005,2,r2,0,0.4057918470418471,0
RIMONE_r2_Im006,2,r2,0,0.3638037518037518,0
RIMONE_r2_Im007,2,r2,0,0.41173629148629154,0
RIMONE_r2_Im009,2,r2,0,0.3207106782106782,0
RIMONE_r2_Im010,2,r2,0,0.38235930735930745,0
RIMONE_r2_Im011,2,r2,0,0.46155176767676775,0
RIMONE_r2_Im012,2,r2,0,0.3451392496392498,0
RIMONE_r2_Im013,2,r2,0,0.3824446248196249,0
RIMONE_r2_Im014,2,r2,0,0.3860656565656566,0
RIMONE_r2_Im015,2,r2,0,0.3025856782106783,0
RIMONE_r2_Im016,2,r2,0,0.2910685425685426,0
RIMONE_r2_Im017,2,r2,0,0.4085696248196249,0
RIMONE_r2_Im018,2,r2,0,0.42067189754689766,0
RIMONE_r2_Im019,2,r2,0,0.3387362914862916,0
RIMONE_r2_Im020,2,r2,0,0.31266901154401155,0
RIMONE_r2_Im021,2,r2,0,0.35060353535353544,0
RIMONE_r2_Im022,2,r2,0,0.41529743867243873,0
RIMONE_r2_Im023,2,r2,0,0.29452398989899,0
RIMONE_r2_Im024,2,r2,0,0.3369208152958153,0
RIMONE_r2_Im025,2,r2,0,0.2848205266955267,0
RIMONE_r2_Im026,2,r2,0,0.28957052669552674,0
RIMONE_r2_Im027,2,r2,0,0.38039898989898996,0
RIMONE_r2_Im028,2,r2,0,0.2993602092352093,0
RIMONE_r2_Im029,2,r2,0,0.4393295454545456,0
RIMONE_r2_Im030,2,r2,0,0.39994462481962495,0
RIMONE_r2_Im031,2,r2,0,0.4330557359307361,0
RIMONE_r2_Im032,2,r2,0,0.307722582972583,0
RIMONE_r2_Im033,2,r2,0,0.3531410533910535,0
RIMONE_r2_Im347,2,r2,1,0.45742687867687853,0
RIMONE_r2_Im348,2,r2,1,0.3880914502164503,0
RIMONE_r2_Im351,2,r2,1,0.40502398989898986,0
RIMONE_r2_Im352,2,r2,1,0.3756985930735931,0
RIMONE_r2_Im354,2,r2,1,0.3633297258297259,0
RIMONE_r2_Im355,2,r2,1,0.37693831168831177,0
RIMONE_r2_Im356,2,r2,1,0.35376226551226553,0
RIMONE_r2_Im357,2,r2,1,0.4634128787878788,0
RIMONE_r2_Im358,2,r2,1,0.46564195526695523,0
RIMONE_r2_Im362,2,r2,1,0.35624765512265527,0
RIMONE_r2_Im365,2,r2,1,0.312690836940837,0
RIMONE_r2_Im366,2,r2,1,0.4200755772005773,0
RIMONE_r2_Im369,2,r2,1,0.46604292929292945,0
RIMONE_r2_Im373,2,r2,1,0.43823719336219347,0
RIMONE_r2_Im376,2,r2,1,0.2905268759018759,0
RIMONE_r2_Im377,2,r2,1,0.4885270562770562,0
RIMONE_r2_Im383,2,r2,1,0.28911020923520925,0
RIMONE_r2_Im384,2,r2,1,0.4440878427128429,0
RIMONE_r2_Im385,2,r2,1,0.3925914502164504,0
RIMONE_r2_Im387,2,r2,1,0.47882756132756144,0
RIMONE_r2_Im388,2,r2,1,0.414353354978355,0
RIMONE_r2_Im389,2,r2,1,0.4090200216450217,0
RIMONE_r2_Im390,2,r2,1,0.42723069985569995,0
RIMONE_r2_Im391,2,r2,1,0.38722059884559895,0
RIMONE_r2_Im392,2,r2,1,0.4169843073593074,0
RIMONE_r2_Im393,2,r2,1,0.47402842990342997,0
RIMONE_r2_Im398,2,r2,1,0.4030954184704185,0
RIMONE_r2_Im399,2,r2,1,0.3908374819624821,0
RIMONE_r2_Im400,2,r2,1,0.3928136724386726,0
RIMONE_r2_Im401,2,r2,1,0.389393217893218,0
RIMONE_r2_Im402,2,r2,1,0.31804220779220777,0
RIMONE_r2_Im403,2,r2,1,0.33747799422799424,0
RIMONE_r2_Im404,2,r2,1,0.4261473665223667,0
RIMONE_r2_Im406,2,r2,1,0.27756727994228,0
RIMONE_r2_Im407,2,r2,1,0.41358351370851376,0
RIMONE_r2_Im408,2,r2,1,0.33425036075036085,0
RIMONE_r2_Im414,2,r2,1,0.4038021284271285,0
RIMONE_r2_Im415,2,r2,1,0.33172059884559885,0
RIMONE_r2_Im416,2,r2,1,0.3154586940836941,0
RIMONE_r2_Im418,2,r2,1,0.36877759740259747,0
RIMONE_r2_Im419,2,r2,1,0.3258430735930737,0
RIMONE_r2_Im420,2,r2,1,0.34327417027417034,0
RIMONE_r2_Im421,2,r2,1,0.3083589466089467,0
RIMONE_r2_Im422,2,r2,1,0.41753986291486306,0
RIMONE_r2_Im424,2,r2,1,0.31622059884559883,0
RIMONE_r2_Im427,2,r2,1,0.36230573593073584,0
RIMONE_r2_Im428,2,r2,1,0.3593152958152958,0
RIMONE_r2_Im429,2,r2,1,0.3149586940836941,0
RIMONE_r2_Im432,2,r2,1,0.404664862914863,0
RIMONE_r2_Im433,2,r2,1,0.5045945165945167,1
RIMONE_r2_Im436,2,r2,1,0.3641569264069265,0
RIMONE_r2_Im439,2,r2,1,0.3238840187590187,0
RIMONE_r2_Im441,2,r2,1,0.3497503607503608,0
RIMONE_r2_Im442,2,r2,1,0.41987067099567116,0
RIMONE_r2_Im443,2,r2,1,0.4507337662337663,0
RIMONE_r2_Im444,2,r2,1,0.42048430735930753,0
RIMONE_r2_Im445,2,r2,1,0.29760894660894666,0
RIMONE_r2_Im448,2,r2,1,0.4704188311688312,0
RIMONE_r2_Im449,2,r2,1,0.4639574314574315,0
RIMONE_r2_Im450,2,r2,1,0.482869227994228,0
RIMONE_r2_Im451,2,r2,1,0.3938136724386726,0
RIMONE_r2_Im453,2,r2,1,0.47950955988456007,0
RIMONE_r2_Im454,2,r2,1,0.4597492784992786,0
RIMONE_r2_Im455,2,r2,1,0.4843831168831169,0
RIMONE_r3_G-1-L_left_half,2,r3,1,0.3536565656565657,0
RIMONE_r3_G-10-L_left_half,2,r3,1,0.7109805749805751,1
RIMONE_r3_G-11-R_left_half,2,r3,1,0.7012711593961596,1
RIMONE_r3_G-12-L_left_half,2,r3,1,0.39205014430014434,0
RIMONE_r3_G-13-R_left_half,2,r3,1,0.6799398101898103,1
RIMONE_r3_G-14-R_left_half,2,r3,1,0.33976857864357873,0
RIMONE_r3_G-15-L_left_half,2,r3,1,0.3663497474747476,0
RIMONE_r3_G-16-R_left_half,2,r3,1,0.34773719336219344,0
RIMONE_r3_G-17-L_left_half,2,r3,1,0.35522835497835503,0
RIMONE_r3_G-18-R_left_half,2,r3,1,0.2947895021645023,0
RIMONE_r3_G-2-R_left_half,2,r3,1,0.4083667027417029,0
RIMONE_r3_G-22-L_left_half,2,r3,1,0.7306544011544012,1
RIMONE_r3_G-23-R_left_half,2,r3,1,0.5513696442446444,1
RIMONE_r3_G-25-L_left_half,2,r3,1,0.4906212676212678,0
RIMONE_r3_G-27-R_left_half,2,r3,1,0.5560153873903876,1
RIMONE_r3_G-29-R_left_half,2,r3,1,0.40076569264069284,0
RIMONE_r3_G-3-R_left_half,2,r3,1,0.7232099567099567,1
RIMONE_r3_G-30-L_left_half,2,r3,1,0.5391977466977469,1
RIMONE_r3_G-31-R_left_half,2,r3,1,0.6757543845043847,1
RIMONE_r3_G-32-L_left_half,2,r3,1,0.6520234487734489,1
RIMONE_r3_G-33-R_left_half,2,r3,1,0.31552759740259745,0
RIMONE_r3_G-34-L_left_half,2,r3,1,0.5444885114885115,1
RIMONE_r3_G-35-R_left_half,2,r3,1,0.2839613997113997,0
RIMONE_r3_G-37-R_left_half,2,r3,1,0.5654289876789877,1
RIMONE_r3_G-38-L_left_half,2,r3,1,0.4762601565101566,0
RIMONE_r3_G-39-L_left_half,2,r3,1,0.4431818181818183,0
RIMONE_r3_G-6-L_left_half,2,r3,1,0.3873627344877347,0
RIMONE_r3_G-8-R_left_half,2,r3,1,0.2797253441003441,0
RIMONE_r3_G-9-R_left_half,2,r3,1,0.4312545093795096,0
RIMONE_r3_S-1-L_left_half,2,r3,1,0.30442297979797983,0
RIMONE_r3_S-10-R_left_half,2,r3,1,0.6789003080253082,1
RIMONE_r3_S-11-L_left_half,2,r3,1,0.3177676767676768,0
RIMONE_r3_S-12-L_left_half,2,r3,1,0.795962662337662,1
RIMONE_r3_S-13-R_left_half,2,r3,1,0.5632017149517151,1
RIMONE_r3_S-14-R_left_half,2,r3,1,0.3526266233766234,0
RIMONE_r3_S-18-L_left_half,2,r3,1,0.30162211399711397,0
RIMONE_r3_S-19-R_left_half,2,r3,1,0.3225030663780663,0
RIMONE_r3_S-2-L_left_half,2,r3,1,0.29610696248196255,0
RIMONE_r3_S-20-L_left_half,2,r3,1,0.5064310966810969,1
RIMONE_r3_S-21-R_left_half,2,r3,1,0.5681798895548896,1
RIMONE_r3_S-25-L_left_half,2,r3,1,0.710321844821845,1
RIMONE_r3_S-26-R_left_half,2,r3,1,0.5698048895548897,1
RIMONE_r3_S-28-R_left_half,2,r3,1,0.48625420412920434,0
RIMONE_r3_S-29-R_left_half,2,r3,1,0.35254743867243876,0
RIMONE_r3_S-30-L_left_half,2,r3,1,0.34939592352092347,0
RIMONE_r3_S-31-L_left_half,2,r3,1,0.28774711399711406,0
RIMONE_r3_S-32-L_left_half,2,r3,1,0.290526875901876,0
RIMONE_r3_S-33-R_left_half,2,r3,1,0.34888077200577206,0
RIMONE_r3_S-35-R_left_half,2,r3,1,0.518026334776335,1
RIMONE_r3_S-4-L_left_half,2,r3,1,0.6820800865800867,1
RIMONE_r3_S-6-R_left_half,2,r3,1,0.6253703657453661,1
RIMONE_r3_S-9-L_left_half,2,r3,1,0.7041571622821625,1
RIMONE_r2_Im034,2,r2,0,0.28865386002886007,0
RIMONE_r2_Im036,2,r2,0,0.2971518759018759,0
RIMONE_r2_Im038,2,r2,0,0.2937768759018759,0
RIMONE_r2_Im040,2,r2,0,0.3117958152958153,0
RIMONE_r2_Im042,2,r2,0,0.3568753607503608,0
RIMONE_r2_Im044,2,r2,0,0.30456529581529584,0
RIMONE_r2_Im046,2,r2,0,0.3093232323232324,0
RIMONE_r2_Im048,2,r2,0,0.4134604978354979,0
RIMONE_r2_Im050,2,r2,0,0.3029283910533911,0
RIMONE_r2_Im052,2,r2,0,0.2892642496392497,0
RIMONE_r2_Im054,2,r2,0,0.27888870851370856,0
RIMONE_r2_Im056,2,r2,0,0.3380220057720058,0
RIMONE_r2_Im058,2,r2,0,0.3973414502164503,0
RIMONE_r2_Im060,2,r2,0,0.29551172438672446,0
RIMONE_r2_Im062,2,r2,0,0.3053986291486292,0
RIMONE_r2_Im064,2,r2,0,0.2995950577200578,0
RIMONE_r2_Im066,2,r2,0,0.3667074314574315,0
RIMONE_r2_Im068,2,r2,0,0.307333152958153,0
RIMONE_r2_Im070,2,r2,0,0.3004283910533911,0
RIMONE_r2_Im072,2,r2,0,0.29230393217893225,0
RIMONE_r2_Im074,2,r2,0,0.36302795815295824,0
RIMONE_r2_Im076,2,r2,0,0.3167146464646465,0
RIMONE_r2_Im078,2,r2,0,0.2968602092352092,0
RIMONE_r2_Im080,2,r2,0,0.2977914862914864,0
RIMONE_r2_Im082,2,r2,0,0.4135968614718616,0
RIMONE_r2_Im084,2,r2,0,0.44531403318903334,0
RIMONE_r2_Im086,2,r2,0,0.29490187590187594,0
RIMONE_r2_Im088,2,r2,0,0.3266789321789322,0
RIMONE_r2_Im090,2,r2,0,0.27877687590187594,0
RIMONE_r2_Im092,2,r2,0,0.35130573593073605,0
RIMONE_r2_Im094,2,r2,0,0.3066843434343435,0
RIMONE_r2_Im096,2,r2,0,0.2967768759018759,0
RIMONE_r2_Im098,2,r2,0,0.32839592352092345,0
RIMONE_r2_Im100,2,r2,0,0.2972895021645023,0
RIMONE_r2_Im102,2,r2,0,0.3339586940836942,0
RIMONE_r2_Im104,2,r2,0,0.30709505772005774,0
RIMONE_r2_Im106,2,r2,0,0.3046610750360751,0
RIMONE_r2_Im108,2,r2,0,0.2967649711399712,0
RIMONE_r2_Im110,2,r2,0,0.3116664862914863,0
RIMONE_r2_Im112,2,r2,0,0.4192501803751804,0
RIMONE_r2_Im114,2,r2,0,0.37928192640692643,0
RIMONE_r2_Im116,2,r2,0,0.3510896464646466,0
RIMONE_r2_Im118,2,r2,0,0.30656529581529585,0
RIMONE_r2_Im120,2,r2,0,0.29777687590187596,0
RIMONE_r2_Im122,2,r2,0,0.30225306637806637,0
RIMONE_r2_Im124,2,r2,0,0.28274585137085145,0
RIMONE_r2_Im126,2,r2,0,0.40428589466089454,0
RIMONE_r2_Im128,2,r2,0,0.2919435425685426,0
RIMONE_r2_Im130,2,r2,0,0.3017768759018759,0
RIMONE_r2_Im132,2,r2,0,0.2972768759018759,0
RIMONE_r2_Im134,2,r2,0,0.3963021284271284,0
RIMONE_r2_Im136,2,r2,0,0.3039720418470419,0
RIMONE_r2_Im138,2,r2,0,0.34580429292929304,0
RIMONE_r2_Im140,2,r2,0,0.28458044733044735,0
RIMONE_r2_Im142,2,r2,0,0.30751172438672447,0
RIMONE_r2_Im144,2,r2,0,0.3413991702741703,0
RIMONE_r2_Im146,2,r2,0,0.3241843434343435,0
RIMONE_r2_Im148,2,r2,0,0.3020950577200578,0
RIMONE_r2_Im150,2,r2,0,0.29897005772005775,0
RIMONE_r2_Im152,2,r2,0,0.30011020923520926,0
RIMONE_r2_Im154,2,r2,0,0.29936345598845604,0
RIMONE_r2_Im156,2,r2,0,0.29777687590187596,0
RIMONE_r2_Im158,2,r2,0,0.3020950577200578,0
RIMONE_r2_Im160,2,r2,0,0.29552687590187593,0
RIMONE_r2_Im162,2,r2,0,0.30795274170274173,0
RIMONE_r2_Im164,2,r2,0,0.37535624098124104,0
RIMONE_r2_Im166,2,r2,0,0.4110001803751805,0
RIMONE_r2_Im168,2,r2,0,0.3988731962481962,0
RIMONE_r2_Im170,2,r2,0,0.3293510101010101,0
RIMONE_r2_Im172,2,r2,0,0.2983887085137086,0
RIMONE_r2_Im174,2,r2,0,0.39103192640692647,0
RIMONE_r2_Im176,2,r2,0,0.33792640692640696,0
RIMONE_r2_Im178,2,r2,0,0.303583152958153,0
RIMONE_r2_Im180,2,r2,0,0.3104646464646465,0
RIMONE_r2_Im182,2,r2,0,0.33651767676767685,0
RIMONE_r2_Im184,2,r2,0,0.3302622655122655,0
RIMONE_r2_Im186,2,r2,0,0.2973602092352092,0
RIMONE_r2_Im188,2,r2,0,0.3812159090909092,0
RIMONE_r2_Im190,2,r2,0,0.4206251803751805,0
RIMONE_r2_Im192,2,r2,0,0.30959505772005774,0
RIMONE_r2_Im194,2,r2,0,0.3256372655122655,0
RIMONE_r2_Im196,2,r2,0,0.2997768759018759,0
RIMONE_r2_Im198,2,r2,0,0.29511020923520925,0
RIMONE_r2_Im200,2,r2,0,0.34531529581529585,0
RIMONE_r2_Im202,2,r2,0,0.3549224386724387,0
RIMONE_r2_Im206,2,r2,0,0.29173196248196254,0
RIMONE_r2_Im208,2,r2,0,0.30705537518037523,0
RIMONE_r2_Im210,2,r2,0,0.2967220418470419,0
RIMONE_r2_Im212,2,r2,0,0.2967768759018759,0
RIMONE_r2_Im214,2,r2,0,0.4386722582972583,0
RIMONE_r2_Im216,2,r2,0,0.29211020923520925,0
RIMONE_r2_Im218,2,r2,0,0.4229168470418471,0
RIMONE_r2_Im220,2,r2,0,0.39278986291486306,0
RIMONE_r2_Im222,2,r2,0,0.27661020923520924,0
RIMONE_r2_Im224,2,r2,0,0.3137478354978356,0
RIMONE_r2_Im226,2,r2,0,0.41312716450216463,0
RIMONE_r2_Im228,2,r2,0,0.43759577922077936,0
RIMONE_r2_Im230,2,r2,0,0.38438160450660447,0
RIMONE_r2_Im232,2,r2,0,0.34939357864357873,0
RIMONE_r2_Im234,2,r2,0,0.303583152958153,0
RIMONE_r2_Im236,2,r2,0,0.38192839105339105,0
RIMONE_r2_Im238,2,r2,0,0.2896783910533911,0
RIMONE_r2_Im240,2,r2,0,0.3396112914862916,0
RIMONE_r2_Im242,2,r2,0,0.3116069624819625,0
RIMONE_r2_Im244,2,r2,0,0.2967768759018759,0
RIMONE_r2_Im246,2,r2,0,0.36705429292929304,0
RIMONE_r2_Im248,2,r2,0,0.3489911616161617,0
RIMONE_r2_Im250,2,r2,0,0.4222794011544012,0
RIMONE_r2_Im252,2,r2,0,0.3445279581529583,0
RIMONE_r2_Im254,2,r2,0,0.3057498196248197,0
RIMONE_r3_N-1-L_left_half,2,r3,0,0.3738042929292929,0
RIMONE_r3_N-10-R_left_half,2,r3,0,0.5468326673326674,1
RIMONE_r3_N-11-L_left_half,2,r3,0,0.5406741175491178,1
RIMONE_r3_N-12-R_left_half,2,r3,0,0.5599816572316575,1
RIMONE_r3_N-13-L_left_half,2,r3,0,0.619164196914197,1
RIMONE_r3_N-14-R_left_half,2,r3,0,0.2993899711399712,0
RIMONE_r3_N-16-R_left_half,2,r3,0,0.34849116161616167,0
RIMONE_r3_N-17-L_left_half,2,r3,0,0.48740301365301364,0
RIMONE_r3_N-18-R_left_half,2,r3,0,0.357656746031746,0
RIMONE_r3_N-2-R_left_half,2,r3,0,0.5236292041292042,1
RIMONE_r3_N-20-R_left_half,2,r3,0,0.2987768759018759,0
RIMONE_r3_N-21-L_left_half,2,r3,0,0.564386238761239,1
RIMONE_r3_N-22-R_left_half,2,r3,0,0.5855482156732159,1
RIMONE_r3_N-23-L_left_half,2,r3,0,0.289301406926407,0
RIMONE_r3_N-24-R_left_half,2,r3,0,0.5690125013875016,1
RIMONE_r3_N-25-L_left_half,2,r3,0,0.36139862914862925,0
RIMONE_r3_N-26-R_left_half,2,r3,0,0.2889137806637807,0
RIMONE_r3_N-27-L_left_half,2,r3,0,0.28711020923520925,0
RIMONE_r3_N-28-R_left_half,2,r3,0,0.3049018759018759,0
RIMONE_r3_N-29-L_left_half,2,r3,0,0.30692243867243874,0
RIMONE_r3_N-3-L_left_half,2,r3,0,0.3803241341991342,0
RIMONE_r3_N-30-R_left_half,2,r3,0,0.40025162337662346,0
RIMONE_r3_N-31-L_left_half,2,r3,0,0.3727368326118325,0
RIMONE_r3_N-32-R_left_half,2,r3,0,0.35708531746031746,0
RIMONE_r3_N-33-L_left_half,2,r3,0,0.38886580086580097,0
RIMONE_r3_N-34-R_left_half,2,r3,0,0.46639110889110896,0
RIMONE_r3_N-35-L_left_half,2,r3,0,0.4261116522366523,0
RIMONE_r3_N-36-R_left_half,2,r3,0,0.3631277056277057,0
RIMONE_r3_N-37-L_left_half,2,r3,0,0.5234219530469533,1
RIMONE_r3_N-38-R_left_half,2,r3,0,0.49780398767898776,0
RIMONE_r3_N-39-L_left_half,2,r3,0,0.38681998556998565,0
RIMONE_r3_N-4-R_left_half,2,r3,0,0.3739868326118325,0
RIMONE_r3_N-40-R_left_half,2,r3,0,0.3244769119769119,0
RIMONE_r3_N-41-L_left_half,2,r3,0,0.38483374958374966,0
RIMONE_r3_N-42-R_left_half,2,r3,0,0.44608753746253754,0
RIMONE_r3_N-43-L_left_half,2,r3,0,0.40954022366522375,0
RIMONE_r3_N-44-R_left_half,2,r3,0,0.4870191752691755,0
RIMONE_r3_N-46-R_left_half,2,r3,0,0.5009417943167944,1
RIMONE_r3_N-47-L_left_half,2,r3,0,0.3528807720057721,0
RIMONE_r3_N-48-R_left_half,2,r3,0,0.5932327394827398,1
RIMONE_r3_N-49-L_left_half,2,r3,0,0.3701733405483406,0
RIMONE_r3_N-5-L_left_half,2,r3,0,0.2967768759018759,0
RIMONE_r3_N-50-R_left_half,2,r3,0,0.3635900072150073,0
RIMONE_r3_N-51-L_left_half,2,r3,0,0.7484828643578644,1
RIMONE_r3_N-52-R_left_half,2,r3,0,0.5737504162504163,1
RIMONE_r3_N-53-L_left_half,2,r3,0,0.37426262626262635,0
RIMONE_r3_N-54-R_left_half,2,r3,0,0.38934595959595975,0
RIMONE_r3_N-55-L_left_half,2,r3,0,0.4617780136530137,0
RIMONE_r3_N-56-R_left_half,2,r3,0,0.4940101565101567,0
RIMONE_r3_N-58-R_left_half,2,r3,0,0.29127561327561335,0
RIMONE_r3_N-59-L_left_half,2,r3,0,0.5162394133644136,1
RIMONE_r3_N-6-R_left_half,2,r3,0,0.47092087079587097,0
RIMONE_r3_N-61-L_left_half,2,r3,0,0.5977803585303588,1
RIMONE_r3_N-62-R_left_half,2,r3,0,0.6543317654567656,1
RIMONE_r3_N-63-L_left_half,2,r3,0,0.412131673881674,0
RIMONE_r3_N-64-R_left_half,2,r3,0,0.3377828282828282,0
RIMONE_r3_N-65-L_left_half,2,r3,0,0.47880182317682335,0
RIMONE_r3_N-66-R_left_half,2,r3,0,0.5456968448218448,1
RIMONE_r3_N-67-L_left_half,2,r3,0,0.511433857808858,1
RIMONE_r3_N-68-R_left_half,2,r3,0,0.4815875374625376,0
RIMONE_r3_N-69-L_left_half,2,r3,0,0.4862145215895217,0
RIMONE_r3_N-7-L_left_half,2,r3,0,0.3859630230880232,0
RIMONE_r3_N-70-R_left_half,2,r3,0,0.4331872294372296,0
RIMONE_r3_N-71-L_left_half,2,r3,0,0.5819794927294929,1
RIMONE_r3_N-72-R_left_half,2,r3,0,0.2913840187590188,0
RIMONE_r3_N-73-R_left_half,2,r3,0,0.46665896603396606,0
RIMONE_r3_N-74-L_left_half,2,r3,0,0.3511895743145743,0
RIMONE_r3_N-75-R_left_half,2,r3,0,0.3344779942279943,0
RIMONE_r3_N-76-R_left_half,2,r3,0,0.360429292929293,0
RIMONE_r3_N-78-R_left_half,2,r3,0,0.5974437784437787,1
RIMONE_r3_N-79-L_left_half,2,r3,0,0.2849819624819625,0
RIMONE_r3_N-8-L_left_half,2,r3,0,0.3080970418470419,0
RIMONE_r3_N-80-R_left_half,2,r3,0,0.5655174963924966,1
RIMONE_r3_N-81-L_left_half,2,r3,0,0.3587923881673883,0
RIMONE_r3_N-82-R_left_half,2,r3,0,0.48642682317682345,0
RIMONE_r3_N-83-L_left_half,2,r3,0,0.4753717532467534,0
RIMONE_r3_N-84-R_left_half,2,r3,0,0.4464152236652239,0
RIMONE_r3_N-85-L_left_half,2,r3,0,0.352226911976912,0
RIMONE_r3_N-86-R_left_half,2,r3,0,0.3728340548340548,0
RIMONE_r3_N-87-L_left_half,2,r3,0,0.44539922577422586,0
RIMONE_r3_N-88-R_left_half,2,r3,0,0.38659962259962266,0
RIMONE_r3_N-9-L_left_half,2,r3,0,0.2923887085137086,0
RIMONE_r3_N-90-R_left_half,2,r3,0,0.3764150987900987,0
RIMONE_r3_N-91-L_left_half,2,r3,0,0.45826610889110886,0
RIMONE_r3_N-92-R_left_half,2,r3,0,0.444667082917083,0
RIMONE_r1_Im069,3,r1,1,0.3392454906204906,0
RIMONE_r1_Im103,3,r1,1,0.5300748556998557,1
RIMONE_r1_Im113,3,r1,1,0.48576731601731593,0
RIMONE_r1_Im117,3,r1,1,0.3607117604617604,0
RIMONE_r1_Im118,3,r1,1,0.43630122655122655,0
RIMONE_r1_Im120,3,r1,1,0.5765353535353536,1
RIMONE_r1_Im121,3,r1,1,0.32716414141414146,0
RIMONE_r1_Im122,3,r1,1,0.3545808080808081,0
RIMONE_r1_Im135,3,r1,1,0.5808109668109666,1
RIMONE_r1_Im144,3,r1,1,0.3696879509379509,0
RIMONE_r1_Im158,3,r1,1,0.5850968614718615,1
RIMONE_r1_Im167,3,r1,1,0.5126522366522366,1
RIMONE_r2_Im257,3,r2,1,0.6976542207792206,1
RIMONE_r2_Im258,3,r2,1,0.5631861471861472,1
RIMONE_r2_Im260,3,r2,1,0.5611861471861471,1
RIMONE_r2_Im263,3,r2,1,0.5075867604617605,1
RIMONE_r2_Im264,3,r2,1,0.6807458513708515,1
RIMONE_r2_Im266,3,r2,1,0.5664579725829725,1
RIMONE_r2_Im267,3,r2,1,0.6271767676767677,1
RIMONE_r2_Im268,3,r2,1,0.4722065295815297,0
RIMONE_r2_Im269,3,r2,1,0.5085174963924964,1
RIMONE_r2_Im270,3,r2,1,0.33925342712842704,0
RIMONE_r2_Im273,3,r2,1,0.4044042207792209,0
RIMONE_r2_Im275,3,r2,1,0.3230252525252525,0
RIMONE_r2_Im277,3,r2,1,0.5460730519480519,1
RIMONE_r2_Im281,3,r2,1,0.19815025252525248,0
RIMONE_r2_Im287,3,r2,1,0.6861865079365076,1
RIMONE_r2_Im288,3,r2,1,0.5587198773448773,1
RIMONE_r2_Im289,3,r2,1,0.5845214646464646,1
RIMONE_r2_Im290,3,r2,1,0.5582000360750359,1
RIMONE_r2_Im291,3,r2,1,0.38678914141414134,0
RIMONE_r2_Im292,3,r2,1,0.6538787878787877,1
RIMONE_r2_Im293,3,r2,1,0.5955992063492062,1
RIMONE_r2_Im294,3,r2,1,0.4951708152958152,0
RIMONE_r2_Im301,3,r2,1,0.6663290043290041,1
RIMONE_r2_Im302,3,r2,1,0.6730811688311689,1
RIMONE_r2_Im303,3,r2,1,0.7028051948051949,1
RIMONE_r2_Im305,3,r2,1,0.6948014069264069,1
RIMONE_r2_Im314,3,r2,1,0.5553665223665223,1
RIMONE_r2_Im315,3,r2,1,0.5892833694083691,1
RIMONE_r2_Im317,3,r2,1,0.5482397186147184,1
RIMONE_r2_Im318,3,r2,1,0.5512913059163058,1
RIMONE_r2_Im319,3,r2,1,0.35583676046176044,0
RIMONE_r2_Im320,3,r2,1,0.5611861471861471,1
RIMONE_r2_Im321,3,r2,1,0.6733829365079363,1
RIMONE_r2_Im324,3,r2,1,0.6803766233766234,1
RIMONE_r2_Im329,3,r2,1,0.37157485569985566,0
RIMONE_r2_Im330,3,r2,1,0.36996572871572875,0
RIMONE_r2_Im331,3,r2,1,0.5672635281385281,1
RIMONE_r2_Im332,3,r2,1,0.5812339466089465,1
RIMONE_r2_Im333,3,r2,1,0.6812932900432901,1
RIMONE_r2_Im334,3,r2,1,0.5840790043290042,1
RIMONE_r2_Im338,3,r2,1,0.5526266233766234,1
RIMONE_r2_Im339,3,r2,1,0.45927922077922084,0
RIMONE_r2_Im343,3,r2,1,0.5691663059163059,1
RIMONE_r2_Im344,3,r2,1,0.678424062049062,1
RIMONE_r1_Im001,3,r1,0,0.550279401154401,1
RIMONE_r1_Im003,3,r1,0,0.5828369408369408,1
RIMONE_r1_Im004,3,r1,0,0.36433080808080803,0
RIMONE_r1_Im006,3,r1,0,0.5627417027417028,1
RIMONE_r1_Im008,3,r1,0,0.5763686868686869,1
RIMONE_r1_Im011,3,r1,0,0.5664482323232324,1
RIMONE_r1_Im012,3,r1,0,0.5415373376623376,1
RIMONE_r1_Im014,3,r1,0,0.5935712481962481,1
RIMONE_r1_Im015,3,r1,0,0.5985532106782105,1
RIMONE_r1_Im019,3,r1,0,0.6172831890331889,1
RIMONE_r1_Im020,3,r1,0,0.5614200937950936,1
RIMONE_r1_Im022,3,r1,0,0.35035263347763346,0
RIMONE_r1_Im023,3,r1,0,0.33461453823953824,0
RIMONE_r1_Im024,3,r1,0,0.5798232323232324,1
RIMONE_r1_Im025,3,r1,0,0.5689202741702742,1
RIMONE_r1_Im026,3,r1,0,0.5617833694083693,1
RIMONE_r1_Im027,3,r1,0,0.5496444805194804,1
RIMONE_r1_Im028,3,r1,0,0.365049062049062,0
RIMONE_r1_Im029,3,r1,0,0.32043001443001445,0
RIMONE_r1_Im031,3,r1,0,0.5471387085137085,1
RIMONE_r1_Im032,3,r1,0,0.5375690836940836,1
RIMONE_r1_Im033,3,r1,0,0.5464579725829725,1
RIMONE_r1_Im036,3,r1,0,0.4549915223665223,0
RIMONE_r1_Im037,3,r1,0,0.30641215728715737,0
RIMONE_r1_Im040,3,r1,0,0.5154857503607503,1
RIMONE_r1_Im041,3,r1,0,0.5567278138528138,1
RIMONE_r1_Im042,3,r1,0,0.565908189033189,1
RIMONE_r1_Im046,3,r1,0,0.5354004329004328,1
RIMONE_r1_Im047,3,r1,0,0.5175095598845599,1
RIMONE_r1_Im050,3,r1,0,0.5853230519480518,1
RIMONE_r1_Im052,3,r1,0,0.6290313852813851,1
RIMONE_r1_Im054,3,r1,0,0.5533627344877342,1
RIMONE_r1_Im055,3,r1,0,0.405094696969697,0
RIMONE_r1_Im056,3,r1,0,0.3918109668109668,0
RIMONE_r1_Im057,3,r1,0,0.555979797979798,1
RIMONE_r1_Im058,3,r1,0,0.5865869408369409,1
RIMONE_r1_Im059,3,r1,0,0.5542913059163059,1
RIMONE_r1_Im060,3,r1,0,0.374533189033189,0
RIMONE_r1_Im061,3,r1,0,0.5861109307359307,1
RIMONE_r1_Im062,3,r1,0,0.3691641414141414,0
RIMONE_r1_Im063,3,r1,0,0.33868596681096685,0
RIMONE_r1_Im071,3,r1,0,0.34199747474747483,0
RIMONE_r1_Im072,3,r1,0,0.5325867604617605,1
RIMONE_r1_Im073,3,r1,0,0.5327137445887447,1
RIMONE_r1_Im080,3,r1,0,0.45430916305916313,0
RIMONE_r1_Im082,3,r1,0,0.33962842712842717,0
RIMONE_r1_Im086,3,r1,0,0.5813905122655121,1
RIMONE_r1_Im087,3,r1,0,0.34735461760461755,0
RIMONE_r1_Im095,3,r1,0,0.5430413059163058,1
RIMONE_r1_Im107,3,r1,0,0.5385609668109665,1
RIMONE_r1_Im108,3,r1,0,0.32696771284271287,0
RIMONE_r1_Im115,3,r1,0,0.3472395382395383,0
RIMONE_r1_Im116,3,r1,0,0.30341810966810967,0
RIMONE_r1_Im119,3,r1,0,0.6436939033189032,1
RIMONE_r1_Im125,3,r1,0,0.3739855699855699,0
RIMONE_r1_Im127,3,r1,0,0.34538239538239546,0
RIMONE_r1_Im128,3,r1,0,0.5670730519480519,1
RIMONE_r1_Im129,3,r1,0,0.35650937950937944,0
RIMONE_r1_Im130,3,r1,0,0.5487000360750361,1
RIMONE_r1_Im131,3,r1,0,0.33336255411255405,0
RIMONE_r1_Im132,3,r1,0,0.461666305916306,0
RIMONE_r1_Im133,3,r1,0,0.3691323953823954,0
RIMONE_r1_Im136,3,r1,0,0.6050550144300142,1
RIMONE_r1_Im137,3,r1,0,0.6226700937950937,1
RIMONE_r1_Im138,3,r1,0,0.4373685064935065,0
RIMONE_r1_Im142,3,r1,0,0.5728546176046174,1
RIMONE_r1_Im143,3,r1,0,0.6426901154401153,1
RIMONE_r1_Im145,3,r1,0,0.6910331890331889,1
RIMONE_r1_Im146,3,r1,0,0.6019022366522366,1
RIMONE_r1_Im149,3,r1,0,0.367299062049062,0
RIMONE_r1_Im150,3,r1,0,0.4046522366522367,0
RIMONE_r1_Im151,3,r1,0,0.535596681096681,1
RIMONE_r1_Im152,3,r1,0,0.6635869408369408,1
RIMONE_r1_Im153,3,r1,0,0.5632952741702741,1
RIMONE_r1_Im154,3,r1,0,0.35466414141414143,0
RIMONE_r1_Im155,3,r1,0,0.5686881313131312,1
RIMONE_r1_Im156,3,r1,0,0.5619936868686868,1
RIMONE_r1_Im159,3,r1,0,0.5472813852813854,1
RIMONE_r1_Im161,3,r1,0,0.40517406204906203,0
RIMONE_r1_Im162,3,r1,0,0.5828667027417026,1
RIMONE_r1_Im163,3,r1,0,0.5267853535353535,1
RIMONE_r1_Im164,3,r1,0,0.36724549062049067,0
RIMONE_r1_Im165,3,r1,0,0.3311958874458874,0
RIMONE_r1_Im166,3,r1,0,0.4520470779220778,0
RIMONE_r1_Im168,3,r1,0,0.5622216810966809,1
RIMONE_r1_Im169,3,r1,0,0.5211268037518036,1
RIMONE_r2_Im001,3,r2,0,0.6976385281385281,1
RIMONE_r2_Im002,3,r2,0,0.5490532106782107,1
RIMONE_r2_Im003,3,r2,0,0.596307178932179,1
RIMONE_r2_Im004,3,r2,0,0.567041305916306,1
RIMONE_r2_Im005,3,r2,0,0.5909877344877345,1
RIMONE_r2_Im006,3,r2,0,0.5637873376623377,1
RIMONE_r2_Im007,3,r2,0,0.5658113275613276,1
RIMONE_r2_Im009,3,r2,0,0.5331603535353535,1
RIMONE_r2_Im010,3,r2,0,0.5984579725829725,1
RIMONE_r2_Im011,3,r2,0,0.676674062049062,1
RIMONE_r2_Im012,3,r2,0,0.5632913059163059,1
RIMONE_r2_Im013,3,r2,0,0.5518069985569984,1
RIMONE_r2_Im014,3,r2,0,0.5628887085137085,1
RIMONE_r2_Im015,3,r2,0,0.3494915223665223,0
RIMONE_r2_Im016,3,r2,0,0.326906204906205,0
RIMONE_r2_Im017,3,r2,0,0.5564978354978356,1
RIMONE_r2_Im018,3,r2,0,0.5643863636363637,1
RIMONE_r2_Im019,3,r2,0,0.5627518037518037,1
RIMONE_r2_Im020,3,r2,0,0.3381939033189033,0
RIMONE_r2_Im021,3,r2,0,0.4648149350649351,0
RIMONE_r2_Im022,3,r2,0,0.6265075757575757,1
RIMONE_r2_Im023,3,r2,0,0.35795580808080807,0
RIMONE_r2_Im024,3,r2,0,0.4086899350649351,0
RIMONE_r2_Im025,3,r2,0,0.34028914141414146,0
RIMONE_r2_Im026,3,r2,0,0.3503724747474747,0
RIMONE_r2_Im027,3,r2,0,0.5611109307359308,1
RIMONE_r2_Im028,3,r2,0,0.35368596681096676,0
RIMONE_r2_Im029,3,r2,0,0.5774240620490618,1
RIMONE_r2_Im030,3,r2,0,0.5589222582972583,1
RIMONE_r2_Im031,3,r2,0,0.5352238455988454,1
RIMONE_r2_Im032,3,r2,0,0.37190818903318906,0
RIMONE_r2_Im033,3,r2,0,0.5978708513708514,1
RIMONE_r2_Im347,3,r2,1,0.467295634920635,0
RIMONE_r2_Im348,3,r2,1,0.56495202020202,1
RIMONE_r2_Im351,3,r2,1,0.5706028138528136,1
RIMONE_r2_Im352,3,r2,1,0.4972018398268398,0
RIMONE_r2_Im354,3,r2,1,0.48009271284271277,0
RIMONE_r2_Im355,3,r2,1,0.46988041125541125,0
RIMONE_r2_Im356,3,r2,1,0.47943398268398274,0
RIMONE_r2_Im357,3,r2,1,0.6886682900432901,1
RIMONE_r2_Im358,3,r2,1,0.632767316017316,1
RIMONE_r2_Im362,3,r2,1,0.5999222582972581,1
RIMONE_r2_Im365,3,r2,1,0.39373755411255407,0
RIMONE_r2_Im366,3,r2,1,0.5055034271284271,1
RIMONE_r2_Im369,3,r2,1,0.5341185064935065,1
RIMONE_r2_Im373,3,r2,1,0.5035034271284271,1
RIMONE_r2_Im376,3,r2,1,0.3364359668109669,0
RIMONE_r2_Im377,3,r2,1,0.6747693001443001,1
RIMONE_r2_Im383,3,r2,1,0.3235193001443002,0
RIMONE_r2_Im384,3,r2,1,0.5302415223665223,1
RIMONE_r2_Im385,3,r2,1,0.5002117604617604,1
RIMONE_r2_Im387,3,r2,1,0.6685135281385279,1
RIMONE_r2_Im388,3,r2,1,0.497253427128427,0
RIMONE_r2_Im389,3,r2,1,0.5045867604617604,1
RIMONE_r2_Im390,3,r2,1,0.5205034271284271,1
RIMONE_r2_Im391,3,r2,1,0.48646176046176043,0
RIMONE_r2_Im392,3,r2,1,0.4985867604617604,0
RIMONE_r2_Im393,3,r2,1,0.6577038239538239,1
RIMONE_r2_Im398,3,r2,1,0.544325036075036,1
RIMONE_r2_Im399,3,r2,1,0.5300075757575757,1
RIMONE_r2_Im400,3,r2,1,0.5141284271284271,1
RIMONE_r2_Im401,3,r2,1,0.49879509379509374,0
RIMONE_r2_Im402,3,r2,1,0.30909271284271284,0
RIMONE_r2_Im403,3,r2,1,0.444314935064935,0
RIMONE_r2_Im404,3,r2,1,0.5247296176046176,1
RIMONE_r2_Im406,3,r2,1,0.3269319985569985,0
RIMONE_r2_Im407,3,r2,1,0.5852337662337661,1
RIMONE_r2_Im408,3,r2,1,0.5483351370851371,1
RIMONE_r2_Im414,3,r2,1,0.5889698773448773,1
RIMONE_r2_Im415,3,r2,1,0.382562950937951,0
RIMONE_r2_Im416,3,r2,1,0.38648358585858583,0
RIMONE_r2_Im418,3,r2,1,0.4598566017316017,0
RIMONE_r2_Im419,3,r2,1,0.5069738455988457,1
RIMONE_r2_Im420,3,r2,1,0.5654184704184704,1
RIMONE_r2_Im421,3,r2,1,0.5007317821067822,1
RIMONE_r2_Im422,3,r2,1,0.5186700937950938,1
RIMONE_r2_Im424,3,r2,1,0.37919390331890335,0
RIMONE_r2_Im427,3,r2,1,0.5378766233766232,1
RIMONE_r2_Im428,3,r2,1,0.4628625541125541,0
RIMONE_r2_Im429,3,r2,1,0.3865669191919192,0
RIMONE_r2_Im432,3,r2,1,0.5370571789321789,1
RIMONE_r2_Im433,3,r2,1,0.6958288239538237,1
RIMONE_r2_Im436,3,r2,1,0.5703924963924965,1
RIMONE_r2_Im439,3,r2,1,0.4232058080808081,0
RIMONE_r2_Im441,3,r2,1,0.45739826839826847,0
RIMONE_r2_Im442,3,r2,1,0.505642316017316,1
RIMONE_r2_Im443,3,r2,1,0.6639758297258297,1
RIMONE_r2_Im444,3,r2,1,0.5127534271284271,1
RIMONE_r2_Im445,3,r2,1,0.37290422077922075,0
RIMONE_r2_Im448,3,r2,1,0.672513528138528,1
RIMONE_r2_Im449,3,r2,1,0.6840016233766234,1
RIMONE_r2_Im450,3,r2,1,0.6513766233766234,1
RIMONE_r2_Im451,3,r2,1,0.4992117604617604,0
RIMONE_r2_Im453,3,r2,1,0.5760313852813852,1
RIMONE_r2_Im454,3,r2,1,0.529517316017316,1
RIMONE_r2_Im455,3,r2,1,0.6838228715728715,1
RIMONE_r3_G-1-L_left_half,3,r3,1,0.484783189033189,0
RIMONE_r3_G-10-L_left_half,3,r3,1,0.660075036075036,1
RIMONE_r3_G-11-R_left_half,3,r3,1,0.6440580065359477,1
RIMONE_r3_G-12-L_left_half,3,r3,1,0.43356890331890335,0
RIMONE_r3_G-13-R_left_half,3,r3,1,0.594593720821662,1
RIMONE_r3_G-14-R_left_half,3,r3,1,0.5950847763347762,1
RIMONE_r3_G-15-L_left_half,3,r3,1,0.49318795093795104,0
RIMONE_r3_G-16-R_left_half,3,r3,1,0.4629796176046176,0
RIMONE_r3_G-17-L_left_half,3,r3,1,0.41751731601731606,0
RIMONE_r3_G-18-R_left_half,3,r3,1,0.33510858585858583,0
RIMONE_r3_G-2-R_left_half,3,r3,1,0.5145867604617604,1
RIMONE_r3_G-22-L_left_half,3,r3,1,0.650752450980392,1
RIMONE_r3_G-23-R_left_half,3,r3,1,0.5464242424242424,1
RIMONE_r3_G-25-L_left_half,3,r3,1,0.5243248556998558,1
RIMONE_r3_G-27-R_left_half,3,r3,1,0.6357673160173161,1
RIMONE_r3_G-29-R_left_half,3,r3,1,0.47188041125541125,0
RIMONE_r3_G-3-R_left_half,3,r3,1,0.6218000700280112,1
RIMONE_r3_G-30-L_left_half,3,r3,1,0.6764143217893218,1
RIMONE_r3_G-31-R_left_half,3,r3,1,0.502864774114774,1
RIMONE_r3_G-32-L_left_half,3,r3,1,0.5322385620915032,1
RIMONE_r3_G-33-R_left_half,3,r3,1,0.35390223665223675,0
RIMONE_r3_G-34-L_left_half,3,r3,1,0.6274678932178931,1
RIMONE_r3_G-35-R_left_half,3,r3,1,0.37453517316017304,0
RIMONE_r3_G-37-R_left_half,3,r3,1,0.6556405122655122,1
RIMONE_r3_G-38-L_left_half,3,r3,1,0.4993724747474747,0
RIMONE_r3_G-39-L_left_half,3,r3,1,0.4837613636363636,0
RIMONE_r3_G-6-L_left_half,3,r3,1,0.5241284271284271,1
RIMONE_r3_G-8-R_left_half,3,r3,1,0.3198391053391053,0
RIMONE_r3_G-9-R_left_half,3,r3,1,0.521687950937951,1
RIMONE_r3_S-1-L_left_half,3,r3,1,0.3738288239538239,0
RIMONE_r3_S-10-R_left_half,3,r3,1,0.6335699112978526,1
RIMONE_r3_S-11-L_left_half,3,r3,1,0.37718795093795093,0
RIMONE_r3_S-12-L_left_half,3,r3,1,0.6997316017316015,1
RIMONE_r3_S-13-R_left_half,3,r3,1,0.6466641414141414,1
RIMONE_r3_S-14-R_left_half,3,r3,1,0.4072395382395383,0
RIMONE_r3_S-18-L_left_half,3,r3,1,0.36880104617604614,0
RIMONE_r3_S-19-R_left_half,3,r3,1,0.44027723665223667,0
RIMONE_r3_S-2-L_left_half,3,r3,1,0.34359668109668107,0
RIMONE_r3_S-20-L_left_half,3,r3,1,0.6726879509379509,1
RIMONE_r3_S-21-R_left_half,3,r3,1,0.6756663059163058,1
RIMONE_r3_S-25-L_left_half,3,r3,1,0.6783508297258298,1
RIMONE_r3_S-26-R_left_half,3,r3,1,0.6797516233766232,1
RIMONE_r3_S-28-R_left_half,3,r3,1,0.5346046176046175,1
RIMONE_r3_S-29-R_left_half,3,r3,1,0.4484796176046175,0
RIMONE_r3_S-30-L_left_half,3,r3,1,0.3173129509379509,0
RIMONE_r3_S-31-L_left_half,3,r3,1,0.3441304112554112,0
RIMONE_r3_S-32-L_left_half,3,r3,1,0.31299549062049065,0
RIMONE_r3_S-33-R_left_half,3,r3,1,0.42872961760461764,0
RIMONE_r3_S-35-R_left_half,3,r3,1,0.6851145382395382,1
RIMONE_r3_S-4-L_left_half,3,r3,1,0.6494917027417028,1
RIMONE_r3_S-6-R_left_half,3,r3,1,0.4786628600158014,0
RIMONE_r3_S-9-L_left_half,3,r3,1,0.6664310224089636,1
RIMONE_r2_Im034,3,r2,0,0.35320580808080804,0
RIMONE_r2_Im036,3,r2,0,0.33144191919191923,0
RIMONE_r2_Im038,3,r2,0,0.33560263347763347,0
RIMONE_r2_Im040,3,r2,0,0.3694558080808081,0
RIMONE_r2_Im042,3,r2,0,0.4621839826839827,0
RIMONE_r2_Im044,3,r2,0,0.511275432900433,1
RIMONE_r2_Im046,3,r2,0,0.5189619408369408,1
RIMONE_r2_Im048,3,r2,0,0.47705898268398256,0
RIMONE_r2_Im050,3,r2,0,0.35281096681096685,0
RIMONE_r2_Im052,3,r2,0,0.32530104617604616,0
RIMONE_r2_Im054,3,r2,0,0.3329319985569985,0
RIMONE_r2_Im056,3,r2,0,0.377408189033189,0
RIMONE_r2_Im058,3,r2,0,0.561916305916306,1
RIMONE_r2_Im060,3,r2,0,0.3276859668109669,0
RIMONE_r2_Im062,3,r2,0,0.3676998556998557,0
RIMONE_r2_Im064,3,r2,0,0.327781204906205,0
RIMONE_r2_Im066,3,r2,0,0.358783189033189,0
RIMONE_r2_Im068,3,r2,0,0.3767712842712843,0
RIMONE_r2_Im070,3,r2,0,0.35406096681096677,0
RIMONE_r2_Im072,3,r2,0,0.32905104617604614,0
RIMONE_r2_Im074,3,r2,0,0.5697972582972582,1
RIMONE_r2_Im076,3,r2,0,0.38494390331890344,0
RIMONE_r2_Im078,3,r2,0,0.32951930014430025,0
RIMONE_r2_Im080,3,r2,0,0.3305391414141415,0
RIMONE_r2_Im082,3,r2,0,0.5171700937950938,1
RIMONE_r2_Im084,3,r2,0,0.5142435064935065,1
RIMONE_r2_Im086,3,r2,0,0.32824549062049063,0
RIMONE_r2_Im088,3,r2,0,0.3680272366522367,0
RIMONE_r2_Im090,3,r2,0,0.32849549062049066,0
RIMONE_r2_Im092,3,r2,0,0.537886544011544,1
RIMONE_r2_Im094,3,r2,0,0.3533665223665223,0
RIMONE_r2_Im096,3,r2,0,0.33935263347763356,0
RIMONE_r2_Im098,3,r2,0,0.4117593795093796,0
RIMONE_r2_Im100,3,r2,0,0.3195371572871573,0
RIMONE_r2_Im102,3,r2,0,0.5608113275613276,1
RIMONE_r2_Im104,3,r2,0,0.3576323953823954,0
RIMONE_r2_Im106,3,r2,0,0.3828645382395382,0
RIMONE_r2_Im108,3,r2,0,0.35993596681096685,0
RIMONE_r2_Im110,3,r2,0,0.3736522366522367,0
RIMONE_r2_Im112,3,r2,0,0.5530452741702743,1
RIMONE_r2_Im114,3,r2,0,0.5490889249639249,1
RIMONE_r2_Im116,3,r2,0,0.5553270202020202,1
RIMONE_r2_Im118,3,r2,0,0.3721046176046176,0
RIMONE_r2_Im120,3,r2,0,0.3319478715728716,0
RIMONE_r2_Im122,3,r2,0,0.3437693001443002,0
RIMONE_r2_Im124,3,r2,0,0.32559866522366526,0
RIMONE_r2_Im126,3,r2,0,0.5582694805194803,1
RIMONE_r2_Im128,3,r2,0,0.32185263347763354,0
RIMONE_r2_Im130,3,r2,0,0.3293050144300144,0
RIMONE_r2_Im132,3,r2,0,0.34323953823953823,0
RIMONE_r2_Im134,3,r2,0,0.5551186868686867,1
RIMONE_r2_Im136,3,r2,0,0.3731998556998557,0
RIMONE_r2_Im138,3,r2,0,0.3816879509379509,0
RIMONE_r2_Im140,3,r2,0,0.3260371572871573,0
RIMONE_r2_Im142,3,r2,0,0.34825739538239536,0
RIMONE_r2_Im144,3,r2,0,0.5528589466089465,1
RIMONE_r2_Im146,3,r2,0,0.5514958513708514,1
RIMONE_r2_Im148,3,r2,0,0.3548943001443001,0
RIMONE_r2_Im150,3,r2,0,0.35072763347763347,0
RIMONE_r2_Im152,3,r2,0,0.3328526334776335,0
RIMONE_r2_Im154,3,r2,0,0.33624152236652244,0
RIMONE_r2_Im156,3,r2,0,0.3319478715728716,0
RIMONE_r2_Im158,3,r2,0,0.3548943001443001,0
RIMONE_r2_Im160,3,r2,0,0.33594787157287165,0
RIMONE_r2_Im162,3,r2,0,0.3539002525252525,0
RIMONE_r2_Im164,3,r2,0,0.440767316017316,0
RIMONE_r2_Im166,3,r2,0,0.5555829725829726,1
RIMONE_r2_Im168,3,r2,0,0.5485512265512266,1
RIMONE_r2_Im170,3,r2,0,0.3753189033189034,0
RIMONE_r2_Im172,3,r2,0,0.3442058080808081,0
RIMONE_r2_Im174,3,r2,0,0.5447020202020202,1
RIMONE_r2_Im176,3,r2,0,0.4005689033189034,0
RIMONE_r2_Im178,3,r2,0,0.3756998556998557,0
RIMONE_r2_Im180,3,r2,0,0.33258676046176044,0
RIMONE_r2_Im182,3,r2,0,0.5528768037518038,1
RIMONE_r2_Im184,3,r2,0,0.5026305916305916,1
RIMONE_r2_Im186,3,r2,0,0.35192406204906207,0
RIMONE_r2_Im188,3,r2,0,0.4813149350649351,0
RIMONE_r2_Im190,3,r2,0,0.5464123376623377,1
RIMONE_r2_Im192,3,r2,0,0.3421323953823954,0
RIMONE_r2_Im194,3,r2,0,0.3747772366522366,0
RIMONE_r2_Im196,3,r2,0,0.34801930014430016,0
RIMONE_r2_Im198,3,r2,0,0.33461453823953824,0
RIMONE_r2_Im200,3,r2,0,0.4023189033189034,0
RIMONE_r2_Im202,3,r2,0,0.4494399350649351,0
RIMONE_r2_Im206,3,r2,0,0.34448358585858585,0
RIMONE_r2_Im208,3,r2,0,0.366783189033189,0
RIMONE_r2_Im210,3,r2,0,0.33753914141414143,0
RIMONE_r2_Im212,3,r2,0,0.33461453823953824,0
RIMONE_r2_Im214,3,r2,0,0.579295274170274,1
RIMONE_r2_Im216,3,r2,0,0.32482287157287154,0
RIMONE_r2_Im218,3,r2,0,0.5603746392496393,1
RIMONE_r2_Im220,3,r2,0,0.49368398268398267,0
RIMONE_r2_Im222,3,r2,0,0.3204121572871573,0
RIMONE_r2_Im224,3,r2,0,0.48131096681096686,0
RIMONE_r2_Im226,3,r2,0,0.482142316017316,0
RIMONE_r2_Im228,3,r2,0,0.5296046176046176,1
RIMONE_r2_Im230,3,r2,0,0.5046013708513707,1
RIMONE_r2_Im232,3,r2,0,0.39823556998557,0
RIMONE_r2_Im234,3,r2,0,0.369283189033189,0
RIMONE_r2_Im236,3,r2,0,0.5830315656565657,1
RIMONE_r2_Im238,3,r2,0,0.33202525252525256,0
RIMONE_r2_Im240,3,r2,0,0.5690353535353535,1
RIMONE_r2_Im242,3,r2,0,0.3602117604617604,0
RIMONE_r2_Im244,3,r2,0,0.33461453823953824,0
RIMONE_r2_Im246,3,r2,0,0.5335153318903318,1
RIMONE_r2_Im248,3,r2,0,0.4524498556998557,0
RIMONE_r2_Im250,3,r2,0,0.574483766233766,1
RIMONE_r2_Im252,3,r2,0,0.5626305916305916,1
RIMONE_r2_Im254,3,r2,0,0.3863665223665224,0
RIMONE_r3_N-1-L_left_half,3,r3,0,0.43736850649350656,0
RIMONE_r3_N-10-R_left_half,3,r3,0,0.6463071789321788,1
RIMONE_r3_N-11-L_left_half,3,r3,0,0.5890194805194804,1
RIMONE_r3_N-12-R_left_half,3,r3,0,0.5868265345765346,1
RIMONE_r3_N-13-L_left_half,3,r3,0,0.6661940836940836,1
RIMONE_r3_N-14-R_left_half,3,r3,0,0.3321026334776335,0
RIMONE_r3_N-16-R_left_half,3,r3,0,0.431783189033189,0
RIMONE_r3_N-17-L_left_half,3,r3,0,0.581753427128427,1
RIMONE_r3_N-18-R_left_half,3,r3,0,0.32624152236652243,0
RIMONE_r3_N-2-R_left_half,3,r3,0,0.6244022366522366,1
RIMONE_r3_N-20-R_left_half,3,r3,0,0.3097454906204906,0
RIMONE_r3_N-21-L_left_half,3,r3,0,0.46271985857279985,0
RIMONE_r3_N-22-R_left_half,3,r3,0,0.4780909645909647,0
RIMONE_r3_N-23-L_left_half,3,r3,0,0.32616810966810966,0
RIMONE_r3_N-24-R_left_half,3,r3,0,0.6068607503607502,1
RIMONE_r3_N-25-L_left_half,3,r3,0,0.4766700937950938,0
RIMONE_r3_N-26-R_left_half,3,r3,0,0.32073358585858586,0
RIMONE_r3_N-27-L_left_half,3,r3,0,0.3164121572871573,0
RIMONE_r3_N-28-R_left_half,3,r3,0,0.2989716810966811,0
RIMONE_r3_N-29-L_left_half,3,r3,0,0.37628318903318897,0
RIMONE_r3_N-3-L_left_half,3,r3,0,0.3539974747474748,0
RIMONE_r3_N-30-R_left_half,3,r3,0,0.5788309884559883,1
RIMONE_r3_N-31-L_left_half,3,r3,0,0.33681295093795094,0
RIMONE_r3_N-32-R_left_half,3,r3,0,0.32424152236652243,0
RIMONE_r3_N-33-L_left_half,3,r3,0,0.46260660173160184,0
RIMONE_r3_N-34-R_left_half,3,r3,0,0.50486056998557,1
RIMONE_r3_N-35-L_left_half,3,r3,0,0.49447961760461767,0
RIMONE_r3_N-36-R_left_half,3,r3,0,0.43979707792207795,0
RIMONE_r3_N-37-L_left_half,3,r3,0,0.5647296176046176,1
RIMONE_r3_N-38-R_left_half,3,r3,0,0.5075055916305916,1
RIMONE_r3_N-39-L_left_half,3,r3,0,0.369096681096681,0
RIMONE_r3_N-4-R_left_half,3,r3,0,0.33681295093795094,0
RIMONE_r3_N-40-R_left_half,3,r3,0,0.33096176046176046,0
RIMONE_r3_N-41-L_left_half,3,r3,0,0.3577950937950938,0
RIMONE_r3_N-42-R_left_half,3,r3,0,0.5568248556998556,1
RIMONE_r3_N-43-L_left_half,3,r3,0,0.5160093795093795,1
RIMONE_r3_N-44-R_left_half,3,r3,0,0.5537674963924963,1
RIMONE_r3_N-46-R_left_half,3,r3,0,0.5650115440115439,1
RIMONE_r3_N-47-L_left_half,3,r3,0,0.4281462842712843,0
RIMONE_r3_N-48-R_left_half,3,r3,0,0.6054300144300144,1
RIMONE_r3_N-49-L_left_half,3,r3,0,0.35705303030303037,0
RIMONE_r3_N-5-L_left_half,3,r3,0,0.33428120490620494,0
RIMONE_r3_N-50-R_left_half,3,r3,0,0.3493387445887446,0
RIMONE_r3_N-51-L_left_half,3,r3,0,0.6782977251506663,1
RIMONE_r3_N-52-R_left_half,3,r3,0,0.6673667027417026,1
RIMONE_r3_N-53-L_left_half,3,r3,0,0.473033189033189,0
RIMONE_r3_N-54-R_left_half,3,r3,0,0.4880331890331891,0
RIMONE_r3_N-55-L_left_half,3,r3,0,0.4986462842712842,0
RIMONE_r3_N-56-R_left_half,3,r3,0,0.5108189033189032,1
RIMONE_r3_N-58-R_left_half,3,r3,0,0.35933080808080803,0
RIMONE_r3_N-59-L_left_half,3,r3,0,0.5792474747474747,1
RIMONE_r3_N-6-R_left_half,3,r3,0,0.4956583694083694,0
RIMONE_r3_N-61-L_left_half,3,r3,0,0.6242693001443,1
RIMONE_r3_N-62-R_left_half,3,r3,0,0.5485155677655678,1
RIMONE_r3_N-63-L_left_half,3,r3,0,0.4611462842712843,0
RIMONE_r3_N-64-R_left_half,3,r3,0,0.323812950937951,0
RIMONE_r3_N-65-L_left_half,3,r3,0,0.5607674963924962,1
RIMONE_r3_N-66-R_left_half,3,r3,0,0.45996096468890585,0
RIMONE_r3_N-67-L_left_half,3,r3,0,0.5341762265512265,1
RIMONE_r3_N-68-R_left_half,3,r3,0,0.5369758297258297,1
RIMONE_r3_N-69-L_left_half,3,r3,0,0.49049963924963935,0
RIMONE_r3_N-7-L_left_half,3,r3,0,0.43906295093795095,0
RIMONE_r3_N-70-R_left_half,3,r3,0,0.5356165223665222,1
RIMONE_r3_N-71-L_left_half,3,r3,0,0.6497853535353535,1
RIMONE_r3_N-72-R_left_half,3,r3,0,0.3244002525252525,0
RIMONE_r3_N-73-R_left_half,3,r3,0,0.536033189033189,1
RIMONE_r3_N-74-L_left_half,3,r3,0,0.31474152236652236,0
RIMONE_r3_N-75-R_left_half,3,r3,0,0.3194716810966811,0
RIMONE_r3_N-76-R_left_half,3,r3,0,0.46694390331890334,0
RIMONE_r3_N-78-R_left_half,3,r3,0,0.49653786001580136,0
RIMONE_r3_N-79-L_left_half,3,r3,0,0.33555104617604614,0
RIMONE_r3_N-8-L_left_half,3,r3,0,0.35647366522366525,0
RIMONE_r3_N-80-R_left_half,3,r3,0,0.5026592712842716,1
RIMONE_r3_N-81-L_left_half,3,r3,0,0.5477297979797978,1
RIMONE_r3_N-82-R_left_half,3,r3,0,0.49502128427128433,0
RIMONE_r3_N-83-L_left_half,3,r3,0,0.34115891053391045,0
RIMONE_r3_N-84-R_left_half,3,r3,0,0.5098546176046176,1
RIMONE_r3_N-85-L_left_half,3,r3,0,0.37540223665223665,0
RIMONE_r3_N-86-R_left_half,3,r3,0,0.3258427128427128,0
RIMONE_r3_N-87-L_left_half,3,r3,0,0.5043546176046176,1
RIMONE_r3_N-88-R_left_half,3,r3,0,0.3596165223665224,0
RIMONE_r3_N-9-L_left_half,3,r3,0,0.3624141414141414,0
RIMONE_r3_N-90-R_left_half,3,r3,0,0.3588665223665224,0
RIMONE_r3_N-91-L_left_half,3,r3,0,0.5586165223665222,1
RIMONE_r3_N-92-R_left_half,3,r3,0,0.46725342712842727,0
RIMONE_r1_Im069,4,r1,1,0.41972582972582984,0
RIMONE_r1_Im103,4,r1,1,0.513479797979798,1
RIMONE_r1_Im113,4,r1,1,0.49932106782106794,0
RIMONE_r1_Im117,4,r1,1,0.47901551226551237,0
RIMONE_r1_Im118,4,r1,1,0.4257337662337664,0
RIMONE_r1_Im120,4,r1,1,0.46049567099567107,0
RIMONE_r1_Im121,4,r1,1,0.4355631313131314,0
RIMONE_r1_Im122,4,r1,1,0.45630916305916314,0
RIMONE_r1_Im135,4,r1,1,0.5396385281385282,1
RIMONE_r1_Im144,4,r1,1,0.45725360750360755,0
RIMONE_r1_Im158,4,r1,1,0.532432178932179,1
RIMONE_r1_Im167,4,r1,1,0.5129083694083694,1
RIMONE_r2_Im257,4,r2,1,0.5870591630591631,1
RIMONE_r2_Im258,4,r2,1,0.5492258297258298,1
RIMONE_r2_Im260,4,r2,1,0.538416305916306,1
RIMONE_r2_Im263,4,r2,1,0.46671392496392505,0
RIMONE_r2_Im264,4,r2,1,0.5468647186147186,1
RIMONE_r2_Im266,4,r2,1,0.5446226551226552,1
RIMONE_r2_Im267,4,r2,1,0.6283495670995672,1
RIMONE_r2_Im268,4,r2,1,0.5470725108225108,1
RIMONE_r2_Im269,4,r2,1,0.4840948773448775,0
RIMONE_r2_Im270,4,r2,1,0.4488924963924965,0
RIMONE_r2_Im273,4,r2,1,0.4847496392496394,0
RIMONE_r2_Im275,4,r2,1,0.47340440115440124,0
RIMONE_r2_Im277,4,r2,1,0.5266305916305917,1
RIMONE_r2_Im281,4,r2,1,0.37310678210678205,0
RIMONE_r2_Im287,4,r2,1,0.5944653679653681,1
RIMONE_r2_Im288,4,r2,1,0.5067377344877346,1
RIMONE_r2_Im289,4,r2,1,0.5040036075036076,1
RIMONE_r2_Im290,4,r2,1,0.47858297258297255,0
RIMONE_r2_Im291,4,r2,1,0.4370591630591631,0
RIMONE_r2_Im292,4,r2,1,0.558071067821068,1
RIMONE_r2_Im293,4,r2,1,0.5332435064935065,1
RIMONE_r2_Im294,4,r2,1,0.46449819624819627,0
RIMONE_r2_Im301,4,r2,1,0.5160472582972583,1
RIMONE_r2_Im302,4,r2,1,0.5882059884559885,1
RIMONE_r2_Im303,4,r2,1,0.5713250360750362,1
RIMONE_r2_Im305,4,r2,1,0.5639321789321791,1
RIMONE_r2_Im314,4,r2,1,0.49131673881673893,0
RIMONE_r2_Im315,4,r2,1,0.44444011544011536,0
RIMONE_r2_Im317,4,r2,1,0.5329401154401155,1
RIMONE_r2_Im318,4,r2,1,0.5497575757575758,1
RIMONE_r2_Im319,4,r2,1,0.4758210678210679,0
RIMONE_r2_Im320,4,r2,1,0.5582813852813854,1
RIMONE_r2_Im321,4,r2,1,0.6347655122655123,1
RIMONE_r2_Im324,4,r2,1,0.5764678932178932,1
RIMONE_r2_Im329,4,r2,1,0.5084758297258299,1
RIMONE_r2_Im330,4,r2,1,0.42386868686868695,0
RIMONE_r2_Im331,4,r2,1,0.538416305916306,1
RIMONE_r2_Im332,4,r2,1,0.5414718614718614,1
RIMONE_r2_Im333,4,r2,1,0.5554083694083695,1
RIMONE_r2_Im334,4,r2,1,0.5407456709956711,1
RIMONE_r2_Im338,4,r2,1,0.5282258297258298,1
RIMONE_r2_Im339,4,r2,1,0.48901154401154406,0
RIMONE_r2_Im343,4,r2,1,0.5084282106782108,1
RIMONE_r2_Im344,4,r2,1,0.6238823953823953,1
RIMONE_r1_Im001,4,r1,0,0.5063686868686869,1
RIMONE_r1_Im003,4,r1,0,0.5408805916305915,1
RIMONE_r1_Im004,4,r1,0,0.4727853535353536,0
RIMONE_r1_Im006,4,r1,0,0.5776464646464646,1
RIMONE_r1_Im008,4,r1,0,0.5290948773448774,1
RIMONE_r1_Im011,4,r1,0,0.5683964646464648,1
RIMONE_r1_Im012,4,r1,0,0.5295869408369408,1
RIMONE_r1_Im014,4,r1,0,0.5623885281385281,1
RIMONE_r1_Im015,4,r1,0,0.5181742424242425,1
RIMONE_r1_Im019,4,r1,0,0.5098167388167388,1
RIMONE_r1_Im020,4,r1,0,0.49631709956709963,0
RIMONE_r1_Im022,4,r1,0,0.4348091630591631,0
RIMONE_r1_Im023,4,r1,0,0.4264758297258298,0
RIMONE_r1_Im024,4,r1,0,0.5488964646464647,1
RIMONE_r1_Im025,4,r1,0,0.5361424963924963,1
RIMONE_r1_Im026,4,r1,0,0.5227099567099568,1
RIMONE_r1_Im027,4,r1,0,0.5023686868686869,1
RIMONE_r1_Im028,4,r1,0,0.437916305916306,0
RIMONE_r1_Im029,4,r1,0,0.4434044011544012,0
RIMONE_r1_Im031,4,r1,0,0.540618686868687,1
RIMONE_r1_Im032,4,r1,0,0.5336464646464647,1
RIMONE_r1_Im033,4,r1,0,0.5503607503607505,1
RIMONE_r1_Im036,4,r1,0,0.4032020202020201,0
RIMONE_r1_Im037,4,r1,0,0.400277417027417,0
RIMONE_r1_Im040,4,r1,0,0.5119163059163059,1
RIMONE_r1_Im041,4,r1,0,0.5182377344877345,1
RIMONE_r1_Im042,4,r1,0,0.4920472582972583,0
RIMONE_r1_Im046,4,r1,0,0.5402258297258298,1
RIMONE_r1_Im047,4,r1,0,0.5305710678210678,1
RIMONE_r1_Im050,4,r1,0,0.4689520202020202,0
RIMONE_r1_Im052,4,r1,0,0.5424163059163059,1
RIMONE_r1_Im054,4,r1,0,0.5461107503607504,1
RIMONE_r1_Im055,4,r1,0,0.4415948773448774,0
RIMONE_r1_Im056,4,r1,0,0.47096392496392503,0
RIMONE_r1_Im057,4,r1,0,0.5346901154401155,1
RIMONE_r1_Im058,4,r1,0,0.5370869408369409,1
RIMONE_r1_Im059,4,r1,0,0.5472575757575757,1
RIMONE_r1_Im060,4,r1,0,0.4614758297258298,0
RIMONE_r1_Im061,4,r1,0,0.5490313852813853,1
RIMONE_r1_Im062,4,r1,0,0.4673329725829727,0
RIMONE_r1_Im063,4,r1,0,0.43280916305916306,0
RIMONE_r1_Im071,4,r1,0,0.475182178932179,0
RIMONE_r1_Im072,4,r1,0,0.5283448773448773,1
RIMONE_r1_Im073,4,r1,0,0.5132059884559884,1
RIMONE_r1_Im080,4,r1,0,0.4621028138528138,0
RIMONE_r1_Im082,4,r1,0,0.4488726551226552,0
RIMONE_r1_Im086,4,r1,0,0.5390551948051948,1
RIMONE_r1_Im087,4,r1,0,0.4730591630591631,0
RIMONE_r1_Im095,4,r1,0,0.5314599567099568,1
RIMONE_r1_Im107,4,r1,0,0.4974996392496393,0
RIMONE_r1_Im108,4,r1,0,0.4384202741702742,0
RIMONE_r1_Im115,4,r1,0,0.4843726551226551,0
RIMONE_r1_Im116,4,r1,0,0.40914249639249656,0
RIMONE_r1_Im119,4,r1,0,0.5343607503607504,1
RIMONE_r1_Im125,4,r1,0,0.4354758297258299,0
RIMONE_r1_Im127,4,r1,0,0.44164249639249653,0
RIMONE_r1_Im128,4,r1,0,0.497916305916306,0
RIMONE_r1_Im129,4,r1,0,0.49384487734487736,0
RIMONE_r1_Im130,4,r1,0,0.5718924963924964,1
RIMONE_r1_Im131,4,r1,0,0.4233964646464647,0
RIMONE_r1_Im132,4,r1,0,0.4991901154401155,0
RIMONE_r1_Im133,4,r1,0,0.4448329725829727,0
RIMONE_r1_Im136,4,r1,0,0.47299963924963917,0
RIMONE_r1_Im137,4,r1,0,0.5297178932178932,1
RIMONE_r1_Im138,4,r1,0,0.442979797979798,0
RIMONE_r1_Im142,4,r1,0,0.5330710678210678,1
RIMONE_r1_Im143,4,r1,0,0.5686940836940838,1
RIMONE_r1_Im145,4,r1,0,0.5578964646464646,1
RIMONE_r1_Im146,4,r1,0,0.4893845598845599,0
RIMONE_r1_Im149,4,r1,0,0.4720631313131313,0
RIMONE_r1_Im150,4,r1,0,0.464213924963925,0
RIMONE_r1_Im151,4,r1,0,0.5407615440115441,1
RIMONE_r1_Im152,4,r1,0,0.5583964646464646,1
RIMONE_r1_Im153,4,r1,0,0.5791544011544012,1
RIMONE_r1_Im154,4,r1,0,0.4938448773448774,0
RIMONE_r1_Im155,4,r1,0,0.5548012265512265,1
RIMONE_r1_Im156,4,r1,0,0.5095988455988456,1
RIMONE_r1_Im159,4,r1,0,0.4915234487734488,0
RIMONE_r1_Im161,4,r1,0,0.49520598845598857,0
RIMONE_r1_Im162,4,r1,0,0.5588012265512265,1
RIMONE_r1_Im163,4,r1,0,0.45652741702741706,0
RIMONE_r1_Im164,4,r1,0,0.5010829725829726,1
RIMONE_r1_Im165,4,r1,0,0.4119520202020201,0
RIMONE_r1_Im166,4,r1,0,0.4405750360750361,0
RIMONE_r1_Im168,4,r1,0,0.5187774170274171,1
RIMONE_r1_Im169,4,r1,0,0.5163131313131314,1
RIMONE_r2_Im001,4,r2,0,0.5614917027417028,1
RIMONE_r2_Im002,4,r2,0,0.4934520202020202,0
RIMONE_r2_Im003,4,r2,0,0.4972178932178932,0
RIMONE_r2_Im004,4,r2,0,0.556729797979798,1
RIMONE_r2_Im005,4,r2,0,0.5644559884559885,1
RIMONE_r2_Im006,4,r2,0,0.566729797979798,1
RIMONE_r2_Im007,4,r2,0,0.535590909090909,1
RIMONE_r2_Im009,4,r2,0,0.5144877344877345,1
RIMONE_r2_Im010,4,r2,0,0.5512059884559884,1
RIMONE_r2_Im011,4,r2,0,0.5607139249639249,1
RIMONE_r2_Im012,4,r2,0,0.5500631313131312,1
RIMONE_r2_Im013,4,r2,0,0.4761424963924965,0
RIMONE_r2_Im014,4,r2,0,0.533729797979798,1
RIMONE_r2_Im015,4,r2,0,0.45884487734487744,0
RIMONE_r2_Im016,4,r2,0,0.4157020202020203,0
RIMONE_r2_Im017,4,r2,0,0.5568528138528138,1
RIMONE_r2_Im018,4,r2,0,0.5648542568542568,1
RIMONE_r2_Im019,4,r2,0,0.5456226551226553,1
RIMONE_r2_Im020,4,r2,0,0.4668805916305917,0
RIMONE_r2_Im021,4,r2,0,0.4948448773448774,0
RIMONE_r2_Im022,4,r2,0,0.5551226551226552,1
RIMONE_r2_Im023,4,r2,0,0.45218217893217905,0
RIMONE_r2_Im024,4,r2,0,0.4961821789321791,0
RIMONE_r2_Im025,4,r2,0,0.4282020202020203,0
RIMONE_r2_Im026,4,r2,0,0.4293448773448775,0
RIMONE_r2_Im027,4,r2,0,0.5683964646464648,1
RIMONE_r2_Im028,4,r2,0,0.4348091630591631,0
RIMONE_r2_Im029,4,r2,0,0.4429123376623376,0
RIMONE_r2_Im030,4,r2,0,0.5171782106782107,1
RIMONE_r2_Im031,4,r2,0,0.5233766233766234,1
RIMONE_r2_Im032,4,r2,0,0.4623210678210679,0
RIMONE_r2_Im033,4,r2,0,0.5344202741702743,1
RIMONE_r2_Im347,4,r2,1,0.4990764790764791,0
RIMONE_r2_Im348,4,r2,1,0.5356345598845599,1
RIMONE_r2_Im351,4,r2,1,0.4693170995670996,0
RIMONE_r2_Im352,4,r2,1,0.46480122655122663,0
RIMONE_r2_Im354,4,r2,1,0.45772582972582976,0
RIMONE_r2_Im355,4,r2,1,0.46257503607503614,0
RIMONE_r2_Im356,4,r2,1,0.4844877344877346,0
RIMONE_r2_Im357,4,r2,1,0.5733131313131313,1
RIMONE_r2_Im358,4,r2,1,0.5839242424242425,1
RIMONE_r2_Im362,4,r2,1,0.5637496392496393,1
RIMONE_r2_Im365,4,r2,1,0.49478535353535363,0
RIMONE_r2_Im366,4,r2,1,0.5128369408369409,1
RIMONE_r2_Im369,4,r2,1,0.6071623376623377,1
RIMONE_r2_Im373,4,r2,1,0.5142813852813853,1
RIMONE_r2_Im376,4,r2,1,0.42814249639249646,0
RIMONE_r2_Im377,4,r2,1,0.6220670995670996,1
RIMONE_r2_Im383,4,r2,1,0.42814249639249646,0
RIMONE_r2_Im384,4,r2,1,0.4722337662337663,0
RIMONE_r2_Im385,4,r2,1,0.49234487734487736,0
RIMONE_r2_Im387,4,r2,1,0.5685194805194805,1
RIMONE_r2_Im388,4,r2,1,0.5083369408369409,1
RIMONE_r2_Im389,4,r2,1,0.5028369408369409,1
RIMONE_r2_Im390,4,r2,1,0.4761464646464647,0
RIMONE_r2_Im391,4,r2,1,0.4913448773448774,0
RIMONE_r2_Im392,4,r2,1,0.5156702741702742,1
RIMONE_r2_Im393,4,r2,1,0.5987316017316018,1
RIMONE_r2_Im398,4,r2,1,0.48519805194805193,0
RIMONE_r2_Im399,4,r2,1,0.5206028138528138,1
RIMONE_r2_Im400,4,r2,1,0.48091630591630596,0
RIMONE_r2_Im401,4,r2,1,0.5114163059163059,1
RIMONE_r2_Im402,4,r2,1,0.37577741702741707,0
RIMONE_r2_Im403,4,r2,1,0.44808297258297275,0
RIMONE_r2_Im404,4,r2,1,0.48514646464646466,0
RIMONE_r2_Im406,4,r2,1,0.4661544011544013,0
RIMONE_r2_Im407,4,r2,1,0.5410512265512266,1
RIMONE_r2_Im408,4,r2,1,0.5541663059163059,1
RIMONE_r2_Im414,4,r2,1,0.5163528138528141,1
RIMONE_r2_Im415,4,r2,1,0.5059282106782108,1
RIMONE_r2_Im416,4,r2,1,0.5042258297258299,1
RIMONE_r2_Im418,4,r2,1,0.4858369408369409,0
RIMONE_r2_Im419,4,r2,1,0.5314758297258297,1
RIMONE_r2_Im420,4,r2,1,0.5602496392496392,1
RIMONE_r2_Im421,4,r2,1,0.5061305916305918,1
RIMONE_r2_Im422,4,r2,1,0.5095036075036075,1
RIMONE_r2_Im424,4,r2,1,0.5159282106782108,1
RIMONE_r2_Im427,4,r2,1,0.49153932178932186,0
RIMONE_r2_Im428,4,r2,1,0.49498773448773453,0
RIMONE_r2_Im429,4,r2,1,0.4985353535353536,0
RIMONE_r2_Im432,4,r2,1,0.5146782106782107,1
RIMONE_r2_Im433,4,r2,1,0.6626580086580087,1
RIMONE_r2_Im436,4,r2,1,0.5496583694083694,1
RIMONE_r2_Im439,4,r2,1,0.38665440115440114,0
RIMONE_r2_Im441,4,r2,1,0.49770202020202026,0
RIMONE_r2_Im442,4,r2,1,0.4812893217893219,0
RIMONE_r2_Im443,4,r2,1,0.5441226551226552,1
RIMONE_r2_Im444,4,r2,1,0.500432178932179,1
RIMONE_r2_Im445,4,r2,1,0.4447020202020202,0
RIMONE_r2_Im448,4,r2,1,0.5618528138528138,1
RIMONE_r2_Im449,4,r2,1,0.5610194805194806,1
RIMONE_r2_Im450,4,r2,1,0.5627417027417028,1
RIMONE_r2_Im451,4,r2,1,0.4951067821067822,0
RIMONE_r2_Im453,4,r2,1,0.5218647186147186,1
RIMONE_r2_Im454,4,r2,1,0.5306147186147185,1
RIMONE_r2_Im455,4,r2,1,0.6120750360750361,1
RIMONE_r3_G-1-L_left_half,4,r3,1,0.4357539682539684,0
RIMONE_r3_G-10-L_left_half,4,r3,1,0.6661980519480522,1
RIMONE_r3_G-11-R_left_half,4,r3,1,0.6187380952380953,1
RIMONE_r3_G-12-L_left_half,4,r3,1,0.43920202020202026,0
RIMONE_r3_G-13-R_left_half,4,r3,1,0.6177380952380954,1
RIMONE_r3_G-14-R_left_half,4,r3,1,0.4458250360750361,0
RIMONE_r3_G-15-L_left_half,4,r3,1,0.4372774170274171,0
RIMONE_r3_G-16-R_left_half,4,r3,1,0.3797417027417027,0
RIMONE_r3_G-17-L_left_half,4,r3,1,0.444086940836941,0
RIMONE_r3_G-18-R_left_half,4,r3,1,0.45566630591630597,0
RIMONE_r3_G-2-R_left_half,4,r3,1,0.5023448773448773,1
RIMONE_r3_G-22-L_left_half,4,r3,1,0.6218373015873017,1
RIMONE_r3_G-23-R_left_half,4,r3,1,0.5147337662337663,1
RIMONE_r3_G-25-L_left_half,4,r3,1,0.5044202741702742,1
RIMONE_r3_G-27-R_left_half,4,r3,1,0.5387099567099568,1
RIMONE_r3_G-29-R_left_half,4,r3,1,0.46645598845598846,0
RIMONE_r3_G-3-R_left_half,4,r3,1,0.6449282106782109,1
RIMONE_r3_G-30-L_left_half,4,r3,1,0.5577456709956711,1
RIMONE_r3_G-31-R_left_half,4,r3,1,0.5348181818181819,1
RIMONE_r3_G-32-L_left_half,4,r3,1,0.5538221500721502,1
RIMONE_r3_G-33-R_left_half,4,r3,1,0.47265836940836947,0
RIMONE_r3_G-34-L_left_half,4,r3,1,0.6099444444444445,1
RIMONE_r3_G-35-R_left_half,4,r3,1,0.4182258297258297,0
RIMONE_r3_G-37-R_left_half,4,r3,1,0.5885036075036075,1
RIMONE_r3_G-38-L_left_half,4,r3,1,0.5244996392496393,1
RIMONE_r3_G-39-L_left_half,4,r3,1,0.5604617604617607,1
RIMONE_r3_G-6-L_left_half,4,r3,1,0.47330158730158745,0
RIMONE_r3_G-8-R_left_half,4,r3,1,0.48408297258297267,0
RIMONE_r3_G-9-R_left_half,4,r3,1,0.4872178932178933,0
RIMONE_r3_S-1-L_left_half,4,r3,1,0.49117821067821077,0
RIMONE_r3_S-10-R_left_half,4,r3,1,0.6214444444444446,1
RIMONE_r3_S-11-L_left_half,4,r3,1,0.5159520202020204,1
RIMONE_r3_S-12-L_left_half,4,r3,1,0.7252976190476192,1
RIMONE_r3_S-13-R_left_half,4,r3,1,0.5623012265512265,1
RIMONE_r3_S-14-R_left_half,4,r3,1,0.48514249639249646,0
RIMONE_r3_S-18-L_left_half,4,r3,1,0.4151663059163059,0
RIMONE_r3_S-19-R_left_half,4,r3,1,0.38297979797979786,0
RIMONE_r3_S-2-L_left_half,4,r3,1,0.4449520202020203,0
RIMONE_r3_S-20-L_left_half,4,r3,1,0.579229797979798,1
RIMONE_r3_S-21-R_left_half,4,r3,1,0.5786147186147187,1
RIMONE_r3_S-25-L_left_half,4,r3,1,0.5960158730158731,1
RIMONE_r3_S-26-R_left_half,4,r3,1,0.5432853535353535,1
RIMONE_r3_S-28-R_left_half,4,r3,1,0.48702741702741714,0
RIMONE_r3_S-29-R_left_half,4,r3,1,0.4299401154401155,0
RIMONE_r3_S-30-L_left_half,4,r3,1,0.4404996392496393,0
RIMONE_r3_S-31-L_left_half,4,r3,1,0.43283297258297254,0
RIMONE_r3_S-32-L_left_half,4,r3,1,0.4301901154401155,0
RIMONE_r3_S-33-R_left_half,4,r3,1,0.4082258297258297,0
RIMONE_r3_S-35-R_left_half,4,r3,1,0.5392655122655122,1
RIMONE_r3_S-4-L_left_half,4,r3,1,0.593325396825397,1
RIMONE_r3_S-6-R_left_half,4,r3,1,0.5013975468975469,1
RIMONE_r3_S-9-L_left_half,4,r3,1,0.5948174603174603,1
RIMONE_r2_Im034,4,r2,0,0.45130916305916324,0
RIMONE_r2_Im036,4,r2,0,0.4348091630591631,0
RIMONE_r2_Im038,4,r2,0,0.43447582972582977,0
RIMONE_r2_Im040,4,r2,0,0.5031424963924965,1
RIMONE_r2_Im042,4,r2,0,0.5111782106782108,1
RIMONE_r2_Im044,4,r2,0,0.49177344877344886,0
RIMONE_r2_Im046,4,r2,0,0.5040234487734488,1
RIMONE_r2_Im048,4,r2,0,0.49071789321789333,0
RIMONE_r2_Im050,4,r2,0,0.4494044011544013,0
RIMONE_r2_Im052,4,r2,0,0.4631782106782108,0
RIMONE_r2_Im054,4,r2,0,0.4630829725829727,0
RIMONE_r2_Im056,4,r2,0,0.47813455988456,0
RIMONE_r2_Im058,4,r2,0,0.5310869408369409,1
RIMONE_r2_Im060,4,r2,0,0.4410710678210679,0
RIMONE_r2_Im062,4,r2,0,0.497666305916306,0
RIMONE_r2_Im064,4,r2,0,0.4477377344877345,0
RIMONE_r2_Im066,4,r2,0,0.43824567099567097,0
RIMONE_r2_Im068,4,r2,0,0.48321392496392507,0
RIMONE_r2_Im070,4,r2,0,0.44816630591630596,0
RIMONE_r2_Im072,4,r2,0,0.5084996392496394,1
RIMONE_r2_Im074,4,r2,0,0.559979797979798,1
RIMONE_r2_Im076,4,r2,0,0.4874520202020203,0
RIMONE_r2_Im078,4,r2,0,0.43380916305916317,0
RIMONE_r2_Im080,4,r2,0,0.4660948773448774,0
RIMONE_r2_Im082,4,r2,0,0.49728932178932184,0
RIMONE_r2_Im084,4,r2,0,0.4816385281385282,0
RIMONE_r2_Im086,4,r2,0,0.4304758297258298,0
RIMONE_r2_Im088,4,r2,0,0.5019282106782108,1
RIMONE_r2_Im090,4,r2,0,0.4197496392496394,0
RIMONE_r2_Im092,4,r2,0,0.5265115440115441,1
RIMONE_r2_Im094,4,r2,0,0.4964520202020203,0
RIMONE_r2_Im096,4,r2,0,0.42947582972582976,0
RIMONE_r2_Im098,4,r2,0,0.44333297258297266,0
RIMONE_r2_Im100,4,r2,0,0.4573329725829727,0
RIMONE_r2_Im102,4,r2,0,0.5456663059163059,1
RIMONE_r2_Im104,4,r2,0,0.4417377344877346,0
RIMONE_r2_Im106,4,r2,0,0.49622582972582985,0
RIMONE_r2_Im108,4,r2,0,0.4364758297258298,0
RIMONE_r2_Im110,4,r2,0,0.498666305916306,0
RIMONE_r2_Im112,4,r2,0,0.5446583694083694,1
RIMONE_r2_Im114,4,r2,0,0.5444401154401155,1
RIMONE_r2_Im116,4,r2,0,0.5420393217893218,1
RIMONE_r2_Im118,4,r2,0,0.5069520202020203,1
RIMONE_r2_Im120,4,r2,0,0.43380916305916317,0
RIMONE_r2_Im122,4,r2,0,0.4708805916305917,0
RIMONE_r2_Im124,4,r2,0,0.48426154401154414,0
RIMONE_r2_Im126,4,r2,0,0.4749123376623377,0
RIMONE_r2_Im128,4,r2,0,0.42980916305916317,0
RIMONE_r2_Im130,4,r2,0,0.4219758297258298,0
RIMONE_r2_Im132,4,r2,0,0.4348091630591631,0
RIMONE_r2_Im134,4,r2,0,0.53338455988456,1
RIMONE_r2_Im136,4,r2,0,0.47321392496392506,0
RIMONE_r2_Im138,4,r2,0,0.4868726551226552,0
RIMONE_r2_Im140,4,r2,0,0.43802344877344884,0
RIMONE_r2_Im142,4,r2,0,0.4417377344877346,0
RIMONE_r2_Im144,4,r2,0,0.5645115440115441,1
RIMONE_r2_Im146,4,r2,0,0.5620234487734488,1
RIMONE_r2_Im148,4,r2,0,0.4477377344877345,0
RIMONE_r2_Im150,4,r2,0,0.4463091630591631,0
RIMONE_r2_Im152,4,r2,0,0.42447582972582976,0
RIMONE_r2_Im154,4,r2,0,0.49242821067821074,0
RIMONE_r2_Im156,4,r2,0,0.4453091630591631,0
RIMONE_r2_Im158,4,r2,0,0.449166305916306,0
RIMONE_r2_Im160,4,r2,0,0.4348091630591631,0
RIMONE_r2_Im162,4,r2,0,0.503166305916306,1
RIMONE_r2_Im164,4,r2,0,0.4544956709956711,0
RIMONE_r2_Im166,4,r2,0,0.5360948773448774,1
RIMONE_r2_Im168,4,r2,0,0.5199837662337663,1
RIMONE_r2_Im170,4,r2,0,0.5069520202020203,1
RIMONE_r2_Im172,4,r2,0,0.4665472582972584,0
RIMONE_r2_Im174,4,r2,0,0.5444401154401155,1
RIMONE_r2_Im176,4,r2,0,0.48887265512265515,0
RIMONE_r2_Im178,4,r2,0,0.47821392496392506,0
RIMONE_r2_Im180,4,r2,0,0.49945202020202034,0
RIMONE_r2_Im182,4,r2,0,0.5492734487734487,1
RIMONE_r2_Im184,4,r2,0,0.5485115440115441,1
RIMONE_r2_Im186,4,r2,0,0.4453091630591631,0
RIMONE_r2_Im188,4,r2,0,0.4511702741702742,0
RIMONE_r2_Im190,4,r2,0,0.5299202741702742,1
RIMONE_r2_Im192,4,r2,0,0.4448329725829727,0
RIMONE_r2_Im194,4,r2,0,0.5019282106782108,1
RIMONE_r2_Im196,4,r2,0,0.4348091630591631,0
RIMONE_r2_Im198,4,r2,0,0.42947582972582976,0
RIMONE_r2_Im200,4,r2,0,0.48792821067821074,0
RIMONE_r2_Im202,4,r2,0,0.5006544011544011,1
RIMONE_r2_Im206,4,r2,0,0.4499520202020203,0
RIMONE_r2_Im208,4,r2,0,0.47421392496392506,0
RIMONE_r2_Im210,4,r2,0,0.4665472582972584,0
RIMONE_r2_Im212,4,r2,0,0.42947582972582976,0
RIMONE_r2_Im214,4,r2,0,0.5275551948051949,1
RIMONE_r2_Im216,4,r2,0,0.4329758297258298,0
RIMONE_r2_Im218,4,r2,0,0.5437536075036076,1
RIMONE_r2_Im220,4,r2,0,0.4893448773448774,0
RIMONE_r2_Im222,4,r2,0,0.4214163059163061,0
RIMONE_r2_Im224,4,r2,0,0.47524963924963937,0
RIMONE_r2_Im226,4,r2,0,0.4926702741702742,0
RIMONE_r2_Im228,4,r2,0,0.4883885281385282,0
RIMONE_r2_Im230,4,r2,0,0.5245696248196249,1
RIMONE_r2_Im232,4,r2,0,0.48708694083694093,0
RIMONE_r2_Im234,4,r2,0,0.48171392496392507,0
RIMONE_r2_Im236,4,r2,0,0.5786107503607504,1
RIMONE_r2_Im238,4,r2,0,0.4508329725829727,0
RIMONE_r2_Im240,4,r2,0,0.5525115440115441,1
RIMONE_r2_Im242,4,r2,0,0.5273329725829727,1
RIMONE_r2_Im244,4,r2,0,0.4388091630591632,0
RIMONE_r2_Im246,4,r2,0,0.501979797979798,1
RIMONE_r2_Im248,4,r2,0,0.40734487734487723,0
RIMONE_r2_Im250,4,r2,0,0.45309090909090904,0
RIMONE_r2_Im252,4,r2,0,0.5446702741702744,1
RIMONE_r2_Im254,4,r2,0,0.47321392496392506,0
RIMONE_r3_N-1-L_left_half,4,r3,0,0.3966702741702741,0
RIMONE_r3_N-10-R_left_half,4,r3,0,0.5017099567099568,1
RIMONE_r3_N-11-L_left_half,4,r3,0,0.4773210678210679,0
RIMONE_r3_N-12-R_left_half,4,r3,0,0.4885909090909092,0
RIMONE_r3_N-13-L_left_half,4,r3,0,0.5542734487734489,1
RIMONE_r3_N-14-R_left_half,4,r3,0,0.4586305916305917,0
RIMONE_r3_N-16-R_left_half,4,r3,0,0.39836868686868676,0
RIMONE_r3_N-17-L_left_half,4,r3,0,0.5364044011544011,1
RIMONE_r3_N-18-R_left_half,4,r3,0,0.4190631313131313,0
RIMONE_r3_N-2-R_left_half,4,r3,0,0.5661583694083694,1
RIMONE_r3_N-20-R_left_half,4,r3,0,0.4186424963924964,0
RIMONE_r3_N-21-L_left_half,4,r3,0,0.5289700577200578,1
RIMONE_r3_N-22-R_left_half,4,r3,0,0.4773080808080809,0
RIMONE_r3_N-23-L_left_half,4,r3,0,0.4119321789321788,0
RIMONE_r3_N-24-R_left_half,4,r3,0,0.5271464646464648,1
RIMONE_r3_N-25-L_left_half,4,r3,0,0.4757496392496393,0
RIMONE_r3_N-26-R_left_half,4,r3,0,0.42441630591630597,0
RIMONE_r3_N-27-L_left_half,4,r3,0,0.4178686868686869,0
RIMONE_r3_N-28-R_left_half,4,r3,0,0.4186424963924964,0
RIMONE_r3_N-29-L_left_half,4,r3,0,0.49716630591630595,0
RIMONE_r3_N-3-L_left_half,4,r3,0,0.4414202741702742,0
RIMONE_r3_N-30-R_left_half,4,r3,0,0.5321345598845599,1
RIMONE_r3_N-31-L_left_half,4,r3,0,0.43999170274170274,0
RIMONE_r3_N-32-R_left_half,4,r3,0,0.42281313131313125,0
RIMONE_r3_N-33-L_left_half,4,r3,0,0.4301940836940837,0
RIMONE_r3_N-34-R_left_half,4,r3,0,0.500904401154401,1
RIMONE_r3_N-35-L_left_half,4,r3,0,0.4880988455988456,0
RIMONE_r3_N-36-R_left_half,4,r3,0,0.41269408369408367,0
RIMONE_r3_N-37-L_left_half,4,r3,0,0.5634520202020203,1
RIMONE_r3_N-38-R_left_half,4,r3,0,0.5423964646464648,1
RIMONE_r3_N-39-L_left_half,4,r3,0,0.4412972582972583,0
RIMONE_r3_N-4-R_left_half,4,r3,0,0.4414202741702742,0
RIMONE_r3_N-40-R_left_half,4,r3,0,0.41851551226551237,0
RIMONE_r3_N-41-L_left_half,4,r3,0,0.5033448773448773,1
RIMONE_r3_N-42-R_left_half,4,r3,0,0.518463924963925,1
RIMONE_r3_N-43-L_left_half,4,r3,0,0.5125750360750362,1
RIMONE_r3_N-44-R_left_half,4,r3,0,0.5414520202020203,1
RIMONE_r3_N-46-R_left_half,4,r3,0,0.4594678932178933,0
RIMONE_r3_N-47-L_left_half,4,r3,0,0.39763059163059156,0
RIMONE_r3_N-48-R_left_half,4,r3,0,0.5554069264069265,1
RIMONE_r3_N-49-L_left_half,4,r3,0,0.47346789321789323,0
RIMONE_r3_N-5-L_left_half,4,r3,0,0.4388091630591632,0
RIMONE_r3_N-50-R_left_half,4,r3,0,0.4674678932178932,0
RIMONE_r3_N-51-L_left_half,4,r3,0,0.70484126984127,1
RIMONE_r3_N-52-R_left_half,4,r3,0,0.60988455988456,1
RIMONE_r3_N-53-L_left_half,4,r3,0,0.4247178932178933,0
RIMONE_r3_N-54-R_left_half,4,r3,0,0.4673369408369409,0
RIMONE_r3_N-55-L_left_half,4,r3,0,0.5064044011544011,1
RIMONE_r3_N-56-R_left_half,4,r3,0,0.522261544011544,1
RIMONE_r3_N-58-R_left_half,4,r3,0,0.43594011544011557,0
RIMONE_r3_N-59-L_left_half,4,r3,0,0.5640710678210679,1
RIMONE_r3_N-6-R_left_half,4,r3,0,0.5231107503607505,1
RIMONE_r3_N-61-L_left_half,4,r3,0,0.59438455988456,1
RIMONE_r3_N-62-R_left_half,4,r3,0,0.5523748196248197,1
RIMONE_r3_N-63-L_left_half,4,r3,0,0.4974083694083694,0
RIMONE_r3_N-64-R_left_half,4,r3,0,0.43502344877344873,0
RIMONE_r3_N-65-L_left_half,4,r3,0,0.5127655122655124,1
RIMONE_r3_N-66-R_left_half,4,r3,0,0.5009671717171719,1
RIMONE_r3_N-67-L_left_half,4,r3,0,0.5337456709956709,1
RIMONE_r3_N-68-R_left_half,4,r3,0,0.5460790043290044,1
RIMONE_r3_N-69-L_left_half,4,r3,0,0.4999123376623378,0
RIMONE_r3_N-7-L_left_half,4,r3,0,0.41569408369408367,0
RIMONE_r3_N-70-R_left_half,4,r3,0,0.5310115440115439,1
RIMONE_r3_N-71-L_left_half,4,r3,0,0.5782774170274171,1
RIMONE_r3_N-72-R_left_half,4,r3,0,0.43602344877344884,0
RIMONE_r3_N-73-R_left_half,4,r3,0,0.5411424963924965,1
RIMONE_r3_N-74-L_left_half,4,r3,0,0.4260631313131313,0
RIMONE_r3_N-75-R_left_half,4,r3,0,0.42117027417027414,0
RIMONE_r3_N-76-R_left_half,4,r3,0,0.4867893217893219,0
RIMONE_r3_N-78-R_left_half,4,r3,0,0.5317626262626264,1
RIMONE_r3_N-79-L_left_half,4,r3,0,0.484166305916306,0
RIMONE_r3_N-8-L_left_half,4,r3,0,0.46721392496392505,0
RIMONE_r3_N-80-R_left_half,4,r3,0,0.5584769119769121,1
RIMONE_r3_N-81-L_left_half,4,r3,0,0.4508131313131314,0
RIMONE_r3_N-82-R_left_half,4,r3,0,0.5058131313131313,1
RIMONE_r3_N-83-L_left_half,4,r3,0,0.4792702020202021,0
RIMONE_r3_N-84-R_left_half,4,r3,0,0.4741940836940837,0
RIMONE_r3_N-85-L_left_half,4,r3,0,0.46934884559884565,0
RIMONE_r3_N-86-R_left_half,4,r3,0,0.49403932178932175,0
RIMONE_r3_N-87-L_left_half,4,r3,0,0.5184282106782107,1
RIMONE_r3_N-88-R_left_half,4,r3,0,0.4912734487734488,0
RIMONE_r3_N-9-L_left_half,4,r3,0,0.47971392496392506,0
RIMONE_r3_N-90-R_left_half,4,r3,0,0.5098448773448774,1
RIMONE_r3_N-91-L_left_half,4,r3,0,0.5351663059163059,1
RIMONE_r3_N-92-R_left_half,4,r3,0,0.5217615440115441,1
RIMONE_r1_Im069,pooled,r1,1,0.434120670995671,0
RIMONE_r1_Im103,pooled,r1,1,0.5340078643578644,1
RIMONE_r1_Im113,pooled,r1,1,0.5259296176046176,1
RIMONE_r1_Im117,pooled,r1,1,0.4791070707070707,0
RIMONE_r1_Im118,pooled,r1,1,0.46990744255744266,0
RIMONE_r1_Im120,pooled,r1,1,0.5339365356865357,1
RIMONE_r1_Im121,pooled,r1,1,0.47462860750360764,0
RIMONE_r1_Im122,pooled,r1,1,0.4462763708513709,0
RIMONE_r1_Im135,pooled,r1,1,0.584368734043734,1
RIMONE_r1_Im144,pooled,r1,1,0.45470057720057716,0
RIMONE_r1_Im158,pooled,r1,1,0.559636013986014,1
RIMONE_r1_Im167,pooled,r1,1,0.549083078033078,1
RIMONE_r2_Im257,pooled,r2,1,0.6360892135642136,1
RIMONE_r2_Im258,pooled,r2,1,0.5577938478188478,1
RIMONE_r2_Im260,pooled,r2,1,0.5545486097236096,1
RIMONE_r2_Im263,pooled,r2,1,0.5159940836940837,1
RIMONE_r2_Im264,pooled,r2,1,0.5899804834054835,1
RIMONE_r2_Im266,pooled,r2,1,0.5142943362193363,1
RIMONE_r2_Im267,pooled,r2,1,0.6306638805638807,1
RIMONE_r2_Im268,pooled,r2,1,0.5431494144744146,1
RIMONE_r2_Im269,pooled,r2,1,0.497801370851371,0
RIMONE_r2_Im270,pooled,r2,1,0.45580331890331893,0
RIMONE_r2_Im273,pooled,r2,1,0.46958520923520936,0
RIMONE_r2_Im275,pooled,r2,1,0.4463410533910534,0
RIMONE_r2_Im277,pooled,r2,1,0.5345283716283717,1
RIMONE_r2_Im281,pooled,r2,1,0.3823656565656566,0
RIMONE_r2_Im287,pooled,r2,1,0.6293273088023088,1
RIMONE_r2_Im288,pooled,r2,1,0.5200300865800866,1
RIMONE_r2_Im289,pooled,r2,1,0.503665764790765,1
RIMONE_r2_Im290,pooled,r2,1,0.5270251970251971,1
RIMONE_r2_Im291,pooled,r2,1,0.446927417027417,0
RIMONE_r2_Im292,pooled,r2,1,0.5865835858585859,1
RIMONE_r2_Im293,pooled,r2,1,0.5611705433455433,1
RIMONE_r2_Im294,pooled,r2,1,0.5168662975912977,1
RIMONE_r2_Im301,pooled,r2,1,0.5840772727272727,1
RIMONE_r2_Im302,pooled,r2,1,0.609704292929293,1
RIMONE_r2_Im303,pooled,r2,1,0.6031979076479077,1
RIMONE_r2_Im305,pooled,r2,1,0.6001927849927851,1
RIMONE_r2_Im314,pooled,r2,1,0.5374916111666111,1
RIMONE_r2_Im315,pooled,r2,1,0.5225061494061494,1
RIMONE_r2_Im317,pooled,r2,1,0.5412545621045621,1
RIMONE_r2_Im318,pooled,r2,1,0.5289062409812411,1
RIMONE_r2_Im319,pooled,r2,1,0.4607887806637807,0
RIMONE_r2_Im320,pooled,r2,1,0.5503382922632923,1
RIMONE_r2_Im321,pooled,r2,1,0.632895670995671,1
RIMONE_r2_Im324,pooled,r2,1,0.6078502886002886,1
RIMONE_r2_Im329,pooled,r2,1,0.46917041847041857,0
RIMONE_r2_Im330,pooled,r2,1,0.4593968614718615,0
RIMONE_r2_Im331,pooled,r2,1,0.5497529748029748,1
RIMONE_r2_Im332,pooled,r2,1,0.5388918997668998,1
RIMONE_r2_Im333,pooled,r2,1,0.5891645743145744,1
RIMONE_r2_Im334,pooled,r2,1,0.5488089271839272,1
RIMONE_r2_Im338,pooled,r2,1,0.5525819430569431,1
RIMONE_r2_Im339,pooled,r2,1,0.5036082251082251,1
RIMONE_r2_Im343,pooled,r2,1,0.5404136890886891,1
RIMONE_r2_Im344,pooled,r2,1,0.6409891774891775,1
RIMONE_r1_Im001,pooled,r1,0,0.53599107004107,1
RIMONE_r1_Im003,pooled,r1,0,0.5588577561327562,1
RIMONE_r1_Im004,pooled,r1,0,0.462194227994228,0
RIMONE_r1_Im006,pooled,r1,0,0.5908176406926408,1
RIMONE_r1_Im008,pooled,r1,0,0.5307677849927851,1
RIMONE_r1_Im011,pooled,r1,0,0.5402200743700745,1
RIMONE_r1_Im012,pooled,r1,0,0.544709324009324,1
RIMONE_r1_Im014,pooled,r1,0,0.5438430902430902,1
RIMONE_r1_Im015,pooled,r1,0,0.547833116883117,1
RIMONE_r1_Im019,pooled,r1,0,0.5577025419025419,1
RIMONE_r1_Im020,pooled,r1,0,0.5261517482517484,1
RIMONE_r1_Im022,pooled,r1,0,0.4611361471861472,0
RIMONE_r1_Im023,pooled,r1,0,0.4548218614718615,0
RIMONE_r1_Im024,pooled,r1,0,0.5563994588744589,1
RIMONE_r1_Im025,pooled,r1,0,0.5553724386724388,1
RIMONE_r1_Im026,pooled,r1,0,0.5535263875013876,1
RIMONE_r1_Im027,pooled,r1,0,0.5413140859140859,1
RIMONE_r1_Im028,pooled,r1,0,0.45396089466089473,0
RIMONE_r1_Im029,pooled,r1,0,0.45560970418470426,0
RIMONE_r1_Im031,pooled,r1,0,0.531306204906205,1
RIMONE_r1_Im032,pooled,r1,0,0.5328717532467533,1
RIMONE_r1_Im033,pooled,r1,0,0.5342638167388167,1
RIMONE_r1_Im036,pooled,r1,0,0.4809520202020202,0
RIMONE_r1_Im037,pooled,r1,0,0.4412484487734488,0
RIMONE_r1_Im040,pooled,r1,0,0.48980746753246757,0
RIMONE_r1_Im041,pooled,r1,0,0.5204577367077368,1
RIMONE_r1_Im042,pooled,r1,0,0.5450091436341437,1
RIMONE_r1_Im046,pooled,r1,0,0.5362283716283717,1
RIMONE_r1_Im047,pooled,r1,0,0.5208527056277056,1
RIMONE_r1_Im050,pooled,r1,0,0.5407166944166945,1
RIMONE_r1_Im052,pooled,r1,0,0.5649589105339106,1
RIMONE_r1_Im054,pooled,r1,0,0.5160606421356422,1
RIMONE_r1_Im055,pooled,r1,0,0.45109700577200584,0
RIMONE_r1_Im056,pooled,r1,0,0.4571819264069264,0
RIMONE_r1_Im057,pooled,r1,0,0.54559227994228,1
RIMONE_r1_Im058,pooled,r1,0,0.5573978354978355,1
RIMONE_r1_Im059,pooled,r1,0,0.5321729076479077,1
RIMONE_r1_Im060,pooled,r1,0,0.46608178210678214,0
RIMONE_r1_Im061,pooled,r1,0,0.5597144105894106,1
RIMONE_r1_Im062,pooled,r1,0,0.45939541847041854,0
RIMONE_r1_Im063,pooled,r1,0,0.4594305916305917,0
RIMONE_r1_Im071,pooled,r1,0,0.46618805916305917,0
RIMONE_r1_Im072,pooled,r1,0,0.554741847041847,1
RIMONE_r1_Im073,pooled,r1,0,0.5413767676767677,1
RIMONE_r1_Im080,pooled,r1,0,0.5101178543678544,1
RIMONE_r1_Im082,pooled,r1,0,0.4513416305916307,0
RIMONE_r1_Im086,pooled,r1,0,0.5802322621822623,1
RIMONE_r1_Im087,pooled,r1,0,0.46038747918747924,0
RIMONE_r1_Im095,pooled,r1,0,0.563398928848929,1
RIMONE_r1_Im107,pooled,r1,0,0.5409166583416584,1
RIMONE_r1_Im108,pooled,r1,0,0.48235194805194803,0
RIMONE_r1_Im115,pooled,r1,0,0.47449199134199144,0
RIMONE_r1_Im116,pooled,r1,0,0.45108192640692646,0
RIMONE_r1_Im119,pooled,r1,0,0.6075584165834166,1
RIMONE_r1_Im125,pooled,r1,0,0.43396125541125546,0
RIMONE_r1_Im127,pooled,r1,0,0.4558854978354979,0
RIMONE_r1_Im128,pooled,r1,0,0.5650210594960596,1
RIMONE_r1_Im129,pooled,r1,0,0.4716764901764902,0
RIMONE_r1_Im130,pooled,r1,0,0.583294166944167,1
RIMONE_r1_Im131,pooled,r1,0,0.44163992118992124,0
RIMONE_r1_Im132,pooled,r1,0,0.5245122405372407,1
RIMONE_r1_Im133,pooled,r1,0,0.46811446608946616,0
RIMONE_r1_Im136,pooled,r1,0,0.5528700133200133,1
RIMONE_r1_Im137,pooled,r1,0,0.5743264541014541,1
RIMONE_r1_Im138,pooled,r1,0,0.4753527417027417,0
RIMONE_r1_Im142,pooled,r1,0,0.5640927239427239,1
RIMONE_r1_Im143,pooled,r1,0,0.6231909923409924,1
RIMONE_r1_Im145,pooled,r1,0,0.6186435175935177,1
RIMONE_r1_Im146,pooled,r1,0,0.559340342990343,1
RIMONE_r1_Im149,pooled,r1,0,0.4622257575757576,0
RIMONE_r1_Im150,pooled,r1,0,0.4747156177156178,0
RIMONE_r1_Im151,pooled,r1,0,0.5568304223554223,1
RIMONE_r1_Im152,pooled,r1,0,0.6196036907536907,1
RIMONE_r1_Im153,pooled,r1,0,0.6042608336108337,1
RIMONE_r1_Im154,pooled,r1,0,0.4746165334665335,0
RIMONE_r1_Im155,pooled,r1,0,0.57560670995671,1
RIMONE_r1_Im156,pooled,r1,0,0.528013492063492,1
RIMONE_r1_Im159,pooled,r1,0,0.5412309801309801,1
RIMONE_r1_Im161,pooled,r1,0,0.4958185786435787,0
RIMONE_r1_Im162,pooled,r1,0,0.5784114108114109,1
RIMONE_r1_Im163,pooled,r1,0,0.5050575396825396,1
RIMONE_r1_Im164,pooled,r1,0,0.5009453796203797,1
RIMONE_r1_Im165,pooled,r1,0,0.41803912753912753,0
RIMONE_r1_Im166,pooled,r1,0,0.48475393217893215,0
RIMONE_r1_Im168,pooled,r1,0,0.5487112554112554,1
RIMONE_r1_Im169,pooled,r1,0,0.503703823953824,1
RIMONE_r2_Im001,pooled,r2,0,0.6068058441558442,1
RIMONE_r2_Im002,pooled,r2,0,0.5145904040404041,1
RIMONE_r2_Im003,pooled,r2,0,0.5195882922632924,1
RIMONE_r2_Im004,pooled,r2,0,0.5350887806637807,1
RIMONE_r2_Im005,pooled,r2,0,0.5609791652791654,1
RIMONE_r2_Im006,pooled,r2,0,0.5359617965367965,1
RIMONE_r2_Im007,pooled,r2,0,0.551104995004995,1
RIMONE_r2_Im009,pooled,r2,0,0.5152931818181818,1
RIMONE_r2_Im010,pooled,r2,0,0.5532009906759907,1
RIMONE_r2_Im011,pooled,r2,0,0.6027671717171716,1
RIMONE_r2_Im012,pooled,r2,0,0.5286296897546898,1
RIMONE_r2_Im013,pooled,r2,0,0.5243108752358753,1
RIMONE_r2_Im014,pooled,r2,0,0.5332260267510268,1
RIMONE_r2_Im015,pooled,r2,0,0.45955028860028857,0
RIMONE_r2_Im016,pooled,r2,0,0.44273376623376637,0
RIMONE_r2_Im017,pooled,r2,0,0.5568780108780109,1
RIMONE_r2_Im018,pooled,r2,0,0.5684628232878233,1
RIMONE_r2_Im019,pooled,r2,0,0.5211181818181819,1
RIMONE_r2_Im020,pooled,r2,0,0.4669479076479077,0
RIMONE_r2_Im021,pooled,r2,0,0.5005010822510823,1
RIMONE_r2_Im022,pooled,r2,0,0.5801006132756132,1
RIMONE_r2_Im023,pooled,r2,0,0.4438808080808082,0
RIMONE_r2_Im024,pooled,r2,0,0.47348795093795104,0
RIMONE_r2_Im025,pooled,r2,0,0.4452948773448774,0
RIMONE_r2_Im026,pooled,r2,0,0.44754011544011546,0
RIMONE_r2_Im027,pooled,r2,0,0.5416942807192808,1
RIMONE_r2_Im028,pooled,r2,0,0.4614694805194805,0
RIMONE_r2_Im029,pooled,r2,0,0.5252596847596849,1
RIMONE_r2_Im030,pooled,r2,0,0.5428815462315463,1
RIMONE_r2_Im031,pooled,r2,0,0.5401228160728161,1
RIMONE_r2_Im032,pooled,r2,0,0.4545197330447331,0
RIMONE_r2_Im033,pooled,r2,0,0.5261184870684872,1
RIMONE_r2_Im347,pooled,r2,1,0.5221805944055944,1
RIMONE_r2_Im348,pooled,r2,1,0.5383771811521811,1
RIMONE_r2_Im351,pooled,r2,1,0.5265017843267843,1
RIMONE_r2_Im352,pooled,r2,1,0.4948125541125542,0
RIMONE_r2_Im354,pooled,r2,1,0.5011923520923521,1
RIMONE_r2_Im355,pooled,r2,1,0.5068160533910534,1
RIMONE_r2_Im356,pooled,r2,1,0.49863759018759035,0
RIMONE_r2_Im357,pooled,r2,1,0.6040574314574315,1
RIMONE_r2_Im358,pooled,r2,1,0.5950674963924965,1
RIMONE_r2_Im362,pooled,r2,1,0.5439672438672438,1
RIMONE_r2_Im365,pooled,r2,1,0.467808621933622,0
RIMONE_r2_Im366,pooled,r2,1,0.5338411255411255,1
RIMONE_r2_Im369,pooled,r2,1,0.567201911976912,1
RIMONE_r2_Im373,pooled,r2,1,0.5384290043290043,1
RIMONE_r2_Im376,pooled,r2,1,0.4566694805194806,0
RIMONE_r2_Im377,pooled,r2,1,0.6282703102453102,1
RIMONE_r2_Im383,pooled,r2,1,0.45060281385281387,0
RIMONE_r2_Im384,pooled,r2,1,0.52681341991342,1
RIMONE_r2_Im385,pooled,r2,1,0.5080185064935065,1
RIMONE_r2_Im387,pooled,r2,1,0.604722113997114,1
RIMONE_r2_Im388,pooled,r2,1,0.5257133477633478,1
RIMONE_r2_Im389,pooled,r2,1,0.5245133477633479,1
RIMONE_r2_Im390,pooled,r2,1,0.5295483405483405,1
RIMONE_r2_Im391,pooled,r2,1,0.5079348124098125,1
RIMONE_r2_Im392,pooled,r2,1,0.5233062049062049,1
RIMONE_r2_Im393,pooled,r2,1,0.6076935647685648,1
RIMONE_r2_Im398,pooled,r2,1,0.511286704961705,1
RIMONE_r2_Im399,pooled,r2,1,0.5240097208347209,1
RIMONE_r2_Im400,pooled,r2,1,0.5145415223665225,1
RIMONE_r2_Im401,pooled,r2,1,0.5198360028860028,1
RIMONE_r2_Im402,pooled,r2,1,0.3906523088023088,0
RIMONE_r2_Im403,pooled,r2,1,0.4776791486291486,0
RIMONE_r2_Im404,pooled,r2,1,0.5273340548340549,1
RIMONE_r2_Im406,pooled,r2,1,0.44439660894660904,0
RIMONE_r2_Im407,pooled,r2,1,0.5561152763902764,1
RIMONE_r2_Im408,pooled,r2,1,0.5303051226551226,1
RIMONE_r2_Im414,pooled,r2,1,0.5510233766233766,1
RIMONE_r2_Im415,pooled,r2,1,0.4835526695526696,0
RIMONE_r2_Im416,pooled,r2,1,0.46997727272727274,0
RIMONE_r2_Im418,pooled,r2,1,0.4946172438672439,0
RIMONE_r2_Im419,pooled,r2,1,0.5102641053391054,1
RIMONE_r2_Im420,pooled,r2,1,0.5377432178932179,1
RIMONE_r2_Im421,pooled,r2,1,0.5077768037518038,1
RIMONE_r2_Im422,pooled,r2,1,0.5352292207792207,1
RIMONE_r2_Im424,pooled,r2,1,0.47043124098124106,0
RIMONE_r2_Im427,pooled,r2,1,0.5036141774891775,1
RIMONE_r2_Im428,pooled,r2,1,0.5007672438672439,1
RIMONE_r2_Im429,pooled,r2,1,0.4737558441558442,0
RIMONE_r2_Im432,pooled,r2,1,0.5290359113109113,1
RIMONE_r2_Im433,pooled,r2,1,0.6483812049062049,1
RIMONE_r2_Im436,pooled,r2,1,0.5303867965367965,1
RIMONE_r2_Im439,pooled,r2,1,0.45535598845598846,0
RIMONE_r2_Im441,pooled,r2,1,0.4915074314574316,0
RIMONE_r2_Im442,pooled,r2,1,0.525632683982684,1
RIMONE_r2_Im443,pooled,r2,1,0.5826696248196248,1
RIMONE_r2_Im444,pooled,r2,1,0.525653823953824,1
RIMONE_r2_Im445,pooled,r2,1,0.44532319624819633,0
RIMONE_r2_Im448,pooled,r2,1,0.6046737012987012,1
RIMONE_r2_Im449,pooled,r2,1,0.6058179292929293,1
RIMONE_r2_Im450,pooled,r2,1,0.5980617965367966,1
RIMONE_r2_Im451,pooled,r2,1,0.515065331890332,1
RIMONE_r2_Im453,pooled,r2,1,0.555083818958819,1
RIMONE_r2_Im454,pooled,r2,1,0.5517675324675325,1
RIMONE_r2_Im455,pooled,r2,1,0.6251943001443002,1
RIMONE_r3_G-1-L_left_half,pooled,r3,1,0.48622366522366534,0
RIMONE_r3_G-10-L_left_half,pooled,r3,1,0.6802616994116994,1
RIMONE_r3_G-11-R_left_half,pooled,r3,1,0.651568069838658,1
RIMONE_r3_G-12-L_left_half,pooled,r3,1,0.475787900987901,0
RIMONE_r3_G-13-R_left_half,pooled,r3,1,0.6370089428545311,1
RIMONE_r3_G-14-R_left_half,pooled,r3,1,0.5115221861471861,1
RIMONE_r3_G-15-L_left_half,pooled,r3,1,0.47790191197691206,0
RIMONE_r3_G-16-R_left_half,pooled,r3,1,0.47391789321789324,0
RIMONE_r3_G-17-L_left_half,pooled,r3,1,0.470019696969697,0
RIMONE_r3_G-18-R_left_half,pooled,r3,1,0.4485089105339107,0
RIMONE_r3_G-2-R_left_half,pooled,r3,1,0.5164152236652237,1
RIMONE_r3_G-22-L_left_half,pooled,r3,1,0.6506812261268143,1
RIMONE_r3_G-23-R_left_half,pooled,r3,1,0.5740903291153292,1
RIMONE_r3_G-25-L_left_half,pooled,r3,1,0.5393517288267289,1
RIMONE_r3_G-27-R_left_half,pooled,r3,1,0.6049985320235322,1
RIMONE_r3_G-29-R_left_half,pooled,r3,1,0.4971640692640693,0
RIMONE_r3_G-3-R_left_half,pooled,r3,1,0.6561478206434089,1
RIMONE_r3_G-30-L_left_half,pooled,r3,1,0.611021547896548,1
RIMONE_r3_G-31-R_left_half,pooled,r3,1,0.5549892163392164,1
RIMONE_r3_G-32-L_left_half,pooled,r3,1,0.5969218993424875,1
RIMONE_r3_G-33-R_left_half,pooled,r3,1,0.4723755772005772,0
RIMONE_r3_G-34-L_left_half,pooled,r3,1,0.5771095349095349,1
RIMONE_r3_G-35-R_left_half,pooled,r3,1,0.44277305194805194,0
RIMONE_r3_G-37-R_left_half,pooled,r3,1,0.6290265262515262,1
RIMONE_r3_G-38-L_left_half,pooled,r3,1,0.5317858558108558,1
RIMONE_r3_G-39-L_left_half,pooled,r3,1,0.5184698773448775,1
RIMONE_r3_G-6-L_left_half,pooled,r3,1,0.5014148989898991,1
RIMONE_r3_G-8-R_left_half,pooled,r3,1,0.46192789710289717,0
RIMONE_r3_G-9-R_left_half,pooled,r3,1,0.5259995310245311,1
RIMONE_r3_S-1-L_left_half,pooled,r3,1,0.4585852092352093,0
RIMONE_r3_S-10-R_left_half,pooled,r3,1,0.6647424565630449,1
RIMONE_r3_S-11-L_left_half,pooled,r3,1,0.4716251803751804,0
RIMONE_r3_S-12-L_left_half,pooled,r3,1,0.7355180735930735,1
RIMONE_r3_S-13-R_left_half,pooled,r3,1,0.6121834165834166,1
RIMONE_r3_S-14-R_left_half,pooled,r3,1,0.47693347763347776,0
RIMONE_r3_S-18-L_left_half,pooled,r3,1,0.44931630591630595,0
RIMONE_r3_S-19-R_left_half,pooled,r3,1,0.46461154401154403,0
RIMONE_r3_S-2-L_left_half,pooled,r3,1,0.45177160894660895,0
RIMONE_r3_S-20-L_left_half,pooled,r3,1,0.6144753246753247,1
RIMONE_r3_S-21-R_left_half,pooled,r3,1,0.6201247224997225,1
RIMONE_r3_S-25-L_left_half,pooled,r3,1,0.6782234237984237,1
RIMONE_r3_S-26-R_left_half,pooled,r3,1,0.6221850399600399,1
RIMONE_r3_S-28-R_left_half,pooled,r3,1,0.5394366494616495,1
RIMONE_r3_S-29-R_left_half,pooled,r3,1,0.48748629148629147,0
RIMONE_r3_S-30-L_left_half,pooled,r3,1,0.46908694083694086,0
RIMONE_r3_S-31-L_left_half,pooled,r3,1,0.4337182900432901,0
RIMONE_r3_S-32-L_left_half,pooled,r3,1,0.4385710678210678,0
RIMONE_r3_S-33-R_left_half,pooled,r3,1,0.46496010101010105,0
RIMONE_r3_S-35-R_left_half,pooled,r3,1,0.6046169913419914,1
RIMONE_r3_S-4-L_left_half,pooled,r3,1,0.6348707070707071,1
RIMONE_r3_S-6-R_left_half,pooled,r3,1,0.5470458392914276,1
RIMONE_r3_S-9-L_left_half,pooled,r3,1,0.6592501766207649,1
RIMONE_r2_Im034,pooled,r2,0,0.455266305916306,0
RIMONE_r2_Im036,pooled,r2,0,0.45432900432900436,0
RIMONE_r2_Im038,pooled,r2,0,0.4500028138528139,0
RIMONE_r2_Im040,pooled,r2,0,0.4670510461760463,0
RIMONE_r2_Im042,pooled,r2,0,0.50170386002886,1
RIMONE_r2_Im044,pooled,r2,0,0.5120045815295816,1
RIMONE_r2_Im046,pooled,r2,0,0.5058387085137086,1
RIMONE_r2_Im048,pooled,r2,0,0.5244863636363637,1
RIMONE_r2_Im050,pooled,r2,0,0.466105735930736,0
RIMONE_r2_Im052,pooled,r2,0,0.4354479076479077,0
RIMONE_r2_Im054,pooled,r2,0,0.4380656565656566,0
RIMONE_r2_Im056,pooled,r2,0,0.46311612554112563,0
RIMONE_r2_Im058,pooled,r2,0,0.5521808441558442,1
RIMONE_r2_Im060,pooled,r2,0,0.45330216450216454,0
RIMONE_r2_Im062,pooled,r2,0,0.47099978354978356,0
RIMONE_r2_Im064,pooled,r2,0,0.45533787878787885,0
RIMONE_r2_Im066,pooled,r2,0,0.4502528138528139,0
RIMONE_r2_Im068,pooled,r2,0,0.4788104978354979,0
RIMONE_r2_Im070,pooled,r2,0,0.465608116883117,0
RIMONE_r2_Im072,pooled,r2,0,0.45580346320346327,0
RIMONE_r2_Im074,pooled,r2,0,0.5318443362193362,1
RIMONE_r2_Im076,pooled,r2,0,0.46184989177489183,0
RIMONE_r2_Im078,pooled,r2,0,0.4523528138528139,0
RIMONE_r2_Im080,pooled,r2,0,0.4446652597402598,0
RIMONE_r2_Im082,pooled,r2,0,0.5302406204906205,1
RIMONE_r2_Im084,pooled,r2,0,0.5268304834054834,1
RIMONE_r2_Im086,pooled,r2,0,0.44512305194805196,0
RIMONE_r2_Im088,pooled,r2,0,0.47517052669552673,0
RIMONE_r2_Im090,pooled,r2,0,0.43617186147186154,0
RIMONE_r2_Im092,pooled,r2,0,0.5210613997113998,1
RIMONE_r2_Im094,pooled,r2,0,0.4558394660894661,0
RIMONE_r2_Im096,pooled,r2,0,0.45035281385281384,0
RIMONE_r2_Im098,pooled,r2,0,0.4770841630591631,0
RIMONE_r2_Im100,pooled,r2,0,0.4490612914862916,0
RIMONE_r2_Im102,pooled,r2,0,0.5295086940836942,1
RIMONE_r2_Im104,pooled,r2,0,0.47098113275613285,0
RIMONE_r2_Im106,pooled,r2,0,0.45831616161616173,0
RIMONE_r2_Im108,pooled,r2,0,0.46091233766233775,0
RIMONE_r2_Im110,pooled,r2,0,0.4709771645021646,0
RIMONE_r2_Im112,pooled,r2,0,0.551575197025197,1
RIMONE_r2_Im114,pooled,r2,0,0.545160606060606,1
RIMONE_r2_Im116,pooled,r2,0,0.5277031024531025,1
RIMONE_r2_Im118,pooled,r2,0,0.47680454545454554,0
RIMONE_r2_Im120,pooled,r2,0,0.45702186147186163,0
RIMONE_r2_Im122,pooled,r2,0,0.46454567099567107,0
RIMONE_r2_Im124,pooled,r2,0,0.44298708513708523,0
RIMONE_r2_Im126,pooled,r2,0,0.5119351176601177,1
RIMONE_r2_Im128,pooled,r2,0,0.44941948051948055,0
RIMONE_r2_Im130,pooled,r2,0,0.45295440115440117,0
RIMONE_r2_Im132,pooled,r2,0,0.45963019480519485,0
RIMONE_r2_Im134,pooled,r2,0,0.5478983766233766,1
RIMONE_r2_Im136,pooled,r2,0,0.4687097041847042,0
RIMONE_r2_Im138,pooled,r2,0,0.4685452020202021,0
RIMONE_r2_Im140,pooled,r2,0,0.4387790043290044,0
RIMONE_r2_Im142,pooled,r2,0,0.4637608946608947,0
RIMONE_r2_Im144,pooled,r2,0,0.5309309163059164,1
RIMONE_r2_Im146,pooled,r2,0,0.5414431096681097,1
RIMONE_r2_Im148,pooled,r2,0,0.46802240259740263,0
RIMONE_r2_Im150,pooled,r2,0,0.4608497835497836,0
RIMONE_r2_Im152,pooled,r2,0,0.4444972582972584,0
RIMONE_r2_Im154,pooled,r2,0,0.45538679653679653,0
RIMONE_r2_Im156,pooled,r2,0,0.4593218614718616,0
RIMONE_r2_Im158,pooled,r2,0,0.46630811688311696,0
RIMONE_r2_Im160,pooled,r2,0,0.4575718614718616,0
RIMONE_r2_Im162,pooled,r2,0,0.4538983044733045,0
RIMONE_r2_Im164,pooled,r2,0,0.48492940115440125,0
RIMONE_r2_Im166,pooled,r2,0,0.5555189393939395,1
RIMONE_r2_Im168,pooled,r2,0,0.527970831945832,1
RIMONE_r2_Im170,pooled,r2,0,0.48183787878787887,0
RIMONE_r2_Im172,pooled,r2,0,0.4604751803751805,0
RIMONE_r2_Im174,pooled,r2,0,0.5426332251082251,1
RIMONE_r2_Im176,pooled,r2,0,0.46954819624819627,0
RIMONE_r2_Im178,pooled,r2,0,0.47001287878787884,0
RIMONE_r2_Im180,pooled,r2,0,0.44768084415584425,0
RIMONE_r2_Im182,pooled,r2,0,0.5311915223665225,1
RIMONE_r2_Im184,pooled,r2,0,0.5136245310245311,1
RIMONE_r2_Im186,pooled,r2,0,0.459400432900433,0
RIMONE_r2_Im188,pooled,r2,0,0.4920481601731603,0
RIMONE_r2_Im190,pooled,r2,0,0.5464759906759907,1
RIMONE_r2_Im192,pooled,r2,0,0.4705001803751804,0
RIMONE_r2_Im194,pooled,r2,0,0.47236457431457435,0
RIMONE_r2_Im196,pooled,r2,0,0.4601694805194806,0
RIMONE_r2_Im198,pooled,r2,0,0.4522385281385281,0
RIMONE_r2_Im200,pooled,r2,0,0.4802013708513709,0
RIMONE_r2_Im202,pooled,r2,0,0.50027398989899,1
RIMONE_r2_Im206,pooled,r2,0,0.45304859307359313,0
RIMONE_r2_Im208,pooled,r2,0,0.4672430375180376,0
RIMONE_r2_Im210,pooled,r2,0,0.451594227994228,0
RIMONE_r2_Im212,pooled,r2,0,0.4525718614718615,0
RIMONE_r2_Im214,pooled,r2,0,0.5622985014985016,1
RIMONE_r2_Im216,pooled,r2,0,0.44438019480519486,0
RIMONE_r2_Im218,pooled,r2,0,0.5629113997113998,1
RIMONE_r2_Im220,pooled,r2,0,0.5121526334776336,1
RIMONE_r2_Im222,pooled,r2,0,0.43070519480519487,0
RIMONE_r2_Im224,pooled,r2,0,0.5154164502164502,1
RIMONE_r2_Im226,pooled,r2,0,0.5158125541125541,1
RIMONE_r2_Im228,pooled,r2,0,0.5319757215007216,1
RIMONE_r2_Im230,pooled,r2,0,0.5005735236985237,1
RIMONE_r2_Im232,pooled,r2,0,0.4707321067821068,0
RIMONE_r2_Im234,pooled,r2,0,0.47542954545454547,0
RIMONE_r2_Im236,pooled,r2,0,0.5625974747474747,1
RIMONE_r2_Im238,pooled,r2,0,0.45358430735930744,0
RIMONE_r2_Im240,pooled,r2,0,0.5266911616161617,1
RIMONE_r2_Im242,pooled,r2,0,0.4804962121212122,0
RIMONE_r2_Im244,pooled,r2,0,0.45460519480519485,0
RIMONE_r2_Im246,pooled,r2,0,0.5162654401154402,1
RIMONE_r2_Im248,pooled,r2,0,0.474438924963925,0
RIMONE_r2_Im250,pooled,r2,0,0.527583818958819,1
RIMONE_r2_Im252,pooled,r2,0,0.5261808441558442,1
RIMONE_r2_Im254,pooled,r2,0,0.4741430375180376,0
RIMONE_r3_N-1-L_left_half,pooled,r3,0,0.4625646464646465,0
RIMONE_r3_N-10-R_left_half,pooled,r3,0,0.584816785991786,1
RIMONE_r3_N-11-L_left_half,pooled,r3,0,0.5529159368409369,1
RIMONE_r3_N-12-R_left_half,pooled,r3,0,0.5565314074814075,1
RIMONE_r3_N-13-L_left_half,pooled,r3,0,0.6430668220668221,1
RIMONE_r3_N-14-R_left_half,pooled,r3,0,0.4488008297258298,0
RIMONE_r3_N-16-R_left_half,pooled,r3,0,0.46335479797979795,0
RIMONE_r3_N-17-L_left_half,pooled,r3,0,0.573715342990343,1
RIMONE_r3_N-18-R_left_half,pooled,r3,0,0.4629041847041848,0
RIMONE_r3_N-2-R_left_half,pooled,r3,0,0.6046990731490732,1
RIMONE_r3_N-20-R_left_half,pooled,r3,0,0.44366154401154406,0
RIMONE_r3_N-21-L_left_half,pooled,r3,0,0.5600018998974882,1
RIMONE_r3_N-22-R_left_half,pooled,r3,0,0.5466412004662006,1
RIMONE_r3_N-23-L_left_half,pooled,r3,0,0.4399446248196249,0
RIMONE_r3_N-24-R_left_half,pooled,r3,0,0.5863812326562327,1
RIMONE_r3_N-25-L_left_half,pooled,r3,0,0.49766764069264074,0
RIMONE_r3_N-26-R_left_half,pooled,r3,0,0.43085559163059167,0
RIMONE_r3_N-27-L_left_half,pooled,r3,0,0.43810678210678206,0
RIMONE_r3_N-28-R_left_half,pooled,r3,0,0.45073178210678205,0
RIMONE_r3_N-29-L_left_half,pooled,r3,0,0.45821645021645024,0
RIMONE_r3_N-3-L_left_half,pooled,r3,0,0.4864364718614719,0
RIMONE_r3_N-30-R_left_half,pooled,r3,0,0.556928354978355,1
RIMONE_r3_N-31-L_left_half,pooled,r3,0,0.47772020202020204,0
RIMONE_r3_N-32-R_left_half,pooled,r3,0,0.4534589466089466,0
RIMONE_r3_N-33-L_left_half,pooled,r3,0,0.490734090909091,0
RIMONE_r3_N-34-R_left_half,pooled,r3,0,0.5298072843822844,1
RIMONE_r3_N-35-L_left_half,pooled,r3,0,0.5191140914640915,1
RIMONE_r3_N-36-R_left_half,pooled,r3,0,0.4726912337662338,0
RIMONE_r3_N-37-L_left_half,pooled,r3,0,0.5979230991230992,1
RIMONE_r3_N-38-R_left_half,pooled,r3,0,0.5423446886446888,1
RIMONE_r3_N-39-L_left_half,pooled,r3,0,0.4615164724164725,0
RIMONE_r3_N-4-R_left_half,pooled,r3,0,0.47739877344877346,0
RIMONE_r3_N-40-R_left_half,pooled,r3,0,0.4392463924963925,0
RIMONE_r3_N-41-L_left_half,pooled,r3,0,0.46877319347319346,0
RIMONE_r3_N-42-R_left_half,pooled,r3,0,0.5372871683871685,1
RIMONE_r3_N-43-L_left_half,pooled,r3,0,0.536554292929293,1
RIMONE_r3_N-44-R_left_half,pooled,r3,0,0.5721644050394051,1
RIMONE_r3_N-46-R_left_half,pooled,r3,0,0.5210083610833612,1
RIMONE_r3_N-47-L_left_half,pooled,r3,0,0.4746243867243868,0
RIMONE_r3_N-48-R_left_half,pooled,r3,0,0.5985782217782218,1
RIMONE_r3_N-49-L_left_half,pooled,r3,0,0.485315836940837,0
RIMONE_r3_N-5-L_left_half,pooled,r3,0,0.45253852813852824,0
RIMONE_r3_N-50-R_left_half,pooled,r3,0,0.48070075757575764,0
RIMONE_r3_N-51-L_left_half,pooled,r3,0,0.7143759591715474,1
RIMONE_r3_N-52-R_left_half,pooled,r3,0,0.6432733516483518,1
RIMONE_r3_N-53-L_left_half,pooled,r3,0,0.4837368686868687,0
RIMONE_r3_N-54-R_left_half,pooled,r3,0,0.4919059163059164,0
RIMONE_r3_N-55-L_left_half,pooled,r3,0,0.5317418081918082,1
RIMONE_r3_N-56-R_left_half,pooled,r3,0,0.5508441891441891,1
RIMONE_r3_N-58-R_left_half,pooled,r3,0,0.45636406926406936,0
RIMONE_r3_N-59-L_left_half,pooled,r3,0,0.5897473054723056,1
RIMONE_r3_N-6-R_left_half,pooled,r3,0,0.5506832362082362,1
RIMONE_r3_N-61-L_left_half,pooled,r3,0,0.6320654151404151,1
RIMONE_r3_N-62-R_left_half,pooled,r3,0,0.5933661643911645,1
RIMONE_r3_N-63-L_left_half,pooled,r3,0,0.5076190115440116,1
RIMONE_r3_N-64-R_left_half,pooled,r3,0,0.4479190836940837,0
RIMONE_r3_N-65-L_left_half,pooled,r3,0,0.5632344266844267,1
RIMONE_r3_N-66-R_left_half,pooled,r3,0,0.5269237141943024,1
RIMONE_r3_N-67-L_left_half,pooled,r3,0,0.5712084526584527,1
RIMONE_r3_N-68-R_left_half,pooled,r3,0,0.5612459346209346,1
RIMONE_r3_N-69-L_left_half,pooled,r3,0,0.5365037490287491,1
RIMONE_r3_N-7-L_left_half,pooled,r3,0,0.4828225829725829,0
RIMONE_r3_N-70-R_left_half,pooled,r3,0,0.5446130591630591,1
RIMONE_r3_N-71-L_left_half,pooled,r3,0,0.6388060717060717,1
RIMONE_r3_N-72-R_left_half,pooled,r3,0,0.44435678210678214,0
RIMONE_r3_N-73-R_left_half,pooled,r3,0,0.5573455017205017,1
RIMONE_r3_N-74-L_left_half,pooled,r3,0,0.4501964646464646,0
RIMONE_r3_N-75-R_left_half,pooled,r3,0,0.45036922799422807,0
RIMONE_r3_N-76-R_left_half,pooled,r3,0,0.49063567821067827,0
RIMONE_r3_N-78-R_left_half,pooled,r3,0,0.563610918656507,1
RIMONE_r3_N-79-L_left_half,pooled,r3,0,0.4333676406926408,0
RIMONE_r3_N-8-L_left_half,pooled,r3,0,0.46160057720057723,0
RIMONE_r3_N-80-R_left_half,pooled,r3,0,0.5662127872127873,1
RIMONE_r3_N-81-L_left_half,pooled,r3,0,0.49709880952380947,0
RIMONE_r3_N-82-R_left_half,pooled,r3,0,0.545230697080697,1
RIMONE_r3_N-83-L_left_half,pooled,r3,0,0.4466378288378288,0
RIMONE_r3_N-84-R_left_half,pooled,r3,0,0.5222236152736154,1
RIMONE_r3_N-85-L_left_half,pooled,r3,0,0.4744011544011545,0
RIMONE_r3_N-86-R_left_half,pooled,r3,0,0.4728868686868687,0
RIMONE_r3_N-87-L_left_half,pooled,r3,0,0.5349808552558553,1
RIMONE_r3_N-88-R_left_half,pooled,r3,0,0.4924526806526807,0
RIMONE_r3_N-9-L_left_half,pooled,r3,0,0.4579025613275613,0
RIMONE_r3_N-90-R_left_half,pooled,r3,0,0.47723085525585524,0
RIMONE_r3_N-91-L_left_half,pooled,r3,0,0.5485843906093906,1
RIMONE_r3_N-92-R_left_half,pooled,r3,0,0.5170252997002998,1
