image_id,dataset,patient_id,label,class_name,source_path,original_partition,split,fold,discordant_patient,hospital,source_partition,processed_path,image_width,image_height,preprocessing_status,exclusion_reason,notching_direction
drishtiGS_002,DRISHTI,1167573,1,Glaucoma,C:/Users/TRIPU/OneDrive/Documents/ML/end sem project/Drishti-GS1_files\Drishti-GS1_files\Drishti-GS1_files\Training\Images\drishtiGS_002.png,training,development,4,False,,DRISHTI_training,C:/Users/TRIPU/.gemini/antigravity/scratch/glaucoma_detection\data\processed\DRISHTI\glaucoma\drishtiGS_002.png,2045,1752,success,none,I
drishtiGS_004,DRISHTI,1393265,1,Glaucoma,C:/Users/TRIPU/OneDrive/Documents/ML/end sem project/Drishti-GS1_files\Drishti-GS1_files\Drishti-GS1_files\Training\Images\drishtiGS_004.png,training,development,2,False,,DRISHTI_training,C:/Users/TRIPU/.gemini/antigravity/scratch/glaucoma_detection\data\processed\DRISHTI\glaucoma\drishtiGS_004.png,2049,1762,success,none,I
drishtiGS_008,DRISHTI,1558499,0,Normal,C:/Users/TRIPU/OneDrive/Documents/ML/end sem project/Drishti-GS1_files\Drishti-GS1_files\Drishti-GS1_files\Training\Images\drishtiGS_008.png,training,development,1,False,,DRISHTI_training,C:/Users/TRIPU/.gemini/antigravity/scratch/glaucoma_detection\data\processed\DRISHTI\normal\drishtiGS_008.png,2049,1755,success,none,A
drishtiGS_010,DRISHTI,1566239,1,Glaucoma,C:/Users/TRIPU/OneDrive/Documents/ML/end sem project/Drishti-GS1_files\Drishti-GS1_files\Drishti-GS1_files\Training\Images\drishtiGS_010.png,training,development,1,False,,DRISHTI_training,C:/Users/TRIPU/.gemini/antigravity/scratch/glaucoma_detection\data\processed\DRISHTI\glaucoma\drishtiGS_010.png,2140,1757,success,none,I
drishtiGS_012,DRISHTI,1731185,1,Glaucoma,C:/Users/TRIPU/OneDrive/Documents/ML/end sem project/Drishti-GS1_files\Drishti-GS1_files\Drishti-GS1_files\Training\Images\drishtiGS_012.png,training,development,4,False,,DRISHTI_training,C:/Users/TRIPU/.gemini/antigravity/scratch/glaucoma_detection\data\processed\DRISHTI\glaucoma\drishtiGS_012.png,2047,1755,success,none,I
drishtiGS_015,DRISHTI,1976679,1,Glaucoma,C:/Users/TRIPU/OneDrive/Documents/ML/end sem project/Drishti-GS1_files\Drishti-GS1_files\Drishti-GS1_files\Training\Images\drishtiGS_015.png,training,development,4,False,,DRISHTI_training,C:/Users/TRIPU/.gemini/antigravity/scratch/glaucoma_detection\data\processed\DRISHTI\glaucoma\drishtiGS_015.png,2050,1758,success,none,I and S
drishtiGS_016,DRISHTI,1976679,1,Glaucoma,C:/Users/TRIPU/OneDrive/Documents/ML/end sem project/Drishti-GS1_files\Drishti-GS1_files\Drishti-GS1_files\Training\Images\drishtiGS_016.png,training,development,4,False,,DRISHTI_training,C:/Users/TRIPU/.gemini/antigravity/scratch/glaucoma_detection\data\processed\DRISHTI\glaucoma\drishtiGS_016.png,2051,1760,success,none,I
drishtiGS_017,DRISHTI,2009791,0,Normal,C:/Users/TRIPU/OneDrive/Documents/ML/end sem project/Drishti-GS1_files\Drishti-GS1_files\Drishti-GS1_files\Training\Images\drishtiGS_017.png,training,development,1,False,,DRISHTI_training,C:/Users/TRIPU/.gemini/antigravity/scratch/glaucoma_detection\data\processed\DRISHTI\normal\drishtiGS_017.png,2049,1750,success,none,A
drishtiGS_018,DRISHTI,2009791,0,Normal,C:/Users/TRIPU/OneDrive/Documents/ML/end sem project/Drishti-GS1_files\Drishti-GS1_files\Drishti-GS1_files\Training\Images\drishtiGS_018.png,training,development,1,False,,DRISHTI_training,C:/Users/TRIPU/.gemini/antigravity/scratch/glaucoma_detection\data\processed\DRISHTI\normal\drishtiGS_018.png,2048,1750,success,none,A
drishtiGS_022,DRISHTI,2070741,1,Glaucoma,C:/Users/TRIPU/OneDrive/Documents/ML/end sem project/Drishti-GS1_files\Drishti-GS1_files\Drishti-GS1_files\Training\Images\drishtiGS_022.png,training,development,4,False,,DRISHTI_training,C:/Users/TRIPU/.gemini/antigravity/scratch/glaucoma_detection\data\processed\DRISHTI\glaucoma\drishtiGS_022.png,2048,1753,success,none,A
drishtiGS_024,DRISHTI,2071112,1,Glaucoma,C:/Users/TRIPU/OneDrive/Documents/ML/end sem project/Drishti-GS1_files\Drishti-GS1_files\Drishti-GS1_files\Training\Images\drishtiGS_024.png,training,development,3,False,,DRISHTI_training,C:/Users/TRIPU/.gemini/antigravity/scratch/glaucoma_detection\data\processed\DRISHTI\glaucoma\drishtiGS_024.png,2047,1757,success,none,A
drishtiGS_026,DRISHTI,2222807,1,Glaucoma,C:/Users/TRIPU/OneDrive/Documents/ML/end sem project/Drishti-GS1_files\Drishti-GS1_files\Drishti-GS1_files\Training\Images\drishtiGS_026.png,training,development,4,False,,DRISHTI_training,C:/Users/TRIPU/.gemini/antigravity/scratch/glaucoma_detection\data\processed\DRISHTI\glaucoma\drishtiGS_026.png,2047,1763,success,none,I
drishtiGS_031,DRISHTI,2330992,1,Glaucoma,C:/Users/TRIPU/OneDrive/Documents/ML/end sem project/Drishti-GS1_files\Drishti-GS1_files\Drishti-GS1_files\Training\Images\drishtiGS_031.png,training,development,0,False,,DRISHTI_training,C:/Users/TRIPU/.gemini/antigravity/scratch/glaucoma_detection\data\processed\DRISHTI\glaucoma\drishtiGS_031.png,2466,1763,success,none,A
drishtiGS_032,DRISHTI,2344972,1,Glaucoma,C:/Users/TRIPU/OneDrive/Documents/ML/end sem project/Drishti-GS1_files\Drishti-GS1_files\Drishti-GS1_files\Training\Images\drishtiGS_032.png,training,development,3,True,,DRISHTI_training,C:/Users/TRIPU/.gemini/antigravity/scratch/glaucoma_detection\data\processed\DRISHTI\glaucoma\drishtiGS_032.png,2049,1759,success,none,A
drishtiGS_033,DRISHTI,2344972,0,Normal,C:/Users/TRIPU/OneDrive/Documents/ML/end sem project/Drishti-GS1_files\Drishti-GS1_files\Drishti-GS1_files\Training\Images\drishtiGS_033.png,training,development,3,True,,DRISHTI_training,C:/Users/TRIPU/.gemini/antigravity/scratch/glaucoma_detection\data\processed\DRISHTI\normal\drishtiGS_033.png,2049,1759,success,none,A
drishtiGS_035,DRISHTI,2356217,0,Normal,C:/Users/TRIPU/OneDrive/Documents/ML/end sem project/Drishti-GS1_files\Drishti-GS1_files\Drishti-GS1_files\Training\Images\drishtiGS_035.png,training,development,4,True,,DRISHTI_training,C:/Users/TRIPU/.gemini/antigravity/scratch/glaucoma_detection\data\processed\DRISHTI\normal\drishtiGS_035.png,2050,1845,success,none,A
drishtiGS_036,DRISHTI,2360136,0,Normal,C:/Users/TRIPU/OneDrive/Documents/ML/end sem project/Drishti-GS1_files\Drishti-GS1_files\Drishti-GS1_files\Training\Images\drishtiGS_036.png,training,development,0,False,,DRISHTI_training,C:/Users/TRIPU/.gemini/antigravity/scratch/glaucoma_detection\data\processed\DRISHTI\normal\drishtiGS_036.png,2048,1759,success,none,A
drishtiGS_037,DRISHTI,2362130,0,Normal,C:/Users/TRIPU/OneDrive/Documents/ML/end sem project/Drishti-GS1_files\Drishti-GS1_files\Drishti-GS1_files\Training\Images\drishtiGS_037.png,training,development,0,True,,DRISHTI_training,C:/Users/TRIPU/.gemini/antigravity/scratch/glaucoma_detection\data\processed\DRISHTI\normal\drishtiGS_037.png,2048,1760,success,none,A
drishtiGS_038,DRISHTI,2362130,1,Glaucoma,C:/Users/TRIPU/OneDrive/Documents/ML/end sem project/Drishti-GS1_files\Drishti-GS1_files\Drishti-GS1_files\Training\Images\drishtiGS_038.png,training,development,0,True,,DRISHTI_training,C:/Users/TRIPU/.gemini/antigravity/scratch/glaucoma_detection\data\processed\DRISHTI\glaucoma\drishtiGS_038.png,2049,1762,success,none,A
drishtiGS_040,DRISHTI,2396691,1,Glaucoma,C:/Users/TRIPU/OneDrive/Documents/ML/end sem project/Drishti-GS1_files\Drishti-GS1_files\Drishti-GS1_files\Training\Images\drishtiGS_040.png,training,development,4,False,,DRISHTI_training,C:/Users/TRIPU/.gemini/antigravity/scratch/glaucoma_detection\data\processed\DRISHTI\glaucoma\drishtiGS_040.png,2049,1755,success,none,I
drishtiGS_041,DRISHTI,2399380,0,Normal,C:/Users/TRIPU/OneDrive/Documents/ML/end sem project/Drishti-GS1_files\Drishti-GS1_files\Drishti-GS1_files\Training\Images\drishtiGS_041.png,training,development,0,False,,DRISHTI_training,C:/Users/TRIPU/.gemini/antigravity/scratch/glaucoma_detection\data\processed\DRISHTI\normal\drishtiGS_041.png,2052,1751,success,none,A
drishtiGS_042,DRISHTI,2399380,0,Normal,C:/Users/TRIPU/OneDrive/Documents/ML/end sem project/Drishti-GS1_files\Drishti-GS1_files\Drishti-GS1_files\Training\Images\drishtiGS_042.png,training,development,0,False,,DRISHTI_training,C:/Users/TRIPU/.gemini/antigravity/scratch/glaucoma_detection\data\processed\DRISHTI\normal\drishtiGS_042.png,2050,1750,success,none,A
drishtiGS_044,DRISHTI,2477980,1,Glaucoma,C:/Users/TRIPU/OneDrive/Documents/ML/end sem project/Drishti-GS1_files\Drishti-GS1_files\Drishti-GS1_files\Training\Images\drishtiGS_044.png,training,development,0,False,,DRISHTI_training,C:/Users/TRIPU/.gemini/antigravity/scratch/glaucoma_detection\data\processed\DRISHTI\glaucoma\drishtiGS_044.png,2045,1751,success,none,A
drishtiGS_045,DRISHTI,2489693,1,Glaucoma,C:/Users/TRIPU/OneDrive/Documents/ML/end sem project/Drishti-GS1_files\Drishti-GS1_files\Drishti-GS1_files\Training\Images\drishtiGS_045.png,training,development,3,False,,DRISHTI_training,C:/Users/TRIPU/.gemini/antigravity/scratch/glaucoma_detection\data\processed\DRISHTI\glaucoma\drishtiGS_045.png,2048,1753,success,none,A
drishtiGS_046,DRISHTI,2508068,0,Normal,C:/Users/TRIPU/OneDrive/Documents/ML/end sem project/Drishti-GS1_files\Drishti-GS1_files\Drishti-GS1_files\Training\Images\drishtiGS_046.png,training,development,3,False,,DRISHTI_training,C:/Users/TRIPU/.gemini/antigravity/scratch/glaucoma_detection\data\processed\DRISHTI\normal\drishtiGS_046.png,2049,1749,success,none,A
drishtiGS_047,DRISHTI,2508068,0,Normal,C:/Users/TRIPU/OneDrive/Documents/ML/end sem project/Drishti-GS1_files\Drishti-GS1_files\Drishti-GS1_files\Training\Images\drishtiGS_047.png,training,development,3,False,,DRISHTI_training,C:/Users/TRIPU/.gemini/antigravity/scratch/glaucoma_detection\data\processed\DRISHTI\normal\drishtiGS_047.png,2048,1749,success,none,A
drishtiGS_049,DRISHTI,2520061,1,Glaucoma,C:/Users/TRIPU/OneDrive/Documents/ML/end sem project/Drishti-GS1_files\Drishti-GS1_files\Drishti-GS1_files\Training\Images\drishtiGS_049.png,training,development,1,False,,DRISHTI_training,C:/Users/TRIPU/.gemini/antigravity/scratch/glaucoma_detection\data\processed\DRISHTI\glaucoma\drishtiGS_049.png,2049,1759,success,none,I
drishtiGS_051,DRISHTI,2564907,1,Glaucoma,C:/Users/TRIPU/OneDrive/Documents/ML/end sem project/Drishti-GS1_files\Drishti-GS1_files\Drishti-GS1_files\Training\Images\drishtiGS_051.png,training,development,2,False,,DRISHTI_training,C:/Users/TRIPU/.gemini/antigravity/scratch/glaucoma_detection\data\processed\DRISHTI\glaucoma\drishtiGS_051.png,2048,1762,success,none,A
drishtiGS_057,DRISHTI,2617454,0,Normal,C:/Users/TRIPU/OneDrive/Documents/ML/end sem project/Drishti-GS1_files\Drishti-GS1_files\Drishti-GS1_files\Training\Images\drishtiGS_057.png,training,development,2,True,,DRISHTI_training,C:/Users/TRIPU/.gemini/antigravity/scratch/glaucoma_detection\data\processed\DRISHTI\normal\drishtiGS_057.png,2048,1761,success,none,I
drishtiGS_058,DRISHTI,2639071,1,Glaucoma,C:/Users/TRIPU/OneDrive/Documents/ML/end sem project/Drishti-GS1_files\Drishti-GS1_files\Drishti-GS1_files\Training\Images\drishtiGS_058.png,training,development,1,False,,DRISHTI_training,C:/Users/TRIPU/.gemini/antigravity/scratch/glaucoma_detection\data\processed\DRISHTI\glaucoma\drishtiGS_058.png,2049,1763,success,none,I
drishtiGS_060,DRISHTI,2682713,1,Glaucoma,C:/Users/TRIPU/OneDrive/Documents/ML/end sem project/Drishti-GS1_files\Drishti-GS1_files\Drishti-GS1_files\Training\Images\drishtiGS_060.png,training,development,3,False,,DRISHTI_training,C:/Users/TRIPU/.gemini/antigravity/scratch/glaucoma_detection\data\processed\DRISHTI\glaucoma\drishtiGS_060.png,2049,1760,success,none,I
drishtiGS_061,DRISHTI,2694008,1,Glaucoma,C:/Users/TRIPU/OneDrive/Documents/ML/end sem project/Drishti-GS1_files\Drishti-GS1_files\Drishti-GS1_files\Training\Images\drishtiGS_061.png,training,development,0,False,,DRISHTI_training,C:/Users/TRIPU/.gemini/antigravity/scratch/glaucoma_detection\data\processed\DRISHTI\glaucoma\drishtiGS_061.png,2463,1758,success,none,I
drishtiGS_062,DRISHTI,2694008,1,Glaucoma,C:/Users/TRIPU/OneDrive/Documents/ML/end sem project/Drishti-GS1_files\Drishti-GS1_files\Drishti-GS1_files\Training\Images\drishtiGS_062.png,training,development,0,False,,DRISHTI_training,C:/Users/TRIPU/.gemini/antigravity/scratch/glaucoma_detection\data\processed\DRISHTI\glaucoma\drishtiGS_062.png,2047,1755,success,none,S
drishtiGS_063,DRISHTI,2695077,1,Glaucoma,C:/Users/TRIPU/OneDrive/Documents/ML/end sem project/Drishti-GS1_files\Drishti-GS1_files\Drishti-GS1_files\Training\Images\drishtiGS_063.png,training,development,1,False,,DRISHTI_training,C:/Users/TRIPU/.gemini/antigravity/scratch/glaucoma_detection\data\processed\DRISHTI\glaucoma\drishtiGS_063.png,2046,1753,success,none,A
drishtiGS_064,DRISHTI,2708535,1,Glaucoma,C:/Users/TRIPU/OneDrive/Documents/ML/end sem project/Drishti-GS1_files\Drishti-GS1_files\Drishti-GS1_files\Training\Images\drishtiGS_064.png,training,development,1,False,,DRISHTI_training,C:/Users/TRIPU/.gemini/antigravity/scratch/glaucoma_detection\data\processed\DRISHTI\glaucoma\drishtiGS_064.png,2047,1752,success,none,I
drishtiGS_066,DRISHTI,2711113,1,Glaucoma,C:/Users/TRIPU/OneDrive/Documents/ML/end sem project/Drishti-GS1_files\Drishti-GS1_files\Drishti-GS1_files\Training\Images\drishtiGS_066.png,training,development,4,False,,DRISHTI_training,C:/Users/TRIPU/.gemini/antigravity/scratch/glaucoma_detection\data\processed\DRISHTI\glaucoma\drishtiGS_066.png,2048,1760,success,none,I
drishtiGS_068,DRISHTI,2745345,1,Glaucoma,C:/Users/TRIPU/OneDrive/Documents/ML/end sem project/Drishti-GS1_files\Drishti-GS1_files\Drishti-GS1_files\Training\Images\drishtiGS_068.png,training,development,0,False,,DRISHTI_training,C:/Users/TRIPU/.gemini/antigravity/scratch/glaucoma_detection\data\processed\DRISHTI\glaucoma\drishtiGS_068.png,2046,1753,success,none,A
drishtiGS_069,DRISHTI,2745345,1,Glaucoma,C:/Users/TRIPU/OneDrive/Documents/ML/end sem project/Drishti-GS1_files\Drishti-GS1_files\Drishti-GS1_files\Training\Images\drishtiGS_069.png,training,development,0,False,,DRISHTI_training,C:/Users/TRIPU/.gemini/antigravity/scratch/glaucoma_detection\data\processed\DRISHTI\glaucoma\drishtiGS_069.png,2046,1754,success,none,A
drishtiGS_075,DRISHTI,2803745,1,Glaucoma,C:/Users/TRIPU/OneDrive/Documents/ML/end sem project/Drishti-GS1_files\Drishti-GS1_files\Drishti-GS1_files\Training\Images\drishtiGS_075.png,training,development,3,False,,DRISHTI_training,C:/Users/TRIPU/.gemini/antigravity/scratch/glaucoma_detection\data\processed\DRISHTI\glaucoma\drishtiGS_075.png,2468,1762,success,none,S
drishtiGS_076,DRISHTI,2804213,1,Glaucoma,C:/Users/TRIPU/OneDrive/Documents/ML/end sem project/Drishti-GS1_files\Drishti-GS1_files\Drishti-GS1_files\Training\Images\drishtiGS_076.png,training,development,3,False,,DRISHTI_training,C:/Users/TRIPU/.gemini/antigravity/scratch/glaucoma_detection\data\processed\DRISHTI\glaucoma\drishtiGS_076.png,2047,1757,success,none,A
drishtiGS_080,DRISHTI,2826276,1,Glaucoma,C:/Users/TRIPU/OneDrive/Documents/ML/end sem project/Drishti-GS1_files\Drishti-GS1_files\Drishti-GS1_files\Training\Images\drishtiGS_080.png,training,development,2,False,,DRISHTI_training,C:/Users/TRIPU/.gemini/antigravity/scratch/glaucoma_detection\data\processed\DRISHTI\glaucoma\drishtiGS_080.png,2046,1754,success,none,A
drishtiGS_081,DRISHTI,2827617,1,Glaucoma,C:/Users/TRIPU/OneDrive/Documents/ML/end sem project/Drishti-GS1_files\Drishti-GS1_files\Drishti-GS1_files\Training\Images\drishtiGS_081.png,training,development,1,False,,DRISHTI_training,C:/Users/TRIPU/.gemini/antigravity/scratch/glaucoma_detection\data\processed\DRISHTI\glaucoma\drishtiGS_081.png,2048,1759,success,none,I
drishtiGS_084,DRISHTI,2829822,1,Glaucoma,C:/Users/TRIPU/OneDrive/Documents/ML/end sem project/Drishti-GS1_files\Drishti-GS1_files\Drishti-GS1_files\Training\Images\drishtiGS_084.png,training,development,1,True,,DRISHTI_training,C:/Users/TRIPU/.gemini/antigravity/scratch/glaucoma_detection\data\processed\DRISHTI\glaucoma\drishtiGS_084.png,2048,1750,success,none,S
drishtiGS_088,DRISHTI,2842932,1,Glaucoma,C:/Users/TRIPU/OneDrive/Documents/ML/end sem project/Drishti-GS1_files\Drishti-GS1_files\Drishti-GS1_files\Training\Images\drishtiGS_088.png,training,development,0,False,,DRISHTI_training,C:/Users/TRIPU/.gemini/antigravity/scratch/glaucoma_detection\data\processed\DRISHTI\glaucoma\drishtiGS_088.png,2047,1760,success,none,A
drishtiGS_089,DRISHTI,2864585,0,Normal,C:/Users/TRIPU/OneDrive/Documents/ML/end sem project/Drishti-GS1_files\Drishti-GS1_files\Drishti-GS1_files\Training\Images\drishtiGS_089.png,training,development,3,False,,DRISHTI_training,C:/Users/TRIPU/.gemini/antigravity/scratch/glaucoma_detection\data\processed\DRISHTI\normal\drishtiGS_089.png,2049,1749,success,none,A
drishtiGS_090,DRISHTI,2864585,0,Normal,C:/Users/TRIPU/OneDrive/Documents/ML/end sem project/Drishti-GS1_files\Drishti-GS1_files\Drishti-GS1_files\Training\Images\drishtiGS_090.png,training,development,3,False,,DRISHTI_training,C:/Users/TRIPU/.gemini/antigravity/scratch/glaucoma_detection\data\processed\DRISHTI\normal\drishtiGS_090.png,2049,1749,success,none,A
drishtiGS_092,DRISHTI,2864754,0,Normal,C:/Users/TRIPU/OneDrive/Documents/ML/end sem project/Drishti-GS1_files\Drishti-GS1_files\Drishti-GS1_files\Training\Images\drishtiGS_092.png,training,development,2,False,,DRISHTI_training,C:/Users/TRIPU/.gemini/antigravity/scratch/glaucoma_detection\data\processed\DRISHTI\normal\drishtiGS_092.png,2050,1749,success,none,A
drishtiGS_094,DRISHTI,2864781,0,Normal,C:/Users/TRIPU/OneDrive/Documents/ML/end sem project/Drishti-GS1_files\Drishti-GS1_files\Drishti-GS1_files\Training\Images\drishtiGS_094.png,training,development,4,False,,DRISHTI_training,C:/Users/TRIPU/.gemini/antigravity/scratch/glaucoma_detection\data\processed\DRISHTI\normal\drishtiGS_094.png,2049,1750,success,none,A
drishtiGS_098,DRISHTI,2864821,0,Normal,C:/Users/TRIPU/OneDrive/Documents/ML/end sem project/Drishti-GS1_files\Drishti-GS1_files\Drishti-GS1_files\Training\Images\drishtiGS_098.png,training,development,2,False,,DRISHTI_training,C:/Users/TRIPU/.gemini/antigravity/scratch/glaucoma_detection\data\processed\DRISHTI\normal\drishtiGS_098.png,2048,1749,success,none,A
drishtiGS_101,DRISHTI,2864841,0,Normal,C:/Users/TRIPU/OneDrive/Documents/ML/end sem project/Drishti-GS1_files\Drishti-GS1_files\Drishti-GS1_files\Training\Images\drishtiGS_101.png,training,development,0,False,,DRISHTI_training,C:/Users/TRIPU/.gemini/antigravity/scratch/glaucoma_detection\data\processed\DRISHTI\normal\drishtiGS_101.png,2048,1749,success,none,A
drishtiGS_001,DRISHTI,1077987,1,Glaucoma,C:/Users/TRIPU/OneDrive/Documents/ML/end sem project/Drishti-GS1_files\Drishti-GS1_files\Drishti-GS1_files\Test\Images\drishtiGS_001.png,test,development,4,False,,DRISHTI_test,C:/Users/TRIPU/.gemini/antigravity/scratch/glaucoma_detection\data\processed\DRISHTI\glaucoma\drishtiGS_001.png,2049,1751,success,none,I
drishtiGS_003,DRISHTI,1393265,1,Glaucoma,C:/Users/TRIPU/OneDrive/Documents/ML/end sem project/Drishti-GS1_files\Drishti-GS1_files\Drishti-GS1_files\Test\Images\drishtiGS_003.png,test,development,2,False,,DRISHTI_test,C:/Users/TRIPU/.gemini/antigravity/scratch/glaucoma_detection\data\processed\DRISHTI\glaucoma\drishtiGS_003.png,2047,1759,success,none,I
drishtiGS_005,DRISHTI,1481925,1,Glaucoma,C:/Users/TRIPU/OneDrive/Documents/ML/end sem project/Drishti-GS1_files\Drishti-GS1_files\Drishti-GS1_files\Test\Images\drishtiGS_005.png,test,development,4,False,,DRISHTI_test,C:/Users/TRIPU/.gemini/antigravity/scratch/glaucoma_detection\data\processed\DRISHTI\glaucoma\drishtiGS_005.png,2047,1759,success,none,I
drishtiGS_006,DRISHTI,1514781,1,Glaucoma,C:/Users/TRIPU/OneDrive/Documents/ML/end sem project/Drishti-GS1_files\Drishti-GS1_files\Drishti-GS1_files\Test\Images\drishtiGS_006.png,test,development,3,True,,DRISHTI_test,C:/Users/TRIPU/.gemini/antigravity/scratch/glaucoma_detection\data\processed\DRISHTI\glaucoma\drishtiGS_006.png,2048,1755,success,none,A
drishtiGS_007,DRISHTI,1514781,0,Normal,C:/Users/TRIPU/OneDrive/Documents/ML/end sem project/Drishti-GS1_files\Drishti-GS1_files\Drishti-GS1_files\Test\Images\drishtiGS_007.png,test,development,3,True,,DRISHTI_test,C:/Users/TRIPU/.gemini/antigravity/scratch/glaucoma_detection\data\processed\DRISHTI\normal\drishtiGS_007.png,2049,1757,success,none,A
drishtiGS_009,DRISHTI,1558499,0,Normal,C:/Users/TRIPU/OneDrive/Documents/ML/end sem project/Drishti-GS1_files\Drishti-GS1_files\Drishti-GS1_files\Test\Images\drishtiGS_009.png,test,development,1,False,,DRISHTI_test,C:/Users/TRIPU/.gemini/antigravity/scratch/glaucoma_detection\data\processed\DRISHTI\normal\drishtiGS_009.png,2048,1754,success,none,A
drishtiGS_011,DRISHTI,1731185,1,Glaucoma,C:/Users/TRIPU/OneDrive/Documents/ML/end sem project/Drishti-GS1_files\Drishti-GS1_files\Drishti-GS1_files\Test\Images\drishtiGS_011.png,test,development,4,False,,DRISHTI_test,C:/Users/TRIPU/.gemini/antigravity/scratch/glaucoma_detection\data\processed\DRISHTI\glaucoma\drishtiGS_011.png,2049,1752,success,none,I
drishtiGS_013,DRISHTI,1895846,0,Normal,C:/Users/TRIPU/OneDrive/Documents/ML/end sem project/Drishti-GS1_files\Drishti-GS1_files\Drishti-GS1_files\Test\Images\drishtiGS_013.png,test,development,2,False,,DRISHTI_test,C:/Users/TRIPU/.gemini/antigravity/scratch/glaucoma_detection\data\processed\DRISHTI\normal\drishtiGS_013.png,2463,1759,success,none,A
drishtiGS_014,DRISHTI,1972140,1,Glaucoma,C:/Users/TRIPU/OneDrive/Documents/ML/end sem project/Drishti-GS1_files\Drishti-GS1_files\Drishti-GS1_files\Test\Images\drishtiGS_014.png,test,development,2,False,,DRISHTI_test,C:/Users/TRIPU/.gemini/antigravity/scratch/glaucoma_detection\data\processed\DRISHTI\glaucoma\drishtiGS_014.png,2048,1760,success,none,S
drishtiGS_019,DRISHTI,2020775,1,Glaucoma,C:/Users/TRIPU/OneDrive/Documents/ML/end sem project/Drishti-GS1_files\Drishti-GS1_files\Drishti-GS1_files\Test\Images\drishtiGS_019.png,test,development,1,False,,DRISHTI_test,C:/Users/TRIPU/.gemini/antigravity/scratch/glaucoma_detection\data\processed\DRISHTI\glaucoma\drishtiGS_019.png,2049,1760,success,none,I
drishtiGS_020,DRISHTI,2030682,1,Glaucoma,C:/Users/TRIPU/OneDrive/Documents/ML/end sem project/Drishti-GS1_files\Drishti-GS1_files\Drishti-GS1_files\Test\Images\drishtiGS_020.png,test,development,2,False,,DRISHTI_test,C:/Users/TRIPU/.gemini/antigravity/scratch/glaucoma_detection\data\processed\DRISHTI\glaucoma\drishtiGS_020.png,2048,1757,success,none,A
drishtiGS_021,DRISHTI,2040729,1,Glaucoma,C:/Users/TRIPU/OneDrive/Documents/ML/end sem project/Drishti-GS1_files\Drishti-GS1_files\Drishti-GS1_files\Test\Images\drishtiGS_021.png,test,development,1,False,,DRISHTI_test,C:/Users/TRIPU/.gemini/antigravity/scratch/glaucoma_detection\data\processed\DRISHTI\glaucoma\drishtiGS_021.png,2047,1761,success,none,A
drishtiGS_023,DRISHTI,2070741,1,Glaucoma,C:/Users/TRIPU/OneDrive/Documents/ML/end sem project/Drishti-GS1_files\Drishti-GS1_files\Drishti-GS1_files\Test\Images\drishtiGS_023.png,test,development,4,False,,DRISHTI_test,C:/Users/TRIPU/.gemini/antigravity/scratch/glaucoma_detection\data\processed\DRISHTI\glaucoma\drishtiGS_023.png,2049,1755,success,none,I
drishtiGS_025,DRISHTI,2209395,1,Glaucoma,C:/Users/TRIPU/OneDrive/Documents/ML/end sem project/Drishti-GS1_files\Drishti-GS1_files\Drishti-GS1_files\Test\Images\drishtiGS_025.png,test,development,0,False,,DRISHTI_test,C:/Users/TRIPU/.gemini/antigravity/scratch/glaucoma_detection\data\processed\DRISHTI\glaucoma\drishtiGS_025.png,2468,1757,success,none,I
drishtiGS_027,DRISHTI,2248277,1,Glaucoma,C:/Users/TRIPU/OneDrive/Documents/ML/end sem project/Drishti-GS1_files\Drishti-GS1_files\Drishti-GS1_files\Test\Images\drishtiGS_027.png,test,development,2,False,,DRISHTI_test,C:/Users/TRIPU/.gemini/antigravity/scratch/glaucoma_detection\data\processed\DRISHTI\glaucoma\drishtiGS_027.png,2051,1761,success,none,A
drishtiGS_028,DRISHTI,2248277,1,Glaucoma,C:/Users/TRIPU/OneDrive/Documents/ML/end sem project/Drishti-GS1_files\Drishti-GS1_files\Drishti-GS1_files\Test\Images\drishtiGS_028.png,test,development,2,False,,DRISHTI_test,C:/Users/TRIPU/.gemini/antigravity/scratch/glaucoma_detection\data\processed\DRISHTI\glaucoma\drishtiGS_028.png,2048,1761,success,none,A
drishtiGS_029,DRISHTI,2292498,1,Glaucoma,C:/Users/TRIPU/OneDrive/Documents/ML/end sem project/Drishti-GS1_files\Drishti-GS1_files\Drishti-GS1_files\Test\Images\drishtiGS_029.png,test,development,1,False,,DRISHTI_test,C:/Users/TRIPU/.gemini/antigravity/scratch/glaucoma_detection\data\processed\DRISHTI\glaucoma\drishtiGS_029.png,2049,1760,success,none,A
drishtiGS_030,DRISHTI,2292498,1,Glaucoma,C:/Users/TRIPU/OneDrive/Documents/ML/end sem project/Drishti-GS1_files\Drishti-GS1_files\Drishti-GS1_files\Test\Images\drishtiGS_030.png,test,development,1,False,,DRISHTI_test,C:/Users/TRIPU/.gemini/antigravity/scratch/glaucoma_detection\data\processed\DRISHTI\glaucoma\drishtiGS_030.png,2048,1760,success,none,A
drishtiGS_034,DRISHTI,2356217,1,Glaucoma,C:/Users/TRIPU/OneDrive/Documents/ML/end sem project/Drishti-GS1_files\Drishti-GS1_files\Drishti-GS1_files\Test\Images\drishtiGS_034.png,test,development,4,True,,DRISHTI_test,C:/Users/TRIPU/.gemini/antigravity/scratch/glaucoma_detection\data\processed\DRISHTI\glaucoma\drishtiGS_034.png,2050,1758,success,none,A
drishtiGS_039,DRISHTI,2396691,1,Glaucoma,C:/Users/TRIPU/OneDrive/Documents/ML/end sem project/Drishti-GS1_files\Drishti-GS1_files\Drishti-GS1_files\Test\Images\drishtiGS_039.png,test,development,4,False,,DRISHTI_test,C:/Users/TRIPU/.gemini/antigravity/scratch/glaucoma_detection\data\processed\DRISHTI\glaucoma\drishtiGS_039.png,2049,1755,success,none,S
drishtiGS_043,DRISHTI,2477980,1,Glaucoma,C:/Users/TRIPU/OneDrive/Documents/ML/end sem project/Drishti-GS1_files\Drishti-GS1_files\Drishti-GS1_files\Test\Images\drishtiGS_043.png,test,development,0,False,,DRISHTI_test,C:/Users/TRIPU/.gemini/antigravity/scratch/glaucoma_detection\data\processed\DRISHTI\glaucoma\drishtiGS_043.png,2047,1751,success,none,S
drishtiGS_048,DRISHTI,2520061,1,Glaucoma,C:/Users/TRIPU/OneDrive/Documents/ML/end sem project/Drishti-GS1_files\Drishti-GS1_files\Drishti-GS1_files\Test\Images\drishtiGS_048.png,test,development,1,False,,DRISHTI_test,C:/Users/TRIPU/.gemini/antigravity/scratch/glaucoma_detection\data\processed\DRISHTI\glaucoma\drishtiGS_048.png,2048,1760,success,none,I
drishtiGS_050,DRISHTI,2564907,1,Glaucoma,C:/Users/TRIPU/OneDrive/Documents/ML/end sem project/Drishti-GS1_files\Drishti-GS1_files\Drishti-GS1_files\Test\Images\drishtiGS_050.png,test,development,2,False,,DRISHTI_test,C:/Users/TRIPU/.gemini/antigravity/scratch/glaucoma_detection\data\processed\DRISHTI\glaucoma\drishtiGS_050.png,2050,1764,success,none,I
drishtiGS_052,DRISHTI,2575322,1,Glaucoma,C:/Users/TRIPU/OneDrive/Documents/ML/end sem project/Drishti-GS1_files\Drishti-GS1_files\Drishti-GS1_files\Test\Images\drishtiGS_052.png,test,development,0,False,,DRISHTI_test,C:/Users/TRIPU/.gemini/antigravity/scratch/glaucoma_detection\data\processed\DRISHTI\glaucoma\drishtiGS_052.png,2047,1758,success,none,A
drishtiGS_053,DRISHTI,2575322,1,Glaucoma,C:/Users/TRIPU/OneDrive/Documents/ML/end sem project/Drishti-GS1_files\Drishti-GS1_files\Drishti-GS1_files\Test\Images\drishtiGS_053.png,test,development,0,False,,DRISHTI_test,C:/Users/TRIPU/.gemini/antigravity/scratch/glaucoma_detection\data\processed\DRISHTI\glaucoma\drishtiGS_053.png,2049,1760,success,none,I
drishtiGS_054,DRISHTI,2598343,1,Glaucoma,C:/Users/TRIPU/OneDrive/Documents/ML/end sem project/Drishti-GS1_files\Drishti-GS1_files\Drishti-GS1_files\Test\Images\drishtiGS_054.png,test,development,2,False,,DRISHTI_test,C:/Users/TRIPU/.gemini/antigravity/scratch/glaucoma_detection\data\processed\DRISHTI\glaucoma\drishtiGS_054.png,2049,1756,success,none,I
drishtiGS_055,DRISHTI,2598343,1,Glaucoma,C:/Users/TRIPU/OneDrive/Documents/ML/end sem project/Drishti-GS1_files\Drishti-GS1_files\Drishti-GS1_files\Test\Images\drishtiGS_055.png,test,development,2,False,,DRISHTI_test,C:/Users/TRIPU/.gemini/antigravity/scratch/glaucoma_detection\data\processed\DRISHTI\glaucoma\drishtiGS_055.png,2289,1841,success,none,I
drishtiGS_056,DRISHTI,2617454,1,Glaucoma,C:/Users/TRIPU/OneDrive/Documents/ML/end sem project/Drishti-GS1_files\Drishti-GS1_files\Drishti-GS1_files\Test\Images\drishtiGS_056.png,test,development,2,True,,DRISHTI_test,C:/Users/TRIPU/.gemini/antigravity/scratch/glaucoma_detection\data\processed\DRISHTI\glaucoma\drishtiGS_056.png,2049,1759,success,none,A
drishtiGS_059,DRISHTI,2682713,1,Glaucoma,C:/Users/TRIPU/OneDrive/Documents/ML/end sem project/Drishti-GS1_files\Drishti-GS1_files\Drishti-GS1_files\Test\Images\drishtiGS_059.png,test,development,3,False,,DRISHTI_test,C:/Users/TRIPU/.gemini/antigravity/scratch/glaucoma_detection\data\processed\DRISHTI\glaucoma\drishtiGS_059.png,2048,1757,success,none,I
drishtiGS_065,DRISHTI,2708535,1,Glaucoma,C:/Users/TRIPU/OneDrive/Documents/ML/end sem project/Drishti-GS1_files\Drishti-GS1_files\Drishti-GS1_files\Test\Images\drishtiGS_065.png,test,development,1,False,,DRISHTI_test,C:/Users/TRIPU/.gemini/antigravity/scratch/glaucoma_detection\data\processed\DRISHTI\glaucoma\drishtiGS_065.png,2045,1752,success,none,I
drishtiGS_067,DRISHTI,2737392,1,Glaucoma,C:/Users/TRIPU/OneDrive/Documents/ML/end sem project/Drishti-GS1_files\Drishti-GS1_files\Drishti-GS1_files\Test\Images\drishtiGS_067.png,test,development,0,False,,DRISHTI_test,C:/Users/TRIPU/.gemini/antigravity/scratch/glaucoma_detection\data\processed\DRISHTI\glaucoma\drishtiGS_067.png,2049,1753,success,none,A
drishtiGS_070,DRISHTI,2763334,1,Glaucoma,C:/Users/TRIPU/OneDrive/Documents/ML/end sem project/Drishti-GS1_files\Drishti-GS1_files\Drishti-GS1_files\Test\Images\drishtiGS_070.png,test,development,3,False,,DRISHTI_test,C:/Users/TRIPU/.gemini/antigravity/scratch/glaucoma_detection\data\processed\DRISHTI\glaucoma\drishtiGS_070.png,2049,1761,success,none,I and S
drishtiGS_071,DRISHTI,2763334,1,Glaucoma,C:/Users/TRIPU/OneDrive/Documents/ML/end sem project/Drishti-GS1_files\Drishti-GS1_files\Drishti-GS1_files\Test\Images\drishtiGS_071.png,test,development,3,False,,DRISHTI_test,C:/Users/TRIPU/.gemini/antigravity/scratch/glaucoma_detection\data\processed\DRISHTI\glaucoma\drishtiGS_071.png,2049,1759,success,none,I
drishtiGS_072,DRISHTI,2769581,0,Normal,C:/Users/TRIPU/OneDrive/Documents/ML/end sem project/Drishti-GS1_files\Drishti-GS1_files\Drishti-GS1_files\Test\Images\drishtiGS_072.png,test,development,4,False,,DRISHTI_test,C:/Users/TRIPU/.gemini/antigravity/scratch/glaucoma_detection\data\processed\DRISHTI\normal\drishtiGS_072.png,2047,1760,success,none,A
drishtiGS_073,DRISHTI,2796817,1,Glaucoma,C:/Users/TRIPU/OneDrive/Documents/ML/end sem project/Drishti-GS1_files\Drishti-GS1_files\Drishti-GS1_files\Test\Images\drishtiGS_073.png,test,development,3,False,,DRISHTI_test,C:/Users/TRIPU/.gemini/antigravity/scratch/glaucoma_detection\data\processed\DRISHTI\glaucoma\drishtiGS_073.png,2140,1761,success,none,I
drishtiGS_074,DRISHTI,2797768,1,Glaucoma,C:/Users/TRIPU/OneDrive/Documents/ML/end sem project/Drishti-GS1_files\Drishti-GS1_files\Drishti-GS1_files\Test\Images\drishtiGS_074.png,test,development,3,False,,DRISHTI_test,C:/Users/TRIPU/.gemini/antigravity/scratch/glaucoma_detection\data\processed\DRISHTI\glaucoma\drishtiGS_074.png,2048,1759,success,none,I
drishtiGS_077,DRISHTI,2804213,1,Glaucoma,C:/Users/TRIPU/OneDrive/Documents/ML/end sem project/Drishti-GS1_files\Drishti-GS1_files\Drishti-GS1_files\Test\Images\drishtiGS_077.png,test,development,3,False,,DRISHTI_test,C:/Users/TRIPU/.gemini/antigravity/scratch/glaucoma_detection\data\processed\DRISHTI\glaucoma\drishtiGS_077.png,2049,1760,success,none,A
drishtiGS_078,DRISHTI,2804233,0,Normal,C:/Users/TRIPU/OneDrive/Documents/ML/end sem project/Drishti-GS1_files\Drishti-GS1_files\Drishti-GS1_files\Test\Images\drishtiGS_078.png,test,development,2,False,,DRISHTI_test,C:/Users/TRIPU/.gemini/antigravity/scratch/glaucoma_detection\data\processed\DRISHTI\normal\drishtiGS_078.png,2048,1762,success,none,A
drishtiGS_079,DRISHTI,2816193,1,Glaucoma,C:/Users/TRIPU/OneDrive/Documents/ML/end sem project/Drishti-GS1_files\Drishti-GS1_files\Drishti-GS1_files\Test\Images\drishtiGS_079.png,test,development,2,False,,DRISHTI_test,C:/Users/TRIPU/.gemini/antigravity/scratch/glaucoma_detection\data\processed\DRISHTI\glaucoma\drishtiGS_079.png,2048,1755,success,none,I
drishtiGS_082,DRISHTI,2827617,1,Glaucoma,C:/Users/TRIPU/OneDrive/Documents/ML/end sem project/Drishti-GS1_files\Drishti-GS1_files\Drishti-GS1_files\Test\Images\drishtiGS_082.png,test,development,1,False,,DRISHTI_test,C:/Users/TRIPU/.gemini/antigravity/scratch/glaucoma_detection\data\processed\DRISHTI\glaucoma\drishtiGS_082.png,2048,1760,success,none,I
drishtiGS_083,DRISHTI,2828224,1,Glaucoma,C:/Users/TRIPU/OneDrive/Documents/ML/end sem project/Drishti-GS1_files\Drishti-GS1_files\Drishti-GS1_files\Test\Images\drishtiGS_083.png,test,development,2,False,,DRISHTI_test,C:/Users/TRIPU/.gemini/antigravity/scratch/glaucoma_detection\data\processed\DRISHTI\glaucoma\drishtiGS_083.png,2049,1758,success,none,S
drishtiGS_085,DRISHTI,2829822,0,Normal,C:/Users/TRIPU/OneDrive/Documents/ML/end sem project/Drishti-GS1_files\Drishti-GS1_files\Drishti-GS1_files\Test\Images\drishtiGS_085.png,test,development,1,True,,DRISHTI_test,C:/Users/TRIPU/.gemini/antigravity/scratch/glaucoma_detection\data\processed\DRISHTI\normal\drishtiGS_085.png,2049,1754,success,none,A
drishtiGS_086,DRISHTI,2835701,1,Glaucoma,C:/Users/TRIPU/OneDrive/Documents/ML/end sem project/Drishti-GS1_files\Drishti-GS1_files\Drishti-GS1_files\Test\Images\drishtiGS_086.png,test,development,3,False,,DRISHTI_test,C:/Users/TRIPU/.gemini/antigravity/scratch/glaucoma_detection\data\processed\DRISHTI\glaucoma\drishtiGS_086.png,2049,1835,success,none,I
drishtiGS_087,DRISHTI,2839795,1,Glaucoma,C:/Users/TRIPU/OneDrive/Documents/ML/end sem project/Drishti-GS1_files\Drishti-GS1_files\Drishti-GS1_files\Test\Images\drishtiGS_087.png,test,development,0,False,,DRISHTI_test,C:/Users/TRIPU/.gemini/antigravity/scratch/glaucoma_detection\data\processed\DRISHTI\glaucoma\drishtiGS_087.png,2048,1761,success,none,I
drishtiGS_091,DRISHTI,2864740,0,Normal,C:/Users/TRIPU/OneDrive/Documents/ML/end sem project/Drishti-GS1_files\Drishti-GS1_files\Drishti-GS1_files\Test\Images\drishtiGS_091.png,test,development,4,False,,DRISHTI_test,C:/Users/TRIPU/.gemini/antigravity/scratch/glaucoma_detection\data\processed\DRISHTI\normal\drishtiGS_091.png,2048,1749,success,none,A
drishtiGS_093,DRISHTI,2864766,0,Normal,C:/Users/TRIPU/OneDrive/Documents/ML/end sem project/Drishti-GS1_files\Drishti-GS1_files\Drishti-GS1_files\Test\Images\drishtiGS_093.png,test,development,3,False,,DRISHTI_test,C:/Users/TRIPU/.gemini/antigravity/scratch/glaucoma_detection\data\processed\DRISHTI\normal\drishtiGS_093.png,2048,1748,success,none,A
drishtiGS_095,DRISHTI,2864781,0,Normal,C:/Users/TRIPU/OneDrive/Documents/ML/end sem project/Drishti-GS1_files\Drishti-GS1_files\Drishti-GS1_files\Test\Images\drishtiGS_095.png,test,development,4,False,,DRISHTI_test,C:/Users/TRIPU/.gemini/antigravity/scratch/glaucoma_detection\data\processed\DRISHTI\normal\drishtiGS_095.png,2048,1750,success,none,A
drishtiGS_096,DRISHTI,2864804,0,Normal,C:/Users/TRIPU/OneDrive/Documents/ML/end sem project/Drishti-GS1_files\Drishti-GS1_files\Drishti-GS1_files\Test\Images\drishtiGS_096.png,test,development,1,False,,DRISHTI_test,C:/Users/TRIPU/.gemini/antigravity/scratch/glaucoma_detection\data\processed\DRISHTI\normal\drishtiGS_096.png,2049,1749,success,none,A
drishtiGS_097,DRISHTI,2864821,0,Normal,C:/Users/TRIPU/OneDrive/Documents/ML/end sem project/Drishti-GS1_files\Drishti-GS1_files\Drishti-GS1_files\Test\Images\drishtiGS_097.png,test,development,2,False,,DRISHTI_test,C:/Users/TRIPU/.gemini/antigravity/scratch/glaucoma_detection\data\processed\DRISHTI\normal\drishtiGS_097.png,2049,1749,success,none,A
drishtiGS_099,DRISHTI,2864831,0,Normal,C:/Users/TRIPU/OneDrive/Documents/ML/end sem project/Drishti-GS1_files\Drishti-GS1_files\Drishti-GS1_files\Test\Images\drishtiGS_099.png,test,development,4,False,,DRISHTI_test,C:/Users/TRIPU/.gemini/antigravity/scratch/glaucoma_detection\data\processed\DRISHTI\normal\drishtiGS_099.png,2047,1748,success,none,A
drishtiGS_100,DRISHTI,2864841,0,Normal,C:/Users/TRIPU/OneDrive/Documents/ML/end sem project/Drishti-GS1_files\Drishti-GS1_files\Drishti-GS1_files\Test\Images\drishtiGS_100.png,test,development,0,False,,DRISHTI_test,C:/Users/TRIPU/.gemini/antigravity/scratch/glaucoma_detection\data\processed\DRISHTI\normal\drishtiGS_100.png,2049,1749,success,none,A
HRF_01_d,HRF,HRF_01,-1,Diabetic_Retinopathy,C:/Users/TRIPU/OneDrive/Documents/ML/end sem project/HRF Dataset\images\01_d.jpg,HRF_images,excluded,-1,False,,HRF_primary,,3504,2336,excluded,diabetic_retinopathy,
HRF_01_g,HRF,HRF_01,1,Glaucoma,C:/Users/TRIPU/OneDrive/Documents/ML/end sem project/HRF Dataset\images\01_g.jpg,HRF_images,external_test,-1,False,,HRF_primary,C:/Users/TRIPU/.gemini/antigravity/scratch/glaucoma_detection\data\processed\HRF\glaucoma\HRF_01_g.png,3504,2336,success,none,
HRF_01_h,HRF,HRF_01,0,Normal,C:/Users/TRIPU/OneDrive/Documents/ML/end sem project/HRF Dataset\images\01_h.jpg,HRF_images,external_test,-1,False,,HRF_primary,C:/Users/TRIPU/.gemini/antigravity/scratch/glaucoma_detection\data\processed\HRF\normal\HRF_01_h.png,3504,2336,success,none,
HRF_02_d,HRF,HRF_02,-1,Diabetic_Retinopathy,C:/Users/TRIPU/OneDrive/Documents/ML/end sem project/HRF Dataset\images\02_d.jpg,HRF_images,excluded,-1,False,,HRF_primary,,3504,2336,excluded,diabetic_retinopathy,
HRF_02_g,HRF,HRF_02,1,Glaucoma,C:/Users/TRIPU/OneDrive/Documents/ML/end sem project/HRF Dataset\images\02_g.jpg,HRF_images,external_test,-1,False,,HRF_primary,C:/Users/TRIPU/.gemini/antigravity/scratch/glaucoma_detection\data\processed\HRF\glaucoma\HRF_02_g.png,3504,2336,success,none,
HRF_02_h,HRF,HRF_02,0,Normal,C:/Users/TRIPU/OneDrive/Documents/ML/end sem project/HRF Dataset\images\02_h.jpg,HRF_images,external_test,-1,False,,HRF_primary,C:/Users/TRIPU/.gemini/antigravity/scratch/glaucoma_detection\data\processed\HRF\normal\HRF_02_h.png,3504,2336,success,none,
HRF_03_d,HRF,HRF_03,-1,Diabetic_Retinopathy,C:/Users/TRIPU/OneDrive/Documents/ML/end sem project/HRF Dataset\images\03_d.jpg,HRF_images,excluded,-1,False,,HRF_primary,,3504,2336,excluded,diabetic_retinopathy,
HRF_03_g,HRF,HRF_03,1,Glaucoma,C:/Users/TRIPU/OneDrive/Documents/ML/end sem project/HRF Dataset\images\03_g.jpg,HRF_images,external_test,-1,False,,HRF_primary,C:/Users/TRIPU/.gemini/antigravity/scratch/glaucoma_detection\data\processed\HRF\glaucoma\HRF_03_g.png,3504,2336,success,none,
HRF_03_h,HRF,HRF_03,0,Normal,C:/Users/TRIPU/OneDrive/Documents/ML/end sem project/HRF Dataset\images\03_h.jpg,HRF_images,external_test,-1,False,,HRF_primary,C:/Users/TRIPU/.gemini/antigravity/scratch/glaucoma_detection\data\processed\HRF\normal\HRF_03_h.png,3504,2336,success,none,
HRF_04_d,HRF,HRF_04,-1,Diabetic_Retinopathy,C:/Users/TRIPU/OneDrive/Documents/ML/end sem project/HRF Dataset\images\04_d.jpg,HRF_images,excluded,-1,False,,HRF_primary,,3504,2336,excluded,diabetic_retinopathy,
HRF_04_g,HRF,HRF_04,1,Glaucoma,C:/Users/TRIPU/OneDrive/Documents/ML/end sem project/HRF Dataset\images\04_g.jpg,HRF_images,external_test,-1,False,,HRF_primary,C:/Users/TRIPU/.gemini/antigravity/scratch/glaucoma_detection\data\processed\HRF\glaucoma\HRF_04_g.png,3504,2336,success,none,
HRF_04_h,HRF,HRF_04,0,Normal,C:/Users/TRIPU/OneDrive/Documents/ML/end sem project/HRF Dataset\images\04_h.jpg,HRF_images,external_test,-1,False,,HRF_primary,C:/Users/TRIPU/.gemini/antigravity/scratch/glaucoma_detection\data\processed\HRF\normal\HRF_04_h.png,3504,2336,success,none,
HRF_05_d,HRF,HRF_05,-1,Diabetic_Retinopathy,C:/Users/TRIPU/OneDrive/Documents/ML/end sem project/HRF Dataset\images\05_d.jpg,HRF_images,excluded,-1,False,,HRF_primary,,3504,2336,excluded,diabetic_retinopathy,
HRF_05_g,HRF,HRF_05,1,Glaucoma,C:/Users/TRIPU/OneDrive/Documents/ML/end sem project/HRF Dataset\images\05_g.jpg,HRF_images,external_test,-1,False,,HRF_primary,C:/Users/TRIPU/.gemini/antigravity/scratch/glaucoma_detection\data\processed\HRF\glaucoma\HRF_05_g.png,3504,2336,success,none,
HRF_05_h,HRF,HRF_05,0,Normal,C:/Users/TRIPU/OneDrive/Documents/ML/end sem project/HRF Dataset\images\05_h.jpg,HRF_images,external_test,-1,False,,HRF_primary,C:/Users/TRIPU/.gemini/antigravity/scratch/glaucoma_detection\data\processed\HRF\normal\HRF_05_h.png,3504,2336,success,none,
HRF_06_d,HRF,HRF_06,-1,Diabetic_Retinopathy,C:/Users/TRIPU/OneDrive/Documents/ML/end sem project/HRF Dataset\images\06_d.jpg,HRF_images,excluded,-1,False,,HRF_primary,,3504,2336,excluded,diabetic_retinopathy,
HRF_06_g,HRF,HRF_06,1,Glaucoma,C:/Users/TRIPU/OneDrive/Documents/ML/end sem project/HRF Dataset\images\06_g.jpg,HRF_images,external_test,-1,False,,HRF_primary,C:/Users/TRIPU/.gemini/antigravity/scratch/glaucoma_detection\data\processed\HRF\glaucoma\HRF_06_g.png,3504,2336,success,none,
HRF_06_h,HRF,HRF_06,0,Normal,C:/Users/TRIPU/OneDrive/Documents/ML/end sem project/HRF Dataset\images\06_h.jpg,HRF_images,external_test,-1,False,,HRF_primary,C:/Users/TRIPU/.gemini/antigravity/scratch/glaucoma_detection\data\processed\HRF\normal\HRF_06_h.png,3504,2336,success,none,
HRF_07_d,HRF,HRF_07,-1,Diabetic_Retinopathy,C:/Users/TRIPU/OneDrive/Documents/ML/end sem project/HRF Dataset\images\07_d.jpg,HRF_images,excluded,-1,False,,HRF_primary,,3504,2336,excluded,diabetic_retinopathy,
HRF_07_g,HRF,HRF_07,1,Glaucoma,C:/Users/TRIPU/OneDrive/Documents/ML/end sem project/HRF Dataset\images\07_g.jpg,HRF_images,external_test,-1,False,,HRF_primary,C:/Users/TRIPU/.gemini/antigravity/scratch/glaucoma_detection\data\processed\HRF\glaucoma\HRF_07_g.png,3504,2336,success,none,
HRF_07_h,HRF,HRF_07,0,Normal,C:/Users/TRIPU/OneDrive/Documents/ML/end sem project/HRF Dataset\images\07_h.jpg,HRF_images,external_test,-1,False,,HRF_primary,C:/Users/TRIPU/.gemini/antigravity/scratch/glaucoma_detection\data\processed\HRF\normal\HRF_07_h.png,3504,2336,success,none,
HRF_08_d,HRF,HRF_08,-1,Diabetic_Retinopathy,C:/Users/TRIPU/OneDrive/Documents/ML/end sem project/HRF Dataset\images\08_d.jpg,HRF_images,excluded,-1,False,,HRF_primary,,3504,2336,excluded,diabetic_retinopathy,
HRF_08_g,HRF,HRF_08,1,Glaucoma,C:/Users/TRIPU/OneDrive/Documents/ML/end sem project/HRF Dataset\images\08_g.jpg,HRF_images,external_test,-1,False,,HRF_primary,C:/Users/TRIPU/.gemini/antigravity/scratch/glaucoma_detection\data\processed\HRF\glaucoma\HRF_08_g.png,3504,2336,success,none,
HRF_08_h,HRF,HRF_08,0,Normal,C:/Users/TRIPU/OneDrive/Documents/ML/end sem project/HRF Dataset\images\08_h.jpg,HRF_images,external_test,-1,False,,HRF_primary,C:/Users/TRIPU/.gemini/antigravity/scratch/glaucoma_detection\data\processed\HRF\normal\HRF_08_h.png,3504,2336,success,none,
HRF_09_d,HRF,HRF_09,-1,Diabetic_Retinopathy,C:/Users/TRIPU/OneDrive/Documents/ML/end sem project/HRF Dataset\images\09_d.jpg,HRF_images,excluded,-1,False,,HRF_primary,,3504,2336,excluded,diabetic_retinopathy,
HRF_09_g,HRF,HRF_09,1,Glaucoma,C:/Users/TRIPU/OneDrive/Documents/ML/end sem project/HRF Dataset\images\09_g.jpg,HRF_images,external_test,-1,False,,HRF_primary,C:/Users/TRIPU/.gemini/antigravity/scratch/glaucoma_detection\data\processed\HRF\glaucoma\HRF_09_g.png,3504,2336,success,none,
HRF_09_h,HRF,HRF_09,0,Normal,C:/Users/TRIPU/OneDrive/Documents/ML/end sem project/HRF Dataset\images\09_h.jpg,HRF_images,external_test,-1,False,,HRF_primary,C:/Users/TRIPU/.gemini/antigravity/scratch/glaucoma_detection\data\processed\HRF\normal\HRF_09_h.png,3504,2336,success,none,
HRF_10_d,HRF,HRF_10,-1,Diabetic_Retinopathy,C:/Users/TRIPU/OneDrive/Documents/ML/end sem project/HRF Dataset\images\10_d.jpg,HRF_images,excluded,-1,False,,HRF_primary,,3504,2336,excluded,diabetic_retinopathy,
HRF_10_g,HRF,HRF_10,1,Glaucoma,C:/Users/TRIPU/OneDrive/Documents/ML/end sem project/HRF Dataset\images\10_g.jpg,HRF_images,external_test,-1,False,,HRF_primary,C:/Users/TRIPU/.gemini/antigravity/scratch/glaucoma_detection\data\processed\HRF\glaucoma\HRF_10_g.png,3504,2336,success,none,
HRF_10_h,HRF,HRF_10,0,Normal,C:/Users/TRIPU/OneDrive/Documents/ML/end sem project/HRF Dataset\images\10_h.jpg,HRF_images,external_test,-1,False,,HRF_primary,C:/Users/TRIPU/.gemini/antigravity/scratch/glaucoma_detection\data\processed\HRF\normal\HRF_10_h.png,3504,2336,success,none,
HRF_11_d,HRF,HRF_11,-1,Diabetic_Retinopathy,C:/Users/TRIPU/OneDrive/Documents/ML/end sem project/HRF Dataset\images\11_d.jpg,HRF_images,excluded,-1,False,,HRF_primary,,3504,2336,excluded,diabetic_retinopathy,
HRF_11_g,HRF,HRF_11,1,Glaucoma,C:/Users/TRIPU/OneDrive/Documents/ML/end sem project/HRF Dataset\images\11_g.jpg,HRF_images,external_test,-1,False,,HRF_primary,C:/Users/TRIPU/.gemini/antigravity/scratch/glaucoma_detection\data\processed\HRF\glaucoma\HRF_11_g.png,3504,2336,success,none,
HRF_11_h,HRF,HRF_11,0,Normal,C:/Users/TRIPU/OneDrive/Documents/ML/end sem project/HRF Dataset\images\11_h.jpg,HRF_images,external_test,-1,False,,HRF_primary,C:/Users/TRIPU/.gemini/antigravity/scratch/glaucoma_detection\data\processed\HRF\normal\HRF_11_h.png,3504,2336,success,none,
HRF_12_d,HRF,HRF_12,-1,Diabetic_Retinopathy,C:/Users/TRIPU/OneDrive/Documents/ML/end sem project/HRF Dataset\images\12_d.jpg,HRF_images,excluded,-1,False,,HRF_primary,,3504,2336,excluded,diabetic_retinopathy,
HRF_12_g,HRF,HRF_12,1,Glaucoma,C:/Users/TRIPU/OneDrive/Documents/ML/end sem project/HRF Dataset\images\12_g.jpg,HRF_images,external_test,-1,False,,HRF_primary,C:/Users/TRIPU/.gemini/antigravity/scratch/glaucoma_detection\data\processed\HRF\glaucoma\HRF_12_g.png,3504,2336,success,none,
HRF_12_h,HRF,HRF_12,0,Normal,C:/Users/TRIPU/OneDrive/Documents/ML/end sem project/HRF Dataset\images\12_h.jpg,HRF_images,external_test,-1,False,,HRF_primary,C:/Users/TRIPU/.gemini/antigravity/scratch/glaucoma_detection\data\processed\HRF\normal\HRF_12_h.png,3504,2336,success,none,
HRF_13_d,HRF,HRF_13,-1,Diabetic_Retinopathy,C:/Users/TRIPU/OneDrive/Documents/ML/end sem project/HRF Dataset\images\13_d.jpg,HRF_images,excluded,-1,False,,HRF_primary,,3504,2336,excluded,diabetic_retinopathy,
HRF_13_g,HRF,HRF_13,1,Glaucoma,C:/Users/TRIPU/OneDrive/Documents/ML/end sem project/HRF Dataset\images\13_g.jpg,HRF_images,external_test,-1,False,,HRF_primary,C:/Users/TRIPU/.gemini/antigravity/scratch/glaucoma_detection\data\processed\HRF\glaucoma\HRF_13_g.png,3504,2336,success,none,
HRF_13_h,HRF,HRF_13,0,Normal,C:/Users/TRIPU/OneDrive/Documents/ML/end sem project/HRF Dataset\images\13_h.jpg,HRF_images,external_test,-1,False,,HRF_primary,C:/Users/TRIPU/.gemini/antigravity/scratch/glaucoma_detection\data\processed\HRF\normal\HRF_13_h.png,3504,2336,success,none,
HRF_14_d,HRF,HRF_14,-1,Diabetic_Retinopathy,C:/Users/TRIPU/OneDrive/Documents/ML/end sem project/HRF Dataset\images\14_d.jpg,HRF_images,excluded,-1,False,,HRF_primary,,3504,2336,excluded,diabetic_retinopathy,
HRF_14_g,HRF,HRF_14,1,Glaucoma,C:/Users/TRIPU/OneDrive/Documents/ML/end sem project/HRF Dataset\images\14_g.jpg,HRF_images,external_test,-1,False,,HRF_primary,C:/Users/TRIPU/.gemini/antigravity/scratch/glaucoma_detection\data\processed\HRF\glaucoma\HRF_14_g.png,3504,2336,success,none,
HRF_14_h,HRF,HRF_14,0,Normal,C:/Users/TRIPU/OneDrive/Documents/ML/end sem project/HRF Dataset\images\14_h.jpg,HRF_images,external_test,-1,False,,HRF_primary,C:/Users/TRIPU/.gemini/antigravity/scratch/glaucoma_detection\data\processed\HRF\normal\HRF_14_h.png,3504,2336,success,none,
HRF_15_d,HRF,HRF_15,-1,Diabetic_Retinopathy,C:/Users/TRIPU/OneDrive/Documents/ML/end sem project/HRF Dataset\images\15_d.jpg,HRF_images,excluded,-1,False,,HRF_primary,,3504,2336,excluded,diabetic_retinopathy,
HRF_15_g,HRF,HRF_15,1,Glaucoma,C:/Users/TRIPU/OneDrive/Documents/ML/end sem project/HRF Dataset\images\15_g.jpg,HRF_images,external_test,-1,False,,HRF_primary,C:/Users/TRIPU/.gemini/antigravity/scratch/glaucoma_detection\data\processed\HRF\glaucoma\HRF_15_g.png,3504,2336,success,none,
HRF_15_h,HRF,HRF_15,0,Normal,C:/Users/TRIPU/OneDrive/Documents/ML/end sem project/HRF Dataset\images\15_h.jpg,HRF_images,external_test,-1,False,,HRF_primary,C:/Users/TRIPU/.gemini/antigravity/scratch/glaucoma_detection\data\processed\HRF\normal\HRF_15_h.png,3504,2336,success,none,
RIMONE_r1_Im069,RIM-ONE,RIMONE_r1_Im069,1,Glaucoma,C:/Users/TRIPU/OneDrive/Documents/ML/end sem project/RIM-ONE_DL_images\RIM-ONE_DL_images\partitioned_by_hospital\test_set\glaucoma\r1_Im069.png,hospital_test_set,external_test,-1,False,r1,partitioned_by_hospital/test_set,C:/Users/TRIPU/.gemini/antigravity/scratch/glaucoma_detection\data\processed\RIM-ONE\glaucoma\RIMONE_r1_Im069.png,547,547,success,none,
RIMONE_r1_Im103,RIM-ONE,RIMONE_r1_Im103,1,Glaucoma,C:/Users/TRIPU/OneDrive/Documents/ML/end sem project/RIM-ONE_DL_images\RIM-ONE_DL_images\partitioned_by_hospital\test_set\glaucoma\r1_Im103.png,hospital_test_set,external_test,-1,False,r1,partitioned_by_hospital/test_set,C:/Users/TRIPU/.gemini/antigravity/scratch/glaucoma_detection\data\processed\RIM-ONE\glaucoma\RIMONE_r1_Im103.png,487,487,success,none,
RIMONE_r1_Im113,RIM-ONE,RIMONE_r1_Im113,1,Glaucoma,C:/Users/TRIPU/OneDrive/Documents/ML/end sem project/RIM-ONE_DL_images\RIM-ONE_DL_images\partitioned_by_hospital\test_set\glaucoma\r1_Im113.png,hospital_test_set,external_test,-1,False,r1,partitioned_by_hospital/test_set,C:/Users/TRIPU/.gemini/antigravity/scratch/glaucoma_detection\data\processed\RIM-ONE\glaucoma\RIMONE_r1_Im113.png,369,369,success,none,
RIMONE_r1_Im117,RIM-ONE,RIMONE_r1_Im117,1,Glaucoma,C:/Users/TRIPU/OneDrive/Documents/ML/end sem project/RIM-ONE_DL_images\RIM-ONE_DL_images\partitioned_by_hospital\test_set\glaucoma\r1_Im117.png,hospital_test_set,external_test,-1,False,r1,partitioned_by_hospital/test_set,C:/Users/TRIPU/.gemini/antigravity/scratch/glaucoma_detection\data\processed\RIM-ONE\glaucoma\RIMONE_r1_Im117.png,448,448,success,none,
RIMONE_r1_Im118,RIM-ONE,RIMONE_r1_Im118,1,Glaucoma,C:/Users/TRIPU/OneDrive/Documents/ML/end sem project/RIM-ONE_DL_images\RIM-ONE_DL_images\partitioned_by_hospital\test_set\glaucoma\r1_Im118.png,hospital_test_set,external_test,-1,False,r1,partitioned_by_hospital/test_set,C:/Users/TRIPU/.gemini/antigravity/scratch/glaucoma_detection\data\processed\RIM-ONE\glaucoma\RIMONE_r1_Im118.png,433,433,success,none,
RIMONE_r1_Im120,RIM-ONE,RIMONE_r1_Im120,1,Glaucoma,C:/Users/TRIPU/OneDrive/Documents/ML/end sem project/RIM-ONE_DL_images\RIM-ONE_DL_images\partitioned_by_hospital\test_set\glaucoma\r1_Im120.png,hospital_test_set,external_test,-1,False,r1,partitioned_by_hospital/test_set,C:/Users/TRIPU/.gemini/antigravity/scratch/glaucoma_detection\data\processed\RIM-ONE\glaucoma\RIMONE_r1_Im120.png,393,393,success,none,
RIMONE_r1_Im121,RIM-ONE,RIMONE_r1_Im121,1,Glaucoma,C:/Users/TRIPU/OneDrive/Documents/ML/end sem project/RIM-ONE_DL_images\RIM-ONE_DL_images\partitioned_by_hospital\test_set\glaucoma\r1_Im121.png,hospital_test_set,external_test,-1,False,r1,partitioned_by_hospital/test_set,C:/Users/TRIPU/.gemini/antigravity/scratch/glaucoma_detection\data\processed\RIM-ONE\glaucoma\RIMONE_r1_Im121.png,413,413,success,none,
RIMONE_r1_Im122,RIM-ONE,RIMONE_r1_Im122,1,Glaucoma,C:/Users/TRIPU/OneDrive/Documents/ML/end sem project/RIM-ONE_DL_images\RIM-ONE_DL_images\partitioned_by_hospital\test_set\glaucoma\r1_Im122.png,hospital_test_set,external_test,-1,False,r1,partitioned_by_hospital/test_set,C:/Users/TRIPU/.gemini/antigravity/scratch/glaucoma_detection\data\processed\RIM-ONE\glaucoma\RIMONE_r1_Im122.png,504,504,success,none,
RIMONE_r1_Im135,RIM-ONE,RIMONE_r1_Im135,1,Glaucoma,C:/Users/TRIPU/OneDrive/Documents/ML/end sem project/RIM-ONE_DL_images\RIM-ONE_DL_images\partitioned_by_hospital\test_set\glaucoma\r1_Im135.png,hospital_test_set,external_test,-1,False,r1,partitioned_by_hospital/test_set,C:/Users/TRIPU/.gemini/antigravity/scratch/glaucoma_detection\data\processed\RIM-ONE\glaucoma\RIMONE_r1_Im135.png,492,492,success,none,
RIMONE_r1_Im144,RIM-ONE,RIMONE_r1_Im144,1,Glaucoma,C:/Users/TRIPU/OneDrive/Documents/ML/end sem project/RIM-ONE_DL_images\RIM-ONE_DL_images\partitioned_by_hospital\test_set\glaucoma\r1_Im144.png,hospital_test_set,external_test,-1,False,r1,partitioned_by_hospital/test_set,C:/Users/TRIPU/.gemini/antigravity/scratch/glaucoma_detection\data\processed\RIM-ONE\glaucoma\RIMONE_r1_Im144.png,411,411,success,none,
RIMONE_r1_Im158,RIM-ONE,RIMONE_r1_Im158,1,Glaucoma,C:/Users/TRIPU/OneDrive/Documents/ML/end sem project/RIM-ONE_DL_images\RIM-ONE_DL_images\partitioned_by_hospital\test_set\glaucoma\r1_Im158.png,hospital_test_set,external_test,-1,False,r1,partitioned_by_hospital/test_set,C:/Users/TRIPU/.gemini/antigravity/scratch/glaucoma_detection\data\processed\RIM-ONE\glaucoma\RIMONE_r1_Im158.png,426,426,success,none,
RIMONE_r1_Im167,RIM-ONE,RIMONE_r1_Im167,1,Glaucoma,C:/Users/TRIPU/OneDrive/Documents/ML/end sem project/RIM-ONE_DL_images\RIM-ONE_DL_images\partitioned_by_hospital\test_set\glaucoma\r1_Im167.png,hospital_test_set,external_test,-1,False,r1,partitioned_by_hospital/test_set,C:/Users/TRIPU/.gemini/antigravity/scratch/glaucoma_detection\data\processed\RIM-ONE\glaucoma\RIMONE_r1_Im167.png,435,435,success,none,
RIMONE_r2_Im257,RIM-ONE,RIMONE_r2_Im257,1,Glaucoma,C:/Users/TRIPU/OneDrive/Documents/ML/end sem project/RIM-ONE_DL_images\RIM-ONE_DL_images\partitioned_by_hospital\test_set\glaucoma\r2_Im257.png,hospital_test_set,external_test,-1,False,r2,partitioned_by_hospital/test_set,C:/Users/TRIPU/.gemini/antigravity/scratch/glaucoma_detection\data\processed\RIM-ONE\glaucoma\RIMONE_r2_Im257.png,422,422,success,none,
RIMONE_r2_Im258,RIM-ONE,RIMONE_r2_Im258,1,Glaucoma,C:/Users/TRIPU/OneDrive/Documents/ML/end sem project/RIM-ONE_DL_images\RIM-ONE_DL_images\partitioned_by_hospital\test_set\glaucoma\r2_Im258.png,hospital_test_set,external_test,-1,False,r2,partitioned_by_hospital/test_set,C:/Users/TRIPU/.gemini/antigravity/scratch/glaucoma_detection\data\processed\RIM-ONE\glaucoma\RIMONE_r2_Im258.png,447,447,success,none,
RIMONE_r2_Im260,RIM-ONE,RIMONE_r2_Im260,1,Glaucoma,C:/Users/TRIPU/OneDrive/Documents/ML/end sem project/RIM-ONE_DL_images\RIM-ONE_DL_images\partitioned_by_hospital\test_set\glaucoma\r2_Im260.png,hospital_test_set,external_test,-1,False,r2,partitioned_by_hospital/test_set,C:/Users/TRIPU/.gemini/antigravity/scratch/glaucoma_detection\data\processed\RIM-ONE\glaucoma\RIMONE_r2_Im260.png,467,467,success,none,
RIMONE_r2_Im263,RIM-ONE,RIMONE_r2_Im263,1,Glaucoma,C:/Users/TRIPU/OneDrive/Documents/ML/end sem project/RIM-ONE_DL_images\RIM-ONE_DL_images\partitioned_by_hospital\test_set\glaucoma\r2_Im263.png,hospital_test_set,external_test,-1,False,r2,partitioned_by_hospital/test_set,C:/Users/TRIPU/.gemini/antigravity/scratch/glaucoma_detection\data\processed\RIM-ONE\glaucoma\RIMONE_r2_Im263.png,331,331,success,none,
RIMONE_r2_Im264,RIM-ONE,RIMONE_r2_Im264,1,Glaucoma,C:/Users/TRIPU/OneDrive/Documents/ML/end sem project/RIM-ONE_DL_images\RIM-ONE_DL_images\partitioned_by_hospital\test_set\glaucoma\r2_Im264.png,hospital_test_set,external_test,-1,False,r2,partitioned_by_hospital/test_set,C:/Users/TRIPU/.gemini/antigravity/scratch/glaucoma_detection\data\processed\RIM-ONE\glaucoma\RIMONE_r2_Im264.png,350,350,success,none,
RIMONE_r2_Im266,RIM-ONE,RIMONE_r2_Im266,1,Glaucoma,C:/Users/TRIPU/OneDrive/Documents/ML/end sem project/RIM-ONE_DL_images\RIM-ONE_DL_images\partitioned_by_hospital\test_set\glaucoma\r2_Im266.png,hospital_test_set,external_test,-1,False,r2,partitioned_by_hospital/test_set,C:/Users/TRIPU/.gemini/antigravity/scratch/glaucoma_detection\data\processed\RIM-ONE\glaucoma\RIMONE_r2_Im266.png,421,421,success,none,
RIMONE_r2_Im267,RIM-ONE,RIMONE_r2_Im267,1,Glaucoma,C:/Users/TRIPU/OneDrive/Documents/ML/end sem project/RIM-ONE_DL_images\RIM-ONE_DL_images\partitioned_by_hospital\test_set\glaucoma\r2_Im267.png,hospital_test_set,external_test,-1,False,r2,partitioned_by_hospital/test_set,C:/Users/TRIPU/.gemini/antigravity/scratch/glaucoma_detection\data\processed\RIM-ONE\glaucoma\RIMONE_r2_Im267.png,413,413,success,none,
RIMONE_r2_Im268,RIM-ONE,RIMONE_r2_Im268,1,Glaucoma,C:/Users/TRIPU/OneDrive/Documents/ML/end sem project/RIM-ONE_DL_images\RIM-ONE_DL_images\partitioned_by_hospital\test_set\glaucoma\r2_Im268.png,hospital_test_set,external_test,-1,False,r2,partitioned_by_hospital/test_set,C:/Users/TRIPU/.gemini/antigravity/scratch/glaucoma_detection\data\processed\RIM-ONE\glaucoma\RIMONE_r2_Im268.png,448,448,success,none,
RIMONE_r2_Im269,RIM-ONE,RIMONE_r2_Im269,1,Glaucoma,C:/Users/TRIPU/OneDrive/Documents/ML/end sem project/RIM-ONE_DL_images\RIM-ONE_DL_images\partitioned_by_hospital\test_set\glaucoma\r2_Im269.png,hospital_test_set,external_test,-1,False,r2,partitioned_by_hospital/test_set,C:/Users/TRIPU/.gemini/antigravity/scratch/glaucoma_detection\data\processed\RIM-ONE\glaucoma\RIMONE_r2_Im269.png,438,438,success,none,
RIMONE_r2_Im270,RIM-ONE,RIMONE_r2_Im270,1,Glaucoma,C:/Users/TRIPU/OneDrive/Documents/ML/end sem project/RIM-ONE_DL_images\RIM-ONE_DL_images\partitioned_by_hospital\test_set\glaucoma\r2_Im270.png,hospital_test_set,external_test,-1,False,r2,partitioned_by_hospital/test_set,C:/Users/TRIPU/.gemini/antigravity/scratch/glaucoma_detection\data\processed\RIM-ONE\glaucoma\RIMONE_r2_Im270.png,455,455,success,none,
RIMONE_r2_Im273,RIM-ONE,RIMONE_r2_Im273,1,Glaucoma,C:/Users/TRIPU/OneDrive/Documents/ML/end sem project/RIM-ONE_DL_images\RIM-ONE_DL_images\partitioned_by_hospital\test_set\glaucoma\r2_Im273.png,hospital_test_set,external_test,-1,False,r2,partitioned_by_hospital/test_set,C:/Users/TRIPU/.gemini/antigravity/scratch/glaucoma_detection\data\processed\RIM-ONE\glaucoma\RIMONE_r2_Im273.png,285,285,success,none,
RIMONE_r2_Im275,RIM-ONE,RIMONE_r2_Im275,1,Glaucoma,C:/Users/TRIPU/OneDrive/Documents/ML/end sem project/RIM-ONE_DL_images\RIM-ONE_DL_images\partitioned_by_hospital\test_set\glaucoma\r2_Im275.png,hospital_test_set,external_test,-1,False,r2,partitioned_by_hospital/test_set,C:/Users/TRIPU/.gemini/antigravity/scratch/glaucoma_detection\data\processed\RIM-ONE\glaucoma\RIMONE_r2_Im275.png,274,274,success,none,
RIMONE_r2_Im277,RIM-ONE,RIMONE_r2_Im277,1,Glaucoma,C:/Users/TRIPU/OneDrive/Documents/ML/end sem project/RIM-ONE_DL_images\RIM-ONE_DL_images\partitioned_by_hospital\test_set\glaucoma\r2_Im277.png,hospital_test_set,external_test,-1,False,r2,partitioned_by_hospital/test_set,C:/Users/TRIPU/.gemini/antigravity/scratch/glaucoma_detection\data\processed\RIM-ONE\glaucoma\RIMONE_r2_Im277.png,366,366,success,none,
RIMONE_r2_Im281,RIM-ONE,RIMONE_r2_Im281,1,Glaucoma,C:/Users/TRIPU/OneDrive/Documents/ML/end sem project/RIM-ONE_DL_images\RIM-ONE_DL_images\partitioned_by_hospital\test_set\glaucoma\r2_Im281.png,hospital_test_set,external_test,-1,False,r2,partitioned_by_hospital/test_set,C:/Users/TRIPU/.gemini/antigravity/scratch/glaucoma_detection\data\processed\RIM-ONE\glaucoma\RIMONE_r2_Im281.png,448,448,success,none,
RIMONE_r2_Im287,RIM-ONE,RIMONE_r2_Im287,1,Glaucoma,C:/Users/TRIPU/OneDrive/Documents/ML/end sem project/RIM-ONE_DL_images\RIM-ONE_DL_images\partitioned_by_hospital\test_set\glaucoma\r2_Im287.png,hospital_test_set,external_test,-1,False,r2,partitioned_by_hospital/test_set,C:/Users/TRIPU/.gemini/antigravity/scratch/glaucoma_detection\data\processed\RIM-ONE\glaucoma\RIMONE_r2_Im287.png,489,489,success,none,
RIMONE_r2_Im288,RIM-ONE,RIMONE_r2_Im288,1,Glaucoma,C:/Users/TRIPU/OneDrive/Documents/ML/end sem project/RIM-ONE_DL_images\RIM-ONE_DL_images\partitioned_by_hospital\test_set\glaucoma\r2_Im288.png,hospital_test_set,external_test,-1,False,r2,partitioned_by_hospital/test_set,C:/Users/TRIPU/.gemini/antigravity/scratch/glaucoma_detection\data\processed\RIM-ONE\glaucoma\RIMONE_r2_Im288.png,491,491,success,none,
RIMONE_r2_Im289,RIM-ONE,RIMONE_r2_Im289,1,Glaucoma,C:/Users/TRIPU/OneDrive/Documents/ML/end sem project/RIM-ONE_DL_images\RIM-ONE_DL_images\partitioned_by_hospital\test_set\glaucoma\r2_Im289.png,hospital_test_set,external_test,-1,False,r2,partitioned_by_hospital/test_set,C:/Users/TRIPU/.gemini/antigravity/scratch/glaucoma_detection\data\processed\RIM-ONE\glaucoma\RIMONE_r2_Im289.png,513,513,success,none,
RIMONE_r2_Im290,RIM-ONE,RIMONE_r2_Im290,1,Glaucoma,C:/Users/TRIPU/OneDrive/Documents/ML/end sem project/RIM-ONE_DL_images\RIM-ONE_DL_images\partitioned_by_hospital\test_set\glaucoma\r2_Im290.png,hospital_test_set,external_test,-1,False,r2,partitioned_by_hospital/test_set,C:/Users/TRIPU/.gemini/antigravity/scratch/glaucoma_detection\data\processed\RIM-ONE\glaucoma\RIMONE_r2_Im290.png,422,422,success,none,
RIMONE_r2_Im291,RIM-ONE,RIMONE_r2_Im291,1,Glaucoma,C:/Users/TRIPU/OneDrive/Documents/ML/end sem project/RIM-ONE_DL_images\RIM-ONE_DL_images\partitioned_by_hospital\test_set\glaucoma\r2_Im291.png,hospital_test_set,external_test,-1,False,r2,partitioned_by_hospital/test_set,C:/Users/TRIPU/.gemini/antigravity/scratch/glaucoma_detection\data\processed\RIM-ONE\glaucoma\RIMONE_r2_Im291.png,410,410,success,none,
RIMONE_r2_Im292,RIM-ONE,RIMONE_r2_Im292,1,Glaucoma,C:/Users/TRIPU/OneDrive/Documents/ML/end sem project/RIM-ONE_DL_images\RIM-ONE_DL_images\partitioned_by_hospital\test_set\glaucoma\r2_Im292.png,hospital_test_set,external_test,-1,False,r2,partitioned_by_hospital/test_set,C:/Users/TRIPU/.gemini/antigravity/scratch/glaucoma_detection\data\processed\RIM-ONE\glaucoma\RIMONE_r2_Im292.png,495,495,success,none,
RIMONE_r2_Im293,RIM-ONE,RIMONE_r2_Im293,1,Glaucoma,C:/Users/TRIPU/OneDrive/Documents/ML/end sem project/RIM-ONE_DL_images\RIM-ONE_DL_images\partitioned_by_hospital\test_set\glaucoma\r2_Im293.png,hospital_test_set,external_test,-1,False,r2,partitioned_by_hospital/test_set,C:/Users/TRIPU/.gemini/antigravity/scratch/glaucoma_detection\data\processed\RIM-ONE\glaucoma\RIMONE_r2_Im293.png,289,289,success,none,
RIMONE_r2_Im294,RIM-ONE,RIMONE_r2_Im294,1,Glaucoma,C:/Users/TRIPU/OneDrive/Documents/ML/end sem project/RIM-ONE_DL_images\RIM-ONE_DL_images\partitioned_by_hospital\test_set\glaucoma\r2_Im294.png,hospital_test_set,external_test,-1,False,r2,partitioned_by_hospital/test_set,C:/Users/TRIPU/.gemini/antigravity/scratch/glaucoma_detection\data\processed\RIM-ONE\glaucoma\RIMONE_r2_Im294.png,327,327,success,none,
RIMONE_r2_Im301,RIM-ONE,RIMONE_r2_Im301,1,Glaucoma,C:/Users/TRIPU/OneDrive/Documents/ML/end sem project/RIM-ONE_DL_images\RIM-ONE_DL_images\partitioned_by_hospital\test_set\glaucoma\r2_Im301.png,hospital_test_set,external_test,-1,False,r2,partitioned_by_hospital/test_set,C:/Users/TRIPU/.gemini/antigravity/scratch/glaucoma_detection\data\processed\RIM-ONE\glaucoma\RIMONE_r2_Im301.png,463,463,success,none,
RIMONE_r2_Im302,RIM-ONE,RIMONE_r2_Im302,1,Glaucoma,C:/Users/TRIPU/OneDrive/Documents/ML/end sem project/RIM-ONE_DL_images\RIM-ONE_DL_images\partitioned_by_hospital\test_set\glaucoma\r2_Im302.png,hospital_test_set,external_test,-1,False,r2,partitioned_by_hospital/test_set,C:/Users/TRIPU/.gemini/antigravity/scratch/glaucoma_detection\data\processed\RIM-ONE\glaucoma\RIMONE_r2_Im302.png,501,501,success,none,
RIMONE_r2_Im303,RIM-ONE,RIMONE_r2_Im303,1,Glaucoma,C:/Users/TRIPU/OneDrive/Documents/ML/end sem project/RIM-ONE_DL_images\RIM-ONE_DL_images\partitioned_by_hospital\test_set\glaucoma\r2_Im303.png,hospital_test_set,external_test,-1,False,r2,partitioned_by_hospital/test_set,C:/Users/TRIPU/.gemini/antigravity/scratch/glaucoma_detection\data\processed\RIM-ONE\glaucoma\RIMONE_r2_Im303.png,292,292,success,none,
RIMONE_r2_Im305,RIM-ONE,RIMONE_r2_Im305,1,Glaucoma,C:/Users/TRIPU/OneDrive/Documents/ML/end sem project/RIM-ONE_DL_images\RIM-ONE_DL_images\partitioned_by_hospital\test_set\glaucoma\r2_Im305.png,hospital_test_set,external_test,-1,False,r2,partitioned_by_hospital/test_set,C:/Users/TRIPU/.gemini/antigravity/scratch/glaucoma_detection\data\processed\RIM-ONE\glaucoma\RIMONE_r2_Im305.png,308,308,success,none,
RIMONE_r2_Im314,RIM-ONE,RIMONE_r2_Im314,1,Glaucoma,C:/Users/TRIPU/OneDrive/Documents/ML/end sem project/RIM-ONE_DL_images\RIM-ONE_DL_images\partitioned_by_hospital\test_set\glaucoma\r2_Im314.png,hospital_test_set,external_test,-1,False,r2,partitioned_by_hospital/test_set,C:/Users/TRIPU/.gemini/antigravity/scratch/glaucoma_detection\data\processed\RIM-ONE\glaucoma\RIMONE_r2_Im314.png,407,407,success,none,
RIMONE_r2_Im315,RIM-ONE,RIMONE_r2_Im315,1,Glaucoma,C:/Users/TRIPU/OneDrive/Documents/ML/end sem project/RIM-ONE_DL_images\RIM-ONE_DL_images\partitioned_by_hospital\test_set\glaucoma\r2_Im315.png,hospital_test_set,external_test,-1,False,r2,partitioned_by_hospital/test_set,C:/Users/TRIPU/.gemini/antigravity/scratch/glaucoma_detection\data\processed\RIM-ONE\glaucoma\RIMONE_r2_Im315.png,391,391,success,none,
RIMONE_r2_Im317,RIM-ONE,RIMONE_r2_Im317,1,Glaucoma,C:/Users/TRIPU/OneDrive/Documents/ML/end sem project/RIM-ONE_DL_images\RIM-ONE_DL_images\partitioned_by_hospital\test_set\glaucoma\r2_Im317.png,hospital_test_set,external_test,-1,False,r2,partitioned_by_hospital/test_set,C:/Users/TRIPU/.gemini/antigravity/scratch/glaucoma_detection\data\processed\RIM-ONE\glaucoma\RIMONE_r2_Im317.png,380,380,success,none,
RIMONE_r2_Im318,RIM-ONE,RIMONE_r2_Im318,1,Glaucoma,C:/Users/TRIPU/OneDrive/Documents/ML/end sem project/RIM-ONE_DL_images\RIM-ONE_DL_images\partitioned_by_hospital\test_set\glaucoma\r2_Im318.png,hospital_test_set,external_test,-1,False,r2,partitioned_by_hospital/test_set,C:/Users/TRIPU/.gemini/antigravity/scratch/glaucoma_detection\data\processed\RIM-ONE\glaucoma\RIMONE_r2_Im318.png,405,405,success,none,
RIMONE_r2_Im319,RIM-ONE,RIMONE_r2_Im319,1,Glaucoma,C:/Users/TRIPU/OneDrive/Documents/ML/end sem project/RIM-ONE_DL_images\RIM-ONE_DL_images\partitioned_by_hospital\test_set\glaucoma\r2_Im319.png,hospital_test_set,external_test,-1,False,r2,partitioned_by_hospital/test_set,C:/Users/TRIPU/.gemini/antigravity/scratch/glaucoma_detection\data\processed\RIM-ONE\glaucoma\RIMONE_r2_Im319.png,364,364,success,none,
RIMONE_r2_Im320,RIM-ONE,RIMONE_r2_Im320,1,Glaucoma,C:/Users/TRIPU/OneDrive/Documents/ML/end sem project/RIM-ONE_DL_images\RIM-ONE_DL_images\partitioned_by_hospital\test_set\glaucoma\r2_Im320.png,hospital_test_set,external_test,-1,False,r2,partitioned_by_hospital/test_set,C:/Users/TRIPU/.gemini/antigravity/scratch/glaucoma_detection\data\processed\RIM-ONE\glaucoma\RIMONE_r2_Im320.png,359,359,success,none,
RIMONE_r2_Im321,RIM-ONE,RIMONE_r2_Im321,1,Glaucoma,C:/Users/TRIPU/OneDrive/Documents/ML/end sem project/RIM-ONE_DL_images\RIM-ONE_DL_images\partitioned_by_hospital\test_set\glaucoma\r2_Im321.png,hospital_test_set,external_test,-1,False,r2,partitioned_by_hospital/test_set,C:/Users/TRIPU/.gemini/antigravity/scratch/glaucoma_detection\data\processed\RIM-ONE\glaucoma\RIMONE_r2_Im321.png,420,420,success,none,
RIMONE_r2_Im324,RIM-ONE,RIMONE_r2_Im324,1,Glaucoma,C:/Users/TRIPU/OneDrive/Documents/ML/end sem project/RIM-ONE_DL_images\RIM-ONE_DL_images\partitioned_by_hospital\test_set\glaucoma\r2_Im324.png,hospital_test_set,external_test,-1,False,r2,partitioned_by_hospital/test_set,C:/Users/TRIPU/.gemini/antigravity/scratch/glaucoma_detection\data\processed\RIM-ONE\glaucoma\RIMONE_r2_Im324.png,401,401,success,none,
RIMONE_r2_Im329,RIM-ONE,RIMONE_r2_Im329,1,Glaucoma,C:/Users/TRIPU/OneDrive/Documents/ML/end sem project/RIM-ONE_DL_images\RIM-ONE_DL_images\partitioned_by_hospital\test_set\glaucoma\r2_Im329.png,hospital_test_set,external_test,-1,False,r2,partitioned_by_hospital/test_set,C:/Users/TRIPU/.gemini/antigravity/scratch/glaucoma_detection\data\processed\RIM-ONE\glaucoma\RIMONE_r2_Im329.png,488,488,success,none,
RIMONE_r2_Im330,RIM-ONE,RIMONE_r2_Im330,1,Glaucoma,C:/Users/TRIPU/OneDrive/Documents/ML/end sem project/RIM-ONE_DL_images\RIM-ONE_DL_images\partitioned_by_hospital\test_set\glaucoma\r2_Im330.png,hospital_test_set,external_test,-1,False,r2,partitioned_by_hospital/test_set,C:/Users/TRIPU/.gemini/antigravity/scratch/glaucoma_detection\data\processed\RIM-ONE\glaucoma\RIMONE_r2_Im330.png,507,507,success,none,
RIMONE_r2_Im331,RIM-ONE,RIMONE_r2_Im331,1,Glaucoma,C:/Users/TRIPU/OneDrive/Documents/ML/end sem project/RIM-ONE_DL_images\RIM-ONE_DL_images\partitioned_by_hospital\test_set\glaucoma\r2_Im331.png,hospital_test_set,external_test,-1,False,r2,partitioned_by_hospital/test_set,C:/Users/TRIPU/.gemini/antigravity/scratch/glaucoma_detection\data\processed\RIM-ONE\glaucoma\RIMONE_r2_Im331.png,539,539,success,none,
RIMONE_r2_Im332,RIM-ONE,RIMONE_r2_Im332,1,Glaucoma,C:/Users/TRIPU/OneDrive/Documents/ML/end sem project/RIM-ONE_DL_images\RIM-ONE_DL_images\partitioned_by_hospital\test_set\glaucoma\r2_Im332.png,hospital_test_set,external_test,-1,False,r2,partitioned_by_hospital/test_set,C:/Users/TRIPU/.gemini/antigravity/scratch/glaucoma_detection\data\processed\RIM-ONE\glaucoma\RIMONE_r2_Im332.png,443,443,success,none,
RIMONE_r2_Im333,RIM-ONE,RIMONE_r2_Im333,1,Glaucoma,C:/Users/TRIPU/OneDrive/Documents/ML/end sem project/RIM-ONE_DL_images\RIM-ONE_DL_images\partitioned_by_hospital\test_set\glaucoma\r2_Im333.png,hospital_test_set,external_test,-1,False,r2,partitioned_by_hospital/test_set,C:/Users/TRIPU/.gemini/antigravity/scratch/glaucoma_detection\data\processed\RIM-ONE\glaucoma\RIMONE_r2_Im333.png,646,646,success,none,
RIMONE_r2_Im334,RIM-ONE,RIMONE_r2_Im334,1,Glaucoma,C:/Users/TRIPU/OneDrive/Documents/ML/end sem project/RIM-ONE_DL_images\RIM-ONE_DL_images\partitioned_by_hospital\test_set\glaucoma\r2_Im334.png,hospital_test_set,external_test,-1,False,r2,partitioned_by_hospital/test_set,C:/Users/TRIPU/.gemini/antigravity/scratch/glaucoma_detection\data\processed\RIM-ONE\glaucoma\RIMONE_r2_Im334.png,433,433,success,none,
RIMONE_r2_Im338,RIM-ONE,RIMONE_r2_Im338,1,Glaucoma,C:/Users/TRIPU/OneDrive/Documents/ML/end sem project/RIM-ONE_DL_images\RIM-ONE_DL_images\partitioned_by_hospital\test_set\glaucoma\r2_Im338.png,hospital_test_set,external_test,-1,False,r2,partitioned_by_hospital/test_set,C:/Users/TRIPU/.gemini/antigravity/scratch/glaucoma_detection\data\processed\RIM-ONE\glaucoma\RIMONE_r2_Im338.png,390,390,success,none,
RIMONE_r2_Im339,RIM-ONE,RIMONE_r2_Im339,1,Glaucoma,C:/Users/TRIPU/OneDrive/Documents/ML/end sem project/RIM-ONE_DL_images\RIM-ONE_DL_images\partitioned_by_hospital\test_set\glaucoma\r2_Im339.png,hospital_test_set,external_test,-1,False,r2,partitioned_by_hospital/test_set,C:/Users/TRIPU/.gemini/antigravity/scratch/glaucoma_detection\data\processed\RIM-ONE\glaucoma\RIMONE_r2_Im339.png,437,437,success,none,
RIMONE_r2_Im343,RIM-ONE,RIMONE_r2_Im343,1,Glaucoma,C:/Users/TRIPU/OneDrive/Documents/ML/end sem project/RIM-ONE_DL_images\RIM-ONE_DL_images\partitioned_by_hospital\test_set\glaucoma\r2_Im343.png,hospital_test_set,external_test,-1,False,r2,partitioned_by_hospital/test_set,C:/Users/TRIPU/.gemini/antigravity/scratch/glaucoma_detection\data\processed\RIM-ONE\glaucoma\RIMONE_r2_Im343.png,391,391,success,none,
RIMONE_r2_Im344,RIM-ONE,RIMONE_r2_Im344,1,Glaucoma,C:/Users/TRIPU/OneDrive/Documents/ML/end sem project/RIM-ONE_DL_images\RIM-ONE_DL_images\partitioned_by_hospital\test_set\glaucoma\r2_Im344.png,hospital_test_set,external_test,-1,False,r2,partitioned_by_hospital/test_set,C:/Users/TRIPU/.gemini/antigravity/scratch/glaucoma_detection\data\processed\RIM-ONE\glaucoma\RIMONE_r2_Im344.png,435,435,success,none,
RIMONE_r1_Im001,RIM-ONE,RIMONE_r1_Im001,0,Normal,C:/Users/TRIPU/OneDrive/Documents/ML/end sem project/RIM-ONE_DL_images\RIM-ONE_DL_images\partitioned_by_hospital\test_set\normal\r1_Im001.png,hospital_test_set,external_test,-1,False,r1,partitioned_by_hospital/test_set,C:/Users/TRIPU/.gemini/antigravity/scratch/glaucoma_detection\data\processed\RIM-ONE\normal\RIMONE_r1_Im001.png,462,462,success,none,
RIMONE_r1_Im003,RIM-ONE,RIMONE_r1_Im003,0,Normal,C:/Users/TRIPU/OneDrive/Documents/ML/end sem project/RIM-ONE_DL_images\RIM-ONE_DL_images\partitioned_by_hospital\test_set\normal\r1_Im003.png,hospital_test_set,external_test,-1,False,r1,partitioned_by_hospital/test_set,C:/Users/TRIPU/.gemini/antigravity/scratch/glaucoma_detection\data\processed\RIM-ONE\normal\RIMONE_r1_Im003.png,524,524,success,none,
RIMONE_r1_Im004,RIM-ONE,RIMONE_r1_Im004,0,Normal,C:/Users/TRIPU/OneDrive/Documents/ML/end sem project/RIM-ONE_DL_images\RIM-ONE_DL_images\partitioned_by_hospital\test_set\normal\r1_Im004.png,hospital_test_set,external_test,-1,False,r1,partitioned_by_hospital/test_set,C:/Users/TRIPU/.gemini/antigravity/scratch/glaucoma_detection\data\processed\RIM-ONE\normal\RIMONE_r1_Im004.png,476,476,success,none,
RIMONE_r1_Im006,RIM-ONE,RIMONE_r1_Im006,0,Normal,C:/Users/TRIPU/OneDrive/Documents/ML/end sem project/RIM-ONE_DL_images\RIM-ONE_DL_images\partitioned_by_hospital\test_set\normal\r1_Im006.png,hospital_test_set,external_test,-1,False,r1,partitioned_by_hospital/test_set,C:/Users/TRIPU/.gemini/antigravity/scratch/glaucoma_detection\data\processed\RIM-ONE\normal\RIMONE_r1_Im006.png,320,320,success,none,
RIMONE_r1_Im008,RIM-ONE,RIMONE_r1_Im008,0,Normal,C:/Users/TRIPU/OneDrive/Documents/ML/end sem project/RIM-ONE_DL_images\RIM-ONE_DL_images\partitioned_by_hospital\test_set\normal\r1_Im008.png,hospital_test_set,external_test,-1,False,r1,partitioned_by_hospital/test_set,C:/Users/TRIPU/.gemini/antigravity/scratch/glaucoma_detection\data\processed\RIM-ONE\normal\RIMONE_r1_Im008.png,316,316,success,none,
RIMONE_r1_Im011,RIM-ONE,RIMONE_r1_Im011,0,Normal,C:/Users/TRIPU/OneDrive/Documents/ML/end sem project/RIM-ONE_DL_images\RIM-ONE_DL_images\partitioned_by_hospital\test_set\normal\r1_Im011.png,hospital_test_set,external_test,-1,False,r1,partitioned_by_hospital/test_set,C:/Users/TRIPU/.gemini/antigravity/scratch/glaucoma_detection\data\processed\RIM-ONE\normal\RIMONE_r1_Im011.png,496,496,success,none,
RIMONE_r1_Im012,RIM-ONE,RIMONE_r1_Im012,0,Normal,C:/Users/TRIPU/OneDrive/Documents/ML/end sem project/RIM-ONE_DL_images\RIM-ONE_DL_images\partitioned_by_hospital\test_set\normal\r1_Im012.png,hospital_test_set,external_test,-1,False,r1,partitioned_by_hospital/test_set,C:/Users/TRIPU/.gemini/antigravity/scratch/glaucoma_detection\data\processed\RIM-ONE\normal\RIMONE_r1_Im012.png,438,438,success,none,
RIMONE_r1_Im014,RIM-ONE,RIMONE_r1_Im014,0,Normal,C:/Users/TRIPU/OneDrive/Documents/ML/end sem project/RIM-ONE_DL_images\RIM-ONE_DL_images\partitioned_by_hospital\test_set\normal\r1_Im014.png,hospital_test_set,external_test,-1,False,r1,partitioned_by_hospital/test_set,C:/Users/TRIPU/.gemini/antigravity/scratch/glaucoma_detection\data\processed\RIM-ONE\normal\RIMONE_r1_Im014.png,516,516,success,none,
RIMONE_r1_Im015,RIM-ONE,RIMONE_r1_Im015,0,Normal,C:/Users/TRIPU/OneDrive/Documents/ML/end sem project/RIM-ONE_DL_images\RIM-ONE_DL_images\partitioned_by_hospital\test_set\normal\r1_Im015.png,hospital_test_set,external_test,-1,False,r1,partitioned_by_hospital/test_set,C:/Users/TRIPU/.gemini/antigravity/scratch/glaucoma_detection\data\processed\RIM-ONE\normal\RIMONE_r1_Im015.png,552,552,success,none,
RIMONE_r1_Im019,RIM-ONE,RIMONE_r1_Im019,0,Normal,C:/Users/TRIPU/OneDrive/Documents/ML/end sem project/RIM-ONE_DL_images\RIM-ONE_DL_images\partitioned_by_hospital\test_set\normal\r1_Im019.png,hospital_test_set,external_test,-1,False,r1,partitioned_by_hospital/test_set,C:/Users/TRIPU/.gemini/antigravity/scratch/glaucoma_detection\data\processed\RIM-ONE\normal\RIMONE_r1_Im019.png,452,452,success,none,
RIMONE_r1_Im020,RIM-ONE,RIMONE_r1_Im020,0,Normal,C:/Users/TRIPU/OneDrive/Documents/ML/end sem project/RIM-ONE_DL_images\RIM-ONE_DL_images\partitioned_by_hospital\test_set\normal\r1_Im020.png,hospital_test_set,external_test,-1,False,r1,partitioned_by_hospital/test_set,C:/Users/TRIPU/.gemini/antigravity/scratch/glaucoma_detection\data\processed\RIM-ONE\normal\RIMONE_r1_Im020.png,463,463,success,none,
RIMONE_r1_Im022,RIM-ONE,RIMONE_r1_Im022,0,Normal,C:/Users/TRIPU/OneDrive/Documents/ML/end sem project/RIM-ONE_DL_images\RIM-ONE_DL_images\partitioned_by_hospital\test_set\normal\r1_Im022.png,hospital_test_set,external_test,-1,False,r1,partitioned_by_hospital/test_set,C:/Users/TRIPU/.gemini/antigravity/scratch/glaucoma_detection\data\processed\RIM-ONE\normal\RIMONE_r1_Im022.png,467,467,success,none,
RIMONE_r1_Im023,RIM-ONE,RIMONE_r1_Im023,0,Normal,C:/Users/TRIPU/OneDrive/Documents/ML/end sem project/RIM-ONE_DL_images\RIM-ONE_DL_images\partitioned_by_hospital\test_set\normal\r1_Im023.png,hospital_test_set,external_test,-1,False,r1,partitioned_by_hospital/test_set,C:/Users/TRIPU/.gemini/antigravity/scratch/glaucoma_detection\data\processed\RIM-ONE\normal\RIMONE_r1_Im023.png,479,479,success,none,
RIMONE_r1_Im024,RIM-ONE,RIMONE_r1_Im024,0,Normal,C:/Users/TRIPU/OneDrive/Documents/ML/end sem project/RIM-ONE_DL_images\RIM-ONE_DL_images\partitioned_by_hospital\test_set\normal\r1_Im024.png,hospital_test_set,external_test,-1,False,r1,partitioned_by_hospital/test_set,C:/Users/TRIPU/.gemini/antigravity/scratch/glaucoma_detection\data\processed\RIM-ONE\normal\RIMONE_r1_Im024.png,590,590,success,none,
RIMONE_r1_Im025,RIM-ONE,RIMONE_r1_Im025,0,Normal,C:/Users/TRIPU/OneDrive/Documents/ML/end sem project/RIM-ONE_DL_images\RIM-ONE_DL_images\partitioned_by_hospital\test_set\normal\r1_Im025.png,hospital_test_set,external_test,-1,False,r1,partitioned_by_hospital/test_set,C:/Users/TRIPU/.gemini/antigravity/scratch/glaucoma_detection\data\processed\RIM-ONE\normal\RIMONE_r1_Im025.png,572,572,success,none,
RIMONE_r1_Im026,RIM-ONE,RIMONE_r1_Im026,0,Normal,C:/Users/TRIPU/OneDrive/Documents/ML/end sem project/RIM-ONE_DL_images\RIM-ONE_DL_images\partitioned_by_hospital\test_set\normal\r1_Im026.png,hospital_test_set,external_test,-1,False,r1,partitioned_by_hospital/test_set,C:/Users/TRIPU/.gemini/antigravity/scratch/glaucoma_detection\data\processed\RIM-ONE\normal\RIMONE_r1_Im026.png,476,476,success,none,
RIMONE_r1_Im027,RIM-ONE,RIMONE_r1_Im027,0,Normal,C:/Users/TRIPU/OneDrive/Documents/ML/end sem project/RIM-ONE_DL_images\RIM-ONE_DL_images\partitioned_by_hospital\test_set\normal\r1_Im027.png,hospital_test_set,external_test,-1,False,r1,partitioned_by_hospital/test_set,C:/Users/TRIPU/.gemini/antigravity/scratch/glaucoma_detection\data\processed\RIM-ONE\normal\RIMONE_r1_Im027.png,472,472,success,none,
RIMONE_r1_Im028,RIM-ONE,RIMONE_r1_Im028,0,Normal,C:/Users/TRIPU/OneDrive/Documents/ML/end sem project/RIM-ONE_DL_images\RIM-ONE_DL_images\partitioned_by_hospital\test_set\normal\r1_Im028.png,hospital_test_set,external_test,-1,False,r1,partitioned_by_hospital/test_set,C:/Users/TRIPU/.gemini/antigravity/scratch/glaucoma_detection\data\processed\RIM-ONE\normal\RIMONE_r1_Im028.png,435,435,success,none,
RIMONE_r1_Im029,RIM-ONE,RIMONE_r1_Im029,0,Normal,C:/Users/TRIPU/OneDrive/Documents/ML/end sem project/RIM-ONE_DL_images\RIM-ONE_DL_images\partitioned_by_hospital\test_set\normal\r1_Im029.png,hospital_test_set,external_test,-1,False,r1,partitioned_by_hospital/test_set,C:/Users/TRIPU/.gemini/antigravity/scratch/glaucoma_detection\data\processed\RIM-ONE\normal\RIMONE_r1_Im029.png,420,420,success,none,
RIMONE_r1_Im031,RIM-ONE,RIMONE_r1_Im031,0,Normal,C:/Users/TRIPU/OneDrive/Documents/ML/end sem project/RIM-ONE_DL_images\RIM-ONE_DL_images\partitioned_by_hospital\test_set\normal\r1_Im031.png,hospital_test_set,external_test,-1,False,r1,partitioned_by_hospital/test_set,C:/Users/TRIPU/.gemini/antigravity/scratch/glaucoma_detection\data\processed\RIM-ONE\normal\RIMONE_r1_Im031.png,406,406,success,none,
RIMONE_r1_Im032,RIM-ONE,RIMONE_r1_Im032,0,Normal,C:/Users/TRIPU/OneDrive/Documents/ML/end sem project/RIM-ONE_DL_images\RIM-ONE_DL_images\partitioned_by_hospital\test_set\normal\r1_Im032.png,hospital_test_set,external_test,-1,False,r1,partitioned_by_hospital/test_set,C:/Users/TRIPU/.gemini/antigravity/scratch/glaucoma_detection\data\processed\RIM-ONE\normal\RIMONE_r1_Im032.png,395,395,success,none,
RIMONE_r1_Im033,RIM-ONE,RIMONE_r1_Im033,0,Normal,C:/Users/TRIPU/OneDrive/Documents/ML/end sem project/RIM-ONE_DL_images\RIM-ONE_DL_images\partitioned_by_hospital\test_set\normal\r1_Im033.png,hospital_test_set,external_test,-1,False,r1,partitioned_by_hospital/test_set,C:/Users/TRIPU/.gemini/antigravity/scratch/glaucoma_detection\data\processed\RIM-ONE\normal\RIMONE_r1_Im033.png,418,418,success,none,
RIMONE_r1_Im036,RIM-ONE,RIMONE_r1_Im036,0,Normal,C:/Users/TRIPU/OneDrive/Documents/ML/end sem project/RIM-ONE_DL_images\RIM-ONE_DL_images\partitioned_by_hospital\test_set\normal\r1_Im036.png,hospital_test_set,external_test,-1,False,r1,partitioned_by_hospital/test_set,C:/Users/TRIPU/.gemini/antigravity/scratch/glaucoma_detection\data\processed\RIM-ONE\normal\RIMONE_r1_Im036.png,589,589,success,none,
RIMONE_r1_Im037,RIM-ONE,RIMONE_r1_Im037,0,Normal,C:/Users/TRIPU/OneDrive/Documents/ML/end sem project/RIM-ONE_DL_images\RIM-ONE_DL_images\partitioned_by_hospital\test_set\normal\r1_Im037.png,hospital_test_set,external_test,-1,False,r1,partitioned_by_hospital/test_set,C:/Users/TRIPU/.gemini/antigravity/scratch/glaucoma_detection\data\processed\RIM-ONE\normal\RIMONE_r1_Im037.png,608,608,success,none,
RIMONE_r1_Im040,RIM-ONE,RIMONE_r1_Im040,0,Normal,C:/Users/TRIPU/OneDrive/Documents/ML/end sem project/RIM-ONE_DL_images\RIM-ONE_DL_images\partitioned_by_hospital\test_set\normal\r1_Im040.png,hospital_test_set,external_test,-1,False,r1,partitioned_by_hospital/test_set,C:/Users/TRIPU/.gemini/antigravity/scratch/glaucoma_detection\data\processed\RIM-ONE\normal\RIMONE_r1_Im040.png,576,576,success,none,
RIMONE_r1_Im041,RIM-ONE,RIMONE_r1_Im041,0,Normal,C:/Users/TRIPU/OneDrive/Documents/ML/end sem project/RIM-ONE_DL_images\RIM-ONE_DL_images\partitioned_by_hospital\test_set\normal\r1_Im041.png,hospital_test_set,external_test,-1,False,r1,partitioned_by_hospital/test_set,C:/Users/TRIPU/.gemini/antigravity/scratch/glaucoma_detection\data\processed\RIM-ONE\normal\RIMONE_r1_Im041.png,538,538,success,none,
RIMONE_r1_Im042,RIM-ONE,RIMONE_r1_Im042,0,Normal,C:/Users/TRIPU/OneDrive/Documents/ML/end sem project/RIM-ONE_DL_images\RIM-ONE_DL_images\partitioned_by_hospital\test_set\normal\r1_Im042.png,hospital_test_set,external_test,-1,False,r1,partitioned_by_hospital/test_set,C:/Users/TRIPU/.gemini/antigravity/scratch/glaucoma_detection\data\processed\RIM-ONE\normal\RIMONE_r1_Im042.png,519,519,success,none,
RIMONE_r1_Im046,RIM-ONE,RIMONE_r1_Im046,0,Normal,C:/Users/TRIPU/OneDrive/Documents/ML/end sem project/RIM-ONE_DL_images\RIM-ONE_DL_images\partitioned_by_hospital\test_set\normal\r1_Im046.png,hospital_test_set,external_test,-1,False,r1,partitioned_by_hospital/test_set,C:/Users/TRIPU/.gemini/antigravity/scratch/glaucoma_detection\data\processed\RIM-ONE\normal\RIMONE_r1_Im046.png,464,464,success,none,
RIMONE_r1_Im047,RIM-ONE,RIMONE_r1_Im047,0,Normal,C:/Users/TRIPU/OneDrive/Documents/ML/end sem project/RIM-ONE_DL_images\RIM-ONE_DL_images\partitioned_by_hospital\test_set\normal\r1_Im047.png,hospital_test_set,external_test,-1,False,r1,partitioned_by_hospital/test_set,C:/Users/TRIPU/.gemini/antigravity/scratch/glaucoma_detection\data\processed\RIM-ONE\normal\RIMONE_r1_Im047.png,708,708,success,none,
RIMONE_r1_Im050,RIM-ONE,RIMONE_r1_Im050,0,Normal,C:/Users/TRIPU/OneDrive/Documents/ML/end sem project/RIM-ONE_DL_images\RIM-ONE_DL_images\partitioned_by_hospital\test_set\normal\r1_Im050.png,hospital_test_set,external_test,-1,False,r1,partitioned_by_hospital/test_set,C:/Users/TRIPU/.gemini/antigravity/scratch/glaucoma_detection\data\processed\RIM-ONE\normal\RIMONE_r1_Im050.png,344,344,success,none,
RIMONE_r1_Im052,RIM-ONE,RIMONE_r1_Im052,0,Normal,C:/Users/TRIPU/OneDrive/Documents/ML/end sem project/RIM-ONE_DL_images\RIM-ONE_DL_images\partitioned_by_hospital\test_set\normal\r1_Im052.png,hospital_test_set,external_test,-1,False,r1,partitioned_by_hospital/test_set,C:/Users/TRIPU/.gemini/antigravity/scratch/glaucoma_detection\data\processed\RIM-ONE\normal\RIMONE_r1_Im052.png,509,509,success,none,
RIMONE_r1_Im054,RIM-ONE,RIMONE_r1_Im054,0,Normal,C:/Users/TRIPU/OneDrive/Documents/ML/end sem project/RIM-ONE_DL_images\RIM-ONE_DL_images\partitioned_by_hospital\test_set\normal\r1_Im054.png,hospital_test_set,external_test,-1,False,r1,partitioned_by_hospital/test_set,C:/Users/TRIPU/.gemini/antigravity/scratch/glaucoma_detection\data\processed\RIM-ONE\normal\RIMONE_r1_Im054.png,530,530,success,none,
RIMONE_r1_Im055,RIM-ONE,RIMONE_r1_Im055,0,Normal,C:/Users/TRIPU/OneDrive/Documents/ML/end sem project/RIM-ONE_DL_images\RIM-ONE_DL_images\partitioned_by_hospital\test_set\normal\r1_Im055.png,hospital_test_set,external_test,-1,False,r1,partitioned_by_hospital/test_set,C:/Users/TRIPU/.gemini/antigravity/scratch/glaucoma_detection\data\processed\RIM-ONE\normal\RIMONE_r1_Im055.png,408,408,success,none,
RIMONE_r1_Im056,RIM-ONE,RIMONE_r1_Im056,0,Normal,C:/Users/TRIPU/OneDrive/Documents/ML/end sem project/RIM-ONE_DL_images\RIM-ONE_DL_images\partitioned_by_hospital\test_set\normal\r1_Im056.png,hospital_test_set,external_test,-1,False,r1,partitioned_by_hospital/test_set,C:/Users/TRIPU/.gemini/antigravity/scratch/glaucoma_detection\data\processed\RIM-ONE\normal\RIMONE_r1_Im056.png,382,382,success,none,
RIMONE_r1_Im057,RIM-ONE,RIMONE_r1_Im057,0,Normal,C:/Users/TRIPU/OneDrive/Documents/ML/end sem project/RIM-ONE_DL_images\RIM-ONE_DL_images\partitioned_by_hospital\test_set\normal\r1_Im057.png,hospital_test_set,external_test,-1,False,r1,partitioned_by_hospital/test_set,C:/Users/TRIPU/.gemini/antigravity/scratch/glaucoma_detection\data\processed\RIM-ONE\normal\RIMONE_r1_Im057.png,482,482,success,none,
RIMONE_r1_Im058,RIM-ONE,RIMONE_r1_Im058,0,Normal,C:/Users/TRIPU/OneDrive/Documents/ML/end sem project/RIM-ONE_DL_images\RIM-ONE_DL_images\partitioned_by_hospital\test_set\normal\r1_Im058.png,hospital_test_set,external_test,-1,False,r1,partitioned_by_hospital/test_set,C:/Users/TRIPU/.gemini/antigravity/scratch/glaucoma_detection\data\processed\RIM-ONE\normal\RIMONE_r1_Im058.png,502,502,success,none,
RIMONE_r1_Im059,RIM-ONE,RIMONE_r1_Im059,0,Normal,C:/Users/TRIPU/OneDrive/Documents/ML/end sem project/RIM-ONE_DL_images\RIM-ONE_DL_images\partitioned_by_hospital\test_set\normal\r1_Im059.png,hospital_test_set,external_test,-1,False,r1,partitioned_by_hospital/test_set,C:/Users/TRIPU/.gemini/antigravity/scratch/glaucoma_detection\data\processed\RIM-ONE\normal\RIMONE_r1_Im059.png,474,474,success,none,
RIMONE_r1_Im060,RIM-ONE,RIMONE_r1_Im060,0,Normal,C:/Users/TRIPU/OneDrive/Documents/ML/end sem project/RIM-ONE_DL_images\RIM-ONE_DL_images\partitioned_by_hospital\test_set\normal\r1_Im060.png,hospital_test_set,external_test,-1,False,r1,partitioned_by_hospital/test_set,C:/Users/TRIPU/.gemini/antigravity/scratch/glaucoma_detection\data\processed\RIM-ONE\normal\RIMONE_r1_Im060.png,535,535,success,none,
RIMONE_r1_Im061,RIM-ONE,RIMONE_r1_Im061,0,Normal,C:/Users/TRIPU/OneDrive/Documents/ML/end sem project/RIM-ONE_DL_images\RIM-ONE_DL_images\partitioned_by_hospital\test_set\normal\r1_Im061.png,hospital_test_set,external_test,-1,False,r1,partitioned_by_hospital/test_set,C:/Users/TRIPU/.gemini/antigravity/scratch/glaucoma_detection\data\processed\RIM-ONE\normal\RIMONE_r1_Im061.png,577,577,success,none,
RIMONE_r1_Im062,RIM-ONE,RIMONE_r1_Im062,0,Normal,C:/Users/TRIPU/OneDrive/Documents/ML/end sem project/RIM-ONE_DL_images\RIM-ONE_DL_images\partitioned_by_hospital\test_set\normal\r1_Im062.png,hospital_test_set,external_test,-1,False,r1,partitioned_by_hospital/test_set,C:/Users/TRIPU/.gemini/antigravity/scratch/glaucoma_detection\data\processed\RIM-ONE\normal\RIMONE_r1_Im062.png,553,553,success,none,
RIMONE_r1_Im063,RIM-ONE,RIMONE_r1_Im063,0,Normal,C:/Users/TRIPU/OneDrive/Documents/ML/end sem project/RIM-ONE_DL_images\RIM-ONE_DL_images\partitioned_by_hospital\test_set\normal\r1_Im063.png,hospital_test_set,external_test,-1,False,r1,partitioned_by_hospital/test_set,C:/Users/TRIPU/.gemini/antigravity/scratch/glaucoma_detection\data\processed\RIM-ONE\normal\RIMONE_r1_Im063.png,540,540,success,none,
RIMONE_r1_Im071,RIM-ONE,RIMONE_r1_Im071,0,Normal,C:/Users/TRIPU/OneDrive/Documents/ML/end sem project/RIM-ONE_DL_images\RIM-ONE_DL_images\partitioned_by_hospital\test_set\normal\r1_Im071.png,hospital_test_set,external_test,-1,False,r1,partitioned_by_hospital/test_set,C:/Users/TRIPU/.gemini/antigravity/scratch/glaucoma_detection\data\processed\RIM-ONE\normal\RIMONE_r1_Im071.png,425,425,success,none,
RIMONE_r1_Im072,RIM-ONE,RIMONE_r1_Im072,0,Normal,C:/Users/TRIPU/OneDrive/Documents/ML/end sem project/RIM-ONE_DL_images\RIM-ONE_DL_images\partitioned_by_hospital\test_set\normal\r1_Im072.png,hospital_test_set,external_test,-1,False,r1,partitioned_by_hospital/test_set,C:/Users/TRIPU/.gemini/antigravity/scratch/glaucoma_detection\data\processed\RIM-ONE\normal\RIMONE_r1_Im072.png,388,388,success,none,
RIMONE_r1_Im073,RIM-ONE,RIMONE_r1_Im073,0,Normal,C:/Users/TRIPU/OneDrive/Documents/ML/end sem project/RIM-ONE_DL_images\RIM-ONE_DL_images\partitioned_by_hospital\test_set\normal\r1_Im073.png,hospital_test_set,external_test,-1,False,r1,partitioned_by_hospital/test_set,C:/Users/TRIPU/.gemini/antigravity/scratch/glaucoma_detection\data\processed\RIM-ONE\normal\RIMONE_r1_Im073.png,316,316,success,none,
RIMONE_r1_Im080,RIM-ONE,RIMONE_r1_Im080,0,Normal,C:/Users/TRIPU/OneDrive/Documents/ML/end sem project/RIM-ONE_DL_images\RIM-ONE_DL_images\partitioned_by_hospital\test_set\normal\r1_Im080.png,hospital_test_set,external_test,-1,False,r1,partitioned_by_hospital/test_set,C:/Users/TRIPU/.gemini/antigravity/scratch/glaucoma_detection\data\processed\RIM-ONE\normal\RIMONE_r1_Im080.png,445,445,success,none,
RIMONE_r1_Im082,RIM-ONE,RIMONE_r1_Im082,0,Normal,C:/Users/TRIPU/OneDrive/Documents/ML/end sem project/RIM-ONE_DL_images\RIM-ONE_DL_images\partitioned_by_hospital\test_set\normal\r1_Im082.png,hospital_test_set,external_test,-1,False,r1,partitioned_by_hospital/test_set,C:/Users/TRIPU/.gemini/antigravity/scratch/glaucoma_detection\data\processed\RIM-ONE\normal\RIMONE_r1_Im082.png,422,422,success,none,
RIMONE_r1_Im086,RIM-ONE,RIMONE_r1_Im086,0,Normal,C:/Users/TRIPU/OneDrive/Documents/ML/end sem project/RIM-ONE_DL_images\RIM-ONE_DL_images\partitioned_by_hospital\test_set\normal\r1_Im086.png,hospital_test_set,external_test,-1,False,r1,partitioned_by_hospital/test_set,C:/Users/TRIPU/.gemini/antigravity/scratch/glaucoma_detection\data\processed\RIM-ONE\normal\RIMONE_r1_Im086.png,416,416,success,none,
RIMONE_r1_Im087,RIM-ONE,RIMONE_r1_Im087,0,Normal,C:/Users/TRIPU/OneDrive/Documents/ML/end sem project/RIM-ONE_DL_images\RIM-ONE_DL_images\partitioned_by_hospital\test_set\normal\r1_Im087.png,hospital_test_set,external_test,-1,False,r1,partitioned_by_hospital/test_set,C:/Users/TRIPU/.gemini/antigravity/scratch/glaucoma_detection\data\processed\RIM-ONE\normal\RIMONE_r1_Im087.png,415,415,success,none,
RIMONE_r1_Im095,RIM-ONE,RIMONE_r1_Im095,0,Normal,C:/Users/TRIPU/OneDrive/Documents/ML/end sem project/RIM-ONE_DL_images\RIM-ONE_DL_images\partitioned_by_hospital\test_set\normal\r1_Im095.png,hospital_test_set,external_test,-1,False,r1,partitioned_by_hospital/test_set,C:/Users/TRIPU/.gemini/antigravity/scratch/glaucoma_detection\data\processed\RIM-ONE\normal\RIMONE_r1_Im095.png,404,404,success,none,
RIMONE_r1_Im107,RIM-ONE,RIMONE_r1_Im107,0,Normal,C:/Users/TRIPU/OneDrive/Documents/ML/end sem project/RIM-ONE_DL_images\RIM-ONE_DL_images\partitioned_by_hospital\test_set\normal\r1_Im107.png,hospital_test_set,external_test,-1,False,r1,partitioned_by_hospital/test_set,C:/Users/TRIPU/.gemini/antigravity/scratch/glaucoma_detection\data\processed\RIM-ONE\normal\RIMONE_r1_Im107.png,344,344,success,none,
RIMONE_r1_Im108,RIM-ONE,RIMONE_r1_Im108,0,Normal,C:/Users/TRIPU/OneDrive/Documents/ML/end sem project/RIM-ONE_DL_images\RIM-ONE_DL_images\partitioned_by_hospital\test_set\normal\r1_Im108.png,hospital_test_set,external_test,-1,False,r1,partitioned_by_hospital/test_set,C:/Users/TRIPU/.gemini/antigravity/scratch/glaucoma_detection\data\processed\RIM-ONE\normal\RIMONE_r1_Im108.png,382,382,success,none,
RIMONE_r1_Im115,RIM-ONE,RIMONE_r1_Im115,0,Normal,C:/Users/TRIPU/OneDrive/Documents/ML/end sem project/RIM-ONE_DL_images\RIM-ONE_DL_images\partitioned_by_hospital\test_set\normal\r1_Im115.png,hospital_test_set,external_test,-1,False,r1,partitioned_by_hospital/test_set,C:/Users/TRIPU/.gemini/antigravity/scratch/glaucoma_detection\data\processed\RIM-ONE\normal\RIMONE_r1_Im115.png,475,475,success,none,
RIMONE_r1_Im116,RIM-ONE,RIMONE_r1_Im116,0,Normal,C:/Users/TRIPU/OneDrive/Documents/ML/end sem project/RIM-ONE_DL_images\RIM-ONE_DL_images\partitioned_by_hospital\test_set\normal\r1_Im116.png,hospital_test_set,external_test,-1,False,r1,partitioned_by_hospital/test_set,C:/Users/TRIPU/.gemini/antigravity/scratch/glaucoma_detection\data\processed\RIM-ONE\normal\RIMONE_r1_Im116.png,415,415,success,none,
RIMONE_r1_Im119,RIM-ONE,RIMONE_r1_Im119,0,Normal,C:/Users/TRIPU/OneDrive/Documents/ML/end sem project/RIM-ONE_DL_images\RIM-ONE_DL_images\partitioned_by_hospital\test_set\normal\r1_Im119.png,hospital_test_set,external_test,-1,False,r1,partitioned_by_hospital/test_set,C:/Users/TRIPU/.gemini/antigravity/scratch/glaucoma_detection\data\processed\RIM-ONE\normal\RIMONE_r1_Im119.png,414,414,success,none,
RIMONE_r1_Im125,RIM-ONE,RIMONE_r1_Im125,0,Normal,C:/Users/TRIPU/OneDrive/Documents/ML/end sem project/RIM-ONE_DL_images\RIM-ONE_DL_images\partitioned_by_hospital\test_set\normal\r1_Im125.png,hospital_test_set,external_test,-1,False,r1,partitioned_by_hospital/test_set,C:/Users/TRIPU/.gemini/antigravity/scratch/glaucoma_detection\data\processed\RIM-ONE\normal\RIMONE_r1_Im125.png,398,398,success,none,
RIMONE_r1_Im127,RIM-ONE,RIMONE_r1_Im127,0,Normal,C:/Users/TRIPU/OneDrive/Documents/ML/end sem project/RIM-ONE_DL_images\RIM-ONE_DL_images\partitioned_by_hospital\test_set\normal\r1_Im127.png,hospital_test_set,external_test,-1,False,r1,partitioned_by_hospital/test_set,C:/Users/TRIPU/.gemini/antigravity/scratch/glaucoma_detection\data\processed\RIM-ONE\normal\RIMONE_r1_Im127.png,443,443,success,none,
RIMONE_r1_Im128,RIM-ONE,RIMONE_r1_Im128,0,Normal,C:/Users/TRIPU/OneDrive/Documents/ML/end sem project/RIM-ONE_DL_images\RIM-ONE_DL_images\partitioned_by_hospital\test_set\normal\r1_Im128.png,hospital_test_set,external_test,-1,False,r1,partitioned_by_hospital/test_set,C:/Users/TRIPU/.gemini/antigravity/scratch/glaucoma_detection\data\processed\RIM-ONE\normal\RIMONE_r1_Im128.png,389,389,success,none,
RIMONE_r1_Im129,RIM-ONE,RIMONE_r1_Im129,0,Normal,C:/Users/TRIPU/OneDrive/Documents/ML/end sem project/RIM-ONE_DL_images\RIM-ONE_DL_images\partitioned_by_hospital\test_set\normal\r1_Im129.png,hospital_test_set,external_test,-1,False,r1,partitioned_by_hospital/test_set,C:/Users/TRIPU/.gemini/antigravity/scratch/glaucoma_detection\data\processed\RIM-ONE\normal\RIMONE_r1_Im129.png,444,444,success,none,
RIMONE_r1_Im130,RIM-ONE,RIMONE_r1_Im130,0,Normal,C:/Users/TRIPU/OneDrive/Documents/ML/end sem project/RIM-ONE_DL_images\RIM-ONE_DL_images\partitioned_by_hospital\test_set\normal\r1_Im130.png,hospital_test_set,external_test,-1,False,r1,partitioned_by_hospital/test_set,C:/Users/TRIPU/.gemini/antigravity/scratch/glaucoma_detection\data\processed\RIM-ONE\normal\RIMONE_r1_Im130.png,434,434,success,none,
RIMONE_r1_Im131,RIM-ONE,RIMONE_r1_Im131,0,Normal,C:/Users/TRIPU/OneDrive/Documents/ML/end sem project/RIM-ONE_DL_images\RIM-ONE_DL_images\partitioned_by_hospital\test_set\normal\r1_Im131.png,hospital_test_set,external_test,-1,False,r1,partitioned_by_hospital/test_set,C:/Users/TRIPU/.gemini/antigravity/scratch/glaucoma_detection\data\processed\RIM-ONE\normal\RIMONE_r1_Im131.png,438,438,success,none,
RIMONE_r1_Im132,RIM-ONE,RIMONE_r1_Im132,0,Normal,C:/Users/TRIPU/OneDrive/Documents/ML/end sem project/RIM-ONE_DL_images\RIM-ONE_DL_images\partitioned_by_hospital\test_set\normal\r1_Im132.png,hospital_test_set,external_test,-1,False,r1,partitioned_by_hospital/test_set,C:/Users/TRIPU/.gemini/antigravity/scratch/glaucoma_detection\data\processed\RIM-ONE\normal\RIMONE_r1_Im132.png,399,399,success,none,
RIMONE_r1_Im133,RIM-ONE,RIMONE_r1_Im133,0,Normal,C:/Users/TRIPU/OneDrive/Documents/ML/end sem project/RIM-ONE_DL_images\RIM-ONE_DL_images\partitioned_by_hospital\test_set\normal\r1_Im133.png,hospital_test_set,external_test,-1,False,r1,partitioned_by_hospital/test_set,C:/Users/TRIPU/.gemini/antigravity/scratch/glaucoma_detection\data\processed\RIM-ONE\normal\RIMONE_r1_Im133.png,369,369,success,none,
RIMONE_r1_Im136,RIM-ONE,RIMONE_r1_Im136,0,Normal,C:/Users/TRIPU/OneDrive/Documents/ML/end sem project/RIM-ONE_DL_images\RIM-ONE_DL_images\partitioned_by_hospital\test_set\normal\r1_Im136.png,hospital_test_set,external_test,-1,False,r1,partitioned_by_hospital/test_set,C:/Users/TRIPU/.gemini/antigravity/scratch/glaucoma_detection\data\processed\RIM-ONE\normal\RIMONE_r1_Im136.png,397,397,success,none,
RIMONE_r1_Im137,RIM-ONE,RIMONE_r1_Im137,0,Normal,C:/Users/TRIPU/OneDrive/Documents/ML/end sem project/RIM-ONE_DL_images\RIM-ONE_DL_images\partitioned_by_hospital\test_set\normal\r1_Im137.png,hospital_test_set,external_test,-1,False,r1,partitioned_by_hospital/test_set,C:/Users/TRIPU/.gemini/antigravity/scratch/glaucoma_detection\data\processed\RIM-ONE\normal\RIMONE_r1_Im137.png,419,419,success,none,
RIMONE_r1_Im138,RIM-ONE,RIMONE_r1_Im138,0,Normal,C:/Users/TRIPU/OneDrive/Documents/ML/end sem project/RIM-ONE_DL_images\RIM-ONE_DL_images\partitioned_by_hospital\test_set\normal\r1_Im138.png,hospital_test_set,external_test,-1,False,r1,partitioned_by_hospital/test_set,C:/Users/TRIPU/.gemini/antigravity/scratch/glaucoma_detection\data\processed\RIM-ONE\normal\RIMONE_r1_Im138.png,446,446,success,none,
RIMONE_r1_Im142,RIM-ONE,RIMONE_r1_Im142,0,Normal,C:/Users/TRIPU/OneDrive/Documents/ML/end sem project/RIM-ONE_DL_images\RIM-ONE_DL_images\partitioned_by_hospital\test_set\normal\r1_Im142.png,hospital_test_set,external_test,-1,False,r1,partitioned_by_hospital/test_set,C:/Users/TRIPU/.gemini/antigravity/scratch/glaucoma_detection\data\processed\RIM-ONE\normal\RIMONE_r1_Im142.png,423,423,success,none,
RIMONE_r1_Im143,RIM-ONE,RIMONE_r1_Im143,0,Normal,C:/Users/TRIPU/OneDrive/Documents/ML/end sem project/RIM-ONE_DL_images\RIM-ONE_DL_images\partitioned_by_hospital\test_set\normal\r1_Im143.png,hospital_test_set,external_test,-1,False,r1,partitioned_by_hospital/test_set,C:/Users/TRIPU/.gemini/antigravity/scratch/glaucoma_detection\data\processed\RIM-ONE\normal\RIMONE_r1_Im143.png,409,409,success,none,
RIMONE_r1_Im145,RIM-ONE,RIMONE_r1_Im145,0,Normal,C:/Users/TRIPU/OneDrive/Documents/ML/end sem project/RIM-ONE_DL_images\RIM-ONE_DL_images\partitioned_by_hospital\test_set\normal\r1_Im145.png,hospital_test_set,external_test,-1,False,r1,partitioned_by_hospital/test_set,C:/Users/TRIPU/.gemini/antigravity/scratch/glaucoma_detection\data\processed\RIM-ONE\normal\RIMONE_r1_Im145.png,413,413,success,none,
RIMONE_r1_Im146,RIM-ONE,RIMONE_r1_Im146,0,Normal,C:/Users/TRIPU/OneDrive/Documents/ML/end sem project/RIM-ONE_DL_images\RIM-ONE_DL_images\partitioned_by_hospital\test_set\normal\r1_Im146.png,hospital_test_set,external_test,-1,False,r1,partitioned_by_hospital/test_set,C:/Users/TRIPU/.gemini/antigravity/scratch/glaucoma_detection\data\processed\RIM-ONE\normal\RIMONE_r1_Im146.png,421,421,success,none,
RIMONE_r1_Im149,RIM-ONE,RIMONE_r1_Im149,0,Normal,C:/Users/TRIPU/OneDrive/Documents/ML/end sem project/RIM-ONE_DL_images\RIM-ONE_DL_images\partitioned_by_hospital\test_set\normal\r1_Im149.png,hospital_test_set,external_test,-1,False,r1,partitioned_by_hospital/test_set,C:/Users/TRIPU/.gemini/antigravity/scratch/glaucoma_detection\data\processed\RIM-ONE\normal\RIMONE_r1_Im149.png,447,447,success,none,
RIMONE_r1_Im150,RIM-ONE,RIMONE_r1_Im150,0,Normal,C:/Users/TRIPU/OneDrive/Documents/ML/end sem project/RIM-ONE_DL_images\RIM-ONE_DL_images\partitioned_by_hospital\test_set\normal\r1_Im150.png,hospital_test_set,external_test,-1,False,r1,partitioned_by_hospital/test_set,C:/Users/TRIPU/.gemini/antigravity/scratch/glaucoma_detection\data\processed\RIM-ONE\normal\RIMONE_r1_Im150.png,448,448,success,none,
RIMONE_r1_Im151,RIM-ONE,RIMONE_r1_Im151,0,Normal,C:/Users/TRIPU/OneDrive/Documents/ML/end sem project/RIM-ONE_DL_images\RIM-ONE_DL_images\partitioned_by_hospital\test_set\normal\r1_Im151.png,hospital_test_set,external_test,-1,False,r1,partitioned_by_hospital/test_set,C:/Users/TRIPU/.gemini/antigravity/scratch/glaucoma_detection\data\processed\RIM-ONE\normal\RIMONE_r1_Im151.png,515,515,success,none,
RIMONE_r1_Im152,RIM-ONE,RIMONE_r1_Im152,0,Normal,C:/Users/TRIPU/OneDrive/Documents/ML/end sem project/RIM-ONE_DL_images\RIM-ONE_DL_images\partitioned_by_hospital\test_set\normal\r1_Im152.png,hospital_test_set,external_test,-1,False,r1,partitioned_by_hospital/test_set,C:/Users/TRIPU/.gemini/antigravity/scratch/glaucoma_detection\data\processed\RIM-ONE\normal\RIMONE_r1_Im152.png,402,402,success,none,
RIMONE_r1_Im153,RIM-ONE,RIMONE_r1_Im153,0,Normal,C:/Users/TRIPU/OneDrive/Documents/ML/end sem project/RIM-ONE_DL_images\RIM-ONE_DL_images\partitioned_by_hospital\test_set\normal\r1_Im153.png,hospital_test_set,external_test,-1,False,r1,partitioned_by_hospital/test_set,C:/Users/TRIPU/.gemini/antigravity/scratch/glaucoma_detection\data\processed\RIM-ONE\normal\RIMONE_r1_Im153.png,382,382,success,none,
RIMONE_r1_Im154,RIM-ONE,RIMONE_r1_Im154,0,Normal,C:/Users/TRIPU/OneDrive/Documents/ML/end sem project/RIM-ONE_DL_images\RIM-ONE_DL_images\partitioned_by_hospital\test_set\normal\r1_Im154.png,hospital_test_set,external_test,-1,False,r1,partitioned_by_hospital/test_set,C:/Users/TRIPU/.gemini/antigravity/scratch/glaucoma_detection\data\processed\RIM-ONE\normal\RIMONE_r1_Im154.png,434,434,success,none,
RIMONE_r1_Im155,RIM-ONE,RIMONE_r1_Im155,0,Normal,C:/Users/TRIPU/OneDrive/Documents/ML/end sem project/RIM-ONE_DL_images\RIM-ONE_DL_images\partitioned_by_hospital\test_set\normal\r1_Im155.png,hospital_test_set,external_test,-1,False,r1,partitioned_by_hospital/test_set,C:/Users/TRIPU/.gemini/antigravity/scratch/glaucoma_detection\data\processed\RIM-ONE\normal\RIMONE_r1_Im155.png,428,428,success,none,
RIMONE_r1_Im156,RIM-ONE,RIMONE_r1_Im156,0,Normal,C:/Users/TRIPU/OneDrive/Documents/ML/end sem project/RIM-ONE_DL_images\RIM-ONE_DL_images\partitioned_by_hospital\test_set\normal\r1_Im156.png,hospital_test_set,external_test,-1,False,r1,partitioned_by_hospital/test_set,C:/Users/TRIPU/.gemini/antigravity/scratch/glaucoma_detection\data\processed\RIM-ONE\normal\RIMONE_r1_Im156.png,376,376,success,none,
RIMONE_r1_Im159,RIM-ONE,RIMONE_r1_Im159,0,Normal,C:/Users/TRIPU/OneDrive/Documents/ML/end sem project/RIM-ONE_DL_images\RIM-ONE_DL_images\partitioned_by_hospital\test_set\normal\r1_Im159.png,hospital_test_set,external_test,-1,False,r1,partitioned_by_hospital/test_set,C:/Users/TRIPU/.gemini/antigravity/scratch/glaucoma_detection\data\processed\RIM-ONE\normal\RIMONE_r1_Im159.png,411,411,success,none,
RIMONE_r1_Im161,RIM-ONE,RIMONE_r1_Im161,0,Normal,C:/Users/TRIPU/OneDrive/Documents/ML/end sem project/RIM-ONE_DL_images\RIM-ONE_DL_images\partitioned_by_hospital\test_set\normal\r1_Im161.png,hospital_test_set,external_test,-1,False,r1,partitioned_by_hospital/test_set,C:/Users/TRIPU/.gemini/antigravity/scratch/glaucoma_detection\data\processed\RIM-ONE\normal\RIMONE_r1_Im161.png,412,412,success,none,
RIMONE_r1_Im162,RIM-ONE,RIMONE_r1_Im162,0,Normal,C:/Users/TRIPU/OneDrive/Documents/ML/end sem project/RIM-ONE_DL_images\RIM-ONE_DL_images\partitioned_by_hospital\test_set\normal\r1_Im162.png,hospital_test_set,external_test,-1,False,r1,partitioned_by_hospital/test_set,C:/Users/TRIPU/.gemini/antigravity/scratch/glaucoma_detection\data\processed\RIM-ONE\normal\RIMONE_r1_Im162.png,438,438,success,none,
RIMONE_r1_Im163,RIM-ONE,RIMONE_r1_Im163,0,Normal,C:/Users/TRIPU/OneDrive/Documents/ML/end sem project/RIM-ONE_DL_images\RIM-ONE_DL_images\partitioned_by_hospital\test_set\normal\r1_Im163.png,hospital_test_set,external_test,-1,False,r1,partitioned_by_hospital/test_set,C:/Users/TRIPU/.gemini/antigravity/scratch/glaucoma_detection\data\processed\RIM-ONE\normal\RIMONE_r1_Im163.png,429,429,success,none,
RIMONE_r1_Im164,RIM-ONE,RIMONE_r1_Im164,0,Normal,C:/Users/TRIPU/OneDrive/Documents/ML/end sem project/RIM-ONE_DL_images\RIM-ONE_DL_images\partitioned_by_hospital\test_set\normal\r1_Im164.png,hospital_test_set,external_test,-1,False,r1,partitioned_by_hospital/test_set,C:/Users/TRIPU/.gemini/antigravity/scratch/glaucoma_detection\data\processed\RIM-ONE\normal\RIMONE_r1_Im164.png,404,404,success,none,
RIMONE_r1_Im165,RIM-ONE,RIMONE_r1_Im165,0,Normal,C:/Users/TRIPU/OneDrive/Documents/ML/end sem project/RIM-ONE_DL_images\RIM-ONE_DL_images\partitioned_by_hospital\test_set\normal\r1_Im165.png,hospital_test_set,external_test,-1,False,r1,partitioned_by_hospital/test_set,C:/Users/TRIPU/.gemini/antigravity/scratch/glaucoma_detection\data\processed\RIM-ONE\normal\RIMONE_r1_Im165.png,441,441,success,none,
RIMONE_r1_Im166,RIM-ONE,RIMONE_r1_Im166,0,Normal,C:/Users/TRIPU/OneDrive/Documents/ML/end sem project/RIM-ONE_DL_images\RIM-ONE_DL_images\partitioned_by_hospital\test_set\normal\r1_Im166.png,hospital_test_set,external_test,-1,False,r1,partitioned_by_hospital/test_set,C:/Users/TRIPU/.gemini/antigravity/scratch/glaucoma_detection\data\processed\RIM-ONE\normal\RIMONE_r1_Im166.png,456,456,success,none,
RIMONE_r1_Im168,RIM-ONE,RIMONE_r1_Im168,0,Normal,C:/Users/TRIPU/OneDrive/Documents/ML/end sem project/RIM-ONE_DL_images\RIM-ONE_DL_images\partitioned_by_hospital\test_set\normal\r1_Im168.png,hospital_test_set,external_test,-1,False,r1,partitioned_by_hospital/test_set,C:/Users/TRIPU/.gemini/antigravity/scratch/glaucoma_detection\data\processed\RIM-ONE\normal\RIMONE_r1_Im168.png,430,430,success,none,
RIMONE_r1_Im169,RIM-ONE,RIMONE_r1_Im169,0,Normal,C:/Users/TRIPU/OneDrive/Documents/ML/end sem project/RIM-ONE_DL_images\RIM-ONE_DL_images\partitioned_by_hospital\test_set\normal\r1_Im169.png,hospital_test_set,external_test,-1,False,r1,partitioned_by_hospital/test_set,C:/Users/TRIPU/.gemini/antigravity/scratch/glaucoma_detection\data\processed\RIM-ONE\normal\RIMONE_r1_Im169.png,407,407,success,none,
RIMONE_r2_Im001,RIM-ONE,RIMONE_r2_Im001,0,Normal,C:/Users/TRIPU/OneDrive/Documents/ML/end sem project/RIM-ONE_DL_images\RIM-ONE_DL_images\partitioned_by_hospital\test_set\normal\r2_Im001.png,hospital_test_set,external_test,-1,False,r2,partitioned_by_hospital/test_set,C:/Users/TRIPU/.gemini/antigravity/scratch/glaucoma_detection\data\processed\RIM-ONE\normal\RIMONE_r2_Im001.png,317,317,success,none,
RIMONE_r2_Im002,RIM-ONE,RIMONE_r2_Im002,0,Normal,C:/Users/TRIPU/OneDrive/Documents/ML/end sem project/RIM-ONE_DL_images\RIM-ONE_DL_images\partitioned_by_hospital\test_set\normal\r2_Im002.png,hospital_test_set,external_test,-1,False,r2,partitioned_by_hospital/test_set,C:/Users/TRIPU/.gemini/antigravity/scratch/glaucoma_detection\data\processed\RIM-ONE\normal\RIMONE_r2_Im002.png,316,316,success,none,
RIMONE_r2_Im003,RIM-ONE,RIMONE_r2_Im003,0,Normal,C:/Users/TRIPU/OneDrive/Documents/ML/end sem project/RIM-ONE_DL_images\RIM-ONE_DL_images\partitioned_by_hospital\test_set\normal\r2_Im003.png,hospital_test_set,external_test,-1,False,r2,partitioned_by_hospital/test_set,C:/Users/TRIPU/.gemini/antigravity/scratch/glaucoma_detection\data\processed\RIM-ONE\normal\RIMONE_r2_Im003.png,356,356,success,none,
RIMONE_r2_Im004,RIM-ONE,RIMONE_r2_Im004,0,Normal,C:/Users/TRIPU/OneDrive/Documents/ML/end sem project/RIM-ONE_DL_images\RIM-ONE_DL_images\partitioned_by_hospital\test_set\normal\r2_Im004.png,hospital_test_set,external_test,-1,False,r2,partitioned_by_hospital/test_set,C:/Users/TRIPU/.gemini/antigravity/scratch/glaucoma_detection\data\processed\RIM-ONE\normal\RIMONE_r2_Im004.png,336,336,success,none,
RIMONE_r2_Im005,RIM-ONE,RIMONE_r2_Im005,0,Normal,C:/Users/TRIPU/OneDrive/Documents/ML/end sem project/RIM-ONE_DL_images\RIM-ONE_DL_images\partitioned_by_hospital\test_set\normal\r2_Im005.png,hospital_test_set,external_test,-1,False,r2,partitioned_by_hospital/test_set,C:/Users/TRIPU/.gemini/antigravity/scratch/glaucoma_detection\data\processed\RIM-ONE\normal\RIMONE_r2_Im005.png,310,310,success,none,
RIMONE_r2_Im006,RIM-ONE,RIMONE_r2_Im006,0,Normal,C:/Users/TRIPU/OneDrive/Documents/ML/end sem project/RIM-ONE_DL_images\RIM-ONE_DL_images\partitioned_by_hospital\test_set\normal\r2_Im006.png,hospital_test_set,external_test,-1,False,r2,partitioned_by_hospital/test_set,C:/Users/TRIPU/.gemini/antigravity/scratch/glaucoma_detection\data\processed\RIM-ONE\normal\RIMONE_r2_Im006.png,296,296,success,none,
RIMONE_r2_Im007,RIM-ONE,RIMONE_r2_Im007,0,Normal,C:/Users/TRIPU/OneDrive/Documents/ML/end sem project/RIM-ONE_DL_images\RIM-ONE_DL_images\partitioned_by_hospital\test_set\normal\r2_Im007.png,hospital_test_set,external_test,-1,False,r2,partitioned_by_hospital/test_set,C:/Users/TRIPU/.gemini/antigravity/scratch/glaucoma_detection\data\processed\RIM-ONE\normal\RIMONE_r2_Im007.png,299,299,success,none,
RIMONE_r2_Im009,RIM-ONE,RIMONE_r2_Im009,0,Normal,C:/Users/TRIPU/OneDrive/Documents/ML/end sem project/RIM-ONE_DL_images\RIM-ONE_DL_images\partitioned_by_hospital\test_set\normal\r2_Im009.png,hospital_test_set,external_test,-1,False,r2,partitioned_by_hospital/test_set,C:/Users/TRIPU/.gemini/antigravity/scratch/glaucoma_detection\data\processed\RIM-ONE\normal\RIMONE_r2_Im009.png,359,359,success,none,
RIMONE_r2_Im010,RIM-ONE,RIMONE_r2_Im010,0,Normal,C:/Users/TRIPU/OneDrive/Documents/ML/end sem project/RIM-ONE_DL_images\RIM-ONE_DL_images\partitioned_by_hospital\test_set\normal\r2_Im010.png,hospital_test_set,external_test,-1,False,r2,partitioned_by_hospital/test_set,C:/Users/TRIPU/.gemini/antigravity/scratch/glaucoma_detection\data\processed\RIM-ONE\normal\RIMONE_r2_Im010.png,372,372,success,none,
RIMONE_r2_Im011,RIM-ONE,RIMONE_r2_Im011,0,Normal,C:/Users/TRIPU/OneDrive/Documents/ML/end sem project/RIM-ONE_DL_images\RIM-ONE_DL_images\partitioned_by_hospital\test_set\normal\r2_Im011.png,hospital_test_set,external_test,-1,False,r2,partitioned_by_hospital/test_set,C:/Users/TRIPU/.gemini/antigravity/scratch/glaucoma_detection\data\processed\RIM-ONE\normal\RIMONE_r2_Im011.png,370,370,success,none,
RIMONE_r2_Im012,RIM-ONE,RIMONE_r2_Im012,0,Normal,C:/Users/TRIPU/OneDrive/Documents/ML/end sem project/RIM-ONE_DL_images\RIM-ONE_DL_images\partitioned_by_hospital\test_set\normal\r2_Im012.png,hospital_test_set,external_test,-1,False,r2,partitioned_by_hospital/test_set,C:/Users/TRIPU/.gemini/antigravity/scratch/glaucoma_detection\data\processed\RIM-ONE\normal\RIMONE_r2_Im012.png,331,331,success,none,
RIMONE_r2_Im013,RIM-ONE,RIMONE_r2_Im013,0,Normal,C:/Users/TRIPU/OneDrive/Documents/ML/end sem project/RIM-ONE_DL_images\RIM-ONE_DL_images\partitioned_by_hospital\test_set\normal\r2_Im013.png,hospital_test_set,external_test,-1,False,r2,partitioned_by_hospital/test_set,C:/Users/TRIPU/.gemini/antigravity/scratch/glaucoma_detection\data\processed\RIM-ONE\normal\RIMONE_r2_Im013.png,306,306,success,none,
RIMONE_r2_Im014,RIM-ONE,RIMONE_r2_Im014,0,Normal,C:/Users/TRIPU/OneDrive/Documents/ML/end sem project/RIM-ONE_DL_images\RIM-ONE_DL_images\partitioned_by_hospital\test_set\normal\r2_Im014.png,hospital_test_set,external_test,-1,False,r2,partitioned_by_hospital/test_set,C:/Users/TRIPU/.gemini/antigravity/scratch/glaucoma_detection\data\processed\RIM-ONE\normal\RIMONE_r2_Im014.png,313,313,success,none,
RIMONE_r2_Im015,RIM-ONE,RIMONE_r2_Im015,0,Normal,C:/Users/TRIPU/OneDrive/Documents/ML/end sem project/RIM-ONE_DL_images\RIM-ONE_DL_images\partitioned_by_hospital\test_set\normal\r2_Im015.png,hospital_test_set,external_test,-1,False,r2,partitioned_by_hospital/test_set,C:/Users/TRIPU/.gemini/antigravity/scratch/glaucoma_detection\data\processed\RIM-ONE\normal\RIMONE_r2_Im015.png,309,309,success,none,
RIMONE_r2_Im016,RIM-ONE,RIMONE_r2_Im016,0,Normal,C:/Users/TRIPU/OneDrive/Documents/ML/end sem project/RIM-ONE_DL_images\RIM-ONE_DL_images\partitioned_by_hospital\test_set\normal\r2_Im016.png,hospital_test_set,external_test,-1,False,r2,partitioned_by_hospital/test_set,C:/Users/TRIPU/.gemini/antigravity/scratch/glaucoma_detection\data\processed\RIM-ONE\normal\RIMONE_r2_Im016.png,320,320,success,none,
RIMONE_r2_Im017,RIM-ONE,RIMONE_r2_Im017,0,Normal,C:/Users/TRIPU/OneDrive/Documents/ML/end sem project/RIM-ONE_DL_images\RIM-ONE_DL_images\partitioned_by_hospital\test_set\normal\r2_Im017.png,hospital_test_set,external_test,-1,False,r2,partitioned_by_hospital/test_set,C:/Users/TRIPU/.gemini/antigravity/scratch/glaucoma_detection\data\processed\RIM-ONE\normal\RIMONE_r2_Im017.png,338,338,success,none,
RIMONE_r2_Im018,RIM-ONE,RIMONE_r2_Im018,0,Normal,C:/Users/TRIPU/OneDrive/Documents/ML/end sem project/RIM-ONE_DL_images\RIM-ONE_DL_images\partitioned_by_hospital\test_set\normal\r2_Im018.png,hospital_test_set,external_test,-1,False,r2,partitioned_by_hospital/test_set,C:/Users/TRIPU/.gemini/antigravity/scratch/glaucoma_detection\data\processed\RIM-ONE\normal\RIMONE_r2_Im018.png,310,310,success,none,
RIMONE_r2_Im019,RIM-ONE,RIMONE_r2_Im019,0,Normal,C:/Users/TRIPU/OneDrive/Documents/ML/end sem project/RIM-ONE_DL_images\RIM-ONE_DL_images\partitioned_by_hospital\test_set\normal\r2_Im019.png,hospital_test_set,external_test,-1,False,r2,partitioned_by_hospital/test_set,C:/Users/TRIPU/.gemini/antigravity/scratch/glaucoma_detection\data\processed\RIM-ONE\normal\RIMONE_r2_Im019.png,323,323,success,none,
RIMONE_r2_Im020,RIM-ONE,RIMONE_r2_Im020,0,Normal,C:/Users/TRIPU/OneDrive/Documents/ML/end sem project/RIM-ONE_DL_images\RIM-ONE_DL_images\partitioned_by_hospital\test_set\normal\r2_Im020.png,hospital_test_set,external_test,-1,False,r2,partitioned_by_hospital/test_set,C:/Users/TRIPU/.gemini/antigravity/scratch/glaucoma_detection\data\processed\RIM-ONE\normal\RIMONE_r2_Im020.png,309,309,success,none,
RIMONE_r2_Im021,RIM-ONE,RIMONE_r2_Im021,0,Normal,C:/Users/TRIPU/OneDrive/Documents/ML/end sem project/RIM-ONE_DL_images\RIM-ONE_DL_images\partitioned_by_hospital\test_set\normal\r2_Im021.png,hospital_test_set,external_test,-1,False,r2,partitioned_by_hospital/test_set,C:/Users/TRIPU/.gemini/antigravity/scratch/glaucoma_detection\data\processed\RIM-ONE\normal\RIMONE_r2_Im021.png,328,328,success,none,
RIMONE_r2_Im022,RIM-ONE,RIMONE_r2_Im022,0,Normal,C:/Users/TRIPU/OneDrive/Documents/ML/end sem project/RIM-ONE_DL_images\RIM-ONE_DL_images\partitioned_by_hospital\test_set\normal\r2_Im022.png,hospital_test_set,external_test,-1,False,r2,partitioned_by_hospital/test_set,C:/Users/TRIPU/.gemini/antigravity/scratch/glaucoma_detection\data\processed\RIM-ONE\normal\RIMONE_r2_Im022.png,313,313,success,none,
RIMONE_r2_Im023,RIM-ONE,RIMONE_r2_Im023,0,Normal,C:/Users/TRIPU/OneDrive/Documents/ML/end sem project/RIM-ONE_DL_images\RIM-ONE_DL_images\partitioned_by_hospital\test_set\normal\r2_Im023.png,hospital_test_set,external_test,-1,False,r2,partitioned_by_hospital/test_set,C:/Users/TRIPU/.gemini/antigravity/scratch/glaucoma_detection\data\processed\RIM-ONE\normal\RIMONE_r2_Im023.png,350,350,success,none,
RIMONE_r2_Im024,RIM-ONE,RIMONE_r2_Im024,0,Normal,C:/Users/TRIPU/OneDrive/Documents/ML/end sem project/RIM-ONE_DL_images\RIM-ONE_DL_images\partitioned_by_hospital\test_set\normal\r2_Im024.png,hospital_test_set,external_test,-1,False,r2,partitioned_by_hospital/test_set,C:/Users/TRIPU/.gemini/antigravity/scratch/glaucoma_detection\data\processed\RIM-ONE\normal\RIMONE_r2_Im024.png,312,312,success,none,
RIMONE_r2_Im025,RIM-ONE,RIMONE_r2_Im025,0,Normal,C:/Users/TRIPU/OneDrive/Documents/ML/end sem project/RIM-ONE_DL_images\RIM-ONE_DL_images\partitioned_by_hospital\test_set\normal\r2_Im025.png,hospital_test_set,external_test,-1,False,r2,partitioned_by_hospital/test_set,C:/Users/TRIPU/.gemini/antigravity/scratch/glaucoma_detection\data\processed\RIM-ONE\normal\RIMONE_r2_Im025.png,314,314,success,none,
RIMONE_r2_Im026,RIM-ONE,RIMONE_r2_Im026,0,Normal,C:/Users/TRIPU/OneDrive/Documents/ML/end sem project/RIM-ONE_DL_images\RIM-ONE_DL_images\partitioned_by_hospital\test_set\normal\r2_Im026.png,hospital_test_set,external_test,-1,False,r2,partitioned_by_hospital/test_set,C:/Users/TRIPU/.gemini/antigravity/scratch/glaucoma_detection\data\processed\RIM-ONE\normal\RIMONE_r2_Im026.png,324,324,success,none,
RIMONE_r2_Im027,RIM-ONE,RIMONE_r2_Im027,0,Normal,C:/Users/TRIPU/OneDrive/Documents/ML/end sem project/RIM-ONE_DL_images\RIM-ONE_DL_images\partitioned_by_hospital\test_set\normal\r2_Im027.png,hospital_test_set,external_test,-1,False,r2,partitioned_by_hospital/test_set,C:/Users/TRIPU/.gemini/antigravity/scratch/glaucoma_detection\data\processed\RIM-ONE\normal\RIMONE_r2_Im027.png,306,306,success,none,
RIMONE_r2_Im028,RIM-ONE,RIMONE_r2_Im028,0,Normal,C:/Users/TRIPU/OneDrive/Documents/ML/end sem project/RIM-ONE_DL_images\RIM-ONE_DL_images\partitioned_by_hospital\test_set\normal\r2_Im028.png,hospital_test_set,external_test,-1,False,r2,partitioned_by_hospital/test_set,C:/Users/TRIPU/.gemini/antigravity/scratch/glaucoma_detection\data\processed\RIM-ONE\normal\RIMONE_r2_Im028.png,321,321,success,none,
RIMONE_r2_Im029,RIM-ONE,RIMONE_r2_Im029,0,Normal,C:/Users/TRIPU/OneDrive/Documents/ML/end sem project/RIM-ONE_DL_images\RIM-ONE_DL_images\partitioned_by_hospital\test_set\normal\r2_Im029.png,hospital_test_set,external_test,-1,False,r2,partitioned_by_hospital/test_set,C:/Users/TRIPU/.gemini/antigravity/scratch/glaucoma_detection\data\processed\RIM-ONE\normal\RIMONE_r2_Im029.png,356,356,success,none,
RIMONE_r2_Im030,RIM-ONE,RIMONE_r2_Im030,0,Normal,C:/Users/TRIPU/OneDrive/Documents/ML/end sem project/RIM-ONE_DL_images\RIM-ONE_DL_images\partitioned_by_hospital\test_set\normal\r2_Im030.png,hospital_test_set,external_test,-1,False,r2,partitioned_by_hospital/test_set,C:/Users/TRIPU/.gemini/antigravity/scratch/glaucoma_detection\data\processed\RIM-ONE\normal\RIMONE_r2_Im030.png,331,331,success,none,
RIMONE_r2_Im031,RIM-ONE,RIMONE_r2_Im031,0,Normal,C:/Users/TRIPU/OneDrive/Documents/ML/end sem project/RIM-ONE_DL_images\RIM-ONE_DL_images\partitioned_by_hospital\test_set\normal\r2_Im031.png,hospital_test_set,external_test,-1,False,r2,partitioned_by_hospital/test_set,C:/Users/TRIPU/.gemini/antigravity/scratch/glaucoma_detection\data\processed\RIM-ONE\normal\RIMONE_r2_Im031.png,366,366,success,none,
RIMONE_r2_Im032,RIM-ONE,RIMONE_r2_Im032,0,Normal,C:/Users/TRIPU/OneDrive/Documents/ML/end sem project/RIM-ONE_DL_images\RIM-ONE_DL_images\partitioned_by_hospital\test_set\normal\r2_Im032.png,hospital_test_set,external_test,-1,False,r2,partitioned_by_hospital/test_set,C:/Users/TRIPU/.gemini/antigravity/scratch/glaucoma_detection\data\processed\RIM-ONE\normal\RIMONE_r2_Im032.png,329,329,success,none,
RIMONE_r2_Im033,RIM-ONE,RIMONE_r2_Im033,0,Normal,C:/Users/TRIPU/OneDrive/Documents/ML/end sem project/RIM-ONE_DL_images\RIM-ONE_DL_images\partitioned_by_hospital\test_set\normal\r2_Im033.png,hospital_test_set,external_test,-1,False,r2,partitioned_by_hospital/test_set,C:/Users/TRIPU/.gemini/antigravity/scratch/glaucoma_detection\data\processed\RIM-ONE\normal\RIMONE_r2_Im033.png,331,331,success,none,
RIMONE_r2_Im347,RIM-ONE,RIMONE_r2_Im347,1,Glaucoma,C:/Users/TRIPU/OneDrive/Documents/ML/end sem project/RIM-ONE_DL_images\RIM-ONE_DL_images\partitioned_by_hospital\training_set\glaucoma\r2_Im347.png,hospital_training_set,external_test,-1,False,r2,partitioned_by_hospital/training_set,C:/Users/TRIPU/.gemini/antigravity/scratch/glaucoma_detection\data\processed\RIM-ONE\glaucoma\RIMONE_r2_Im347.png,652,652,success,none,
RIMONE_r2_Im348,RIM-ONE,RIMONE_r2_Im348,1,Glaucoma,C:/Users/TRIPU/OneDrive/Documents/ML/end sem project/RIM-ONE_DL_images\RIM-ONE_DL_images\partitioned_by_hospital\training_set\glaucoma\r2_Im348.png,hospital_training_set,external_test,-1,False,r2,partitioned_by_hospital/training_set,C:/Users/TRIPU/.gemini/antigravity/scratch/glaucoma_detection\data\processed\RIM-ONE\glaucoma\RIMONE_r2_Im348.png,551,551,success,none,
RIMONE_r2_Im351,RIM-ONE,RIMONE_r2_Im351,1,Glaucoma,C:/Users/TRIPU/OneDrive/Documents/ML/end sem project/RIM-ONE_DL_images\RIM-ONE_DL_images\partitioned_by_hospital\training_set\glaucoma\r2_Im351.png,hospital_training_set,external_test,-1,False,r2,partitioned_by_hospital/training_set,C:/Users/TRIPU/.gemini/antigravity/scratch/glaucoma_detection\data\processed\RIM-ONE\glaucoma\RIMONE_r2_Im351.png,793,793,success,none,
RIMONE_r2_Im352,RIM-ONE,RIMONE_r2_Im352,1,Glaucoma,C:/Users/TRIPU/OneDrive/Documents/ML/end sem project/RIM-ONE_DL_images\RIM-ONE_DL_images\partitioned_by_hospital\training_set\glaucoma\r2_Im352.png,hospital_training_set,external_test,-1,False,r2,partitioned_by_hospital/training_set,C:/Users/TRIPU/.gemini/antigravity/scratch/glaucoma_detection\data\processed\RIM-ONE\glaucoma\RIMONE_r2_Im352.png,673,673,success,none,
RIMONE_r2_Im354,RIM-ONE,RIMONE_r2_Im354,1,Glaucoma,C:/Users/TRIPU/OneDrive/Documents/ML/end sem project/RIM-ONE_DL_images\RIM-ONE_DL_images\partitioned_by_hospital\training_set\glaucoma\r2_Im354.png,hospital_training_set,external_test,-1,False,r2,partitioned_by_hospital/training_set,C:/Users/TRIPU/.gemini/antigravity/scratch/glaucoma_detection\data\processed\RIM-ONE\glaucoma\RIMONE_r2_Im354.png,652,652,success,none,
RIMONE_r2_Im355,RIM-ONE,RIMONE_r2_Im355,1,Glaucoma,C:/Users/TRIPU/OneDrive/Documents/ML/end sem project/RIM-ONE_DL_images\RIM-ONE_DL_images\partitioned_by_hospital\training_set\glaucoma\r2_Im355.png,hospital_training_set,external_test,-1,False,r2,partitioned_by_hospital/training_set,C:/Users/TRIPU/.gemini/antigravity/scratch/glaucoma_detection\data\processed\RIM-ONE\glaucoma\RIMONE_r2_Im355.png,643,643,success,none,
RIMONE_r2_Im356,RIM-ONE,RIMONE_r2_Im356,1,Glaucoma,C:/Users/TRIPU/OneDrive/Documents/ML/end sem project/RIM-ONE_DL_images\RIM-ONE_DL_images\partitioned_by_hospital\training_set\glaucoma\r2_Im356.png,hospital_training_set,external_test,-1,False,r2,partitioned_by_hospital/training_set,C:/Users/TRIPU/.gemini/antigravity/scratch/glaucoma_detection\data\processed\RIM-ONE\glaucoma\RIMONE_r2_Im356.png,787,787,success,none,
RIMONE_r2_Im357,RIM-ONE,RIMONE_r2_Im357,1,Glaucoma,C:/Users/TRIPU/OneDrive/Documents/ML/end sem project/RIM-ONE_DL_images\RIM-ONE_DL_images\partitioned_by_hospital\training_set\glaucoma\r2_Im357.png,hospital_training_set,external_test,-1,False,r2,partitioned_by_hospital/training_set,C:/Users/TRIPU/.gemini/antigravity/scratch/glaucoma_detection\data\processed\RIM-ONE\glaucoma\RIMONE_r2_Im357.png,728,728,success,none,
RIMONE_r2_Im358,RIM-ONE,RIMONE_r2_Im358,1,Glaucoma,C:/Users/TRIPU/OneDrive/Documents/ML/end sem project/RIM-ONE_DL_images\RIM-ONE_DL_images\partitioned_by_hospital\training_set\glaucoma\r2_Im358.png,hospital_training_set,external_test,-1,False,r2,partitioned_by_hospital/training_set,C:/Users/TRIPU/.gemini/antigravity/scratch/glaucoma_detection\data\processed\RIM-ONE\glaucoma\RIMONE_r2_Im358.png,630,630,success,none,
RIMONE_r2_Im362,RIM-ONE,RIMONE_r2_Im362,1,Glaucoma,C:/Users/TRIPU/OneDrive/Documents/ML/end sem project/RIM-ONE_DL_images\RIM-ONE_DL_images\partitioned_by_hospital\training_set\glaucoma\r2_Im362.png,hospital_training_set,external_test,-1,False,r2,partitioned_by_hospital/training_set,C:/Users/TRIPU/.gemini/antigravity/scratch/glaucoma_detection\data\processed\RIM-ONE\glaucoma\RIMONE_r2_Im362.png,586,586,success,none,
RIMONE_r2_Im365,RIM-ONE,RIMONE_r2_Im365,1,Glaucoma,C:/Users/TRIPU/OneDrive/Documents/ML/end sem project/RIM-ONE_DL_images\RIM-ONE_DL_images\partitioned_by_hospital\training_set\glaucoma\r2_Im365.png,hospital_training_set,external_test,-1,False,r2,partitioned_by_hospital/training_set,C:/Users/TRIPU/.gemini/antigravity/scratch/glaucoma_detection\data\processed\RIM-ONE\glaucoma\RIMONE_r2_Im365.png,577,577,success,none,
RIMONE_r2_Im366,RIM-ONE,RIMONE_r2_Im366,1,Glaucoma,C:/Users/TRIPU/OneDrive/Documents/ML/end sem project/RIM-ONE_DL_images\RIM-ONE_DL_images\partitioned_by_hospital\training_set\glaucoma\r2_Im366.png,hospital_training_set,external_test,-1,False,r2,partitioned_by_hospital/training_set,C:/Users/TRIPU/.gemini/antigravity/scratch/glaucoma_detection\data\processed\RIM-ONE\glaucoma\RIMONE_r2_Im366.png,581,581,success,none,
RIMONE_r2_Im369,RIM-ONE,RIMONE_r2_Im369,1,Glaucoma,C:/Users/TRIPU/OneDrive/Documents/ML/end sem project/RIM-ONE_DL_images\RIM-ONE_DL_images\partitioned_by_hospital\training_set\glaucoma\r2_Im369.png,hospital_training_set,external_test,-1,False,r2,partitioned_by_hospital/training_set,C:/Users/TRIPU/.gemini/antigravity/scratch/glaucoma_detection\data\processed\RIM-ONE\glaucoma\RIMONE_r2_Im369.png,685,685,success,none,
RIMONE_r2_Im373,RIM-ONE,RIMONE_r2_Im373,1,Glaucoma,C:/Users/TRIPU/OneDrive/Documents/ML/end sem project/RIM-ONE_DL_images\RIM-ONE_DL_images\partitioned_by_hospital\training_set\glaucoma\r2_Im373.png,hospital_training_set,external_test,-1,False,r2,partitioned_by_hospital/training_set,C:/Users/TRIPU/.gemini/antigravity/scratch/glaucoma_detection\data\processed\RIM-ONE\glaucoma\RIMONE_r2_Im373.png,716,716,success,none,
RIMONE_r2_Im376,RIM-ONE,RIMONE_r2_Im376,1,Glaucoma,C:/Users/TRIPU/OneDrive/Documents/ML/end sem project/RIM-ONE_DL_images\RIM-ONE_DL_images\partitioned_by_hospital\training_set\glaucoma\r2_Im376.png,hospital_training_set,external_test,-1,False,r2,partitioned_by_hospital/training_set,C:/Users/TRIPU/.gemini/antigravity/scratch/glaucoma_detection\data\processed\RIM-ONE\glaucoma\RIMONE_r2_Im376.png,575,575,success,none,
RIMONE_r2_Im377,RIM-ONE,RIMONE_r2_Im377,1,Glaucoma,C:/Users/TRIPU/OneDrive/Documents/ML/end sem project/RIM-ONE_DL_images\RIM-ONE_DL_images\partitioned_by_hospital\training_set\glaucoma\r2_Im377.png,hospital_training_set,external_test,-1,False,r2,partitioned_by_hospital/training_set,C:/Users/TRIPU/.gemini/antigravity/scratch/glaucoma_detection\data\processed\RIM-ONE\glaucoma\RIMONE_r2_Im377.png,573,573,success,none,
RIMONE_r2_Im383,RIM-ONE,RIMONE_r2_Im383,1,Glaucoma,C:/Users/TRIPU/OneDrive/Documents/ML/end sem project/RIM-ONE_DL_images\RIM-ONE_DL_images\partitioned_by_hospital\training_set\glaucoma\r2_Im383.png,hospital_training_set,external_test,-1,False,r2,partitioned_by_hospital/training_set,C:/Users/TRIPU/.gemini/antigravity/scratch/glaucoma_detection\data\processed\RIM-ONE\glaucoma\RIMONE_r2_Im383.png,645,645,success,none,
RIMONE_r2_Im384,RIM-ONE,RIMONE_r2_Im384,1,Glaucoma,C:/Users/TRIPU/OneDrive/Documents/ML/end sem project/RIM-ONE_DL_images\RIM-ONE_DL_images\partitioned_by_hospital\training_set\glaucoma\r2_Im384.png,hospital_training_set,external_test,-1,False,r2,partitioned_by_hospital/training_set,C:/Users/TRIPU/.gemini/antigravity/scratch/glaucoma_detection\data\processed\RIM-ONE\glaucoma\RIMONE_r2_Im384.png,790,790,success,none,
RIMONE_r2_Im385,RIM-ONE,RIMONE_r2_Im385,1,Glaucoma,C:/Users/TRIPU/OneDrive/Documents/ML/end sem project/RIM-ONE_DL_images\RIM-ONE_DL_images\partitioned_by_hospital\training_set\glaucoma\r2_Im385.png,hospital_training_set,external_test,-1,False,r2,partitioned_by_hospital/training_set,C:/Users/TRIPU/.gemini/antigravity/scratch/glaucoma_detection\data\processed\RIM-ONE\glaucoma\RIMONE_r2_Im385.png,765,765,success,none,
RIMONE_r2_Im387,RIM-ONE,RIMONE_r2_Im387,1,Glaucoma,C:/Users/TRIPU/OneDrive/Documents/ML/end sem project/RIM-ONE_DL_images\RIM-ONE_DL_images\partitioned_by_hospital\training_set\glaucoma\r2_Im387.png,hospital_training_set,external_test,-1,False,r2,partitioned_by_hospital/training_set,C:/Users/TRIPU/.gemini/antigravity/scratch/glaucoma_detection\data\processed\RIM-ONE\glaucoma\RIMONE_r2_Im387.png,656,656,success,none,
RIMONE_r2_Im388,RIM-ONE,RIMONE_r2_Im388,1,Glaucoma,C:/Users/TRIPU/OneDrive/Documents/ML/end sem project/RIM-ONE_DL_images\RIM-ONE_DL_images\partitioned_by_hospital\training_set\glaucoma\r2_Im388.png,hospital_training_set,external_test,-1,False,r2,partitioned_by_hospital/training_set,C:/Users/TRIPU/.gemini/antigravity/scratch/glaucoma_detection\data\processed\RIM-ONE\glaucoma\RIMONE_r2_Im388.png,656,656,success,none,
RIMONE_r2_Im389,RIM-ONE,RIMONE_r2_Im389,1,Glaucoma,C:/Users/TRIPU/OneDrive/Documents/ML/end sem project/RIM-ONE_DL_images\RIM-ONE_DL_images\partitioned_by_hospital\training_set\glaucoma\r2_Im389.png,hospital_training_set,external_test,-1,False,r2,partitioned_by_hospital/training_set,C:/Users/TRIPU/.gemini/antigravity/scratch/glaucoma_detection\data\processed\RIM-ONE\glaucoma\RIMONE_r2_Im389.png,719,719,success,none,
RIMONE_r2_Im390,RIM-ONE,RIMONE_r2_Im390,1,Glaucoma,C:/Users/TRIPU/OneDrive/Documents/ML/end sem project/RIM-ONE_DL_images\RIM-ONE_DL_images\partitioned_by_hospital\training_set\glaucoma\r2_Im390.png,hospital_training_set,external_test,-1,False,r2,partitioned_by_hospital/training_set,C:/Users/TRIPU/.gemini/antigravity/scratch/glaucoma_detection\data\processed\RIM-ONE\glaucoma\RIMONE_r2_Im390.png,645,645,success,none,
RIMONE_r2_Im391,RIM-ONE,RIMONE_r2_Im391,1,Glaucoma,C:/Users/TRIPU/OneDrive/Documents/ML/end sem project/RIM-ONE_DL_images\RIM-ONE_DL_images\partitioned_by_hospital\training_set\glaucoma\r2_Im391.png,hospital_training_set,external_test,-1,False,r2,partitioned_by_hospital/training_set,C:/Users/TRIPU/.gemini/antigravity/scratch/glaucoma_detection\data\processed\RIM-ONE\glaucoma\RIMONE_r2_Im391.png,671,671,success,none,
RIMONE_r2_Im392,RIM-ONE,RIMONE_r2_Im392,1,Glaucoma,C:/Users/TRIPU/OneDrive/Documents/ML/end sem project/RIM-ONE_DL_images\RIM-ONE_DL_images\partitioned_by_hospital\training_set\glaucoma\r2_Im392.png,hospital_training_set,external_test,-1,False,r2,partitioned_by_hospital/training_set,C:/Users/TRIPU/.gemini/antigravity/scratch/glaucoma_detection\data\processed\RIM-ONE\glaucoma\RIMONE_r2_Im392.png,736,736,success,none,
RIMONE_r2_Im393,RIM-ONE,RIMONE_r2_Im393,1,Glaucoma,C:/Users/TRIPU/OneDrive/Documents/ML/end sem project/RIM-ONE_DL_images\RIM-ONE_DL_images\partitioned_by_hospital\training_set\glaucoma\r2_Im393.png,hospital_training_set,external_test,-1,False,r2,partitioned_by_hospital/training_set,C:/Users/TRIPU/.gemini/antigravity/scratch/glaucoma_detection\data\processed\RIM-ONE\glaucoma\RIMONE_r2_Im393.png,649,649,success,none,
RIMONE_r2_Im398,RIM-ONE,RIMONE_r2_Im398,1,Glaucoma,C:/Users/TRIPU/OneDrive/Documents/ML/end sem project/RIM-ONE_DL_images\RIM-ONE_DL_images\partitioned_by_hospital\training_set\glaucoma\r2_Im398.png,hospital_training_set,external_test,-1,False,r2,partitioned_by_hospital/training_set,C:/Users/TRIPU/.gemini/antigravity/scratch/glaucoma_detection\data\processed\RIM-ONE\glaucoma\RIMONE_r2_Im398.png,559,559,success,none,
RIMONE_r2_Im399,RIM-ONE,RIMONE_r2_Im399,1,Glaucoma,C:/Users/TRIPU/OneDrive/Documents/ML/end sem project/RIM-ONE_DL_images\RIM-ONE_DL_images\partitioned_by_hospital\training_set\glaucoma\r2_Im399.png,hospital_training_set,external_test,-1,False,r2,partitioned_by_hospital/training_set,C:/Users/TRIPU/.gemini/antigravity/scratch/glaucoma_detection\data\processed\RIM-ONE\glaucoma\RIMONE_r2_Im399.png,583,583,success,none,
RIMONE_r2_Im400,RIM-ONE,RIMONE_r2_Im400,1,Glaucoma,C:/Users/TRIPU/OneDrive/Documents/ML/end sem project/RIM-ONE_DL_images\RIM-ONE_DL_images\partitioned_by_hospital\training_set\glaucoma\r2_Im400.png,hospital_training_set,external_test,-1,False,r2,partitioned_by_hospital/training_set,C:/Users/TRIPU/.gemini/antigravity/scratch/glaucoma_detection\data\processed\RIM-ONE\glaucoma\RIMONE_r2_Im400.png,735,735,success,none,
RIMONE_r2_Im401,RIM-ONE,RIMONE_r2_Im401,1,Glaucoma,C:/Users/TRIPU/OneDrive/Documents/ML/end sem project/RIM-ONE_DL_images\RIM-ONE_DL_images\partitioned_by_hospital\training_set\glaucoma\r2_Im401.png,hospital_training_set,external_test,-1,False,r2,partitioned_by_hospital/training_set,C:/Users/TRIPU/.gemini/antigravity/scratch/glaucoma_detection\data\processed\RIM-ONE\glaucoma\RIMONE_r2_Im401.png,656,656,success,none,
RIMONE_r2_Im402,RIM-ONE,RIMONE_r2_Im402,1,Glaucoma,C:/Users/TRIPU/OneDrive/Documents/ML/end sem project/RIM-ONE_DL_images\RIM-ONE_DL_images\partitioned_by_hospital\training_set\glaucoma\r2_Im402.png,hospital_training_set,external_test,-1,False,r2,partitioned_by_hospital/training_set,C:/Users/TRIPU/.gemini/antigravity/scratch/glaucoma_detection\data\processed\RIM-ONE\glaucoma\RIMONE_r2_Im402.png,630,630,success,none,
RIMONE_r2_Im403,RIM-ONE,RIMONE_r2_Im403,1,Glaucoma,C:/Users/TRIPU/OneDrive/Documents/ML/end sem project/RIM-ONE_DL_images\RIM-ONE_DL_images\partitioned_by_hospital\training_set\glaucoma\r2_Im403.png,hospital_training_set,external_test,-1,False,r2,partitioned_by_hospital/training_set,C:/Users/TRIPU/.gemini/antigravity/scratch/glaucoma_detection\data\processed\RIM-ONE\glaucoma\RIMONE_r2_Im403.png,733,733,success,none,
RIMONE_r2_Im404,RIM-ONE,RIMONE_r2_Im404,1,Glaucoma,C:/Users/TRIPU/OneDrive/Documents/ML/end sem project/RIM-ONE_DL_images\RIM-ONE_DL_images\partitioned_by_hospital\training_set\glaucoma\r2_Im404.png,hospital_training_set,external_test,-1,False,r2,partitioned_by_hospital/training_set,C:/Users/TRIPU/.gemini/antigravity/scratch/glaucoma_detection\data\processed\RIM-ONE\glaucoma\RIMONE_r2_Im404.png,738,738,success,none,
RIMONE_r2_Im406,RIM-ONE,RIMONE_r2_Im406,1,Glaucoma,C:/Users/TRIPU/OneDrive/Documents/ML/end sem project/RIM-ONE_DL_images\RIM-ONE_DL_images\partitioned_by_hospital\training_set\glaucoma\r2_Im406.png,hospital_training_set,external_test,-1,False,r2,partitioned_by_hospital/training_set,C:/Users/TRIPU/.gemini/antigravity/scratch/glaucoma_detection\data\processed\RIM-ONE\glaucoma\RIMONE_r2_Im406.png,715,715,success,none,
RIMONE_r2_Im407,RIM-ONE,RIMONE_r2_Im407,1,Glaucoma,C:/Users/TRIPU/OneDrive/Documents/ML/end sem project/RIM-ONE_DL_images\RIM-ONE_DL_images\partitioned_by_hospital\training_set\glaucoma\r2_Im407.png,hospital_training_set,external_test,-1,False,r2,partitioned_by_hospital/training_set,C:/Users/TRIPU/.gemini/antigravity/scratch/glaucoma_detection\data\processed\RIM-ONE\glaucoma\RIMONE_r2_Im407.png,593,593,success,none,
RIMONE_r2_Im408,RIM-ONE,RIMONE_r2_Im408,1,Glaucoma,C:/Users/TRIPU/OneDrive/Documents/ML/end sem project/RIM-ONE_DL_images\RIM-ONE_DL_images\partitioned_by_hospital\training_set\glaucoma\r2_Im408.png,hospital_training_set,external_test,-1,False,r2,partitioned_by_hospital/training_set,C:/Users/TRIPU/.gemini/antigravity/scratch/glaucoma_detection\data\processed\RIM-ONE\glaucoma\RIMONE_r2_Im408.png,547,547,success,none,
RIMONE_r2_Im414,RIM-ONE,RIMONE_r2_Im414,1,Glaucoma,C:/Users/TRIPU/OneDrive/Documents/ML/end sem project/RIM-ONE_DL_images\RIM-ONE_DL_images\partitioned_by_hospital\training_set\glaucoma\r2_Im414.png,hospital_training_set,external_test,-1,False,r2,partitioned_by_hospital/training_set,C:/Users/TRIPU/.gemini/antigravity/scratch/glaucoma_detection\data\processed\RIM-ONE\glaucoma\RIMONE_r2_Im414.png,758,758,success,none,
RIMONE_r2_Im415,RIM-ONE,RIMONE_r2_Im415,1,Glaucoma,C:/Users/TRIPU/OneDrive/Documents/ML/end sem project/RIM-ONE_DL_images\RIM-ONE_DL_images\partitioned_by_hospital\training_set\glaucoma\r2_Im415.png,hospital_training_set,external_test,-1,False,r2,partitioned_by_hospital/training_set,C:/Users/TRIPU/.gemini/antigravity/scratch/glaucoma_detection\data\processed\RIM-ONE\glaucoma\RIMONE_r2_Im415.png,719,719,success,none,
RIMONE_r2_Im416,RIM-ONE,RIMONE_r2_Im416,1,Glaucoma,C:/Users/TRIPU/OneDrive/Documents/ML/end sem project/RIM-ONE_DL_images\RIM-ONE_DL_images\partitioned_by_hospital\training_set\glaucoma\r2_Im416.png,hospital_training_set,external_test,-1,False,r2,partitioned_by_hospital/training_set,C:/Users/TRIPU/.gemini/antigravity/scratch/glaucoma_detection\data\processed\RIM-ONE\glaucoma\RIMONE_r2_Im416.png,639,639,success,none,
RIMONE_r2_Im418,RIM-ONE,RIMONE_r2_Im418,1,Glaucoma,C:/Users/TRIPU/OneDrive/Documents/ML/end sem project/RIM-ONE_DL_images\RIM-ONE_DL_images\partitioned_by_hospital\training_set\glaucoma\r2_Im418.png,hospital_training_set,external_test,-1,False,r2,partitioned_by_hospital/training_set,C:/Users/TRIPU/.gemini/antigravity/scratch/glaucoma_detection\data\processed\RIM-ONE\glaucoma\RIMONE_r2_Im418.png,663,663,success,none,
RIMONE_r2_Im419,RIM-ONE,RIMONE_r2_Im419,1,Glaucoma,C:/Users/TRIPU/OneDrive/Documents/ML/end sem project/RIM-ONE_DL_images\RIM-ONE_DL_images\partitioned_by_hospital\training_set\glaucoma\r2_Im419.png,hospital_training_set,external_test,-1,False,r2,partitioned_by_hospital/training_set,C:/Users/TRIPU/.gemini/antigravity/scratch/glaucoma_detection\data\processed\RIM-ONE\glaucoma\RIMONE_r2_Im419.png,785,785,success,none,
RIMONE_r2_Im420,RIM-ONE,RIMONE_r2_Im420,1,Glaucoma,C:/Users/TRIPU/OneDrive/Documents/ML/end sem project/RIM-ONE_DL_images\RIM-ONE_DL_images\partitioned_by_hospital\training_set\glaucoma\r2_Im420.png,hospital_training_set,external_test,-1,False,r2,partitioned_by_hospital/training_set,C:/Users/TRIPU/.gemini/antigravity/scratch/glaucoma_detection\data\processed\RIM-ONE\glaucoma\RIMONE_r2_Im420.png,751,751,success,none,
RIMONE_r2_Im421,RIM-ONE,RIMONE_r2_Im421,1,Glaucoma,C:/Users/TRIPU/OneDrive/Documents/ML/end sem project/RIM-ONE_DL_images\RIM-ONE_DL_images\partitioned_by_hospital\training_set\glaucoma\r2_Im421.png,hospital_training_set,external_test,-1,False,r2,partitioned_by_hospital/training_set,C:/Users/TRIPU/.gemini/antigravity/scratch/glaucoma_detection\data\processed\RIM-ONE\glaucoma\RIMONE_r2_Im421.png,659,659,success,none,
RIMONE_r2_Im422,RIM-ONE,RIMONE_r2_Im422,1,Glaucoma,C:/Users/TRIPU/OneDrive/Documents/ML/end sem project/RIM-ONE_DL_images\RIM-ONE_DL_images\partitioned_by_hospital\training_set\glaucoma\r2_Im422.png,hospital_training_set,external_test,-1,False,r2,partitioned_by_hospital/training_set,C:/Users/TRIPU/.gemini/antigravity/scratch/glaucoma_detection\data\processed\RIM-ONE\glaucoma\RIMONE_r2_Im422.png,670,670,success,none,
RIMONE_r2_Im424,RIM-ONE,RIMONE_r2_Im424,1,Glaucoma,C:/Users/TRIPU/OneDrive/Documents/ML/end sem project/RIM-ONE_DL_images\RIM-ONE_DL_images\partitioned_by_hospital\training_set\glaucoma\r2_Im424.png,hospital_training_set,external_test,-1,False,r2,partitioned_by_hospital/training_set,C:/Users/TRIPU/.gemini/antigravity/scratch/glaucoma_detection\data\processed\RIM-ONE\glaucoma\RIMONE_r2_Im424.png,729,729,success,none,
RIMONE_r2_Im427,RIM-ONE,RIMONE_r2_Im427,1,Glaucoma,C:/Users/TRIPU/OneDrive/Documents/ML/end sem project/RIM-ONE_DL_images\RIM-ONE_DL_images\partitioned_by_hospital\training_set\glaucoma\r2_Im427.png,hospital_training_set,external_test,-1,False,r2,partitioned_by_hospital/training_set,C:/Users/TRIPU/.gemini/antigravity/scratch/glaucoma_detection\data\processed\RIM-ONE\glaucoma\RIMONE_r2_Im427.png,673,673,success,none,
RIMONE_r2_Im428,RIM-ONE,RIMONE_r2_Im428,1,Glaucoma,C:/Users/TRIPU/OneDrive/Documents/ML/end sem project/RIM-ONE_DL_images\RIM-ONE_DL_images\partitioned_by_hospital\training_set\glaucoma\r2_Im428.png,hospital_training_set,external_test,-1,False,r2,partitioned_by_hospital/training_set,C:/Users/TRIPU/.gemini/antigravity/scratch/glaucoma_detection\data\processed\RIM-ONE\glaucoma\RIMONE_r2_Im428.png,765,765,success,none,
RIMONE_r2_Im429,RIM-ONE,RIMONE_r2_Im429,1,Glaucoma,C:/Users/TRIPU/OneDrive/Documents/ML/end sem project/RIM-ONE_DL_images\RIM-ONE_DL_images\partitioned_by_hospital\training_set\glaucoma\r2_Im429.png,hospital_training_set,external_test,-1,False,r2,partitioned_by_hospital/training_set,C:/Users/TRIPU/.gemini/antigravity/scratch/glaucoma_detection\data\processed\RIM-ONE\glaucoma\RIMONE_r2_Im429.png,629,629,success,none,
RIMONE_r2_Im432,RIM-ONE,RIMONE_r2_Im432,1,Glaucoma,C:/Users/TRIPU/OneDrive/Documents/ML/end sem project/RIM-ONE_DL_images\RIM-ONE_DL_images\partitioned_by_hospital\training_set\glaucoma\r2_Im432.png,hospital_training_set,external_test,-1,False,r2,partitioned_by_hospital/training_set,C:/Users/TRIPU/.gemini/antigravity/scratch/glaucoma_detection\data\processed\RIM-ONE\glaucoma\RIMONE_r2_Im432.png,574,574,success,none,
RIMONE_r2_Im433,RIM-ONE,RIMONE_r2_Im433,1,Glaucoma,C:/Users/TRIPU/OneDrive/Documents/ML/end sem project/RIM-ONE_DL_images\RIM-ONE_DL_images\partitioned_by_hospital\training_set\glaucoma\r2_Im433.png,hospital_training_set,external_test,-1,False,r2,partitioned_by_hospital/training_set,C:/Users/TRIPU/.gemini/antigravity/scratch/glaucoma_detection\data\processed\RIM-ONE\glaucoma\RIMONE_r2_Im433.png,645,645,success,none,
RIMONE_r2_Im436,RIM-ONE,RIMONE_r2_Im436,1,Glaucoma,C:/Users/TRIPU/OneDrive/Documents/ML/end sem project/RIM-ONE_DL_images\RIM-ONE_DL_images\partitioned_by_hospital\training_set\glaucoma\r2_Im436.png,hospital_training_set,external_test,-1,False,r2,partitioned_by_hospital/training_set,C:/Users/TRIPU/.gemini/antigravity/scratch/glaucoma_detection\data\processed\RIM-ONE\glaucoma\RIMONE_r2_Im436.png,702,702,success,none,
RIMONE_r2_Im439,RIM-ONE,RIMONE_r2_Im439,1,Glaucoma,C:/Users/TRIPU/OneDrive/Documents/ML/end sem project/RIM-ONE_DL_images\RIM-ONE_DL_images\partitioned_by_hospital\training_set\glaucoma\r2_Im439.png,hospital_training_set,external_test,-1,False,r2,partitioned_by_hospital/training_set,C:/Users/TRIPU/.gemini/antigravity/scratch/glaucoma_detection\data\processed\RIM-ONE\glaucoma\RIMONE_r2_Im439.png,553,553,success,none,
RIMONE_r2_Im441,RIM-ONE,RIMONE_r2_Im441,1,Glaucoma,C:/Users/TRIPU/OneDrive/Documents/ML/end sem project/RIM-ONE_DL_images\RIM-ONE_DL_images\partitioned_by_hospital\training_set\glaucoma\r2_Im441.png,hospital_training_set,external_test,-1,False,r2,partitioned_by_hospital/training_set,C:/Users/TRIPU/.gemini/antigravity/scratch/glaucoma_detection\data\processed\RIM-ONE\glaucoma\RIMONE_r2_Im441.png,743,743,success,none,
RIMONE_r2_Im442,RIM-ONE,RIMONE_r2_Im442,1,Glaucoma,C:/Users/TRIPU/OneDrive/Documents/ML/end sem project/RIM-ONE_DL_images\RIM-ONE_DL_images\partitioned_by_hospital\training_set\glaucoma\r2_Im442.png,hospital_training_set,external_test,-1,False,r2,partitioned_by_hospital/training_set,C:/Users/TRIPU/.gemini/antigravity/scratch/glaucoma_detection\data\processed\RIM-ONE\glaucoma\RIMONE_r2_Im442.png,742,742,success,none,
RIMONE_r2_Im443,RIM-ONE,RIMONE_r2_Im443,1,Glaucoma,C:/Users/TRIPU/OneDrive/Documents/ML/end sem project/RIM-ONE_DL_images\RIM-ONE_DL_images\partitioned_by_hospital\training_set\glaucoma\r2_Im443.png,hospital_training_set,external_test,-1,False,r2,partitioned_by_hospital/training_set,C:/Users/TRIPU/.gemini/antigravity/scratch/glaucoma_detection\data\processed\RIM-ONE\glaucoma\RIMONE_r2_Im443.png,705,705,success,none,
RIMONE_r2_Im444,RIM-ONE,RIMONE_r2_Im444,1,Glaucoma,C:/Users/TRIPU/OneDrive/Documents/ML/end sem project/RIM-ONE_DL_images\RIM-ONE_DL_images\partitioned_by_hospital\training_set\glaucoma\r2_Im444.png,hospital_training_set,external_test,-1,False,r2,partitioned_by_hospital/training_set,C:/Users/TRIPU/.gemini/antigravity/scratch/glaucoma_detection\data\processed\RIM-ONE\glaucoma\RIMONE_r2_Im444.png,761,761,success,none,
RIMONE_r2_Im445,RIM-ONE,RIMONE_r2_Im445,1,Glaucoma,C:/Users/TRIPU/OneDrive/Documents/ML/end sem project/RIM-ONE_DL_images\RIM-ONE_DL_images\partitioned_by_hospital\training_set\glaucoma\r2_Im445.png,hospital_training_set,external_test,-1,False,r2,partitioned_by_hospital/training_set,C:/Users/TRIPU/.gemini/antigravity/scratch/glaucoma_detection\data\processed\RIM-ONE\glaucoma\RIMONE_r2_Im445.png,639,639,success,none,
RIMONE_r2_Im448,RIM-ONE,RIMONE_r2_Im448,1,Glaucoma,C:/Users/TRIPU/OneDrive/Documents/ML/end sem project/RIM-ONE_DL_images\RIM-ONE_DL_images\partitioned_by_hospital\training_set\glaucoma\r2_Im448.png,hospital_training_set,external_test,-1,False,r2,partitioned_by_hospital/training_set,C:/Users/TRIPU/.gemini/antigravity/scratch/glaucoma_detection\data\processed\RIM-ONE\glaucoma\RIMONE_r2_Im448.png,646,646,success,none,
RIMONE_r2_Im449,RIM-ONE,RIMONE_r2_Im449,1,Glaucoma,C:/Users/TRIPU/OneDrive/Documents/ML/end sem project/RIM-ONE_DL_images\RIM-ONE_DL_images\partitioned_by_hospital\training_set\glaucoma\r2_Im449.png,hospital_training_set,external_test,-1,False,r2,partitioned_by_hospital/training_set,C:/Users/TRIPU/.gemini/antigravity/scratch/glaucoma_detection\data\processed\RIM-ONE\glaucoma\RIMONE_r2_Im449.png,650,650,success,none,
RIMONE_r2_Im450,RIM-ONE,RIMONE_r2_Im450,1,Glaucoma,C:/Users/TRIPU/OneDrive/Documents/ML/end sem project/RIM-ONE_DL_images\RIM-ONE_DL_images\partitioned_by_hospital\training_set\glaucoma\r2_Im450.png,hospital_training_set,external_test,-1,False,r2,partitioned_by_hospital/training_set,C:/Users/TRIPU/.gemini/antigravity/scratch/glaucoma_detection\data\processed\RIM-ONE\glaucoma\RIMONE_r2_Im450.png,765,765,success,none,
RIMONE_r2_Im451,RIM-ONE,RIMONE_r2_Im451,1,Glaucoma,C:/Users/TRIPU/OneDrive/Documents/ML/end sem project/RIM-ONE_DL_images\RIM-ONE_DL_images\partitioned_by_hospital\training_set\glaucoma\r2_Im451.png,hospital_training_set,external_test,-1,False,r2,partitioned_by_hospital/training_set,C:/Users/TRIPU/.gemini/antigravity/scratch/glaucoma_detection\data\processed\RIM-ONE\glaucoma\RIMONE_r2_Im451.png,625,625,success,none,
RIMONE_r2_Im453,RIM-ONE,RIMONE_r2_Im453,1,Glaucoma,C:/Users/TRIPU/OneDrive/Documents/ML/end sem project/RIM-ONE_DL_images\RIM-ONE_DL_images\partitioned_by_hospital\training_set\glaucoma\r2_Im453.png,hospital_training_set,external_test,-1,False,r2,partitioned_by_hospital/training_set,C:/Users/TRIPU/.gemini/antigravity/scratch/glaucoma_detection\data\processed\RIM-ONE\glaucoma\RIMONE_r2_Im453.png,508,508,success,none,
RIMONE_r2_Im454,RIM-ONE,RIMONE_r2_Im454,1,Glaucoma,C:/Users/TRIPU/OneDrive/Documents/ML/end sem project/RIM-ONE_DL_images\RIM-ONE_DL_images\partitioned_by_hospital\training_set\glaucoma\r2_Im454.png,hospital_training_set,external_test,-1,False,r2,partitioned_by_hospital/training_set,C:/Users/TRIPU/.gemini/antigravity/scratch/glaucoma_detection\data\processed\RIM-ONE\glaucoma\RIMONE_r2_Im454.png,632,632,success,none,
RIMONE_r2_Im455,RIM-ONE,RIMONE_r2_Im455,1,Glaucoma,C:/Users/TRIPU/OneDrive/Documents/ML/end sem project/RIM-ONE_DL_images\RIM-ONE_DL_images\partitioned_by_hospital\training_set\glaucoma\r2_Im455.png,hospital_training_set,external_test,-1,False,r2,partitioned_by_hospital/training_set,C:/Users/TRIPU/.gemini/antigravity/scratch/glaucoma_detection\data\processed\RIM-ONE\glaucoma\RIMONE_r2_Im455.png,644,644,success,none,
RIMONE_r3_G-1-L_left_half,RIM-ONE,RIMONE_r3_G-1-L_left_half,1,Glaucoma,C:/Users/TRIPU/OneDrive/Documents/ML/end sem project/RIM-ONE_DL_images\RIM-ONE_DL_images\partitioned_by_hospital\training_set\glaucoma\r3_G-1-L_left_half.png,hospital_training_set,external_test,-1,False,r3,partitioned_by_hospital/training_set,C:/Users/TRIPU/.gemini/antigravity/scratch/glaucoma_detection\data\processed\RIM-ONE\glaucoma\RIMONE_r3_G-1-L_left_half.png,410,410,success,none,
RIMONE_r3_G-10-L_left_half,RIM-ONE,RIMONE_r3_G-10-L_left_half,1,Glaucoma,C:/Users/TRIPU/OneDrive/Documents/ML/end sem project/RIM-ONE_DL_images\RIM-ONE_DL_images\partitioned_by_hospital\training_set\glaucoma\r3_G-10-L_left_half.png,hospital_training_set,external_test,-1,False,r3,partitioned_by_hospital/training_set,C:/Users/TRIPU/.gemini/antigravity/scratch/glaucoma_detection\data\processed\RIM-ONE\glaucoma\RIMONE_r3_G-10-L_left_half.png,380,380,success,none,
RIMONE_r3_G-11-R_left_half,RIM-ONE,RIMONE_r3_G-11-R_left_half,1,Glaucoma,C:/Users/TRIPU/OneDrive/Documents/ML/end sem project/RIM-ONE_DL_images\RIM-ONE_DL_images\partitioned_by_hospital\training_set\glaucoma\r3_G-11-R_left_half.png,hospital_training_set,external_test,-1,False,r3,partitioned_by_hospital/training_set,C:/Users/TRIPU/.gemini/antigravity/scratch/glaucoma_detection\data\processed\RIM-ONE\glaucoma\RIMONE_r3_G-11-R_left_half.png,422,422,success,none,
RIMONE_r3_G-12-L_left_half,RIM-ONE,RIMONE_r3_G-12-L_left_half,1,Glaucoma,C:/Users/TRIPU/OneDrive/Documents/ML/end sem project/RIM-ONE_DL_images\RIM-ONE_DL_images\partitioned_by_hospital\training_set\glaucoma\r3_G-12-L_left_half.png,hospital_training_set,external_test,-1,False,r3,partitioned_by_hospital/training_set,C:/Users/TRIPU/.gemini/antigravity/scratch/glaucoma_detection\data\processed\RIM-ONE\glaucoma\RIMONE_r3_G-12-L_left_half.png,456,456,success,none,
RIMONE_r3_G-13-R_left_half,RIM-ONE,RIMONE_r3_G-13-R_left_half,1,Glaucoma,C:/Users/TRIPU/OneDrive/Documents/ML/end sem project/RIM-ONE_DL_images\RIM-ONE_DL_images\partitioned_by_hospital\training_set\glaucoma\r3_G-13-R_left_half.png,hospital_training_set,external_test,-1,False,r3,partitioned_by_hospital/training_set,C:/Users/TRIPU/.gemini/antigravity/scratch/glaucoma_detection\data\processed\RIM-ONE\glaucoma\RIMONE_r3_G-13-R_left_half.png,342,342,success,none,
RIMONE_r3_G-14-R_left_half,RIM-ONE,RIMONE_r3_G-14-R_left_half,1,Glaucoma,C:/Users/TRIPU/OneDrive/Documents/ML/end sem project/RIM-ONE_DL_images\RIM-ONE_DL_images\partitioned_by_hospital\training_set\glaucoma\r3_G-14-R_left_half.png,hospital_training_set,external_test,-1,False,r3,partitioned_by_hospital/training_set,C:/Users/TRIPU/.gemini/antigravity/scratch/glaucoma_detection\data\processed\RIM-ONE\glaucoma\RIMONE_r3_G-14-R_left_half.png,626,626,success,none,
RIMONE_r3_G-15-L_left_half,RIM-ONE,RIMONE_r3_G-15-L_left_half,1,Glaucoma,C:/Users/TRIPU/OneDrive/Documents/ML/end sem project/RIM-ONE_DL_images\RIM-ONE_DL_images\partitioned_by_hospital\training_set\glaucoma\r3_G-15-L_left_half.png,hospital_training_set,external_test,-1,False,r3,partitioned_by_hospital/training_set,C:/Users/TRIPU/.gemini/antigravity/scratch/glaucoma_detection\data\processed\RIM-ONE\glaucoma\RIMONE_r3_G-15-L_left_half.png,480,480,success,none,
RIMONE_r3_G-16-R_left_half,RIM-ONE,RIMONE_r3_G-16-R_left_half,1,Glaucoma,C:/Users/TRIPU/OneDrive/Documents/ML/end sem project/RIM-ONE_DL_images\RIM-ONE_DL_images\partitioned_by_hospital\training_set\glaucoma\r3_G-16-R_left_half.png,hospital_training_set,external_test,-1,False,r3,partitioned_by_hospital/training_set,C:/Users/TRIPU/.gemini/antigravity/scratch/glaucoma_detection\data\processed\RIM-ONE\glaucoma\RIMONE_r3_G-16-R_left_half.png,428,428,success,none,
RIMONE_r3_G-17-L_left_half,RIM-ONE,RIMONE_r3_G-17-L_left_half,1,Glaucoma,C:/Users/TRIPU/OneDrive/Documents/ML/end sem project/RIM-ONE_DL_images\RIM-ONE_DL_images\partitioned_by_hospital\training_set\glaucoma\r3_G-17-L_left_half.png,hospital_training_set,external_test,-1,False,r3,partitioned_by_hospital/training_set,C:/Users/TRIPU/.gemini/antigravity/scratch/glaucoma_detection\data\processed\RIM-ONE\glaucoma\RIMONE_r3_G-17-L_left_half.png,464,464,success,none,
RIMONE_r3_G-18-R_left_half,RIM-ONE,RIMONE_r3_G-18-R_left_half,1,Glaucoma,C:/Users/TRIPU/OneDrive/Documents/ML/end sem project/RIM-ONE_DL_images\RIM-ONE_DL_images\partitioned_by_hospital\training_set\glaucoma\r3_G-18-R_left_half.png,hospital_training_set,external_test,-1,False,r3,partitioned_by_hospital/training_set,C:/Users/TRIPU/.gemini/antigravity/scratch/glaucoma_detection\data\processed\RIM-ONE\glaucoma\RIMONE_r3_G-18-R_left_half.png,348,348,success,none,
RIMONE_r3_G-2-R_left_half,RIM-ONE,RIMONE_r3_G-2-R_left_half,1,Glaucoma,C:/Users/TRIPU/OneDrive/Documents/ML/end sem project/RIM-ONE_DL_images\RIM-ONE_DL_images\partitioned_by_hospital\training_set\glaucoma\r3_G-2-R_left_half.png,hospital_training_set,external_test,-1,False,r3,partitioned_by_hospital/training_set,C:/Users/TRIPU/.gemini/antigravity/scratch/glaucoma_detection\data\processed\RIM-ONE\glaucoma\RIMONE_r3_G-2-R_left_half.png,472,472,success,none,
RIMONE_r3_G-22-L_left_half,RIM-ONE,RIMONE_r3_G-22-L_left_half,1,Glaucoma,C:/Users/TRIPU/OneDrive/Documents/ML/end sem project/RIM-ONE_DL_images\RIM-ONE_DL_images\partitioned_by_hospital\training_set\glaucoma\r3_G-22-L_left_half.png,hospital_training_set,external_test,-1,False,r3,partitioned_by_hospital/training_set,C:/Users/TRIPU/.gemini/antigravity/scratch/glaucoma_detection\data\processed\RIM-ONE\glaucoma\RIMONE_r3_G-22-L_left_half.png,384,384,success,none,
RIMONE_r3_G-23-R_left_half,RIM-ONE,RIMONE_r3_G-23-R_left_half,1,Glaucoma,C:/Users/TRIPU/OneDrive/Documents/ML/end sem project/RIM-ONE_DL_images\RIM-ONE_DL_images\partitioned_by_hospital\training_set\glaucoma\r3_G-23-R_left_half.png,hospital_training_set,external_test,-1,False,r3,partitioned_by_hospital/training_set,C:/Users/TRIPU/.gemini/antigravity/scratch/glaucoma_detection\data\processed\RIM-ONE\glaucoma\RIMONE_r3_G-23-R_left_half.png,370,370,success,none,
RIMONE_r3_G-25-L_left_half,RIM-ONE,RIMONE_r3_G-25-L_left_half,1,Glaucoma,C:/Users/TRIPU/OneDrive/Documents/ML/end sem project/RIM-ONE_DL_images\RIM-ONE_DL_images\partitioned_by_hospital\training_set\glaucoma\r3_G-25-L_left_half.png,hospital_training_set,external_test,-1,False,r3,partitioned_by_hospital/training_set,C:/Users/TRIPU/.gemini/antigravity/scratch/glaucoma_detection\data\processed\RIM-ONE\glaucoma\RIMONE_r3_G-25-L_left_half.png,434,434,success,none,
RIMONE_r3_G-27-R_left_half,RIM-ONE,RIMONE_r3_G-27-R_left_half,1,Glaucoma,C:/Users/TRIPU/OneDrive/Documents/ML/end sem project/RIM-ONE_DL_images\RIM-ONE_DL_images\partitioned_by_hospital\training_set\glaucoma\r3_G-27-R_left_half.png,hospital_training_set,external_test,-1,False,r3,partitioned_by_hospital/training_set,C:/Users/TRIPU/.gemini/antigravity/scratch/glaucoma_detection\data\processed\RIM-ONE\glaucoma\RIMONE_r3_G-27-R_left_half.png,392,392,success,none,
RIMONE_r3_G-29-R_left_half,RIM-ONE,RIMONE_r3_G-29-R_left_half,1,Glaucoma,C:/Users/TRIPU/OneDrive/Documents/ML/end sem project/RIM-ONE_DL_images\RIM-ONE_DL_images\partitioned_by_hospital\training_set\glaucoma\r3_G-29-R_left_half.png,hospital_training_set,external_test,-1,False,r3,partitioned_by_hospital/training_set,C:/Users/TRIPU/.gemini/antigravity/scratch/glaucoma_detection\data\processed\RIM-ONE\glaucoma\RIMONE_r3_G-29-R_left_half.png,398,398,success,none,
RIMONE_r3_G-3-R_left_half,RIM-ONE,RIMONE_r3_G-3-R_left_half,1,Glaucoma,C:/Users/TRIPU/OneDrive/Documents/ML/end sem project/RIM-ONE_DL_images\RIM-ONE_DL_images\partitioned_by_hospital\training_set\glaucoma\r3_G-3-R_left_half.png,hospital_training_set,external_test,-1,False,r3,partitioned_by_hospital/training_set,C:/Users/TRIPU/.gemini/antigravity/scratch/glaucoma_detection\data\processed\RIM-ONE\glaucoma\RIMONE_r3_G-3-R_left_half.png,394,394,success,none,
RIMONE_r3_G-30-L_left_half,RIM-ONE,RIMONE_r3_G-30-L_left_half,1,Glaucoma,C:/Users/TRIPU/OneDrive/Documents/ML/end sem project/RIM-ONE_DL_images\RIM-ONE_DL_images\partitioned_by_hospital\training_set\glaucoma\r3_G-30-L_left_half.png,hospital_training_set,external_test,-1,False,r3,partitioned_by_hospital/training_set,C:/Users/TRIPU/.gemini/antigravity/scratch/glaucoma_detection\data\processed\RIM-ONE\glaucoma\RIMONE_r3_G-30-L_left_half.png,432,432,success,none,
RIMONE_r3_G-31-R_left_half,RIM-ONE,RIMONE_r3_G-31-R_left_half,1,Glaucoma,C:/Users/TRIPU/OneDrive/Documents/ML/end sem project/RIM-ONE_DL_images\RIM-ONE_DL_images\partitioned_by_hospital\training_set\glaucoma\r3_G-31-R_left_half.png,hospital_training_set,external_test,-1,False,r3,partitioned_by_hospital/training_set,C:/Users/TRIPU/.gemini/antigravity/scratch/glaucoma_detection\data\processed\RIM-ONE\glaucoma\RIMONE_r3_G-31-R_left_half.png,400,400,success,none,
RIMONE_r3_G-32-L_left_half,RIM-ONE,RIMONE_r3_G-32-L_left_half,1,Glaucoma,C:/Users/TRIPU/OneDrive/Documents/ML/end sem project/RIM-ONE_DL_images\RIM-ONE_DL_images\partitioned_by_hospital\training_set\glaucoma\r3_G-32-L_left_half.png,hospital_training_set,external_test,-1,False,r3,partitioned_by_hospital/training_set,C:/Users/TRIPU/.gemini/antigravity/scratch/glaucoma_detection\data\processed\RIM-ONE\glaucoma\RIMONE_r3_G-32-L_left_half.png,470,470,success,none,
RIMONE_r3_G-33-R_left_half,RIM-ONE,RIMONE_r3_G-33-R_left_half,1,Glaucoma,C:/Users/TRIPU/OneDrive/Documents/ML/end sem project/RIM-ONE_DL_images\RIM-ONE_DL_images\partitioned_by_hospital\training_set\glaucoma\r3_G-33-R_left_half.png,hospital_training_set,external_test,-1,False,r3,partitioned_by_hospital/training_set,C:/Users/TRIPU/.gemini/antigravity/scratch/glaucoma_detection\data\processed\RIM-ONE\glaucoma\RIMONE_r3_G-33-R_left_half.png,408,408,success,none,
RIMONE_r3_G-34-L_left_half,RIM-ONE,RIMONE_r3_G-34-L_left_half,1,Glaucoma,C:/Users/TRIPU/OneDrive/Documents/ML/end sem project/RIM-ONE_DL_images\RIM-ONE_DL_images\partitioned_by_hospital\training_set\glaucoma\r3_G-34-L_left_half.png,hospital_training_set,external_test,-1,False,r3,partitioned_by_hospital/training_set,C:/Users/TRIPU/.gemini/antigravity/scratch/glaucoma_detection\data\processed\RIM-ONE\glaucoma\RIMONE_r3_G-34-L_left_half.png,372,372,success,none,
RIMONE_r3_G-35-R_left_half,RIM-ONE,RIMONE_r3_G-35-R_left_half,1,Glaucoma,C:/Users/TRIPU/OneDrive/Documents/ML/end sem project/RIM-ONE_DL_images\RIM-ONE_DL_images\partitioned_by_hospital\training_set\glaucoma\r3_G-35-R_left_half.png,hospital_training_set,external_test,-1,False,r3,partitioned_by_hospital/training_set,C:/Users/TRIPU/.gemini/antigravity/scratch/glaucoma_detection\data\processed\RIM-ONE\glaucoma\RIMONE_r3_G-35-R_left_half.png,464,464,success,none,
RIMONE_r3_G-37-R_left_half,RIM-ONE,RIMONE_r3_G-37-R_left_half,1,Glaucoma,C:/Users/TRIPU/OneDrive/Documents/ML/end sem project/RIM-ONE_DL_images\RIM-ONE_DL_images\partitioned_by_hospital\training_set\glaucoma\r3_G-37-R_left_half.png,hospital_training_set,external_test,-1,False,r3,partitioned_by_hospital/training_set,C:/Users/TRIPU/.gemini/antigravity/scratch/glaucoma_detection\data\processed\RIM-ONE\glaucoma\RIMONE_r3_G-37-R_left_half.png,386,386,success,none,
RIMONE_r3_G-38-L_left_half,RIM-ONE,RIMONE_r3_G-38-L_left_half,1,Glaucoma,C:/Users/TRIPU/OneDrive/Documents/ML/end sem project/RIM-ONE_DL_images\RIM-ONE_DL_images\partitioned_by_hospital\training_set\glaucoma\r3_G-38-L_left_half.png,hospital_training_set,external_test,-1,False,r3,partitioned_by_hospital/training_set,C:/Users/TRIPU/.gemini/antigravity/scratch/glaucoma_detection\data\processed\RIM-ONE\glaucoma\RIMONE_r3_G-38-L_left_half.png,448,448,success,none,
RIMONE_r3_G-39-L_left_half,RIM-ONE,RIMONE_r3_G-39-L_left_half,1,Glaucoma,C:/Users/TRIPU/OneDrive/Documents/ML/end sem project/RIM-ONE_DL_images\RIM-ONE_DL_images\partitioned_by_hospital\training_set\glaucoma\r3_G-39-L_left_half.png,hospital_training_set,external_test,-1,False,r3,partitioned_by_hospital/training_set,C:/Users/TRIPU/.gemini/antigravity/scratch/glaucoma_detection\data\processed\RIM-ONE\glaucoma\RIMONE_r3_G-39-L_left_half.png,422,422,success,none,
RIMONE_r3_G-6-L_left_half,RIM-ONE,RIMONE_r3_G-6-L_left_half,1,Glaucoma,C:/Users/TRIPU/OneDrive/Documents/ML/end sem project/RIM-ONE_DL_images\RIM-ONE_DL_images\partitioned_by_hospital\training_set\glaucoma\r3_G-6-L_left_half.png,hospital_training_set,external_test,-1,False,r3,partitioned_by_hospital/training_set,C:/Users/TRIPU/.gemini/antigravity/scratch/glaucoma_detection\data\processed\RIM-ONE\glaucoma\RIMONE_r3_G-6-L_left_half.png,528,528,success,none,
RIMONE_r3_G-8-R_left_half,RIM-ONE,RIMONE_r3_G-8-R_left_half,1,Glaucoma,C:/Users/TRIPU/OneDrive/Documents/ML/end sem project/RIM-ONE_DL_images\RIM-ONE_DL_images\partitioned_by_hospital\training_set\glaucoma\r3_G-8-R_left_half.png,hospital_training_set,external_test,-1,False,r3,partitioned_by_hospital/training_set,C:/Users/TRIPU/.gemini/antigravity/scratch/glaucoma_detection\data\processed\RIM-ONE\glaucoma\RIMONE_r3_G-8-R_left_half.png,526,526,success,none,
RIMONE_r3_G-9-R_left_half,RIM-ONE,RIMONE_r3_G-9-R_left_half,1,Glaucoma,C:/Users/TRIPU/OneDrive/Documents/ML/end sem project/RIM-ONE_DL_images\RIM-ONE_DL_images\partitioned_by_hospital\training_set\glaucoma\r3_G-9-R_left_half.png,hospital_training_set,external_test,-1,False,r3,partitioned_by_hospital/training_set,C:/Users/TRIPU/.gemini/antigravity/scratch/glaucoma_detection\data\processed\RIM-ONE\glaucoma\RIMONE_r3_G-9-R_left_half.png,392,392,success,none,
RIMONE_r3_S-1-L_left_half,RIM-ONE,RIMONE_r3_S-1-L_left_half,1,Glaucoma,C:/Users/TRIPU/OneDrive/Documents/ML/end sem project/RIM-ONE_DL_images\RIM-ONE_DL_images\partitioned_by_hospital\training_set\glaucoma\r3_S-1-L_left_half.png,hospital_training_set,external_test,-1,False,r3,partitioned_by_hospital/training_set,C:/Users/TRIPU/.gemini/antigravity/scratch/glaucoma_detection\data\processed\RIM-ONE\glaucoma\RIMONE_r3_S-1-L_left_half.png,488,488,success,none,
RIMONE_r3_S-10-R_left_half,RIM-ONE,RIMONE_r3_S-10-R_left_half,1,Glaucoma,C:/Users/TRIPU/OneDrive/Documents/ML/end sem project/RIM-ONE_DL_images\RIM-ONE_DL_images\partitioned_by_hospital\training_set\glaucoma\r3_S-10-R_left_half.png,hospital_training_set,external_test,-1,False,r3,partitioned_by_hospital/training_set,C:/Users/TRIPU/.gemini/antigravity/scratch/glaucoma_detection\data\processed\RIM-ONE\glaucoma\RIMONE_r3_S-10-R_left_half.png,422,422,success,none,
RIMONE_r3_S-11-L_left_half,RIM-ONE,RIMONE_r3_S-11-L_left_half,1,Glaucoma,C:/Users/TRIPU/OneDrive/Documents/ML/end sem project/RIM-ONE_DL_images\RIM-ONE_DL_images\partitioned_by_hospital\training_set\glaucoma\r3_S-11-L_left_half.png,hospital_training_set,external_test,-1,False,r3,partitioned_by_hospital/training_set,C:/Users/TRIPU/.gemini/antigravity/scratch/glaucoma_detection\data\processed\RIM-ONE\glaucoma\RIMONE_r3_S-11-L_left_half.png,372,372,success,none,
RIMONE_r3_S-12-L_left_half,RIM-ONE,RIMONE_r3_S-12-L_left_half,1,Glaucoma,C:/Users/TRIPU/OneDrive/Documents/ML/end sem project/RIM-ONE_DL_images\RIM-ONE_DL_images\partitioned_by_hospital\training_set\glaucoma\r3_S-12-L_left_half.png,hospital_training_set,external_test,-1,False,r3,partitioned_by_hospital/training_set,C:/Users/TRIPU/.gemini/antigravity/scratch/glaucoma_detection\data\processed\RIM-ONE\glaucoma\RIMONE_r3_S-12-L_left_half.png,456,456,success,none,
RIMONE_r3_S-13-R_left_half,RIM-ONE,RIMONE_r3_S-13-R_left_half,1,Glaucoma,C:/Users/TRIPU/OneDrive/Documents/ML/end sem project/RIM-ONE_DL_images\RIM-ONE_DL_images\partitioned_by_hospital\training_set\glaucoma\r3_S-13-R_left_half.png,hospital_training_set,external_test,-1,False,r3,partitioned_by_hospital/training_set,C:/Users/TRIPU/.gemini/antigravity/scratch/glaucoma_detection\data\processed\RIM-ONE\glaucoma\RIMONE_r3_S-13-R_left_half.png,458,458,success,none,
RIMONE_r3_S-14-R_left_half,RIM-ONE,RIMONE_r3_S-14-R_left_half,1,Glaucoma,C:/Users/TRIPU/OneDrive/Documents/ML/end sem project/RIM-ONE_DL_images\RIM-ONE_DL_images\partitioned_by_hospital\training_set\glaucoma\r3_S-14-R_left_half.png,hospital_training_set,external_test,-1,False,r3,partitioned_by_hospital/training_set,C:/Users/TRIPU/.gemini/antigravity/scratch/glaucoma_detection\data\processed\RIM-ONE\glaucoma\RIMONE_r3_S-14-R_left_half.png,446,446,success,none,
RIMONE_r3_S-18-L_left_half,RIM-ONE,RIMONE_r3_S-18-L_left_half,1,Glaucoma,C:/Users/TRIPU/OneDrive/Documents/ML/end sem project/RIM-ONE_DL_images\RIM-ONE_DL_images\partitioned_by_hospital\training_set\glaucoma\r3_S-18-L_left_half.png,hospital_training_set,external_test,-1,False,r3,partitioned_by_hospital/training_set,C:/Users/TRIPU/.gemini/antigravity/scratch/glaucoma_detection\data\processed\RIM-ONE\glaucoma\RIMONE_r3_S-18-L_left_half.png,452,452,success,none,
RIMONE_r3_S-19-R_left_half,RIM-ONE,RIMONE_r3_S-19-R_left_half,1,Glaucoma,C:/Users/TRIPU/OneDrive/Documents/ML/end sem project/RIM-ONE_DL_images\RIM-ONE_DL_images\partitioned_by_hospital\training_set\glaucoma\r3_S-19-R_left_half.png,hospital_training_set,external_test,-1,False,r3,partitioned_by_hospital/training_set,C:/Users/TRIPU/.gemini/antigravity/scratch/glaucoma_detection\data\processed\RIM-ONE\glaucoma\RIMONE_r3_S-19-R_left_half.png,488,488,success,none,
RIMONE_r3_S-2-L_left_half,RIM-ONE,RIMONE_r3_S-2-L_left_half,1,Glaucoma,C:/Users/TRIPU/OneDrive/Documents/ML/end sem project/RIM-ONE_DL_images\RIM-ONE_DL_images\partitioned_by_hospital\training_set\glaucoma\r3_S-2-L_left_half.png,hospital_training_set,external_test,-1,False,r3,partitioned_by_hospital/training_set,C:/Users/TRIPU/.gemini/antigravity/scratch/glaucoma_detection\data\processed\RIM-ONE\glaucoma\RIMONE_r3_S-2-L_left_half.png,348,348,success,none,
RIMONE_r3_S-20-L_left_half,RIM-ONE,RIMONE_r3_S-20-L_left_half,1,Glaucoma,C:/Users/TRIPU/OneDrive/Documents/ML/end sem project/RIM-ONE_DL_images\RIM-ONE_DL_images\partitioned_by_hospital\training_set\glaucoma\r3_S-20-L_left_half.png,hospital_training_set,external_test,-1,False,r3,partitioned_by_hospital/training_set,C:/Users/TRIPU/.gemini/antigravity/scratch/glaucoma_detection\data\processed\RIM-ONE\glaucoma\RIMONE_r3_S-20-L_left_half.png,390,390,success,none,
RIMONE_r3_S-21-R_left_half,RIM-ONE,RIMONE_r3_S-21-R_left_half,1,Glaucoma,C:/Users/TRIPU/OneDrive/Documents/ML/end sem project/RIM-ONE_DL_images\RIM-ONE_DL_images\partitioned_by_hospital\training_set\glaucoma\r3_S-21-R_left_half.png,hospital_training_set,external_test,-1,False,r3,partitioned_by_hospital/training_set,C:/Users/TRIPU/.gemini/antigravity/scratch/glaucoma_detection\data\processed\RIM-ONE\glaucoma\RIMONE_r3_S-21-R_left_half.png,382,382,success,none,
RIMONE_r3_S-25-L_left_half,RIM-ONE,RIMONE_r3_S-25-L_left_half,1,Glaucoma,C:/Users/TRIPU/OneDrive/Documents/ML/end sem project/RIM-ONE_DL_images\RIM-ONE_DL_images\partitioned_by_hospital\training_set\glaucoma\r3_S-25-L_left_half.png,hospital_training_set,external_test,-1,False,r3,partitioned_by_hospital/training_set,C:/Users/TRIPU/.gemini/antigravity/scratch/glaucoma_detection\data\processed\RIM-ONE\glaucoma\RIMONE_r3_S-25-L_left_half.png,484,484,success,none,
RIMONE_r3_S-26-R_left_half,RIM-ONE,RIMONE_r3_S-26-R_left_half,1,Glaucoma,C:/Users/TRIPU/OneDrive/Documents/ML/end sem project/RIM-ONE_DL_images\RIM-ONE_DL_images\partitioned_by_hospital\training_set\glaucoma\r3_S-26-R_left_half.png,hospital_training_set,external_test,-1,False,r3,partitioned_by_hospital/training_set,C:/Users/TRIPU/.gemini/antigravity/scratch/glaucoma_detection\data\processed\RIM-ONE\glaucoma\RIMONE_r3_S-26-R_left_half.png,506,506,success,none,
RIMONE_r3_S-28-R_left_half,RIM-ONE,RIMONE_r3_S-28-R_left_half,1,Glaucoma,C:/Users/TRIPU/OneDrive/Documents/ML/end sem project/RIM-ONE_DL_images\RIM-ONE_DL_images\partitioned_by_hospital\training_set\glaucoma\r3_S-28-R_left_half.png,hospital_training_set,external_test,-1,False,r3,partitioned_by_hospital/training_set,C:/Users/TRIPU/.gemini/antigravity/scratch/glaucoma_detection\data\processed\RIM-ONE\glaucoma\RIMONE_r3_S-28-R_left_half.png,428,428,success,none,
RIMONE_r3_S-29-R_left_half,RIM-ONE,RIMONE_r3_S-29-R_left_half,1,Glaucoma,C:/Users/TRIPU/OneDrive/Documents/ML/end sem project/RIM-ONE_DL_images\RIM-ONE_DL_images\partitioned_by_hospital\training_set\glaucoma\r3_S-29-R_left_half.png,hospital_training_set,external_test,-1,False,r3,partitioned_by_hospital/training_set,C:/Users/TRIPU/.gemini/antigravity/scratch/glaucoma_detection\data\processed\RIM-ONE\glaucoma\RIMONE_r3_S-29-R_left_half.png,492,492,success,none,
RIMONE_r3_S-30-L_left_half,RIM-ONE,RIMONE_r3_S-30-L_left_half,1,Glaucoma,C:/Users/TRIPU/OneDrive/Documents/ML/end sem project/RIM-ONE_DL_images\RIM-ONE_DL_images\partitioned_by_hospital\training_set\glaucoma\r3_S-30-L_left_half.png,hospital_training_set,external_test,-1,False,r3,partitioned_by_hospital/training_set,C:/Users/TRIPU/.gemini/antigravity/scratch/glaucoma_detection\data\processed\RIM-ONE\glaucoma\RIMONE_r3_S-30-L_left_half.png,428,428,success,none,
RIMONE_r3_S-31-L_left_half,RIM-ONE,RIMONE_r3_S-31-L_left_half,1,Glaucoma,C:/Users/TRIPU/OneDrive/Documents/ML/end sem project/RIM-ONE_DL_images\RIM-ONE_DL_images\partitioned_by_hospital\training_set\glaucoma\r3_S-31-L_left_half.png,hospital_training_set,external_test,-1,False,r3,partitioned_by_hospital/training_set,C:/Users/TRIPU/.gemini/antigravity/scratch/glaucoma_detection\data\processed\RIM-ONE\glaucoma\RIMONE_r3_S-31-L_left_half.png,448,448,success,none,
RIMONE_r3_S-32-L_left_half,RIM-ONE,RIMONE_r3_S-32-L_left_half,1,Glaucoma,C:/Users/TRIPU/OneDrive/Documents/ML/end sem project/RIM-ONE_DL_images\RIM-ONE_DL_images\partitioned_by_hospital\training_set\glaucoma\r3_S-32-L_left_half.png,hospital_training_set,external_test,-1,False,r3,partitioned_by_hospital/training_set,C:/Users/TRIPU/.gemini/antigravity/scratch/glaucoma_detection\data\processed\RIM-ONE\glaucoma\RIMONE_r3_S-32-L_left_half.png,400,400,success,none,
RIMONE_r3_S-33-R_left_half,RIM-ONE,RIMONE_r3_S-33-R_left_half,1,Glaucoma,C:/Users/TRIPU/OneDrive/Documents/ML/end sem project/RIM-ONE_DL_images\RIM-ONE_DL_images\partitioned_by_hospital\training_set\glaucoma\r3_S-33-R_left_half.png,hospital_training_set,external_test,-1,False,r3,partitioned_by_hospital/training_set,C:/Users/TRIPU/.gemini/antigravity/scratch/glaucoma_detection\data\processed\RIM-ONE\glaucoma\RIMONE_r3_S-33-R_left_half.png,408,408,success,none,
RIMONE_r3_S-35-R_left_half,RIM-ONE,RIMONE_r3_S-35-R_left_half,1,Glaucoma,C:/Users/TRIPU/OneDrive/Documents/ML/end sem project/RIM-ONE_DL_images\RIM-ONE_DL_images\partitioned_by_hospital\training_set\glaucoma\r3_S-35-R_left_half.png,hospital_training_set,external_test,-1,False,r3,partitioned_by_hospital/training_set,C:/Users/TRIPU/.gemini/antigravity/scratch/glaucoma_detection\data\processed\RIM-ONE\glaucoma\RIMONE_r3_S-35-R_left_half.png,458,458,success,none,
RIMONE_r3_S-4-L_left_half,RIM-ONE,RIMONE_r3_S-4-L_left_half,1,Glaucoma,C:/Users/TRIPU/OneDrive/Documents/ML/end sem project/RIM-ONE_DL_images\RIM-ONE_DL_images\partitioned_by_hospital\training_set\glaucoma\r3_S-4-L_left_half.png,hospital_training_set,external_test,-1,False,r3,partitioned_by_hospital/training_set,C:/Users/TRIPU/.gemini/antigravity/scratch/glaucoma_detection\data\processed\RIM-ONE\glaucoma\RIMONE_r3_S-4-L_left_half.png,330,330,success,none,
RIMONE_r3_S-6-R_left_half,RIM-ONE,RIMONE_r3_S-6-R_left_half,1,Glaucoma,C:/Users/TRIPU/OneDrive/Documents/ML/end sem project/RIM-ONE_DL_images\RIM-ONE_DL_images\partitioned_by_hospital\training_set\glaucoma\r3_S-6-R_left_half.png,hospital_training_set,external_test,-1,False,r3,partitioned_by_hospital/training_set,C:/Users/TRIPU/.gemini/antigravity/scratch/glaucoma_detection\data\processed\RIM-ONE\glaucoma\RIMONE_r3_S-6-R_left_half.png,456,456,success,none,
RIMONE_r3_S-9-L_left_half,RIM-ONE,RIMONE_r3_S-9-L_left_half,1,Glaucoma,C:/Users/TRIPU/OneDrive/Documents/ML/end sem project/RIM-ONE_DL_images\RIM-ONE_DL_images\partitioned_by_hospital\training_set\glaucoma\r3_S-9-L_left_half.png,hospital_training_set,external_test,-1,False,r3,partitioned_by_hospital/training_set,C:/Users/TRIPU/.gemini/antigravity/scratch/glaucoma_detection\data\processed\RIM-ONE\glaucoma\RIMONE_r3_S-9-L_left_half.png,428,428,success,none,
RIMONE_r2_Im034,RIM-ONE,RIMONE_r2_Im034,0,Normal,C:/Users/TRIPU/OneDrive/Documents/ML/end sem project/RIM-ONE_DL_images\RIM-ONE_DL_images\partitioned_by_hospital\training_set\normal\r2_Im034.png,hospital_training_set,external_test,-1,False,r2,partitioned_by_hospital/training_set,C:/Users/TRIPU/.gemini/antigravity/scratch/glaucoma_detection\data\processed\RIM-ONE\normal\RIMONE_r2_Im034.png,611,611,success,none,
RIMONE_r2_Im036,RIM-ONE,RIMONE_r2_Im036,0,Normal,C:/Users/TRIPU/OneDrive/Documents/ML/end sem project/RIM-ONE_DL_images\RIM-ONE_DL_images\partitioned_by_hospital\training_set\normal\r2_Im036.png,hospital_training_set,external_test,-1,False,r2,partitioned_by_hospital/training_set,C:/Users/TRIPU/.gemini/antigravity/scratch/glaucoma_detection\data\processed\RIM-ONE\normal\RIMONE_r2_Im036.png,589,589,success,none,
RIMONE_r2_Im038,RIM-ONE,RIMONE_r2_Im038,0,Normal,C:/Users/TRIPU/OneDrive/Documents/ML/end sem project/RIM-ONE_DL_images\RIM-ONE_DL_images\partitioned_by_hospital\training_set\normal\r2_Im038.png,hospital_training_set,external_test,-1,False,r2,partitioned_by_hospital/training_set,C:/Users/TRIPU/.gemini/antigravity/scratch/glaucoma_detection\data\processed\RIM-ONE\normal\RIMONE_r2_Im038.png,636,636,success,none,
RIMONE_r2_Im040,RIM-ONE,RIMONE_r2_Im040,0,Normal,C:/Users/TRIPU/OneDrive/Documents/ML/end sem project/RIM-ONE_DL_images\RIM-ONE_DL_images\partitioned_by_hospital\training_set\normal\r2_Im040.png,hospital_training_set,external_test,-1,False,r2,partitioned_by_hospital/training_set,C:/Users/TRIPU/.gemini/antigravity/scratch/glaucoma_detection\data\processed\RIM-ONE\normal\RIMONE_r2_Im040.png,629,629,success,none,
RIMONE_r2_Im042,RIM-ONE,RIMONE_r2_Im042,0,Normal,C:/Users/TRIPU/OneDrive/Documents/ML/end sem project/RIM-ONE_DL_images\RIM-ONE_DL_images\partitioned_by_hospital\training_set\normal\r2_Im042.png,hospital_training_set,external_test,-1,False,r2,partitioned_by_hospital/training_set,C:/Users/TRIPU/.gemini/antigravity/scratch/glaucoma_detection\data\processed\RIM-ONE\normal\RIMONE_r2_Im042.png,756,756,success,none,
RIMONE_r2_Im044,RIM-ONE,RIMONE_r2_Im044,0,Normal,C:/Users/TRIPU/OneDrive/Documents/ML/end sem project/RIM-ONE_DL_images\RIM-ONE_DL_images\partitioned_by_hospital\training_set\normal\r2_Im044.png,hospital_training_set,external_test,-1,False,r2,partitioned_by_hospital/training_set,C:/Users/TRIPU/.gemini/antigravity/scratch/glaucoma_detection\data\processed\RIM-ONE\normal\RIMONE_r2_Im044.png,651,651,success,none,
RIMONE_r2_Im046,RIM-ONE,RIMONE_r2_Im046,0,Normal,C:/Users/TRIPU/OneDrive/Documents/ML/end sem project/RIM-ONE_DL_images\RIM-ONE_DL_images\partitioned_by_hospital\training_set\normal\r2_Im046.png,hospital_training_set,external_test,-1,False,r2,partitioned_by_hospital/training_set,C:/Users/TRIPU/.gemini/antigravity/scratch/glaucoma_detection\data\processed\RIM-ONE\normal\RIMONE_r2_Im046.png,533,533,success,none,
RIMONE_r2_Im048,RIM-ONE,RIMONE_r2_Im048,0,Normal,C:/Users/TRIPU/OneDrive/Documents/ML/end sem project/RIM-ONE_DL_images\RIM-ONE_DL_images\partitioned_by_hospital\training_set\normal\r2_Im048.png,hospital_training_set,external_test,-1,False,r2,partitioned_by_hospital/training_set,C:/Users/TRIPU/.gemini/antigravity/scratch/glaucoma_detection\data\processed\RIM-ONE\normal\RIMONE_r2_Im048.png,621,621,success,none,
RIMONE_r2_Im050,RIM-ONE,RIMONE_r2_Im050,0,Normal,C:/Users/TRIPU/OneDrive/Documents/ML/end sem project/RIM-ONE_DL_images\RIM-ONE_DL_images\partitioned_by_hospital\training_set\normal\r2_Im050.png,hospital_training_set,external_test,-1,False,r2,partitioned_by_hospital/training_set,C:/Users/TRIPU/.gemini/antigravity/scratch/glaucoma_detection\data\processed\RIM-ONE\normal\RIMONE_r2_Im050.png,681,681,success,none,
RIMONE_r2_Im052,RIM-ONE,RIMONE_r2_Im052,0,Normal,C:/Users/TRIPU/OneDrive/Documents/ML/end sem project/RIM-ONE_DL_images\RIM-ONE_DL_images\partitioned_by_hospital\training_set\normal\r2_Im052.png,hospital_training_set,external_test,-1,False,r2,partitioned_by_hospital/training_set,C:/Users/TRIPU/.gemini/antigravity/scratch/glaucoma_detection\data\processed\RIM-ONE\normal\RIMONE_r2_Im052.png,637,637,success,none,
RIMONE_r2_Im054,RIM-ONE,RIMONE_r2_Im054,0,Normal,C:/Users/TRIPU/OneDrive/Documents/ML/end sem project/RIM-ONE_DL_images\RIM-ONE_DL_images\partitioned_by_hospital\training_set\normal\r2_Im054.png,hospital_training_set,external_test,-1,False,r2,partitioned_by_hospital/training_set,C:/Users/TRIPU/.gemini/antigravity/scratch/glaucoma_detection\data\processed\RIM-ONE\normal\RIMONE_r2_Im054.png,625,625,success,none,
RIMONE_r2_Im056,RIM-ONE,RIMONE_r2_Im056,0,Normal,C:/Users/TRIPU/OneDrive/Documents/ML/end sem project/RIM-ONE_DL_images\RIM-ONE_DL_images\partitioned_by_hospital\training_set\normal\r2_Im056.png,hospital_training_set,external_test,-1,False,r2,partitioned_by_hospital/training_set,C:/Users/TRIPU/.gemini/antigravity/scratch/glaucoma_detection\data\processed\RIM-ONE\normal\RIMONE_r2_Im056.png,651,651,success,none,
RIMONE_r2_Im058,RIM-ONE,RIMONE_r2_Im058,0,Normal,C:/Users/TRIPU/OneDrive/Documents/ML/end sem project/RIM-ONE_DL_images\RIM-ONE_DL_images\partitioned_by_hospital\training_set\normal\r2_Im058.png,hospital_training_set,external_test,-1,False,r2,partitioned_by_hospital/training_set,C:/Users/TRIPU/.gemini/antigravity/scratch/glaucoma_detection\data\processed\RIM-ONE\normal\RIMONE_r2_Im058.png,569,569,success,none,
RIMONE_r2_Im060,RIM-ONE,RIMONE_r2_Im060,0,Normal,C:/Users/TRIPU/OneDrive/Documents/ML/end sem project/RIM-ONE_DL_images\RIM-ONE_DL_images\partitioned_by_hospital\training_set\normal\r2_Im060.png,hospital_training_set,external_test,-1,False,r2,partitioned_by_hospital/training_set,C:/Users/TRIPU/.gemini/antigravity/scratch/glaucoma_detection\data\processed\RIM-ONE\normal\RIMONE_r2_Im060.png,672,672,success,none,
RIMONE_r2_Im062,RIM-ONE,RIMONE_r2_Im062,0,Normal,C:/Users/TRIPU/OneDrive/Documents/ML/end sem project/RIM-ONE_DL_images\RIM-ONE_DL_images\partitioned_by_hospital\training_set\normal\r2_Im062.png,hospital_training_set,external_test,-1,False,r2,partitioned_by_hospital/training_set,C:/Users/TRIPU/.gemini/antigravity/scratch/glaucoma_detection\data\processed\RIM-ONE\normal\RIMONE_r2_Im062.png,693,693,success,none,
RIMONE_r2_Im064,RIM-ONE,RIMONE_r2_Im064,0,Normal,C:/Users/TRIPU/OneDrive/Documents/ML/end sem project/RIM-ONE_DL_images\RIM-ONE_DL_images\partitioned_by_hospital\training_set\normal\r2_Im064.png,hospital_training_set,external_test,-1,False,r2,partitioned_by_hospital/training_set,C:/Users/TRIPU/.gemini/antigravity/scratch/glaucoma_detection\data\processed\RIM-ONE\normal\RIMONE_r2_Im064.png,643,643,success,none,
RIMONE_r2_Im066,RIM-ONE,RIMONE_r2_Im066,0,Normal,C:/Users/TRIPU/OneDrive/Documents/ML/end sem project/RIM-ONE_DL_images\RIM-ONE_DL_images\partitioned_by_hospital\training_set\normal\r2_Im066.png,hospital_training_set,external_test,-1,False,r2,partitioned_by_hospital/training_set,C:/Users/TRIPU/.gemini/antigravity/scratch/glaucoma_detection\data\processed\RIM-ONE\normal\RIMONE_r2_Im066.png,639,639,success,none,
RIMONE_r2_Im068,RIM-ONE,RIMONE_r2_Im068,0,Normal,C:/Users/TRIPU/OneDrive/Documents/ML/end sem project/RIM-ONE_DL_images\RIM-ONE_DL_images\partitioned_by_hospital\training_set\normal\r2_Im068.png,hospital_training_set,external_test,-1,False,r2,partitioned_by_hospital/training_set,C:/Users/TRIPU/.gemini/antigravity/scratch/glaucoma_detection\data\processed\RIM-ONE\normal\RIMONE_r2_Im068.png,593,593,success,none,
RIMONE_r2_Im070,RIM-ONE,RIMONE_r2_Im070,0,Normal,C:/Users/TRIPU/OneDrive/Documents/ML/end sem project/RIM-ONE_DL_images\RIM-ONE_DL_images\partitioned_by_hospital\training_set\normal\r2_Im070.png,hospital_training_set,external_test,-1,False,r2,partitioned_by_hospital/training_set,C:/Users/TRIPU/.gemini/antigravity/scratch/glaucoma_detection\data\processed\RIM-ONE\normal\RIMONE_r2_Im070.png,603,603,success,none,
RIMONE_r2_Im072,RIM-ONE,RIMONE_r2_Im072,0,Normal,C:/Users/TRIPU/OneDrive/Documents/ML/end sem project/RIM-ONE_DL_images\RIM-ONE_DL_images\partitioned_by_hospital\training_set\normal\r2_Im072.png,hospital_training_set,external_test,-1,False,r2,partitioned_by_hospital/training_set,C:/Users/TRIPU/.gemini/antigravity/scratch/glaucoma_detection\data\processed\RIM-ONE\normal\RIMONE_r2_Im072.png,615,615,success,none,
RIMONE_r2_Im074,RIM-ONE,RIMONE_r2_Im074,0,Normal,C:/Users/TRIPU/OneDrive/Documents/ML/end sem project/RIM-ONE_DL_images\RIM-ONE_DL_images\partitioned_by_hospital\training_set\normal\r2_Im074.png,hospital_training_set,external_test,-1,False,r2,partitioned_by_hospital/training_set,C:/Users/TRIPU/.gemini/antigravity/scratch/glaucoma_detection\data\processed\RIM-ONE\normal\RIMONE_r2_Im074.png,632,632,success,none,
RIMONE_r2_Im076,RIM-ONE,RIMONE_r2_Im076,0,Normal,C:/Users/TRIPU/OneDrive/Documents/ML/end sem project/RIM-ONE_DL_images\RIM-ONE_DL_images\partitioned_by_hospital\training_set\normal\r2_Im076.png,hospital_training_set,external_test,-1,False,r2,partitioned_by_hospital/training_set,C:/Users/TRIPU/.gemini/antigravity/scratch/glaucoma_detection\data\processed\RIM-ONE\normal\RIMONE_r2_Im076.png,610,610,success,none,
RIMONE_r2_Im078,RIM-ONE,RIMONE_r2_Im078,0,Normal,C:/Users/TRIPU/OneDrive/Documents/ML/end sem project/RIM-ONE_DL_images\RIM-ONE_DL_images\partitioned_by_hospital\training_set\normal\r2_Im078.png,hospital_training_set,external_test,-1,False,r2,partitioned_by_hospital/training_set,C:/Users/TRIPU/.gemini/antigravity/scratch/glaucoma_detection\data\processed\RIM-ONE\normal\RIMONE_r2_Im078.png,641,641,success,none,
RIMONE_r2_Im080,RIM-ONE,RIMONE_r2_Im080,0,Normal,C:/Users/TRIPU/OneDrive/Documents/ML/end sem project/RIM-ONE_DL_images\RIM-ONE_DL_images\partitioned_by_hospital\training_set\normal\r2_Im080.png,hospital_training_set,external_test,-1,False,r2,partitioned_by_hospital/training_set,C:/Users/TRIPU/.gemini/antigravity/scratch/glaucoma_detection\data\processed\RIM-ONE\normal\RIMONE_r2_Im080.png,664,664,success,none,
RIMONE_r2_Im082,RIM-ONE,RIMONE_r2_Im082,0,Normal,C:/Users/TRIPU/OneDrive/Documents/ML/end sem project/RIM-ONE_DL_images\RIM-ONE_DL_images\partitioned_by_hospital\training_set\normal\r2_Im082.png,hospital_training_set,external_test,-1,False,r2,partitioned_by_hospital/training_set,C:/Users/TRIPU/.gemini/antigravity/scratch/glaucoma_detection\data\processed\RIM-ONE\normal\RIMONE_r2_Im082.png,685,685,success,none,
RIMONE_r2_Im084,RIM-ONE,RIMONE_r2_Im084,0,Normal,C:/Users/TRIPU/OneDrive/Documents/ML/end sem project/RIM-ONE_DL_images\RIM-ONE_DL_images\partitioned_by_hospital\training_set\normal\r2_Im084.png,hospital_training_set,external_test,-1,False,r2,partitioned_by_hospital/training_set,C:/Users/TRIPU/.gemini/antigravity/scratch/glaucoma_detection\data\processed\RIM-ONE\normal\RIMONE_r2_Im084.png,728,728,success,none,
RIMONE_r2_Im086,RIM-ONE,RIMONE_r2_Im086,0,Normal,C:/Users/TRIPU/OneDrive/Documents/ML/end sem project/RIM-ONE_DL_images\RIM-ONE_DL_images\partitioned_by_hospital\training_set\normal\r2_Im086.png,hospital_training_set,external_test,-1,False,r2,partitioned_by_hospital/training_set,C:/Users/TRIPU/.gemini/antigravity/scratch/glaucoma_detection\data\processed\RIM-ONE\normal\RIMONE_r2_Im086.png,679,679,success,none,
RIMONE_r2_Im088,RIM-ONE,RIMONE_r2_Im088,0,Normal,C:/Users/TRIPU/OneDrive/Documents/ML/end sem project/RIM-ONE_DL_images\RIM-ONE_DL_images\partitioned_by_hospital\training_set\normal\r2_Im088.png,hospital_training_set,external_test,-1,False,r2,partitioned_by_hospital/training_set,C:/Users/TRIPU/.gemini/antigravity/scratch/glaucoma_detection\data\processed\RIM-ONE\normal\RIMONE_r2_Im088.png,665,665,success,none,
RIMONE_r2_Im090,RIM-ONE,RIMONE_r2_Im090,0,Normal,C:/Users/TRIPU/OneDrive/Documents/ML/end sem project/RIM-ONE_DL_images\RIM-ONE_DL_images\partitioned_by_hospital\training_set\normal\r2_Im090.png,hospital_training_set,external_test,-1,False,r2,partitioned_by_hospital/training_set,C:/Users/TRIPU/.gemini/antigravity/scratch/glaucoma_detection\data\processed\RIM-ONE\normal\RIMONE_r2_Im090.png,632,632,success,none,
RIMONE_r2_Im092,RIM-ONE,RIMONE_r2_Im092,0,Normal,C:/Users/TRIPU/OneDrive/Documents/ML/end sem project/RIM-ONE_DL_images\RIM-ONE_DL_images\partitioned_by_hospital\training_set\normal\r2_Im092.png,hospital_training_set,external_test,-1,False,r2,partitioned_by_hospital/training_set,C:/Users/TRIPU/.gemini/antigravity/scratch/glaucoma_detection\data\processed\RIM-ONE\normal\RIMONE_r2_Im092.png,567,567,success,none,
RIMONE_r2_Im094,RIM-ONE,RIMONE_r2_Im094,0,Normal,C:/Users/TRIPU/OneDrive/Documents/ML/end sem project/RIM-ONE_DL_images\RIM-ONE_DL_images\partitioned_by_hospital\training_set\normal\r2_Im094.png,hospital_training_set,external_test,-1,False,r2,partitioned_by_hospital/training_set,C:/Users/TRIPU/.gemini/antigravity/scratch/glaucoma_detection\data\processed\RIM-ONE\normal\RIMONE_r2_Im094.png,657,657,success,none,
RIMONE_r2_Im096,RIM-ONE,RIMONE_r2_Im096,0,Normal,C:/Users/TRIPU/OneDrive/Documents/ML/end sem project/RIM-ONE_DL_images\RIM-ONE_DL_images\partitioned_by_hospital\training_set\normal\r2_Im096.png,hospital_training_set,external_test,-1,False,r2,partitioned_by_hospital/training_set,C:/Users/TRIPU/.gemini/antigravity/scratch/glaucoma_detection\data\processed\RIM-ONE\normal\RIMONE_r2_Im096.png,624,624,success,none,
RIMONE_r2_Im098,RIM-ONE,RIMONE_r2_Im098,0,Normal,C:/Users/TRIPU/OneDrive/Documents/ML/end sem project/RIM-ONE_DL_images\RIM-ONE_DL_images\partitioned_by_hospital\training_set\normal\r2_Im098.png,hospital_training_set,external_test,-1,False,r2,partitioned_by_hospital/training_set,C:/Users/TRIPU/.gemini/antigravity/scratch/glaucoma_detection\data\processed\RIM-ONE\normal\RIMONE_r2_Im098.png,746,746,success,none,
RIMONE_r2_Im100,RIM-ONE,RIMONE_r2_Im100,0,Normal,C:/Users/TRIPU/OneDrive/Documents/ML/end sem project/RIM-ONE_DL_images\RIM-ONE_DL_images\partitioned_by_hospital\training_set\normal\r2_Im100.png,hospital_training_set,external_test,-1,False,r2,partitioned_by_hospital/training_set,C:/Users/TRIPU/.gemini/antigravity/scratch/glaucoma_detection\data\processed\RIM-ONE\normal\RIMONE_r2_Im100.png,624,624,success,none,
RIMONE_r2_Im102,RIM-ONE,RIMONE_r2_Im102,0,Normal,C:/Users/TRIPU/OneDrive/Documents/ML/end sem project/RIM-ONE_DL_images\RIM-ONE_DL_images\partitioned_by_hospital\training_set\normal\r2_Im102.png,hospital_training_set,external_test,-1,False,r2,partitioned_by_hospital/training_set,C:/Users/TRIPU/.gemini/antigravity/scratch/glaucoma_detection\data\processed\RIM-ONE\normal\RIMONE_r2_Im102.png,561,561,success,none,
RIMONE_r2_Im104,RIM-ONE,RIMONE_r2_Im104,0,Normal,C:/Users/TRIPU/OneDrive/Documents/ML/end sem project/RIM-ONE_DL_images\RIM-ONE_DL_images\partitioned_by_hospital\training_set\normal\r2_Im104.png,hospital_training_set,external_test,-1,False,r2,partitioned_by_hospital/training_set,C:/Users/TRIPU/.gemini/antigravity/scratch/glaucoma_detection\data\processed\RIM-ONE\normal\RIMONE_r2_Im104.png,666,666,success,none,
RIMONE_r2_Im106,RIM-ONE,RIMONE_r2_Im106,0,Normal,C:/Users/TRIPU/OneDrive/Documents/ML/end sem project/RIM-ONE_DL_images\RIM-ONE_DL_images\partitioned_by_hospital\training_set\normal\r2_Im106.png,hospital_training_set,external_test,-1,False,r2,partitioned_by_hospital/training_set,C:/Users/TRIPU/.gemini/antigravity/scratch/glaucoma_detection\data\processed\RIM-ONE\normal\RIMONE_r2_Im106.png,649,649,success,none,
RIMONE_r2_Im108,RIM-ONE,RIMONE_r2_Im108,0,Normal,C:/Users/TRIPU/OneDrive/Documents/ML/end sem project/RIM-ONE_DL_images\RIM-ONE_DL_images\partitioned_by_hospital\training_set\normal\r2_Im108.png,hospital_training_set,external_test,-1,False,r2,partitioned_by_hospital/training_set,C:/Users/TRIPU/.gemini/antigravity/scratch/glaucoma_detection\data\processed\RIM-ONE\normal\RIMONE_r2_Im108.png,615,615,success,none,
RIMONE_r2_Im110,RIM-ONE,RIMONE_r2_Im110,0,Normal,C:/Users/TRIPU/OneDrive/Documents/ML/end sem project/RIM-ONE_DL_images\RIM-ONE_DL_images\partitioned_by_hospital\training_set\normal\r2_Im110.png,hospital_training_set,external_test,-1,False,r2,partitioned_by_hospital/training_set,C:/Users/TRIPU/.gemini/antigravity/scratch/glaucoma_detection\data\processed\RIM-ONE\normal\RIMONE_r2_Im110.png,632,632,success,none,
RIMONE_r2_Im112,RIM-ONE,RIMONE_r2_Im112,0,Normal,C:/Users/TRIPU/OneDrive/Documents/ML/end sem project/RIM-ONE_DL_images\RIM-ONE_DL_images\partitioned_by_hospital\training_set\normal\r2_Im112.png,hospital_training_set,external_test,-1,False,r2,partitioned_by_hospital/training_set,C:/Users/TRIPU/.gemini/antigravity/scratch/glaucoma_detection\data\processed\RIM-ONE\normal\RIMONE_r2_Im112.png,628,628,success,none,
RIMONE_r2_Im114,RIM-ONE,RIMONE_r2_Im114,0,Normal,C:/Users/TRIPU/OneDrive/Documents/ML/end sem project/RIM-ONE_DL_images\RIM-ONE_DL_images\partitioned_by_hospital\training_set\normal\r2_Im114.png,hospital_training_set,external_test,-1,False,r2,partitioned_by_hospital/training_set,C:/Users/TRIPU/.gemini/antigravity/scratch/glaucoma_detection\data\processed\RIM-ONE\normal\RIMONE_r2_Im114.png,589,589,success,none,
RIMONE_r2_Im116,RIM-ONE,RIMONE_r2_Im116,0,Normal,C:/Users/TRIPU/OneDrive/Documents/ML/end sem project/RIM-ONE_DL_images\RIM-ONE_DL_images\partitioned_by_hospital\training_set\normal\r2_Im116.png,hospital_training_set,external_test,-1,False,r2,partitioned_by_hospital/training_set,C:/Users/TRIPU/.gemini/antigravity/scratch/glaucoma_detection\data\processed\RIM-ONE\normal\RIMONE_r2_Im116.png,612,612,success,none,
RIMONE_r2_Im118,RIM-ONE,RIMONE_r2_Im118,0,Normal,C:/Users/TRIPU/OneDrive/Documents/ML/end sem project/RIM-ONE_DL_images\RIM-ONE_DL_images\partitioned_by_hospital\training_set\normal\r2_Im118.png,hospital_training_set,external_test,-1,False,r2,partitioned_by_hospital/training_set,C:/Users/TRIPU/.gemini/antigravity/scratch/glaucoma_detection\data\processed\RIM-ONE\normal\RIMONE_r2_Im118.png,610,610,success,none,
RIMONE_r2_Im120,RIM-ONE,RIMONE_r2_Im120,0,Normal,C:/Users/TRIPU/OneDrive/Documents/ML/end sem project/RIM-ONE_DL_images\RIM-ONE_DL_images\partitioned_by_hospital\training_set\normal\r2_Im120.png,hospital_training_set,external_test,-1,False,r2,partitioned_by_hospital/training_set,C:/Users/TRIPU/.gemini/antigravity/scratch/glaucoma_detection\data\processed\RIM-ONE\normal\RIMONE_r2_Im120.png,540,540,success,none,
RIMONE_r2_Im122,RIM-ONE,RIMONE_r2_Im122,0,Normal,C:/Users/TRIPU/OneDrive/Documents/ML/end sem project/RIM-ONE_DL_images\RIM-ONE_DL_images\partitioned_by_hospital\training_set\normal\r2_Im122.png,hospital_training_set,external_test,-1,False,r2,partitioned_by_hospital/training_set,C:/Users/TRIPU/.gemini/antigravity/scratch/glaucoma_detection\data\processed\RIM-ONE\normal\RIMONE_r2_Im122.png,740,740,success,none,
RIMONE_r2_Im124,RIM-ONE,RIMONE_r2_Im124,0,Normal,C:/Users/TRIPU/OneDrive/Documents/ML/end sem project/RIM-ONE_DL_images\RIM-ONE_DL_images\partitioned_by_hospital\training_set\normal\r2_Im124.png,hospital_training_set,external_test,-1,False,r2,partitioned_by_hospital/training_set,C:/Users/TRIPU/.gemini/antigravity/scratch/glaucoma_detection\data\processed\RIM-ONE\normal\RIMONE_r2_Im124.png,633,633,success,none,
RIMONE_r2_Im126,RIM-ONE,RIMONE_r2_Im126,0,Normal,C:/Users/TRIPU/OneDrive/Documents/ML/end sem project/RIM-ONE_DL_images\RIM-ONE_DL_images\partitioned_by_hospital\training_set\normal\r2_Im126.png,hospital_training_set,external_test,-1,False,r2,partitioned_by_hospital/training_set,C:/Users/TRIPU/.gemini/antigravity/scratch/glaucoma_detection\data\processed\RIM-ONE\normal\RIMONE_r2_Im126.png,660,660,success,none,
RIMONE_r2_Im128,RIM-ONE,RIMONE_r2_Im128,0,Normal,C:/Users/TRIPU/OneDrive/Documents/ML/end sem project/RIM-ONE_DL_images\RIM-ONE_DL_images\partitioned_by_hospital\training_set\normal\r2_Im128.png,hospital_training_set,external_test,-1,False,r2,partitioned_by_hospital/training_set,C:/Users/TRIPU/.gemini/antigravity/scratch/glaucoma_detection\data\processed\RIM-ONE\normal\RIMONE_r2_Im128.png,700,700,success,none,
RIMONE_r2_Im130,RIM-ONE,RIMONE_r2_Im130,0,Normal,C:/Users/TRIPU/OneDrive/Documents/ML/end sem project/RIM-ONE_DL_images\RIM-ONE_DL_images\partitioned_by_hospital\training_set\normal\r2_Im130.png,hospital_training_set,external_test,-1,False,r2,partitioned_by_hospital/training_set,C:/Users/TRIPU/.gemini/antigravity/scratch/glaucoma_detection\data\processed\RIM-ONE\normal\RIMONE_r2_Im130.png,645,645,success,none,
RIMONE_r2_Im132,RIM-ONE,RIMONE_r2_Im132,0,Normal,C:/Users/TRIPU/OneDrive/Documents/ML/end sem project/RIM-ONE_DL_images\RIM-ONE_DL_images\partitioned_by_hospital\training_set\normal\r2_Im132.png,hospital_training_set,external_test,-1,False,r2,partitioned_by_hospital/training_set,C:/Users/TRIPU/.gemini/antigravity/scratch/glaucoma_detection\data\processed\RIM-ONE\normal\RIMONE_r2_Im132.png,573,573,success,none,
RIMONE_r2_Im134,RIM-ONE,RIMONE_r2_Im134,0,Normal,C:/Users/TRIPU/OneDrive/Documents/ML/end sem project/RIM-ONE_DL_images\RIM-ONE_DL_images\partitioned_by_hospital\training_set\normal\r2_Im134.png,hospital_training_set,external_test,-1,False,r2,partitioned_by_hospital/training_set,C:/Users/TRIPU/.gemini/antigravity/scratch/glaucoma_detection\data\processed\RIM-ONE\normal\RIMONE_r2_Im134.png,681,681,success,none,
RIMONE_r2_Im136,RIM-ONE,RIMONE_r2_Im136,0,Normal,C:/Users/TRIPU/OneDrive/Documents/ML/end sem project/RIM-ONE_DL_images\RIM-ONE_DL_images\partitioned_by_hospital\training_set\normal\r2_Im136.png,hospital_training_set,external_test,-1,False,r2,partitioned_by_hospital/training_set,C:/Users/TRIPU/.gemini/antigravity/scratch/glaucoma_detection\data\processed\RIM-ONE\normal\RIMONE_r2_Im136.png,539,539,success,none,
RIMONE_r2_Im138,RIM-ONE,RIMONE_r2_Im138,0,Normal,C:/Users/TRIPU/OneDrive/Documents/ML/end sem project/RIM-ONE_DL_images\RIM-ONE_DL_images\partitioned_by_hospital\training_set\normal\r2_Im138.png,hospital_training_set,external_test,-1,False,r2,partitioned_by_hospital/training_set,C:/Users/TRIPU/.gemini/antigravity/scratch/glaucoma_detection\data\processed\RIM-ONE\normal\RIMONE_r2_Im138.png,675,675,success,none,
RIMONE_r2_Im140,RIM-ONE,RIMONE_r2_Im140,0,Normal,C:/Users/TRIPU/OneDrive/Documents/ML/end sem project/RIM-ONE_DL_images\RIM-ONE_DL_images\partitioned_by_hospital\training_set\normal\r2_Im140.png,hospital_training_set,external_test,-1,False,r2,partitioned_by_hospital/training_set,C:/Users/TRIPU/.gemini/antigravity/scratch/glaucoma_detection\data\processed\RIM-ONE\normal\RIMONE_r2_Im140.png,681,681,success,none,
RIMONE_r2_Im142,RIM-ONE,RIMONE_r2_Im142,0,Normal,C:/Users/TRIPU/OneDrive/Documents/ML/end sem project/RIM-ONE_DL_images\RIM-ONE_DL_images\partitioned_by_hospital\training_set\normal\r2_Im142.png,hospital_training_set,external_test,-1,False,r2,partitioned_by_hospital/training_set,C:/Users/TRIPU/.gemini/antigravity/scratch/glaucoma_detection\data\processed\RIM-ONE\normal\RIMONE_r2_Im142.png,667,667,success,none,
RIMONE_r2_Im144,RIM-ONE,RIMONE_r2_Im144,0,Normal,C:/Users/TRIPU/OneDrive/Documents/ML/end sem project/RIM-ONE_DL_images\RIM-ONE_DL_images\partitioned_by_hospital\training_set\normal\r2_Im144.png,hospital_training_set,external_test,-1,False,r2,partitioned_by_hospital/training_set,C:/Users/TRIPU/.gemini/antigravity/scratch/glaucoma_detection\data\processed\RIM-ONE\normal\RIMONE_r2_Im144.png,568,568,success,none,
RIMONE_r2_Im146,RIM-ONE,RIMONE_r2_Im146,0,Normal,C:/Users/TRIPU/OneDrive/Documents/ML/end sem project/RIM-ONE_DL_images\RIM-ONE_DL_images\partitioned_by_hospital\training_set\normal\r2_Im146.png,hospital_training_set,external_test,-1,False,r2,partitioned_by_hospital/training_set,C:/Users/TRIPU/.gemini/antigravity/scratch/glaucoma_detection\data\processed\RIM-ONE\normal\RIMONE_r2_Im146.png,551,551,success,none,
RIMONE_r2_Im148,RIM-ONE,RIMONE_r2_Im148,0,Normal,C:/Users/TRIPU/OneDrive/Documents/ML/end sem project/RIM-ONE_DL_images\RIM-ONE_DL_images\partitioned_by_hospital\training_set\normal\r2_Im148.png,hospital_training_set,external_test,-1,False,r2,partitioned_by_hospital/training_set,C:/Users/TRIPU/.gemini/antigravity/scratch/glaucoma_detection\data\processed\RIM-ONE\normal\RIMONE_r2_Im148.png,576,576,success,none,
RIMONE_r2_Im150,RIM-ONE,RIMONE_r2_Im150,0,Normal,C:/Users/TRIPU/OneDrive/Documents/ML/end sem project/RIM-ONE_DL_images\RIM-ONE_DL_images\partitioned_by_hospital\training_set\normal\r2_Im150.png,hospital_training_set,external_test,-1,False,r2,partitioned_by_hospital/training_set,C:/Users/TRIPU/.gemini/antigravity/scratch/glaucoma_detection\data\processed\RIM-ONE\normal\RIMONE_r2_Im150.png,716,716,success,none,
RIMONE_r2_Im152,RIM-ONE,RIMONE_r2_Im152,0,Normal,C:/Users/TRIPU/OneDrive/Documents/ML/end sem project/RIM-ONE_DL_images\RIM-ONE_DL_images\partitioned_by_hospital\training_set\normal\r2_Im152.png,hospital_training_set,external_test,-1,False,r2,partitioned_by_hospital/training_set,C:/Users/TRIPU/.gemini/antigravity/scratch/glaucoma_detection\data\processed\RIM-ONE\normal\RIMONE_r2_Im152.png,658,658,success,none,
RIMONE_r2_Im154,RIM-ONE,RIMONE_r2_Im154,0,Normal,C:/Users/TRIPU/OneDrive/Documents/ML/end sem project/RIM-ONE_DL_images\RIM-ONE_DL_images\partitioned_by_hospital\training_set\normal\r2_Im154.png,hospital_training_set,external_test,-1,False,r2,partitioned_by_hospital/training_set,C:/Users/TRIPU/.gemini/antigravity/scratch/glaucoma_detection\data\processed\RIM-ONE\normal\RIMONE_r2_Im154.png,621,621,success,none,
RIMONE_r2_Im156,RIM-ONE,RIMONE_r2_Im156,0,Normal,C:/Users/TRIPU/OneDrive/Documents/ML/end sem project/RIM-ONE_DL_images\RIM-ONE_DL_images\partitioned_by_hospital\training_set\normal\r2_Im156.png,hospital_training_set,external_test,-1,False,r2,partitioned_by_hospital/training_set,C:/Users/TRIPU/.gemini/antigravity/scratch/glaucoma_detection\data\processed\RIM-ONE\normal\RIMONE_r2_Im156.png,625,625,success,none,
RIMONE_r2_Im158,RIM-ONE,RIMONE_r2_Im158,0,Normal,C:/Users/TRIPU/OneDrive/Documents/ML/end sem project/RIM-ONE_DL_images\RIM-ONE_DL_images\partitioned_by_hospital\training_set\normal\r2_Im158.png,hospital_training_set,external_test,-1,False,r2,partitioned_by_hospital/training_set,C:/Users/TRIPU/.gemini/antigravity/scratch/glaucoma_detection\data\processed\RIM-ONE\normal\RIMONE_r2_Im158.png,665,665,success,none,
RIMONE_r2_Im160,RIM-ONE,RIMONE_r2_Im160,0,Normal,C:/Users/TRIPU/OneDrive/Documents/ML/end sem project/RIM-ONE_DL_images\RIM-ONE_DL_images\partitioned_by_hospital\training_set\normal\r2_Im160.png,hospital_training_set,external_test,-1,False,r2,partitioned_by_hospital/training_set,C:/Users/TRIPU/.gemini/antigravity/scratch/glaucoma_detection\data\processed\RIM-ONE\normal\RIMONE_r2_Im160.png,660,660,success,none,
RIMONE_r2_Im162,RIM-ONE,RIMONE_r2_Im162,0,Normal,C:/Users/TRIPU/OneDrive/Documents/ML/end sem project/RIM-ONE_DL_images\RIM-ONE_DL_images\partitioned_by_hospital\training_set\normal\r2_Im162.png,hospital_training_set,external_test,-1,False,r2,partitioned_by_hospital/training_set,C:/Users/TRIPU/.gemini/antigravity/scratch/glaucoma_detection\data\processed\RIM-ONE\normal\RIMONE_r2_Im162.png,661,661,success,none,
RIMONE_r2_Im164,RIM-ONE,RIMONE_r2_Im164,0,Normal,C:/Users/TRIPU/OneDrive/Documents/ML/end sem project/RIM-ONE_DL_images\RIM-ONE_DL_images\partitioned_by_hospital\training_set\normal\r2_Im164.png,hospital_training_set,external_test,-1,False,r2,partitioned_by_hospital/training_set,C:/Users/TRIPU/.gemini/antigravity/scratch/glaucoma_detection\data\processed\RIM-ONE\normal\RIMONE_r2_Im164.png,688,688,success,none,
RIMONE_r2_Im166,RIM-ONE,RIMONE_r2_Im166,0,Normal,C:/Users/TRIPU/OneDrive/Documents/ML/end sem project/RIM-ONE_DL_images\RIM-ONE_DL_images\partitioned_by_hospital\training_set\normal\r2_Im166.png,hospital_training_set,external_test,-1,False,r2,partitioned_by_hospital/training_set,C:/Users/TRIPU/.gemini/antigravity/scratch/glaucoma_detection\data\processed\RIM-ONE\normal\RIMONE_r2_Im166.png,672,672,success,none,
RIMONE_r2_Im168,RIM-ONE,RIMONE_r2_Im168,0,Normal,C:/Users/TRIPU/OneDrive/Documents/ML/end sem project/RIM-ONE_DL_images\RIM-ONE_DL_images\partitioned_by_hospital\training_set\normal\r2_Im168.png,hospital_training_set,external_test,-1,False,r2,partitioned_by_hospital/training_set,C:/Users/TRIPU/.gemini/antigravity/scratch/glaucoma_detection\data\processed\RIM-ONE\normal\RIMONE_r2_Im168.png,587,587,success,none,
RIMONE_r2_Im170,RIM-ONE,RIMONE_r2_Im170,0,Normal,C:/Users/TRIPU/OneDrive/Documents/ML/end sem project/RIM-ONE_DL_images\RIM-ONE_DL_images\partitioned_by_hospital\training_set\normal\r2_Im170.png,hospital_training_set,external_test,-1,False,r2,partitioned_by_hospital/training_set,C:/Users/TRIPU/.gemini/antigravity/scratch/glaucoma_detection\data\processed\RIM-ONE\normal\RIMONE_r2_Im170.png,552,552,success,none,
RIMONE_r2_Im172,RIM-ONE,RIMONE_r2_Im172,0,Normal,C:/Users/TRIPU/OneDrive/Documents/ML/end sem project/RIM-ONE_DL_images\RIM-ONE_DL_images\partitioned_by_hospital\training_set\normal\r2_Im172.png,hospital_training_set,external_test,-1,False,r2,partitioned_by_hospital/training_set,C:/Users/TRIPU/.gemini/antigravity/scratch/glaucoma_detection\data\processed\RIM-ONE\normal\RIMONE_r2_Im172.png,597,597,success,none,
RIMONE_r2_Im174,RIM-ONE,RIMONE_r2_Im174,0,Normal,C:/Users/TRIPU/OneDrive/Documents/ML/end sem project/RIM-ONE_DL_images\RIM-ONE_DL_images\partitioned_by_hospital\training_set\normal\r2_Im174.png,hospital_training_set,external_test,-1,False,r2,partitioned_by_hospital/training_set,C:/Users/TRIPU/.gemini/antigravity/scratch/glaucoma_detection\data\processed\RIM-ONE\normal\RIMONE_r2_Im174.png,681,681,success,none,
RIMONE_r2_Im176,RIM-ONE,RIMONE_r2_Im176,0,Normal,C:/Users/TRIPU/OneDrive/Documents/ML/end sem project/RIM-ONE_DL_images\RIM-ONE_DL_images\partitioned_by_hospital\training_set\normal\r2_Im176.png,hospital_training_set,external_test,-1,False,r2,partitioned_by_hospital/training_set,C:/Users/TRIPU/.gemini/antigravity/scratch/glaucoma_detection\data\processed\RIM-ONE\normal\RIMONE_r2_Im176.png,763,763,success,none,
RIMONE_r2_Im178,RIM-ONE,RIMONE_r2_Im178,0,Normal,C:/Users/TRIPU/OneDrive/Documents/ML/end sem project/RIM-ONE_DL_images\RIM-ONE_DL_images\partitioned_by_hospital\training_set\normal\r2_Im178.png,hospital_training_set,external_test,-1,False,r2,partitioned_by_hospital/training_set,C:/Users/TRIPU/.gemini/antigravity/scratch/glaucoma_detection\data\processed\RIM-ONE\normal\RIMONE_r2_Im178.png,609,609,success,none,
RIMONE_r2_Im180,RIM-ONE,RIMONE_r2_Im180,0,Normal,C:/Users/TRIPU/OneDrive/Documents/ML/end sem project/RIM-ONE_DL_images\RIM-ONE_DL_images\partitioned_by_hospital\training_set\normal\r2_Im180.png,hospital_training_set,external_test,-1,False,r2,partitioned_by_hospital/training_set,C:/Users/TRIPU/.gemini/antigravity/scratch/glaucoma_detection\data\processed\RIM-ONE\normal\RIMONE_r2_Im180.png,562,562,success,none,
RIMONE_r2_Im182,RIM-ONE,RIMONE_r2_Im182,0,Normal,C:/Users/TRIPU/OneDrive/Documents/ML/end sem project/RIM-ONE_DL_images\RIM-ONE_DL_images\partitioned_by_hospital\training_set\normal\r2_Im182.png,hospital_training_set,external_test,-1,False,r2,partitioned_by_hospital/training_set,C:/Users/TRIPU/.gemini/antigravity/scratch/glaucoma_detection\data\processed\RIM-ONE\normal\RIMONE_r2_Im182.png,641,641,success,none,
RIMONE_r2_Im184,RIM-ONE,RIMONE_r2_Im184,0,Normal,C:/Users/TRIPU/OneDrive/Documents/ML/end sem project/RIM-ONE_DL_images\RIM-ONE_DL_images\partitioned_by_hospital\training_set\normal\r2_Im184.png,hospital_training_set,external_test,-1,False,r2,partitioned_by_hospital/training_set,C:/Users/TRIPU/.gemini/antigravity/scratch/glaucoma_detection\data\processed\RIM-ONE\normal\RIMONE_r2_Im184.png,562,562,success,none,
RIMONE_r2_Im186,RIM-ONE,RIMONE_r2_Im186,0,Normal,C:/Users/TRIPU/OneDrive/Documents/ML/end sem project/RIM-ONE_DL_images\RIM-ONE_DL_images\partitioned_by_hospital\training_set\normal\r2_Im186.png,hospital_training_set,external_test,-1,False,r2,partitioned_by_hospital/training_set,C:/Users/TRIPU/.gemini/antigravity/scratch/glaucoma_detection\data\processed\RIM-ONE\normal\RIMONE_r2_Im186.png,672,672,success,none,
RIMONE_r2_Im188,RIM-ONE,RIMONE_r2_Im188,0,Normal,C:/Users/TRIPU/OneDrive/Documents/ML/end sem project/RIM-ONE_DL_images\RIM-ONE_DL_images\partitioned_by_hospital\training_set\normal\r2_Im188.png,hospital_training_set,external_test,-1,False,r2,partitioned_by_hospital/training_set,C:/Users/TRIPU/.gemini/antigravity/scratch/glaucoma_detection\data\processed\RIM-ONE\normal\RIMONE_r2_Im188.png,766,766,success,none,
RIMONE_r2_Im190,RIM-ONE,RIMONE_r2_Im190,0,Normal,C:/Users/TRIPU/OneDrive/Documents/ML/end sem project/RIM-ONE_DL_images\RIM-ONE_DL_images\partitioned_by_hospital\training_set\normal\r2_Im190.png,hospital_training_set,external_test,-1,False,r2,partitioned_by_hospital/training_set,C:/Users/TRIPU/.gemini/antigravity/scratch/glaucoma_detection\data\processed\RIM-ONE\normal\RIMONE_r2_Im190.png,581,581,success,none,
RIMONE_r2_Im192,RIM-ONE,RIMONE_r2_Im192,0,Normal,C:/Users/TRIPU/OneDrive/Documents/ML/end sem project/RIM-ONE_DL_images\RIM-ONE_DL_images\partitioned_by_hospital\training_set\normal\r2_Im192.png,hospital_training_set,external_test,-1,False,r2,partitioned_by_hospital/training_set,C:/Users/TRIPU/.gemini/antigravity/scratch/glaucoma_detection\data\processed\RIM-ONE\normal\RIMONE_r2_Im192.png,663,663,success,none,
RIMONE_r2_Im194,RIM-ONE,RIMONE_r2_Im194,0,Normal,C:/Users/TRIPU/OneDrive/Documents/ML/end sem project/RIM-ONE_DL_images\RIM-ONE_DL_images\partitioned_by_hospital\training_set\normal\r2_Im194.png,hospital_training_set,external_test,-1,False,r2,partitioned_by_hospital/training_set,C:/Users/TRIPU/.gemini/antigravity/scratch/glaucoma_detection\data\processed\RIM-ONE\normal\RIMONE_r2_Im194.png,649,649,success,none,
RIMONE_r2_Im196,RIM-ONE,RIMONE_r2_Im196,0,Normal,C:/Users/TRIPU/OneDrive/Documents/ML/end sem project/RIM-ONE_DL_images\RIM-ONE_DL_images\partitioned_by_hospital\training_set\normal\r2_Im196.png,hospital_training_set,external_test,-1,False,r2,partitioned_by_hospital/training_set,C:/Users/TRIPU/.gemini/antigravity/scratch/glaucoma_detection\data\processed\RIM-ONE\normal\RIMONE_r2_Im196.png,649,649,success,none,
RIMONE_r2_Im198,RIM-ONE,RIMONE_r2_Im198,0,Normal,C:/Users/TRIPU/OneDrive/Documents/ML/end sem project/RIM-ONE_DL_images\RIM-ONE_DL_images\partitioned_by_hospital\training_set\normal\r2_Im198.png,hospital_training_set,external_test,-1,False,r2,partitioned_by_hospital/training_set,C:/Users/TRIPU/.gemini/antigravity/scratch/glaucoma_detection\data\processed\RIM-ONE\normal\RIMONE_r2_Im198.png,766,766,success,none,
RIMONE_r2_Im200,RIM-ONE,RIMONE_r2_Im200,0,Normal,C:/Users/TRIPU/OneDrive/Documents/ML/end sem project/RIM-ONE_DL_images\RIM-ONE_DL_images\partitioned_by_hospital\training_set\normal\r2_Im200.png,hospital_training_set,external_test,-1,False,r2,partitioned_by_hospital/training_set,C:/Users/TRIPU/.gemini/antigravity/scratch/glaucoma_detection\data\processed\RIM-ONE\normal\RIMONE_r2_Im200.png,619,619,success,none,
RIMONE_r2_Im202,RIM-ONE,RIMONE_r2_Im202,0,Normal,C:/Users/TRIPU/OneDrive/Documents/ML/end sem project/RIM-ONE_DL_images\RIM-ONE_DL_images\partitioned_by_hospital\training_set\normal\r2_Im202.png,hospital_training_set,external_test,-1,False,r2,partitioned_by_hospital/training_set,C:/Users/TRIPU/.gemini/antigravity/scratch/glaucoma_detection\data\processed\RIM-ONE\normal\RIMONE_r2_Im202.png,673,673,success,none,
RIMONE_r2_Im206,RIM-ONE,RIMONE_r2_Im206,0,Normal,C:/Users/TRIPU/OneDrive/Documents/ML/end sem project/RIM-ONE_DL_images\RIM-ONE_DL_images\partitioned_by_hospital\training_set\normal\r2_Im206.png,hospital_training_set,external_test,-1,False,r2,partitioned_by_hospital/training_set,C:/Users/TRIPU/.gemini/antigravity/scratch/glaucoma_detection\data\processed\RIM-ONE\normal\RIMONE_r2_Im206.png,755,755,success,none,
RIMONE_r2_Im208,RIM-ONE,RIMONE_r2_Im208,0,Normal,C:/Users/TRIPU/OneDrive/Documents/ML/end sem project/RIM-ONE_DL_images\RIM-ONE_DL_images\partitioned_by_hospital\training_set\normal\r2_Im208.png,hospital_training_set,external_test,-1,False,r2,partitioned_by_hospital/training_set,C:/Users/TRIPU/.gemini/antigravity/scratch/glaucoma_detection\data\processed\RIM-ONE\normal\RIMONE_r2_Im208.png,623,623,success,none,
RIMONE_r2_Im210,RIM-ONE,RIMONE_r2_Im210,0,Normal,C:/Users/TRIPU/OneDrive/Documents/ML/end sem project/RIM-ONE_DL_images\RIM-ONE_DL_images\partitioned_by_hospital\training_set\normal\r2_Im210.png,hospital_training_set,external_test,-1,False,r2,partitioned_by_hospital/training_set,C:/Users/TRIPU/.gemini/antigravity/scratch/glaucoma_detection\data\processed\RIM-ONE\normal\RIMONE_r2_Im210.png,595,595,success,none,
RIMONE_r2_Im212,RIM-ONE,RIMONE_r2_Im212,0,Normal,C:/Users/TRIPU/OneDrive/Documents/ML/end sem project/RIM-ONE_DL_images\RIM-ONE_DL_images\partitioned_by_hospital\training_set\normal\r2_Im212.png,hospital_training_set,external_test,-1,False,r2,partitioned_by_hospital/training_set,C:/Users/TRIPU/.gemini/antigravity/scratch/glaucoma_detection\data\processed\RIM-ONE\normal\RIMONE_r2_Im212.png,712,712,success,none,
RIMONE_r2_Im214,RIM-ONE,RIMONE_r2_Im214,0,Normal,C:/Users/TRIPU/OneDrive/Documents/ML/end sem project/RIM-ONE_DL_images\RIM-ONE_DL_images\partitioned_by_hospital\training_set\normal\r2_Im214.png,hospital_training_set,external_test,-1,False,r2,partitioned_by_hospital/training_set,C:/Users/TRIPU/.gemini/antigravity/scratch/glaucoma_detection\data\processed\RIM-ONE\normal\RIMONE_r2_Im214.png,649,649,success,none,
RIMONE_r2_Im216,RIM-ONE,RIMONE_r2_Im216,0,Normal,C:/Users/TRIPU/OneDrive/Documents/ML/end sem project/RIM-ONE_DL_images\RIM-ONE_DL_images\partitioned_by_hospital\training_set\normal\r2_Im216.png,hospital_training_set,external_test,-1,False,r2,partitioned_by_hospital/training_set,C:/Users/TRIPU/.gemini/antigravity/scratch/glaucoma_detection\data\processed\RIM-ONE\normal\RIMONE_r2_Im216.png,714,714,success,none,
RIMONE_r2_Im218,RIM-ONE,RIMONE_r2_Im218,0,Normal,C:/Users/TRIPU/OneDrive/Documents/ML/end sem project/RIM-ONE_DL_images\RIM-ONE_DL_images\partitioned_by_hospital\training_set\normal\r2_Im218.png,hospital_training_set,external_test,-1,False,r2,partitioned_by_hospital/training_set,C:/Users/TRIPU/.gemini/antigravity/scratch/glaucoma_detection\data\processed\RIM-ONE\normal\RIMONE_r2_Im218.png,573,573,success,none,
RIMONE_r2_Im220,RIM-ONE,RIMONE_r2_Im220,0,Normal,C:/Users/TRIPU/OneDrive/Documents/ML/end sem project/RIM-ONE_DL_images\RIM-ONE_DL_images\partitioned_by_hospital\training_set\normal\r2_Im220.png,hospital_training_set,external_test,-1,False,r2,partitioned_by_hospital/training_set,C:/Users/TRIPU/.gemini/antigravity/scratch/glaucoma_detection\data\processed\RIM-ONE\normal\RIMONE_r2_Im220.png,695,695,success,none,
RIMONE_r2_Im222,RIM-ONE,RIMONE_r2_Im222,0,Normal,C:/Users/TRIPU/OneDrive/Documents/ML/end sem project/RIM-ONE_DL_images\RIM-ONE_DL_images\partitioned_by_hospital\training_set\normal\r2_Im222.png,hospital_training_set,external_test,-1,False,r2,partitioned_by_hospital/training_set,C:/Users/TRIPU/.gemini/antigravity/scratch/glaucoma_detection\data\processed\RIM-ONE\normal\RIMONE_r2_Im222.png,749,749,success,none,
RIMONE_r2_Im224,RIM-ONE,RIMONE_r2_Im224,0,Normal,C:/Users/TRIPU/OneDrive/Documents/ML/end sem project/RIM-ONE_DL_images\RIM-ONE_DL_images\partitioned_by_hospital\training_set\normal\r2_Im224.png,hospital_training_set,external_test,-1,False,r2,partitioned_by_hospital/training_set,C:/Users/TRIPU/.gemini/antigravity/scratch/glaucoma_detection\data\processed\RIM-ONE\normal\RIMONE_r2_Im224.png,639,639,success,none,
RIMONE_r2_Im226,RIM-ONE,RIMONE_r2_Im226,0,Normal,C:/Users/TRIPU/OneDrive/Documents/ML/end sem project/RIM-ONE_DL_images\RIM-ONE_DL_images\partitioned_by_hospital\training_set\normal\r2_Im226.png,hospital_training_set,external_test,-1,False,r2,partitioned_by_hospital/training_set,C:/Users/TRIPU/.gemini/antigravity/scratch/glaucoma_detection\data\processed\RIM-ONE\normal\RIMONE_r2_Im226.png,652,652,success,none,
RIMONE_r2_Im228,RIM-ONE,RIMONE_r2_Im228,0,Normal,C:/Users/TRIPU/OneDrive/Documents/ML/end sem project/RIM-ONE_DL_images\RIM-ONE_DL_images\partitioned_by_hospital\training_set\normal\r2_Im228.png,hospital_training_set,external_test,-1,False,r2,partitioned_by_hospital/training_set,C:/Users/TRIPU/.gemini/antigravity/scratch/glaucoma_detection\data\processed\RIM-ONE\normal\RIMONE_r2_Im228.png,622,622,success,none,
RIMONE_r2_Im230,RIM-ONE,RIMONE_r2_Im230,0,Normal,C:/Users/TRIPU/OneDrive/Documents/ML/end sem project/RIM-ONE_DL_images\RIM-ONE_DL_images\partitioned_by_hospital\training_set\normal\r2_Im230.png,hospital_training_set,external_test,-1,False,r2,partitioned_by_hospital/training_set,C:/Users/TRIPU/.gemini/antigravity/scratch/glaucoma_detection\data\processed\RIM-ONE\normal\RIMONE_r2_Im230.png,612,612,success,none,
RIMONE_r2_Im232,RIM-ONE,RIMONE_r2_Im232,0,Normal,C:/Users/TRIPU/OneDrive/Documents/ML/end sem project/RIM-ONE_DL_images\RIM-ONE_DL_images\partitioned_by_hospital\training_set\normal\r2_Im232.png,hospital_training_set,external_test,-1,False,r2,partitioned_by_hospital/training_set,C:/Users/TRIPU/.gemini/antigravity/scratch/glaucoma_detection\data\processed\RIM-ONE\normal\RIMONE_r2_Im232.png,603,603,success,none,
RIMONE_r2_Im234,RIM-ONE,RIMONE_r2_Im234,0,Normal,C:/Users/TRIPU/OneDrive/Documents/ML/end sem project/RIM-ONE_DL_images\RIM-ONE_DL_images\partitioned_by_hospital\training_set\normal\r2_Im234.png,hospital_training_set,external_test,-1,False,r2,partitioned_by_hospital/training_set,C:/Users/TRIPU/.gemini/antigravity/scratch/glaucoma_detection\data\processed\RIM-ONE\normal\RIMONE_r2_Im234.png,625,625,success,none,
RIMONE_r2_Im236,RIM-ONE,RIMONE_r2_Im236,0,Normal,C:/Users/TRIPU/OneDrive/Documents/ML/end sem project/RIM-ONE_DL_images\RIM-ONE_DL_images\partitioned_by_hospital\training_set\normal\r2_Im236.png,hospital_training_set,external_test,-1,False,r2,partitioned_by_hospital/training_set,C:/Users/TRIPU/.gemini/antigravity/scratch/glaucoma_detection\data\processed\RIM-ONE\normal\RIMONE_r2_Im236.png,621,621,success,none,
RIMONE_r2_Im238,RIM-ONE,RIMONE_r2_Im238,0,Normal,C:/Users/TRIPU/OneDrive/Documents/ML/end sem project/RIM-ONE_DL_images\RIM-ONE_DL_images\partitioned_by_hospital\training_set\normal\r2_Im238.png,hospital_training_set,external_test,-1,False,r2,partitioned_by_hospital/training_set,C:/Users/TRIPU/.gemini/antigravity/scratch/glaucoma_detection\data\processed\RIM-ONE\normal\RIMONE_r2_Im238.png,589,589,success,none,
RIMONE_r2_Im240,RIM-ONE,RIMONE_r2_Im240,0,Normal,C:/Users/TRIPU/OneDrive/Documents/ML/end sem project/RIM-ONE_DL_images\RIM-ONE_DL_images\partitioned_by_hospital\training_set\normal\r2_Im240.png,hospital_training_set,external_test,-1,False,r2,partitioned_by_hospital/training_set,C:/Users/TRIPU/.gemini/antigravity/scratch/glaucoma_detection\data\processed\RIM-ONE\normal\RIMONE_r2_Im240.png,584,584,success,none,
RIMONE_r2_Im242,RIM-ONE,RIMONE_r2_Im242,0,Normal,C:/Users/TRIPU/OneDrive/Documents/ML/end sem project/RIM-ONE_DL_images\RIM-ONE_DL_images\partitioned_by_hospital\training_set\normal\r2_Im242.png,hospital_training_set,external_test,-1,False,r2,partitioned_by_hospital/training_set,C:/Users/TRIPU/.gemini/antigravity/scratch/glaucoma_detection\data\processed\RIM-ONE\normal\RIMONE_r2_Im242.png,666,666,success,none,
RIMONE_r2_Im244,RIM-ONE,RIMONE_r2_Im244,0,Normal,C:/Users/TRIPU/OneDrive/Documents/ML/end sem project/RIM-ONE_DL_images\RIM-ONE_DL_images\partitioned_by_hospital\training_set\normal\r2_Im244.png,hospital_training_set,external_test,-1,False,r2,partitioned_by_hospital/training_set,C:/Users/TRIPU/.gemini/antigravity/scratch/glaucoma_detection\data\processed\RIM-ONE\normal\RIMONE_r2_Im244.png,675,675,success,none,
RIMONE_r2_Im246,RIM-ONE,RIMONE_r2_Im246,0,Normal,C:/Users/TRIPU/OneDrive/Documents/ML/end sem project/RIM-ONE_DL_images\RIM-ONE_DL_images\partitioned_by_hospital\training_set\normal\r2_Im246.png,hospital_training_set,external_test,-1,False,r2,partitioned_by_hospital/training_set,C:/Users/TRIPU/.gemini/antigravity/scratch/glaucoma_detection\data\processed\RIM-ONE\normal\RIMONE_r2_Im246.png,627,627,success,none,
RIMONE_r2_Im248,RIM-ONE,RIMONE_r2_Im248,0,Normal,C:/Users/TRIPU/OneDrive/Documents/ML/end sem project/RIM-ONE_DL_images\RIM-ONE_DL_images\partitioned_by_hospital\training_set\normal\r2_Im248.png,hospital_training_set,external_test,-1,False,r2,partitioned_by_hospital/training_set,C:/Users/TRIPU/.gemini/antigravity/scratch/glaucoma_detection\data\processed\RIM-ONE\normal\RIMONE_r2_Im248.png,746,746,success,none,
RIMONE_r2_Im250,RIM-ONE,RIMONE_r2_Im250,0,Normal,C:/Users/TRIPU/OneDrive/Documents/ML/end sem project/RIM-ONE_DL_images\RIM-ONE_DL_images\partitioned_by_hospital\training_set\normal\r2_Im250.png,hospital_training_set,external_test,-1,False,r2,partitioned_by_hospital/training_set,C:/Users/TRIPU/.gemini/antigravity/scratch/glaucoma_detection\data\processed\RIM-ONE\normal\RIMONE_r2_Im250.png,689,689,success,none,
RIMONE_r2_Im252,RIM-ONE,RIMONE_r2_Im252,0,Normal,C:/Users/TRIPU/OneDrive/Documents/ML/end sem project/RIM-ONE_DL_images\RIM-ONE_DL_images\partitioned_by_hospital\training_set\normal\r2_Im252.png,hospital_training_set,external_test,-1,False,r2,partitioned_by_hospital/training_set,C:/Users/TRIPU/.gemini/antigravity/scratch/glaucoma_detection\data\processed\RIM-ONE\normal\RIMONE_r2_Im252.png,606,606,success,none,
RIMONE_r2_Im254,RIM-ONE,RIMONE_r2_Im254,0,Normal,C:/Users/TRIPU/OneDrive/Documents/ML/end sem project/RIM-ONE_DL_images\RIM-ONE_DL_images\partitioned_by_hospital\training_set\normal\r2_Im254.png,hospital_training_set,external_test,-1,False,r2,partitioned_by_hospital/training_set,C:/Users/TRIPU/.gemini/antigravity/scratch/glaucoma_detection\data\processed\RIM-ONE\normal\RIMONE_r2_Im254.png,568,568,success,none,
RIMONE_r3_N-1-L_left_half,RIM-ONE,RIMONE_r3_N-1-L_left_half,0,Normal,C:/Users/TRIPU/OneDrive/Documents/ML/end sem project/RIM-ONE_DL_images\RIM-ONE_DL_images\partitioned_by_hospital\training_set\normal\r3_N-1-L_left_half.png,hospital_training_set,external_test,-1,False,r3,partitioned_by_hospital/training_set,C:/Users/TRIPU/.gemini/antigravity/scratch/glaucoma_detection\data\processed\RIM-ONE\normal\RIMONE_r3_N-1-L_left_half.png,446,446,success,none,
RIMONE_r3_N-10-R_left_half,RIM-ONE,RIMONE_r3_N-10-R_left_half,0,Normal,C:/Users/TRIPU/OneDrive/Documents/ML/end sem project/RIM-ONE_DL_images\RIM-ONE_DL_images\partitioned_by_hospital\training_set\normal\r3_N-10-R_left_half.png,hospital_training_set,external_test,-1,False,r3,partitioned_by_hospital/training_set,C:/Users/TRIPU/.gemini/antigravity/scratch/glaucoma_detection\data\processed\RIM-ONE\normal\RIMONE_r3_N-10-R_left_half.png,434,434,success,none,
RIMONE_r3_N-11-L_left_half,RIM-ONE,RIMONE_r3_N-11-L_left_half,0,Normal,C:/Users/TRIPU/OneDrive/Documents/ML/end sem project/RIM-ONE_DL_images\RIM-ONE_DL_images\partitioned_by_hospital\training_set\normal\r3_N-11-L_left_half.png,hospital_training_set,external_test,-1,False,r3,partitioned_by_hospital/training_set,C:/Users/TRIPU/.gemini/antigravity/scratch/glaucoma_detection\data\processed\RIM-ONE\normal\RIMONE_r3_N-11-L_left_half.png,390,390,success,none,
RIMONE_r3_N-12-R_left_half,RIM-ONE,RIMONE_r3_N-12-R_left_half,0,Normal,C:/Users/TRIPU/OneDrive/Documents/ML/end sem project/RIM-ONE_DL_images\RIM-ONE_DL_images\partitioned_by_hospital\training_set\normal\r3_N-12-R_left_half.png,hospital_training_set,external_test,-1,False,r3,partitioned_by_hospital/training_set,C:/Users/TRIPU/.gemini/antigravity/scratch/glaucoma_detection\data\processed\RIM-ONE\normal\RIMONE_r3_N-12-R_left_half.png,410,410,success,none,
RIMONE_r3_N-13-L_left_half,RIM-ONE,RIMONE_r3_N-13-L_left_half,0,Normal,C:/Users/TRIPU/OneDrive/Documents/ML/end sem project/RIM-ONE_DL_images\RIM-ONE_DL_images\partitioned_by_hospital\training_set\normal\r3_N-13-L_left_half.png,hospital_training_set,external_test,-1,False,r3,partitioned_by_hospital/training_set,C:/Users/TRIPU/.gemini/antigravity/scratch/glaucoma_detection\data\processed\RIM-ONE\normal\RIMONE_r3_N-13-L_left_half.png,508,508,success,none,
RIMONE_r3_N-14-R_left_half,RIM-ONE,RIMONE_r3_N-14-R_left_half,0,Normal,C:/Users/TRIPU/OneDrive/Documents/ML/end sem project/RIM-ONE_DL_images\RIM-ONE_DL_images\partitioned_by_hospital\training_set\normal\r3_N-14-R_left_half.png,hospital_training_set,external_test,-1,False,r3,partitioned_by_hospital/training_set,C:/Users/TRIPU/.gemini/antigravity/scratch/glaucoma_detection\data\processed\RIM-ONE\normal\RIMONE_r3_N-14-R_left_half.png,464,464,success,none,
RIMONE_r3_N-16-R_left_half,RIM-ONE,RIMONE_r3_N-16-R_left_half,0,Normal,C:/Users/TRIPU/OneDrive/Documents/ML/end sem project/RIM-ONE_DL_images\RIM-ONE_DL_images\partitioned_by_hospital\training_set\normal\r3_N-16-R_left_half.png,hospital_training_set,external_test,-1,False,r3,partitioned_by_hospital/training_set,C:/Users/TRIPU/.gemini/antigravity/scratch/glaucoma_detection\data\processed\RIM-ONE\normal\RIMONE_r3_N-16-R_left_half.png,462,462,success,none,
RIMONE_r3_N-17-L_left_half,RIM-ONE,RIMONE_r3_N-17-L_left_half,0,Normal,C:/Users/TRIPU/OneDrive/Documents/ML/end sem project/RIM-ONE_DL_images\RIM-ONE_DL_images\partitioned_by_hospital\training_set\normal\r3_N-17-L_left_half.png,hospital_training_set,external_test,-1,False,r3,partitioned_by_hospital/training_set,C:/Users/TRIPU/.gemini/antigravity/scratch/glaucoma_detection\data\processed\RIM-ONE\normal\RIMONE_r3_N-17-L_left_half.png,394,394,success,none,
RIMONE_r3_N-18-R_left_half,RIM-ONE,RIMONE_r3_N-18-R_left_half,0,Normal,C:/Users/TRIPU/OneDrive/Documents/ML/end sem project/RIM-ONE_DL_images\RIM-ONE_DL_images\partitioned_by_hospital\training_set\normal\r3_N-18-R_left_half.png,hospital_training_set,external_test,-1,False,r3,partitioned_by_hospital/training_set,C:/Users/TRIPU/.gemini/antigravity/scratch/glaucoma_detection\data\processed\RIM-ONE\normal\RIMONE_r3_N-18-R_left_half.png,400,400,success,none,
RIMONE_r3_N-2-R_left_half,RIM-ONE,RIMONE_r3_N-2-R_left_half,0,Normal,C:/Users/TRIPU/OneDrive/Documents/ML/end sem project/RIM-ONE_DL_images\RIM-ONE_DL_images\partitioned_by_hospital\training_set\normal\r3_N-2-R_left_half.png,hospital_training_set,external_test,-1,False,r3,partitioned_by_hospital/training_set,C:/Users/TRIPU/.gemini/antigravity/scratch/glaucoma_detection\data\processed\RIM-ONE\normal\RIMONE_r3_N-2-R_left_half.png,422,422,success,none,
RIMONE_r3_N-20-R_left_half,RIM-ONE,RIMONE_r3_N-20-R_left_half,0,Normal,C:/Users/TRIPU/OneDrive/Documents/ML/end sem project/RIM-ONE_DL_images\RIM-ONE_DL_images\partitioned_by_hospital\training_set\normal\r3_N-20-R_left_half.png,hospital_training_set,external_test,-1,False,r3,partitioned_by_hospital/training_set,C:/Users/TRIPU/.gemini/antigravity/scratch/glaucoma_detection\data\processed\RIM-ONE\normal\RIMONE_r3_N-20-R_left_half.png,380,380,success,none,
RIMONE_r3_N-21-L_left_half,RIM-ONE,RIMONE_r3_N-21-L_left_half,0,Normal,C:/Users/TRIPU/OneDrive/Documents/ML/end sem project/RIM-ONE_DL_images\RIM-ONE_DL_images\partitioned_by_hospital\training_set\normal\r3_N-21-L_left_half.png,hospital_training_set,external_test,-1,False,r3,partitioned_by_hospital/training_set,C:/Users/TRIPU/.gemini/antigravity/scratch/glaucoma_detection\data\processed\RIM-ONE\normal\RIMONE_r3_N-21-L_left_half.png,404,404,success,none,
RIMONE_r3_N-22-R_left_half,RIM-ONE,RIMONE_r3_N-22-R_left_half,0,Normal,C:/Users/TRIPU/OneDrive/Documents/ML/end sem project/RIM-ONE_DL_images\RIM-ONE_DL_images\partitioned_by_hospital\training_set\normal\r3_N-22-R_left_half.png,hospital_training_set,external_test,-1,False,r3,partitioned_by_hospital/training_set,C:/Users/TRIPU/.gemini/antigravity/scratch/glaucoma_detection\data\processed\RIM-ONE\normal\RIMONE_r3_N-22-R_left_half.png,380,380,success,none,
RIMONE_r3_N-23-L_left_half,RIM-ONE,RIMONE_r3_N-23-L_left_half,0,Normal,C:/Users/TRIPU/OneDrive/Documents/ML/end sem project/RIM-ONE_DL_images\RIM-ONE_DL_images\partitioned_by_hospital\training_set\normal\r3_N-23-L_left_half.png,hospital_training_set,external_test,-1,False,r3,partitioned_by_hospital/training_set,C:/Users/TRIPU/.gemini/antigravity/scratch/glaucoma_detection\data\processed\RIM-ONE\normal\RIMONE_r3_N-23-L_left_half.png,498,498,success,none,
RIMONE_r3_N-24-R_left_half,RIM-ONE,RIMONE_r3_N-24-R_left_half,0,Normal,C:/Users/TRIPU/OneDrive/Documents/ML/end sem project/RIM-ONE_DL_images\RIM-ONE_DL_images\partitioned_by_hospital\training_set\normal\r3_N-24-R_left_half.png,hospital_training_set,external_test,-1,False,r3,partitioned_by_hospital/training_set,C:/Users/TRIPU/.gemini/antigravity/scratch/glaucoma_detection\data\processed\RIM-ONE\normal\RIMONE_r3_N-24-R_left_half.png,478,478,success,none,
RIMONE_r3_N-25-L_left_half,RIM-ONE,RIMONE_r3_N-25-L_left_half,0,Normal,C:/Users/TRIPU/OneDrive/Documents/ML/end sem project/RIM-ONE_DL_images\RIM-ONE_DL_images\partitioned_by_hospital\training_set\normal\r3_N-25-L_left_half.png,hospital_training_set,external_test,-1,False,r3,partitioned_by_hospital/training_set,C:/Users/TRIPU/.gemini/antigravity/scratch/glaucoma_detection\data\processed\RIM-ONE\normal\RIMONE_r3_N-25-L_left_half.png,446,446,success,none,
RIMONE_r3_N-26-R_left_half,RIM-ONE,RIMONE_r3_N-26-R_left_half,0,Normal,C:/Users/TRIPU/OneDrive/Documents/ML/end sem project/RIM-ONE_DL_images\RIM-ONE_DL_images\partitioned_by_hospital\training_set\normal\r3_N-26-R_left_half.png,hospital_training_set,external_test,-1,False,r3,partitioned_by_hospital/training_set,C:/Users/TRIPU/.gemini/antigravity/scratch/glaucoma_detection\data\processed\RIM-ONE\normal\RIMONE_r3_N-26-R_left_half.png,442,442,success,none,
RIMONE_r3_N-27-L_left_half,RIM-ONE,RIMONE_r3_N-27-L_left_half,0,Normal,C:/Users/TRIPU/OneDrive/Documents/ML/end sem project/RIM-ONE_DL_images\RIM-ONE_DL_images\partitioned_by_hospital\training_set\normal\r3_N-27-L_left_half.png,hospital_training_set,external_test,-1,False,r3,partitioned_by_hospital/training_set,C:/Users/TRIPU/.gemini/antigravity/scratch/glaucoma_detection\data\processed\RIM-ONE\normal\RIMONE_r3_N-27-L_left_half.png,404,404,success,none,
RIMONE_r3_N-28-R_left_half,RIM-ONE,RIMONE_r3_N-28-R_left_half,0,Normal,C:/Users/TRIPU/OneDrive/Documents/ML/end sem project/RIM-ONE_DL_images\RIM-ONE_DL_images\partitioned_by_hospital\training_set\normal\r3_N-28-R_left_half.png,hospital_training_set,external_test,-1,False,r3,partitioned_by_hospital/training_set,C:/Users/TRIPU/.gemini/antigravity/scratch/glaucoma_detection\data\processed\RIM-ONE\normal\RIMONE_r3_N-28-R_left_half.png,444,444,success,none,
RIMONE_r3_N-29-L_left_half,RIM-ONE,RIMONE_r3_N-29-L_left_half,0,Normal,C:/Users/TRIPU/OneDrive/Documents/ML/end sem project/RIM-ONE_DL_images\RIM-ONE_DL_images\partitioned_by_hospital\training_set\normal\r3_N-29-L_left_half.png,hospital_training_set,external_test,-1,False,r3,partitioned_by_hospital/training_set,C:/Users/TRIPU/.gemini/antigravity/scratch/glaucoma_detection\data\processed\RIM-ONE\normal\RIMONE_r3_N-29-L_left_half.png,440,440,success,none,
RIMONE_r3_N-3-L_left_half,RIM-ONE,RIMONE_r3_N-3-L_left_half,0,Normal,C:/Users/TRIPU/OneDrive/Documents/ML/end sem project/RIM-ONE_DL_images\RIM-ONE_DL_images\partitioned_by_hospital\training_set\normal\r3_N-3-L_left_half.png,hospital_training_set,external_test,-1,False,r3,partitioned_by_hospital/training_set,C:/Users/TRIPU/.gemini/antigravity/scratch/glaucoma_detection\data\processed\RIM-ONE\normal\RIMONE_r3_N-3-L_left_half.png,362,362,success,none,
RIMONE_r3_N-30-R_left_half,RIM-ONE,RIMONE_r3_N-30-R_left_half,0,Normal,C:/Users/TRIPU/OneDrive/Documents/ML/end sem project/RIM-ONE_DL_images\RIM-ONE_DL_images\partitioned_by_hospital\training_set\normal\r3_N-30-R_left_half.png,hospital_training_set,external_test,-1,False,r3,partitioned_by_hospital/training_set,C:/Users/TRIPU/.gemini/antigravity/scratch/glaucoma_detection\data\processed\RIM-ONE\normal\RIMONE_r3_N-30-R_left_half.png,424,424,success,none,
RIMONE_r3_N-31-L_left_half,RIM-ONE,RIMONE_r3_N-31-L_left_half,0,Normal,C:/Users/TRIPU/OneDrive/Documents/ML/end sem project/RIM-ONE_DL_images\RIM-ONE_DL_images\partitioned_by_hospital\training_set\normal\r3_N-31-L_left_half.png,hospital_training_set,external_test,-1,False,r3,partitioned_by_hospital/training_set,C:/Users/TRIPU/.gemini/antigravity/scratch/glaucoma_detection\data\processed\RIM-ONE\normal\RIMONE_r3_N-31-L_left_half.png,450,450,success,none,
RIMONE_r3_N-32-R_left_half,RIM-ONE,RIMONE_r3_N-32-R_left_half,0,Normal,C:/Users/TRIPU/OneDrive/Documents/ML/end sem project/RIM-ONE_DL_images\RIM-ONE_DL_images\partitioned_by_hospital\training_set\normal\r3_N-32-R_left_half.png,hospital_training_set,external_test,-1,False,r3,partitioned_by_hospital/training_set,C:/Users/TRIPU/.gemini/antigravity/scratch/glaucoma_detection\data\processed\RIM-ONE\normal\RIMONE_r3_N-32-R_left_half.png,444,444,success,none,
RIMONE_r3_N-33-L_left_half,RIM-ONE,RIMONE_r3_N-33-L_left_half,0,Normal,C:/Users/TRIPU/OneDrive/Documents/ML/end sem project/RIM-ONE_DL_images\RIM-ONE_DL_images\partitioned_by_hospital\training_set\normal\r3_N-33-L_left_half.png,hospital_training_set,external_test,-1,False,r3,partitioned_by_hospital/training_set,C:/Users/TRIPU/.gemini/antigravity/scratch/glaucoma_detection\data\processed\RIM-ONE\normal\RIMONE_r3_N-33-L_left_half.png,404,404,success,none,
RIMONE_r3_N-34-R_left_half,RIM-ONE,RIMONE_r3_N-34-R_left_half,0,Normal,C:/Users/TRIPU/OneDrive/Documents/ML/end sem project/RIM-ONE_DL_images\RIM-ONE_DL_images\partitioned_by_hospital\training_set\normal\r3_N-34-R_left_half.png,hospital_training_set,external_test,-1,False,r3,partitioned_by_hospital/training_set,C:/Users/TRIPU/.gemini/antigravity/scratch/glaucoma_detection\data\processed\RIM-ONE\normal\RIMONE_r3_N-34-R_left_half.png,406,406,success,none,
RIMONE_r3_N-35-L_left_half,RIM-ONE,RIMONE_r3_N-35-L_left_half,0,Normal,C:/Users/TRIPU/OneDrive/Documents/ML/end sem project/RIM-ONE_DL_images\RIM-ONE_DL_images\partitioned_by_hospital\training_set\normal\r3_N-35-L_left_half.png,hospital_training_set,external_test,-1,False,r3,partitioned_by_hospital/training_set,C:/Users/TRIPU/.gemini/antigravity/scratch/glaucoma_detection\data\processed\RIM-ONE\normal\RIMONE_r3_N-35-L_left_half.png,380,380,success,none,
RIMONE_r3_N-36-R_left_half,RIM-ONE,RIMONE_r3_N-36-R_left_half,0,Normal,C:/Users/TRIPU/OneDrive/Documents/ML/end sem project/RIM-ONE_DL_images\RIM-ONE_DL_images\partitioned_by_hospital\training_set\normal\r3_N-36-R_left_half.png,hospital_training_set,external_test,-1,False,r3,partitioned_by_hospital/training_set,C:/Users/TRIPU/.gemini/antigravity/scratch/glaucoma_detection\data\processed\RIM-ONE\normal\RIMONE_r3_N-36-R_left_half.png,396,396,success,none,
RIMONE_r3_N-37-L_left_half,RIM-ONE,RIMONE_r3_N-37-L_left_half,0,Normal,C:/Users/TRIPU/OneDrive/Documents/ML/end sem project/RIM-ONE_DL_images\RIM-ONE_DL_images\partitioned_by_hospital\training_set\normal\r3_N-37-L_left_half.png,hospital_training_set,external_test,-1,False,r3,partitioned_by_hospital/training_set,C:/Users/TRIPU/.gemini/antigravity/scratch/glaucoma_detection\data\processed\RIM-ONE\normal\RIMONE_r3_N-37-L_left_half.png,362,362,success,none,
RIMONE_r3_N-38-R_left_half,RIM-ONE,RIMONE_r3_N-38-R_left_half,0,Normal,C:/Users/TRIPU/OneDrive/Documents/ML/end sem project/RIM-ONE_DL_images\RIM-ONE_DL_images\partitioned_by_hospital\training_set\normal\r3_N-38-R_left_half.png,hospital_training_set,external_test,-1,False,r3,partitioned_by_hospital/training_set,C:/Users/TRIPU/.gemini/antigravity/scratch/glaucoma_detection\data\processed\RIM-ONE\normal\RIMONE_r3_N-38-R_left_half.png,430,430,success,none,
RIMONE_r3_N-39-L_left_half,RIM-ONE,RIMONE_r3_N-39-L_left_half,0,Normal,C:/Users/TRIPU/OneDrive/Documents/ML/end sem project/RIM-ONE_DL_images\RIM-ONE_DL_images\partitioned_by_hospital\training_set\normal\r3_N-39-L_left_half.png,hospital_training_set,external_test,-1,False,r3,partitioned_by_hospital/training_set,C:/Users/TRIPU/.gemini/antigravity/scratch/glaucoma_detection\data\processed\RIM-ONE\normal\RIMONE_r3_N-39-L_left_half.png,456,456,success,none,
RIMONE_r3_N-4-R_left_half,RIM-ONE,RIMONE_r3_N-4-R_left_half,0,Normal,C:/Users/TRIPU/OneDrive/Documents/ML/end sem project/RIM-ONE_DL_images\RIM-ONE_DL_images\partitioned_by_hospital\training_set\normal\r3_N-4-R_left_half.png,hospital_training_set,external_test,-1,False,r3,partitioned_by_hospital/training_set,C:/Users/TRIPU/.gemini/antigravity/scratch/glaucoma_detection\data\processed\RIM-ONE\normal\RIMONE_r3_N-4-R_left_half.png,378,378,success,none,
RIMONE_r3_N-40-R_left_half,RIM-ONE,RIMONE_r3_N-40-R_left_half,0,Normal,C:/Users/TRIPU/OneDrive/Documents/ML/end sem project/RIM-ONE_DL_images\RIM-ONE_DL_images\partitioned_by_hospital\training_set\normal\r3_N-40-R_left_half.png,hospital_training_set,external_test,-1,False,r3,partitioned_by_hospital/training_set,C:/Users/TRIPU/.gemini/antigravity/scratch/glaucoma_detection\data\processed\RIM-ONE\normal\RIMONE_r3_N-40-R_left_half.png,436,436,success,none,
RIMONE_r3_N-41-L_left_half,RIM-ONE,RIMONE_r3_N-41-L_left_half,0,Normal,C:/Users/TRIPU/OneDrive/Documents/ML/end sem project/RIM-ONE_DL_images\RIM-ONE_DL_images\partitioned_by_hospital\training_set\normal\r3_N-41-L_left_half.png,hospital_training_set,external_test,-1,False,r3,partitioned_by_hospital/training_set,C:/Users/TRIPU/.gemini/antigravity/scratch/glaucoma_detection\data\processed\RIM-ONE\normal\RIMONE_r3_N-41-L_left_half.png,414,414,success,none,
RIMONE_r3_N-42-R_left_half,RIM-ONE,RIMONE_r3_N-42-R_left_half,0,Normal,C:/Users/TRIPU/OneDrive/Documents/ML/end sem project/RIM-ONE_DL_images\RIM-ONE_DL_images\partitioned_by_hospital\training_set\normal\r3_N-42-R_left_half.png,hospital_training_set,external_test,-1,False,r3,partitioned_by_hospital/training_set,C:/Users/TRIPU/.gemini/antigravity/scratch/glaucoma_detection\data\processed\RIM-ONE\normal\RIMONE_r3_N-42-R_left_half.png,436,436,success,none,
RIMONE_r3_N-43-L_left_half,RIM-ONE,RIMONE_r3_N-43-L_left_half,0,Normal,C:/Users/TRIPU/OneDrive/Documents/ML/end sem project/RIM-ONE_DL_images\RIM-ONE_DL_images\partitioned_by_hospital\training_set\normal\r3_N-43-L_left_half.png,hospital_training_set,external_test,-1,False,r3,partitioned_by_hospital/training_set,C:/Users/TRIPU/.gemini/antigravity/scratch/glaucoma_detection\data\processed\RIM-ONE\normal\RIMONE_r3_N-43-L_left_half.png,430,430,success,none,
RIMONE_r3_N-44-R_left_half,RIM-ONE,RIMONE_r3_N-44-R_left_half,0,Normal,C:/Users/TRIPU/OneDrive/Documents/ML/end sem project/RIM-ONE_DL_images\RIM-ONE_DL_images\partitioned_by_hospital\training_set\normal\r3_N-44-R_left_half.png,hospital_training_set,external_test,-1,False,r3,partitioned_by_hospital/training_set,C:/Users/TRIPU/.gemini/antigravity/scratch/glaucoma_detection\data\processed\RIM-ONE\normal\RIMONE_r3_N-44-R_left_half.png,458,458,success,none,
RIMONE_r3_N-46-R_left_half,RIM-ONE,RIMONE_r3_N-46-R_left_half,0,Normal,C:/Users/TRIPU/OneDrive/Documents/ML/end sem project/RIM-ONE_DL_images\RIM-ONE_DL_images\partitioned_by_hospital\training_set\normal\r3_N-46-R_left_half.png,hospital_training_set,external_test,-1,False,r3,partitioned_by_hospital/training_set,C:/Users/TRIPU/.gemini/antigravity/scratch/glaucoma_detection\data\processed\RIM-ONE\normal\RIMONE_r3_N-46-R_left_half.png,416,416,success,none,
RIMONE_r3_N-47-L_left_half,RIM-ONE,RIMONE_r3_N-47-L_left_half,0,Normal,C:/Users/TRIPU/OneDrive/Documents/ML/end sem project/RIM-ONE_DL_images\RIM-ONE_DL_images\partitioned_by_hospital\training_set\normal\r3_N-47-L_left_half.png,hospital_training_set,external_test,-1,False,r3,partitioned_by_hospital/training_set,C:/Users/TRIPU/.gemini/antigravity/scratch/glaucoma_detection\data\processed\RIM-ONE\normal\RIMONE_r3_N-47-L_left_half.png,444,444,success,none,
RIMONE_r3_N-48-R_left_half,RIM-ONE,RIMONE_r3_N-48-R_left_half,0,Normal,C:/Users/TRIPU/OneDrive/Documents/ML/end sem project/RIM-ONE_DL_images\RIM-ONE_DL_images\partitioned_by_hospital\training_set\normal\r3_N-48-R_left_half.png,hospital_training_set,external_test,-1,False,r3,partitioned_by_hospital/training_set,C:/Users/TRIPU/.gemini/antigravity/scratch/glaucoma_detection\data\processed\RIM-ONE\normal\RIMONE_r3_N-48-R_left_half.png,450,450,success,none,
RIMONE_r3_N-49-L_left_half,RIM-ONE,RIMONE_r3_N-49-L_left_half,0,Normal,C:/Users/TRIPU/OneDrive/Documents/ML/end sem project/RIM-ONE_DL_images\RIM-ONE_DL_images\partitioned_by_hospital\training_set\normal\r3_N-49-L_left_half.png,hospital_training_set,external_test,-1,False,r3,partitioned_by_hospital/training_set,C:/Users/TRIPU/.gemini/antigravity/scratch/glaucoma_detection\data\processed\RIM-ONE\normal\RIMONE_r3_N-49-L_left_half.png,416,416,success,none,
RIMONE_r3_N-5-L_left_half,RIM-ONE,RIMONE_r3_N-5-L_left_half,0,Normal,C:/Users/TRIPU/OneDrive/Documents/ML/end sem project/RIM-ONE_DL_images\RIM-ONE_DL_images\partitioned_by_hospital\training_set\normal\r3_N-5-L_left_half.png,hospital_training_set,external_test,-1,False,r3,partitioned_by_hospital/training_set,C:/Users/TRIPU/.gemini/antigravity/scratch/glaucoma_detection\data\processed\RIM-ONE\normal\RIMONE_r3_N-5-L_left_half.png,384,384,success,none,
RIMONE_r3_N-50-R_left_half,RIM-ONE,RIMONE_r3_N-50-R_left_half,0,Normal,C:/Users/TRIPU/OneDrive/Documents/ML/end sem project/RIM-ONE_DL_images\RIM-ONE_DL_images\partitioned_by_hospital\training_set\normal\r3_N-50-R_left_half.png,hospital_training_set,external_test,-1,False,r3,partitioned_by_hospital/training_set,C:/Users/TRIPU/.gemini/antigravity/scratch/glaucoma_detection\data\processed\RIM-ONE\normal\RIMONE_r3_N-50-R_left_half.png,392,392,success,none,
RIMONE_r3_N-51-L_left_half,RIM-ONE,RIMONE_r3_N-51-L_left_half,0,Normal,C:/Users/TRIPU/OneDrive/Documents/ML/end sem project/RIM-ONE_DL_images\RIM-ONE_DL_images\partitioned_by_hospital\training_set\normal\r3_N-51-L_left_half.png,hospital_training_set,external_test,-1,False,r3,partitioned_by_hospital/training_set,C:/Users/TRIPU/.gemini/antigravity/scratch/glaucoma_detection\data\processed\RIM-ONE\normal\RIMONE_r3_N-51-L_left_half.png,470,470,success,none,
RIMONE_r3_N-52-R_left_half,RIM-ONE,RIMONE_r3_N-52-R_left_half,0,Normal,C:/Users/TRIPU/OneDrive/Documents/ML/end sem project/RIM-ONE_DL_images\RIM-ONE_DL_images\partitioned_by_hospital\training_set\normal\r3_N-52-R_left_half.png,hospital_training_set,external_test,-1,False,r3,partitioned_by_hospital/training_set,C:/Users/TRIPU/.gemini/antigravity/scratch/glaucoma_detection\data\processed\RIM-ONE\normal\RIMONE_r3_N-52-R_left_half.png,428,428,success,none,
RIMONE_r3_N-53-L_left_half,RIM-ONE,RIMONE_r3_N-53-L_left_half,0,Normal,C:/Users/TRIPU/OneDrive/Documents/ML/end sem project/RIM-ONE_DL_images\RIM-ONE_DL_images\partitioned_by_hospital\training_set\normal\r3_N-53-L_left_half.png,hospital_training_set,external_test,-1,False,r3,partitioned_by_hospital/training_set,C:/Users/TRIPU/.gemini/antigravity/scratch/glaucoma_detection\data\processed\RIM-ONE\normal\RIMONE_r3_N-53-L_left_half.png,460,460,success,none,
RIMONE_r3_N-54-R_left_half,RIM-ONE,RIMONE_r3_N-54-R_left_half,0,Normal,C:/Users/TRIPU/OneDrive/Documents/ML/end sem project/RIM-ONE_DL_images\RIM-ONE_DL_images\partitioned_by_hospital\training_set\normal\r3_N-54-R_left_half.png,hospital_training_set,external_test,-1,False,r3,partitioned_by_hospital/training_set,C:/Users/TRIPU/.gemini/antigravity/scratch/glaucoma_detection\data\processed\RIM-ONE\normal\RIMONE_r3_N-54-R_left_half.png,478,478,success,none,
RIMONE_r3_N-55-L_left_half,RIM-ONE,RIMONE_r3_N-55-L_left_half,0,Normal,C:/Users/TRIPU/OneDrive/Documents/ML/end sem project/RIM-ONE_DL_images\RIM-ONE_DL_images\partitioned_by_hospital\training_set\normal\r3_N-55-L_left_half.png,hospital_training_set,external_test,-1,False,r3,partitioned_by_hospital/training_set,C:/Users/TRIPU/.gemini/antigravity/scratch/glaucoma_detection\data\processed\RIM-ONE\normal\RIMONE_r3_N-55-L_left_half.png,328,328,success,none,
RIMONE_r3_N-56-R_left_half,RIM-ONE,RIMONE_r3_N-56-R_left_half,0,Normal,C:/Users/TRIPU/OneDrive/Documents/ML/end sem project/RIM-ONE_DL_images\RIM-ONE_DL_images\partitioned_by_hospital\training_set\normal\r3_N-56-R_left_half.png,hospital_training_set,external_test,-1,False,r3,partitioned_by_hospital/training_set,C:/Users/TRIPU/.gemini/antigravity/scratch/glaucoma_detection\data\processed\RIM-ONE\normal\RIMONE_r3_N-56-R_left_half.png,322,322,success,none,
RIMONE_r3_N-58-R_left_half,RIM-ONE,RIMONE_r3_N-58-R_left_half,0,Normal,C:/Users/TRIPU/OneDrive/Documents/ML/end sem project/RIM-ONE_DL_images\RIM-ONE_DL_images\partitioned_by_hospital\training_set\normal\r3_N-58-R_left_half.png,hospital_training_set,external_test,-1,False,r3,partitioned_by_hospital/training_set,C:/Users/TRIPU/.gemini/antigravity/scratch/glaucoma_detection\data\processed\RIM-ONE\normal\RIMONE_r3_N-58-R_left_half.png,424,424,success,none,
RIMONE_r3_N-59-L_left_half,RIM-ONE,RIMONE_r3_N-59-L_left_half,0,Normal,C:/Users/TRIPU/OneDrive/Documents/ML/end sem project/RIM-ONE_DL_images\RIM-ONE_DL_images\partitioned_by_hospital\training_set\normal\r3_N-59-L_left_half.png,hospital_training_set,external_test,-1,False,r3,partitioned_by_hospital/training_set,C:/Users/TRIPU/.gemini/antigravity/scratch/glaucoma_detection\data\processed\RIM-ONE\normal\RIMONE_r3_N-59-L_left_half.png,346,346,success,none,
RIMONE_r3_N-6-R_left_half,RIM-ONE,RIMONE_r3_N-6-R_left_half,0,Normal,C:/Users/TRIPU/OneDrive/Documents/ML/end sem project/RIM-ONE_DL_images\RIM-ONE_DL_images\partitioned_by_hospital\training_set\normal\r3_N-6-R_left_half.png,hospital_training_set,external_test,-1,False,r3,partitioned_by_hospital/training_set,C:/Users/TRIPU/.gemini/antigravity/scratch/glaucoma_detection\data\processed\RIM-ONE\normal\RIMONE_r3_N-6-R_left_half.png,400,400,success,none,
RIMONE_r3_N-61-L_left_half,RIM-ONE,RIMONE_r3_N-61-L_left_half,0,Normal,C:/Users/TRIPU/OneDrive/Documents/ML/end sem project/RIM-ONE_DL_images\RIM-ONE_DL_images\partitioned_by_hospital\training_set\normal\r3_N-61-L_left_half.png,hospital_training_set,external_test,-1,False,r3,partitioned_by_hospital/training_set,C:/Users/TRIPU/.gemini/antigravity/scratch/glaucoma_detection\data\processed\RIM-ONE\normal\RIMONE_r3_N-61-L_left_half.png,374,374,success,none,
RIMONE_r3_N-62-R_left_half,RIM-ONE,RIMONE_r3_N-62-R_left_half,0,Normal,C:/Users/TRIPU/OneDrive/Documents/ML/end sem project/RIM-ONE_DL_images\RIM-ONE_DL_images\partitioned_by_hospital\training_set\normal\r3_N-62-R_left_half.png,hospital_training_set,external_test,-1,False,r3,partitioned_by_hospital/training_set,C:/Users/TRIPU/.gemini/antigravity/scratch/glaucoma_detection\data\processed\RIM-ONE\normal\RIMONE_r3_N-62-R_left_half.png,420,420,success,none,
RIMONE_r3_N-63-L_left_half,RIM-ONE,RIMONE_r3_N-63-L_left_half,0,Normal,C:/Users/TRIPU/OneDrive/Documents/ML/end sem project/RIM-ONE_DL_images\RIM-ONE_DL_images\partitioned_by_hospital\training_set\normal\r3_N-63-L_left_half.png,hospital_training_set,external_test,-1,False,r3,partitioned_by_hospital/training_set,C:/Users/TRIPU/.gemini/antigravity/scratch/glaucoma_detection\data\processed\RIM-ONE\normal\RIMONE_r3_N-63-L_left_half.png,432,432,success,none,
RIMONE_r3_N-64-R_left_half,RIM-ONE,RIMONE_r3_N-64-R_left_half,0,Normal,C:/Users/TRIPU/OneDrive/Documents/ML/end sem project/RIM-ONE_DL_images\RIM-ONE_DL_images\partitioned_by_hospital\training_set\normal\r3_N-64-R_left_half.png,hospital_training_set,external_test,-1,False,r3,partitioned_by_hospital/training_set,C:/Users/TRIPU/.gemini/antigravity/scratch/glaucoma_detection\data\processed\RIM-ONE\normal\RIMONE_r3_N-64-R_left_half.png,452,452,success,none,
RIMONE_r3_N-65-L_left_half,RIM-ONE,RIMONE_r3_N-65-L_left_half,0,Normal,C:/Users/TRIPU/OneDrive/Documents/ML/end sem project/RIM-ONE_DL_images\RIM-ONE_DL_images\partitioned_by_hospital\training_set\normal\r3_N-65-L_left_half.png,hospital_training_set,external_test,-1,False,r3,partitioned_by_hospital/training_set,C:/Users/TRIPU/.gemini/antigravity/scratch/glaucoma_detection\data\processed\RIM-ONE\normal\RIMONE_r3_N-65-L_left_half.png,458,458,success,none,
RIMONE_r3_N-66-R_left_half,RIM-ONE,RIMONE_r3_N-66-R_left_half,0,Normal,C:/Users/TRIPU/OneDrive/Documents/ML/end sem project/RIM-ONE_DL_images\RIM-ONE_DL_images\partitioned_by_hospital\training_set\normal\r3_N-66-R_left_half.png,hospital_training_set,external_test,-1,False,r3,partitioned_by_hospital/training_set,C:/Users/TRIPU/.gemini/antigravity/scratch/glaucoma_detection\data\processed\RIM-ONE\normal\RIMONE_r3_N-66-R_left_half.png,438,438,success,none,
RIMONE_r3_N-67-L_left_half,RIM-ONE,RIMONE_r3_N-67-L_left_half,0,Normal,C:/Users/TRIPU/OneDrive/Documents/ML/end sem project/RIM-ONE_DL_images\RIM-ONE_DL_images\partitioned_by_hospital\training_set\normal\r3_N-67-L_left_half.png,hospital_training_set,external_test,-1,False,r3,partitioned_by_hospital/training_set,C:/Users/TRIPU/.gemini/antigravity/scratch/glaucoma_detection\data\processed\RIM-ONE\normal\RIMONE_r3_N-67-L_left_half.png,380,380,success,none,
RIMONE_r3_N-68-R_left_half,RIM-ONE,RIMONE_r3_N-68-R_left_half,0,Normal,C:/Users/TRIPU/OneDrive/Documents/ML/end sem project/RIM-ONE_DL_images\RIM-ONE_DL_images\partitioned_by_hospital\training_set\normal\r3_N-68-R_left_half.png,hospital_training_set,external_test,-1,False,r3,partitioned_by_hospital/training_set,C:/Users/TRIPU/.gemini/antigravity/scratch/glaucoma_detection\data\processed\RIM-ONE\normal\RIMONE_r3_N-68-R_left_half.png,372,372,success,none,
RIMONE_r3_N-69-L_left_half,RIM-ONE,RIMONE_r3_N-69-L_left_half,0,Normal,C:/Users/TRIPU/OneDrive/Documents/ML/end sem project/RIM-ONE_DL_images\RIM-ONE_DL_images\partitioned_by_hospital\training_set\normal\r3_N-69-L_left_half.png,hospital_training_set,external_test,-1,False,r3,partitioned_by_hospital/training_set,C:/Users/TRIPU/.gemini/antigravity/scratch/glaucoma_detection\data\processed\RIM-ONE\normal\RIMONE_r3_N-69-L_left_half.png,348,348,success,none,
RIMONE_r3_N-7-L_left_half,RIM-ONE,RIMONE_r3_N-7-L_left_half,0,Normal,C:/Users/TRIPU/OneDrive/Documents/ML/end sem project/RIM-ONE_DL_images\RIM-ONE_DL_images\partitioned_by_hospital\training_set\normal\r3_N-7-L_left_half.png,hospital_training_set,external_test,-1,False,r3,partitioned_by_hospital/training_set,C:/Users/TRIPU/.gemini/antigravity/scratch/glaucoma_detection\data\processed\RIM-ONE\normal\RIMONE_r3_N-7-L_left_half.png,454,454,success,none,
RIMONE_r3_N-70-R_left_half,RIM-ONE,RIMONE_r3_N-70-R_left_half,0,Normal,C:/Users/TRIPU/OneDrive/Documents/ML/end sem project/RIM-ONE_DL_images\RIM-ONE_DL_images\partitioned_by_hospital\training_set\normal\r3_N-70-R_left_half.png,hospital_training_set,external_test,-1,False,r3,partitioned_by_hospital/training_set,C:/Users/TRIPU/.gemini/antigravity/scratch/glaucoma_detection\data\processed\RIM-ONE\normal\RIMONE_r3_N-70-R_left_half.png,344,344,success,none,
RIMONE_r3_N-71-L_left_half,RIM-ONE,RIMONE_r3_N-71-L_left_half,0,Normal,C:/Users/TRIPU/OneDrive/Documents/ML/end sem project/RIM-ONE_DL_images\RIM-ONE_DL_images\partitioned_by_hospital\training_set\normal\r3_N-71-L_left_half.png,hospital_training_set,external_test,-1,False,r3,partitioned_by_hospital/training_set,C:/Users/TRIPU/.gemini/antigravity/scratch/glaucoma_detection\data\processed\RIM-ONE\normal\RIMONE_r3_N-71-L_left_half.png,394,394,success,none,
RIMONE_r3_N-72-R_left_half,RIM-ONE,RIMONE_r3_N-72-R_left_half,0,Normal,C:/Users/TRIPU/OneDrive/Documents/ML/end sem project/RIM-ONE_DL_images\RIM-ONE_DL_images\partitioned_by_hospital\training_set\normal\r3_N-72-R_left_half.png,hospital_training_set,external_test,-1,False,r3,partitioned_by_hospital/training_set,C:/Users/TRIPU/.gemini/antigravity/scratch/glaucoma_detection\data\processed\RIM-ONE\normal\RIMONE_r3_N-72-R_left_half.png,376,376,success,none,
RIMONE_r3_N-73-R_left_half,RIM-ONE,RIMONE_r3_N-73-R_left_half,0,Normal,C:/Users/TRIPU/OneDrive/Documents/ML/end sem project/RIM-ONE_DL_images\RIM-ONE_DL_images\partitioned_by_hospital\training_set\normal\r3_N-73-R_left_half.png,hospital_training_set,external_test,-1,False,r3,partitioned_by_hospital/training_set,C:/Users/TRIPU/.gemini/antigravity/scratch/glaucoma_detection\data\processed\RIM-ONE\normal\RIMONE_r3_N-73-R_left_half.png,374,374,success,none,
RIMONE_r3_N-74-L_left_half,RIM-ONE,RIMONE_r3_N-74-L_left_half,0,Normal,C:/Users/TRIPU/OneDrive/Documents/ML/end sem project/RIM-ONE_DL_images\RIM-ONE_DL_images\partitioned_by_hospital\training_set\normal\r3_N-74-L_left_half.png,hospital_training_set,external_test,-1,False,r3,partitioned_by_hospital/training_set,C:/Users/TRIPU/.gemini/antigravity/scratch/glaucoma_detection\data\processed\RIM-ONE\normal\RIMONE_r3_N-74-L_left_half.png,386,386,success,none,
RIMONE_r3_N-75-R_left_half,RIM-ONE,RIMONE_r3_N-75-R_left_half,0,Normal,C:/Users/TRIPU/OneDrive/Documents/ML/end sem project/RIM-ONE_DL_images\RIM-ONE_DL_images\partitioned_by_hospital\training_set\normal\r3_N-75-R_left_half.png,hospital_training_set,external_test,-1,False,r3,partitioned_by_hospital/training_set,C:/Users/TRIPU/.gemini/antigravity/scratch/glaucoma_detection\data\processed\RIM-ONE\normal\RIMONE_r3_N-75-R_left_half.png,416,416,success,none,
RIMONE_r3_N-76-R_left_half,RIM-ONE,RIMONE_r3_N-76-R_left_half,0,Normal,C:/Users/TRIPU/OneDrive/Documents/ML/end sem project/RIM-ONE_DL_images\RIM-ONE_DL_images\partitioned_by_hospital\training_set\normal\r3_N-76-R_left_half.png,hospital_training_set,external_test,-1,False,r3,partitioned_by_hospital/training_set,C:/Users/TRIPU/.gemini/antigravity/scratch/glaucoma_detection\data\processed\RIM-ONE\normal\RIMONE_r3_N-76-R_left_half.png,400,400,success,none,
RIMONE_r3_N-78-R_left_half,RIM-ONE,RIMONE_r3_N-78-R_left_half,0,Normal,C:/Users/TRIPU/OneDrive/Documents/ML/end sem project/RIM-ONE_DL_images\RIM-ONE_DL_images\partitioned_by_hospital\training_set\normal\r3_N-78-R_left_half.png,hospital_training_set,external_test,-1,False,r3,partitioned_by_hospital/training_set,C:/Users/TRIPU/.gemini/antigravity/scratch/glaucoma_detection\data\processed\RIM-ONE\normal\RIMONE_r3_N-78-R_left_half.png,348,348,success,none,
RIMONE_r3_N-79-L_left_half,RIM-ONE,RIMONE_r3_N-79-L_left_half,0,Normal,C:/Users/TRIPU/OneDrive/Documents/ML/end sem project/RIM-ONE_DL_images\RIM-ONE_DL_images\partitioned_by_hospital\training_set\normal\r3_N-79-L_left_half.png,hospital_training_set,external_test,-1,False,r3,partitioned_by_hospital/training_set,C:/Users/TRIPU/.gemini/antigravity/scratch/glaucoma_detection\data\processed\RIM-ONE\normal\RIMONE_r3_N-79-L_left_half.png,378,378,success,none,
RIMONE_r3_N-8-L_left_half,RIM-ONE,RIMONE_r3_N-8-L_left_half,0,Normal,C:/Users/TRIPU/OneDrive/Documents/ML/end sem project/RIM-ONE_DL_images\RIM-ONE_DL_images\partitioned_by_hospital\training_set\normal\r3_N-8-L_left_half.png,hospital_training_set,external_test,-1,False,r3,partitioned_by_hospital/training_set,C:/Users/TRIPU/.gemini/antigravity/scratch/glaucoma_detection\data\processed\RIM-ONE\normal\RIMONE_r3_N-8-L_left_half.png,402,402,success,none,
RIMONE_r3_N-80-R_left_half,RIM-ONE,RIMONE_r3_N-80-R_left_half,0,Normal,C:/Users/TRIPU/OneDrive/Documents/ML/end sem project/RIM-ONE_DL_images\RIM-ONE_DL_images\partitioned_by_hospital\training_set\normal\r3_N-80-R_left_half.png,hospital_training_set,external_test,-1,False,r3,partitioned_by_hospital/training_set,C:/Users/TRIPU/.gemini/antigravity/scratch/glaucoma_detection\data\processed\RIM-ONE\normal\RIMONE_r3_N-80-R_left_half.png,386,386,success,none,
RIMONE_r3_N-81-L_left_half,RIM-ONE,RIMONE_r3_N-81-L_left_half,0,Normal,C:/Users/TRIPU/OneDrive/Documents/ML/end sem project/RIM-ONE_DL_images\RIM-ONE_DL_images\partitioned_by_hospital\training_set\normal\r3_N-81-L_left_half.png,hospital_training_set,external_test,-1,False,r3,partitioned_by_hospital/training_set,C:/Users/TRIPU/.gemini/antigravity/scratch/glaucoma_detection\data\processed\RIM-ONE\normal\RIMONE_r3_N-81-L_left_half.png,486,486,success,none,
RIMONE_r3_N-82-R_left_half,RIM-ONE,RIMONE_r3_N-82-R_left_half,0,Normal,C:/Users/TRIPU/OneDrive/Documents/ML/end sem project/RIM-ONE_DL_images\RIM-ONE_DL_images\partitioned_by_hospital\training_set\normal\r3_N-82-R_left_half.png,hospital_training_set,external_test,-1,False,r3,partitioned_by_hospital/training_set,C:/Users/TRIPU/.gemini/antigravity/scratch/glaucoma_detection\data\processed\RIM-ONE\normal\RIMONE_r3_N-82-R_left_half.png,490,490,success,none,
RIMONE_r3_N-83-L_left_half,RIM-ONE,RIMONE_r3_N-83-L_left_half,0,Normal,C:/Users/TRIPU/OneDrive/Documents/ML/end sem project/RIM-ONE_DL_images\RIM-ONE_DL_images\partitioned_by_hospital\training_set\normal\r3_N-83-L_left_half.png,hospital_training_set,external_test,-1,False,r3,partitioned_by_hospital/training_set,C:/Users/TRIPU/.gemini/antigravity/scratch/glaucoma_detection\data\processed\RIM-ONE\normal\RIMONE_r3_N-83-L_left_half.png,462,462,success,none,
RIMONE_r3_N-84-R_left_half,RIM-ONE,RIMONE_r3_N-84-R_left_half,0,Normal,C:/Users/TRIPU/OneDrive/Documents/ML/end sem project/RIM-ONE_DL_images\RIM-ONE_DL_images\partitioned_by_hospital\training_set\normal\r3_N-84-R_left_half.png,hospital_training_set,external_test,-1,False,r3,partitioned_by_hospital/training_set,C:/Users/TRIPU/.gemini/antigravity/scratch/glaucoma_detection\data\processed\RIM-ONE\normal\RIMONE_r3_N-84-R_left_half.png,428,428,success,none,
RIMONE_r3_N-85-L_left_half,RIM-ONE,RIMONE_r3_N-85-L_left_half,0,Normal,C:/Users/TRIPU/OneDrive/Documents/ML/end sem project/RIM-ONE_DL_images\RIM-ONE_DL_images\partitioned_by_hospital\training_set\normal\r3_N-85-L_left_half.png,hospital_training_set,external_test,-1,False,r3,partitioned_by_hospital/training_set,C:/Users/TRIPU/.gemini/antigravity/scratch/glaucoma_detection\data\processed\RIM-ONE\normal\RIMONE_r3_N-85-L_left_half.png,372,372,success,none,
RIMONE_r3_N-86-R_left_half,RIM-ONE,RIMONE_r3_N-86-R_left_half,0,Normal,C:/Users/TRIPU/OneDrive/Documents/ML/end sem project/RIM-ONE_DL_images\RIM-ONE_DL_images\partitioned_by_hospital\training_set\normal\r3_N-86-R_left_half.png,hospital_training_set,external_test,-1,False,r3,partitioned_by_hospital/training_set,C:/Users/TRIPU/.gemini/antigravity/scratch/glaucoma_detection\data\processed\RIM-ONE\normal\RIMONE_r3_N-86-R_left_half.png,324,324,success,none,
RIMONE_r3_N-87-L_left_half,RIM-ONE,RIMONE_r3_N-87-L_left_half,0,Normal,C:/Users/TRIPU/OneDrive/Documents/ML/end sem project/RIM-ONE_DL_images\RIM-ONE_DL_images\partitioned_by_hospital\training_set\normal\r3_N-87-L_left_half.png,hospital_training_set,external_test,-1,False,r3,partitioned_by_hospital/training_set,C:/Users/TRIPU/.gemini/antigravity/scratch/glaucoma_detection\data\processed\RIM-ONE\normal\RIMONE_r3_N-87-L_left_half.png,318,318,success,none,
RIMONE_r3_N-88-R_left_half,RIM-ONE,RIMONE_r3_N-88-R_left_half,0,Normal,C:/Users/TRIPU/OneDrive/Documents/ML/end sem project/RIM-ONE_DL_images\RIM-ONE_DL_images\partitioned_by_hospital\training_set\normal\r3_N-88-R_left_half.png,hospital_training_set,external_test,-1,False,r3,partitioned_by_hospital/training_set,C:/Users/TRIPU/.gemini/antigravity/scratch/glaucoma_detection\data\processed\RIM-ONE\normal\RIMONE_r3_N-88-R_left_half.png,324,324,success,none,
RIMONE_r3_N-9-L_left_half,RIM-ONE,RIMONE_r3_N-9-L_left_half,0,Normal,C:/Users/TRIPU/OneDrive/Documents/ML/end sem project/RIM-ONE_DL_images\RIM-ONE_DL_images\partitioned_by_hospital\training_set\normal\r3_N-9-L_left_half.png,hospital_training_set,external_test,-1,False,r3,partitioned_by_hospital/training_set,C:/Users/TRIPU/.gemini/antigravity/scratch/glaucoma_detection\data\processed\RIM-ONE\normal\RIMONE_r3_N-9-L_left_half.png,418,418,success,none,
RIMONE_r3_N-90-R_left_half,RIM-ONE,RIMONE_r3_N-90-R_left_half,0,Normal,C:/Users/TRIPU/OneDrive/Documents/ML/end sem project/RIM-ONE_DL_images\RIM-ONE_DL_images\partitioned_by_hospital\training_set\normal\r3_N-90-R_left_half.png,hospital_training_set,external_test,-1,False,r3,partitioned_by_hospital/training_set,C:/Users/TRIPU/.gemini/antigravity/scratch/glaucoma_detection\data\processed\RIM-ONE\normal\RIMONE_r3_N-90-R_left_half.png,404,404,success,none,
RIMONE_r3_N-91-L_left_half,RIM-ONE,RIMONE_r3_N-91-L_left_half,0,Normal,C:/Users/TRIPU/OneDrive/Documents/ML/end sem project/RIM-ONE_DL_images\RIM-ONE_DL_images\partitioned_by_hospital\training_set\normal\r3_N-91-L_left_half.png,hospital_training_set,external_test,-1,False,r3,partitioned_by_hospital/training_set,C:/Users/TRIPU/.gemini/antigravity/scratch/glaucoma_detection\data\processed\RIM-ONE\normal\RIMONE_r3_N-91-L_left_half.png,422,422,success,none,
RIMONE_r3_N-92-R_left_half,RIM-ONE,RIMONE_r3_N-92-R_left_half,0,Normal,C:/Users/TRIPU/OneDrive/Documents/ML/end sem project/RIM-ONE_DL_images\RIM-ONE_DL_images\partitioned_by_hospital\training_set\normal\r3_N-92-R_left_half.png,hospital_training_set,external_test,-1,False,r3,partitioned_by_hospital/training_set,C:/Users/TRIPU/.gemini/antigravity/scratch/glaucoma_detection\data\processed\RIM-ONE\normal\RIMONE_r3_N-92-R_left_half.png,382,382,success,none,
