image_id,outer_fold,hospital,y_true,y_prob,y_pred
RIMONE_r1_Im069,0,r1,1,0.69,1
RIMONE_r1_Im103,0,r1,1,0.73,1
RIMONE_r1_Im113,0,r1,1,0.67,1
RIMONE_r1_Im117,0,r1,1,0.72,1
RIMONE_r1_Im118,0,r1,1,0.72,1
RIMONE_r1_Im120,0,r1,1,0.65,1
RIMONE_r1_Im121,0,r1,1,0.74,1
RIMONE_r1_Im122,0,r1,1,0.75,1
RIMONE_r1_Im135,0,r1,1,0.74,1
RIMONE_r1_Im144,0,r1,1,0.75,1
RIMONE_r1_Im158,0,r1,1,0.74,1
RIMONE_r1_Im167,0,r1,1,0.74,1
RIMONE_r2_Im257,0,r2,1,0.61,1
RIMONE_r2_Im258,0,r2,1,0.57,1
RIMONE_r2_Im260,0,r2,1,0.59,1
RIMONE_r2_Im263,0,r2,1,0.41,0
RIMONE_r2_Im264,0,r2,1,0.45,0
RIMONE_r2_Im266,0,r2,1,0.61,1
RIMONE_r2_Im267,0,r2,1,0.55,1
RIMONE_r2_Im268,0,r2,1,0.53,1
RIMONE_r2_Im269,0,r2,1,0.65,1
RIMONE_r2_Im270,0,r2,1,0.68,1
RIMONE_r2_Im273,0,r2,1,0.65,1
RIMONE_r2_Im275,0,r2,1,0.8,1
RIMONE_r2_Im277,0,r2,1,0.62,1
RIMONE_r2_Im281,0,r2,1,0.79,1
RIMONE_r2_Im287,0,r2,1,0.57,1
RIMONE_r2_Im288,0,r2,1,0.65,1
RIMONE_r2_Im289,0,r2,1,0.59,1
RIMONE_r2_Im290,0,r2,1,0.58,1
RIMONE_r2_Im291,0,r2,1,0.75,1
RIMONE_r2_Im292,0,r2,1,0.74,1
RIMONE_r2_Im293,0,r2,1,0.54,1
RIMONE_r2_Im294,0,r2,1,0.51,1
RIMONE_r2_Im301,0,r2,1,0.59,1
RIMONE_r2_Im302,0,r2,1,0.54,1
RIMONE_r2_Im303,0,r2,1,0.54,1
RIMONE_r2_Im305,0,r2,1,0.52,1
RIMONE_r2_Im314,0,r2,1,0.57,1
RIMONE_r2_Im315,0,r2,1,0.59,1
RIMONE_r2_Im317,0,r2,1,0.64,1
RIMONE_r2_Im318,0,r2,1,0.58,1
RIMONE_r2_Im319,0,r2,1,0.67,1
RIMONE_r2_Im320,0,r2,1,0.58,1
RIMONE_r2_Im321,0,r2,1,0.43,0
RIMONE_r2_Im324,0,r2,1,0.61,1
RIMONE_r2_Im329,0,r2,1,0.74,1
RIMONE_r2_Im330,0,r2,1,0.76,1
RIMONE_r2_Im331,0,r2,1,0.56,1
RIMONE_r2_Im332,0,r2,1,0.62,1
RIMONE_r2_Im333,0,r2,1,0.59,1
RIMONE_r2_Im334,0,r2,1,0.63,1
RIMONE_r2_Im338,0,r2,1,0.55,1
RIMONE_r2_Im339,0,r2,1,0.64,1
RIMONE_r2_Im343,0,r2,1,0.59,1
RIMONE_r2_Im344,0,r2,1,0.53,1
RIMONE_r1_Im001,0,r1,0,0.6,1
RIMONE_r1_Im003,0,r1,0,0.74,1
RIMONE_r1_Im004,0,r1,0,0.73,1
RIMONE_r1_Im006,0,r1,0,0.76,1
RIMONE_r1_Im008,0,r1,0,0.63,1
RIMONE_r1_Im011,0,r1,0,0.58,1
RIMONE_r1_Im012,0,r1,0,0.58,1
RIMONE_r1_Im014,0,r1,0,0.63,1
RIMONE_r1_Im015,0,r1,0,0.71,1
RIMONE_r1_Im019,0,r1,0,0.56,1
RIMONE_r1_Im020,0,r1,0,0.6,1
RIMONE_r1_Im022,0,r1,0,0.79,1
RIMONE_r1_Im023,0,r1,0,0.79,1
RIMONE_r1_Im024,0,r1,0,0.74,1
RIMONE_r1_Im025,0,r1,0,0.72,1
RIMONE_r1_Im026,0,r1,0,0.62,1
RIMONE_r1_Im027,0,r1,0,0.58,1
RIMONE_r1_Im028,0,r1,0,0.78,1
RIMONE_r1_Im029,0,r1,0,0.77,1
RIMONE_r1_Im031,0,r1,0,0.71,1
RIMONE_r1_Im032,0,r1,0,0.7,1
RIMONE_r1_Im033,0,r1,0,0.68,1
RIMONE_r1_Im036,0,r1,0,0.76,1
RIMONE_r1_Im037,0,r1,0,0.76,1
RIMONE_r1_Im040,0,r1,0,0.67,1
RIMONE_r1_Im041,0,r1,0,0.61,1
RIMONE_r1_Im042,0,r1,0,0.58,1
RIMONE_r1_Im046,0,r1,0,0.55,1
RIMONE_r1_Im047,0,r1,0,0.64,1
RIMONE_r1_Im050,0,r1,0,0.68,1
RIMONE_r1_Im052,0,r1,0,0.66,1
RIMONE_r1_Im054,0,r1,0,0.62,1
RIMONE_r1_Im055,0,r1,0,0.72,1
RIMONE_r1_Im056,0,r1,0,0.73,1
RIMONE_r1_Im057,0,r1,0,0.71,1
RIMONE_r1_Im058,0,r1,0,0.72,1
RIMONE_r1_Im059,0,r1,0,0.59,1
RIMONE_r1_Im060,0,r1,0,0.74,1
RIMONE_r1_Im061,0,r1,0,0.65,1
RIMONE_r1_Im062,0,r1,0,0.78,1
RIMONE_r1_Im063,0,r1,0,0.82,1
RIMONE_r1_Im071,0,r1,0,0.72,1
RIMONE_r1_Im072,0,r1,0,0.77,1
RIMONE_r1_Im073,0,r1,0,0.74,1
RIMONE_r1_Im080,0,r1,0,0.75,1
RIMONE_r1_Im082,0,r1,0,0.71,1
RIMONE_r1_Im086,0,r1,0,0.72,1
RIMONE_r1_Im087,0,r1,0,0.72,1
RIMONE_r1_Im095,0,r1,0,0.8,1
RIMONE_r1_Im107,0,r1,0,0.71,1
RIMONE_r1_Im108,0,r1,0,0.77,1
RIMONE_r1_Im115,0,r1,0,0.75,1
RIMONE_r1_Im116,0,r1,0,0.78,1
RIMONE_r1_Im119,0,r1,0,0.75,1
RIMONE_r1_Im125,0,r1,0,0.72,1
RIMONE_r1_Im127,0,r1,0,0.77,1
RIMONE_r1_Im128,0,r1,0,0.65,1
RIMONE_r1_Im129,0,r1,0,0.7,1
RIMONE_r1_Im130,0,r1,0,0.77,1
RIMONE_r1_Im131,0,r1,0,0.76,1
RIMONE_r1_Im132,0,r1,0,0.7,1
RIMONE_r1_Im133,0,r1,0,0.74,1
RIMONE_r1_Im136,0,r1,0,0.71,1
RIMONE_r1_Im137,0,r1,0,0.73,1
RIMONE_r1_Im138,0,r1,0,0.75,1
RIMONE_r1_Im142,0,r1,0,0.78,1
RIMONE_r1_Im143,0,r1,0,0.75,1
RIMONE_r1_Im145,0,r1,0,0.77,1
RIMONE_r1_Im146,0,r1,0,0.71,1
RIMONE_r1_Im149,0,r1,0,0.73,1
RIMONE_r1_Im150,0,r1,0,0.78,1
RIMONE_r1_Im151,0,r1,0,0.76,1
RIMONE_r1_Im152,0,r1,0,0.77,1
RIMONE_r1_Im153,0,r1,0,0.77,1
RIMONE_r1_Im154,0,r1,0,0.74,1
RIMONE_r1_Im155,0,r1,0,0.75,1
RIMONE_r1_Im156,0,r1,0,0.7,1
RIMONE_r1_Im159,0,r1,0,0.64,1
RIMONE_r1_Im161,0,r1,0,0.74,1
RIMONE_r1_Im162,0,r1,0,0.74,1
RIMONE_r1_Im163,0,r1,0,0.7,1
RIMONE_r1_Im164,0,r1,0,0.78,1
RIMONE_r1_Im165,0,r1,0,0.74,1
RIMONE_r1_Im166,0,r1,0,0.69,1
RIMONE_r1_Im168,0,r1,0,0.78,1
RIMONE_r1_Im169,0,r1,0,0.7,1
RIMONE_r2_Im001,0,r2,0,0.55,1
RIMONE_r2_Im002,0,r2,0,0.64,1
RIMONE_r2_Im003,0,r2,0,0.59,1
RIMONE_r2_Im004,0,r2,0,0.59,1
RIMONE_r2_Im005,0,r2,0,0.59,1
RIMONE_r2_Im006,0,r2,0,0.59,1
RIMONE_r2_Im007,0,r2,0,0.62,1
RIMONE_r2_Im009,0,r2,0,0.67,1
RIMONE_r2_Im010,0,r2,0,0.57,1
RIMONE_r2_Im011,0,r2,0,0.57,1
RIMONE_r2_Im012,0,r2,0,0.61,1
RIMONE_r2_Im013,0,r2,0,0.57,1
RIMONE_r2_Im014,0,r2,0,0.59,1
RIMONE_r2_Im015,0,r2,0,0.65,1
RIMONE_r2_Im016,0,r2,0,0.73,1
RIMONE_r2_Im017,0,r2,0,0.58,1
RIMONE_r2_Im018,0,r2,0,0.56,1
RIMONE_r2_Im019,0,r2,0,0.6,1
RIMONE_r2_Im020,0,r2,0,0.63,1
RIMONE_r2_Im021,0,r2,0,0.63,1
RIMONE_r2_Im022,0,r2,0,0.72,1
RIMONE_r2_Im023,0,r2,0,0.61,1
RIMONE_r2_Im024,0,r2,0,0.59,1
RIMONE_r2_Im025,0,r2,0,0.68,1
RIMONE_r2_Im026,0,r2,0,0.68,1
RIMONE_r2_Im027,0,r2,0,0.59,1
RIMONE_r2_Im028,0,r2,0,0.78,1
RIMONE_r2_Im029,0,r2,0,0.69,1
RIMONE_r2_Im030,0,r2,0,0.6,1
RIMONE_r2_Im031,0,r2,0,0.64,1
RIMONE_r2_Im032,0,r2,0,0.65,1
RIMONE_r2_Im033,0,r2,0,0.58,1
RIMONE_r2_Im347,0,r2,1,0.54,1
RIMONE_r2_Im348,0,r2,1,0.57,1
RIMONE_r2_Im351,0,r2,1,0.56,1
RIMONE_r2_Im352,0,r2,1,0.6,1
RIMONE_r2_Im354,0,r2,1,0.61,1
RIMONE_r2_Im355,0,r2,1,0.69,1
RIMONE_r2_Im356,0,r2,1,0.64,1
RIMONE_r2_Im357,0,r2,1,0.62,1
RIMONE_r2_Im358,0,r2,1,0.62,1
RIMONE_r2_Im362,0,r2,1,0.72,1
RIMONE_r2_Im365,0,r2,1,0.67,1
RIMONE_r2_Im366,0,r2,1,0.59,1
RIMONE_r2_Im369,0,r2,1,0.52,1
RIMONE_r2_Im373,0,r2,1,0.58,1
RIMONE_r2_Im376,0,r2,1,0.72,1
RIMONE_r2_Im377,0,r2,1,0.56,1
RIMONE_r2_Im383,0,r2,1,0.73,1
RIMONE_r2_Im384,0,r2,1,0.63,1
RIMONE_r2_Im385,0,r2,1,0.65,1
RIMONE_r2_Im387,0,r2,1,0.57,1
RIMONE_r2_Im388,0,r2,1,0.62,1
RIMONE_r2_Im389,0,r2,1,0.62,1
RIMONE_r2_Im390,0,r2,1,0.73,1
RIMONE_r2_Im391,0,r2,1,0.67,1
RIMONE_r2_Im392,0,r2,1,0.59,1
RIMONE_r2_Im393,0,r2,1,0.55,1
RIMONE_r2_Im398,0,r2,1,0.58,1
RIMONE_r2_Im399,0,r2,1,0.6,1
RIMONE_r2_Im400,0,r2,1,0.63,1
RIMONE_r2_Im401,0,r2,1,0.64,1
RIMONE_r2_Im402,0,r2,1,0.74,1
RIMONE_r2_Im403,0,r2,1,0.71,1
RIMONE_r2_Im404,0,r2,1,0.74,1
RIMONE_r2_Im406,0,r2,1,0.66,1
RIMONE_r2_Im407,0,r2,1,0.59,1
RIMONE_r2_Im408,0,r2,1,0.64,1
RIMONE_r2_Im414,0,r2,1,0.66,1
RIMONE_r2_Im415,0,r2,1,0.63,1
RIMONE_r2_Im416,0,r2,1,0.68,1
RIMONE_r2_Im418,0,r2,1,0.7,1
RIMONE_r2_Im419,0,r2,1,0.64,1
RIMONE_r2_Im420,0,r2,1,0.64,1
RIMONE_r2_Im421,0,r2,1,0.63,1
RIMONE_r2_Im422,0,r2,1,0.58,1
RIMONE_r2_Im424,0,r2,1,0.66,1
RIMONE_r2_Im427,0,r2,1,0.58,1
RIMONE_r2_Im428,0,r2,1,0.75,1
RIMONE_r2_Im429,0,r2,1,0.65,1
RIMONE_r2_Im432,0,r2,1,0.56,1
RIMONE_r2_Im433,0,r2,1,0.57,1
RIMONE_r2_Im436,0,r2,1,0.58,1
RIMONE_r2_Im439,0,r2,1,0.8,1
RIMONE_r2_Im441,0,r2,1,0.71,1
RIMONE_r2_Im442,0,r2,1,0.72,1
RIMONE_r2_Im443,0,r2,1,0.74,1
RIMONE_r2_Im444,0,r2,1,0.57,1
RIMONE_r2_Im445,0,r2,1,0.65,1
RIMONE_r2_Im448,0,r2,1,0.55,1
RIMONE_r2_Im449,0,r2,1,0.57,1
RIMONE_r2_Im450,0,r2,1,0.62,1
RIMONE_r2_Im451,0,r2,1,0.68,1
RIMONE_r2_Im453,0,r2,1,0.7,1
RIMONE_r2_Im454,0,r2,1,0.56,1
RIMONE_r2_Im455,0,r2,1,0.62,1
RIMONE_r3_G-1-L_left_half,0,r3,1,0.74,1
RIMONE_r3_G-10-L_left_half,0,r3,1,0.71,1
RIMONE_r3_G-11-R_left_half,0,r3,1,0.7,1
RIMONE_r3_G-12-L_left_half,0,r3,1,0.79,1
RIMONE_r3_G-13-R_left_half,0,r3,1,0.62,1
RIMONE_r3_G-14-R_left_half,0,r3,1,0.76,1
RIMONE_r3_G-15-L_left_half,0,r3,1,0.74,1
RIMONE_r3_G-16-R_left_half,0,r3,1,0.69,1
RIMONE_r3_G-17-L_left_half,0,r3,1,0.66,1
RIMONE_r3_G-18-R_left_half,0,r3,1,0.75,1
RIMONE_r3_G-2-R_left_half,0,r3,1,0.75,1
RIMONE_r3_G-22-L_left_half,0,r3,1,0.69,1
RIMONE_r3_G-23-R_left_half,0,r3,1,0.68,1
RIMONE_r3_G-25-L_left_half,0,r3,1,0.71,1
RIMONE_r3_G-27-R_left_half,0,r3,1,0.61,1
RIMONE_r3_G-29-R_left_half,0,r3,1,0.72,1
RIMONE_r3_G-3-R_left_half,0,r3,1,0.66,1
RIMONE_r3_G-30-L_left_half,0,r3,1,0.69,1
RIMONE_r3_G-31-R_left_half,0,r3,1,0.72,1
RIMONE_r3_G-32-L_left_half,0,r3,1,0.68,1
RIMONE_r3_G-33-R_left_half,0,r3,1,0.73,1
RIMONE_r3_G-34-L_left_half,0,r3,1,0.62,1
RIMONE_r3_G-35-R_left_half,0,r3,1,0.76,1
RIMONE_r3_G-37-R_left_half,0,r3,1,0.65,1
RIMONE_r3_G-38-L_left_half,0,r3,1,0.74,1
RIMONE_r3_G-39-L_left_half,0,r3,1,0.71,1
RIMONE_r3_G-6-L_left_half,0,r3,1,0.73,1
RIMONE_r3_G-8-R_left_half,0,r3,1,0.72,1
RIMONE_r3_G-9-R_left_half,0,r3,1,0.7,1
RIMONE_r3_S-1-L_left_half,0,r3,1,0.66,1
RIMONE_r3_S-10-R_left_half,0,r3,1,0.59,1
RIMONE_r3_S-11-L_left_half,0,r3,1,0.73,1
RIMONE_r3_S-12-L_left_half,0,r3,1,0.57,1
RIMONE_r3_S-13-R_left_half,0,r3,1,0.76,1
RIMONE_r3_S-14-R_left_half,0,r3,1,0.72,1
RIMONE_r3_S-18-L_left_half,0,r3,1,0.82,1
RIMONE_r3_S-19-R_left_half,0,r3,1,0.7,1
RIMONE_r3_S-2-L_left_half,0,r3,1,0.79,1
RIMONE_r3_S-20-L_left_half,0,r3,1,0.75,1
RIMONE_r3_S-21-R_left_half,0,r3,1,0.67,1
RIMONE_r3_S-25-L_left_half,0,r3,1,0.63,1
RIMONE_r3_S-26-R_left_half,0,r3,1,0.66,1
RIMONE_r3_S-28-R_left_half,0,r3,1,0.73,1
RIMONE_r3_S-29-R_left_half,0,r3,1,0.77,1
RIMONE_r3_S-30-L_left_half,0,r3,1,0.78,1
RIMONE_r3_S-31-L_left_half,0,r3,1,0.78,1
RIMONE_r3_S-32-L_left_half,0,r3,1,0.79,1
RIMONE_r3_S-33-R_left_half,0,r3,1,0.77,1
RIMONE_r3_S-35-R_left_half,0,r3,1,0.73,1
RIMONE_r3_S-4-L_left_half,0,r3,1,0.64,1
RIMONE_r3_S-6-R_left_half,0,r3,1,0.69,1
RIMONE_r3_S-9-L_left_half,0,r3,1,0.58,1
RIMONE_r2_Im034,0,r2,0,0.71,1
RIMONE_r2_Im036,0,r2,0,0.8,1
RIMONE_r2_Im038,0,r2,0,0.77,1
RIMONE_r2_Im040,0,r2,0,0.67,1
RIMONE_r2_Im042,0,r2,0,0.67,1
RIMONE_r2_Im044,0,r2,0,0.71,1
RIMONE_r2_Im046,0,r2,0,0.66,1
RIMONE_r2_Im048,0,r2,0,0.67,1
RIMONE_r2_Im050,0,r2,0,0.74,1
RIMONE_r2_Im052,0,r2,0,0.65,1
RIMONE_r2_Im054,0,r2,0,0.69,1
RIMONE_r2_Im056,0,r2,0,0.61,1
RIMONE_r2_Im058,0,r2,0,0.6,1
RIMONE_r2_Im060,0,r2,0,0.66,1
RIMONE_r2_Im062,0,r2,0,0.72,1
RIMONE_r2_Im064,0,r2,0,0.8,1
RIMONE_r2_Im066,0,r2,0,0.61,1
RIMONE_r2_Im068,0,r2,0,0.76,1
RIMONE_r2_Im070,0,r2,0,0.74,1
RIMONE_r2_Im072,0,r2,0,0.68,1
RIMONE_r2_Im074,0,r2,0,0.61,1
RIMONE_r2_Im076,0,r2,0,0.65,1
RIMONE_r2_Im078,0,r2,0,0.79,1
RIMONE_r2_Im080,0,r2,0,0.63,1
RIMONE_r2_Im082,0,r2,0,0.73,1
RIMONE_r2_Im084,0,r2,0,0.67,1
RIMONE_r2_Im086,0,r2,0,0.81,1
RIMONE_r2_Im088,0,r2,0,0.66,1
RIMONE_r2_Im090,0,r2,0,0.74,1
RIMONE_r2_Im092,0,r2,0,0.63,1
RIMONE_r2_Im094,0,r2,0,0.71,1
RIMONE_r2_Im096,0,r2,0,0.79,1
RIMONE_r2_Im098,0,r2,0,0.78,1
RIMONE_r2_Im100,0,r2,0,0.73,1
RIMONE_r2_Im102,0,r2,0,0.65,1
RIMONE_r2_Im104,0,r2,0,0.78,1
RIMONE_r2_Im106,0,r2,0,0.65,1
RIMONE_r2_Im108,0,r2,0,0.73,1
RIMONE_r2_Im110,0,r2,0,0.71,1
RIMONE_r2_Im112,0,r2,0,0.56,1
RIMONE_r2_Im114,0,r2,0,0.63,1
RIMONE_r2_Im116,0,r2,0,0.65,1
RIMONE_r2_Im118,0,r2,0,0.71,1
RIMONE_r2_Im120,0,r2,0,0.81,1
RIMONE_r2_Im122,0,r2,0,0.78,1
RIMONE_r2_Im124,0,r2,0,0.67,1
RIMONE_r2_Im126,0,r2,0,0.59,1
RIMONE_r2_Im128,0,r2,0,0.7,1
RIMONE_r2_Im130,0,r2,0,0.81,1
RIMONE_r2_Im132,0,r2,0,0.81,1
RIMONE_r2_Im134,0,r2,0,0.72,1
RIMONE_r2_Im136,0,r2,0,0.78,1
RIMONE_r2_Im138,0,r2,0,0.66,1
RIMONE_r2_Im140,0,r2,0,0.81,1
RIMONE_r2_Im142,0,r2,0,0.82,1
RIMONE_r2_Im144,0,r2,0,0.62,1
RIMONE_r2_Im146,0,r2,0,0.76,1
RIMONE_r2_Im148,0,r2,0,0.76,1
RIMONE_r2_Im150,0,r2,0,0.76,1
RIMONE_r2_Im152,0,r2,0,0.78,1
RIMONE_r2_Im154,0,r2,0,0.63,1
RIMONE_r2_Im156,0,r2,0,0.81,1
RIMONE_r2_Im158,0,r2,0,0.76,1
RIMONE_r2_Im160,0,r2,0,0.82,1
RIMONE_r2_Im162,0,r2,0,0.67,1
RIMONE_r2_Im164,0,r2,0,0.64,1
RIMONE_r2_Im166,0,r2,0,0.63,1
RIMONE_r2_Im168,0,r2,0,0.56,1
RIMONE_r2_Im170,0,r2,0,0.73,1
RIMONE_r2_Im172,0,r2,0,0.73,1
RIMONE_r2_Im174,0,r2,0,0.62,1
RIMONE_r2_Im176,0,r2,0,0.74,1
RIMONE_r2_Im178,0,r2,0,0.74,1
RIMONE_r2_Im180,0,r2,0,0.62,1
RIMONE_r2_Im182,0,r2,0,0.73,1
RIMONE_r2_Im184,0,r2,0,0.64,1
RIMONE_r2_Im186,0,r2,0,0.76,1
RIMONE_r2_Im188,0,r2,0,0.75,1
RIMONE_r2_Im190,0,r2,0,0.58,1
RIMONE_r2_Im192,0,r2,0,0.76,1
RIMONE_r2_Im194,0,r2,0,0.7,1
RIMONE_r2_Im196,0,r2,0,0.78,1
RIMONE_r2_Im198,0,r2,0,0.79,1
RIMONE_r2_Im200,0,r2,0,0.74,1
RIMONE_r2_Im202,0,r2,0,0.72,1
RIMONE_r2_Im206,0,r2,0,0.81,1
RIMONE_r2_Im208,0,r2,0,0.73,1
RIMONE_r2_Im210,0,r2,0,0.66,1
RIMONE_r2_Im212,0,r2,0,0.79,1
RIMONE_r2_Im214,0,r2,0,0.67,1
RIMONE_r2_Im216,0,r2,0,0.81,1
RIMONE_r2_Im218,0,r2,0,0.63,1
RIMONE_r2_Im220,0,r2,0,0.66,1
RIMONE_r2_Im222,0,r2,0,0.68,1
RIMONE_r2_Im224,0,r2,0,0.78,1
RIMONE_r2_Im226,0,r2,0,0.6,1
RIMONE_r2_Im228,0,r2,0,0.69,1
RIMONE_r2_Im230,0,r2,0,0.58,1
RIMONE_r2_Im232,0,r2,0,0.73,1
RIMONE_r2_Im234,0,r2,0,0.75,1
RIMONE_r2_Im236,0,r2,0,0.72,1
RIMONE_r2_Im238,0,r2,0,0.74,1
RIMONE_r2_Im240,0,r2,0,0.67,1
RIMONE_r2_Im242,0,r2,0,0.71,1
RIMONE_r2_Im244,0,r2,0,0.81,1
RIMONE_r2_Im246,0,r2,0,0.71,1
RIMONE_r2_Im248,0,r2,0,0.81,1
RIMONE_r2_Im250,0,r2,0,0.66,1
RIMONE_r2_Im252,0,r2,0,0.62,1
RIMONE_r2_Im254,0,r2,0,0.77,1
RIMONE_r3_N-1-L_left_half,0,r3,0,0.73,1
RIMONE_r3_N-10-R_left_half,0,r3,0,0.68,1
RIMONE_r3_N-11-L_left_half,0,r3,0,0.6,1
RIMONE_r3_N-12-R_left_half,0,r3,0,0.59,1
RIMONE_r3_N-13-L_left_half,0,r3,0,0.65,1
RIMONE_r3_N-14-R_left_half,0,r3,0,0.81,1
RIMONE_r3_N-16-R_left_half,0,r3,0,0.81,1
RIMONE_r3_N-17-L_left_half,0,r3,0,0.73,1
RIMONE_r3_N-18-R_left_half,0,r3,0,0.74,1
RIMONE_r3_N-2-R_left_half,0,r3,0,0.77,1
RIMONE_r3_N-20-R_left_half,0,r3,0,0.81,1
RIMONE_r3_N-21-L_left_half,0,r3,0,0.58,1
RIMONE_r3_N-22-R_left_half,0,r3,0,0.58,1
RIMONE_r3_N-23-L_left_half,0,r3,0,0.73,1
RIMONE_r3_N-24-R_left_half,0,r3,0,0.66,1
RIMONE_r3_N-25-L_left_half,0,r3,0,0.78,1
RIMONE_r3_N-26-R_left_half,0,r3,0,0.81,1
RIMONE_r3_N-27-L_left_half,0,r3,0,0.81,1
RIMONE_r3_N-28-R_left_half,0,r3,0,0.81,1
RIMONE_r3_N-29-L_left_half,0,r3,0,0.7,1
RIMONE_r3_N-3-L_left_half,0,r3,0,0.78,1
RIMONE_r3_N-30-R_left_half,0,r3,0,0.71,1
RIMONE_r3_N-31-L_left_half,0,r3,0,0.76,1
RIMONE_r3_N-32-R_left_half,0,r3,0,0.75,1
RIMONE_r3_N-33-L_left_half,0,r3,0,0.8,1
RIMONE_r3_N-34-R_left_half,0,r3,0,0.79,1
RIMONE_r3_N-35-L_left_half,0,r3,0,0.79,1
RIMONE_r3_N-36-R_left_half,0,r3,0,0.73,1
RIMONE_r3_N-37-L_left_half,0,r3,0,0.75,1
RIMONE_r3_N-38-R_left_half,0,r3,0,0.62,1
RIMONE_r3_N-39-L_left_half,0,r3,0,0.78,1
RIMONE_r3_N-4-R_left_half,0,r3,0,0.74,1
RIMONE_r3_N-40-R_left_half,0,r3,0,0.7,1
RIMONE_r3_N-41-L_left_half,0,r3,0,0.72,1
RIMONE_r3_N-42-R_left_half,0,r3,0,0.74,1
RIMONE_r3_N-43-L_left_half,0,r3,0,0.72,1
RIMONE_r3_N-44-R_left_half,0,r3,0,0.77,1
RIMONE_r3_N-46-R_left_half,0,r3,0,0.7,1
RIMONE_r3_N-47-L_left_half,0,r3,0,0.8,1
RIMONE_r3_N-48-R_left_half,0,r3,0,0.58,1
RIMONE_r3_N-49-L_left_half,0,r3,0,0.76,1
RIMONE_r3_N-5-L_left_half,0,r3,0,0.8,1
RIMONE_r3_N-50-R_left_half,0,r3,0,0.71,1
RIMONE_r3_N-51-L_left_half,0,r3,0,0.67,1
RIMONE_r3_N-52-R_left_half,0,r3,0,0.66,1
RIMONE_r3_N-53-L_left_half,0,r3,0,0.68,1
RIMONE_r3_N-54-R_left_half,0,r3,0,0.63,1
RIMONE_r3_N-55-L_left_half,0,r3,0,0.78,1
RIMONE_r3_N-56-R_left_half,0,r3,0,0.75,1
RIMONE_r3_N-58-R_left_half,0,r3,0,0.78,1
RIMONE_r3_N-59-L_left_half,0,r3,0,0.76,1
RIMONE_r3_N-6-R_left_half,0,r3,0,0.76,1
RIMONE_r3_N-61-L_left_half,0,r3,0,0.59,1
RIMONE_r3_N-62-R_left_half,0,r3,0,0.61,1
RIMONE_r3_N-63-L_left_half,0,r3,0,0.76,1
RIMONE_r3_N-64-R_left_half,0,r3,0,0.78,1
RIMONE_r3_N-65-L_left_half,0,r3,0,0.75,1
RIMONE_r3_N-66-R_left_half,0,r3,0,0.64,1
RIMONE_r3_N-67-L_left_half,0,r3,0,0.69,1
RIMONE_r3_N-68-R_left_half,0,r3,0,0.77,1
RIMONE_r3_N-69-L_left_half,0,r3,0,0.76,1
RIMONE_r3_N-7-L_left_half,0,r3,0,0.73,1
RIMONE_r3_N-70-R_left_half,0,r3,0,0.74,1
RIMONE_r3_N-71-L_left_half,0,r3,0,0.76,1
RIMONE_r3_N-72-R_left_half,0,r3,0,0.78,1
RIMONE_r3_N-73-R_left_half,0,r3,0,0.73,1
RIMONE_r3_N-74-L_left_half,0,r3,0,0.69,1
RIMONE_r3_N-75-R_left_half,0,r3,0,0.75,1
RIMONE_r3_N-76-R_left_half,0,r3,0,0.68,1
RIMONE_r3_N-78-R_left_half,0,r3,0,0.72,1
RIMONE_r3_N-79-L_left_half,0,r3,0,0.67,1
RIMONE_r3_N-8-L_left_half,0,r3,0,0.77,1
RIMONE_r3_N-80-R_left_half,0,r3,0,0.58,1
RIMONE_r3_N-81-L_left_half,0,r3,0,0.76,1
RIMONE_r3_N-82-R_left_half,0,r3,0,0.75,1
RIMONE_r3_N-83-L_left_half,0,r3,0,0.61,1
RIMONE_r3_N-84-R_left_half,0,r3,0,0.75,1
RIMONE_r3_N-85-L_left_half,0,r3,0,0.68,1
RIMONE_r3_N-86-R_left_half,0,r3,0,0.7,1
RIMONE_r3_N-87-L_left_half,0,r3,0,0.71,1
RIMONE_r3_N-88-R_left_half,0,r3,0,0.71,1
RIMONE_r3_N-9-L_left_half,0,r3,0,0.75,1
RIMONE_r3_N-90-R_left_half,0,r3,0,0.72,1
RIMONE_r3_N-91-L_left_half,0,r3,0,0.75,1
RIMONE_r3_N-92-R_left_half,0,r3,0,0.7,1
RIMONE_r1_Im069,1,r1,1,0.495,0
RIMONE_r1_Im103,1,r1,1,0.565,1
RIMONE_r1_Im113,1,r1,1,0.58,1
RIMONE_r1_Im117,1,r1,1,0.555,1
RIMONE_r1_Im118,1,r1,1,0.615,1
RIMONE_r1_Im120,1,r1,1,0.575,1
RIMONE_r1_Im121,1,r1,1,0.45,0
RIMONE_r1_Im122,1,r1,1,0.5,1
RIMONE_r1_Im135,1,r1,1,0.705,1
RIMONE_r1_Im144,1,r1,1,0.575,1
RIMONE_r1_Im158,1,r1,1,0.605,1
RIMONE_r1_Im167,1,r1,1,0.54,1
RIMONE_r2_Im257,1,r2,1,0.59,1
RIMONE_r2_Im258,1,r2,1,0.545,1
RIMONE_r2_Im260,1,r2,1,0.565,1
RIMONE_r2_Im263,1,r2,1,0.53,1
RIMONE_r2_Im264,1,r2,1,0.53,1
RIMONE_r2_Im266,1,r2,1,0.505,1
RIMONE_r2_Im267,1,r2,1,0.585,1
RIMONE_r2_Im268,1,r2,1,0.53,1
RIMONE_r2_Im269,1,r2,1,0.49,0
RIMONE_r2_Im270,1,r2,1,0.54,1
RIMONE_r2_Im273,1,r2,1,0.59,1
RIMONE_r2_Im275,1,r2,1,0.53,1
RIMONE_r2_Im277,1,r2,1,0.555,1
RIMONE_r2_Im281,1,r2,1,0.505,1
RIMONE_r2_Im287,1,r2,1,0.585,1
RIMONE_r2_Im288,1,r2,1,0.53,1
RIMONE_r2_Im289,1,r2,1,0.525,1
RIMONE_r2_Im290,1,r2,1,0.59,1
RIMONE_r2_Im291,1,r2,1,0.5,1
RIMONE_r2_Im292,1,r2,1,0.62,1
RIMONE_r2_Im293,1,r2,1,0.495,0
RIMONE_r2_Im294,1,r2,1,0.6,1
RIMONE_r2_Im301,1,r2,1,0.605,1
RIMONE_r2_Im302,1,r2,1,0.55,1
RIMONE_r2_Im303,1,r2,1,0.545,1
RIMONE_r2_Im305,1,r2,1,0.535,1
RIMONE_r2_Im314,1,r2,1,0.54,1
RIMONE_r2_Im315,1,r2,1,0.56,1
RIMONE_r2_Im317,1,r2,1,0.57,1
RIMONE_r2_Im318,1,r2,1,0.49,0
RIMONE_r2_Im319,1,r2,1,0.58,1
RIMONE_r2_Im320,1,r2,1,0.535,1
RIMONE_r2_Im321,1,r2,1,0.52,1
RIMONE_r2_Im324,1,r2,1,0.56,1
RIMONE_r2_Im329,1,r2,1,0.615,1
RIMONE_r2_Im330,1,r2,1,0.45,0
RIMONE_r2_Im331,1,r2,1,0.55,1
RIMONE_r2_Im332,1,r2,1,0.58,1
RIMONE_r2_Im333,1,r2,1,0.56,1
RIMONE_r2_Im334,1,r2,1,0.59,1
RIMONE_r2_Im338,1,r2,1,0.555,1
RIMONE_r2_Im339,1,r2,1,0.57,1
RIMONE_r2_Im343,1,r2,1,0.525,1
RIMONE_r2_Im344,1,r2,1,0.545,1
RIMONE_r1_Im001,1,r1,0,0.57,1
RIMONE_r1_Im003,1,r1,0,0.6,1
RIMONE_r1_Im004,1,r1,0,0.48,0
RIMONE_r1_Im006,1,r1,0,0.68,1
RIMONE_r1_Im008,1,r1,0,0.645,1
RIMONE_r1_Im011,1,r1,0,0.495,0
RIMONE_r1_Im012,1,r1,0,0.545,1
RIMONE_r1_Im014,1,r1,0,0.555,1
RIMONE_r1_Im015,1,r1,0,0.575,1
RIMONE_r1_Im019,1,r1,0,0.54,1
RIMONE_r1_Im020,1,r1,0,0.535,1
RIMONE_r1_Im022,1,r1,0,0.495,0
RIMONE_r1_Im023,1,r1,0,0.49,0
RIMONE_r1_Im024,1,r1,0,0.695,1
RIMONE_r1_Im025,1,r1,0,0.56,1
RIMONE_r1_Im026,1,r1,0,0.625,1
RIMONE_r1_Im027,1,r1,0,0.585,1
RIMONE_r1_Im028,1,r1,0,0.45,0
RIMONE_r1_Im029,1,r1,0,0.425,0
RIMONE_r1_Im031,1,r1,0,0.605,1
RIMONE_r1_Im032,1,r1,0,0.68,1
RIMONE_r1_Im033,1,r1,0,0.67,1
RIMONE_r1_Im036,1,r1,0,0.43,0
RIMONE_r1_Im037,1,r1,0,0.42,0
RIMONE_r1_Im040,1,r1,0,0.55,1
RIMONE_r1_Im041,1,r1,0,0.58,1
RIMONE_r1_Im042,1,r1,0,0.57,1
RIMONE_r1_Im046,1,r1,0,0.55,1
RIMONE_r1_Im047,1,r1,0,0.575,1
RIMONE_r1_Im050,1,r1,0,0.64,1
RIMONE_r1_Im052,1,r1,0,0.57,1
RIMONE_r1_Im054,1,r1,0,0.49,0
RIMONE_r1_Im055,1,r1,0,0.495,0
RIMONE_r1_Im056,1,r1,0,0.48,0
RIMONE_r1_Im057,1,r1,0,0.67,1
RIMONE_r1_Im058,1,r1,0,0.715,1
RIMONE_r1_Im059,1,r1,0,0.525,1
RIMONE_r1_Im060,1,r1,0,0.49,0
RIMONE_r1_Im061,1,r1,0,0.595,1
RIMONE_r1_Im062,1,r1,0,0.465,0
RIMONE_r1_Im063,1,r1,0,0.56,1
RIMONE_r1_Im071,1,r1,0,0.515,1
RIMONE_r1_Im072,1,r1,0,0.635,1
RIMONE_r1_Im073,1,r1,0,0.605,1
RIMONE_r1_Im080,1,r1,0,0.57,1
RIMONE_r1_Im082,1,r1,0,0.495,0
RIMONE_r1_Im086,1,r1,0,0.57,1
RIMONE_r1_Im087,1,r1,0,0.465,0
RIMONE_r1_Im095,1,r1,0,0.725,1
RIMONE_r1_Im107,1,r1,0,0.7,1
RIMONE_r1_Im108,1,r1,0,0.61,1
RIMONE_r1_Im115,1,r1,0,0.565,1
RIMONE_r1_Im116,1,r1,0,0.605,1
RIMONE_r1_Im119,1,r1,0,0.615,1
RIMONE_r1_Im125,1,r1,0,0.62,1
RIMONE_r1_Im127,1,r1,0,0.57,1
RIMONE_r1_Im128,1,r1,0,0.69,1
RIMONE_r1_Im129,1,r1,0,0.45,0
RIMONE_r1_Im130,1,r1,0,0.7,1
RIMONE_r1_Im131,1,r1,0,0.465,0
RIMONE_r1_Im132,1,r1,0,0.58,1
RIMONE_r1_Im133,1,r1,0,0.46,0
RIMONE_r1_Im136,1,r1,0,0.61,1
RIMONE_r1_Im137,1,r1,0,0.49,0
RIMONE_r1_Im138,1,r1,0,0.47,0
RIMONE_r1_Im142,1,r1,0,0.51,1
RIMONE_r1_Im143,1,r1,0,0.69,1
RIMONE_r1_Im145,1,r1,0,0.575,1
RIMONE_r1_Im146,1,r1,0,0.59,1
RIMONE_r1_Im149,1,r1,0,0.48,0
RIMONE_r1_Im150,1,r1,0,0.515,1
RIMONE_r1_Im151,1,r1,0,0.57,1
RIMONE_r1_Im152,1,r1,0,0.59,1
RIMONE_r1_Im153,1,r1,0,0.71,1
RIMONE_r1_Im154,1,r1,0,0.57,1
RIMONE_r1_Im155,1,r1,0,0.585,1
RIMONE_r1_Im156,1,r1,0,0.645,1
RIMONE_r1_Im159,1,r1,0,0.635,1
RIMONE_r1_Im161,1,r1,0,0.58,1
RIMONE_r1_Im162,1,r1,0,0.575,1
RIMONE_r1_Im163,1,r1,0,0.505,1
RIMONE_r1_Im164,1,r1,0,0.55,1
RIMONE_r1_Im165,1,r1,0,0.525,1
RIMONE_r1_Im166,1,r1,0,0.46,0
RIMONE_r1_Im168,1,r1,0,0.715,1
RIMONE_r1_Im169,1,r1,0,0.59,1
RIMONE_r2_Im001,1,r2,0,0.515,1
RIMONE_r2_Im002,1,r2,0,0.545,1
RIMONE_r2_Im003,1,r2,0,0.535,1
RIMONE_r2_Im004,1,r2,0,0.53,1
RIMONE_r2_Im005,1,r2,0,0.54,1
RIMONE_r2_Im006,1,r2,0,0.53,1
RIMONE_r2_Im007,1,r2,0,0.555,1
RIMONE_r2_Im009,1,r2,0,0.555,1
RIMONE_r2_Im010,1,r2,0,0.565,1
RIMONE_r2_Im011,1,r2,0,0.53,1
RIMONE_r2_Im012,1,r2,0,0.5,1
RIMONE_r2_Im013,1,r2,0,0.55,1
RIMONE_r2_Im014,1,r2,0,0.535,1
RIMONE_r2_Im015,1,r2,0,0.455,0
RIMONE_r2_Im016,1,r2,0,0.45,0
RIMONE_r2_Im017,1,r2,0,0.54,1
RIMONE_r2_Im018,1,r2,0,0.53,1
RIMONE_r2_Im019,1,r2,0,0.485,0
RIMONE_r2_Im020,1,r2,0,0.5,1
RIMONE_r2_Im021,1,r2,0,0.56,1
RIMONE_r2_Im022,1,r2,0,0.61,1
RIMONE_r2_Im023,1,r2,0,0.51,1
RIMONE_r2_Im024,1,r2,0,0.535,1
RIMONE_r2_Im025,1,r2,0,0.465,0
RIMONE_r2_Im026,1,r2,0,0.48,0
RIMONE_r2_Im027,1,r2,0,0.525,1
RIMONE_r2_Im028,1,r2,0,0.495,0
RIMONE_r2_Im029,1,r2,0,0.59,1
RIMONE_r2_Im030,1,r2,0,0.535,1
RIMONE_r2_Im031,1,r2,0,0.57,1
RIMONE_r2_Im032,1,r2,0,0.57,1
RIMONE_r2_Im033,1,r2,0,0.545,1
RIMONE_r2_Im347,1,r2,1,0.575,1
RIMONE_r2_Im348,1,r2,1,0.495,0
RIMONE_r2_Im351,1,r2,1,0.545,1
RIMONE_r2_Im352,1,r2,1,0.51,1
RIMONE_r2_Im354,1,r2,1,0.56,1
RIMONE_r2_Im355,1,r2,1,0.545,1
RIMONE_r2_Im356,1,r2,1,0.575,1
RIMONE_r2_Im357,1,r2,1,0.57,1
RIMONE_r2_Im358,1,r2,1,0.57,1
RIMONE_r2_Im362,1,r2,1,0.585,1
RIMONE_r2_Im365,1,r2,1,0.53,1
RIMONE_r2_Im366,1,r2,1,0.565,1
RIMONE_r2_Im369,1,r2,1,0.515,1
RIMONE_r2_Im373,1,r2,1,0.575,1
RIMONE_r2_Im376,1,r2,1,0.59,1
RIMONE_r2_Im377,1,r2,1,0.52,1
RIMONE_r2_Im383,1,r2,1,0.475,0
RIMONE_r2_Im384,1,r2,1,0.605,1
RIMONE_r2_Im385,1,r2,1,0.555,1
RIMONE_r2_Im387,1,r2,1,0.555,1
RIMONE_r2_Im388,1,r2,1,0.495,0
RIMONE_r2_Im389,1,r2,1,0.535,1
RIMONE_r2_Im390,1,r2,1,0.595,1
RIMONE_r2_Im391,1,r2,1,0.565,1
RIMONE_r2_Im392,1,r2,1,0.53,1
RIMONE_r2_Im393,1,r2,1,0.545,1
RIMONE_r2_Im398,1,r2,1,0.55,1
RIMONE_r2_Im399,1,r2,1,0.535,1
RIMONE_r2_Im400,1,r2,1,0.58,1
RIMONE_r2_Im401,1,r2,1,0.58,1
RIMONE_r2_Im402,1,r2,1,0.61,1
RIMONE_r2_Im403,1,r2,1,0.51,1
RIMONE_r2_Im404,1,r2,1,0.605,1
RIMONE_r2_Im406,1,r2,1,0.46,0
RIMONE_r2_Im407,1,r2,1,0.535,1
RIMONE_r2_Im408,1,r2,1,0.545,1
RIMONE_r2_Im414,1,r2,1,0.58,1
RIMONE_r2_Im415,1,r2,1,0.545,1
RIMONE_r2_Im416,1,r2,1,0.535,1
RIMONE_r2_Im418,1,r2,1,0.545,1
RIMONE_r2_Im419,1,r2,1,0.565,1
RIMONE_r2_Im420,1,r2,1,0.54,1
RIMONE_r2_Im421,1,r2,1,0.455,0
RIMONE_r2_Im422,1,r2,1,0.565,1
RIMONE_r2_Im424,1,r2,1,0.545,1
RIMONE_r2_Im427,1,r2,1,0.585,1
RIMONE_r2_Im428,1,r2,1,0.55,1
RIMONE_r2_Im429,1,r2,1,0.55,1
RIMONE_r2_Im432,1,r2,1,0.63,1
RIMONE_r2_Im433,1,r2,1,0.545,1
RIMONE_r2_Im436,1,r2,1,0.505,1
RIMONE_r2_Im439,1,r2,1,0.44,0
RIMONE_r2_Im441,1,r2,1,0.56,1
RIMONE_r2_Im442,1,r2,1,0.635,1
RIMONE_r2_Im443,1,r2,1,0.62,1
RIMONE_r2_Im444,1,r2,1,0.54,1
RIMONE_r2_Im445,1,r2,1,0.45,0
RIMONE_r2_Im448,1,r2,1,0.545,1
RIMONE_r2_Im449,1,r2,1,0.55,1
RIMONE_r2_Im450,1,r2,1,0.545,1
RIMONE_r2_Im451,1,r2,1,0.57,1
RIMONE_r2_Im453,1,r2,1,0.675,1
RIMONE_r2_Im454,1,r2,1,0.555,1
RIMONE_r2_Im455,1,r2,1,0.54,1
RIMONE_r3_G-1-L_left_half,1,r3,1,0.475,0
RIMONE_r3_G-10-L_left_half,1,r3,1,0.695,1
RIMONE_r3_G-11-R_left_half,1,r3,1,0.62,1
RIMONE_r3_G-12-L_left_half,1,r3,1,0.57,1
RIMONE_r3_G-13-R_left_half,1,r3,1,0.655,1
RIMONE_r3_G-14-R_left_half,1,r3,1,0.56,1
RIMONE_r3_G-15-L_left_half,1,r3,1,0.485,0
RIMONE_r3_G-16-R_left_half,1,r3,1,0.395,0
RIMONE_r3_G-17-L_left_half,1,r3,1,0.595,1
RIMONE_r3_G-18-R_left_half,1,r3,1,0.47,0
RIMONE_r3_G-2-R_left_half,1,r3,1,0.61,1
RIMONE_r3_G-22-L_left_half,1,r3,1,0.595,1
RIMONE_r3_G-23-R_left_half,1,r3,1,0.67,1
RIMONE_r3_G-25-L_left_half,1,r3,1,0.625,1
RIMONE_r3_G-27-R_left_half,1,r3,1,0.615,1
RIMONE_r3_G-29-R_left_half,1,r3,1,0.485,0
RIMONE_r3_G-3-R_left_half,1,r3,1,0.61,1
RIMONE_r3_G-30-L_left_half,1,r3,1,0.6,1
RIMONE_r3_G-31-R_left_half,1,r3,1,0.645,1
RIMONE_r3_G-32-L_left_half,1,r3,1,0.545,1
RIMONE_r3_G-33-R_left_half,1,r3,1,0.445,0
RIMONE_r3_G-34-L_left_half,1,r3,1,0.565,1
RIMONE_r3_G-35-R_left_half,1,r3,1,0.45,0
RIMONE_r3_G-37-R_left_half,1,r3,1,0.595,1
RIMONE_r3_G-38-L_left_half,1,r3,1,0.555,1
RIMONE_r3_G-39-L_left_half,1,r3,1,0.59,1
RIMONE_r3_G-6-L_left_half,1,r3,1,0.575,1
RIMONE_r3_G-8-R_left_half,1,r3,1,0.455,0
RIMONE_r3_G-9-R_left_half,1,r3,1,0.565,1
RIMONE_r3_S-1-L_left_half,1,r3,1,0.54,1
RIMONE_r3_S-10-R_left_half,1,r3,1,0.665,1
RIMONE_r3_S-11-L_left_half,1,r3,1,0.585,1
RIMONE_r3_S-12-L_left_half,1,r3,1,0.625,1
RIMONE_r3_S-13-R_left_half,1,r3,1,0.555,1
RIMONE_r3_S-14-R_left_half,1,r3,1,0.595,1
RIMONE_r3_S-18-L_left_half,1,r3,1,0.485,0
RIMONE_r3_S-19-R_left_half,1,r3,1,0.395,0
RIMONE_r3_S-2-L_left_half,1,r3,1,0.445,0
RIMONE_r3_S-20-L_left_half,1,r3,1,0.59,1
RIMONE_r3_S-21-R_left_half,1,r3,1,0.55,1
RIMONE_r3_S-25-L_left_half,1,r3,1,0.57,1
RIMONE_r3_S-26-R_left_half,1,r3,1,0.59,1
RIMONE_r3_S-28-R_left_half,1,r3,1,0.56,1
RIMONE_r3_S-29-R_left_half,1,r3,1,0.385,0
RIMONE_r3_S-30-L_left_half,1,r3,1,0.415,0
RIMONE_r3_S-31-L_left_half,1,r3,1,0.395,0
RIMONE_r3_S-32-L_left_half,1,r3,1,0.375,0
RIMONE_r3_S-33-R_left_half,1,r3,1,0.435,0
RIMONE_r3_S-35-R_left_half,1,r3,1,0.585,1
RIMONE_r3_S-4-L_left_half,1,r3,1,0.66,1
RIMONE_r3_S-6-R_left_half,1,r3,1,0.61,1
RIMONE_r3_S-9-L_left_half,1,r3,1,0.65,1
RIMONE_r2_Im034,1,r2,0,0.495,0
RIMONE_r2_Im036,1,r2,0,0.49,0
RIMONE_r2_Im038,1,r2,0,0.435,0
RIMONE_r2_Im040,1,r2,0,0.565,1
RIMONE_r2_Im042,1,r2,0,0.525,1
RIMONE_r2_Im044,1,r2,0,0.59,1
RIMONE_r2_Im046,1,r2,0,0.575,1
RIMONE_r2_Im048,1,r2,0,0.59,1
RIMONE_r2_Im050,1,r2,0,0.475,0
RIMONE_r2_Im052,1,r2,0,0.5,1
RIMONE_r2_Im054,1,r2,0,0.475,0
RIMONE_r2_Im056,1,r2,0,0.5,1
RIMONE_r2_Im058,1,r2,0,0.575,1
RIMONE_r2_Im060,1,r2,0,0.45,0
RIMONE_r2_Im062,1,r2,0,0.6,1
RIMONE_r2_Im064,1,r2,0,0.485,0
RIMONE_r2_Im066,1,r2,0,0.59,1
RIMONE_r2_Im068,1,r2,0,0.585,1
RIMONE_r2_Im070,1,r2,0,0.485,0
RIMONE_r2_Im072,1,r2,0,0.5,1
RIMONE_r2_Im074,1,r2,0,0.5,1
RIMONE_r2_Im076,1,r2,0,0.51,1
RIMONE_r2_Im078,1,r2,0,0.495,0
RIMONE_r2_Im080,1,r2,0,0.455,0
RIMONE_r2_Im082,1,r2,0,0.61,1
RIMONE_r2_Im084,1,r2,0,0.56,1
RIMONE_r2_Im086,1,r2,0,0.435,0
RIMONE_r2_Im088,1,r2,0,0.555,1
RIMONE_r2_Im090,1,r2,0,0.475,0
RIMONE_r2_Im092,1,r2,0,0.63,1
RIMONE_r2_Im094,1,r2,0,0.51,1
RIMONE_r2_Im096,1,r2,0,0.44,0
RIMONE_r2_Im098,1,r2,0,0.49,0
RIMONE_r2_Im100,1,r2,0,0.475,0
RIMONE_r2_Im102,1,r2,0,0.565,1
RIMONE_r2_Im104,1,r2,0,0.58,1
RIMONE_r2_Im106,1,r2,0,0.495,0
RIMONE_r2_Im108,1,r2,0,0.485,0
RIMONE_r2_Im110,1,r2,0,0.485,0
RIMONE_r2_Im112,1,r2,0,0.615,1
RIMONE_r2_Im114,1,r2,0,0.63,1
RIMONE_r2_Im116,1,r2,0,0.66,1
RIMONE_r2_Im118,1,r2,0,0.63,1
RIMONE_r2_Im120,1,r2,0,0.6,1
RIMONE_r2_Im122,1,r2,0,0.4,0
RIMONE_r2_Im124,1,r2,0,0.46,0
RIMONE_r2_Im126,1,r2,0,0.59,1
RIMONE_r2_Im128,1,r2,0,0.455,0
RIMONE_r2_Im130,1,r2,0,0.52,1
RIMONE_r2_Im132,1,r2,0,0.61,1
RIMONE_r2_Im134,1,r2,0,0.6,1
RIMONE_r2_Im136,1,r2,0,0.61,1
RIMONE_r2_Im138,1,r2,0,0.5,1
RIMONE_r2_Im140,1,r2,0,0.49,0
RIMONE_r2_Im142,1,r2,0,0.585,1
RIMONE_r2_Im144,1,r2,0,0.545,1
RIMONE_r2_Im146,1,r2,0,0.595,1
RIMONE_r2_Im148,1,r2,0,0.6,1
RIMONE_r2_Im150,1,r2,0,0.475,0
RIMONE_r2_Im152,1,r2,0,0.425,0
RIMONE_r2_Im154,1,r2,0,0.455,0
RIMONE_r2_Im156,1,r2,0,0.61,1
RIMONE_r2_Im158,1,r2,0,0.595,1
RIMONE_r2_Im160,1,r2,0,0.6,1
RIMONE_r2_Im162,1,r2,0,0.525,1
RIMONE_r2_Im164,1,r2,0,0.58,1
RIMONE_r2_Im166,1,r2,0,0.63,1
RIMONE_r2_Im168,1,r2,0,0.615,1
RIMONE_r2_Im170,1,r2,0,0.61,1
RIMONE_r2_Im172,1,r2,0,0.605,1
RIMONE_r2_Im174,1,r2,0,0.53,1
RIMONE_r2_Im176,1,r2,0,0.62,1
RIMONE_r2_Im178,1,r2,0,0.495,0
RIMONE_r2_Im180,1,r2,0,0.48,0
RIMONE_r2_Im182,1,r2,0,0.6,1
RIMONE_r2_Im184,1,r2,0,0.56,1
RIMONE_r2_Im186,1,r2,0,0.44,0
RIMONE_r2_Im188,1,r2,0,0.625,1
RIMONE_r2_Im190,1,r2,0,0.525,1
RIMONE_r2_Im192,1,r2,0,0.605,1
RIMONE_r2_Im194,1,r2,0,0.575,1
RIMONE_r2_Im196,1,r2,0,0.495,0
RIMONE_r2_Im198,1,r2,0,0.48,0
RIMONE_r2_Im200,1,r2,0,0.675,1
RIMONE_r2_Im202,1,r2,0,0.565,1
RIMONE_r2_Im206,1,r2,0,0.455,0
RIMONE_r2_Im208,1,r2,0,0.48,0
RIMONE_r2_Im210,1,r2,0,0.47,0
RIMONE_r2_Im212,1,r2,0,0.565,1
RIMONE_r2_Im214,1,r2,0,0.575,1
RIMONE_r2_Im216,1,r2,0,0.44,0
RIMONE_r2_Im218,1,r2,0,0.665,1
RIMONE_r2_Im220,1,r2,0,0.52,1
RIMONE_r2_Im222,1,r2,0,0.44,0
RIMONE_r2_Im224,1,r2,0,0.6,1
RIMONE_r2_Im226,1,r2,0,0.525,1
RIMONE_r2_Im228,1,r2,0,0.57,1
RIMONE_r2_Im230,1,r2,0,0.6,1
RIMONE_r2_Im232,1,r2,0,0.55,1
RIMONE_r2_Im234,1,r2,0,0.495,0
RIMONE_r2_Im236,1,r2,0,0.69,1
RIMONE_r2_Im238,1,r2,0,0.475,0
RIMONE_r2_Im240,1,r2,0,0.585,1
RIMONE_r2_Im242,1,r2,0,0.61,1
RIMONE_r2_Im244,1,r2,0,0.585,1
RIMONE_r2_Im246,1,r2,0,0.64,1
RIMONE_r2_Im248,1,r2,0,0.52,1
RIMONE_r2_Im250,1,r2,0,0.685,1
RIMONE_r2_Im252,1,r2,0,0.56,1
RIMONE_r2_Im254,1,r2,0,0.6,1
RIMONE_r3_N-1-L_left_half,1,r3,0,0.48,0
RIMONE_r3_N-10-R_left_half,1,r3,0,0.555,1
RIMONE_r3_N-11-L_left_half,1,r3,0,0.62,1
RIMONE_r3_N-12-R_left_half,1,r3,0,0.645,1
RIMONE_r3_N-13-L_left_half,1,r3,0,0.605,1
RIMONE_r3_N-14-R_left_half,1,r3,0,0.42,0
RIMONE_r3_N-16-R_left_half,1,r3,0,0.395,0
RIMONE_r3_N-17-L_left_half,1,r3,0,0.565,1
RIMONE_r3_N-18-R_left_half,1,r3,0,0.425,0
RIMONE_r3_N-2-R_left_half,1,r3,0,0.61,1
RIMONE_r3_N-20-R_left_half,1,r3,0,0.51,1
RIMONE_r3_N-21-L_left_half,1,r3,0,0.625,1
RIMONE_r3_N-22-R_left_half,1,r3,0,0.63,1
RIMONE_r3_N-23-L_left_half,1,r3,0,0.385,0
RIMONE_r3_N-24-R_left_half,1,r3,0,0.62,1
RIMONE_r3_N-25-L_left_half,1,r3,0,0.52,1
RIMONE_r3_N-26-R_left_half,1,r3,0,0.395,0
RIMONE_r3_N-27-L_left_half,1,r3,0,0.39,0
RIMONE_r3_N-28-R_left_half,1,r3,0,0.41,0
RIMONE_r3_N-29-L_left_half,1,r3,0,0.495,0
RIMONE_r3_N-3-L_left_half,1,r3,0,0.605,1
RIMONE_r3_N-30-R_left_half,1,r3,0,0.705,1
RIMONE_r3_N-31-L_left_half,1,r3,0,0.565,1
RIMONE_r3_N-32-R_left_half,1,r3,0,0.415,0
RIMONE_r3_N-33-L_left_half,1,r3,0,0.485,0
RIMONE_r3_N-34-R_left_half,1,r3,0,0.53,1
RIMONE_r3_N-35-L_left_half,1,r3,0,0.595,1
RIMONE_r3_N-36-R_left_half,1,r3,0,0.45,0
RIMONE_r3_N-37-L_left_half,1,r3,0,0.715,1
RIMONE_r3_N-38-R_left_half,1,r3,0,0.66,1
RIMONE_r3_N-39-L_left_half,1,r3,0,0.59,1
RIMONE_r3_N-4-R_left_half,1,r3,0,0.565,1
RIMONE_r3_N-40-R_left_half,1,r3,0,0.45,0
RIMONE_r3_N-41-L_left_half,1,r3,0,0.445,0
RIMONE_r3_N-42-R_left_half,1,r3,0,0.53,1
RIMONE_r3_N-43-L_left_half,1,r3,0,0.725,1
RIMONE_r3_N-44-R_left_half,1,r3,0,0.665,1
RIMONE_r3_N-46-R_left_half,1,r3,0,0.57,1
RIMONE_r3_N-47-L_left_half,1,r3,0,0.38,0
RIMONE_r3_N-48-R_left_half,1,r3,0,0.635,1
RIMONE_r3_N-49-L_left_half,1,r3,0,0.595,1
RIMONE_r3_N-5-L_left_half,1,r3,0,0.455,0
RIMONE_r3_N-50-R_left_half,1,r3,0,0.425,0
RIMONE_r3_N-51-L_left_half,1,r3,0,0.605,1
RIMONE_r3_N-52-R_left_half,1,r3,0,0.595,1
RIMONE_r3_N-53-L_left_half,1,r3,0,0.475,0
RIMONE_r3_N-54-R_left_half,1,r3,0,0.49,0
RIMONE_r3_N-55-L_left_half,1,r3,0,0.515,1
RIMONE_r3_N-56-R_left_half,1,r3,0,0.54,1
RIMONE_r3_N-58-R_left_half,1,r3,0,0.455,0
RIMONE_r3_N-59-L_left_half,1,r3,0,0.715,1
RIMONE_r3_N-6-R_left_half,1,r3,0,0.545,1
RIMONE_r3_N-61-L_left_half,1,r3,0,0.605,1
RIMONE_r3_N-62-R_left_half,1,r3,0,0.645,1
RIMONE_r3_N-63-L_left_half,1,r3,0,0.51,1
RIMONE_r3_N-64-R_left_half,1,r3,0,0.38,0
RIMONE_r3_N-65-L_left_half,1,r3,0,0.58,1
RIMONE_r3_N-66-R_left_half,1,r3,0,0.655,1
RIMONE_r3_N-67-L_left_half,1,r3,0,0.675,1
RIMONE_r3_N-68-R_left_half,1,r3,0,0.63,1
RIMONE_r3_N-69-L_left_half,1,r3,0,0.61,1
RIMONE_r3_N-7-L_left_half,1,r3,0,0.41,0
RIMONE_r3_N-70-R_left_half,1,r3,0,0.6,1
RIMONE_r3_N-71-L_left_half,1,r3,0,0.625,1
RIMONE_r3_N-72-R_left_half,1,r3,0,0.38,0
RIMONE_r3_N-73-R_left_half,1,r3,0,0.65,1
RIMONE_r3_N-74-L_left_half,1,r3,0,0.395,0
RIMONE_r3_N-75-R_left_half,1,r3,0,0.415,0
RIMONE_r3_N-76-R_left_half,1,r3,0,0.595,1
RIMONE_r3_N-78-R_left_half,1,r3,0,0.655,1
RIMONE_r3_N-79-L_left_half,1,r3,0,0.46,0
RIMONE_r3_N-8-L_left_half,1,r3,0,0.46,0
RIMONE_r3_N-80-R_left_half,1,r3,0,0.64,1
RIMONE_r3_N-81-L_left_half,1,r3,0,0.545,1
RIMONE_r3_N-82-R_left_half,1,r3,0,0.58,1
RIMONE_r3_N-83-L_left_half,1,r3,0,0.655,1
RIMONE_r3_N-84-R_left_half,1,r3,0,0.58,1
RIMONE_r3_N-85-L_left_half,1,r3,0,0.5,1
RIMONE_r3_N-86-R_left_half,1,r3,0,0.47,0
RIMONE_r3_N-87-L_left_half,1,r3,0,0.635,1
RIMONE_r3_N-88-R_left_half,1,r3,0,0.57,1
RIMONE_r3_N-9-L_left_half,1,r3,0,0.465,0
RIMONE_r3_N-90-R_left_half,1,r3,0,0.565,1
RIMONE_r3_N-91-L_left_half,1,r3,0,0.645,1
RIMONE_r3_N-92-R_left_half,1,r3,0,0.53,1
RIMONE_r1_Im069,2,r1,1,0.21673085248085247,0
RIMONE_r1_Im103,2,r1,1,0.3613785797535798,0
RIMONE_r1_Im113,2,r1,1,0.3359965451215452,0
RIMONE_r1_Im117,2,r1,1,0.402285866910867,0
RIMONE_r1_Im118,2,r1,1,0.5283533272283273,1
RIMONE_r1_Im120,2,r1,1,0.5366274975024976,1
RIMONE_r1_Im121,2,r1,1,0.34259484959484965,0
RIMONE_r1_Im122,2,r1,1,0.28524546287046293,0
RIMONE_r1_Im135,2,r1,1,0.49930011655011663,0
RIMONE_r1_Im144,2,r1,1,0.30004903429903435,0
RIMONE_r1_Im158,2,r1,1,0.509131105006105,1
RIMONE_r1_Im167,2,r1,1,0.51429218004218,1
RIMONE_r2_Im257,2,r2,1,0.5202081807081809,1
RIMONE_r2_Im258,2,r2,1,0.3422262182262185,0
RIMONE_r2_Im260,2,r2,1,0.3531546092796096,0
RIMONE_r2_Im263,2,r2,1,0.3003317377067378,0
RIMONE_r2_Im264,2,r2,1,0.2946372932622934,0
RIMONE_r2_Im266,2,r2,1,0.3107745032745033,0
RIMONE_r2_Im267,2,r2,1,0.5995257936507938,1
RIMONE_r2_Im268,2,r2,1,0.5304523809523811,1
RIMONE_r2_Im269,2,r2,1,0.2673459318459318,0
RIMONE_r2_Im270,2,r2,1,0.3135403762903763,0
RIMONE_r2_Im273,2,r2,1,0.29150069375069365,0
RIMONE_r2_Im275,2,r2,1,0.22100754800754807,0
RIMONE_r2_Im277,2,r2,1,0.3564067737817741,0
RIMONE_r2_Im281,2,r2,1,0.25388886113886117,0
RIMONE_r2_Im287,2,r2,1,0.4857383033633036,0
RIMONE_r2_Im288,2,r2,1,0.3045245032745033,0
RIMONE_r2_Im289,2,r2,1,0.31431189643689644,0
RIMONE_r2_Im290,2,r2,1,0.3425633394383395,0
RIMONE_r2_Im291,2,r2,1,0.2579758019758019,0
RIMONE_r2_Im292,2,r2,1,0.3668131035631037,0
RIMONE_r2_Im293,2,r2,1,0.43521611721611747,0
RIMONE_r2_Im294,2,r2,1,0.5122918192918194,1
RIMONE_r2_Im301,2,r2,1,0.38643437118437146,0
RIMONE_r2_Im302,2,r2,1,0.32469284881784893,0
RIMONE_r2_Im303,2,r2,1,0.3582307276057277,0
RIMONE_r2_Im305,2,r2,1,0.29414739427239434,0
RIMONE_r2_Im314,2,r2,1,0.3759825313575316,0
RIMONE_r2_Im315,2,r2,1,0.35021214896214914,0
RIMONE_r2_Im317,2,r2,1,0.33805955155955175,0
RIMONE_r2_Im318,2,r2,1,0.3049806721056722,0
RIMONE_r2_Im319,2,r2,1,0.28757212232212226,0
RIMONE_r2_Im320,2,r2,1,0.3291529859029862,0
RIMONE_r2_Im321,2,r2,1,0.4333420190920191,0
RIMONE_r2_Im324,2,r2,1,0.3474845154845157,0
RIMONE_r2_Im329,2,r2,1,0.3421740342990344,0
RIMONE_r2_Im330,2,r2,1,0.2726502247752248,0
RIMONE_r2_Im331,2,r2,1,0.3300458430458433,0
RIMONE_r2_Im332,2,r2,1,0.3494843351093354,0
RIMONE_r2_Im333,2,r2,1,0.30413332500832513,0
RIMONE_r2_Im334,2,r2,1,0.35680558330558354,0
RIMONE_r2_Im338,2,r2,1,0.3405595515595518,0
RIMONE_r2_Im339,2,r2,1,0.2870006937506937,0
RIMONE_r2_Im343,2,r2,1,0.33868635531135544,0
RIMONE_r2_Im344,2,r2,1,0.4548158646908648,0
RIMONE_r1_Im001,2,r1,0,0.3531565934065936,0
RIMONE_r1_Im003,2,r1,0,0.3520907009657011,0
RIMONE_r1_Im004,2,r1,0,0.2914359390609391,0
RIMONE_r1_Im006,2,r1,0,0.4737045177045179,0
RIMONE_r1_Im008,2,r1,0,0.3126632117882118,0
RIMONE_r1_Im011,2,r1,0,0.3049806721056722,0
RIMONE_r1_Im012,2,r1,0,0.3174267954267955,0
RIMONE_r1_Im014,2,r1,0,0.3105539044289045,0
RIMONE_r1_Im015,2,r1,0,0.40282951770451786,0
RIMONE_r1_Im019,2,r1,0,0.3527880869130871,0
RIMONE_r1_Im020,2,r1,0,0.3405698329448332,0
RIMONE_r1_Im022,2,r1,0,0.2640611194361195,0
RIMONE_r1_Im023,2,r1,0,0.2538706432456433,0
RIMONE_r1_Im024,2,r1,0,0.36947345709845725,0
RIMONE_r1_Im025,2,r1,0,0.3469002247752248,0
RIMONE_r1_Im026,2,r1,0,0.4039165140415142,0
RIMONE_r1_Im027,2,r1,0,0.3568788156288158,0
RIMONE_r1_Im028,2,r1,0,0.264132548007548,0
RIMONE_r1_Im029,2,r1,0,0.2648268120768121,0
RIMONE_r1_Im031,2,r1,0,0.31101927239427246,0
RIMONE_r1_Im032,2,r1,0,0.3132346403596404,0
RIMONE_r1_Im033,2,r1,0,0.3359965451215452,0
RIMONE_r1_Im036,2,r1,0,0.259632548007548,0
RIMONE_r1_Im037,2,r1,0,0.290636877011877,0
RIMONE_r1_Im040,2,r1,0,0.313103687978688,0
RIMONE_r1_Im041,2,r1,0,0.353291874791875,0
RIMONE_r1_Im042,2,r1,0,0.3693095515595518,0
RIMONE_r1_Im046,2,r1,0,0.33722621822621845,0
RIMONE_r1_Im047,2,r1,0,0.29218702131202134,0
RIMONE_r1_Im050,2,r1,0,0.5504902319902321,1
RIMONE_r1_Im052,2,r1,0,0.28866736041736035,0
RIMONE_r1_Im054,2,r1,0,0.30837370962370964,0
RIMONE_r1_Im055,2,r1,0,0.2598508019758019,0
RIMONE_r1_Im056,2,r1,0,0.2938726273726274,0
RIMONE_r1_Im057,2,r1,0,0.3316621295371297,0
RIMONE_r1_Im058,2,r1,0,0.37747544122544135,0
RIMONE_r1_Im059,2,r1,0,0.31563723776223784,0
RIMONE_r1_Im060,2,r1,0,0.2914359390609391,0
RIMONE_r1_Im061,2,r1,0,0.36223126873126893,0
RIMONE_r1_Im062,2,r1,0,0.2876561771561772,0
RIMONE_r1_Im063,2,r1,0,0.25404326229326235,0
RIMONE_r1_Im071,2,r1,0,0.376588716838717,0
RIMONE_r1_Im072,2,r1,0,0.42935765623265626,0
RIMONE_r1_Im073,2,r1,0,0.41228424353424353,0
RIMONE_r1_Im080,2,r1,0,0.5615739260739263,1
RIMONE_r1_Im082,2,r1,0,0.38234539072039087,0
RIMONE_r1_Im086,2,r1,0,0.5165600371850373,1
RIMONE_r1_Im087,2,r1,0,0.4718874181374183,0
RIMONE_r1_Im095,2,r1,0,0.5162028943278945,1
RIMONE_r1_Im107,2,r1,0,0.5338695609945612,1
RIMONE_r1_Im108,2,r1,0,0.32613272838272844,0
RIMONE_r1_Im115,2,r1,0,0.4229366605616607,0
RIMONE_r1_Im116,2,r1,0,0.28357681207681207,0
RIMONE_r1_Im119,2,r1,0,0.5350521006771006,1
RIMONE_r1_Im125,2,r1,0,0.34155083805083813,0
RIMONE_r1_Im127,2,r1,0,0.26120776445776445,0
RIMONE_r1_Im128,2,r1,0,0.5844727355977358,1
RIMONE_r1_Im129,2,r1,0,0.47772075147075166,0
RIMONE_r1_Im130,2,r1,0,0.5283854340104341,1
RIMONE_r1_Im131,2,r1,0,0.4007346403596403,0
RIMONE_r1_Im132,2,r1,0,0.3721850371850372,0
RIMONE_r1_Im133,2,r1,0,0.27194189144189146,0
RIMONE_r1_Im136,2,r1,0,0.5484667832167832,1
RIMONE_r1_Im137,2,r1,0,0.40791519591519587,0
RIMONE_r1_Im138,2,r1,0,0.41842998667998677,0
RIMONE_r1_Im142,2,r1,0,0.4589528943278943,0
RIMONE_r1_Im143,2,r1,0,0.5115600371850373,1
RIMONE_r1_Im145,2,r1,0,0.47218070818070834,0
RIMONE_r1_Im146,2,r1,0,0.5338195970695971,1
RIMONE_r1_Im149,2,r1,0,0.40592403429903434,0
RIMONE_r1_Im150,2,r1,0,0.4458100371850371,0
RIMONE_r1_Im151,2,r1,0,0.5061294816294817,1
RIMONE_r1_Im152,2,r1,0,0.5513001165501166,1
RIMONE_r1_Im153,2,r1,0,0.5353854340104341,1
RIMONE_r1_Im154,2,r1,0,0.4634945609945611,0
RIMONE_r1_Im155,2,r1,0,0.4699545177045178,0
RIMONE_r1_Im156,2,r1,0,0.3395133200133201,0
RIMONE_r1_Im159,2,r1,0,0.5457644022644023,1
RIMONE_r1_Im161,2,r1,0,0.40167872405372423,0
RIMONE_r1_Im162,2,r1,0,0.47807753357753363,0
RIMONE_r1_Im163,2,r1,0,0.3228563936063937,0
RIMONE_r1_Im164,2,r1,0,0.46145848595848604,0
RIMONE_r1_Im165,2,r1,0,0.41346678321678326,0
RIMONE_r1_Im166,2,r1,0,0.3379061771561772,0
RIMONE_r1_Im168,2,r1,0,0.4144922161172162,0
RIMONE_r1_Im169,2,r1,0,0.3267294094794096,0
RIMONE_r2_Im001,2,r2,0,0.34432794982794995,0
RIMONE_r2_Im002,2,r2,0,0.3088578366078366,0
RIMONE_r2_Im003,2,r2,0,0.29061745199245204,0
RIMONE_r2_Im004,2,r2,0,0.3231490176490178,0
RIMONE_r2_Im005,2,r2,0,0.33066110278610295,0
RIMONE_r2_Im006,2,r2,0,0.31814901764901776,0
RIMONE_r2_Im007,2,r2,0,0.3537583250083252,0
RIMONE_r2_Im009,2,r2,0,0.3117703546453547,0
RIMONE_r2_Im010,2,r2,0,0.3037166583416584,0
RIMONE_r2_Im011,2,r2,0,0.39074660062160094,0
RIMONE_r2_Im012,2,r2,0,0.3042663863913865,0
RIMONE_r2_Im013,2,r2,0,0.350958721833722,0
RIMONE_r2_Im014,2,r2,0,0.3289823509823512,0
RIMONE_r2_Im015,2,r2,0,0.27806418581418574,0
RIMONE_r2_Im016,2,r2,0,0.23062984237984246,0
RIMONE_r2_Im017,2,r2,0,0.3345696525696528,0
RIMONE_r2_Im018,2,r2,0,0.4261071706071708,0
RIMONE_r2_Im019,2,r2,0,0.30299257686757697,0
RIMONE_r2_Im020,2,r2,0,0.2852465451215451,0
RIMONE_r2_Im021,2,r2,0,0.29306021756021755,0
RIMONE_r2_Im022,2,r2,0,0.3642075840825843,0
RIMONE_r2_Im023,2,r2,0,0.3057745032745033,0
RIMONE_r2_Im024,2,r2,0,0.31299443611943617,0
RIMONE_r2_Im025,2,r2,0,0.26336559274059274,0
RIMONE_r2_Im026,2,r2,0,0.2730403762903763,0
RIMONE_r2_Im027,2,r2,0,0.3256490176490178,0
RIMONE_r2_Im028,2,r2,0,0.2640611194361195,0
RIMONE_r2_Im029,2,r2,0,0.45103159340659355,0
RIMONE_r2_Im030,2,r2,0,0.35630341880341904,0
RIMONE_r2_Im031,2,r2,0,0.4014165140415141,0
RIMONE_r2_Im032,2,r2,0,0.28866736041736035,0
RIMONE_r2_Im033,2,r2,0,0.31275634088134097,0
RIMONE_r2_Im347,2,r2,1,0.360702408702409,0
RIMONE_r2_Im348,2,r2,1,0.30581400543900555,0
RIMONE_r2_Im351,2,r2,1,0.3318055833055836,0
RIMONE_r2_Im352,2,r2,1,0.31824425574425586,0
RIMONE_r2_Im354,2,r2,1,0.29196119158619155,0
RIMONE_r2_Im355,2,r2,1,0.33971966921966923,0
RIMONE_r2_Im356,2,r2,1,0.2822506937506937,0
RIMONE_r2_Im357,2,r2,1,0.35909165834165857,0
RIMONE_r2_Im358,2,r2,1,0.3585853452103455,0
RIMONE_r2_Im362,2,r2,1,0.36149149461649477,0
RIMONE_r2_Im365,2,r2,1,0.3184451381951382,0
RIMONE_r2_Im366,2,r2,1,0.33166110278610306,0
RIMONE_r2_Im369,2,r2,1,0.43034183871683895,0
RIMONE_r2_Im373,2,r2,1,0.34423036685536706,0
RIMONE_r2_Im376,2,r2,1,0.24975051337551338,0
RIMONE_r2_Im377,2,r2,1,0.3354682817182819,0
RIMONE_r2_Im383,2,r2,1,0.24403622766122762,0
RIMONE_r2_Im384,2,r2,1,0.36355282217782225,0
RIMONE_r2_Im385,2,r2,1,0.28866736041736035,0
RIMONE_r2_Im387,2,r2,1,0.3349722499722501,0
RIMONE_r2_Im388,2,r2,1,0.3055163863913865,0
RIMONE_r2_Im389,2,r2,1,0.3118578366078366,0
RIMONE_r2_Im390,2,r2,1,0.3640392940392942,0
RIMONE_r2_Im391,2,r2,1,0.3170284715284715,0
RIMONE_r2_Im392,2,r2,1,0.2972841186591187,0
RIMONE_r2_Im393,2,r2,1,0.3440357420357422,0
RIMONE_r2_Im398,2,r2,1,0.3499901071151074,0
RIMONE_r2_Im399,2,r2,1,0.34366687479187497,0
RIMONE_r2_Im400,2,r2,1,0.29306021756021755,0
RIMONE_r2_Im401,2,r2,1,0.29647688422688423,0
RIMONE_r2_Im402,2,r2,1,0.33958312520812534,0
RIMONE_r2_Im403,2,r2,1,0.26025466200466196,0
RIMONE_r2_Im404,2,r2,1,0.42557446719946734,0
RIMONE_r2_Im406,2,r2,1,0.2667941641691641,0
RIMONE_r2_Im407,2,r2,1,0.3265696525696528,0
RIMONE_r2_Im408,2,r2,1,0.30423464035964043,0
RIMONE_r2_Im414,2,r2,1,0.350384351759352,0
RIMONE_r2_Im415,2,r2,1,0.30891321178821185,0
RIMONE_r2_Im416,2,r2,1,0.3050284715284715,0
RIMONE_r2_Im418,2,r2,1,0.3350091713841715,0
RIMONE_r2_Im419,2,r2,1,0.2681632117882118,0
RIMONE_r2_Im420,2,r2,1,0.3126632117882118,0
RIMONE_r2_Im421,2,r2,1,0.2681632117882118,0
RIMONE_r2_Im422,2,r2,1,0.30413332500832513,0
RIMONE_r2_Im424,2,r2,1,0.3131989260739261,0
RIMONE_r2_Im427,2,r2,1,0.3049806721056722,0
RIMONE_r2_Im428,2,r2,1,0.34255498667998674,0
RIMONE_r2_Im429,2,r2,1,0.31779037629037626,0
RIMONE_r2_Im432,2,r2,1,0.3334722499722502,0
RIMONE_r2_Im433,2,r2,1,0.421692848817849,0
RIMONE_r2_Im436,2,r2,1,0.3049806721056722,0
RIMONE_r2_Im439,2,r2,1,0.23783727383727382,0
RIMONE_r2_Im441,2,r2,1,0.2841792651792651,0
RIMONE_r2_Im442,2,r2,1,0.3694696692196694,0
RIMONE_r2_Im443,2,r2,1,0.36654488566988586,0
RIMONE_r2_Im444,2,r2,1,0.3122484043734044,0
RIMONE_r2_Im445,2,r2,1,0.2667941641691641,0
RIMONE_r2_Im448,2,r2,1,0.3392262182262184,0
RIMONE_r2_Im449,2,r2,1,0.33589288489288505,0
RIMONE_r2_Im450,2,r2,1,0.3440002081252084,0
RIMONE_r2_Im451,2,r2,1,0.29516952491952486,0
RIMONE_r2_Im453,2,r2,1,0.4808351648351649,0
RIMONE_r2_Im454,2,r2,1,0.3618494144744146,0
RIMONE_r2_Im455,2,r2,1,0.3355142773892776,0
RIMONE_r3_G-1-L_left_half,2,r3,1,0.26933709346209345,0
RIMONE_r3_G-10-L_left_half,2,r3,1,0.6611394022644024,1
RIMONE_r3_G-11-R_left_half,2,r3,1,0.7238558524808529,1
RIMONE_r3_G-12-L_left_half,2,r3,1,0.44033781496281493,0
RIMONE_r3_G-13-R_left_half,2,r3,1,0.6669096042846046,1
RIMONE_r3_G-14-R_left_half,2,r3,1,0.4154942002442003,0
RIMONE_r3_G-15-L_left_half,2,r3,1,0.3450724830724831,0
RIMONE_r3_G-16-R_left_half,2,r3,1,0.242730130980131,0
RIMONE_r3_G-17-L_left_half,2,r3,1,0.33097057109557126,0
RIMONE_r3_G-18-R_left_half,2,r3,1,0.2605827644577644,0
RIMONE_r3_G-2-R_left_half,2,r3,1,0.3277198495948496,0
RIMONE_r3_G-22-L_left_half,2,r3,1,0.727189185814186,1
RIMONE_r3_G-23-R_left_half,2,r3,1,0.6296489621489624,1
RIMONE_r3_G-25-L_left_half,2,r3,1,0.5558076923076924,1
RIMONE_r3_G-27-R_left_half,2,r3,1,0.5799092435342437,1
RIMONE_r3_G-29-R_left_half,2,r3,1,0.3453446692196692,0
RIMONE_r3_G-3-R_left_half,2,r3,1,0.6777187673437676,1
RIMONE_r3_G-30-L_left_half,2,r3,1,0.5432683705183705,1
RIMONE_r3_G-31-R_left_half,2,r3,1,0.7146816100566106,1
RIMONE_r3_G-32-L_left_half,2,r3,1,0.7502922077922081,1
RIMONE_r3_G-33-R_left_half,2,r3,1,0.30506274281274287,0
RIMONE_r3_G-34-L_left_half,2,r3,1,0.5934132117882119,1
RIMONE_r3_G-35-R_left_half,2,r3,1,0.23888633588633582,0
RIMONE_r3_G-37-R_left_half,2,r3,1,0.6149528943278946,1
RIMONE_r3_G-38-L_left_half,2,r3,1,0.5216235292485293,1
RIMONE_r3_G-39-L_left_half,2,r3,1,0.44589468864468884,0
RIMONE_r3_G-6-L_left_half,2,r3,1,0.272735902985903,0
RIMONE_r3_G-8-R_left_half,2,r3,1,0.21155841380841392,0
RIMONE_r3_G-9-R_left_half,2,r3,1,0.3548405205905205,0
RIMONE_r3_S-1-L_left_half,2,r3,1,0.3100284715284715,0
RIMONE_r3_S-10-R_left_half,2,r3,1,0.6367330169830171,1
RIMONE_r3_S-11-L_left_half,2,r3,1,0.3015728438228439,0
RIMONE_r3_S-12-L_left_half,2,r3,1,0.6176000804750806,1
RIMONE_r3_S-13-R_left_half,2,r3,1,0.541665195915196,1
RIMONE_r3_S-14-R_left_half,2,r3,1,0.3635787962037964,0
RIMONE_r3_S-18-L_left_half,2,r3,1,0.2554539765789766,0
RIMONE_r3_S-19-R_left_half,2,r3,1,0.2784896908646909,0
RIMONE_r3_S-2-L_left_half,2,r3,1,0.25745776445776447,0
RIMONE_r3_S-20-L_left_half,2,r3,1,0.4803989621489623,0
RIMONE_r3_S-21-R_left_half,2,r3,1,0.5428497197247197,1
RIMONE_r3_S-25-L_left_half,2,r3,1,0.6148913863913865,1
RIMONE_r3_S-26-R_left_half,2,r3,1,0.6062505133755135,1
RIMONE_r3_S-28-R_left_half,2,r3,1,0.4821489621489623,0
RIMONE_r3_S-29-R_left_half,2,r3,1,0.2693387168387168,0
RIMONE_r3_S-30-L_left_half,2,r3,1,0.29545848595848595,0
RIMONE_r3_S-31-L_left_half,2,r3,1,0.21975754800754807,0
RIMONE_r3_S-32-L_left_half,2,r3,1,0.2211265956265957,0
RIMONE_r3_S-33-R_left_half,2,r3,1,0.2601244311244311,0
RIMONE_r3_S-35-R_left_half,2,r3,1,0.4973215811965812,0
RIMONE_r3_S-4-L_left_half,2,r3,1,0.606304084804085,1
RIMONE_r3_S-6-R_left_half,2,r3,1,0.7141475191475195,1
RIMONE_r3_S-9-L_left_half,2,r3,1,0.5619711122211123,1
RIMONE_r2_Im034,2,r2,0,0.27316321178821185,0
RIMONE_r2_Im036,2,r2,0,0.26239445276945284,0
RIMONE_r2_Im038,2,r2,0,0.22413254800754803,0
RIMONE_r2_Im040,2,r2,0,0.3131989260739261,0
RIMONE_r2_Im042,2,r2,0,0.3048655927405928,0
RIMONE_r2_Im044,2,r2,0,0.25633384670884674,0
RIMONE_r2_Im046,2,r2,0,0.2681632117882118,0
RIMONE_r2_Im048,2,r2,0,0.31998644411144417,0
RIMONE_r2_Im050,2,r2,0,0.2787732406482407,0
RIMONE_r2_Im052,2,r2,0,0.2970641858141858,0
RIMONE_r2_Im054,2,r2,0,0.2736989260739261,0
RIMONE_r2_Im056,2,r2,0,0.3071830530580531,0
RIMONE_r2_Im058,2,r2,0,0.3049806721056722,0
RIMONE_r2_Im060,2,r2,0,0.24350051337551334,0
RIMONE_r2_Im062,2,r2,0,0.2889954628704629,0
RIMONE_r2_Im064,2,r2,0,0.2580611194361195,0
RIMONE_r2_Im066,2,r2,0,0.3376372377622379,0
RIMONE_r2_Im068,2,r2,0,0.2871204628704629,0
RIMONE_r2_Im070,2,r2,0,0.26433276445776444,0
RIMONE_r2_Im072,2,r2,0,0.30302035464535465,0
RIMONE_r2_Im074,2,r2,0,0.3071830530580531,0
RIMONE_r2_Im076,2,r2,0,0.2980798784548785,0
RIMONE_r2_Im078,2,r2,0,0.2518706432456433,0
RIMONE_r2_Im080,2,r2,0,0.27316321178821185,0
RIMONE_r2_Im082,2,r2,0,0.373437742812743,0
RIMONE_r2_Im084,2,r2,0,0.35447742535242555,0
RIMONE_r2_Im086,2,r2,0,0.22238254800754806,0
RIMONE_r2_Im088,2,r2,0,0.3074846403596404,0
RIMONE_r2_Im090,2,r2,0,0.24451241813741814,0
RIMONE_r2_Im092,2,r2,0,0.3096632117882118,0
RIMONE_r2_Im094,2,r2,0,0.30307284382284383,0
RIMONE_r2_Im096,2,r2,0,0.23746588134088134,0
RIMONE_r2_Im098,2,r2,0,0.23930029692529697,0
RIMONE_r2_Im100,2,r2,0,0.2709160977910978,0
RIMONE_r2_Im102,2,r2,0,0.31123464035964044,0
RIMONE_r2_Im104,2,r2,0,0.26120776445776445,0
RIMONE_r2_Im106,2,r2,0,0.2876274975024975,0
RIMONE_r2_Im108,2,r2,0,0.276090700965701,0
RIMONE_r2_Im110,2,r2,0,0.30351927239427245,0
RIMONE_r2_Im112,2,r2,0,0.33156965256965276,0
RIMONE_r2_Im114,2,r2,0,0.3126632117882118,0
RIMONE_r2_Im116,2,r2,0,0.31123464035964044,0
RIMONE_r2_Im118,2,r2,0,0.2889954628704629,0
RIMONE_r2_Im120,2,r2,0,0.2518706432456433,0
RIMONE_r2_Im122,2,r2,0,0.22225754800754807,0
RIMONE_r2_Im124,2,r2,0,0.2686989260739261,0
RIMONE_r2_Im126,2,r2,0,0.3671407203907206,0
RIMONE_r2_Im128,2,r2,0,0.24661956099456095,0
RIMONE_r2_Im130,2,r2,0,0.22487659562659565,0
RIMONE_r2_Im132,2,r2,0,0.25289445276945277,0
RIMONE_r2_Im134,2,r2,0,0.36892583805083823,0
RIMONE_r2_Im136,2,r2,0,0.2951859390609391,0
RIMONE_r2_Im138,2,r2,0,0.34401332001332,0
RIMONE_r2_Im140,2,r2,0,0.2629301670551671,0
RIMONE_r2_Im142,2,r2,0,0.2547456432456433,0
RIMONE_r2_Im144,2,r2,0,0.3126632117882118,0
RIMONE_r2_Im146,2,r2,0,0.2858704628704629,0
RIMONE_r2_Im148,2,r2,0,0.2705232406482407,0
RIMONE_r2_Im150,2,r2,0,0.2602494311244311,0
RIMONE_r2_Im152,2,r2,0,0.21975754800754807,0
RIMONE_r2_Im154,2,r2,0,0.276853687978688,0
RIMONE_r2_Im156,2,r2,0,0.2518706432456433,0
RIMONE_r2_Im158,2,r2,0,0.2705232406482407,0
RIMONE_r2_Im160,2,r2,0,0.2580611194361195,0
RIMONE_r2_Im162,2,r2,0,0.2889965451215451,0
RIMONE_r2_Im164,2,r2,0,0.3326372377622379,0
RIMONE_r2_Im166,2,r2,0,0.30373067210567223,0
RIMONE_r2_Im168,2,r2,0,0.33290298590298617,0
RIMONE_r2_Im170,2,r2,0,0.327543081918082,0
RIMONE_r2_Im172,2,r2,0,0.2681632117882118,0
RIMONE_r2_Im174,2,r2,0,0.30373067210567223,0
RIMONE_r2_Im176,2,r2,0,0.3595567904317906,0
RIMONE_r2_Im178,2,r2,0,0.2951859390609391,0
RIMONE_r2_Im180,2,r2,0,0.2889965451215451,0
RIMONE_r2_Im182,2,r2,0,0.30863832001332003,0
RIMONE_r2_Im184,2,r2,0,0.31123464035964044,0
RIMONE_r2_Im186,2,r2,0,0.2559956432456433,0
RIMONE_r2_Im188,2,r2,0,0.37071155233655245,0
RIMONE_r2_Im190,2,r2,0,0.31842679542679553,0
RIMONE_r2_Im192,2,r2,0,0.2665410977910978,0
RIMONE_r2_Im194,2,r2,0,0.32956797369297375,0
RIMONE_r2_Im196,2,r2,0,0.2640611194361195,0
RIMONE_r2_Im198,2,r2,0,0.25329921467421473,0
RIMONE_r2_Im200,2,r2,0,0.33185260572760583,0
RIMONE_r2_Im202,2,r2,0,0.34405300255300253,0
RIMONE_r2_Im206,2,r2,0,0.24999564324564327,0
RIMONE_r2_Im208,2,r2,0,0.2951859390609391,0
RIMONE_r2_Im210,2,r2,0,0.2681632117882118,0
RIMONE_r2_Im212,2,r2,0,0.22413254800754803,0
RIMONE_r2_Im214,2,r2,0,0.39180173992674006,0
RIMONE_r2_Im216,2,r2,0,0.22919207181707185,0
RIMONE_r2_Im218,2,r2,0,0.3198039044289045,0
RIMONE_r2_Im220,2,r2,0,0.3131237096237096,0
RIMONE_r2_Im222,2,r2,0,0.24402432289932285,0
RIMONE_r2_Im224,2,r2,0,0.26857681207681205,0
RIMONE_r2_Im226,2,r2,0,0.3221849123099125,0
RIMONE_r2_Im228,2,r2,0,0.3892184065934067,0
RIMONE_r2_Im230,2,r2,0,0.34632344044844066,0
RIMONE_r2_Im232,2,r2,0,0.34202702852702865,0
RIMONE_r2_Im234,2,r2,0,0.2914359390609391,0
RIMONE_r2_Im236,2,r2,0,0.3566026057276058,0
RIMONE_r2_Im238,2,r2,0,0.27335657398157404,0
RIMONE_r2_Im240,2,r2,0,0.32232987845487854,0
RIMONE_r2_Im242,2,r2,0,0.31935260572760577,0
RIMONE_r2_Im244,2,r2,0,0.24365635753135756,0
RIMONE_r2_Im246,2,r2,0,0.34452702852702854,0
RIMONE_r2_Im248,2,r2,0,0.24012876012876017,0
RIMONE_r2_Im250,2,r2,0,0.4007461843711846,0
RIMONE_r2_Im252,2,r2,0,0.3197086663336664,0
RIMONE_r2_Im254,2,r2,0,0.2848526057276058,0
RIMONE_r3_N-1-L_left_half,2,r3,0,0.3687929015429016,0
RIMONE_r3_N-10-R_left_half,2,r3,0,0.5361513070263072,1
RIMONE_r3_N-11-L_left_half,2,r3,0,0.5790759102009103,1
RIMONE_r3_N-12-R_left_half,2,r3,0,0.5808064296814297,1
RIMONE_r3_N-13-L_left_half,2,r3,0,0.6629409895659896,1
RIMONE_r3_N-14-R_left_half,2,r3,0,0.22713471250971257,0
RIMONE_r3_N-16-R_left_half,2,r3,0,0.21701945276945284,0
RIMONE_r3_N-17-L_left_half,2,r3,0,0.5360818625818626,1
RIMONE_r3_N-18-R_left_half,2,r3,0,0.33656923631923646,0
RIMONE_r3_N-2-R_left_half,2,r3,0,0.5337068625818626,1
RIMONE_r3_N-20-R_left_half,2,r3,0,0.22362659562659565,0
RIMONE_r3_N-21-L_left_half,2,r3,0,0.6262488899988902,1
RIMONE_r3_N-22-R_left_half,2,r3,0,0.631685397935398,1
RIMONE_r3_N-23-L_left_half,2,r3,0,0.26606490731490734,0
RIMONE_r3_N-24-R_left_half,2,r3,0,0.646399322899323,1
RIMONE_r3_N-25-L_left_half,2,r3,0,0.30006310356310356,0
RIMONE_r3_N-26-R_left_half,2,r3,0,0.22088850038850044,0
RIMONE_r3_N-27-L_left_half,2,r3,0,0.22088850038850044,0
RIMONE_r3_N-28-R_left_half,2,r3,0,0.2527932622932623,0
RIMONE_r3_N-29-L_left_half,2,r3,0,0.30726927239427243,0
RIMONE_r3_N-3-L_left_half,2,r3,0,0.381404193029193,0
RIMONE_r3_N-30-R_left_half,2,r3,0,0.36434250471750496,0
RIMONE_r3_N-31-L_left_half,2,r3,0,0.3414978077478078,0
RIMONE_r3_N-32-R_left_half,2,r3,0,0.3387954267954268,0
RIMONE_r3_N-33-L_left_half,2,r3,0,0.3967395104895104,0
RIMONE_r3_N-34-R_left_half,2,r3,0,0.5129647990897991,1
RIMONE_r3_N-35-L_left_half,2,r3,0,0.44080011655011636,0
RIMONE_r3_N-36-R_left_half,2,r3,0,0.336828615828616,0
RIMONE_r3_N-37-L_left_half,2,r3,0,0.527274322899323,1
RIMONE_r3_N-38-R_left_half,2,r3,0,0.5552306721056722,1
RIMONE_r3_N-39-L_left_half,2,r3,0,0.4516410256410257,0
RIMONE_r3_N-4-R_left_half,2,r3,0,0.3389978077478078,0
RIMONE_r3_N-40-R_left_half,2,r3,0,0.3459216894216896,0
RIMONE_r3_N-41-L_left_half,2,r3,0,0.4618278943278945,0
RIMONE_r3_N-42-R_left_half,2,r3,0,0.5196235292485294,1
RIMONE_r3_N-43-L_left_half,2,r3,0,0.38355877455877474,0
RIMONE_r3_N-44-R_left_half,2,r3,0,0.45632753357753364,0
RIMONE_r3_N-46-R_left_half,2,r3,0,0.5425104340104341,1
RIMONE_r3_N-47-L_left_half,2,r3,0,0.26241014541014546,0
RIMONE_r3_N-48-R_left_half,2,r3,0,0.6126493228993232,1
RIMONE_r3_N-49-L_left_half,2,r3,0,0.39973464035964035,0
RIMONE_r3_N-5-L_left_half,2,r3,0,0.23032302419802422,0
RIMONE_r3_N-50-R_left_half,2,r3,0,0.33776638639138645,0
RIMONE_r3_N-51-L_left_half,2,r3,0,0.6586691641691642,1
RIMONE_r3_N-52-R_left_half,2,r3,0,0.6468437673437674,1
RIMONE_r3_N-53-L_left_half,2,r3,0,0.30646173271173266,0
RIMONE_r3_N-54-R_left_half,2,r3,0,0.33018413530913526,0
RIMONE_r3_N-55-L_left_half,2,r3,0,0.491571941946942,0
RIMONE_r3_N-56-R_left_half,2,r3,0,0.4865005133755135,0
RIMONE_r3_N-58-R_left_half,2,r3,0,0.27782284382284383,0
RIMONE_r3_N-59-L_left_half,2,r3,0,0.5243854340104341,1
RIMONE_r3_N-6-R_left_half,2,r3,0,0.5319092435342436,1
RIMONE_r3_N-61-L_left_half,2,r3,0,0.6016774614274617,1
RIMONE_r3_N-62-R_left_half,2,r3,0,0.6462508741258742,1
RIMONE_r3_N-63-L_left_half,2,r3,0,0.4377256216006217,0
RIMONE_r3_N-64-R_left_half,2,r3,0,0.26580552780552774,0
RIMONE_r3_N-65-L_left_half,2,r3,0,0.4932739621489622,0
RIMONE_r3_N-66-R_left_half,2,r3,0,0.6020302752802755,1
RIMONE_r3_N-67-L_left_half,2,r3,0,0.5112028943278945,1
RIMONE_r3_N-68-R_left_half,2,r3,0,0.5244767038517039,1
RIMONE_r3_N-69-L_left_half,2,r3,0,0.5451056721056722,1
RIMONE_r3_N-7-L_left_half,2,r3,0,0.30540798090798094,0
RIMONE_r3_N-70-R_left_half,2,r3,0,0.4139647990897992,0
RIMONE_r3_N-71-L_left_half,2,r3,0,0.5735620213120216,1
RIMONE_r3_N-72-R_left_half,2,r3,0,0.22487659562659565,0
RIMONE_r3_N-73-R_left_half,2,r3,0,0.493869560994561,0
RIMONE_r3_N-74-L_left_half,2,r3,0,0.2823946331446331,0
RIMONE_r3_N-75-R_left_half,2,r3,0,0.303932511932512,0
RIMONE_r3_N-76-R_left_half,2,r3,0,0.3420371295371296,0
RIMONE_r3_N-78-R_left_half,2,r3,0,0.7204391858141862,1
RIMONE_r3_N-79-L_left_half,2,r3,0,0.2644132117882118,0
RIMONE_r3_N-8-L_left_half,2,r3,0,0.2808704628704629,0
RIMONE_r3_N-80-R_left_half,2,r3,0,0.6182052392052394,1
RIMONE_r3_N-81-L_left_half,2,r3,0,0.4359548784548785,0
RIMONE_r3_N-82-R_left_half,2,r3,0,0.5155818625818626,1
RIMONE_r3_N-83-L_left_half,2,r3,0,0.5402283272283274,1
RIMONE_r3_N-84-R_left_half,2,r3,0,0.4411608669108669,0
RIMONE_r3_N-85-L_left_half,2,r3,0,0.3505133200133201,0
RIMONE_r3_N-86-R_left_half,2,r3,0,0.3866563575313575,0
RIMONE_r3_N-87-L_left_half,2,r3,0,0.48553225940725964,0
RIMONE_r3_N-88-R_left_half,2,r3,0,0.42525051337551345,0
RIMONE_r3_N-9-L_left_half,2,r3,0,0.2889954628704629,0
RIMONE_r3_N-90-R_left_half,2,r3,0,0.39368503718503717,0
RIMONE_r3_N-91-L_left_half,2,r3,0,0.5086850371850372,1
RIMONE_r3_N-92-R_left_half,2,r3,0,0.48511956099456105,0
RIMONE_r1_Im069,3,r1,1,0.40015981240981263,0
RIMONE_r1_Im103,3,r1,1,0.5089839466089466,1
RIMONE_r1_Im113,3,r1,1,0.5044623015873017,1
RIMONE_r1_Im117,3,r1,1,0.4545891608391608,0
RIMONE_r1_Im118,3,r1,1,0.5315955988455991,1
RIMONE_r1_Im120,3,r1,1,0.5291370851370852,1
RIMONE_r1_Im121,3,r1,1,0.3705096153846154,0
RIMONE_r1_Im122,3,r1,1,0.4650661976911977,0
RIMONE_r1_Im135,3,r1,1,0.5392996586746589,1
RIMONE_r1_Im144,3,r1,1,0.43081192418692427,0
RIMONE_r1_Im158,3,r1,1,0.6187503607503608,1
RIMONE_r1_Im167,3,r1,1,0.487993020868021,0
RIMONE_r2_Im257,3,r2,1,0.5423820346320347,1
RIMONE_r2_Im258,3,r2,1,0.5013055555555554,1
RIMONE_r2_Im260,3,r2,1,0.5113652597402596,1
RIMONE_r2_Im263,3,r2,1,0.46634253246753254,0
RIMONE_r2_Im264,3,r2,1,0.470012987012987,0
RIMONE_r2_Im266,3,r2,1,0.46759235209235206,0
RIMONE_r2_Im267,3,r2,1,0.5404101592851595,1
RIMONE_r2_Im268,3,r2,1,0.4438567682317683,0
RIMONE_r2_Im269,3,r2,1,0.4255606060606062,0
RIMONE_r2_Im270,3,r2,1,0.44476893939393947,0
RIMONE_r2_Im273,3,r2,1,0.5123264790764792,1
RIMONE_r2_Im275,3,r2,1,0.3524610389610389,0
RIMONE_r2_Im277,3,r2,1,0.5222638888888887,1
RIMONE_r2_Im281,3,r2,1,0.303094932844933,0
RIMONE_r2_Im287,3,r2,1,0.5661589105339107,1
RIMONE_r2_Im288,3,r2,1,0.46984235209235203,0
RIMONE_r2_Im289,3,r2,1,0.5093264790764792,1
RIMONE_r2_Im290,3,r2,1,0.48054076479076463,0
RIMONE_r2_Im291,3,r2,1,0.4788986291486292,0
RIMONE_r2_Im292,3,r2,1,0.5136962481962483,1
RIMONE_r2_Im293,3,r2,1,0.448696608946609,0
RIMONE_r2_Im294,3,r2,1,0.44190530303030295,0
RIMONE_r2_Im301,3,r2,1,0.5564256854256854,1
RIMONE_r2_Im302,3,r2,1,0.5151598124098125,1
RIMONE_r2_Im303,3,r2,1,0.509308621933622,1
RIMONE_r2_Im305,3,r2,1,0.48463203463203464,0
RIMONE_r2_Im314,3,r2,1,0.4723165584415584,0
RIMONE_r2_Im315,3,r2,1,0.5239999999999999,1
RIMONE_r2_Im317,3,r2,1,0.5070138888888889,1
RIMONE_r2_Im318,3,r2,1,0.4881051587301588,0
RIMONE_r2_Im319,3,r2,1,0.48202092352092357,0
RIMONE_r2_Im320,3,r2,1,0.5013055555555554,1
RIMONE_r2_Im321,3,r2,1,0.5109208152958155,1
RIMONE_r2_Im324,3,r2,1,0.529764971139971,1
RIMONE_r2_Im329,3,r2,1,0.5133360389610392,1
RIMONE_r2_Im330,3,r2,1,0.4072308802308804,0
RIMONE_r2_Im331,3,r2,1,0.5003591269841269,1
RIMONE_r2_Im332,3,r2,1,0.49362806637806633,0
RIMONE_r2_Im333,3,r2,1,0.5244018759018758,1
RIMONE_r2_Im334,3,r2,1,0.5019722222222223,1
RIMONE_r2_Im338,3,r2,1,0.507376984126984,1
RIMONE_r2_Im339,3,r2,1,0.5141042568542569,1
RIMONE_r2_Im343,3,r2,1,0.5037559523809524,1
RIMONE_r2_Im344,3,r2,1,0.5225387806637808,1
RIMONE_r1_Im001,3,r1,0,0.5224821428571428,1
RIMONE_r1_Im003,3,r1,0,0.5359550865800867,1
RIMONE_r1_Im004,3,r1,0,0.4637606421356422,0
RIMONE_r1_Im006,3,r1,0,0.5628654401154402,1
RIMONE_r1_Im008,3,r1,0,0.496248015873016,0
RIMONE_r1_Im011,3,r1,0,0.48477182539682545,0
RIMONE_r1_Im012,3,r1,0,0.5008769841269841,1
RIMONE_r1_Im014,3,r1,0,0.4762718253968254,0
RIMONE_r1_Im015,3,r1,0,0.5338811327561328,1
RIMONE_r1_Im019,3,r1,0,0.4909852092352092,0
RIMONE_r1_Im020,3,r1,0,0.4822967171717171,0
RIMONE_r1_Im022,3,r1,0,0.41895905483405493,0
RIMONE_r1_Im023,3,r1,0,0.3976971500721502,0
RIMONE_r1_Im024,3,r1,0,0.5275483405483407,1
RIMONE_r1_Im025,3,r1,0,0.52253841991342,1
RIMONE_r1_Im026,3,r1,0,0.5338593073593073,1
RIMONE_r1_Im027,3,r1,0,0.5206845238095237,1
RIMONE_r1_Im028,3,r1,0,0.3976565656565657,0
RIMONE_r1_Im029,3,r1,0,0.38409367021867036,0
RIMONE_r1_Im031,3,r1,0,0.49621302308802323,0
RIMONE_r1_Im032,3,r1,0,0.5104702380952382,1
RIMONE_r1_Im033,3,r1,0,0.5077063492063494,1
RIMONE_r1_Im036,3,r1,0,0.3881010101010103,0
RIMONE_r1_Im037,3,r1,0,0.34979605117105117,0
RIMONE_r1_Im040,3,r1,0,0.47763888888888884,0
RIMONE_r1_Im041,3,r1,0,0.5069722222222223,1
RIMONE_r1_Im042,3,r1,0,0.47520436507936503,0
RIMONE_r1_Im046,3,r1,0,0.5010972222222222,1
RIMONE_r1_Im047,3,r1,0,0.460609126984127,0
RIMONE_r1_Im050,3,r1,0,0.5609188311688313,1
RIMONE_r1_Im052,3,r1,0,0.4779494949494949,0
RIMONE_r1_Im054,3,r1,0,0.46984235209235203,0
RIMONE_r1_Im055,3,r1,0,0.4756129148629149,0
RIMONE_r1_Im056,3,r1,0,0.43963672438672446,0
RIMONE_r1_Im057,3,r1,0,0.5070463564213565,1
RIMONE_r1_Im058,3,r1,0,0.5512500000000002,1
RIMONE_r1_Im059,3,r1,0,0.4919861111111111,0
RIMONE_r1_Im060,3,r1,0,0.4642606421356422,0
RIMONE_r1_Im061,3,r1,0,0.5204154040404041,1
RIMONE_r1_Im062,3,r1,0,0.4668995310245311,0
RIMONE_r1_Im063,3,r1,0,0.3891574675324677,0
RIMONE_r1_Im071,3,r1,0,0.43331318681318687,0
RIMONE_r1_Im072,3,r1,0,0.46476159951159957,0
RIMONE_r1_Im073,3,r1,0,0.4709461233211233,0
RIMONE_r1_Im080,3,r1,0,0.5056586052836053,1
RIMONE_r1_Im082,3,r1,0,0.4510772560772561,0
RIMONE_r1_Im086,3,r1,0,0.4954686147186149,0
RIMONE_r1_Im087,3,r1,0,0.47041636141636156,0
RIMONE_r1_Im095,3,r1,0,0.5178116883116884,1
RIMONE_r1_Im107,3,r1,0,0.5053552142302145,1
RIMONE_r1_Im108,3,r1,0,0.36801953601953596,0
RIMONE_r1_Im115,3,r1,0,0.48468241480741475,0
RIMONE_r1_Im116,3,r1,0,0.39279605117105126,0
RIMONE_r1_Im119,3,r1,0,0.5168490814740817,1
RIMONE_r1_Im125,3,r1,0,0.500304292929293,1
RIMONE_r1_Im127,3,r1,0,0.4270661976911978,0
RIMONE_r1_Im128,3,r1,0,0.5805934343434346,1
RIMONE_r1_Im129,3,r1,0,0.4908232878232879,0
RIMONE_r1_Im130,3,r1,0,0.523009795759796,1
RIMONE_r1_Im131,3,r1,0,0.43083519258519265,0
RIMONE_r1_Im132,3,r1,0,0.41263876401376415,0
RIMONE_r1_Im133,3,r1,0,0.4411019119769122,0
RIMONE_r1_Im136,3,r1,0,0.5472163253413256,1
RIMONE_r1_Im137,3,r1,0,0.47240842490842494,0
RIMONE_r1_Im138,3,r1,0,0.4501921550671551,0
RIMONE_r1_Im142,3,r1,0,0.5095274725274727,1
RIMONE_r1_Im143,3,r1,0,0.5250894660894664,1
RIMONE_r1_Im145,3,r1,0,0.5544983766233768,1
RIMONE_r1_Im146,3,r1,0,0.6175907287157287,1
RIMONE_r1_Im149,3,r1,0,0.44596199633699635,0
RIMONE_r1_Im150,3,r1,0,0.4496504884004885,0
RIMONE_r1_Im151,3,r1,0,0.5055951132201134,1
RIMONE_r1_Im152,3,r1,0,0.5499264624264626,1
RIMONE_r1_Im153,3,r1,0,0.5267955100455103,1
RIMONE_r1_Im154,3,r1,0,0.4747735042735043,0
RIMONE_r1_Im155,3,r1,0,0.5707323232323234,1
RIMONE_r1_Im156,3,r1,0,0.5078459595959597,1
RIMONE_r1_Im159,3,r1,0,0.5327900432900433,1
RIMONE_r1_Im161,3,r1,0,0.5450716089466091,1
RIMONE_r1_Im162,3,r1,0,0.5707323232323234,1
RIMONE_r1_Im163,3,r1,0,0.45674873737373745,0
RIMONE_r1_Im164,3,r1,0,0.5086030497280499,1
RIMONE_r1_Im165,3,r1,0,0.4568669386169386,0
RIMONE_r1_Im166,3,r1,0,0.46352254689754696,0
RIMONE_r1_Im168,3,r1,0,0.5024562243312244,1
RIMONE_r1_Im169,3,r1,0,0.4880126262626263,0
RIMONE_r2_Im001,3,r2,0,0.5025824314574315,1
RIMONE_r2_Im002,3,r2,0,0.46984235209235203,0
RIMONE_r2_Im003,3,r2,0,0.4987887806637806,0
RIMONE_r2_Im004,3,r2,0,0.4970436507936508,0
RIMONE_r2_Im005,3,r2,0,0.4867451298701298,0
RIMONE_r2_Im006,3,r2,0,0.4970436507936508,0
RIMONE_r2_Im007,3,r2,0,0.49754473304473296,0
RIMONE_r2_Im009,3,r2,0,0.4933670634920635,0
RIMONE_r2_Im010,3,r2,0,0.5284018759018757,1
RIMONE_r2_Im011,3,r2,0,0.49668759018759023,0
RIMONE_r2_Im012,3,r2,0,0.4868551587301587,0
RIMONE_r2_Im013,3,r2,0,0.4627054473304473,0
RIMONE_r2_Im014,3,r2,0,0.47646428571428573,0
RIMONE_r2_Im015,3,r2,0,0.42814393939393947,0
RIMONE_r2_Im016,3,r2,0,0.34695544733044736,0
RIMONE_r2_Im017,3,r2,0,0.5013055555555554,1
RIMONE_r2_Im018,3,r2,0,0.5109186507936508,1
RIMONE_r2_Im019,3,r2,0,0.4634256854256854,0
RIMONE_r2_Im020,3,r2,0,0.46390674603174603,0
RIMONE_r2_Im021,3,r2,0,0.5024435425685426,1
RIMONE_r2_Im022,3,r2,0,0.5016486291486292,1
RIMONE_r2_Im023,3,r2,0,0.46509235209235206,0
RIMONE_r2_Im024,3,r2,0,0.48087211399711394,0
RIMONE_r2_Im025,3,r2,0,0.40678571428571436,0
RIMONE_r2_Im026,3,r2,0,0.4049772727272728,0
RIMONE_r2_Im027,3,r2,0,0.49608531746031753,0
RIMONE_r2_Im028,3,r2,0,0.4171733405483407,0
RIMONE_r2_Im029,3,r2,0,0.5388564213564212,1
RIMONE_r2_Im030,3,r2,0,0.5324404761904762,1
RIMONE_r2_Im031,3,r2,0,0.5277878787878787,1
RIMONE_r2_Im032,3,r2,0,0.4788423520923521,0
RIMONE_r2_Im033,3,r2,0,0.4835863997113997,0
RIMONE_r2_Im347,3,r2,1,0.4709126984126984,0
RIMONE_r2_Im348,3,r2,1,0.4874861111111112,0
RIMONE_r2_Im351,3,r2,1,0.49833531746031745,0
RIMONE_r2_Im352,3,r2,1,0.47703084415584407,0
RIMONE_r2_Im354,3,r2,1,0.46398322510822526,0
RIMONE_r2_Im355,3,r2,1,0.463303391053391,0
RIMONE_r2_Im356,3,r2,1,0.5087352092352092,1
RIMONE_r2_Im357,3,r2,1,0.498544733044733,0
RIMONE_r2_Im358,3,r2,1,0.49228679653679647,0
RIMONE_r2_Im362,3,r2,1,0.5374471500721502,1
RIMONE_r2_Im365,3,r2,1,0.46058838383838385,0
RIMONE_r2_Im366,3,r2,1,0.4801637806637807,0
RIMONE_r2_Im369,3,r2,1,0.49772925685425695,0
RIMONE_r2_Im373,3,r2,1,0.48741378066378066,0
RIMONE_r2_Im376,3,r2,1,0.40678769841269846,0
RIMONE_r2_Im377,3,r2,1,0.49695634920634923,0
RIMONE_r2_Im383,3,r2,1,0.38889087301587316,0
RIMONE_r2_Im384,3,r2,1,0.5114060245310247,1
RIMONE_r2_Im385,3,r2,1,0.48009235209235207,0
RIMONE_r2_Im387,3,r2,1,0.5064186507936508,1
RIMONE_r2_Im388,3,r2,1,0.48027182539682534,0
RIMONE_r2_Im389,3,r2,1,0.469592352092352,0
RIMONE_r2_Im390,3,r2,1,0.5042498196248196,1
RIMONE_r2_Im391,3,r2,1,0.47635425685425686,0
RIMONE_r2_Im392,3,r2,1,0.491622113997114,0
RIMONE_r2_Im393,3,r2,1,0.4940277777777778,0
RIMONE_r2_Im398,3,r2,1,0.5159246031746031,1
RIMONE_r2_Im399,3,r2,1,0.5149246031746031,1
RIMONE_r2_Im400,3,r2,1,0.5024435425685426,1
RIMONE_r2_Im401,3,r2,1,0.5163979076479077,1
RIMONE_r2_Im402,3,r2,1,0.42606192418692423,0
RIMONE_r2_Im403,3,r2,1,0.40406060606060623,0
RIMONE_r2_Im404,3,r2,1,0.5341300505050506,1
RIMONE_r2_Im406,3,r2,1,0.4036439393939395,0
RIMONE_r2_Im407,3,r2,1,0.5048353174603174,1
RIMONE_r2_Im408,3,r2,1,0.498684523809524,0
RIMONE_r2_Im414,3,r2,1,0.5331944444444445,1
RIMONE_r2_Im415,3,r2,1,0.48779563492063494,0
RIMONE_r2_Im416,3,r2,1,0.47500505050505054,0
RIMONE_r2_Im418,3,r2,1,0.49759397546897555,0
RIMONE_r2_Im419,3,r2,1,0.43710912698412707,0
RIMONE_r2_Im420,3,r2,1,0.49446230158730164,0
RIMONE_r2_Im421,3,r2,1,0.4331567460317461,0
RIMONE_r2_Im422,3,r2,1,0.5244018759018758,1
RIMONE_r2_Im424,3,r2,1,0.48779563492063494,0
RIMONE_r2_Im427,3,r2,1,0.48455753968253973,0
RIMONE_r2_Im428,3,r2,1,0.494489898989899,0
RIMONE_r2_Im429,3,r2,1,0.4678780663780664,0
RIMONE_r2_Im432,3,r2,1,0.5034543650793651,1
RIMONE_r2_Im433,3,r2,1,0.5194852092352092,1
RIMONE_r2_Im436,3,r2,1,0.48877182539682545,0
RIMONE_r2_Im439,3,r2,1,0.34652958152958163,0
RIMONE_r2_Im441,3,r2,1,0.503731240981241,1
RIMONE_r2_Im442,3,r2,1,0.5164462481962482,1
RIMONE_r2_Im443,3,r2,1,0.5342923881673882,1
RIMONE_r2_Im444,3,r2,1,0.4954098124098125,0
RIMONE_r2_Im445,3,r2,1,0.4033106060606062,0
RIMONE_r2_Im448,3,r2,1,0.4981686507936508,0
RIMONE_r2_Im449,3,r2,1,0.5081686507936508,1
RIMONE_r2_Im450,3,r2,1,0.5009166666666666,1
RIMONE_r2_Im451,3,r2,1,0.47510028860028874,0
RIMONE_r2_Im453,3,r2,1,0.5784902597402598,1
RIMONE_r2_Im454,3,r2,1,0.5064852092352092,1
RIMONE_r2_Im455,3,r2,1,0.48683243145743144,0
RIMONE_r3_G-1-L_left_half,3,r3,1,0.4229184704184707,0
RIMONE_r3_G-10-L_left_half,3,r3,1,0.5777857142857143,1
RIMONE_r3_G-11-R_left_half,3,r3,1,0.5931033549783549,1
RIMONE_r3_G-12-L_left_half,3,r3,1,0.4699919386169388,0
RIMONE_r3_G-13-R_left_half,3,r3,1,0.6029777444777445,1
RIMONE_r3_G-14-R_left_half,3,r3,1,0.5017968975468975,1
RIMONE_r3_G-15-L_left_half,3,r3,1,0.47568957431457437,0
RIMONE_r3_G-16-R_left_half,3,r3,1,0.30359475246975265,0
RIMONE_r3_G-17-L_left_half,3,r3,1,0.4983551587301588,0
RIMONE_r3_G-18-R_left_half,3,r3,1,0.41907810245310256,0
RIMONE_r3_G-2-R_left_half,3,r3,1,0.5197200577200578,1
RIMONE_r3_G-22-L_left_half,3,r3,1,0.5732840909090909,1
RIMONE_r3_G-23-R_left_half,3,r3,1,0.54036525974026,1
RIMONE_r3_G-25-L_left_half,3,r3,1,0.6177276334776337,1
RIMONE_r3_G-27-R_left_half,3,r3,1,0.5186450216450217,1
RIMONE_r3_G-29-R_left_half,3,r3,1,0.4584641053391053,0
RIMONE_r3_G-3-R_left_half,3,r3,1,0.5985560966810968,1
RIMONE_r3_G-30-L_left_half,3,r3,1,0.5367738650238651,1
RIMONE_r3_G-31-R_left_half,3,r3,1,0.6503394660894662,1
RIMONE_r3_G-32-L_left_half,3,r3,1,0.5597761544011545,1
RIMONE_r3_G-33-R_left_half,3,r3,1,0.4585741341991343,0
RIMONE_r3_G-34-L_left_half,3,r3,1,0.5239305555555556,1
RIMONE_r3_G-35-R_left_half,3,r3,1,0.4022299783549785,0
RIMONE_r3_G-37-R_left_half,3,r3,1,0.5359603174603174,1
RIMONE_r3_G-38-L_left_half,3,r3,1,0.48295315795315813,0
RIMONE_r3_G-39-L_left_half,3,r3,1,0.546025974025974,1
RIMONE_r3_G-6-L_left_half,3,r3,1,0.424485930735931,0
RIMONE_r3_G-8-R_left_half,3,r3,1,0.3091756854256856,0
RIMONE_r3_G-9-R_left_half,3,r3,1,0.5092471139971141,1
RIMONE_r3_S-1-L_left_half,3,r3,1,0.47400505050505054,0
RIMONE_r3_S-10-R_left_half,3,r3,1,0.5799568903318906,1
RIMONE_r3_S-11-L_left_half,3,r3,1,0.492554292929293,0
RIMONE_r3_S-12-L_left_half,3,r3,1,0.5513611666111666,1
RIMONE_r3_S-13-R_left_half,3,r3,1,0.4890424436674437,0
RIMONE_r3_S-14-R_left_half,3,r3,1,0.5385661976911977,1
RIMONE_r3_S-18-L_left_half,3,r3,1,0.38482611832611835,0
RIMONE_r3_S-19-R_left_half,3,r3,1,0.36432323232323244,0
RIMONE_r3_S-2-L_left_half,3,r3,1,0.423336038961039,0
RIMONE_r3_S-20-L_left_half,3,r3,1,0.5782463924963924,1
RIMONE_r3_S-21-R_left_half,3,r3,1,0.5209449855699857,1
RIMONE_r3_S-25-L_left_half,3,r3,1,0.5532108585858587,1
RIMONE_r3_S-26-R_left_half,3,r3,1,0.5505481601731602,1
RIMONE_r3_S-28-R_left_half,3,r3,1,0.6456064213564214,1
RIMONE_r3_S-29-R_left_half,3,r3,1,0.39341937229437235,0
RIMONE_r3_S-30-L_left_half,3,r3,1,0.33762667887667885,0
RIMONE_r3_S-31-L_left_half,3,r3,1,0.354008658008658,0
RIMONE_r3_S-32-L_left_half,3,r3,1,0.33943921356421364,0
RIMONE_r3_S-33-R_left_half,3,r3,1,0.39340945165945185,0
RIMONE_r3_S-35-R_left_half,3,r3,1,0.620018217893218,1
RIMONE_r3_S-4-L_left_half,3,r3,1,0.5765257936507937,1
RIMONE_r3_S-6-R_left_half,3,r3,1,0.577129329004329,1
RIMONE_r3_S-9-L_left_half,3,r3,1,0.5574826839826842,1
RIMONE_r2_Im034,3,r2,0,0.44532341269841275,0
RIMONE_r2_Im036,3,r2,0,0.4066971500721502,0
RIMONE_r2_Im038,3,r2,0,0.3507229437229437,0
RIMONE_r2_Im040,3,r2,0,0.4888670634920635,0
RIMONE_r2_Im042,3,r2,0,0.4731717171717172,0
RIMONE_r2_Im044,3,r2,0,0.40574603174603174,0
RIMONE_r2_Im046,3,r2,0,0.4354424603174604,0
RIMONE_r2_Im048,3,r2,0,0.49377182539682546,0
RIMONE_r2_Im050,3,r2,0,0.4218558802308804,0
RIMONE_r2_Im052,3,r2,0,0.43564393939393936,0
RIMONE_r2_Im054,3,r2,0,0.43865674603174604,0
RIMONE_r2_Im056,3,r2,0,0.4639007936507937,0
RIMONE_r2_Im058,3,r2,0,0.49055753968253973,0
RIMONE_r2_Im060,3,r2,0,0.39500198412698423,0
RIMONE_r2_Im062,3,r2,0,0.46971302308802315,0
RIMONE_r2_Im064,3,r2,0,0.39311381673881685,0
RIMONE_r2_Im066,3,r2,0,0.4996051587301587,0
RIMONE_r2_Im068,3,r2,0,0.4769709595959597,0
RIMONE_r2_Im070,3,r2,0,0.4232447691197692,0
RIMONE_r2_Im072,3,r2,0,0.46549007936507936,0
RIMONE_r2_Im074,3,r2,0,0.4678531746031746,0
RIMONE_r2_Im076,3,r2,0,0.4751924603174602,0
RIMONE_r2_Im078,3,r2,0,0.39519715007215017,0
RIMONE_r2_Im080,3,r2,0,0.4514067460317461,0
RIMONE_r2_Im082,3,r2,0,0.5183142135642137,1
RIMONE_r2_Im084,3,r2,0,0.5239265873015874,1
RIMONE_r2_Im086,3,r2,0,0.34308405483405485,0
RIMONE_r2_Im088,3,r2,0,0.49836706349206367,0
RIMONE_r2_Im090,3,r2,0,0.37604473304473307,0
RIMONE_r2_Im092,3,r2,0,0.49489880952380966,0
RIMONE_r2_Im094,3,r2,0,0.4979709595959597,0
RIMONE_r2_Im096,3,r2,0,0.3507229437229437,0
RIMONE_r2_Im098,3,r2,0,0.36324711399711407,0
RIMONE_r2_Im100,3,r2,0,0.42114159451659466,0
RIMONE_r2_Im102,3,r2,0,0.5018194444444446,1
RIMONE_r2_Im104,3,r2,0,0.43145508658008663,0
RIMONE_r2_Im106,3,r2,0,0.44522727272727275,0
RIMONE_r2_Im108,3,r2,0,0.42589159451659464,0
RIMONE_r2_Im110,3,r2,0,0.4886773088023089,0
RIMONE_r2_Im112,3,r2,0,0.4999543650793651,0
RIMONE_r2_Im114,3,r2,0,0.49334325396825407,0
RIMONE_r2_Im116,3,r2,0,0.5018194444444446,1
RIMONE_r2_Im118,3,r2,0,0.47187968975468975,0
RIMONE_r2_Im120,3,r2,0,0.3982328643578645,0
RIMONE_r2_Im122,3,r2,0,0.354008658008658,0
RIMONE_r2_Im124,3,r2,0,0.4269900793650794,0
RIMONE_r2_Im126,3,r2,0,0.5263392857142857,1
RIMONE_r2_Im128,3,r2,0,0.3883353174603176,0
RIMONE_r2_Im130,3,r2,0,0.3428915945165947,0
RIMONE_r2_Im132,3,r2,0,0.39019715007215017,0
RIMONE_r2_Im134,3,r2,0,0.5319173881673882,1
RIMONE_r2_Im136,3,r2,0,0.47437968975468986,0
RIMONE_r2_Im138,3,r2,0,0.495429292929293,0
RIMONE_r2_Im140,3,r2,0,0.40122095959595966,0
RIMONE_r2_Im142,3,r2,0,0.417740800865801,0
RIMONE_r2_Im144,3,r2,0,0.496248015873016,0
RIMONE_r2_Im146,3,r2,0,0.4766376262626263,0
RIMONE_r2_Im148,3,r2,0,0.42753048340548355,0
RIMONE_r2_Im150,3,r2,0,0.42141143578643586,0
RIMONE_r2_Im152,3,r2,0,0.354008658008658,0
RIMONE_r2_Im154,3,r2,0,0.45715674603174605,0
RIMONE_r2_Im156,3,r2,0,0.3994828643578645,0
RIMONE_r2_Im158,3,r2,0,0.4228082611832613,0
RIMONE_r2_Im160,3,r2,0,0.3948995310245311,0
RIMONE_r2_Im162,3,r2,0,0.46557341269841274,0
RIMONE_r2_Im164,3,r2,0,0.49981349206349207,0
RIMONE_r2_Im166,3,r2,0,0.49530753968253977,0
RIMONE_r2_Im168,3,r2,0,0.507376984126984,1
RIMONE_r2_Im170,3,r2,0,0.4978796897546898,0
RIMONE_r2_Im172,3,r2,0,0.43710912698412707,0
RIMONE_r2_Im174,3,r2,0,0.49352182539682543,0
RIMONE_r2_Im176,3,r2,0,0.5374550865800866,1
RIMONE_r2_Im178,3,r2,0,0.4727130230880232,0
RIMONE_r2_Im180,3,r2,0,0.4592400793650793,0
RIMONE_r2_Im182,3,r2,0,0.49371302308802323,0
RIMONE_r2_Im184,3,r2,0,0.5000337301587303,1
RIMONE_r2_Im186,3,r2,0,0.41643127705627714,0
RIMONE_r2_Im188,3,r2,0,0.5055533910533911,1
RIMONE_r2_Im190,3,r2,0,0.49598015873015866,0
RIMONE_r2_Im192,3,r2,0,0.4278995310245312,0
RIMONE_r2_Im194,3,r2,0,0.506700396825397,1
RIMONE_r2_Im196,3,r2,0,0.4171733405483407,0
RIMONE_r2_Im198,3,r2,0,0.38561381673881684,0
RIMONE_r2_Im200,3,r2,0,0.5248796897546899,1
RIMONE_r2_Im202,3,r2,0,0.4683311688311688,0
RIMONE_r2_Im206,3,r2,0,0.4159550865800867,0
RIMONE_r2_Im208,3,r2,0,0.47259397546897547,0
RIMONE_r2_Im210,3,r2,0,0.43532341269841274,0
RIMONE_r2_Im212,3,r2,0,0.35153643578643584,0
RIMONE_r2_Im214,3,r2,0,0.5377799422799424,1
RIMONE_r2_Im216,3,r2,0,0.3387983405483406,0
RIMONE_r2_Im218,3,r2,0,0.49805753968253974,0
RIMONE_r2_Im220,3,r2,0,0.46787806637806645,0
RIMONE_r2_Im222,3,r2,0,0.3663225108225108,0
RIMONE_r2_Im224,3,r2,0,0.41716341991342,0
RIMONE_r2_Im226,3,r2,0,0.4846221139971139,0
RIMONE_r2_Im228,3,r2,0,0.5210230880230882,1
RIMONE_r2_Im230,3,r2,0,0.5167103174603174,1
RIMONE_r2_Im232,3,r2,0,0.5193935786435787,1
RIMONE_r2_Im234,3,r2,0,0.4692606421356422,0
RIMONE_r2_Im236,3,r2,0,0.5169947691197692,1
RIMONE_r2_Im238,3,r2,0,0.42018921356421374,0
RIMONE_r2_Im240,3,r2,0,0.5015099206349207,1
RIMONE_r2_Im242,3,r2,0,0.4995463564213565,0
RIMONE_r2_Im244,3,r2,0,0.35153643578643584,0
RIMONE_r2_Im246,3,r2,0,0.5025959595959597,1
RIMONE_r2_Im248,3,r2,0,0.37932323232323234,0
RIMONE_r2_Im250,3,r2,0,0.5526212121212122,1
RIMONE_r2_Im252,3,r2,0,0.49168849206349213,0
RIMONE_r2_Im254,3,r2,0,0.46725468975468987,0
RIMONE_r3_N-1-L_left_half,3,r3,0,0.4309996947496947,0
RIMONE_r3_N-10-R_left_half,3,r3,0,0.5159487734487735,1
RIMONE_r3_N-11-L_left_half,3,r3,0,0.557492243867244,1
RIMONE_r3_N-12-R_left_half,3,r3,0,0.5582184343434345,1
RIMONE_r3_N-13-L_left_half,3,r3,0,0.5617840909090911,1
RIMONE_r3_N-14-R_left_half,3,r3,0,0.32424585137085143,0
RIMONE_r3_N-16-R_left_half,3,r3,0,0.32417334054834074,0
RIMONE_r3_N-17-L_left_half,3,r3,0,0.5107875735375738,1
RIMONE_r3_N-18-R_left_half,3,r3,0,0.3589383671883671,0
RIMONE_r3_N-2-R_left_half,3,r3,0,0.5014957264957265,1
RIMONE_r3_N-20-R_left_half,3,r3,0,0.31588533688533704,0
RIMONE_r3_N-21-L_left_half,3,r3,0,0.5924267676767677,1
RIMONE_r3_N-22-R_left_half,3,r3,0,0.6098513708513709,1
RIMONE_r3_N-23-L_left_half,3,r3,0,0.325164196914197,0
RIMONE_r3_N-24-R_left_half,3,r3,0,0.5799227994227996,1
RIMONE_r3_N-25-L_left_half,3,r3,0,0.4419978354978356,0
RIMONE_r3_N-26-R_left_half,3,r3,0,0.31782918470418486,0
RIMONE_r3_N-27-L_left_half,3,r3,0,0.30796302308802326,0
RIMONE_r3_N-28-R_left_half,3,r3,0,0.34354605117105125,0
RIMONE_r3_N-29-L_left_half,3,r3,0,0.49206619769119775,0
RIMONE_r3_N-3-L_left_half,3,r3,0,0.42033717671217674,0
RIMONE_r3_N-30-R_left_half,3,r3,0,0.5394114357864358,1
RIMONE_r3_N-31-L_left_half,3,r3,0,0.3597002719502719,0
RIMONE_r3_N-32-R_left_half,3,r3,0,0.3209542402042402,0
RIMONE_r3_N-33-L_left_half,3,r3,0,0.4247020757020758,0
RIMONE_r3_N-34-R_left_half,3,r3,0,0.4854174436674439,0
RIMONE_r3_N-35-L_left_half,3,r3,0,0.4690593989343991,0
RIMONE_r3_N-36-R_left_half,3,r3,0,0.3962206543456544,0
RIMONE_r3_N-37-L_left_half,3,r3,0,0.5194840021090024,1
RIMONE_r3_N-38-R_left_half,3,r3,0,0.5025535714285715,1
RIMONE_r3_N-39-L_left_half,3,r3,0,0.5720914502164502,1
RIMONE_r3_N-4-R_left_half,3,r3,0,0.3533074148074148,0
RIMONE_r3_N-40-R_left_half,3,r3,0,0.4393330280830281,0
RIMONE_r3_N-41-L_left_half,3,r3,0,0.46648778998779006,0
RIMONE_r3_N-42-R_left_half,3,r3,0,0.48660503385503395,0
RIMONE_r3_N-43-L_left_half,3,r3,0,0.540552308802309,1
RIMONE_r3_N-44-R_left_half,3,r3,0,0.5110554306804308,1
RIMONE_r3_N-46-R_left_half,3,r3,0,0.5085779220779222,1
RIMONE_r3_N-47-L_left_half,3,r3,0,0.3276393051393052,0
RIMONE_r3_N-48-R_left_half,3,r3,0,0.5431569264069265,1
RIMONE_r3_N-49-L_left_half,3,r3,0,0.45032112332112334,0
RIMONE_r3_N-5-L_left_half,3,r3,0,0.35153643578643584,0
RIMONE_r3_N-50-R_left_half,3,r3,0,0.4171090021090022,0
RIMONE_r3_N-51-L_left_half,3,r3,0,0.537518217893218,1
RIMONE_r3_N-52-R_left_half,3,r3,0,0.518270202020202,1
RIMONE_r3_N-53-L_left_half,3,r3,0,0.46089267676767676,0
RIMONE_r3_N-54-R_left_half,3,r3,0,0.43227332389832407,0
RIMONE_r3_N-55-L_left_half,3,r3,0,0.5095274725274727,1
RIMONE_r3_N-56-R_left_half,3,r3,0,0.5062507770007771,1
RIMONE_r3_N-58-R_left_half,3,r3,0,0.4242507215007217,0
RIMONE_r3_N-59-L_left_half,3,r3,0,0.5194840021090024,1
RIMONE_r3_N-6-R_left_half,3,r3,0,0.5050299422799425,1
RIMONE_r3_N-61-L_left_half,3,r3,0,0.563728354978355,1
RIMONE_r3_N-62-R_left_half,3,r3,0,0.5914469696969697,1
RIMONE_r3_N-63-L_left_half,3,r3,0,0.41531823731823747,0
RIMONE_r3_N-64-R_left_half,3,r3,0,0.319174297924298,0
RIMONE_r3_N-65-L_left_half,3,r3,0,0.5186625735375737,1
RIMONE_r3_N-66-R_left_half,3,r3,0,0.5751507936507937,1
RIMONE_r3_N-67-L_left_half,3,r3,0,0.49225432900432914,0
RIMONE_r3_N-68-R_left_half,3,r3,0,0.5202738095238097,1
RIMONE_r3_N-69-L_left_half,3,r3,0,0.5250547091797092,1
RIMONE_r3_N-7-L_left_half,3,r3,0,0.35995478132978126,0
RIMONE_r3_N-70-R_left_half,3,r3,0,0.4689899544899545,0
RIMONE_r3_N-71-L_left_half,3,r3,0,0.5518213036963039,1
RIMONE_r3_N-72-R_left_half,3,r3,0,0.351508658008658,0
RIMONE_r3_N-73-R_left_half,3,r3,0,0.5045572344322347,1
RIMONE_r3_N-74-L_left_half,3,r3,0,0.30775384337884343,0
RIMONE_r3_N-75-R_left_half,3,r3,0,0.30249175824175845,0
RIMONE_r3_N-76-R_left_half,3,r3,0,0.493429292929293,0
RIMONE_r3_N-78-R_left_half,3,r3,0,0.6465835137085137,1
RIMONE_r3_N-79-L_left_half,3,r3,0,0.4269900793650794,0
RIMONE_r3_N-8-L_left_half,3,r3,0,0.4768519119769121,0
RIMONE_r3_N-80-R_left_half,3,r3,0,0.604154761904762,1
RIMONE_r3_N-81-L_left_half,3,r3,0,0.4768947163947164,0
RIMONE_r3_N-82-R_left_half,3,r3,0,0.485743020868021,0
RIMONE_r3_N-83-L_left_half,3,r3,0,0.5297563131313132,1
RIMONE_r3_N-84-R_left_half,3,r3,0,0.5617106782106783,1
RIMONE_r3_N-85-L_left_half,3,r3,0,0.500490800865801,1
RIMONE_r3_N-86-R_left_half,3,r3,0,0.437081043956044,0
RIMONE_r3_N-87-L_left_half,3,r3,0,0.4854701132201133,0
RIMONE_r3_N-88-R_left_half,3,r3,0,0.45655543068043086,0
RIMONE_r3_N-9-L_left_half,3,r3,0,0.47356619769119773,0
RIMONE_r3_N-90-R_left_half,3,r3,0,0.4394818376068377,0
RIMONE_r3_N-91-L_left_half,3,r3,0,0.5299939227439229,1
RIMONE_r3_N-92-R_left_half,3,r3,0,0.5008828116328117,1
RIMONE_r1_Im069,4,r1,1,0.4565021645021644,0
RIMONE_r1_Im103,4,r1,1,0.4288268398268397,0
RIMONE_r1_Im113,4,r1,1,0.5432402597402597,1
RIMONE_r1_Im117,4,r1,1,0.435299062049062,0
RIMONE_r1_Im118,4,r1,1,0.4474166666666666,0
RIMONE_r1_Im120,4,r1,1,0.4570033577533578,0
RIMONE_r1_Im121,4,r1,1,0.4022316017316017,0
RIMONE_r1_Im122,4,r1,1,0.5132759740259739,1
RIMONE_r1_Im135,4,r1,1,0.45775000000000005,0
RIMONE_r1_Im144,4,r1,1,0.41987445887445884,0
RIMONE_r1_Im158,4,r1,1,0.47342857142857137,0
RIMONE_r1_Im167,4,r1,1,0.41868253968253966,0
RIMONE_r2_Im257,4,r2,1,0.548463924963925,1
RIMONE_r2_Im258,4,r2,1,0.5034837662337661,1
RIMONE_r2_Im260,4,r2,1,0.42524350649350645,0
RIMONE_r2_Im263,4,r2,1,0.40234487734487734,0
RIMONE_r2_Im264,4,r2,1,0.42192712842712843,0
RIMONE_r2_Im266,4,r2,1,0.49818470418470406,0
RIMONE_r2_Im267,4,r2,1,0.5703953823953826,1
RIMONE_r2_Im268,4,r2,1,0.5228795093795094,1
RIMONE_r2_Im269,4,r2,1,0.4922878787878787,0
RIMONE_r2_Im270,4,r2,1,0.5172164502164501,1
RIMONE_r2_Im273,4,r2,1,0.4840497835497834,0
RIMONE_r2_Im275,4,r2,1,0.4615656565656565,0
RIMONE_r2_Im277,4,r2,1,0.5122139249639248,1
RIMONE_r2_Im281,4,r2,1,0.45250613275613283,0
RIMONE_r2_Im287,4,r2,1,0.4971782106782108,0
RIMONE_r2_Im288,4,r2,1,0.512073593073593,1
RIMONE_r2_Im289,4,r2,1,0.4609942279942279,0
RIMONE_r2_Im290,4,r2,1,0.431849567099567,0
RIMONE_r2_Im291,4,r2,1,0.43896248196248194,0
RIMONE_r2_Im292,4,r2,1,0.54330772005772,1
RIMONE_r2_Im293,4,r2,1,0.5076013708513709,1
RIMONE_r2_Im294,4,r2,1,0.4930010822510824,0
RIMONE_r2_Im301,4,r2,1,0.42594083694083695,0
RIMONE_r2_Im302,4,r2,1,0.4431013708513708,0
RIMONE_r2_Im303,4,r2,1,0.4961875901875901,0
RIMONE_r2_Im305,4,r2,1,0.453105339105339,0
RIMONE_r2_Im314,4,r2,1,0.5418225108225109,1
RIMONE_r2_Im315,4,r2,1,0.47685353535353525,0
RIMONE_r2_Im317,4,r2,1,0.4801504329004328,0
RIMONE_r2_Im318,4,r2,1,0.5213513708513707,1
RIMONE_r2_Im319,4,r2,1,0.4978593073593073,0
RIMONE_r2_Im320,4,r2,1,0.5198513708513707,1
RIMONE_r2_Im321,4,r2,1,0.510069264069264,1
RIMONE_r2_Im324,4,r2,1,0.49616486291486284,0
RIMONE_r2_Im329,4,r2,1,0.5736212121212121,1
RIMONE_r2_Im330,4,r2,1,0.4803989898989897,0
RIMONE_r2_Im331,4,r2,1,0.4286363636363636,0
RIMONE_r2_Im332,4,r2,1,0.4599837662337661,0
RIMONE_r2_Im333,4,r2,1,0.4719386724386723,0
RIMONE_r2_Im334,4,r2,1,0.4701504329004328,0
RIMONE_r2_Im338,4,r2,1,0.5001504329004327,1
RIMONE_r2_Im339,4,r2,1,0.47854978354978345,0
RIMONE_r2_Im343,4,r2,1,0.5079469696969696,1
RIMONE_r2_Im344,4,r2,1,0.5489224386724386,1
RIMONE_r1_Im001,4,r1,0,0.47101623376623375,0
RIMONE_r1_Im003,4,r1,0,0.5782878787878788,1
RIMONE_r1_Im004,4,r1,0,0.5290021645021645,1
RIMONE_r1_Im006,4,r1,0,0.4602063492063491,0
RIMONE_r1_Im008,4,r1,0,0.5357402597402596,1
RIMONE_r1_Im011,4,r1,0,0.5163513708513707,1
RIMONE_r1_Im012,4,r1,0,0.5163513708513707,1
RIMONE_r1_Im014,4,r1,0,0.4829837662337661,0
RIMONE_r1_Im015,4,r1,0,0.42063636363636364,0
RIMONE_r1_Im019,4,r1,0,0.5027994227994227,1
RIMONE_r1_Im020,4,r1,0,0.5179177489177488,1
RIMONE_r1_Im022,4,r1,0,0.5152283549783551,1
RIMONE_r1_Im023,4,r1,0,0.5085140692640693,1
RIMONE_r1_Im024,4,r1,0,0.5212059884559883,1
RIMONE_r1_Im025,4,r1,0,0.547402958152958,1
RIMONE_r1_Im026,4,r1,0,0.47486111111111107,0
RIMONE_r1_Im027,4,r1,0,0.46474350649350654,0
RIMONE_r1_Im028,4,r1,0,0.44939898989898985,0
RIMONE_r1_Im029,4,r1,0,0.44533946608946606,0
RIMONE_r1_Im031,4,r1,0,0.5474307359307359,1
RIMONE_r1_Im032,4,r1,0,0.5483831168831168,1
RIMONE_r1_Im033,4,r1,0,0.5357402597402596,1
RIMONE_r1_Im036,4,r1,0,0.44439502164502154,0
RIMONE_r1_Im037,4,r1,0,0.37529112554112554,0
RIMONE_r1_Im040,4,r1,0,0.5142402597402596,1
RIMONE_r1_Im041,4,r1,0,0.45405303030303024,0
RIMONE_r1_Im042,4,r1,0,0.5195685425685425,1
RIMONE_r1_Im046,4,r1,0,0.5001504329004327,1
RIMONE_r1_Im047,4,r1,0,0.527573593073593,1
RIMONE_r1_Im050,4,r1,0,0.4804523809523809,0
RIMONE_r1_Im052,4,r1,0,0.48121645021645015,0
RIMONE_r1_Im054,4,r1,0,0.501684704184704,1
RIMONE_r1_Im055,4,r1,0,0.47399422799422786,0
RIMONE_r1_Im056,4,r1,0,0.5204466089466089,1
RIMONE_r1_Im057,4,r1,0,0.5460696248196247,1
RIMONE_r1_Im058,4,r1,0,0.4459379509379508,0
RIMONE_r1_Im059,4,r1,0,0.503514069264069,1
RIMONE_r1_Im060,4,r1,0,0.5356688311688311,1
RIMONE_r1_Im061,4,r1,0,0.4630411255411254,0
RIMONE_r1_Im062,4,r1,0,0.5154704184704184,1
RIMONE_r1_Im063,4,r1,0,0.4668037518037517,0
RIMONE_r1_Im071,4,r1,0,0.3971800144300144,0
RIMONE_r1_Im072,4,r1,0,0.4822380952380953,0
RIMONE_r1_Im073,4,r1,0,0.42800541125541125,0
RIMONE_r1_Im080,4,r1,0,0.4513195970695971,0
RIMONE_r1_Im082,4,r1,0,0.41806096681096677,0
RIMONE_r1_Im086,4,r1,0,0.43756684981684985,0
RIMONE_r1_Im087,4,r1,0,0.47647222222222235,0
RIMONE_r1_Im095,4,r1,0,0.46788888888888885,0
RIMONE_r1_Im107,4,r1,0,0.45599999999999996,0
RIMONE_r1_Im108,4,r1,0,0.410564935064935,0
RIMONE_r1_Im115,4,r1,0,0.47104112554112554,0
RIMONE_r1_Im116,4,r1,0,0.44708946608946604,0
RIMONE_r1_Im119,4,r1,0,0.46925000000000006,0
RIMONE_r1_Im125,4,r1,0,0.5083116883116882,1
RIMONE_r1_Im127,4,r1,0,0.4626489898989899,0
RIMONE_r1_Im128,4,r1,0,0.4560311355311355,0
RIMONE_r1_Im129,4,r1,0,0.46938888888888897,0
RIMONE_r1_Im130,4,r1,0,0.48807020757020764,0
RIMONE_r1_Im131,4,r1,0,0.427767316017316,0
RIMONE_r1_Im132,4,r1,0,0.41059126984126976,0
RIMONE_r1_Im133,4,r1,0,0.48181565656565645,0
RIMONE_r1_Im136,4,r1,0,0.4568333333333333,0
RIMONE_r1_Im137,4,r1,0,0.44588239538239527,0
RIMONE_r1_Im138,4,r1,0,0.4275887445887445,0
RIMONE_r1_Im142,4,r1,0,0.4844603174603175,0
RIMONE_r1_Im143,4,r1,0,0.45410317460317456,0
RIMONE_r1_Im145,4,r1,0,0.44509523809523804,0
RIMONE_r1_Im146,4,r1,0,0.46629761904761907,0
RIMONE_r1_Im149,4,r1,0,0.41313239538239527,0
RIMONE_r1_Im150,4,r1,0,0.45581746031746023,0
RIMONE_r1_Im151,4,r1,0,0.4606984126984127,0
RIMONE_r1_Im152,4,r1,0,0.46558333333333335,0
RIMONE_r1_Im153,4,r1,0,0.4990106837606838,0
RIMONE_r1_Im154,4,r1,0,0.44781746031746034,0
RIMONE_r1_Im155,4,r1,0,0.4545952380952381,0
RIMONE_r1_Im156,4,r1,0,0.46155303030303024,0
RIMONE_r1_Im159,4,r1,0,0.4560476190476191,0
RIMONE_r1_Im161,4,r1,0,0.4428109668109667,0
RIMONE_r1_Im162,4,r1,0,0.4620952380952381,0
RIMONE_r1_Im163,4,r1,0,0.4281839826839826,0
RIMONE_r1_Im164,4,r1,0,0.46506746031746027,0
RIMONE_r1_Im165,4,r1,0,0.4479101731601732,0
RIMONE_r1_Im166,4,r1,0,0.42366017316017307,0
RIMONE_r1_Im168,4,r1,0,0.45238636363636353,0
RIMONE_r1_Im169,4,r1,0,0.4658766233766233,0
RIMONE_r2_Im001,4,r2,0,0.48643759018759014,0
RIMONE_r2_Im002,4,r2,0,0.5187402597402597,1
RIMONE_r2_Im003,4,r2,0,0.4673275613275612,0
RIMONE_r2_Im004,4,r2,0,0.505684704184704,1
RIMONE_r2_Im005,4,r2,0,0.5023513708513707,1
RIMONE_r2_Im006,4,r2,0,0.5103513708513706,1
RIMONE_r2_Im007,4,r2,0,0.5102204184704183,1
RIMONE_r2_Im009,4,r2,0,0.5308831168831167,1
RIMONE_r2_Im010,4,r2,0,0.468605339105339,0
RIMONE_r2_Im011,4,r2,0,0.5499343434343434,1
RIMONE_r2_Im012,4,r2,0,0.5143513708513708,1
RIMONE_r2_Im013,4,r2,0,0.5128344155844156,1
RIMONE_r2_Im014,4,r2,0,0.4981847041847041,0
RIMONE_r2_Im015,4,r2,0,0.5100735930735929,1
RIMONE_r2_Im016,4,r2,0,0.48363311688311683,0
RIMONE_r2_Im017,4,r2,0,0.5198513708513707,1
RIMONE_r2_Im018,4,r2,0,0.5699343434343435,1
RIMONE_r2_Im019,4,r2,0,0.49885137085137077,0
RIMONE_r2_Im020,4,r2,0,0.5307164502164502,1
RIMONE_r2_Im021,4,r2,0,0.4765497835497834,0
RIMONE_r2_Im022,4,r2,0,0.5152774170274168,1
RIMONE_r2_Im023,4,r2,0,0.49668470418470406,0
RIMONE_r2_Im024,4,r2,0,0.49023232323232313,0
RIMONE_r2_Im025,4,r2,0,0.5038831168831168,1
RIMONE_r2_Im026,4,r2,0,0.5060497835497835,1
RIMONE_r2_Im027,4,r2,0,0.5148513708513707,1
RIMONE_r2_Im028,4,r2,0,0.5152283549783551,1
RIMONE_r2_Im029,4,r2,0,0.4644642857142856,0
RIMONE_r2_Im030,4,r2,0,0.5186850649350648,1
RIMONE_r2_Im031,4,r2,0,0.482800505050505,0
RIMONE_r2_Im032,4,r2,0,0.47988311688311674,0
RIMONE_r2_Im033,4,r2,0,0.48584343434343424,0
RIMONE_r2_Im347,4,r2,1,0.5260367965367965,1
RIMONE_r2_Im348,4,r2,1,0.5163513708513707,1
RIMONE_r2_Im351,4,r2,1,0.49015043290043275,0
RIMONE_r2_Im352,4,r2,1,0.5028513708513708,1
RIMONE_r2_Im354,4,r2,1,0.4798593073593072,0
RIMONE_r2_Im355,4,r2,1,0.49767424242424224,0
RIMONE_r2_Im356,4,r2,1,0.4765497835497834,0
RIMONE_r2_Im357,4,r2,1,0.507839466089466,1
RIMONE_r2_Im358,4,r2,1,0.4905472582972582,0
RIMONE_r2_Im362,4,r2,1,0.53930772005772,1
RIMONE_r2_Im365,4,r2,1,0.5227402597402596,1
RIMONE_r2_Im366,4,r2,1,0.4827323232323231,0
RIMONE_r2_Im369,4,r2,1,0.5717637085137085,1
RIMONE_r2_Im373,4,r2,1,0.47748376623376615,0
RIMONE_r2_Im376,4,r2,1,0.4992164502164502,0
RIMONE_r2_Im377,4,r2,1,0.5083026695526695,1
RIMONE_r2_Im383,4,r2,1,0.4904664502164502,0
RIMONE_r2_Im384,4,r2,1,0.35974350649350656,0
RIMONE_r2_Im385,4,r2,1,0.47988311688311674,0
RIMONE_r2_Im387,4,r2,1,0.4909837662337661,0
RIMONE_r2_Im388,4,r2,1,0.48851406926406915,0
RIMONE_r2_Im389,4,r2,1,0.5008513708513708,1
RIMONE_r2_Im390,4,r2,1,0.4490133477633476,0
RIMONE_r2_Im391,4,r2,1,0.5282164502164501,1
RIMONE_r2_Im392,4,r2,1,0.471105339105339,0
RIMONE_r2_Im393,4,r2,1,0.5200248917748916,1
RIMONE_r2_Im398,4,r2,1,0.527888528138528,1
RIMONE_r2_Im399,4,r2,1,0.5405616883116884,1
RIMONE_r2_Im400,4,r2,1,0.4718831168831168,0
RIMONE_r2_Im401,4,r2,1,0.49119264069264057,0
RIMONE_r2_Im402,4,r2,1,0.4104577922077921,0
RIMONE_r2_Im403,4,r2,1,0.4902640692640691,0
RIMONE_r2_Im404,4,r2,1,0.41582683982683977,0
RIMONE_r2_Im406,4,r2,1,0.49938311688311676,0
RIMONE_r2_Im407,4,r2,1,0.5148513708513707,1
RIMONE_r2_Im408,4,r2,1,0.5483831168831168,1
RIMONE_r2_Im414,4,r2,1,0.4341879509379508,0
RIMONE_r2_Im415,4,r2,1,0.5432402597402597,1
RIMONE_r2_Im416,4,r2,1,0.5282164502164501,1
RIMONE_r2_Im418,4,r2,1,0.5207297979797978,1
RIMONE_r2_Im419,4,r2,1,0.5180497835497835,1
RIMONE_r2_Im420,4,r2,1,0.5432402597402597,1
RIMONE_r2_Im421,4,r2,1,0.5113831168831168,1
RIMONE_r2_Im422,4,r2,1,0.468605339105339,0
RIMONE_r2_Im424,4,r2,1,0.5332402597402597,1
RIMONE_r2_Im427,4,r2,1,0.5163513708513707,1
RIMONE_r2_Im428,4,r2,1,0.5607878787878787,1
RIMONE_r2_Im429,4,r2,1,0.515573593073593,1
RIMONE_r2_Im432,4,r2,1,0.49015043290043275,0
RIMONE_r2_Im433,4,r2,1,0.5529025974025974,1
RIMONE_r2_Im436,4,r2,1,0.5143513708513708,1
RIMONE_r2_Im439,4,r2,1,0.38645851370851375,0
RIMONE_r2_Im441,4,r2,1,0.48571645021645005,0
RIMONE_r2_Im442,4,r2,1,0.5294440836940837,1
RIMONE_r2_Im443,4,r2,1,0.5369440836940836,1
RIMONE_r2_Im444,4,r2,1,0.4501608946608946,0
RIMONE_r2_Im445,4,r2,1,0.49938311688311676,0
RIMONE_r2_Im448,4,r2,1,0.4934837662337661,0
RIMONE_r2_Im449,4,r2,1,0.49015043290043275,0
RIMONE_r2_Im450,4,r2,1,0.5163950216450215,1
RIMONE_r2_Im451,4,r2,1,0.4590497835497835,0
RIMONE_r2_Im453,4,r2,1,0.5178690476190476,1
RIMONE_r2_Im454,4,r2,1,0.4690977633477633,0
RIMONE_r2_Im455,4,r2,1,0.5166677489177488,1
RIMONE_r3_G-1-L_left_half,4,r3,1,0.4493513708513707,0
RIMONE_r3_G-10-L_left_half,4,r3,1,0.5060747863247864,1
RIMONE_r3_G-11-R_left_half,4,r3,1,0.6312878787878788,1
RIMONE_r3_G-12-L_left_half,4,r3,1,0.45156746031746026,0
RIMONE_r3_G-13-R_left_half,4,r3,1,0.6327507215007215,1
RIMONE_r3_G-14-R_left_half,4,r3,1,0.41283477633477633,0
RIMONE_r3_G-15-L_left_half,4,r3,1,0.2554849594849594,0
RIMONE_r3_G-16-R_left_half,4,r3,1,0.2623823953823953,0
RIMONE_r3_G-17-L_left_half,4,r3,1,0.5088726551226549,1
RIMONE_r3_G-18-R_left_half,4,r3,1,0.4989307359307359,0
RIMONE_r3_G-2-R_left_half,4,r3,1,0.5169307359307358,1
RIMONE_r3_G-22-L_left_half,4,r3,1,0.6186212121212121,1
RIMONE_r3_G-23-R_left_half,4,r3,1,0.5116660561660562,1
RIMONE_r3_G-25-L_left_half,4,r3,1,0.47910714285714284,0
RIMONE_r3_G-27-R_left_half,4,r3,1,0.47394383394383405,0
RIMONE_r3_G-29-R_left_half,4,r3,1,0.46694805194805183,0
RIMONE_r3_G-3-R_left_half,4,r3,1,0.6064101731601732,1
RIMONE_r3_G-30-L_left_half,4,r3,1,0.42475,0
RIMONE_r3_G-31-R_left_half,4,r3,1,0.6701396103896106,1
RIMONE_r3_G-32-L_left_half,4,r3,1,0.6255021645021646,1
RIMONE_r3_G-33-R_left_half,4,r3,1,0.4651385281385281,0
RIMONE_r3_G-34-L_left_half,4,r3,1,0.41625335775335776,0
RIMONE_r3_G-35-R_left_half,4,r3,1,0.3623474025974026,0
RIMONE_r3_G-37-R_left_half,4,r3,1,0.44683669108669105,0
RIMONE_r3_G-38-L_left_half,4,r3,1,0.4480628815628816,0
RIMONE_r3_G-39-L_left_half,4,r3,1,0.5006865079365079,1
RIMONE_r3_G-6-L_left_half,4,r3,1,0.4261172438672437,0
RIMONE_r3_G-8-R_left_half,4,r3,1,0.4902997835497835,0
RIMONE_r3_G-9-R_left_half,4,r3,1,0.35210858585858595,0
RIMONE_r3_S-1-L_left_half,4,r3,1,0.5282164502164501,1
RIMONE_r3_S-10-R_left_half,4,r3,1,0.5424239926739928,1
RIMONE_r3_S-11-L_left_half,4,r3,1,0.4800497835497835,0
RIMONE_r3_S-12-L_left_half,4,r3,1,0.5056224053724053,1
RIMONE_r3_S-13-R_left_half,4,r3,1,0.42244780219780226,0
RIMONE_r3_S-14-R_left_half,4,r3,1,0.5502601010101009,1
RIMONE_r3_S-18-L_left_half,4,r3,1,0.4796251803751803,0
RIMONE_r3_S-19-R_left_half,4,r3,1,0.3665411255411255,0
RIMONE_r3_S-2-L_left_half,4,r3,1,0.46889898989898987,0
RIMONE_r3_S-20-L_left_half,4,r3,1,0.4663730158730158,0
RIMONE_r3_S-21-R_left_half,4,r3,1,0.44166208791208794,0
RIMONE_r3_S-25-L_left_half,4,r3,1,0.518427960927961,1
RIMONE_r3_S-26-R_left_half,4,r3,1,0.47995573870573877,0
RIMONE_r3_S-28-R_left_half,4,r3,1,0.40844047619047624,0
RIMONE_r3_S-29-R_left_half,4,r3,1,0.43633549783549774,0
RIMONE_r3_S-30-L_left_half,4,r3,1,0.43173809523809525,0
RIMONE_r3_S-31-L_left_half,4,r3,1,0.466010101010101,0
RIMONE_r3_S-32-L_left_half,4,r3,1,0.46608946608946605,0
RIMONE_r3_S-33-R_left_half,4,r3,1,0.4470934343434343,0
RIMONE_r3_S-35-R_left_half,4,r3,1,0.4728730158730158,0
RIMONE_r3_S-4-L_left_half,4,r3,1,0.45991208791208793,0
RIMONE_r3_S-6-R_left_half,4,r3,1,0.6352878787878788,1
RIMONE_r3_S-9-L_left_half,4,r3,1,0.5053128815628815,1
RIMONE_r2_Im034,4,r2,0,0.5213831168831168,1
RIMONE_r2_Im036,4,r2,0,0.5152283549783551,1
RIMONE_r2_Im038,4,r2,0,0.492291847041847,0
RIMONE_r2_Im040,4,r2,0,0.5437164502164501,1
RIMONE_r2_Im042,4,r2,0,0.5308831168831167,1
RIMONE_r2_Im044,4,r2,0,0.49721645021645017,0
RIMONE_r2_Im046,4,r2,0,0.5180497835497835,1
RIMONE_r2_Im048,4,r2,0,0.5070393217893217,1
RIMONE_r2_Im050,4,r2,0,0.506978354978355,1
RIMONE_r2_Im052,4,r2,0,0.5167402597402596,1
RIMONE_r2_Im054,4,r2,0,0.5013831168831168,1
RIMONE_r2_Im056,4,r2,0,0.4968513708513707,0
RIMONE_r2_Im058,4,r2,0,0.5093513708513708,1
RIMONE_r2_Im060,4,r2,0,0.4992164502164502,0
RIMONE_r2_Im062,4,r2,0,0.5191132756132756,1
RIMONE_r2_Im064,4,r2,0,0.5078950216450216,1
RIMONE_r2_Im066,4,r2,0,0.4966504329004327,0
RIMONE_r2_Im068,4,r2,0,0.512137085137085,1
RIMONE_r2_Im070,4,r2,0,0.49462518037518033,0
RIMONE_r2_Im072,4,r2,0,0.527573593073593,1
RIMONE_r2_Im074,4,r2,0,0.5008513708513707,1
RIMONE_r2_Im076,4,r2,0,0.527573593073593,1
RIMONE_r2_Im078,4,r2,0,0.49962518037518033,0
RIMONE_r2_Im080,4,r2,0,0.5127164502164502,1
RIMONE_r2_Im082,4,r2,0,0.5113964646464645,1
RIMONE_r2_Im084,4,r2,0,0.4191879509379509,0
RIMONE_r2_Im086,4,r2,0,0.5011807359307359,1
RIMONE_r2_Im088,4,r2,0,0.5483831168831168,1
RIMONE_r2_Im090,4,r2,0,0.48546645021645013,0
RIMONE_r2_Im092,4,r2,0,0.5432402597402597,1
RIMONE_r2_Im094,4,r2,0,0.502355339105339,1
RIMONE_r2_Im096,4,r2,0,0.4851489898989898,0
RIMONE_r2_Im098,4,r2,0,0.4909664502164501,0
RIMONE_r2_Im100,4,r2,0,0.4913751803751803,0
RIMONE_r2_Im102,4,r2,0,0.5408831168831167,1
RIMONE_r2_Im104,4,r2,0,0.46889898989898987,0
RIMONE_r2_Im106,4,r2,0,0.5132164502164501,1
RIMONE_r2_Im108,4,r2,0,0.5206450216450216,1
RIMONE_r2_Im110,4,r2,0,0.5303354978354978,1
RIMONE_r2_Im112,4,r2,0,0.5148513708513707,1
RIMONE_r2_Im114,4,r2,0,0.5357402597402596,1
RIMONE_r2_Im116,4,r2,0,0.5408831168831167,1
RIMONE_r2_Im118,4,r2,0,0.5211132756132755,1
RIMONE_r2_Im120,4,r2,0,0.4978474025974025,0
RIMONE_r2_Im122,4,r2,0,0.47364898989898985,0
RIMONE_r2_Im124,4,r2,0,0.5180497835497835,1
RIMONE_r2_Im126,4,r2,0,0.46073556998556997,0
RIMONE_r2_Im128,4,r2,0,0.4892164502164502,0
RIMONE_r2_Im130,4,r2,0,0.46608946608946605,0
RIMONE_r2_Im132,4,r2,0,0.5152283549783551,1
RIMONE_r2_Im134,4,r2,0,0.5229440836940836,1
RIMONE_r2_Im136,4,r2,0,0.5447164502164502,1
RIMONE_r2_Im138,4,r2,0,0.44012842712842704,0
RIMONE_r2_Im140,4,r2,0,0.5052283549783549,1
RIMONE_r2_Im142,4,r2,0,0.46889898989898987,0
RIMONE_r2_Im144,4,r2,0,0.5432402597402597,1
RIMONE_r2_Im146,4,r2,0,0.5000537518037518,1
RIMONE_r2_Im148,4,r2,0,0.508978354978355,1
RIMONE_r2_Im150,4,r2,0,0.5085140692640693,1
RIMONE_r2_Im152,4,r2,0,0.466010101010101,0
RIMONE_r2_Im154,4,r2,0,0.5090021645021644,1
RIMONE_r2_Im156,4,r2,0,0.5051807359307359,1
RIMONE_r2_Im158,4,r2,0,0.508978354978355,1
RIMONE_r2_Im160,4,r2,0,0.5078950216450216,1
RIMONE_r2_Im162,4,r2,0,0.5307164502164502,1
RIMONE_r2_Im164,4,r2,0,0.4876504329004328,0
RIMONE_r2_Im166,4,r2,0,0.5322402597402597,1
RIMONE_r2_Im168,4,r2,0,0.5198513708513707,1
RIMONE_r2_Im170,4,r2,0,0.557478354978355,1
RIMONE_r2_Im172,4,r2,0,0.5213831168831168,1
RIMONE_r2_Im174,4,r2,0,0.5322402597402597,1
RIMONE_r2_Im176,4,r2,0,0.5359837662337661,1
RIMONE_r2_Im178,4,r2,0,0.5413831168831169,1
RIMONE_r2_Im180,4,r2,0,0.5307164502164502,1
RIMONE_r2_Im182,4,r2,0,0.5389069264069264,1
RIMONE_r2_Im184,4,r2,0,0.5483831168831168,1
RIMONE_r2_Im186,4,r2,0,0.4809823232323231,0
RIMONE_r2_Im188,4,r2,0,0.5265869408369407,1
RIMONE_r2_Im190,4,r2,0,0.5163513708513707,1
RIMONE_r2_Im192,4,r2,0,0.4650934343434343,0
RIMONE_r2_Im194,4,r2,0,0.5483831168831168,1
RIMONE_r2_Im196,4,r2,0,0.5095140692640693,1
RIMONE_r2_Im198,4,r2,0,0.4978474025974025,0
RIMONE_r2_Im200,4,r2,0,0.5656212121212121,1
RIMONE_r2_Im202,4,r2,0,0.5237601010101008,1
RIMONE_r2_Im206,4,r2,0,0.4809823232323231,0
RIMONE_r2_Im208,4,r2,0,0.5347164502164502,1
RIMONE_r2_Im210,4,r2,0,0.5213831168831168,1
RIMONE_r2_Im212,4,r2,0,0.492291847041847,0
RIMONE_r2_Im214,4,r2,0,0.42953318903318893,0
RIMONE_r2_Im216,4,r2,0,0.5078950216450216,1
RIMONE_r2_Im218,4,r2,0,0.5085140692640691,1
RIMONE_r2_Im220,4,r2,0,0.5162402597402597,1
RIMONE_r2_Im222,4,r2,0,0.48521645021645005,0
RIMONE_r2_Im224,4,r2,0,0.46250613275613267,0
RIMONE_r2_Im226,4,r2,0,0.5028513708513708,1
RIMONE_r2_Im228,4,r2,0,0.4075887445887446,0
RIMONE_r2_Im230,4,r2,0,0.535827922077922,1
RIMONE_r2_Im232,4,r2,0,0.4925909090909091,0
RIMONE_r2_Im234,4,r2,0,0.5413831168831169,1
RIMONE_r2_Im236,4,r2,0,0.5528077200577199,1
RIMONE_r2_Im238,4,r2,0,0.506978354978355,1
RIMONE_r2_Im240,4,r2,0,0.520902958152958,1
RIMONE_r2_Im242,4,r2,0,0.5474307359307359,1
RIMONE_r2_Im244,4,r2,0,0.5021807359307359,1
RIMONE_r2_Im246,4,r2,0,0.49203535353535344,0
RIMONE_r2_Im248,4,r2,0,0.4751727994227993,0
RIMONE_r2_Im250,4,r2,0,0.45191017316017307,0
RIMONE_r2_Im252,4,r2,0,0.5028726551226549,1
RIMONE_r2_Im254,4,r2,0,0.5447164502164502,1
RIMONE_r3_N-1-L_left_half,4,r3,0,0.406346681096681,0
RIMONE_r3_N-10-R_left_half,4,r3,0,0.43461446886446886,0
RIMONE_r3_N-11-L_left_half,4,r3,0,0.4791224053724054,0
RIMONE_r3_N-12-R_left_half,4,r3,0,0.5013605006105007,1
RIMONE_r3_N-13-L_left_half,4,r3,0,0.5183168498168498,1
RIMONE_r3_N-14-R_left_half,4,r3,0,0.44325613275613274,0
RIMONE_r3_N-16-R_left_half,4,r3,0,0.44156565656565655,0
RIMONE_r3_N-17-L_left_half,4,r3,0,0.4754795482295483,0
RIMONE_r3_N-18-R_left_half,4,r3,0,0.4054538239538239,0
RIMONE_r3_N-2-R_left_half,4,r3,0,0.41773626373626377,0
RIMONE_r3_N-20-R_left_half,4,r3,0,0.44233946608946617,0
RIMONE_r3_N-21-L_left_half,4,r3,0,0.5297097069597071,1
RIMONE_r3_N-22-R_left_half,4,r3,0,0.5389954212454213,1
RIMONE_r3_N-23-L_left_half,4,r3,0,0.34629112554112546,0
RIMONE_r3_N-24-R_left_half,4,r3,0,0.4780112942612943,0
RIMONE_r3_N-25-L_left_half,4,r3,0,0.5393831168831169,1
RIMONE_r3_N-26-R_left_half,4,r3,0,0.4470656565656565,0
RIMONE_r3_N-27-L_left_half,4,r3,0,0.4460894660894661,0
RIMONE_r3_N-28-R_left_half,4,r3,0,0.44233946608946617,0
RIMONE_r3_N-29-L_left_half,4,r3,0,0.5372085137085136,1
RIMONE_r3_N-3-L_left_half,4,r3,0,0.3936125541125541,0
RIMONE_r3_N-30-R_left_half,4,r3,0,0.5369440836940836,1
RIMONE_r3_N-31-L_left_half,4,r3,0,0.3818347763347763,0
RIMONE_r3_N-32-R_left_half,4,r3,0,0.3718347763347763,0
RIMONE_r3_N-33-L_left_half,4,r3,0,0.4100887445887446,0
RIMONE_r3_N-34-R_left_half,4,r3,0,0.41687240537240533,0
RIMONE_r3_N-35-L_left_half,4,r3,0,0.45204112554112547,0
RIMONE_r3_N-36-R_left_half,4,r3,0,0.3785133477633477,0
RIMONE_r3_N-37-L_left_half,4,r3,0,0.47155555555555556,0
RIMONE_r3_N-38-R_left_half,4,r3,0,0.43899206349206354,0
RIMONE_r3_N-39-L_left_half,4,r3,0,0.482095238095238,0
RIMONE_r3_N-4-R_left_half,4,r3,0,0.3941204906204906,0
RIMONE_r3_N-40-R_left_half,4,r3,0,0.391346681096681,0
RIMONE_r3_N-41-L_left_half,4,r3,0,0.45432936507936506,0
RIMONE_r3_N-42-R_left_half,4,r3,0,0.4637057387057386,0
RIMONE_r3_N-43-L_left_half,4,r3,0,0.45313636363636356,0
RIMONE_r3_N-44-R_left_half,4,r3,0,0.45773412698412697,0
RIMONE_r3_N-46-R_left_half,4,r3,0,0.45554761904761903,0
RIMONE_r3_N-47-L_left_half,4,r3,0,0.4048354978354978,0
RIMONE_r3_N-48-R_left_half,4,r3,0,0.5048882783882783,1
RIMONE_r3_N-49-L_left_half,4,r3,0,0.422767316017316,0
RIMONE_r3_N-5-L_left_half,4,r3,0,0.5078950216450216,1
RIMONE_r3_N-50-R_left_half,4,r3,0,0.41298953823953816,0
RIMONE_r3_N-51-L_left_half,4,r3,0,0.5096382783882784,1
RIMONE_r3_N-52-R_left_half,4,r3,0,0.4617216117216117,0
RIMONE_r3_N-53-L_left_half,4,r3,0,0.34421969696969706,0
RIMONE_r3_N-54-R_left_half,4,r3,0,0.30810461760461755,0
RIMONE_r3_N-55-L_left_half,4,r3,0,0.4827936507936508,0
RIMONE_r3_N-56-R_left_half,4,r3,0,0.3842176434676434,0
RIMONE_r3_N-58-R_left_half,4,r3,0,0.46883946608946603,0
RIMONE_r3_N-59-L_left_half,4,r3,0,0.47238888888888886,0
RIMONE_r3_N-6-R_left_half,4,r3,0,0.46355830280830274,0
RIMONE_r3_N-61-L_left_half,4,r3,0,0.5045271672771673,1
RIMONE_r3_N-62-R_left_half,4,r3,0,0.5266739926739927,1
RIMONE_r3_N-63-L_left_half,4,r3,0,0.43729509379509374,0
RIMONE_r3_N-64-R_left_half,4,r3,0,0.47292279942279947,0
RIMONE_r3_N-65-L_left_half,4,r3,0,0.4566785714285713,0
RIMONE_r3_N-66-R_left_half,4,r3,0,0.4493922466422466,0
RIMONE_r3_N-67-L_left_half,4,r3,0,0.4399478021978023,0
RIMONE_r3_N-68-R_left_half,4,r3,0,0.4335000000000001,0
RIMONE_r3_N-69-L_left_half,4,r3,0,0.4346666666666667,0
RIMONE_r3_N-7-L_left_half,4,r3,0,0.35006493506493497,0
RIMONE_r3_N-70-R_left_half,4,r3,0,0.46931746031746036,0
RIMONE_r3_N-71-L_left_half,4,r3,0,0.48001404151404153,0
RIMONE_r3_N-72-R_left_half,4,r3,0,0.46608946608946605,0
RIMONE_r3_N-73-R_left_half,4,r3,0,0.4872817460317462,0
RIMONE_r3_N-74-L_left_half,4,r3,0,0.4020411255411255,0
RIMONE_r3_N-75-R_left_half,4,r3,0,0.369814935064935,0
RIMONE_r3_N-76-R_left_half,4,r3,0,0.4485768398268398,0
RIMONE_r3_N-78-R_left_half,4,r3,0,0.6751396103896106,1
RIMONE_r3_N-79-L_left_half,4,r3,0,0.5180497835497835,1
RIMONE_r3_N-8-L_left_half,4,r3,0,0.5033870851370851,1
RIMONE_r3_N-80-R_left_half,4,r3,0,0.5229340936840937,1
RIMONE_r3_N-81-L_left_half,4,r3,0,0.4540768398268398,0
RIMONE_r3_N-82-R_left_half,4,r3,0,0.43050000000000005,0
RIMONE_r3_N-83-L_left_half,4,r3,0,0.516876984126984,1
RIMONE_r3_N-84-R_left_half,4,r3,0,0.4527063492063491,0
RIMONE_r3_N-85-L_left_half,4,r3,0,0.45146969696969697,0
RIMONE_r3_N-86-R_left_half,4,r3,0,0.42469588744588743,0
RIMONE_r3_N-87-L_left_half,4,r3,0,0.49297222222222226,0
RIMONE_r3_N-88-R_left_half,4,r3,0,0.44091269841269837,0
RIMONE_r3_N-9-L_left_half,4,r3,0,0.5219704184704184,1
RIMONE_r3_N-90-R_left_half,4,r3,0,0.43375793650793637,0
RIMONE_r3_N-91-L_left_half,4,r3,0,0.4812817460317461,0
RIMONE_r3_N-92-R_left_half,4,r3,0,0.4812817460317461,0
RIMONE_r1_Im069,pooled,r1,1,0.4516785658785659,0
RIMONE_r1_Im103,pooled,r1,1,0.5188378732378732,1
RIMONE_r1_Im113,pooled,r1,1,0.5267398212898213,1
RIMONE_r1_Im117,pooled,r1,1,0.513434817959818,1
RIMONE_r1_Im118,pooled,r1,1,0.5684731185481186,1
RIMONE_r1_Im120,pooled,r1,1,0.5495535880785882,1
RIMONE_r1_Im121,pooled,r1,1,0.4610672133422134,0
RIMONE_r1_Im122,pooled,r1,1,0.5027175269175269,1
RIMONE_r1_Im135,pooled,r1,1,0.588269955044955,1
RIMONE_r1_Im144,pooled,r1,1,0.4951470834720835,0
RIMONE_r1_Im158,pooled,r1,1,0.5892620074370074,1
RIMONE_r1_Im167,pooled,r1,1,0.5401935481185481,1
RIMONE_r2_Im257,pooled,r2,1,0.562210828060828,1
RIMONE_r2_Im258,pooled,r2,1,0.492403108003108,0
RIMONE_r2_Im260,pooled,r2,1,0.4889526751026751,0
RIMONE_r2_Im263,pooled,r2,1,0.4218038295038295,0
RIMONE_r2_Im264,pooled,r2,1,0.4333154817404818,0
RIMONE_r2_Im266,pooled,r2,1,0.4783103119103119,0
RIMONE_r2_Im267,pooled,r2,1,0.5690662670662672,1
RIMONE_r2_Im268,pooled,r2,1,0.5114377317127318,1
RIMONE_r2_Im269,pooled,r2,1,0.4650388833388833,0
RIMONE_r2_Im270,pooled,r2,1,0.49910515318015325,0
RIMONE_r2_Im273,pooled,r2,1,0.5055753912753913,1
RIMONE_r2_Im275,pooled,r2,1,0.4730068487068487,0
RIMONE_r2_Im277,pooled,r2,1,0.5131769175269175,1
RIMONE_r2_Im281,pooled,r2,1,0.4608979853479854,0
RIMONE_r2_Im287,pooled,r2,1,0.540815084915085,1
RIMONE_r2_Im288,pooled,r2,1,0.4932880896880897,0
RIMONE_r2_Im289,pooled,r2,1,0.4799265207015207,0
RIMONE_r2_Im290,pooled,r2,1,0.48499073426573425,0
RIMONE_r2_Im291,pooled,r2,1,0.4851673826173826,0
RIMONE_r2_Im292,pooled,r2,1,0.5567634143634144,1
RIMONE_r2_Im293,pooled,r2,1,0.48530281940281944,0
RIMONE_r2_Im294,pooled,r2,1,0.5114396409146409,1
RIMONE_r2_Im301,pooled,r2,1,0.5127601787101786,1
RIMONE_r2_Im302,pooled,r2,1,0.4745908064158065,0
RIMONE_r2_Im303,pooled,r2,1,0.489745387945388,0
RIMONE_r2_Im305,pooled,r2,1,0.4573769536019537,0
RIMONE_r2_Im314,pooled,r2,1,0.5000243201243201,1
RIMONE_r2_Im315,pooled,r2,1,0.500213136863137,1
RIMONE_r2_Im317,pooled,r2,1,0.5070447746697747,1
RIMONE_r2_Im318,pooled,r2,1,0.47688744033744035,0
RIMONE_r2_Im319,pooled,r2,1,0.5034904706404706,1
RIMONE_r2_Im320,pooled,r2,1,0.4930619824619825,0
RIMONE_r2_Im321,pooled,r2,1,0.48086641969141963,0
RIMONE_r2_Im324,pooled,r2,1,0.5086828699078698,1
RIMONE_r2_Im329,pooled,r2,1,0.5568262570762572,1
RIMONE_r2_Im330,pooled,r2,1,0.4740560189810189,0
RIMONE_r2_Im331,pooled,r2,1,0.47380826673326676,0
RIMONE_r2_Im332,pooled,r2,1,0.5006192335442335,1
RIMONE_r2_Im333,pooled,r2,1,0.4900947746697747,0
RIMONE_r2_Im334,pooled,r2,1,0.5097856476856477,1
RIMONE_r2_Im338,pooled,r2,1,0.49061739371739377,0
RIMONE_r2_Im339,pooled,r2,1,0.49793094683094685,0
RIMONE_r2_Im343,pooled,r2,1,0.49307785547785554,0
RIMONE_r2_Im344,pooled,r2,1,0.5202554168054169,1
RIMONE_r1_Im001,pooled,r1,0,0.503330994005994,1
RIMONE_r1_Im003,pooled,r1,0,0.5612667332667333,1
RIMONE_r1_Im004,pooled,r1,0,0.49883974913974916,0
RIMONE_r1_Im006,pooled,r1,0,0.5873552614052614,1
RIMONE_r1_Im008,pooled,r1,0,0.5239302974802975,1
RIMONE_r1_Im011,pooled,r1,0,0.47622077367077364,0
RIMONE_r1_Im012,pooled,r1,0,0.49193103008103006,0
RIMONE_r1_Im014,pooled,r1,0,0.49096189921189926,0
RIMONE_r1_Im015,pooled,r1,0,0.5284694028194028,1
RIMONE_r1_Im019,pooled,r1,0,0.48931454378954375,0
RIMONE_r1_Im020,pooled,r1,0,0.4951568598068598,0
RIMONE_r1_Im022,pooled,r1,0,0.4966497058497059,0
RIMONE_r1_Im023,pooled,r1,0,0.4880163725163726,0
RIMONE_r1_Im024,pooled,r1,0,0.5706455572205573,1
RIMONE_r1_Im025,pooled,r1,0,0.5393683205683205,1
RIMONE_r1_Im026,pooled,r1,0,0.5315273865023865,1
RIMONE_r1_Im027,pooled,r1,0,0.5014613691863692,1
RIMONE_r1_Im028,pooled,r1,0,0.46823762071262076,0
RIMONE_r1_Im029,pooled,r1,0,0.45785198967698976,0
RIMONE_r1_Im031,pooled,r1,0,0.5339326062826062,1
RIMONE_r1_Im032,pooled,r1,0,0.5504175990675991,1
RIMONE_r1_Im033,pooled,r1,0,0.5458886308136308,1
RIMONE_r1_Im036,pooled,r1,0,0.456425715950716,0
RIMONE_r1_Im037,pooled,r1,0,0.43914481074481077,0
RIMONE_r1_Im040,pooled,r1,0,0.5049965673215673,1
RIMONE_r1_Im041,pooled,r1,0,0.5008634254634254,1
RIMONE_r1_Im042,pooled,r1,0,0.5028164918414919,1
RIMONE_r1_Im046,pooled,r1,0,0.4876947746697747,0
RIMONE_r1_Im047,pooled,r1,0,0.4990739482739482,0
RIMONE_r1_Im050,pooled,r1,0,0.5823722888222889,1
RIMONE_r1_Im052,pooled,r1,0,0.49556666111666103,0
RIMONE_r1_Im054,pooled,r1,0,0.4779801531801531,0
RIMONE_r1_Im055,pooled,r1,0,0.4848915889665889,0
RIMONE_r1_Im056,pooled,r1,0,0.49279119214119216,0
RIMONE_r1_Im057,pooled,r1,0,0.5529556221556222,1
RIMONE_r1_Im058,pooled,r1,0,0.5619326784326785,1
RIMONE_r1_Im059,pooled,r1,0,0.48522748362748364,0
RIMONE_r1_Im060,pooled,r1,0,0.5042730824730824,1
RIMONE_r1_Im061,pooled,r1,0,0.5181375596625598,1
RIMONE_r1_Im062,pooled,r1,0,0.5030052253302253,1
RIMONE_r1_Im063,pooled,r1,0,0.4980008963258964,0
RIMONE_r1_Im071,pooled,r1,0,0.4884163836163836,0
RIMONE_r1_Im072,pooled,r1,0,0.5562714701964702,1
RIMONE_r1_Im073,pooled,r1,0,0.5312471556221556,1
RIMONE_r1_Im080,pooled,r1,0,0.5677104256854257,1
RIMONE_r1_Im082,pooled,r1,0,0.4912967227217228,0
RIMONE_r1_Im086,pooled,r1,0,0.5479191003441004,1
RIMONE_r1_Im087,pooled,r1,0,0.5207552003552004,1
RIMONE_r1_Im095,pooled,r1,0,0.6053806943056944,1
RIMONE_r1_Im107,pooled,r1,0,0.5810449550449551,1
RIMONE_r1_Im108,pooled,r1,0,0.4969434398934399,0
RIMONE_r1_Im115,pooled,r1,0,0.5387320401820401,1
RIMONE_r1_Im116,pooled,r1,0,0.501692465867466,1
RIMONE_r1_Im119,pooled,r1,0,0.5772302364302365,1
RIMONE_r1_Im125,pooled,r1,0,0.5380333638583638,1
RIMONE_r1_Im127,pooled,r1,0,0.4981845904095904,0
RIMONE_r1_Im128,pooled,r1,0,0.5922194610944611,1
RIMONE_r1_Im129,pooled,r1,0,0.5175865856365857,1
RIMONE_r1_Im130,pooled,r1,0,0.6018930874680876,1
RIMONE_r1_Im131,pooled,r1,0,0.49686742979242987,0
RIMONE_r1_Im132,pooled,r1,0,0.4950830142080142,0
RIMONE_r1_Im133,pooled,r1,0,0.47897189199689205,0
RIMONE_r1_Im136,pooled,r1,0,0.5745032883782885,1
RIMONE_r1_Im137,pooled,r1,0,0.5092412032412033,1
RIMONE_r1_Im138,pooled,r1,0,0.5032421772671773,1
RIMONE_r1_Im142,pooled,r1,0,0.5485881368631369,1
RIMONE_r1_Im143,pooled,r1,0,0.5861505355755356,1
RIMONE_r1_Im145,pooled,r1,0,0.5633548645798646,1
RIMONE_r1_Im146,pooled,r1,0,0.5835415889665889,1
RIMONE_r1_Im149,pooled,r1,0,0.49500368520368526,0
RIMONE_r1_Im150,pooled,r1,0,0.5292555971805972,1
RIMONE_r1_Im151,pooled,r1,0,0.5604846015096016,1
RIMONE_r1_Im152,pooled,r1,0,0.5853619824619825,1
RIMONE_r1_Im153,pooled,r1,0,0.6082383255633256,1
RIMONE_r1_Im154,pooled,r1,0,0.5392171051171052,1
RIMONE_r1_Im155,pooled,r1,0,0.5660564158064159,1
RIMONE_r1_Im156,pooled,r1,0,0.5307824619824619,1
RIMONE_r1_Im159,pooled,r1,0,0.561920412920413,1
RIMONE_r1_Im161,pooled,r1,0,0.5419122599622599,1
RIMONE_r1_Im162,pooled,r1,0,0.565181018981019,1
RIMONE_r1_Im163,pooled,r1,0,0.48255782273282277,0
RIMONE_r1_Im164,pooled,r1,0,0.5530257992007993,1
RIMONE_r1_Im165,pooled,r1,0,0.516648778998779,1
RIMONE_r1_Im166,pooled,r1,0,0.47501777944277945,0
RIMONE_r1_Im168,pooled,r1,0,0.5728669608169608,1
RIMONE_r1_Im169,pooled,r1,0,0.5141237318237318,1
RIMONE_r2_Im001,pooled,r2,0,0.4796695942945943,0
RIMONE_r2_Im002,pooled,r2,0,0.49648808968808966,0
RIMONE_r2_Im003,pooled,r2,0,0.4763467587967588,0
RIMONE_r2_Im004,pooled,r2,0,0.48917547452547455,0
RIMONE_r2_Im005,pooled,r2,0,0.4899515207015206,0
RIMONE_r2_Im006,pooled,r2,0,0.4891088078588079,0
RIMONE_r2_Im007,pooled,r2,0,0.5073046953046954,1
RIMONE_r2_Im009,pooled,r2,0,0.512204107004107,1
RIMONE_r2_Im010,pooled,r2,0,0.4871447746697746,0
RIMONE_r2_Im011,pooled,r2,0,0.507473706848707,1
RIMONE_r2_Im012,pooled,r2,0,0.4830945831945832,0
RIMONE_r2_Im013,pooled,r2,0,0.48929971694971697,0
RIMONE_r2_Im014,pooled,r2,0,0.48572626817626824,0
RIMONE_r2_Im015,pooled,r2,0,0.4642563436563436,0
RIMONE_r2_Im016,pooled,r2,0,0.4482436813186813,0
RIMONE_r2_Im017,pooled,r2,0,0.4951453157953158,0
RIMONE_r2_Im018,pooled,r2,0,0.5193920329670331,1
RIMONE_r2_Im019,pooled,r2,0,0.47005392662892664,0
RIMONE_r2_Im020,pooled,r2,0,0.48197394827394824,0
RIMONE_r2_Im021,pooled,r2,0,0.49241070873570864,0
RIMONE_r2_Im022,pooled,r2,0,0.5422267260517261,1
RIMONE_r2_Im023,pooled,r2,0,0.4775103119103119,0
RIMONE_r2_Im024,pooled,r2,0,0.48181977466977466,0
RIMONE_r2_Im025,pooled,r2,0,0.46380688478188475,0
RIMONE_r2_Im026,pooled,r2,0,0.4688134865134865,0
RIMONE_r2_Im027,pooled,r2,0,0.4903171411921412,0
RIMONE_r2_Im028,pooled,r2,0,0.4942925629925631,0
RIMONE_r2_Im029,pooled,r2,0,0.54687046009546,1
RIMONE_r2_Im030,pooled,r2,0,0.5084857919857921,1
RIMONE_r2_Im031,pooled,r2,0,0.5244009795759795,1
RIMONE_r2_Im032,pooled,r2,0,0.49347856587856587,0
RIMONE_r2_Im033,pooled,r2,0,0.48143723498723495,0
RIMONE_r2_Im347,pooled,r2,1,0.4945303807303807,0
RIMONE_r2_Im348,pooled,r2,1,0.47493029748029747,0
RIMONE_r2_Im351,pooled,r2,1,0.48505826673326674,0
RIMONE_r2_Im352,pooled,r2,1,0.4816252941502941,0
RIMONE_r2_Im354,pooled,r2,1,0.4811607448107448,0
RIMONE_r2_Im355,pooled,r2,1,0.5071394605394606,1
RIMONE_r2_Im356,pooled,r2,1,0.4965071373071373,0
RIMONE_r2_Im357,pooled,r2,1,0.5110951714951715,1
RIMONE_r2_Im358,pooled,r2,1,0.50628388000888,1
RIMONE_r2_Im362,pooled,r2,1,0.5486492729492729,1
RIMONE_r2_Im365,pooled,r2,1,0.5003547563547563,1
RIMONE_r2_Im366,pooled,r2,1,0.4899114413364414,0
RIMONE_r2_Im369,pooled,r2,1,0.5069669608169609,1
RIMONE_r2_Im373,pooled,r2,1,0.49282558275058275,0
RIMONE_r2_Im376,pooled,r2,1,0.49315093240093244,0
RIMONE_r2_Im377,pooled,r2,1,0.4841454600954601,0
RIMONE_r2_Im383,pooled,r2,1,0.4656787101787102,0
RIMONE_r2_Im384,pooled,r2,1,0.4939404706404707,0
RIMONE_r2_Im385,pooled,r2,1,0.4907285658785659,0
RIMONE_r2_Im387,pooled,r2,1,0.49147493339993337,0
RIMONE_r2_Im388,pooled,r2,1,0.47786045621045614,0
RIMONE_r2_Im389,pooled,r2,1,0.4874603119103119,0
RIMONE_r2_Im390,pooled,r2,1,0.5284604922854923,1
RIMONE_r2_Im391,pooled,r2,1,0.5113198357198356,1
RIMONE_r2_Im392,pooled,r2,1,0.4760023143523144,0
RIMONE_r2_Im393,pooled,r2,1,0.4906176823176824,0
RIMONE_r2_Im398,pooled,r2,1,0.5047606476856477,1
RIMONE_r2_Im399,pooled,r2,1,0.5068306332556333,1
RIMONE_r2_Im400,pooled,r2,1,0.4954773754023753,0
RIMONE_r2_Im401,pooled,r2,1,0.5048134865134866,1
RIMONE_r2_Im402,pooled,r2,1,0.5052205683205683,1
RIMONE_r2_Im403,pooled,r2,1,0.47491586746586745,0
RIMONE_r2_Im404,pooled,r2,1,0.5441062715062716,1
RIMONE_r2_Im406,pooled,r2,1,0.4579642440892441,0
RIMONE_r2_Im407,pooled,r2,1,0.4942512681762682,0
RIMONE_r2_Im408,pooled,r2,1,0.5072604562104563,1
RIMONE_r2_Im414,pooled,r2,1,0.5115533494283494,1
RIMONE_r2_Im415,pooled,r2,1,0.5029898212898213,1
RIMONE_r2_Im416,pooled,r2,1,0.5046499944499944,1
RIMONE_r2_Im418,pooled,r2,1,0.519666588966589,1
RIMONE_r2_Im419,pooled,r2,1,0.48566442446442454,0
RIMONE_r2_Im420,pooled,r2,1,0.5060731546231546,1
RIMONE_r2_Im421,pooled,r2,1,0.45954061494061493,0
RIMONE_r2_Im422,pooled,r2,1,0.488428108003108,0
RIMONE_r2_Im424,pooled,r2,1,0.5078469641469642,1
RIMONE_r2_Im427,pooled,r2,1,0.4941779165279165,0
RIMONE_r2_Im428,pooled,r2,1,0.539566552891553,1
RIMONE_r2_Im429,pooled,r2,1,0.5002484071484071,1
RIMONE_r2_Im432,pooled,r2,1,0.5034154095904096,1
RIMONE_r2_Im433,pooled,r2,1,0.5218161310911311,1
RIMONE_r2_Im436,pooled,r2,1,0.47862077367077366,0
RIMONE_r2_Im439,pooled,r2,1,0.44216507381507386,0
RIMONE_r2_Im441,pooled,r2,1,0.5087253912753912,1
RIMONE_r2_Im442,pooled,r2,1,0.5540720002220002,1
RIMONE_r2_Im443,pooled,r2,1,0.5595562715062716,1
RIMONE_r2_Im444,pooled,r2,1,0.4735638222888223,0
RIMONE_r2_Im445,pooled,r2,1,0.4538975774225774,0
RIMONE_r2_Im448,pooled,r2,1,0.4851757270507271,0
RIMONE_r2_Im449,pooled,r2,1,0.49084239371739374,0
RIMONE_r2_Im450,pooled,r2,1,0.5052623792873793,1
RIMONE_r2_Im451,pooled,r2,1,0.49586391941391944,0
RIMONE_r2_Im453,pooled,r2,1,0.5904388944388945,1
RIMONE_r2_Im454,pooled,r2,1,0.4904864774114775,0
RIMONE_r2_Im455,pooled,r2,1,0.49980289155289165,0
RIMONE_r3_G-1-L_left_half,pooled,r3,1,0.4713213869463869,0
RIMONE_r3_G-10-L_left_half,pooled,r3,1,0.6299999805749806,1
RIMONE_r3_G-11-R_left_half,pooled,r3,1,0.6536494172494173,1
RIMONE_r3_G-12-L_left_half,pooled,r3,1,0.5443794427794428,1
RIMONE_r3_G-13-R_left_half,pooled,r3,1,0.635527614052614,1
RIMONE_r3_G-14-R_left_half,pooled,r3,1,0.5300251748251747,1
RIMONE_r3_G-15-L_left_half,pooled,r3,1,0.46024940337440345,0
RIMONE_r3_G-16-R_left_half,pooled,r3,1,0.3787414557664558,0
RIMONE_r3_G-17-L_left_half,pooled,r3,1,0.518639676989677,1
RIMONE_r3_G-18-R_left_half,pooled,r3,1,0.47971832056832053,0
RIMONE_r3_G-2-R_left_half,pooled,r3,1,0.5448741286491287,1
RIMONE_r3_G-22-L_left_half,pooled,r3,1,0.6408188977688979,1
RIMONE_r3_G-23-R_left_half,pooled,r3,1,0.6063360556110557,1
RIMONE_r3_G-25-L_left_half,pooled,r3,1,0.5975284937284938,1
RIMONE_r3_G-27-R_left_half,pooled,r3,1,0.5594996198246199,1
RIMONE_r3_G-29-R_left_half,pooled,r3,1,0.49515136530136533,0
RIMONE_r3_G-3-R_left_half,pooled,r3,1,0.6305370074370076,1
RIMONE_r3_G-30-L_left_half,pooled,r3,1,0.5589584471084471,1
RIMONE_r3_G-31-R_left_half,pooled,r3,1,0.6800321373071375,1
RIMONE_r3_G-32-L_left_half,pooled,r3,1,0.6321141053391054,1
RIMONE_r3_G-33-R_left_half,pooled,r3,1,0.480755081030081,0
RIMONE_r3_G-34-L_left_half,pooled,r3,1,0.543719425019425,1
RIMONE_r3_G-35-R_left_half,pooled,r3,1,0.44269274336774334,0
RIMONE_r3_G-37-R_left_half,pooled,r3,1,0.5685499805749806,1
RIMONE_r3_G-38-L_left_half,pooled,r3,1,0.5495279137529139,1
RIMONE_r3_G-39-L_left_half,pooled,r3,1,0.5585214341214341,1
RIMONE_r3_G-6-L_left_half,pooled,r3,1,0.4856678155178156,0
RIMONE_r3_G-8-R_left_half,pooled,r3,1,0.4372067765567766,0
RIMONE_r3_G-9-R_left_half,pooled,r3,1,0.49623924408924414,0
RIMONE_r3_S-1-L_left_half,pooled,r3,1,0.5024499944499945,1
RIMONE_r3_S-10-R_left_half,pooled,r3,1,0.6028227799977801,1
RIMONE_r3_S-11-L_left_half,pooled,r3,1,0.517835384060384,1
RIMONE_r3_S-12-L_left_half,pooled,r3,1,0.5739167304917305,1
RIMONE_r3_S-13-R_left_half,pooled,r3,1,0.5536310883560884,1
RIMONE_r3_S-14-R_left_half,pooled,r3,1,0.553481018981019,1
RIMONE_r3_S-18-L_left_half,pooled,r3,1,0.48498105505605504,0
RIMONE_r3_S-19-R_left_half,pooled,r3,1,0.4208708097458098,0
RIMONE_r3_S-2-L_left_half,pooled,r3,1,0.4769385586635587,0
RIMONE_r3_S-20-L_left_half,pooled,r3,1,0.573003674103674,1
RIMONE_r3_S-21-R_left_half,pooled,r3,1,0.5450913586413587,1
RIMONE_r3_S-25-L_left_half,pooled,r3,1,0.5773060411810412,1
RIMONE_r3_S-26-R_left_half,pooled,r3,1,0.5773508824508824,1
RIMONE_r3_S-28-R_left_half,pooled,r3,1,0.565239171939172,1
RIMONE_r3_S-29-R_left_half,pooled,r3,1,0.4508187173937174,0
RIMONE_r3_S-30-L_left_half,pooled,r3,1,0.451964652014652,0
RIMONE_r3_S-31-L_left_half,pooled,r3,1,0.4429552614052614,0
RIMONE_r3_S-32-L_left_half,pooled,r3,1,0.4383310550560551,0
RIMONE_r3_S-33-R_left_half,pooled,r3,1,0.46112546342546346,0
RIMONE_r3_S-35-R_left_half,pooled,r3,1,0.581042562992563,1
RIMONE_r3_S-4-L_left_half,pooled,r3,1,0.5885483932733934,1
RIMONE_r3_S-6-R_left_half,pooled,r3,1,0.6453129453879454,1
RIMONE_r3_S-9-L_left_half,pooled,r3,1,0.5709533355533355,1
RIMONE_r2_Im034,pooled,r2,0,0.48897394827394824,0
RIMONE_r2_Im036,pooled,r2,0,0.4948639915639916,0
RIMONE_r2_Im038,pooled,r2,0,0.4544294677544678,0
RIMONE_r2_Im040,pooled,r2,0,0.5161564879564879,1
RIMONE_r2_Im042,pooled,r2,0,0.5007840853590853,1
RIMONE_r2_Im044,pooled,r2,0,0.4918592657342657,0
RIMONE_r2_Im046,pooled,r2,0,0.49133109113109114,0
RIMONE_r2_Im048,pooled,r2,0,0.5161595182595182,1
RIMONE_r2_Im050,pooled,r2,0,0.4845214951714952,0
RIMONE_r2_Im052,pooled,r2,0,0.47988967698967694,0
RIMONE_r2_Im054,pooled,r2,0,0.47574775779775774,0
RIMONE_r2_Im056,pooled,r2,0,0.47558704351204345,0
RIMONE_r2_Im058,pooled,r2,0,0.49597791652791656,0
RIMONE_r2_Im060,pooled,r2,0,0.44954378954378954,0
RIMONE_r2_Im062,pooled,r2,0,0.5195643523143524,1
RIMONE_r2_Im064,pooled,r2,0,0.48881399156399163,0
RIMONE_r2_Im066,pooled,r2,0,0.5067785658785658,1
RIMONE_r2_Im068,pooled,r2,0,0.5242457015207015,1
RIMONE_r2_Im070,pooled,r2,0,0.4814405427905428,0
RIMONE_r2_Im072,pooled,r2,0,0.49521680541680546,0
RIMONE_r2_Im074,pooled,r2,0,0.4771775197025196,0
RIMONE_r2_Im076,pooled,r2,0,0.4921691863691864,0
RIMONE_r2_Im078,pooled,r2,0,0.48633859473859486,0
RIMONE_r2_Im080,pooled,r2,0,0.46445728160728167,0
RIMONE_r2_Im082,pooled,r2,0,0.5486296842046842,1
RIMONE_r2_Im084,pooled,r2,0,0.5055183927183927,1
RIMONE_r2_Im086,pooled,r2,0,0.46232946775446776,0
RIMONE_r2_Im088,pooled,r2,0,0.5138469641469642,1
RIMONE_r2_Im090,pooled,r2,0,0.4642047202797202,0
RIMONE_r2_Im092,pooled,r2,0,0.5215604562104563,1
RIMONE_r2_Im094,pooled,r2,0,0.5046798285048285,1
RIMONE_r2_Im096,pooled,r2,0,0.460667562992563,0
RIMONE_r2_Im098,pooled,r2,0,0.4727027722277722,0
RIMONE_r2_Im100,pooled,r2,0,0.4776865745365746,0
RIMONE_r2_Im102,pooled,r2,0,0.5137874403374403,1
RIMONE_r2_Im104,pooled,r2,0,0.5043123681873681,1
RIMONE_r2_Im106,pooled,r2,0,0.4782142440892441,0
RIMONE_r2_Im108,pooled,r2,0,0.48752546342546343,0
RIMONE_r2_Im110,pooled,r2,0,0.5035064158064159,1
RIMONE_r2_Im112,pooled,r2,0,0.5042750777000777,1
RIMONE_r2_Im114,pooled,r2,0,0.5203493450993452,1
RIMONE_r2_Im116,pooled,r2,0,0.5327874403374404,1
RIMONE_r2_Im118,pooled,r2,0,0.5243976856476856,1
RIMONE_r2_Im120,pooled,r2,0,0.5115901820401821,1
RIMONE_r2_Im122,pooled,r2,0,0.4459830391830392,0
RIMONE_r2_Im124,pooled,r2,0,0.4687477577977578,0
RIMONE_r2_Im126,pooled,r2,0,0.5068431152181152,1
RIMONE_r2_Im128,pooled,r2,0,0.4558342657342657,0
RIMONE_r2_Im130,pooled,r2,0,0.4727715312465313,0
RIMONE_r2_Im132,pooled,r2,0,0.5156639915639916,1
RIMONE_r2_Im134,pooled,r2,0,0.548757461982462,1
RIMONE_r2_Im136,pooled,r2,0,0.5408564158064159,1
RIMONE_r2_Im138,pooled,r2,0,0.48791420801420804,0
RIMONE_r2_Im140,pooled,r2,0,0.4938758963258964,0
RIMONE_r2_Im142,pooled,r2,0,0.5092770868020867,1
RIMONE_r2_Im144,pooled,r2,0,0.5034302974802974,1
RIMONE_r2_Im146,pooled,r2,0,0.5235123681873682,1
RIMONE_r2_Im148,pooled,r2,0,0.5134064158064159,1
RIMONE_r2_Im150,pooled,r2,0,0.48503498723498717,0
RIMONE_r2_Im152,pooled,r2,0,0.4489552614052614,0
RIMONE_r2_Im154,pooled,r2,0,0.46560251970251965,0
RIMONE_r2_Im156,pooled,r2,0,0.5153068487068488,1
RIMONE_r2_Im158,pooled,r2,0,0.5114619713619714,1
RIMONE_r2_Im160,pooled,r2,0,0.5161711344211345,1
RIMONE_r2_Im162,pooled,r2,0,0.49605728160728163,0
RIMONE_r2_Im164,pooled,r2,0,0.5080202325452325,1
RIMONE_r2_Im166,pooled,r2,0,0.5182556943056944,1
RIMONE_r2_Im168,pooled,r2,0,0.5070262681762682,1
RIMONE_r2_Im170,pooled,r2,0,0.5445802253302253,1
RIMONE_r2_Im172,pooled,r2,0,0.5123310911310911,1
RIMONE_r2_Im174,pooled,r2,0,0.4958985514485515,0
RIMONE_r2_Im176,pooled,r2,0,0.5585991286491286,1
RIMONE_r2_Im178,pooled,r2,0,0.5088564158064159,1
RIMONE_r2_Im180,pooled,r2,0,0.4757906149406149,0
RIMONE_r2_Im182,pooled,r2,0,0.534251653901654,1
RIMONE_r2_Im184,pooled,r2,0,0.5119302974802975,1
RIMONE_r2_Im186,pooled,r2,0,0.4706818487068487,0
RIMONE_r2_Im188,pooled,r2,0,0.5555703768453769,1
RIMONE_r2_Im190,pooled,r2,0,0.487151665001665,0
RIMONE_r2_Im192,pooled,r2,0,0.5049068126318126,1
RIMONE_r2_Im194,pooled,r2,0,0.5319302974802975,1
RIMONE_r2_Im196,pooled,r2,0,0.4931497058497059,0
RIMONE_r2_Im198,pooled,r2,0,0.4813520868020868,0
RIMONE_r2_Im200,pooled,r2,0,0.5674707015207016,1
RIMONE_r2_Im202,pooled,r2,0,0.5242288544788545,1
RIMONE_r2_Im206,pooled,r2,0,0.4823866106116106,0
RIMONE_r2_Im208,pooled,r2,0,0.502499272949273,1
RIMONE_r2_Im210,pooled,r2,0,0.47097394827394823,0
RIMONE_r2_Im212,pooled,r2,0,0.4845921661671662,0
RIMONE_r2_Im214,pooled,r2,0,0.5208229742479743,1
RIMONE_r2_Im216,pooled,r2,0,0.46517708680208686,0
RIMONE_r2_Im218,pooled,r2,0,0.5242751026751027,1
RIMONE_r2_Im220,pooled,r2,0,0.4954484071484072,0
RIMONE_r2_Im222,pooled,r2,0,0.44311265678765677,0
RIMONE_r2_Im224,pooled,r2,0,0.5056492729492729,1
RIMONE_r2_Im226,pooled,r2,0,0.4869316794316794,0
RIMONE_r2_Im228,pooled,r2,0,0.5155660478410478,1
RIMONE_r2_Im230,pooled,r2,0,0.515772335997336,1
RIMONE_r2_Im232,pooled,r2,0,0.5268023032523033,1
RIMONE_r2_Im234,pooled,r2,0,0.5094159396159397,1
RIMONE_r2_Im236,pooled,r2,0,0.5672810189810189,1
RIMONE_r2_Im238,pooled,r2,0,0.48310482850482855,0
RIMONE_r2_Im240,pooled,r2,0,0.5199485514485513,1
RIMONE_r2_Im242,pooled,r2,0,0.5372659396159396,1
RIMONE_r2_Im244,pooled,r2,0,0.4984747058497058,0
RIMONE_r2_Im246,pooled,r2,0,0.5378316683316683,1
RIMONE_r2_Im248,pooled,r2,0,0.4849249583749584,0
RIMONE_r2_Im250,pooled,r2,0,0.550055513930514,1
RIMONE_r2_Im252,pooled,r2,0,0.49885396270396265,0
RIMONE_r2_Im254,pooled,r2,0,0.5333647491397492,1
RIMONE_r3_N-1-L_left_half,pooled,r3,0,0.4832278554778554,0
RIMONE_r3_N-10-R_left_half,pooled,r3,0,0.5443429098679099,1
RIMONE_r3_N-11-L_left_half,pooled,r3,0,0.5671381118881119,1
RIMONE_r3_N-12-R_left_half,pooled,r3,0,0.5750770729270729,1
RIMONE_r3_N-13-L_left_half,pooled,r3,0,0.5996083860583861,1
RIMONE_r3_N-14-R_left_half,pooled,r3,0,0.4449273393273393,0
RIMONE_r3_N-16-R_left_half,pooled,r3,0,0.43755168997669003,0
RIMONE_r3_N-17-L_left_half,pooled,r3,0,0.563469796869797,1
RIMONE_r3_N-18-R_left_half,pooled,r3,0,0.4531922854922855,0
RIMONE_r3_N-2-R_left_half,pooled,r3,0,0.5665877705627705,1
RIMONE_r3_N-20-R_left_half,pooled,r3,0,0.46037027972027983,0
RIMONE_r3_N-21-L_left_half,pooled,r3,0,0.5906770729270729,1
RIMONE_r3_N-22-R_left_half,pooled,r3,0,0.598106438006438,1
RIMONE_r3_N-23-L_left_half,pooled,r3,0,0.410504045954046,0
RIMONE_r3_N-24-R_left_half,pooled,r3,0,0.5968666833166834,1
RIMONE_r3_N-25-L_left_half,pooled,r3,0,0.5162888111888113,1
RIMONE_r3_N-26-R_left_half,pooled,r3,0,0.43815666833166833,0
RIMONE_r3_N-27-L_left_half,pooled,r3,0,0.434988197913198,0
RIMONE_r3_N-28-R_left_half,pooled,r3,0,0.4517357559107559,0
RIMONE_r3_N-29-L_left_half,pooled,r3,0,0.5063087967587967,1
RIMONE_r3_N-3-L_left_half,pooled,r3,0,0.5160707847707847,1
RIMONE_r3_N-30-R_left_half,pooled,r3,0,0.5711396048396049,1
RIMONE_r3_N-31-L_left_half,pooled,r3,0,0.48160657120657124,0
RIMONE_r3_N-32-R_left_half,pooled,r3,0,0.43931688866688867,0
RIMONE_r3_N-33-L_left_half,pooled,r3,0,0.5033060661560661,1
RIMONE_r3_N-34-R_left_half,pooled,r3,0,0.5470509296259298,1
RIMONE_r3_N-35-L_left_half,pooled,r3,0,0.5493801282051282,1
RIMONE_r3_N-36-R_left_half,pooled,r3,0,0.45831252358752356,0
RIMONE_r3_N-37-L_left_half,pooled,r3,0,0.5966627761127763,1
RIMONE_r3_N-38-R_left_half,pooled,r3,0,0.5553552614052614,1
RIMONE_r3_N-39-L_left_half,pooled,r3,0,0.5751655427905428,1
RIMONE_r3_N-4-R_left_half,pooled,r3,0,0.4782851426351426,0
RIMONE_r3_N-40-R_left_half,pooled,r3,0,0.46532027972027973,0
RIMONE_r3_N-41-L_left_half,pooled,r3,0,0.50952900987901,1
RIMONE_r3_N-42-R_left_half,pooled,r3,0,0.5479868603618604,1
RIMONE_r3_N-43-L_left_half,pooled,r3,0,0.5644494893994894,1
RIMONE_r3_N-44-R_left_half,pooled,r3,0,0.5720234182484183,1
RIMONE_r3_N-46-R_left_half,pooled,r3,0,0.5553271950271951,1
RIMONE_r3_N-47-L_left_half,pooled,r3,0,0.4349769896769898,0
RIMONE_r3_N-48-R_left_half,pooled,r3,0,0.5751389055389056,1
RIMONE_r3_N-49-L_left_half,pooled,r3,0,0.5255646159396159,1
RIMONE_r3_N-5-L_left_half,pooled,r3,0,0.4689508963258964,0
RIMONE_r3_N-50-R_left_half,pooled,r3,0,0.4605729853479854,0
RIMONE_r3_N-51-L_left_half,pooled,r3,0,0.5961651320901321,1
RIMONE_r3_N-52-R_left_half,pooled,r3,0,0.5763671162171162,1
RIMONE_r3_N-53-L_left_half,pooled,r3,0,0.45331482128982126,0
RIMONE_r3_N-54-R_left_half,pooled,r3,0,0.4381124153624154,0
RIMONE_r3_N-55-L_left_half,pooled,r3,0,0.5557786130536131,1
RIMONE_r3_N-56-R_left_half,pooled,r3,0,0.5333937867687869,1
RIMONE_r3_N-58-R_left_half,pooled,r3,0,0.48118260628260634,0
RIMONE_r3_N-59-L_left_half,pooled,r3,0,0.598251665001665,1
RIMONE_r3_N-6-R_left_half,pooled,r3,0,0.5610994977244979,1
RIMONE_r3_N-61-L_left_half,pooled,r3,0,0.5729865967365967,1
RIMONE_r3_N-62-R_left_half,pooled,r3,0,0.6038743672993674,1
RIMONE_r3_N-63-L_left_half,pooled,r3,0,0.5120677905427906,1
RIMONE_r3_N-64-R_left_half,pooled,r3,0,0.44358052503052503,0
RIMONE_r3_N-65-L_left_half,pooled,r3,0,0.5597230214230214,1
RIMONE_r3_N-66-R_left_half,pooled,r3,0,0.5843146631146632,1
RIMONE_r3_N-67-L_left_half,pooled,r3,0,0.5616810051060052,1
RIMONE_r3_N-68-R_left_half,pooled,r3,0,0.5756501026751027,1
RIMONE_r3_N-69-L_left_half,pooled,r3,0,0.5749654095904096,1
RIMONE_r3_N-7-L_left_half,pooled,r3,0,0.4310855394605394,0
RIMONE_r3_N-70-R_left_half,pooled,r3,0,0.5384544427794429,1
RIMONE_r3_N-71-L_left_half,pooled,r3,0,0.5980794733044734,1
RIMONE_r3_N-72-R_left_half,pooled,r3,0,0.440494943944944,0
RIMONE_r3_N-73-R_left_half,pooled,r3,0,0.5731417082917083,1
RIMONE_r3_N-74-L_left_half,pooled,r3,0,0.4154379204129204,0
RIMONE_r3_N-75-R_left_half,pooled,r3,0,0.42824784104784114,0
RIMONE_r3_N-76-R_left_half,pooled,r3,0,0.5118086524586525,1
RIMONE_r3_N-78-R_left_half,pooled,r3,0,0.6834324619824621,1
RIMONE_r3_N-79-L_left_half,pooled,r3,0,0.4678906149406149,0
RIMONE_r3_N-8-L_left_half,pooled,r3,0,0.49822189199689204,0
RIMONE_r3_N-80-R_left_half,pooled,r3,0,0.5930588189588191,1
RIMONE_r3_N-81-L_left_half,pooled,r3,0,0.534385286935287,1
RIMONE_r3_N-82-R_left_half,pooled,r3,0,0.5523649766899766,1
RIMONE_r3_N-83-L_left_half,pooled,r3,0,0.5703723248973249,1
RIMONE_r3_N-84-R_left_half,pooled,r3,0,0.5571155788655788,1
RIMONE_r3_N-85-L_left_half,pooled,r3,0,0.49649476356976363,0
RIMONE_r3_N-86-R_left_half,pooled,r3,0,0.48368665778665776,0
RIMONE_r3_N-87-L_left_half,pooled,r3,0,0.561794918969919,1
RIMONE_r3_N-88-R_left_half,pooled,r3,0,0.5205437284937284,1
RIMONE_r3_N-9-L_left_half,pooled,r3,0,0.4999064158064158,0
RIMONE_r3_N-90-R_left_half,pooled,r3,0,0.5103849622599623,1
RIMONE_r3_N-91-L_left_half,pooled,r3,0,0.5829921411921413,1
RIMONE_r3_N-92-R_left_half,pooled,r3,0,0.5394568237318238,1
