image_id,outer_fold,hospital,y_true,y_prob,y_pred
RIMONE_r1_Im069,0,r1,1,0.6770480914727988,1
RIMONE_r1_Im103,0,r1,1,0.681781025396894,1
RIMONE_r1_Im113,0,r1,1,0.6771496635624726,1
RIMONE_r1_Im117,0,r1,1,0.6766680360633848,1
RIMONE_r1_Im118,0,r1,1,0.6756428705420695,1
RIMONE_r1_Im120,0,r1,1,0.6741438358935969,1
RIMONE_r1_Im121,0,r1,1,0.6769346189376012,1
RIMONE_r1_Im122,0,r1,1,0.6763552766887273,1
RIMONE_r1_Im135,0,r1,1,0.6749399833879464,1
RIMONE_r1_Im144,0,r1,1,0.6767080176438806,1
RIMONE_r1_Im158,0,r1,1,0.6748054576020909,1
RIMONE_r1_Im167,0,r1,1,0.6820140879960952,1
RIMONE_r2_Im257,0,r2,1,0.677052851755821,1
RIMONE_r2_Im258,0,r2,1,0.6770572182502139,1
RIMONE_r2_Im260,0,r2,1,0.6770507873550764,1
RIMONE_r2_Im263,0,r2,1,0.6773011201133209,1
RIMONE_r2_Im264,0,r2,1,0.6772256960147871,1
RIMONE_r2_Im266,0,r2,1,0.677061075193217,1
RIMONE_r2_Im267,0,r2,1,0.677055138907463,1
RIMONE_r2_Im268,0,r2,1,0.677055138907463,1
RIMONE_r2_Im269,0,r2,1,0.6770541778385847,1
RIMONE_r2_Im270,0,r2,1,0.6770503531469254,1
RIMONE_r2_Im273,0,r2,1,0.6770596662235407,1
RIMONE_r2_Im275,0,r2,1,0.6769593429087538,1
RIMONE_r2_Im277,0,r2,1,0.6770364427238682,1
RIMONE_r2_Im281,0,r2,1,0.676930713073443,1
RIMONE_r2_Im287,0,r2,1,0.6770564681399439,1
RIMONE_r2_Im288,0,r2,1,0.6770542933435315,1
RIMONE_r2_Im289,0,r2,1,0.6770652334322576,1
RIMONE_r2_Im290,0,r2,1,0.6770531171818086,1
RIMONE_r2_Im291,0,r2,1,0.6770372910734405,1
RIMONE_r2_Im292,0,r2,1,0.6770774858616189,1
RIMONE_r2_Im293,0,r2,1,0.6770551694531948,1
RIMONE_r2_Im294,0,r2,1,0.6770460123523389,1
RIMONE_r2_Im301,0,r2,1,0.6770043049070014,1
RIMONE_r2_Im302,0,r2,1,0.6770997736962261,1
RIMONE_r2_Im303,0,r2,1,0.6770584648318186,1
RIMONE_r2_Im305,0,r2,1,0.6770638795536733,1
RIMONE_r2_Im314,0,r2,1,0.6770582404526846,1
RIMONE_r2_Im315,0,r2,1,0.6769728356050269,1
RIMONE_r2_Im317,0,r2,1,0.6769640547773643,1
RIMONE_r2_Im318,0,r2,1,0.6770544848129283,1
RIMONE_r2_Im319,0,r2,1,0.6770583563871043,1
RIMONE_r2_Im320,0,r2,1,0.677057731075908,1
RIMONE_r2_Im321,0,r2,1,0.6770553005409489,1
RIMONE_r2_Im324,0,r2,1,0.6770701260177948,1
RIMONE_r2_Im329,0,r2,1,0.6769500189542516,1
RIMONE_r2_Im330,0,r2,1,0.6767951495901512,1
RIMONE_r2_Im331,0,r2,1,0.6770424050211773,1
RIMONE_r2_Im332,0,r2,1,0.6770500908941611,1
RIMONE_r2_Im333,0,r2,1,0.677086689655117,1
RIMONE_r2_Im334,0,r2,1,0.6769901311984895,1
RIMONE_r2_Im338,0,r2,1,0.6770573095518007,1
RIMONE_r2_Im339,0,r2,1,0.6770818283703123,1
RIMONE_r2_Im343,0,r2,1,0.6770553655564959,1
RIMONE_r2_Im344,0,r2,1,0.677055593885208,1
RIMONE_r1_Im001,0,r1,0,0.6770555261382013,1
RIMONE_r1_Im003,0,r1,0,0.676984280565873,1
RIMONE_r1_Im004,0,r1,0,0.6769144625128011,1
RIMONE_r1_Im006,0,r1,0,0.6764725770881721,1
RIMONE_r1_Im008,0,r1,0,0.6769739566093915,1
RIMONE_r1_Im011,0,r1,0,0.677055303154691,1
RIMONE_r1_Im012,0,r1,0,0.6769267017027023,1
RIMONE_r1_Im014,0,r1,0,0.6770267069869617,1
RIMONE_r1_Im015,0,r1,0,0.676351311025968,1
RIMONE_r1_Im019,0,r1,0,0.6770599392031951,1
RIMONE_r1_Im020,0,r1,0,0.6770689310320093,1
RIMONE_r1_Im022,0,r1,0,0.6770493306799696,1
RIMONE_r1_Im023,0,r1,0,0.6770373600489806,1
RIMONE_r1_Im024,0,r1,0,0.6767204045010613,1
RIMONE_r1_Im025,0,r1,0,0.6770038913165061,1
RIMONE_r1_Im026,0,r1,0,0.6770532310738958,1
RIMONE_r1_Im027,0,r1,0,0.6770547914236505,1
RIMONE_r1_Im028,0,r1,0,0.6767453389010558,1
RIMONE_r1_Im029,0,r1,0,0.6766168468137692,1
RIMONE_r1_Im031,0,r1,0,0.6767504656730895,1
RIMONE_r1_Im032,0,r1,0,0.6770546884290916,1
RIMONE_r1_Im033,0,r1,0,0.6770544069898531,1
RIMONE_r1_Im036,0,r1,0,0.6768950777736936,1
RIMONE_r1_Im037,0,r1,0,0.6765878505518099,1
RIMONE_r1_Im040,0,r1,0,0.6770704791558865,1
RIMONE_r1_Im041,0,r1,0,0.6769361861528753,1
RIMONE_r1_Im042,0,r1,0,0.6770679398780068,1
RIMONE_r1_Im046,0,r1,0,0.677054863261468,1
RIMONE_r1_Im047,0,r1,0,0.6770496971968301,1
RIMONE_r1_Im050,0,r1,0,0.6744371948139789,1
RIMONE_r1_Im052,0,r1,0,0.6770569526227644,1
RIMONE_r1_Im054,0,r1,0,0.677107774748156,1
RIMONE_r1_Im055,0,r1,0,0.6771265736237011,1
RIMONE_r1_Im056,0,r1,0,0.6769865153550645,1
RIMONE_r1_Im057,0,r1,0,0.6770421996152346,1
RIMONE_r1_Im058,0,r1,0,0.6769864996890121,1
RIMONE_r1_Im059,0,r1,0,0.6770520579825066,1
RIMONE_r1_Im060,0,r1,0,0.6770324805084896,1
RIMONE_r1_Im061,0,r1,0,0.6770324171815498,1
RIMONE_r1_Im062,0,r1,0,0.6768747644923673,1
RIMONE_r1_Im063,0,r1,0,0.6769952083640133,1
RIMONE_r1_Im071,0,r1,0,0.67677544183732,1
RIMONE_r1_Im072,0,r1,0,0.6770287641213245,1
RIMONE_r1_Im073,0,r1,0,0.677052211262875,1
RIMONE_r1_Im080,0,r1,0,0.6794904210797826,1
RIMONE_r1_Im082,0,r1,0,0.6764727602534091,1
RIMONE_r1_Im086,0,r1,0,0.6739469648490444,1
RIMONE_r1_Im087,0,r1,0,0.6758140703480816,1
RIMONE_r1_Im095,0,r1,0,0.6760822618754915,1
RIMONE_r1_Im107,0,r1,0,0.6753915349854667,1
RIMONE_r1_Im108,0,r1,0,0.676893267727093,1
RIMONE_r1_Im115,0,r1,0,0.6763632320030726,1
RIMONE_r1_Im116,0,r1,0,0.6761246412179687,1
RIMONE_r1_Im119,0,r1,0,0.6734582513918101,1
RIMONE_r1_Im125,0,r1,0,0.6765529716941563,1
RIMONE_r1_Im127,0,r1,0,0.6767936787897437,1
RIMONE_r1_Im128,0,r1,0,0.6750721436364393,1
RIMONE_r1_Im129,0,r1,0,0.6763341531557775,1
RIMONE_r1_Im130,0,r1,0,0.6754165642829738,1
RIMONE_r1_Im131,0,r1,0,0.6755142151764086,1
RIMONE_r1_Im132,0,r1,0,0.6769334335952598,1
RIMONE_r1_Im133,0,r1,0,0.6769369002537947,1
RIMONE_r1_Im136,0,r1,0,0.6754154057073879,1
RIMONE_r1_Im137,0,r1,0,0.6755873823880979,1
RIMONE_r1_Im138,0,r1,0,0.6759593594762652,1
RIMONE_r1_Im142,0,r1,0,0.6765447113696887,1
RIMONE_r1_Im143,0,r1,0,0.6750048700674274,1
RIMONE_r1_Im145,0,r1,0,0.6766722938316042,1
RIMONE_r1_Im146,0,r1,0,0.6764662309132986,1
RIMONE_r1_Im149,0,r1,0,0.6765861286528342,1
RIMONE_r1_Im150,0,r1,0,0.6787301220378058,1
RIMONE_r1_Im151,0,r1,0,0.6753339310994478,1
RIMONE_r1_Im152,0,r1,0,0.6746324483384074,1
RIMONE_r1_Im153,0,r1,0,0.6765676125712197,1
RIMONE_r1_Im154,0,r1,0,0.675887447742481,1
RIMONE_r1_Im155,0,r1,0,0.6757684124799235,1
RIMONE_r1_Im156,0,r1,0,0.6767172080467792,1
RIMONE_r1_Im159,0,r1,0,0.6751195692457387,1
RIMONE_r1_Im161,0,r1,0,0.6770284421895661,1
RIMONE_r1_Im162,0,r1,0,0.6751210672356932,1
RIMONE_r1_Im163,0,r1,0,0.675852589859272,1
RIMONE_r1_Im164,0,r1,0,0.6764255571177821,1
RIMONE_r1_Im165,0,r1,0,0.6762992049698945,1
RIMONE_r1_Im166,0,r1,0,0.6769527175836736,1
RIMONE_r1_Im168,0,r1,0,0.6746561262813783,1
RIMONE_r1_Im169,0,r1,0,0.6754730676678358,1
RIMONE_r2_Im001,0,r2,0,0.6770570724366168,1
RIMONE_r2_Im002,0,r2,0,0.6770567897273013,1
RIMONE_r2_Im003,0,r2,0,0.6770594951745692,1
RIMONE_r2_Im004,0,r2,0,0.6770617744282952,1
RIMONE_r2_Im005,0,r2,0,0.6770609650373501,1
RIMONE_r2_Im006,0,r2,0,0.6770557748376725,1
RIMONE_r2_Im007,0,r2,0,0.6770578049428181,1
RIMONE_r2_Im009,0,r2,0,0.677056738671058,1
RIMONE_r2_Im010,0,r2,0,0.6770649488999088,1
RIMONE_r2_Im011,0,r2,0,0.6770555917306411,1
RIMONE_r2_Im012,0,r2,0,0.6770562126537966,1
RIMONE_r2_Im013,0,r2,0,0.677055468129915,1
RIMONE_r2_Im014,0,r2,0,0.6770587440553945,1
RIMONE_r2_Im015,0,r2,0,0.6770569079673532,1
RIMONE_r2_Im016,0,r2,0,0.6770529232428386,1
RIMONE_r2_Im017,0,r2,0,0.6770567759641664,1
RIMONE_r2_Im018,0,r2,0,0.6770559754951878,1
RIMONE_r2_Im019,0,r2,0,0.6770725883912259,1
RIMONE_r2_Im020,0,r2,0,0.6770398719402047,1
RIMONE_r2_Im021,0,r2,0,0.6770716997817963,1
RIMONE_r2_Im022,0,r2,0,0.6770473917487528,1
RIMONE_r2_Im023,0,r2,0,0.677073462507284,1
RIMONE_r2_Im024,0,r2,0,0.6770597128605894,1
RIMONE_r2_Im025,0,r2,0,0.6770535666352332,1
RIMONE_r2_Im026,0,r2,0,0.6770548388836912,1
RIMONE_r2_Im027,0,r2,0,0.6770576703254942,1
RIMONE_r2_Im028,0,r2,0,0.6770496435484556,1
RIMONE_r2_Im029,0,r2,0,0.6769321087842388,1
RIMONE_r2_Im030,0,r2,0,0.6770588586549922,1
RIMONE_r2_Im031,0,r2,0,0.6770472354525088,1
RIMONE_r2_Im032,0,r2,0,0.6770594645942543,1
RIMONE_r2_Im033,0,r2,0,0.6770675059948429,1
RIMONE_r2_Im347,0,r2,1,0.6770631223982262,1
RIMONE_r2_Im348,0,r2,1,0.6770901314035753,1
RIMONE_r2_Im351,0,r2,1,0.6769159285783467,1
RIMONE_r2_Im352,0,r2,1,0.6771764359245297,1
RIMONE_r2_Im354,0,r2,1,0.6771716936189096,1
RIMONE_r2_Im355,0,r2,1,0.6770490706796354,1
RIMONE_r2_Im356,0,r2,1,0.6770915898650073,1
RIMONE_r2_Im357,0,r2,1,0.6770648750062827,1
RIMONE_r2_Im358,0,r2,1,0.6770735742201722,1
RIMONE_r2_Im362,0,r2,1,0.6769328952186673,1
RIMONE_r2_Im365,0,r2,1,0.6773404605902845,1
RIMONE_r2_Im366,0,r2,1,0.6781641092839551,1
RIMONE_r2_Im369,0,r2,1,0.6770654749045799,1
RIMONE_r2_Im373,0,r2,1,0.6782467596659578,1
RIMONE_r2_Im376,0,r2,1,0.6770542657093976,1
RIMONE_r2_Im377,0,r2,1,0.6769847821343725,1
RIMONE_r2_Im383,0,r2,1,0.677045155869232,1
RIMONE_r2_Im384,0,r2,1,0.6779437837845933,1
RIMONE_r2_Im385,0,r2,1,0.677880851842004,1
RIMONE_r2_Im387,0,r2,1,0.6764228347019778,1
RIMONE_r2_Im388,0,r2,1,0.6777017527502284,1
RIMONE_r2_Im389,0,r2,1,0.6779752253583996,1
RIMONE_r2_Im390,0,r2,1,0.6772074592475281,1
RIMONE_r2_Im391,0,r2,1,0.6775288413848084,1
RIMONE_r2_Im392,0,r2,1,0.6774665369891072,1
RIMONE_r2_Im393,0,r2,1,0.6768959261243525,1
RIMONE_r2_Im398,0,r2,1,0.6768394559038519,1
RIMONE_r2_Im399,0,r2,1,0.677083522656661,1
RIMONE_r2_Im400,0,r2,1,0.677740225662331,1
RIMONE_r2_Im401,0,r2,1,0.6771631984569061,1
RIMONE_r2_Im402,0,r2,1,0.6762074427650335,1
RIMONE_r2_Im403,0,r2,1,0.6770784028282673,1
RIMONE_r2_Im404,0,r2,1,0.677280564352032,1
RIMONE_r2_Im406,0,r2,1,0.6770362407566579,1
RIMONE_r2_Im407,0,r2,1,0.6771046362350543,1
RIMONE_r2_Im408,0,r2,1,0.6770633438040661,1
RIMONE_r2_Im414,0,r2,1,0.6765283443263616,1
RIMONE_r2_Im415,0,r2,1,0.6770406743348582,1
RIMONE_r2_Im416,0,r2,1,0.677064813855119,1
RIMONE_r2_Im418,0,r2,1,0.6768890570049036,1
RIMONE_r2_Im419,0,r2,1,0.6770560515301122,1
RIMONE_r2_Im420,0,r2,1,0.6770337618141012,1
RIMONE_r2_Im421,0,r2,1,0.6770548608507295,1
RIMONE_r2_Im422,0,r2,1,0.6775005695904395,1
RIMONE_r2_Im424,0,r2,1,0.6770393502088932,1
RIMONE_r2_Im427,0,r2,1,0.6769084607915807,1
RIMONE_r2_Im428,0,r2,1,0.6771561816639927,1
RIMONE_r2_Im429,0,r2,1,0.6770721350066332,1
RIMONE_r2_Im432,0,r2,1,0.6767348536108586,1
RIMONE_r2_Im433,0,r2,1,0.6770552134495802,1
RIMONE_r2_Im436,0,r2,1,0.6770761076018779,1
RIMONE_r2_Im439,0,r2,1,0.6768836639493311,1
RIMONE_r2_Im441,0,r2,1,0.6773522591904344,1
RIMONE_r2_Im442,0,r2,1,0.6775476195691246,1
RIMONE_r2_Im443,0,r2,1,0.6772128443790356,1
RIMONE_r2_Im444,0,r2,1,0.6775038383523324,1
RIMONE_r2_Im445,0,r2,1,0.6770797368927256,1
RIMONE_r2_Im448,0,r2,1,0.6770237731786298,1
RIMONE_r2_Im449,0,r2,1,0.6771324254344695,1
RIMONE_r2_Im450,0,r2,1,0.6770751175380704,1
RIMONE_r2_Im451,0,r2,1,0.6778927339724474,1
RIMONE_r2_Im453,0,r2,1,0.6768052890731656,1
RIMONE_r2_Im454,0,r2,1,0.6772340105546232,1
RIMONE_r2_Im455,0,r2,1,0.6770668083187458,1
RIMONE_r3_G-1-L_left_half,0,r3,1,0.6771912315171273,1
RIMONE_r3_G-10-L_left_half,0,r3,1,0.6729471869540313,1
RIMONE_r3_G-11-R_left_half,0,r3,1,0.6781083410549809,1
RIMONE_r3_G-12-L_left_half,0,r3,1,0.676710073366777,1
RIMONE_r3_G-13-R_left_half,0,r3,1,0.6758195858556915,1
RIMONE_r3_G-14-R_left_half,0,r3,1,0.6768058262049181,1
RIMONE_r3_G-15-L_left_half,0,r3,1,0.6820985674322474,1
RIMONE_r3_G-16-R_left_half,0,r3,1,0.6772209832055426,1
RIMONE_r3_G-17-L_left_half,0,r3,1,0.6770596750257903,1
RIMONE_r3_G-18-R_left_half,0,r3,1,0.6769027836846494,1
RIMONE_r3_G-2-R_left_half,0,r3,1,0.6777910047634408,1
RIMONE_r3_G-22-L_left_half,0,r3,1,0.682704110402002,1
RIMONE_r3_G-23-R_left_half,0,r3,1,0.6773096896104313,1
RIMONE_r3_G-25-L_left_half,0,r3,1,0.6784270811569679,1
RIMONE_r3_G-27-R_left_half,0,r3,1,0.6786885545195458,1
RIMONE_r3_G-29-R_left_half,0,r3,1,0.6773038407296856,1
RIMONE_r3_G-3-R_left_half,0,r3,1,0.6757936876453438,1
RIMONE_r3_G-30-L_left_half,0,r3,1,0.6751286923158337,1
RIMONE_r3_G-31-R_left_half,0,r3,1,0.6747634459530455,1
RIMONE_r3_G-32-L_left_half,0,r3,1,0.6779603445182366,1
RIMONE_r3_G-33-R_left_half,0,r3,1,0.6768048852752936,1
RIMONE_r3_G-34-L_left_half,0,r3,1,0.6795893618729157,1
RIMONE_r3_G-35-R_left_half,0,r3,1,0.6770153175854466,1
RIMONE_r3_G-37-R_left_half,0,r3,1,0.6754608827062029,1
RIMONE_r3_G-38-L_left_half,0,r3,1,0.6782032583924116,1
RIMONE_r3_G-39-L_left_half,0,r3,1,0.6799765300143037,1
RIMONE_r3_G-6-L_left_half,0,r3,1,0.6888136081809525,1
RIMONE_r3_G-8-R_left_half,0,r3,1,0.67705500292148,1
RIMONE_r3_G-9-R_left_half,0,r3,1,0.6798878145778546,1
RIMONE_r3_S-1-L_left_half,0,r3,1,0.6770730838441714,1
RIMONE_r3_S-10-R_left_half,0,r3,1,0.6685664756449027,1
RIMONE_r3_S-11-L_left_half,0,r3,1,0.6767771501452831,1
RIMONE_r3_S-12-L_left_half,0,r3,1,0.6718497650862885,1
RIMONE_r3_S-13-R_left_half,0,r3,1,0.6752907384796372,1
RIMONE_r3_S-14-R_left_half,0,r3,1,0.6769392353243024,1
RIMONE_r3_S-18-L_left_half,0,r3,1,0.6768678403919043,1
RIMONE_r3_S-19-R_left_half,0,r3,1,0.6767295406134303,1
RIMONE_r3_S-2-L_left_half,0,r3,1,0.6769098999847901,1
RIMONE_r3_S-20-L_left_half,0,r3,1,0.6766064729390767,1
RIMONE_r3_S-21-R_left_half,0,r3,1,0.6739620394823639,1
RIMONE_r3_S-25-L_left_half,0,r3,1,0.6692982599951989,1
RIMONE_r3_S-26-R_left_half,0,r3,1,0.6708938094416232,1
RIMONE_r3_S-28-R_left_half,0,r3,1,0.6815880786753974,1
RIMONE_r3_S-29-R_left_half,0,r3,1,0.6766180587217729,1
RIMONE_r3_S-30-L_left_half,0,r3,1,0.6769707238634666,1
RIMONE_r3_S-31-L_left_half,0,r3,1,0.6769861516333127,1
RIMONE_r3_S-32-L_left_half,0,r3,1,0.6769870378501537,1
RIMONE_r3_S-33-R_left_half,0,r3,1,0.6768876422029539,1
RIMONE_r3_S-35-R_left_half,0,r3,1,0.675873433843791,1
RIMONE_r3_S-4-L_left_half,0,r3,1,0.6763044570737704,1
RIMONE_r3_S-6-R_left_half,0,r3,1,0.6777406944711208,1
RIMONE_r3_S-9-L_left_half,0,r3,1,0.6675605392764915,1
RIMONE_r2_Im034,0,r2,0,0.6770133630696397,1
RIMONE_r2_Im036,0,r2,0,0.6769467062009716,1
RIMONE_r2_Im038,0,r2,0,0.677046001000692,1
RIMONE_r2_Im040,0,r2,0,0.6770553294245811,1
RIMONE_r2_Im042,0,r2,0,0.677356534701517,1
RIMONE_r2_Im044,0,r2,0,0.6770549823248528,1
RIMONE_r2_Im046,0,r2,0,0.6770550592375157,1
RIMONE_r2_Im048,0,r2,0,0.6770845550333816,1
RIMONE_r2_Im050,0,r2,0,0.6769334174330767,1
RIMONE_r2_Im052,0,r2,0,0.6770764207135295,1
RIMONE_r2_Im054,0,r2,0,0.6769213813943877,1
RIMONE_r2_Im056,0,r2,0,0.6772707421903346,1
RIMONE_r2_Im058,0,r2,0,0.6769624437693136,1
RIMONE_r2_Im060,0,r2,0,0.6770161752696525,1
RIMONE_r2_Im062,0,r2,0,0.6767041307736806,1
RIMONE_r2_Im064,0,r2,0,0.6770090681918113,1
RIMONE_r2_Im066,0,r2,0,0.6768835487963295,1
RIMONE_r2_Im068,0,r2,0,0.6767815958467721,1
RIMONE_r2_Im070,0,r2,0,0.6769414433780736,1
RIMONE_r2_Im072,0,r2,0,0.6769849083049543,1
RIMONE_r2_Im074,0,r2,0,0.6770779941983761,1
RIMONE_r2_Im076,0,r2,0,0.6770144490233296,1
RIMONE_r2_Im078,0,r2,0,0.6768687330891074,1
RIMONE_r2_Im080,0,r2,0,0.676983694052706,1
RIMONE_r2_Im082,0,r2,0,0.6771765756198913,1
RIMONE_r2_Im084,0,r2,0,0.6772464185033741,1
RIMONE_r2_Im086,0,r2,0,0.6769959644790037,1
RIMONE_r2_Im088,0,r2,0,0.677004642783,1
RIMONE_r2_Im090,0,r2,0,0.6769588090402819,1
RIMONE_r2_Im092,0,r2,0,0.6769734569748963,1
RIMONE_r2_Im094,0,r2,0,0.676597251134423,1
RIMONE_r2_Im096,0,r2,0,0.6770378420414042,1
RIMONE_r2_Im098,0,r2,0,0.6769779001661977,1
RIMONE_r2_Im100,0,r2,0,0.6768178212565849,1
RIMONE_r2_Im102,0,r2,0,0.677057679510946,1
RIMONE_r2_Im104,0,r2,0,0.6769601615778872,1
RIMONE_r2_Im106,0,r2,0,0.6771361434412496,1
RIMONE_r2_Im108,0,r2,0,0.6769574391741097,1
RIMONE_r2_Im110,0,r2,0,0.6769500487747856,1
RIMONE_r2_Im112,0,r2,0,0.6771548970947937,1
RIMONE_r2_Im114,0,r2,0,0.676942070939452,1
RIMONE_r2_Im116,0,r2,0,0.6770552823071126,1
RIMONE_r2_Im118,0,r2,0,0.6769624204482751,1
RIMONE_r2_Im120,0,r2,0,0.6770530649465686,1
RIMONE_r2_Im122,0,r2,0,0.6770428440096723,1
RIMONE_r2_Im124,0,r2,0,0.6770291677405585,1
RIMONE_r2_Im126,0,r2,0,0.6762437896780349,1
RIMONE_r2_Im128,0,r2,0,0.6769847782387196,1
RIMONE_r2_Im130,0,r2,0,0.677041850290924,1
RIMONE_r2_Im132,0,r2,0,0.677055052932913,1
RIMONE_r2_Im134,0,r2,0,0.676667594806902,1
RIMONE_r2_Im136,0,r2,0,0.6770357584355342,1
RIMONE_r2_Im138,0,r2,0,0.6766403286865368,1
RIMONE_r2_Im140,0,r2,0,0.6770022052248178,1
RIMONE_r2_Im142,0,r2,0,0.6769773949833203,1
RIMONE_r2_Im144,0,r2,0,0.6770414431370274,1
RIMONE_r2_Im146,0,r2,0,0.6770484018748162,1
RIMONE_r2_Im148,0,r2,0,0.6770365131563737,1
RIMONE_r2_Im150,0,r2,0,0.6769204004360557,1
RIMONE_r2_Im152,0,r2,0,0.6769835920322255,1
RIMONE_r2_Im154,0,r2,0,0.6769997176433322,1
RIMONE_r2_Im156,0,r2,0,0.6769868586417987,1
RIMONE_r2_Im158,0,r2,0,0.6770408027872931,1
RIMONE_r2_Im160,0,r2,0,0.6770494176209935,1
RIMONE_r2_Im162,0,r2,0,0.6770584656632238,1
RIMONE_r2_Im164,0,r2,0,0.6771091145624324,1
RIMONE_r2_Im166,0,r2,0,0.6769018576757894,1
RIMONE_r2_Im168,0,r2,0,0.6770843030907765,1
RIMONE_r2_Im170,0,r2,0,0.6768546178532108,1
RIMONE_r2_Im172,0,r2,0,0.6770154167973039,1
RIMONE_r2_Im174,0,r2,0,0.67690842687545,1
RIMONE_r2_Im176,0,r2,0,0.6766939547873914,1
RIMONE_r2_Im178,0,r2,0,0.6769584765492783,1
RIMONE_r2_Im180,0,r2,0,0.6769898010330496,1
RIMONE_r2_Im182,0,r2,0,0.6770291213077315,1
RIMONE_r2_Im184,0,r2,0,0.6770445614902008,1
RIMONE_r2_Im186,0,r2,0,0.676945265571792,1
RIMONE_r2_Im188,0,r2,0,0.6774456485682137,1
RIMONE_r2_Im190,0,r2,0,0.6770653994065606,1
RIMONE_r2_Im192,0,r2,0,0.6770047797740428,1
RIMONE_r2_Im194,0,r2,0,0.6769531569092726,1
RIMONE_r2_Im196,0,r2,0,0.6770109885571696,1
RIMONE_r2_Im198,0,r2,0,0.6769964560170366,1
RIMONE_r2_Im200,0,r2,0,0.6767114361569653,1
RIMONE_r2_Im202,0,r2,0,0.6771484021429718,1
RIMONE_r2_Im206,0,r2,0,0.6768899958559113,1
RIMONE_r2_Im208,0,r2,0,0.6769570876899126,1
RIMONE_r2_Im210,0,r2,0,0.6769791637403286,1
RIMONE_r2_Im212,0,r2,0,0.6770501720774031,1
RIMONE_r2_Im214,0,r2,0,0.6767049698516462,1
RIMONE_r2_Im216,0,r2,0,0.6770332731400888,1
RIMONE_r2_Im218,0,r2,0,0.6768975562033487,1
RIMONE_r2_Im220,0,r2,0,0.6775022214105495,1
RIMONE_r2_Im222,0,r2,0,0.6770101687022748,1
RIMONE_r2_Im224,0,r2,0,0.6770533452334974,1
RIMONE_r2_Im226,0,r2,0,0.6772975920091645,1
RIMONE_r2_Im228,0,r2,0,0.677590016065759,1
RIMONE_r2_Im230,0,r2,0,0.6770457946570675,1
RIMONE_r2_Im232,0,r2,0,0.6768515392796238,1
RIMONE_r2_Im234,0,r2,0,0.6768486694059211,1
RIMONE_r2_Im236,0,r2,0,0.6770530281575379,1
RIMONE_r2_Im238,0,r2,0,0.6769002099080209,1
RIMONE_r2_Im240,0,r2,0,0.6769093629643648,1
RIMONE_r2_Im242,0,r2,0,0.6769885220088567,1
RIMONE_r2_Im244,0,r2,0,0.6770391337274002,1
RIMONE_r2_Im246,0,r2,0,0.676617781028638,1
RIMONE_r2_Im248,0,r2,0,0.6769517805473019,1
RIMONE_r2_Im250,0,r2,0,0.676420412346555,1
RIMONE_r2_Im252,0,r2,0,0.6769641844074539,1
RIMONE_r2_Im254,0,r2,0,0.6770406921955986,1
RIMONE_r3_N-1-L_left_half,0,r3,0,0.6761235890392872,1
RIMONE_r3_N-10-R_left_half,0,r3,0,0.6743526133701995,1
RIMONE_r3_N-11-L_left_half,0,r3,0,0.6715850741440722,1
RIMONE_r3_N-12-R_left_half,0,r3,0,0.6698514847166486,1
RIMONE_r3_N-13-L_left_half,0,r3,0,0.6746127990636639,1
RIMONE_r3_N-14-R_left_half,0,r3,0,0.677023691787066,1
RIMONE_r3_N-16-R_left_half,0,r3,0,0.6769657016460021,1
RIMONE_r3_N-17-L_left_half,0,r3,0,0.6761716826634329,1
RIMONE_r3_N-18-R_left_half,0,r3,0,0.6767596005375613,1
RIMONE_r3_N-2-R_left_half,0,r3,0,0.6769201182443086,1
RIMONE_r3_N-20-R_left_half,0,r3,0,0.677052009173685,1
RIMONE_r3_N-21-L_left_half,0,r3,0,0.6765053537113367,1
RIMONE_r3_N-22-R_left_half,0,r3,0,0.6738327044264196,1
RIMONE_r3_N-23-L_left_half,0,r3,0,0.676499636330714,1
RIMONE_r3_N-24-R_left_half,0,r3,0,0.6717983511576261,1
RIMONE_r3_N-25-L_left_half,0,r3,0,0.6770801382415133,1
RIMONE_r3_N-26-R_left_half,0,r3,0,0.6769300640085967,1
RIMONE_r3_N-27-L_left_half,0,r3,0,0.6769279396460824,1
RIMONE_r3_N-28-R_left_half,0,r3,0,0.6769315523649951,1
RIMONE_r3_N-29-L_left_half,0,r3,0,0.6768505494844131,1
RIMONE_r3_N-3-L_left_half,0,r3,0,0.6768704612875884,1
RIMONE_r3_N-30-R_left_half,0,r3,0,0.6765751236426911,1
RIMONE_r3_N-31-L_left_half,0,r3,0,0.6768615334538526,1
RIMONE_r3_N-32-R_left_half,0,r3,0,0.6766992587881887,1
RIMONE_r3_N-33-L_left_half,0,r3,0,0.6766476378963349,1
RIMONE_r3_N-34-R_left_half,0,r3,0,0.6769982777132945,1
RIMONE_r3_N-35-L_left_half,0,r3,0,0.6774444291920945,1
RIMONE_r3_N-36-R_left_half,0,r3,0,0.6768310095631264,1
RIMONE_r3_N-37-L_left_half,0,r3,0,0.6761294365859065,1
RIMONE_r3_N-38-R_left_half,0,r3,0,0.67412214333247,1
RIMONE_r3_N-39-L_left_half,0,r3,0,0.6763546067145695,1
RIMONE_r3_N-4-R_left_half,0,r3,0,0.676922620932857,1
RIMONE_r3_N-40-R_left_half,0,r3,0,0.6764267168613337,1
RIMONE_r3_N-41-L_left_half,0,r3,0,0.6763418424109531,1
RIMONE_r3_N-42-R_left_half,0,r3,0,0.6760254523767096,1
RIMONE_r3_N-43-L_left_half,0,r3,0,0.6759978598503995,1
RIMONE_r3_N-44-R_left_half,0,r3,0,0.6749307840619115,1
RIMONE_r3_N-46-R_left_half,0,r3,0,0.6743631968288437,1
RIMONE_r3_N-47-L_left_half,0,r3,0,0.6765212521444947,1
RIMONE_r3_N-48-R_left_half,0,r3,0,0.670329847799673,1
RIMONE_r3_N-49-L_left_half,0,r3,0,0.6767082120062199,1
RIMONE_r3_N-5-L_left_half,0,r3,0,0.6770011642206619,1
RIMONE_r3_N-50-R_left_half,0,r3,0,0.6765971076764175,1
RIMONE_r3_N-51-L_left_half,0,r3,0,0.6757690202978394,1
RIMONE_r3_N-52-R_left_half,0,r3,0,0.6753963905155272,1
RIMONE_r3_N-53-L_left_half,0,r3,0,0.6777222643724448,1
RIMONE_r3_N-54-R_left_half,0,r3,0,0.6780269498708505,1
RIMONE_r3_N-55-L_left_half,0,r3,0,0.6769788166758458,1
RIMONE_r3_N-56-R_left_half,0,r3,0,0.6793447395307426,1
RIMONE_r3_N-58-R_left_half,0,r3,0,0.6767948656582458,1
RIMONE_r3_N-59-L_left_half,0,r3,0,0.676374146961706,1
RIMONE_r3_N-6-R_left_half,0,r3,0,0.6759173314905148,1
RIMONE_r3_N-61-L_left_half,0,r3,0,0.6722908496654614,1
RIMONE_r3_N-62-R_left_half,0,r3,0,0.6740943439335224,1
RIMONE_r3_N-63-L_left_half,0,r3,0,0.6770530073901742,1
RIMONE_r3_N-64-R_left_half,0,r3,0,0.6769998090091375,1
RIMONE_r3_N-65-L_left_half,0,r3,0,0.6755046964133596,1
RIMONE_r3_N-66-R_left_half,0,r3,0,0.6772482249278466,1
RIMONE_r3_N-67-L_left_half,0,r3,0,0.6742978994576134,1
RIMONE_r3_N-68-R_left_half,0,r3,0,0.6752934748756335,1
RIMONE_r3_N-69-L_left_half,0,r3,0,0.6775259083345728,1
RIMONE_r3_N-7-L_left_half,0,r3,0,0.6768318590825041,1
RIMONE_r3_N-70-R_left_half,0,r3,0,0.6769856514872441,1
RIMONE_r3_N-71-L_left_half,0,r3,0,0.6755851262180892,1
RIMONE_r3_N-72-R_left_half,0,r3,0,0.6769654655311635,1
RIMONE_r3_N-73-R_left_half,0,r3,0,0.6766736182349717,1
RIMONE_r3_N-74-L_left_half,0,r3,0,0.6768234766604606,1
RIMONE_r3_N-75-R_left_half,0,r3,0,0.6768089775023792,1
RIMONE_r3_N-76-R_left_half,0,r3,0,0.6765010669935131,1
RIMONE_r3_N-78-R_left_half,0,r3,0,0.6770483638567678,1
RIMONE_r3_N-79-L_left_half,0,r3,0,0.6769860057658641,1
RIMONE_r3_N-8-L_left_half,0,r3,0,0.6768806540399398,1
RIMONE_r3_N-80-R_left_half,0,r3,0,0.6794188184134079,1
RIMONE_r3_N-81-L_left_half,0,r3,0,0.6753823283296754,1
RIMONE_r3_N-82-R_left_half,0,r3,0,0.6784307846695661,1
RIMONE_r3_N-83-L_left_half,0,r3,0,0.6796286344552729,1
RIMONE_r3_N-84-R_left_half,0,r3,0,0.6774647078102286,1
RIMONE_r3_N-85-L_left_half,0,r3,0,0.6767446607058356,1
RIMONE_r3_N-86-R_left_half,0,r3,0,0.6767316909077872,1
RIMONE_r3_N-87-L_left_half,0,r3,0,0.6764675742540011,1
RIMONE_r3_N-88-R_left_half,0,r3,0,0.6768937976823887,1
RIMONE_r3_N-9-L_left_half,0,r3,0,0.6767612764672899,1
RIMONE_r3_N-90-R_left_half,0,r3,0,0.6765589116800016,1
RIMONE_r3_N-91-L_left_half,0,r3,0,0.6756078961801414,1
RIMONE_r3_N-92-R_left_half,0,r3,0,0.6763283520701163,1
RIMONE_r1_Im069,1,r1,1,0.6935187191415683,1
RIMONE_r1_Im103,1,r1,1,0.6919559031150565,1
RIMONE_r1_Im113,1,r1,1,0.6933639040314552,1
RIMONE_r1_Im117,1,r1,1,0.6928696222472562,1
RIMONE_r1_Im118,1,r1,1,0.6937669619000726,1
RIMONE_r1_Im120,1,r1,1,0.6941191470040473,1
RIMONE_r1_Im121,1,r1,1,0.6935202088203225,1
RIMONE_r1_Im122,1,r1,1,0.6930844645977705,1
RIMONE_r1_Im135,1,r1,1,0.6939239960902783,1
RIMONE_r1_Im144,1,r1,1,0.6935000292075022,1
RIMONE_r1_Im158,1,r1,1,0.6937813307543261,1
RIMONE_r1_Im167,1,r1,1,0.6924132927490373,1
RIMONE_r2_Im257,1,r2,1,0.693527074940041,1
RIMONE_r2_Im258,1,r2,1,0.6935236442520906,1
RIMONE_r2_Im260,1,r2,1,0.6935250953361016,1
RIMONE_r2_Im263,1,r2,1,0.693481679226387,1
RIMONE_r2_Im264,1,r2,1,0.6935728101954443,1
RIMONE_r2_Im266,1,r2,1,0.6935204272730279,1
RIMONE_r2_Im267,1,r2,1,0.6935240923659554,1
RIMONE_r2_Im268,1,r2,1,0.6935240923659554,1
RIMONE_r2_Im269,1,r2,1,0.6935222941288023,1
RIMONE_r2_Im270,1,r2,1,0.6935198237518497,1
RIMONE_r2_Im273,1,r2,1,0.6935193501363557,1
RIMONE_r2_Im275,1,r2,1,0.6935008842268365,1
RIMONE_r2_Im277,1,r2,1,0.6935311471365562,1
RIMONE_r2_Im281,1,r2,1,0.6934706193754528,1
RIMONE_r2_Im287,1,r2,1,0.6935253255061744,1
RIMONE_r2_Im288,1,r2,1,0.6935210879154315,1
RIMONE_r2_Im289,1,r2,1,0.6935188031713808,1
RIMONE_r2_Im290,1,r2,1,0.6935260151106571,1
RIMONE_r2_Im291,1,r2,1,0.6935180128991846,1
RIMONE_r2_Im292,1,r2,1,0.6934808642232331,1
RIMONE_r2_Im293,1,r2,1,0.6935241169511525,1
RIMONE_r2_Im294,1,r2,1,0.6935275568764273,1
RIMONE_r2_Im301,1,r2,1,0.6935516089494806,1
RIMONE_r2_Im302,1,r2,1,0.6935143668795206,1
RIMONE_r2_Im303,1,r2,1,0.6935234846445036,1
RIMONE_r2_Im305,1,r2,1,0.6935213581944505,1
RIMONE_r2_Im314,1,r2,1,0.6935239281409445,1
RIMONE_r2_Im315,1,r2,1,0.6935541261942313,1
RIMONE_r2_Im317,1,r2,1,0.6935494573361038,1
RIMONE_r2_Im318,1,r2,1,0.6935239053737194,1
RIMONE_r2_Im319,1,r2,1,0.6935217502510966,1
RIMONE_r2_Im320,1,r2,1,0.6935234137452443,1
RIMONE_r2_Im321,1,r2,1,0.6935241210276282,1
RIMONE_r2_Im324,1,r2,1,0.6935209002630774,1
RIMONE_r2_Im329,1,r2,1,0.6934795244272407,1
RIMONE_r2_Im330,1,r2,1,0.6934626092054876,1
RIMONE_r2_Im331,1,r2,1,0.6935269077827885,1
RIMONE_r2_Im332,1,r2,1,0.6935255250069884,1
RIMONE_r2_Im333,1,r2,1,0.6935165334029728,1
RIMONE_r2_Im334,1,r2,1,0.6935370423028351,1
RIMONE_r2_Im338,1,r2,1,0.6935226583050687,1
RIMONE_r2_Im339,1,r2,1,0.6934973158953526,1
RIMONE_r2_Im343,1,r2,1,0.6935240035066972,1
RIMONE_r2_Im344,1,r2,1,0.6935241124014564,1
RIMONE_r1_Im001,1,r1,0,0.6935243514931871,1
RIMONE_r1_Im003,1,r1,0,0.6935174507183712,1
RIMONE_r1_Im004,1,r1,0,0.6934881767125272,1
RIMONE_r1_Im006,1,r1,0,0.6936234113063169,1
RIMONE_r1_Im008,1,r1,0,0.6935121549722318,1
RIMONE_r1_Im011,1,r1,0,0.6935200248388662,1
RIMONE_r1_Im012,1,r1,0,0.693506784456651,1
RIMONE_r1_Im014,1,r1,0,0.6935242137781891,1
RIMONE_r1_Im015,1,r1,0,0.6935951495022377,1
RIMONE_r1_Im019,1,r1,0,0.6935239552866758,1
RIMONE_r1_Im020,1,r1,0,0.6935227262182566,1
RIMONE_r1_Im022,1,r1,0,0.6935243142905095,1
RIMONE_r1_Im023,1,r1,0,0.6935239887931552,1
RIMONE_r1_Im024,1,r1,0,0.6935468163503415,1
RIMONE_r1_Im025,1,r1,0,0.6935256750492558,1
RIMONE_r1_Im026,1,r1,0,0.6935222083206515,1
RIMONE_r1_Im027,1,r1,0,0.693523736892983,1
RIMONE_r1_Im028,1,r1,0,0.6933638330935902,1
RIMONE_r1_Im029,1,r1,0,0.6934183827971819,1
RIMONE_r1_Im031,1,r1,0,0.6935186340054736,1
RIMONE_r1_Im032,1,r1,0,0.6935241175216668,1
RIMONE_r1_Im033,1,r1,0,0.693524139840803,1
RIMONE_r1_Im036,1,r1,0,0.6934282583213487,1
RIMONE_r1_Im037,1,r1,0,0.6934568680008772,1
RIMONE_r1_Im040,1,r1,0,0.6935113571739364,1
RIMONE_r1_Im041,1,r1,0,0.693543776467249,1
RIMONE_r1_Im042,1,r1,0,0.6935242998303408,1
RIMONE_r1_Im046,1,r1,0,0.693524495294794,1
RIMONE_r1_Im047,1,r1,0,0.6935238686498337,1
RIMONE_r1_Im050,1,r1,0,0.6941890124834585,1
RIMONE_r1_Im052,1,r1,0,0.6935200171564047,1
RIMONE_r1_Im054,1,r1,0,0.693475881306046,1
RIMONE_r1_Im055,1,r1,0,0.6932038210843167,1
RIMONE_r1_Im056,1,r1,0,0.6931653272903603,1
RIMONE_r1_Im057,1,r1,0,0.6935261772503856,1
RIMONE_r1_Im058,1,r1,0,0.6935345083247774,1
RIMONE_r1_Im059,1,r1,0,0.6935236749518398,1
RIMONE_r1_Im060,1,r1,0,0.6935221536980155,1
RIMONE_r1_Im061,1,r1,0,0.6935276800754985,1
RIMONE_r1_Im062,1,r1,0,0.6934668039637841,1
RIMONE_r1_Im063,1,r1,0,0.6935245970436918,1
RIMONE_r1_Im071,1,r1,0,0.6935301215547193,1
RIMONE_r1_Im072,1,r1,0,0.6935290764342933,1
RIMONE_r1_Im073,1,r1,0,0.6935247266473029,1
RIMONE_r1_Im080,1,r1,0,0.6925265349487447,1
RIMONE_r1_Im082,1,r1,0,0.6932777473939084,1
RIMONE_r1_Im086,1,r1,0,0.6940139762860491,1
RIMONE_r1_Im087,1,r1,0,0.6932186017142645,1
RIMONE_r1_Im095,1,r1,0,0.6936669593023101,1
RIMONE_r1_Im107,1,r1,0,0.6938190179747571,1
RIMONE_r1_Im108,1,r1,0,0.6935273929972275,1
RIMONE_r1_Im115,1,r1,0,0.6929766571837513,1
RIMONE_r1_Im116,1,r1,0,0.6932937296774645,1
RIMONE_r1_Im119,1,r1,0,0.693911110118215,1
RIMONE_r1_Im125,1,r1,0,0.6932570550872125,1
RIMONE_r1_Im127,1,r1,0,0.6934917607378059,1
RIMONE_r1_Im128,1,r1,0,0.6938855490054388,1
RIMONE_r1_Im129,1,r1,0,0.6932626165358975,1
RIMONE_r1_Im130,1,r1,0,0.6937087348153309,1
RIMONE_r1_Im131,1,r1,0,0.6929673693286025,1
RIMONE_r1_Im132,1,r1,0,0.6935286184611815,1
RIMONE_r1_Im133,1,r1,0,0.6935173407980948,1
RIMONE_r1_Im136,1,r1,0,0.6938257617318954,1
RIMONE_r1_Im137,1,r1,0,0.6933222450381409,1
RIMONE_r1_Im138,1,r1,0,0.6926822374434458,1
RIMONE_r1_Im142,1,r1,0,0.6933506770603997,1
RIMONE_r1_Im143,1,r1,0,0.6938499887446298,1
RIMONE_r1_Im145,1,r1,0,0.6936372818646417,1
RIMONE_r1_Im146,1,r1,0,0.6939438150635153,1
RIMONE_r1_Im149,1,r1,0,0.6932985436317822,1
RIMONE_r1_Im150,1,r1,0,0.6924390187937934,1
RIMONE_r1_Im151,1,r1,0,0.6933847297771946,1
RIMONE_r1_Im152,1,r1,0,0.6940635842848516,1
RIMONE_r1_Im153,1,r1,0,0.6935767743835469,1
RIMONE_r1_Im154,1,r1,0,0.6929336771007182,1
RIMONE_r1_Im155,1,r1,0,0.6936600447283973,1
RIMONE_r1_Im156,1,r1,0,0.6935365180085141,1
RIMONE_r1_Im159,1,r1,0,0.69393496652574,1
RIMONE_r1_Im161,1,r1,0,0.6930051518886533,1
RIMONE_r1_Im162,1,r1,0,0.6935003495743819,1
RIMONE_r1_Im163,1,r1,0,0.6933798681599254,1
RIMONE_r1_Im164,1,r1,0,0.6931463223950582,1
RIMONE_r1_Im165,1,r1,0,0.6933769660077874,1
RIMONE_r1_Im166,1,r1,0,0.6933212445593896,1
RIMONE_r1_Im168,1,r1,0,0.6936691815463817,1
RIMONE_r1_Im169,1,r1,0,0.6933077622664672,1
RIMONE_r2_Im001,1,r2,0,0.6935238605585141,1
RIMONE_r2_Im002,1,r2,0,0.6935230222315066,1
RIMONE_r2_Im003,1,r2,0,0.6935223082641115,1
RIMONE_r2_Im004,1,r2,0,0.6935215010022414,1
RIMONE_r2_Im005,1,r2,0,0.6935228187140206,1
RIMONE_r2_Im006,1,r2,0,0.6935238247093508,1
RIMONE_r2_Im007,1,r2,0,0.6935235258810593,1
RIMONE_r2_Im009,1,r2,0,0.6935233614454027,1
RIMONE_r2_Im010,1,r2,0,0.6935217359524777,1
RIMONE_r2_Im011,1,r2,0,0.6935240729692193,1
RIMONE_r2_Im012,1,r2,0,0.6935236963403855,1
RIMONE_r2_Im013,1,r2,0,0.6935240670192544,1
RIMONE_r2_Im014,1,r2,0,0.6935229353265243,1
RIMONE_r2_Im015,1,r2,0,0.6935225593066362,1
RIMONE_r2_Im016,1,r2,0,0.6935230598869123,1
RIMONE_r2_Im017,1,r2,0,0.693523644177995,1
RIMONE_r2_Im018,1,r2,0,0.6935239798360415,1
RIMONE_r2_Im019,1,r2,0,0.6935145789770879,1
RIMONE_r2_Im020,1,r2,0,0.69351937497288,1
RIMONE_r2_Im021,1,r2,0,0.6935126634037323,1
RIMONE_r2_Im022,1,r2,0,0.6935113865329905,1
RIMONE_r2_Im023,1,r2,0,0.693515157086432,1
RIMONE_r2_Im024,1,r2,0,0.693522607436489,1
RIMONE_r2_Im025,1,r2,0,0.6935226972873596,1
RIMONE_r2_Im026,1,r2,0,0.6935232589333225,1
RIMONE_r2_Im027,1,r2,0,0.6935230027512537,1
RIMONE_r2_Im028,1,r2,0,0.6935243704925914,1
RIMONE_r2_Im029,1,r2,0,0.6935676978685215,1
RIMONE_r2_Im030,1,r2,0,0.6935230208987249,1
RIMONE_r2_Im031,1,r2,0,0.6935275507340767,1
RIMONE_r2_Im032,1,r2,0,0.6935219783937396,1
RIMONE_r2_Im033,1,r2,0,0.693520084895256,1
RIMONE_r2_Im347,1,r2,1,0.6935257385623337,1
RIMONE_r2_Im348,1,r2,1,0.6935059019619949,1
RIMONE_r2_Im351,1,r2,1,0.6935389338038026,1
RIMONE_r2_Im352,1,r2,1,0.6934809776244353,1
RIMONE_r2_Im354,1,r2,1,0.6934534270324395,1
RIMONE_r2_Im355,1,r2,1,0.6934414897693896,1
RIMONE_r2_Im356,1,r2,1,0.6935081392623357,1
RIMONE_r2_Im357,1,r2,1,0.6935220680715914,1
RIMONE_r2_Im358,1,r2,1,0.6935761541523705,1
RIMONE_r2_Im362,1,r2,1,0.6935239116347635,1
RIMONE_r2_Im365,1,r2,1,0.6932893351949118,1
RIMONE_r2_Im366,1,r2,1,0.693317523382455,1
RIMONE_r2_Im369,1,r2,1,0.6935227540172463,1
RIMONE_r2_Im373,1,r2,1,0.6932833026117832,1
RIMONE_r2_Im376,1,r2,1,0.6935241505880421,1
RIMONE_r2_Im377,1,r2,1,0.6935686478478449,1
RIMONE_r2_Im383,1,r2,1,0.6935223015091176,1
RIMONE_r2_Im384,1,r2,1,0.6933153173973008,1
RIMONE_r2_Im385,1,r2,1,0.693202747801471,1
RIMONE_r2_Im387,1,r2,1,0.6936724370057687,1
RIMONE_r2_Im388,1,r2,1,0.6932593202622188,1
RIMONE_r2_Im389,1,r2,1,0.6932488466228579,1
RIMONE_r2_Im390,1,r2,1,0.693400614416463,1
RIMONE_r2_Im391,1,r2,1,0.6932544073708056,1
RIMONE_r2_Im392,1,r2,1,0.6934131940726855,1
RIMONE_r2_Im393,1,r2,1,0.6936246691140202,1
RIMONE_r2_Im398,1,r2,1,0.6936003143687772,1
RIMONE_r2_Im399,1,r2,1,0.6935228203332783,1
RIMONE_r2_Im400,1,r2,1,0.6932835964161537,1
RIMONE_r2_Im401,1,r2,1,0.693465687497635,1
RIMONE_r2_Im402,1,r2,1,0.6931641634109139,1
RIMONE_r2_Im403,1,r2,1,0.6934426004963247,1
RIMONE_r2_Im404,1,r2,1,0.6933542568788671,1
RIMONE_r2_Im406,1,r2,1,0.6935032427139071,1
RIMONE_r2_Im407,1,r2,1,0.6935111588449479,1
RIMONE_r2_Im408,1,r2,1,0.6935150972664833,1
RIMONE_r2_Im414,1,r2,1,0.6934980655197666,1
RIMONE_r2_Im415,1,r2,1,0.6935143530475251,1
RIMONE_r2_Im416,1,r2,1,0.6934927442343787,1
RIMONE_r2_Im418,1,r2,1,0.6933955891515048,1
RIMONE_r2_Im419,1,r2,1,0.6935233505944605,1
RIMONE_r2_Im420,1,r2,1,0.6935206053499766,1
RIMONE_r2_Im421,1,r2,1,0.6935228790512311,1
RIMONE_r2_Im422,1,r2,1,0.693441555861396,1
RIMONE_r2_Im424,1,r2,1,0.6935100411485702,1
RIMONE_r2_Im427,1,r2,1,0.6935008826609198,1
RIMONE_r2_Im428,1,r2,1,0.6933383598254016,1
RIMONE_r2_Im429,1,r2,1,0.6935131911322677,1
RIMONE_r2_Im432,1,r2,1,0.6935715357704784,1
RIMONE_r2_Im433,1,r2,1,0.6935240881765574,1
RIMONE_r2_Im436,1,r2,1,0.6935134633303494,1
RIMONE_r2_Im439,1,r2,1,0.6933955710352128,1
RIMONE_r2_Im441,1,r2,1,0.6933052698809347,1
RIMONE_r2_Im442,1,r2,1,0.6932312610769077,1
RIMONE_r2_Im443,1,r2,1,0.6933325923652066,1
RIMONE_r2_Im444,1,r2,1,0.6933913502535403,1
RIMONE_r2_Im445,1,r2,1,0.6934837120526325,1
RIMONE_r2_Im448,1,r2,1,0.693537387141038,1
RIMONE_r2_Im449,1,r2,1,0.6935746800217308,1
RIMONE_r2_Im450,1,r2,1,0.6935314112322813,1
RIMONE_r2_Im451,1,r2,1,0.6932046083187224,1
RIMONE_r2_Im453,1,r2,1,0.6935576971440274,1
RIMONE_r2_Im454,1,r2,1,0.6936069436370101,1
RIMONE_r2_Im455,1,r2,1,0.6935247053852086,1
RIMONE_r3_G-1-L_left_half,1,r3,1,0.6933330657593195,1
RIMONE_r3_G-10-L_left_half,1,r3,1,0.69517908733416,1
RIMONE_r3_G-11-R_left_half,1,r3,1,0.693502331034733,1
RIMONE_r3_G-12-L_left_half,1,r3,1,0.6934734785476026,1
RIMONE_r3_G-13-R_left_half,1,r3,1,0.694228530551291,1
RIMONE_r3_G-14-R_left_half,1,r3,1,0.6930737508740978,1
RIMONE_r3_G-15-L_left_half,1,r3,1,0.6916097585543665,1
RIMONE_r3_G-16-R_left_half,1,r3,1,0.6929054151755965,1
RIMONE_r3_G-17-L_left_half,1,r3,1,0.6934382992433584,1
RIMONE_r3_G-18-R_left_half,1,r3,1,0.6934848316828479,1
RIMONE_r3_G-2-R_left_half,1,r3,1,0.6931675423980268,1
RIMONE_r3_G-22-L_left_half,1,r3,1,0.6923796395906247,1
RIMONE_r3_G-23-R_left_half,1,r3,1,0.69469646718129,1
RIMONE_r3_G-25-L_left_half,1,r3,1,0.6936053890404046,1
RIMONE_r3_G-27-R_left_half,1,r3,1,0.6937746066399755,1
RIMONE_r3_G-29-R_left_half,1,r3,1,0.6931212250898096,1
RIMONE_r3_G-3-R_left_half,1,r3,1,0.693790187903696,1
RIMONE_r3_G-30-L_left_half,1,r3,1,0.6946235586966737,1
RIMONE_r3_G-31-R_left_half,1,r3,1,0.6941783851266472,1
RIMONE_r3_G-32-L_left_half,1,r3,1,0.6939944658579662,1
RIMONE_r3_G-33-R_left_half,1,r3,1,0.6934896522565029,1
RIMONE_r3_G-34-L_left_half,1,r3,1,0.6942647924512766,1
RIMONE_r3_G-35-R_left_half,1,r3,1,0.6935084082167954,1
RIMONE_r3_G-37-R_left_half,1,r3,1,0.6947353417551582,1
RIMONE_r3_G-38-L_left_half,1,r3,1,0.6930275176997815,1
RIMONE_r3_G-39-L_left_half,1,r3,1,0.693353127906273,1
RIMONE_r3_G-6-L_left_half,1,r3,1,0.6904836570276706,1
RIMONE_r3_G-8-R_left_half,1,r3,1,0.6935240834630391,1
RIMONE_r3_G-9-R_left_half,1,r3,1,0.6926544042443138,1
RIMONE_r3_S-1-L_left_half,1,r3,1,0.6935106918970539,1
RIMONE_r3_S-10-R_left_half,1,r3,1,0.6958315422975448,1
RIMONE_r3_S-11-L_left_half,1,r3,1,0.693517367079907,1
RIMONE_r3_S-12-L_left_half,1,r3,1,0.6966584319232784,1
RIMONE_r3_S-13-R_left_half,1,r3,1,0.6938523424270892,1
RIMONE_r3_S-14-R_left_half,1,r3,1,0.6934101596902895,1
RIMONE_r3_S-18-L_left_half,1,r3,1,0.6934609373941091,1
RIMONE_r3_S-19-R_left_half,1,r3,1,0.6932189251462596,1
RIMONE_r3_S-2-L_left_half,1,r3,1,0.6934900890543225,1
RIMONE_r3_S-20-L_left_half,1,r3,1,0.6935826198181987,1
RIMONE_r3_S-21-R_left_half,1,r3,1,0.6949530741239844,1
RIMONE_r3_S-25-L_left_half,1,r3,1,0.6957382727810143,1
RIMONE_r3_S-26-R_left_half,1,r3,1,0.695205916773979,1
RIMONE_r3_S-28-R_left_half,1,r3,1,0.6929988749071794,1
RIMONE_r3_S-29-R_left_half,1,r3,1,0.69329448042951,1
RIMONE_r3_S-30-L_left_half,1,r3,1,0.6935178739055722,1
RIMONE_r3_S-31-L_left_half,1,r3,1,0.6935134926197049,1
RIMONE_r3_S-32-L_left_half,1,r3,1,0.6935153705730192,1
RIMONE_r3_S-33-R_left_half,1,r3,1,0.693411510132525,1
RIMONE_r3_S-35-R_left_half,1,r3,1,0.6937634985635049,1
RIMONE_r3_S-4-L_left_half,1,r3,1,0.6945304969595688,1
RIMONE_r3_S-6-R_left_half,1,r3,1,0.6937324617345129,1
RIMONE_r3_S-9-L_left_half,1,r3,1,0.6963977352351675,1
RIMONE_r2_Im034,1,r2,0,0.6935204556478268,1
RIMONE_r2_Im036,1,r2,0,0.6935053116615459,1
RIMONE_r2_Im038,1,r2,0,0.6935243204432511,1
RIMONE_r2_Im040,1,r2,0,0.6934295081283882,1
RIMONE_r2_Im042,1,r2,0,0.6933141834332245,1
RIMONE_r2_Im044,1,r2,0,0.6935241325209784,1
RIMONE_r2_Im046,1,r2,0,0.6935240697807333,1
RIMONE_r2_Im048,1,r2,0,0.6933425214150541,1
RIMONE_r2_Im050,1,r2,0,0.6935061425717968,1
RIMONE_r2_Im052,1,r2,0,0.6934794210512676,1
RIMONE_r2_Im054,1,r2,0,0.6934329906648183,1
RIMONE_r2_Im056,1,r2,0,0.6934228508792886,1
RIMONE_r2_Im058,1,r2,0,0.693490724206681,1
RIMONE_r2_Im060,1,r2,0,0.6935188608472644,1
RIMONE_r2_Im062,1,r2,0,0.6934724178618729,1
RIMONE_r2_Im064,1,r2,0,0.6935206051652025,1
RIMONE_r2_Im066,1,r2,0,0.6934996186706157,1
RIMONE_r2_Im068,1,r2,0,0.6934910170814723,1
RIMONE_r2_Im070,1,r2,0,0.6935150347603765,1
RIMONE_r2_Im072,1,r2,0,0.6934915536429618,1
RIMONE_r2_Im074,1,r2,0,0.6935144668162692,1
RIMONE_r2_Im076,1,r2,0,0.693482929131694,1
RIMONE_r2_Im078,1,r2,0,0.6935051686938332,1
RIMONE_r2_Im080,1,r2,0,0.6934868164447183,1
RIMONE_r2_Im082,1,r2,0,0.6933650631770629,1
RIMONE_r2_Im084,1,r2,0,0.6933089117312546,1
RIMONE_r2_Im086,1,r2,0,0.6935165827433418,1
RIMONE_r2_Im088,1,r2,0,0.6934789763993623,1
RIMONE_r2_Im090,1,r2,0,0.6934922360627646,1
RIMONE_r2_Im092,1,r2,0,0.6934943880705634,1
RIMONE_r2_Im094,1,r2,0,0.6934093092248437,1
RIMONE_r2_Im096,1,r2,0,0.6935242627651561,1
RIMONE_r2_Im098,1,r2,0,0.6934960782374321,1
RIMONE_r2_Im100,1,r2,0,0.6934836826408066,1
RIMONE_r2_Im102,1,r2,0,0.6935156036869978,1
RIMONE_r2_Im104,1,r2,0,0.6935222382038705,1
RIMONE_r2_Im106,1,r2,0,0.6934199304292803,1
RIMONE_r2_Im108,1,r2,0,0.6935151533239786,1
RIMONE_r2_Im110,1,r2,0,0.6935135003722674,1
RIMONE_r2_Im112,1,r2,0,0.6934940760247769,1
RIMONE_r2_Im114,1,r2,0,0.6934791737124582,1
RIMONE_r2_Im116,1,r2,0,0.6935238960514808,1
RIMONE_r2_Im118,1,r2,0,0.6935265550106234,1
RIMONE_r2_Im120,1,r2,0,0.6935244271066838,1
RIMONE_r2_Im122,1,r2,0,0.6935241225990826,1
RIMONE_r2_Im124,1,r2,0,0.6934763759336483,1
RIMONE_r2_Im126,1,r2,0,0.693754376584179,1
RIMONE_r2_Im128,1,r2,0,0.6935090693140029,1
RIMONE_r2_Im130,1,r2,0,0.6935244118657754,1
RIMONE_r2_Im132,1,r2,0,0.6935241194633607,1
RIMONE_r2_Im134,1,r2,0,0.6934973172758022,1
RIMONE_r2_Im136,1,r2,0,0.6935250471371212,1
RIMONE_r2_Im138,1,r2,0,0.6934887435445705,1
RIMONE_r2_Im140,1,r2,0,0.6935109996937614,1
RIMONE_r2_Im142,1,r2,0,0.6935234154161448,1
RIMONE_r2_Im144,1,r2,0,0.6935131722570538,1
RIMONE_r2_Im146,1,r2,0,0.6935254911644572,1
RIMONE_r2_Im148,1,r2,0,0.6935242872569662,1
RIMONE_r2_Im150,1,r2,0,0.6935026201370484,1
RIMONE_r2_Im152,1,r2,0,0.6935194755518815,1
RIMONE_r2_Im154,1,r2,0,0.6935064764920414,1
RIMONE_r2_Im156,1,r2,0,0.6935222974657402,1
RIMONE_r2_Im158,1,r2,0,0.6935244020719082,1
RIMONE_r2_Im160,1,r2,0,0.6935245338625249,1
RIMONE_r2_Im162,1,r2,0,0.6933308843225674,1
RIMONE_r2_Im164,1,r2,0,0.6933313784534032,1
RIMONE_r2_Im166,1,r2,0,0.6935007323590555,1
RIMONE_r2_Im168,1,r2,0,0.6935146960485569,1
RIMONE_r2_Im170,1,r2,0,0.6935042477423589,1
RIMONE_r2_Im172,1,r2,0,0.693521619581034,1
RIMONE_r2_Im174,1,r2,0,0.6934526324232744,1
RIMONE_r2_Im176,1,r2,0,0.6934508325934589,1
RIMONE_r2_Im178,1,r2,0,0.6935154189835778,1
RIMONE_r2_Im180,1,r2,0,0.6934293291030877,1
RIMONE_r2_Im182,1,r2,0,0.693525796652452,1
RIMONE_r2_Im184,1,r2,0,0.6935057855517347,1
RIMONE_r2_Im186,1,r2,0,0.6935149727166618,1
RIMONE_r2_Im188,1,r2,0,0.6932264595052626,1
RIMONE_r2_Im190,1,r2,0,0.6935091433484541,1
RIMONE_r2_Im192,1,r2,0,0.6935271633457013,1
RIMONE_r2_Im194,1,r2,0,0.6934656138826968,1
RIMONE_r2_Im196,1,r2,0,0.6935222536908939,1
RIMONE_r2_Im198,1,r2,0,0.6935211182471708,1
RIMONE_r2_Im200,1,r2,0,0.6934701190610374,1
RIMONE_r2_Im202,1,r2,0,0.6933545788021243,1
RIMONE_r2_Im206,1,r2,0,0.6934869111844598,1
RIMONE_r2_Im208,1,r2,0,0.6935048268098538,1
RIMONE_r2_Im210,1,r2,0,0.6935043273807728,1
RIMONE_r2_Im212,1,r2,0,0.6935244850964023,1
RIMONE_r2_Im214,1,r2,0,0.6935795554765143,1
RIMONE_r2_Im216,1,r2,0,0.6935219328208946,1
RIMONE_r2_Im218,1,r2,0,0.6935389788651103,1
RIMONE_r2_Im220,1,r2,0,0.6932959763356586,1
RIMONE_r2_Im222,1,r2,0,0.6934947359844755,1
RIMONE_r2_Im224,1,r2,0,0.6935245186576767,1
RIMONE_r2_Im226,1,r2,0,0.6934391911532042,1
RIMONE_r2_Im228,1,r2,0,0.6933432062543343,1
RIMONE_r2_Im230,1,r2,0,0.6935650908146133,1
RIMONE_r2_Im232,1,r2,0,0.6933840140529426,1
RIMONE_r2_Im234,1,r2,0,0.6934734922663119,1
RIMONE_r2_Im236,1,r2,0,0.6935243131793548,1
RIMONE_r2_Im238,1,r2,0,0.693483929623952,1
RIMONE_r2_Im240,1,r2,0,0.6935038535867684,1
RIMONE_r2_Im242,1,r2,0,0.6935205934350377,1
RIMONE_r2_Im244,1,r2,0,0.6935245576506759,1
RIMONE_r2_Im246,1,r2,0,0.6935160056699753,1
RIMONE_r2_Im248,1,r2,0,0.6934651377841531,1
RIMONE_r2_Im250,1,r2,0,0.6936619644619348,1
RIMONE_r2_Im252,1,r2,0,0.693512206229212,1
RIMONE_r2_Im254,1,r2,0,0.6935249220073345,1
RIMONE_r3_N-1-L_left_half,1,r3,0,0.6924477557319051,1
RIMONE_r3_N-10-R_left_half,1,r3,0,0.6941455621152104,1
RIMONE_r3_N-11-L_left_half,1,r3,0,0.6947632830789228,1
RIMONE_r3_N-12-R_left_half,1,r3,0,0.6953503620845243,1
RIMONE_r3_N-13-L_left_half,1,r3,0,0.6943011815469318,1
RIMONE_r3_N-14-R_left_half,1,r3,0,0.6935179281360256,1
RIMONE_r3_N-16-R_left_half,1,r3,0,0.6935021713510285,1
RIMONE_r3_N-17-L_left_half,1,r3,0,0.6932834092038577,1
RIMONE_r3_N-18-R_left_half,1,r3,0,0.6934725222512789,1
RIMONE_r3_N-2-R_left_half,1,r3,0,0.6933934163714857,1
RIMONE_r3_N-20-R_left_half,1,r3,0,0.6935243262958818,1
RIMONE_r3_N-21-L_left_half,1,r3,0,0.693739718919171,1
RIMONE_r3_N-22-R_left_half,1,r3,0,0.694657757908578,1
RIMONE_r3_N-23-L_left_half,1,r3,0,0.6932984141043452,1
RIMONE_r3_N-24-R_left_half,1,r3,0,0.6949369357868376,1
RIMONE_r3_N-25-L_left_half,1,r3,0,0.6934271715830714,1
RIMONE_r3_N-26-R_left_half,1,r3,0,0.6934953414686655,1
RIMONE_r3_N-27-L_left_half,1,r3,0,0.6934991414546539,1
RIMONE_r3_N-28-R_left_half,1,r3,0,0.6935104309685327,1
RIMONE_r3_N-29-L_left_half,1,r3,0,0.693313909970418,1
RIMONE_r3_N-3-L_left_half,1,r3,0,0.6935171478311078,1
RIMONE_r3_N-30-R_left_half,1,r3,0,0.6934582316008334,1
RIMONE_r3_N-31-L_left_half,1,r3,0,0.6935098743023427,1
RIMONE_r3_N-32-R_left_half,1,r3,0,0.6934266795732094,1
RIMONE_r3_N-33-L_left_half,1,r3,0,0.6933522809712854,1
RIMONE_r3_N-34-R_left_half,1,r3,0,0.6933898211753035,1
RIMONE_r3_N-35-L_left_half,1,r3,0,0.6932122867734398,1
RIMONE_r3_N-36-R_left_half,1,r3,0,0.6933721910640185,1
RIMONE_r3_N-37-L_left_half,1,r3,0,0.693626589479927,1
RIMONE_r3_N-38-R_left_half,1,r3,0,0.6941718602690399,1
RIMONE_r3_N-39-L_left_half,1,r3,0,0.6934299750058799,1
RIMONE_r3_N-4-R_left_half,1,r3,0,0.6935142603255733,1
RIMONE_r3_N-40-R_left_half,1,r3,0,0.6932659188815452,1
RIMONE_r3_N-41-L_left_half,1,r3,0,0.6934223872917664,1
RIMONE_r3_N-42-R_left_half,1,r3,0,0.6935612969387615,1
RIMONE_r3_N-43-L_left_half,1,r3,0,0.693378501223713,1
RIMONE_r3_N-44-R_left_half,1,r3,0,0.6936136961610393,1
RIMONE_r3_N-46-R_left_half,1,r3,0,0.6941011010020399,1
RIMONE_r3_N-47-L_left_half,1,r3,0,0.6932479544262241,1
RIMONE_r3_N-48-R_left_half,1,r3,0,0.6951921335874567,1
RIMONE_r3_N-49-L_left_half,1,r3,0,0.6935142452966564,1
RIMONE_r3_N-5-L_left_half,1,r3,0,0.6935217950946269,1
RIMONE_r3_N-50-R_left_half,1,r3,0,0.6934451920520346,1
RIMONE_r3_N-51-L_left_half,1,r3,0,0.6957082789483906,1
RIMONE_r3_N-52-R_left_half,1,r3,0,0.6952588010909709,1
RIMONE_r3_N-53-L_left_half,1,r3,0,0.6928989981014705,1
RIMONE_r3_N-54-R_left_half,1,r3,0,0.693082463341883,1
RIMONE_r3_N-55-L_left_half,1,r3,0,0.6933339095715051,1
RIMONE_r3_N-56-R_left_half,1,r3,0,0.6929321875917258,1
RIMONE_r3_N-58-R_left_half,1,r3,0,0.6934107597336889,1
RIMONE_r3_N-59-L_left_half,1,r3,0,0.6935953923335854,1
RIMONE_r3_N-6-R_left_half,1,r3,0,0.6935533419731496,1
RIMONE_r3_N-61-L_left_half,1,r3,0,0.6947882429843459,1
RIMONE_r3_N-62-R_left_half,1,r3,0,0.6942364468042115,1
RIMONE_r3_N-63-L_left_half,1,r3,0,0.6933632538294936,1
RIMONE_r3_N-64-R_left_half,1,r3,0,0.6935142982462491,1
RIMONE_r3_N-65-L_left_half,1,r3,0,0.6935140005064114,1
RIMONE_r3_N-66-R_left_half,1,r3,0,0.693810705599145,1
RIMONE_r3_N-67-L_left_half,1,r3,0,0.6938765151332742,1
RIMONE_r3_N-68-R_left_half,1,r3,0,0.6936736447932011,1
RIMONE_r3_N-69-L_left_half,1,r3,0,0.6935326428407088,1
RIMONE_r3_N-7-L_left_half,1,r3,0,0.6933059416768899,1
RIMONE_r3_N-70-R_left_half,1,r3,0,0.6935302643974394,1
RIMONE_r3_N-71-L_left_half,1,r3,0,0.693825024051452,1
RIMONE_r3_N-72-R_left_half,1,r3,0,0.6935112184464429,1
RIMONE_r3_N-73-R_left_half,1,r3,0,0.6935610846539441,1
RIMONE_r3_N-74-L_left_half,1,r3,0,0.6934856998566553,1
RIMONE_r3_N-75-R_left_half,1,r3,0,0.6934559597751602,1
RIMONE_r3_N-76-R_left_half,1,r3,0,0.6935021005485682,1
RIMONE_r3_N-78-R_left_half,1,r3,0,0.6935614033118633,1
RIMONE_r3_N-79-L_left_half,1,r3,0,0.6933291665479906,1
RIMONE_r3_N-8-L_left_half,1,r3,0,0.6934953869901421,1
RIMONE_r3_N-80-R_left_half,1,r3,0,0.6936959938849637,1
RIMONE_r3_N-81-L_left_half,1,r3,0,0.6931267502690334,1
RIMONE_r3_N-82-R_left_half,1,r3,0,0.6929851787141724,1
RIMONE_r3_N-83-L_left_half,1,r3,0,0.6929800735658582,1
RIMONE_r3_N-84-R_left_half,1,r3,0,0.69326563644521,1
RIMONE_r3_N-85-L_left_half,1,r3,0,0.6934776622224009,1
RIMONE_r3_N-86-R_left_half,1,r3,0,0.6934903364025459,1
RIMONE_r3_N-87-L_left_half,1,r3,0,0.6935397412922534,1
RIMONE_r3_N-88-R_left_half,1,r3,0,0.6935215214082819,1
RIMONE_r3_N-9-L_left_half,1,r3,0,0.693444570346788,1
RIMONE_r3_N-90-R_left_half,1,r3,0,0.6935190212912811,1
RIMONE_r3_N-91-L_left_half,1,r3,0,0.6934979169695117,1
RIMONE_r3_N-92-R_left_half,1,r3,0,0.6935226225991206,1
RIMONE_r1_Im069,2,r1,1,0.7233581575085196,1
RIMONE_r1_Im103,2,r1,1,0.7189693655999743,1
RIMONE_r1_Im113,2,r1,1,0.723578161278611,1
RIMONE_r1_Im117,2,r1,1,0.7243137422894983,1
RIMONE_r1_Im118,2,r1,1,0.7256125017395977,1
RIMONE_r1_Im120,2,r1,1,0.7283939760720143,1
RIMONE_r1_Im121,2,r1,1,0.7238204055204707,1
RIMONE_r1_Im122,2,r1,1,0.7249232058809916,1
RIMONE_r1_Im135,2,r1,1,0.7283943031879483,1
RIMONE_r1_Im144,2,r1,1,0.7241484725892624,1
RIMONE_r1_Im158,2,r1,1,0.7269003537635957,1
RIMONE_r1_Im167,2,r1,1,0.7183999144918766,1
RIMONE_r2_Im257,2,r2,1,0.7234137381028484,1
RIMONE_r2_Im258,2,r2,1,0.7234017813583107,1
RIMONE_r2_Im260,2,r2,1,0.7234175574973488,1
RIMONE_r2_Im263,2,r2,1,0.7230099451894134,1
RIMONE_r2_Im264,2,r2,1,0.7236767263941201,1
RIMONE_r2_Im266,2,r2,1,0.7233926151118032,1
RIMONE_r2_Im267,2,r2,1,0.723392660036198,1
RIMONE_r2_Im268,2,r2,1,0.723392660036198,1
RIMONE_r2_Im269,2,r2,1,0.7234009431841805,1
RIMONE_r2_Im270,2,r2,1,0.723432902114145,1
RIMONE_r2_Im273,2,r2,1,0.723383863239095,1
RIMONE_r2_Im275,2,r2,1,0.7232228527304453,1
RIMONE_r2_Im277,2,r2,1,0.7234915593546054,1
RIMONE_r2_Im281,2,r2,1,0.7231157522228958,1
RIMONE_r2_Im287,2,r2,1,0.7233960859713195,1
RIMONE_r2_Im288,2,r2,1,0.7234156149602896,1
RIMONE_r2_Im289,2,r2,1,0.7233908981403094,1
RIMONE_r2_Im290,2,r2,1,0.7234082487510428,1
RIMONE_r2_Im291,2,r2,1,0.7234933342871109,1
RIMONE_r2_Im292,2,r2,1,0.7236093276366212,1
RIMONE_r2_Im293,2,r2,1,0.723392689937675,1
RIMONE_r2_Im294,2,r2,1,0.7234259678013678,1
RIMONE_r2_Im301,2,r2,1,0.7236207105467521,1
RIMONE_r2_Im302,2,r2,1,0.7233614311874229,1
RIMONE_r2_Im303,2,r2,1,0.7233871621001684,1
RIMONE_r2_Im305,2,r2,1,0.7233771731251348,1
RIMONE_r2_Im314,2,r2,1,0.7233884468429618,1
RIMONE_r2_Im315,2,r2,1,0.7236694421818686,1
RIMONE_r2_Im317,2,r2,1,0.7237490262722862,1
RIMONE_r2_Im318,2,r2,1,0.7234011036807514,1
RIMONE_r2_Im319,2,r2,1,0.7233833462592058,1
RIMONE_r2_Im320,2,r2,1,0.7233901221376916,1
RIMONE_r2_Im321,2,r2,1,0.723392619399406,1
RIMONE_r2_Im324,2,r2,1,0.7233762132808507,1
RIMONE_r2_Im329,2,r2,1,0.7237917630863456,1
RIMONE_r2_Im330,2,r2,1,0.7237578603158116,1
RIMONE_r2_Im331,2,r2,1,0.7234633713589823,1
RIMONE_r2_Im332,2,r2,1,0.7234348844249725,1
RIMONE_r2_Im333,2,r2,1,0.7233914302142909,1
RIMONE_r2_Im334,2,r2,1,0.7236747807387031,1
RIMONE_r2_Im338,2,r2,1,0.7233879407922827,1
RIMONE_r2_Im339,2,r2,1,0.7233922696706785,1
RIMONE_r2_Im343,2,r2,1,0.7233914369889028,1
RIMONE_r2_Im344,2,r2,1,0.7233919349520451,1
RIMONE_r1_Im001,2,r1,0,0.7233985633009888,1
RIMONE_r1_Im003,2,r1,0,0.7237282905062773,1
RIMONE_r1_Im004,2,r1,0,0.723817753192898,1
RIMONE_r1_Im006,2,r1,0,0.7248745953640613,1
RIMONE_r1_Im008,2,r1,0,0.7236374372086583,1
RIMONE_r1_Im011,2,r1,0,0.723423021902479,1
RIMONE_r1_Im012,2,r1,0,0.7240419610038661,1
RIMONE_r1_Im014,2,r1,0,0.7236186544123439,1
RIMONE_r1_Im015,2,r1,0,0.7254282127370127,1
RIMONE_r1_Im019,2,r1,0,0.7233868984791662,1
RIMONE_r1_Im020,2,r1,0,0.723378264173599,1
RIMONE_r1_Im022,2,r1,0,0.7234042749461862,1
RIMONE_r1_Im023,2,r1,0,0.7234229948530236,1
RIMONE_r1_Im024,2,r1,0,0.7244651164701863,1
RIMONE_r1_Im025,2,r1,0,0.7236037416086817,1
RIMONE_r1_Im026,2,r1,0,0.7233811238306177,1
RIMONE_r1_Im027,2,r1,0,0.7233930842191411,1
RIMONE_r1_Im028,2,r1,0,0.7238423740089355,1
RIMONE_r1_Im029,2,r1,0,0.7244711406325558,1
RIMONE_r1_Im031,2,r1,0,0.7241419497817834,1
RIMONE_r1_Im032,2,r1,0,0.7233956618911876,1
RIMONE_r1_Im033,2,r1,0,0.7233976082886517,1
RIMONE_r1_Im036,2,r1,0,0.7241478303128447,1
RIMONE_r1_Im037,2,r1,0,0.7249425000301906,1
RIMONE_r1_Im040,2,r1,0,0.7234382562195983,1
RIMONE_r1_Im041,2,r1,0,0.7238936049840523,1
RIMONE_r1_Im042,2,r1,0,0.7233827482993893,1
RIMONE_r1_Im046,2,r1,0,0.7234408561460788,1
RIMONE_r1_Im047,2,r1,0,0.7234111681840536,1
RIMONE_r1_Im050,2,r1,0,0.7282566051870456,1
RIMONE_r1_Im052,2,r1,0,0.7234245642463775,1
RIMONE_r1_Im054,2,r1,0,0.7236685501340818,1
RIMONE_r1_Im055,2,r1,0,0.7236074641307428,1
RIMONE_r1_Im056,2,r1,0,0.7236005517080379,1
RIMONE_r1_Im057,2,r1,0,0.7234379344872969,1
RIMONE_r1_Im058,2,r1,0,0.7236429194689907,1
RIMONE_r1_Im059,2,r1,0,0.7234239750713837,1
RIMONE_r1_Im060,2,r1,0,0.7234717412352525,1
RIMONE_r1_Im061,2,r1,0,0.7234981438807393,1
RIMONE_r1_Im062,2,r1,0,0.7237623594872278,1
RIMONE_r1_Im063,2,r1,0,0.7234572459056571,1
RIMONE_r1_Im071,2,r1,0,0.7243537007880108,1
RIMONE_r1_Im072,2,r1,0,0.7234693459640367,1
RIMONE_r1_Im073,2,r1,0,0.723397933007066,1
RIMONE_r1_Im080,2,r1,0,0.7211752890653635,1
RIMONE_r1_Im082,2,r1,0,0.72474236885717,1
RIMONE_r1_Im086,2,r1,0,0.7292902788191754,1
RIMONE_r1_Im087,2,r1,0,0.7274922806306815,1
RIMONE_r1_Im095,2,r1,0,0.7256647829814326,1
RIMONE_r1_Im107,2,r1,0,0.7272726093388141,1
RIMONE_r1_Im108,2,r1,0,0.7238532122135688,1
RIMONE_r1_Im115,2,r1,0,0.7244434677296994,1
RIMONE_r1_Im116,2,r1,0,0.7248809562339876,1
RIMONE_r1_Im119,2,r1,0,0.7307124929038504,1
RIMONE_r1_Im125,2,r1,0,0.7248577418666595,1
RIMONE_r1_Im127,2,r1,0,0.7235319022939419,1
RIMONE_r1_Im128,2,r1,0,0.7272081779327499,1
RIMONE_r1_Im129,2,r1,0,0.7257612907915582,1
RIMONE_r1_Im130,2,r1,0,0.7276616550621252,1
RIMONE_r1_Im131,2,r1,0,0.7282135362361544,1
RIMONE_r1_Im132,2,r1,0,0.7237995898246943,1
RIMONE_r1_Im133,2,r1,0,0.7236195169643365,1
RIMONE_r1_Im136,2,r1,0,0.7265097561335108,1
RIMONE_r1_Im137,2,r1,0,0.7288499704966451,1
RIMONE_r1_Im138,2,r1,0,0.7287019819616221,1
RIMONE_r1_Im142,2,r1,0,0.725956252645275,1
RIMONE_r1_Im143,2,r1,0,0.7283671467538617,1
RIMONE_r1_Im145,2,r1,0,0.7251805956076182,1
RIMONE_r1_Im146,2,r1,0,0.7246178233745831,1
RIMONE_r1_Im149,2,r1,0,0.725498491435504,1
RIMONE_r1_Im150,2,r1,0,0.7225870626941205,1
RIMONE_r1_Im151,2,r1,0,0.7262282367502944,1
RIMONE_r1_Im152,2,r1,0,0.7279173664408637,1
RIMONE_r1_Im153,2,r1,0,0.7244382976956198,1
RIMONE_r1_Im154,2,r1,0,0.7262577441256342,1
RIMONE_r1_Im155,2,r1,0,0.7256907645213533,1
RIMONE_r1_Im156,2,r1,0,0.7242990407993288,1
RIMONE_r1_Im159,2,r1,0,0.7270864148953085,1
RIMONE_r1_Im161,2,r1,0,0.723669725975126,1
RIMONE_r1_Im162,2,r1,0,0.7266678842506423,1
RIMONE_r1_Im163,2,r1,0,0.7262632634833489,1
RIMONE_r1_Im164,2,r1,0,0.7242066161540156,1
RIMONE_r1_Im165,2,r1,0,0.7261746987709603,1
RIMONE_r1_Im166,2,r1,0,0.7245130423181608,1
RIMONE_r1_Im168,2,r1,0,0.7300916233497976,1
RIMONE_r1_Im169,2,r1,0,0.7274166051175737,1
RIMONE_r2_Im001,2,r2,0,0.7233895969896138,1
RIMONE_r2_Im002,2,r2,0,0.7233899030386632,1
RIMONE_r2_Im003,2,r2,0,0.7233844172057969,1
RIMONE_r2_Im004,2,r2,0,0.7233837335702533,1
RIMONE_r2_Im005,2,r2,0,0.7233876067026282,1
RIMONE_r2_Im006,2,r2,0,0.7233916261562393,1
RIMONE_r2_Im007,2,r2,0,0.7233880205755504,1
RIMONE_r2_Im009,2,r2,0,0.7233895368406854,1
RIMONE_r2_Im010,2,r2,0,0.7233824548029559,1
RIMONE_r2_Im011,2,r2,0,0.7233919585341199,1
RIMONE_r2_Im012,2,r2,0,0.7233909304958072,1
RIMONE_r2_Im013,2,r2,0,0.7233920398163866,1
RIMONE_r2_Im014,2,r2,0,0.7233880486305307,1
RIMONE_r2_Im015,2,r2,0,0.7233856453373881,1
RIMONE_r2_Im016,2,r2,0,0.7233852946206143,1
RIMONE_r2_Im017,2,r2,0,0.7233897495181272,1
RIMONE_r2_Im018,2,r2,0,0.7233894595339452,1
RIMONE_r2_Im019,2,r2,0,0.7233868343355943,1
RIMONE_r2_Im020,2,r2,0,0.7234328856736161,1
RIMONE_r2_Im021,2,r2,0,0.7233766920414948,1
RIMONE_r2_Im022,2,r2,0,0.7235409377140687,1
RIMONE_r2_Im023,2,r2,0,0.7233610149012892,1
RIMONE_r2_Im024,2,r2,0,0.7233836092629724,1
RIMONE_r2_Im025,2,r2,0,0.7233884868816106,1
RIMONE_r2_Im026,2,r2,0,0.7233900525763325,1
RIMONE_r2_Im027,2,r2,0,0.7233909062449851,1
RIMONE_r2_Im028,2,r2,0,0.7233982583910015,1
RIMONE_r2_Im029,2,r2,0,0.7237351396723766,1
RIMONE_r2_Im030,2,r2,0,0.7233822479056631,1
RIMONE_r2_Im031,2,r2,0,0.723430909881535,1
RIMONE_r2_Im032,2,r2,0,0.7233822097572735,1
RIMONE_r2_Im033,2,r2,0,0.7233863132407344,1
RIMONE_r2_Im347,2,r2,1,0.7233457439204334,1
RIMONE_r2_Im348,2,r2,1,0.7234660502285798,1
RIMONE_r2_Im351,2,r2,1,0.7242043187039727,1
RIMONE_r2_Im352,2,r2,1,0.7233151770416586,1
RIMONE_r2_Im354,2,r2,1,0.7232455917725189,1
RIMONE_r2_Im355,2,r2,1,0.7237585437739765,1
RIMONE_r2_Im356,2,r2,1,0.7233207561474009,1
RIMONE_r2_Im357,2,r2,1,0.7233832390208824,1
RIMONE_r2_Im358,2,r2,1,0.7238195216389687,1
RIMONE_r2_Im362,2,r2,1,0.7238898701771809,1
RIMONE_r2_Im365,2,r2,1,0.7229076405165563,1
RIMONE_r2_Im366,2,r2,1,0.7222632889808397,1
RIMONE_r2_Im369,2,r2,1,0.7233742499565776,1
RIMONE_r2_Im373,2,r2,1,0.7221949071279786,1
RIMONE_r2_Im376,2,r2,1,0.7233945812073805,1
RIMONE_r2_Im377,2,r2,1,0.7238477812265004,1
RIMONE_r2_Im383,2,r2,1,0.7233954485949052,1
RIMONE_r2_Im384,2,r2,1,0.7224484647042947,1
RIMONE_r2_Im385,2,r2,1,0.7224446949896997,1
RIMONE_r2_Im387,2,r2,1,0.7264922094735105,1
RIMONE_r2_Im388,2,r2,1,0.7230996894931859,1
RIMONE_r2_Im389,2,r2,1,0.7222318627766632,1
RIMONE_r2_Im390,2,r2,1,0.7236420812211669,1
RIMONE_r2_Im391,2,r2,1,0.7228293200577082,1
RIMONE_r2_Im392,2,r2,1,0.722860365125066,1
RIMONE_r2_Im393,2,r2,1,0.7240194812473036,1
RIMONE_r2_Im398,2,r2,1,0.7241461166900587,1
RIMONE_r2_Im399,2,r2,1,0.723413396373516,1
RIMONE_r2_Im400,2,r2,1,0.7225205620593619,1
RIMONE_r2_Im401,2,r2,1,0.7232075345508373,1
RIMONE_r2_Im402,2,r2,1,0.725054637293978,1
RIMONE_r2_Im403,2,r2,1,0.7233233843964494,1
RIMONE_r2_Im404,2,r2,1,0.7235885120664262,1
RIMONE_r2_Im406,2,r2,1,0.7234734158025262,1
RIMONE_r2_Im407,2,r2,1,0.7233738683867704,1
RIMONE_r2_Im408,2,r2,1,0.723382708183273,1
RIMONE_r2_Im414,2,r2,1,0.7247404993385472,1
RIMONE_r2_Im415,2,r2,1,0.7234619380409317,1
RIMONE_r2_Im416,2,r2,1,0.7234241529928038,1
RIMONE_r2_Im418,2,r2,1,0.7242592184639627,1
RIMONE_r2_Im419,2,r2,1,0.7233909714705918,1
RIMONE_r2_Im420,2,r2,1,0.7234931312756042,1
RIMONE_r2_Im421,2,r2,1,0.7233902937461644,1
RIMONE_r2_Im422,2,r2,1,0.7228494186701963,1
RIMONE_r2_Im424,2,r2,1,0.7234919940308652,1
RIMONE_r2_Im427,2,r2,1,0.7239873494132177,1
RIMONE_r2_Im428,2,r2,1,0.7235354300703929,1
RIMONE_r2_Im429,2,r2,1,0.7233631581457245,1
RIMONE_r2_Im432,2,r2,1,0.7244137013498401,1
RIMONE_r2_Im433,2,r2,1,0.7233925274133057,1
RIMONE_r2_Im436,2,r2,1,0.7233821827633229,1
RIMONE_r2_Im439,2,r2,1,0.7238718597375223,1
RIMONE_r2_Im441,2,r2,1,0.7231244400968679,1
RIMONE_r2_Im442,2,r2,1,0.7232227707051392,1
RIMONE_r2_Im443,2,r2,1,0.7241870422699368,1
RIMONE_r2_Im444,2,r2,1,0.7227752963102089,1
RIMONE_r2_Im445,2,r2,1,0.723305272611401,1
RIMONE_r2_Im448,2,r2,1,0.7238639770097883,1
RIMONE_r2_Im449,2,r2,1,0.7241926086799483,1
RIMONE_r2_Im450,2,r2,1,0.7235526824288157,1
RIMONE_r2_Im451,2,r2,1,0.7224686423297201,1
RIMONE_r2_Im453,2,r2,1,0.7238367799956443,1
RIMONE_r2_Im454,2,r2,1,0.7235680983478486,1
RIMONE_r2_Im455,2,r2,1,0.7234200477569007,1
RIMONE_r3_G-1-L_left_half,2,r3,1,0.7235676429466756,1
RIMONE_r3_G-10-L_left_half,2,r3,1,0.7288967227678174,1
RIMONE_r3_G-11-R_left_half,2,r3,1,0.7273594163790159,1
RIMONE_r3_G-12-L_left_half,2,r3,1,0.7246559313670855,1
RIMONE_r3_G-13-R_left_half,2,r3,1,0.7280251090187788,1
RIMONE_r3_G-14-R_left_half,2,r3,1,0.7250401798625766,1
RIMONE_r3_G-15-L_left_half,2,r3,1,0.7210836212799424,1
RIMONE_r3_G-16-R_left_half,2,r3,1,0.7252330014497124,1
RIMONE_r3_G-17-L_left_half,2,r3,1,0.7237538262668923,1
RIMONE_r3_G-18-R_left_half,2,r3,1,0.7235760329152795,1
RIMONE_r3_G-2-R_left_half,2,r3,1,0.722716883149547,1
RIMONE_r3_G-22-L_left_half,2,r3,1,0.7296940520407216,1
RIMONE_r3_G-23-R_left_half,2,r3,1,0.7241405583870881,1
RIMONE_r3_G-25-L_left_half,2,r3,1,0.7222201155206592,1
RIMONE_r3_G-27-R_left_half,2,r3,1,0.7216736862985357,1
RIMONE_r3_G-29-R_left_half,2,r3,1,0.7238710279166433,1
RIMONE_r3_G-3-R_left_half,2,r3,1,0.7296210132952906,1
RIMONE_r3_G-30-L_left_half,2,r3,1,0.7272184880719571,1
RIMONE_r3_G-31-R_left_half,2,r3,1,0.7300738664492303,1
RIMONE_r3_G-32-L_left_half,2,r3,1,0.7287487844922209,1
RIMONE_r3_G-33-R_left_half,2,r3,1,0.7240990843253844,1
RIMONE_r3_G-34-L_left_half,2,r3,1,0.7145717761766486,1
RIMONE_r3_G-35-R_left_half,2,r3,1,0.7235849737637468,1
RIMONE_r3_G-37-R_left_half,2,r3,1,0.725221317957786,1
RIMONE_r3_G-38-L_left_half,2,r3,1,0.7230428969199095,1
RIMONE_r3_G-39-L_left_half,2,r3,1,0.7175989955296295,1
RIMONE_r3_G-6-L_left_half,2,r3,1,0.7123759875253931,1
RIMONE_r3_G-8-R_left_half,2,r3,1,0.7233922498050704,1
RIMONE_r3_G-9-R_left_half,2,r3,1,0.7215581637244292,1
RIMONE_r3_S-1-L_left_half,2,r3,1,0.7233413173507682,1
RIMONE_r3_S-10-R_left_half,2,r3,1,0.7362563901158583,1
RIMONE_r3_S-11-L_left_half,2,r3,1,0.7242652205260782,1
RIMONE_r3_S-12-L_left_half,2,r3,1,0.7284879604539173,1
RIMONE_r3_S-13-R_left_half,2,r3,1,0.7277624060780857,1
RIMONE_r3_S-14-R_left_half,2,r3,1,0.7239075734790522,1
RIMONE_r3_S-18-L_left_half,2,r3,1,0.7237451814362873,1
RIMONE_r3_S-19-R_left_half,2,r3,1,0.7250059479252058,1
RIMONE_r3_S-2-L_left_half,2,r3,1,0.7237366823225124,1
RIMONE_r3_S-20-L_left_half,2,r3,1,0.7249393714932041,1
RIMONE_r3_S-21-R_left_half,2,r3,1,0.7293159308653937,1
RIMONE_r3_S-25-L_left_half,2,r3,1,0.7364902375787171,1
RIMONE_r3_S-26-R_left_half,2,r3,1,0.7341859453027166,1
RIMONE_r3_S-28-R_left_half,2,r3,1,0.7195768713531081,1
RIMONE_r3_S-29-R_left_half,2,r3,1,0.7254446716432903,1
RIMONE_r3_S-30-L_left_half,2,r3,1,0.7235701084361734,1
RIMONE_r3_S-31-L_left_half,2,r3,1,0.7234376852092831,1
RIMONE_r3_S-32-L_left_half,2,r3,1,0.7234531677870667,1
RIMONE_r3_S-33-R_left_half,2,r3,1,0.7238353633054652,1
RIMONE_r3_S-35-R_left_half,2,r3,1,0.7258071217872458,1
RIMONE_r3_S-4-L_left_half,2,r3,1,0.7207536044769844,1
RIMONE_r3_S-6-R_left_half,2,r3,1,0.7280264692117555,1
RIMONE_r3_S-9-L_left_half,2,r3,1,0.7374415512009113,1
RIMONE_r2_Im034,2,r2,0,0.7234667965171286,1
RIMONE_r2_Im036,2,r2,0,0.7234895965709647,1
RIMONE_r2_Im038,2,r2,0,0.7233972206974113,1
RIMONE_r2_Im040,2,r2,0,0.7236174416651184,1
RIMONE_r2_Im042,2,r2,0,0.7229806768088313,1
RIMONE_r2_Im044,2,r2,0,0.7233927882165055,1
RIMONE_r2_Im046,2,r2,0,0.7233927188189365,1
RIMONE_r2_Im048,2,r2,0,0.7240639210316678,1
RIMONE_r2_Im050,2,r2,0,0.7235103396859055,1
RIMONE_r2_Im052,2,r2,0,0.723321031875714,1
RIMONE_r2_Im054,2,r2,0,0.7234156121837525,1
RIMONE_r2_Im056,2,r2,0,0.723138432618302,1
RIMONE_r2_Im058,2,r2,0,0.7237019304853974,1
RIMONE_r2_Im060,2,r2,0,0.7233936189692043,1
RIMONE_r2_Im062,2,r2,0,0.7240640843769723,1
RIMONE_r2_Im064,2,r2,0,0.7234325328880044,1
RIMONE_r2_Im066,2,r2,0,0.7240220694572721,1
RIMONE_r2_Im068,2,r2,0,0.7239923285046487,1
RIMONE_r2_Im070,2,r2,0,0.7235725402341011,1
RIMONE_r2_Im072,2,r2,0,0.7236309046290191,1
RIMONE_r2_Im074,2,r2,0,0.7233704848279988,1
RIMONE_r2_Im076,2,r2,0,0.7233995922871407,1
RIMONE_r2_Im078,2,r2,0,0.7235167284664578,1
RIMONE_r2_Im080,2,r2,0,0.7235480189848058,1
RIMONE_r2_Im082,2,r2,0,0.7237174034997371,1
RIMONE_r2_Im084,2,r2,0,0.7238192293673034,1
RIMONE_r2_Im086,2,r2,0,0.7234034799424829,1
RIMONE_r2_Im088,2,r2,0,0.7235547526295737,1
RIMONE_r2_Im090,2,r2,0,0.7234521987233045,1
RIMONE_r2_Im092,2,r2,0,0.7235455241574601,1
RIMONE_r2_Im094,2,r2,0,0.7245598105702324,1
RIMONE_r2_Im096,2,r2,0,0.7234012457512543,1
RIMONE_r2_Im098,2,r2,0,0.7234744762576194,1
RIMONE_r2_Im100,2,r2,0,0.723824608381262,1
RIMONE_r2_Im102,2,r2,0,0.7233890253146398,1
RIMONE_r2_Im104,2,r2,0,0.7236081039944686,1
RIMONE_r2_Im106,2,r2,0,0.7232895783452117,1
RIMONE_r2_Im108,2,r2,0,0.7235051095538934,1
RIMONE_r2_Im110,2,r2,0,0.7237130989217868,1
RIMONE_r2_Im112,2,r2,0,0.7233490556457648,1
RIMONE_r2_Im114,2,r2,0,0.7236955859570932,1
RIMONE_r2_Im116,2,r2,0,0.723392080284635,1
RIMONE_r2_Im118,2,r2,0,0.7235618100430025,1
RIMONE_r2_Im120,2,r2,0,0.7233936299723777,1
RIMONE_r2_Im122,2,r2,0,0.7233929444496937,1
RIMONE_r2_Im124,2,r2,0,0.7233850973478708,1
RIMONE_r2_Im126,2,r2,0,0.7252765867953368,1
RIMONE_r2_Im128,2,r2,0,0.723457760653975,1
RIMONE_r2_Im130,2,r2,0,0.7234115840602908,1
RIMONE_r2_Im132,2,r2,0,0.72339267068069,1
RIMONE_r2_Im134,2,r2,0,0.7244605871147335,1
RIMONE_r2_Im136,2,r2,0,0.7234219924033833,1
RIMONE_r2_Im138,2,r2,0,0.7245790462825741,1
RIMONE_r2_Im140,2,r2,0,0.7234633729984196,1
RIMONE_r2_Im142,2,r2,0,0.7235069622682367,1
RIMONE_r2_Im144,2,r2,0,0.7234462916115831,1
RIMONE_r2_Im146,2,r2,0,0.7234099602421833,1
RIMONE_r2_Im148,2,r2,0,0.7234079187180806,1
RIMONE_r2_Im150,2,r2,0,0.7236184144865889,1
RIMONE_r2_Im152,2,r2,0,0.7234668549846663,1
RIMONE_r2_Im154,2,r2,0,0.7234664627719919,1
RIMONE_r2_Im156,2,r2,0,0.7234555417889817,1
RIMONE_r2_Im158,2,r2,0,0.7233937608886939,1
RIMONE_r2_Im160,2,r2,0,0.7233949178595533,1
RIMONE_r2_Im162,2,r2,0,0.7234671111029324,1
RIMONE_r2_Im164,2,r2,0,0.7240139557978809,1
RIMONE_r2_Im166,2,r2,0,0.7237014129790639,1
RIMONE_r2_Im168,2,r2,0,0.7233582693061575,1
RIMONE_r2_Im170,2,r2,0,0.7238178943611888,1
RIMONE_r2_Im172,2,r2,0,0.7234027409221385,1
RIMONE_r2_Im174,2,r2,0,0.7238180354098828,1
RIMONE_r2_Im176,2,r2,0,0.7244193336631521,1
RIMONE_r2_Im178,2,r2,0,0.7235832834542145,1
RIMONE_r2_Im180,2,r2,0,0.7235131968125931,1
RIMONE_r2_Im182,2,r2,0,0.7234570509683392,1
RIMONE_r2_Im184,2,r2,0,0.7234332206258436,1
RIMONE_r2_Im186,2,r2,0,0.7235775214332798,1
RIMONE_r2_Im188,2,r2,0,0.7231949430563206,1
RIMONE_r2_Im190,2,r2,0,0.7235084168901945,1
RIMONE_r2_Im192,2,r2,0,0.7235255992446621,1
RIMONE_r2_Im194,2,r2,0,0.7237245622625821,1
RIMONE_r2_Im196,2,r2,0,0.7234265572865383,1
RIMONE_r2_Im198,2,r2,0,0.7234366640237317,1
RIMONE_r2_Im200,2,r2,0,0.7239395480725985,1
RIMONE_r2_Im202,2,r2,0,0.7236178462441265,1
RIMONE_r2_Im206,2,r2,0,0.7237446286506765,1
RIMONE_r2_Im208,2,r2,0,0.7235901719904168,1
RIMONE_r2_Im210,2,r2,0,0.7234525805710507,1
RIMONE_r2_Im212,2,r2,0,0.7233912214367063,1
RIMONE_r2_Im214,2,r2,0,0.7244114341331529,1
RIMONE_r2_Im216,2,r2,0,0.723386117740039,1
RIMONE_r2_Im218,2,r2,0,0.7239173963686111,1
RIMONE_r2_Im220,2,r2,0,0.7229130081797062,1
RIMONE_r2_Im222,2,r2,0,0.7234318641677356,1
RIMONE_r2_Im224,2,r2,0,0.723395600954217,1
RIMONE_r2_Im226,2,r2,0,0.7231390010172922,1
RIMONE_r2_Im228,2,r2,0,0.7229346204558728,1
RIMONE_r2_Im230,2,r2,0,0.7234266308237592,1
RIMONE_r2_Im232,2,r2,0,0.7241663603055867,1
RIMONE_r2_Im234,2,r2,0,0.7237358991067598,1
RIMONE_r2_Im236,2,r2,0,0.723400216100912,1
RIMONE_r2_Im238,2,r2,0,0.7235506414695518,1
RIMONE_r2_Im240,2,r2,0,0.7239602584228895,1
RIMONE_r2_Im242,2,r2,0,0.7236564958609448,1
RIMONE_r2_Im244,2,r2,0,0.7233920707098603,1
RIMONE_r2_Im246,2,r2,0,0.7244990986837062,1
RIMONE_r2_Im248,2,r2,0,0.7236037824890197,1
RIMONE_r2_Im250,2,r2,0,0.7249964454506166,1
RIMONE_r2_Im252,2,r2,0,0.7237985665779768,1
RIMONE_r2_Im254,2,r2,0,0.7234137301820591,1
RIMONE_r3_N-1-L_left_half,2,r3,0,0.7287939289760139,1
RIMONE_r3_N-10-R_left_half,2,r3,0,0.7280781565628416,1
RIMONE_r3_N-11-L_left_half,2,r3,0,0.732950168366353,1
RIMONE_r3_N-12-R_left_half,2,r3,0,0.7347224906626502,1
RIMONE_r3_N-13-L_left_half,2,r3,0,0.7283884476676795,1
RIMONE_r3_N-14-R_left_half,2,r3,0,0.7234297081982156,1
RIMONE_r3_N-16-R_left_half,2,r3,0,0.7235125272449165,1
RIMONE_r3_N-17-L_left_half,2,r3,0,0.7269847543324427,1
RIMONE_r3_N-18-R_left_half,2,r3,0,0.7242526593905674,1
RIMONE_r3_N-2-R_left_half,2,r3,0,0.7245962786602589,1
RIMONE_r3_N-20-R_left_half,2,r3,0,0.7233941061015141,1
RIMONE_r3_N-21-L_left_half,2,r3,0,0.7242762696150835,1
RIMONE_r3_N-22-R_left_half,2,r3,0,0.7290748771610724,1
RIMONE_r3_N-23-L_left_half,2,r3,0,0.7250166296027348,1
RIMONE_r3_N-24-R_left_half,2,r3,0,0.7318957253908318,1
RIMONE_r3_N-25-L_left_half,2,r3,0,0.7234671385225334,1
RIMONE_r3_N-26-R_left_half,2,r3,0,0.7235719489563024,1
RIMONE_r3_N-27-L_left_half,2,r3,0,0.7235518410107756,1
RIMONE_r3_N-28-R_left_half,2,r3,0,0.7236650389325732,1
RIMONE_r3_N-29-L_left_half,2,r3,0,0.7241050298190317,1
RIMONE_r3_N-3-L_left_half,2,r3,0,0.7239551270534602,1
RIMONE_r3_N-30-R_left_half,2,r3,0,0.7246264085726715,1
RIMONE_r3_N-31-L_left_half,2,r3,0,0.7239424651689232,1
RIMONE_r3_N-32-R_left_half,2,r3,0,0.7244221912665577,1
RIMONE_r3_N-33-L_left_half,2,r3,0,0.7256359790673561,1
RIMONE_r3_N-34-R_left_half,2,r3,0,0.7244743268916175,1
RIMONE_r3_N-35-L_left_half,2,r3,0,0.7240571989537781,1
RIMONE_r3_N-36-R_left_half,2,r3,0,0.7247319455136625,1
RIMONE_r3_N-37-L_left_half,2,r3,0,0.7252084235041043,1
RIMONE_r3_N-38-R_left_half,2,r3,0,0.7294486169703195,1
RIMONE_r3_N-39-L_left_half,2,r3,0,0.7252301156746841,1
RIMONE_r3_N-4-R_left_half,2,r3,0,0.7237648674186888,1
RIMONE_r3_N-40-R_left_half,2,r3,0,0.725060150015629,1
RIMONE_r3_N-41-L_left_half,2,r3,0,0.7257228888342269,1
RIMONE_r3_N-42-R_left_half,2,r3,0,0.7262735103914909,1
RIMONE_r3_N-43-L_left_half,2,r3,0,0.7256962543944624,1
RIMONE_r3_N-44-R_left_half,2,r3,0,0.7270444714328764,1
RIMONE_r3_N-46-R_left_half,2,r3,0,0.7279428293352367,1
RIMONE_r3_N-47-L_left_half,2,r3,0,0.7251322055716333,1
RIMONE_r3_N-48-R_left_half,2,r3,0,0.734590423401756,1
RIMONE_r3_N-49-L_left_half,2,r3,0,0.7244965109993936,1
RIMONE_r3_N-5-L_left_half,2,r3,0,0.7233629825896087,1
RIMONE_r3_N-50-R_left_half,2,r3,0,0.7246774620141035,1
RIMONE_r3_N-51-L_left_half,2,r3,0,0.7222616590215182,1
RIMONE_r3_N-52-R_left_half,2,r3,0,0.7269279091670939,1
RIMONE_r3_N-53-L_left_half,2,r3,0,0.7242605993594865,1
RIMONE_r3_N-54-R_left_half,2,r3,0,0.7231793839818774,1
RIMONE_r3_N-55-L_left_half,2,r3,0,0.7250006697778485,1
RIMONE_r3_N-56-R_left_half,2,r3,0,0.7217746863990528,1
RIMONE_r3_N-58-R_left_half,2,r3,0,0.7241498798108398,1
RIMONE_r3_N-59-L_left_half,2,r3,0,0.7247863370339047,1
RIMONE_r3_N-6-R_left_half,2,r3,0,0.7257489972290346,1
RIMONE_r3_N-61-L_left_half,2,r3,0,0.7312370305314196,1
RIMONE_r3_N-62-R_left_half,2,r3,0,0.7293207879294884,1
RIMONE_r3_N-63-L_left_half,2,r3,0,0.7242443327711066,1
RIMONE_r3_N-64-R_left_half,2,r3,0,0.7235317537562241,1
RIMONE_r3_N-65-L_left_half,2,r3,0,0.7259490689583171,1
RIMONE_r3_N-66-R_left_half,2,r3,0,0.7237412585405018,1
RIMONE_r3_N-67-L_left_half,2,r3,0,0.7288906417584865,1
RIMONE_r3_N-68-R_left_half,2,r3,0,0.7265790158165087,1
RIMONE_r3_N-69-L_left_half,2,r3,0,0.7230712138923947,1
RIMONE_r3_N-7-L_left_half,2,r3,0,0.7247225050815953,1
RIMONE_r3_N-70-R_left_half,2,r3,0,0.7235855054601477,1
RIMONE_r3_N-71-L_left_half,2,r3,0,0.7273774921755943,1
RIMONE_r3_N-72-R_left_half,2,r3,0,0.7235368846854306,1
RIMONE_r3_N-73-R_left_half,2,r3,0,0.7243975819044449,1
RIMONE_r3_N-74-L_left_half,2,r3,0,0.7240149739413753,1
RIMONE_r3_N-75-R_left_half,2,r3,0,0.7242724720164616,1
RIMONE_r3_N-76-R_left_half,2,r3,0,0.7245164773572826,1
RIMONE_r3_N-78-R_left_half,2,r3,0,0.7238699308628375,1
RIMONE_r3_N-79-L_left_half,2,r3,0,0.7230330706468986,1
RIMONE_r3_N-8-L_left_half,2,r3,0,0.7238343557965555,1
RIMONE_r3_N-80-R_left_half,2,r3,0,0.7152150999442262,1
RIMONE_r3_N-81-L_left_half,2,r3,0,0.7286382053711533,1
RIMONE_r3_N-82-R_left_half,2,r3,0,0.7223673718238156,1
RIMONE_r3_N-83-L_left_half,2,r3,0,0.7179554969504136,1
RIMONE_r3_N-84-R_left_half,2,r3,0,0.7232252458989301,1
RIMONE_r3_N-85-L_left_half,2,r3,0,0.7243356909940254,1
RIMONE_r3_N-86-R_left_half,2,r3,0,0.7244564720645172,1
RIMONE_r3_N-87-L_left_half,2,r3,0,0.7251215547156045,1
RIMONE_r3_N-88-R_left_half,2,r3,0,0.7239028342464721,1
RIMONE_r3_N-9-L_left_half,2,r3,0,0.7241305742803729,1
RIMONE_r3_N-90-R_left_half,2,r3,0,0.7248955515227701,1
RIMONE_r3_N-91-L_left_half,2,r3,0,0.7272613689114159,1
RIMONE_r3_N-92-R_left_half,2,r3,0,0.7252050424291846,1
RIMONE_r1_Im069,3,r1,1,0.7620702794144625,1
RIMONE_r1_Im103,3,r1,1,0.8200002786575225,1
RIMONE_r1_Im113,3,r1,1,0.7732681667531616,1
RIMONE_r1_Im117,3,r1,1,0.7892606854311347,1
RIMONE_r1_Im118,3,r1,1,0.7884486970452893,1
RIMONE_r1_Im120,3,r1,1,0.7783272544270972,1
RIMONE_r1_Im121,3,r1,1,0.7636350055292095,1
RIMONE_r1_Im122,3,r1,1,0.7888989773350753,1
RIMONE_r1_Im135,3,r1,1,0.7729684716924384,1
RIMONE_r1_Im144,3,r1,1,0.7656973954556276,1
RIMONE_r1_Im158,3,r1,1,0.7873304113677574,1
RIMONE_r1_Im167,3,r1,1,0.8147539723237811,1
RIMONE_r2_Im257,3,r2,1,0.7618642171165259,1
RIMONE_r2_Im258,3,r2,1,0.7618473660222911,1
RIMONE_r2_Im260,3,r2,1,0.7618551607907558,1
RIMONE_r2_Im263,3,r2,1,0.7663384028742058,1
RIMONE_r2_Im264,3,r2,1,0.7700216414738711,1
RIMONE_r2_Im266,3,r2,1,0.7619392839144722,1
RIMONE_r2_Im267,3,r2,1,0.761872153834253,1
RIMONE_r2_Im268,3,r2,1,0.761872153834253,1
RIMONE_r2_Im269,3,r2,1,0.761945486799699,1
RIMONE_r2_Im270,3,r2,1,0.7621859949741197,1
RIMONE_r2_Im273,3,r2,1,0.7620619844845663,1
RIMONE_r2_Im275,3,r2,1,0.7619290976851606,1
RIMONE_r2_Im277,3,r2,1,0.7618538215160016,1
RIMONE_r2_Im281,3,r2,1,0.7591691153540943,1
RIMONE_r2_Im287,3,r2,1,0.7618318604838874,1
RIMONE_r2_Im288,3,r2,1,0.7620278803876572,1
RIMONE_r2_Im289,3,r2,1,0.762014202424497,1
RIMONE_r2_Im290,3,r2,1,0.761840199470696,1
RIMONE_r2_Im291,3,r2,1,0.7624836136579392,1
RIMONE_r2_Im292,3,r2,1,0.765708414027047,1
RIMONE_r2_Im293,3,r2,1,0.7618712922259606,1
RIMONE_r2_Im294,3,r2,1,0.7618321699620741,1
RIMONE_r2_Im301,3,r2,1,0.7623988606725083,1
RIMONE_r2_Im302,3,r2,1,0.7622043080134818,1
RIMONE_r2_Im303,3,r2,1,0.7618666629372534,1
RIMONE_r2_Im305,3,r2,1,0.761898509532841,1
RIMONE_r2_Im314,3,r2,1,0.7618519809626371,1
RIMONE_r2_Im315,3,r2,1,0.7621626882256115,1
RIMONE_r2_Im317,3,r2,1,0.7625328163067147,1
RIMONE_r2_Im318,3,r2,1,0.7618702456522547,1
RIMONE_r2_Im319,3,r2,1,0.7619130381586552,1
RIMONE_r2_Im320,3,r2,1,0.7618580221034729,1
RIMONE_r2_Im321,3,r2,1,0.7618707528602949,1
RIMONE_r2_Im324,3,r2,1,0.7618712744116803,1
RIMONE_r2_Im329,3,r2,1,0.7661517875961756,1
RIMONE_r2_Im330,3,r2,1,0.7668989193586475,1
RIMONE_r2_Im331,3,r2,1,0.7618888483222159,1
RIMONE_r2_Im332,3,r2,1,0.7619550943853306,1
RIMONE_r2_Im333,3,r2,1,0.7623297468702368,1
RIMONE_r2_Im334,3,r2,1,0.7627712647253565,1
RIMONE_r2_Im338,3,r2,1,0.7618170595783746,1
RIMONE_r2_Im339,3,r2,1,0.7632247102721106,1
RIMONE_r2_Im343,3,r2,1,0.7618695970795162,1
RIMONE_r2_Im344,3,r2,1,0.7618686365602121,1
RIMONE_r1_Im001,3,r1,0,0.7617767778785379,1
RIMONE_r1_Im003,3,r1,0,0.7630789316069393,1
RIMONE_r1_Im004,3,r1,0,0.7656705797579062,1
RIMONE_r1_Im006,3,r1,0,0.7650950137613681,1
RIMONE_r1_Im008,3,r1,0,0.7630464160782291,1
RIMONE_r1_Im011,3,r1,0,0.7618952808548217,1
RIMONE_r1_Im012,3,r1,0,0.7652224731128856,1
RIMONE_r1_Im014,3,r1,0,0.7627279998925239,1
RIMONE_r1_Im015,3,r1,0,0.7718993958407987,1
RIMONE_r1_Im019,3,r1,0,0.761839996139076,1
RIMONE_r1_Im020,3,r1,0,0.761784991628761,1
RIMONE_r1_Im022,3,r1,0,0.7619541213270785,1
RIMONE_r1_Im023,3,r1,0,0.7621287088296022,1
RIMONE_r1_Im024,3,r1,0,0.7639932180411324,1
RIMONE_r1_Im025,3,r1,0,0.7624104256120202,1
RIMONE_r1_Im026,3,r1,0,0.7617819265104422,1
RIMONE_r1_Im027,3,r1,0,0.7618255296561945,1
RIMONE_r1_Im028,3,r1,0,0.7691321714632015,1
RIMONE_r1_Im029,3,r1,0,0.7700348412919152,1
RIMONE_r1_Im031,3,r1,0,0.7649019100393551,1
RIMONE_r1_Im032,3,r1,0,0.7618727667297622,1
RIMONE_r1_Im033,3,r1,0,0.76187348542139,1
RIMONE_r1_Im036,3,r1,0,0.7689222692502207,1
RIMONE_r1_Im037,3,r1,0,0.7697583345156135,1
RIMONE_r1_Im040,3,r1,0,0.7620581351366918,1
RIMONE_r1_Im041,3,r1,0,0.7627947932208042,1
RIMONE_r1_Im042,3,r1,0,0.7617318425333384,1
RIMONE_r1_Im046,3,r1,0,0.7618202374812297,1
RIMONE_r1_Im047,3,r1,0,0.7619300866068216,1
RIMONE_r1_Im050,3,r1,0,0.779447619305373,1
RIMONE_r1_Im052,3,r1,0,0.7620349178144946,1
RIMONE_r1_Im054,3,r1,0,0.7645335507823551,1
RIMONE_r1_Im055,3,r1,0,0.7785476583383908,1
RIMONE_r1_Im056,3,r1,0,0.7797931079563554,1
RIMONE_r1_Im057,3,r1,0,0.7619409624255123,1
RIMONE_r1_Im058,3,r1,0,0.7621916080769736,1
RIMONE_r1_Im059,3,r1,0,0.7618684468660125,1
RIMONE_r1_Im060,3,r1,0,0.7622797038491683,1
RIMONE_r1_Im061,3,r1,0,0.7619684411242283,1
RIMONE_r1_Im062,3,r1,0,0.7665303753607832,1
RIMONE_r1_Im063,3,r1,0,0.7625137119425162,1
RIMONE_r1_Im071,3,r1,0,0.7651692392861688,1
RIMONE_r1_Im072,3,r1,0,0.7618650366024043,1
RIMONE_r1_Im073,3,r1,0,0.7618615904877746,1
RIMONE_r1_Im080,3,r1,0,0.8008325908335864,1
RIMONE_r1_Im082,3,r1,0,0.7799824206710319,1
RIMONE_r1_Im086,3,r1,0,0.783043137963509,1
RIMONE_r1_Im087,3,r1,0,0.7897173725635286,1
RIMONE_r1_Im095,3,r1,0,0.7642297725503033,1
RIMONE_r1_Im107,3,r1,0,0.7725908733710544,1
RIMONE_r1_Im108,3,r1,0,0.7634064246234914,1
RIMONE_r1_Im115,3,r1,0,0.7896625018221861,1
RIMONE_r1_Im116,3,r1,0,0.7745294510111173,1
RIMONE_r1_Im119,3,r1,0,0.8149731547002876,1
RIMONE_r1_Im125,3,r1,0,0.7803325303269251,1
RIMONE_r1_Im127,3,r1,0,0.7645484581605222,1
RIMONE_r1_Im128,3,r1,0,0.7710011030962797,1
RIMONE_r1_Im129,3,r1,0,0.7800387464889407,1
RIMONE_r1_Im130,3,r1,0,0.7695739468236882,1
RIMONE_r1_Im131,3,r1,0,0.7984597677195332,1
RIMONE_r1_Im132,3,r1,0,0.7627896937350098,1
RIMONE_r1_Im133,3,r1,0,0.7635673467327155,1
RIMONE_r1_Im136,3,r1,0,0.7831568441387606,1
RIMONE_r1_Im137,3,r1,0,0.7948533054460027,1
RIMONE_r1_Im138,3,r1,0,0.8068041906269237,1
RIMONE_r1_Im142,3,r1,0,0.784086839127432,1
RIMONE_r1_Im143,3,r1,0,0.7816984752718135,1
RIMONE_r1_Im145,3,r1,0,0.8064688436381277,1
RIMONE_r1_Im146,3,r1,0,0.7893880842214305,1
RIMONE_r1_Im149,3,r1,0,0.7808042238030897,1
RIMONE_r1_Im150,3,r1,0,0.7953900126655731,1
RIMONE_r1_Im151,3,r1,0,0.7835877932362182,1
RIMONE_r1_Im152,3,r1,0,0.7967730381311324,1
RIMONE_r1_Im153,3,r1,0,0.7635086325515212,1
RIMONE_r1_Im154,3,r1,0,0.7887552182287525,1
RIMONE_r1_Im155,3,r1,0,0.7742850360579827,1
RIMONE_r1_Im156,3,r1,0,0.765230896815971,1
RIMONE_r1_Im159,3,r1,0,0.7706361677322165,1
RIMONE_r1_Im161,3,r1,0,0.7995557193787941,1
RIMONE_r1_Im162,3,r1,0,0.7963300026588244,1
RIMONE_r1_Im163,3,r1,0,0.7784779294513697,1
RIMONE_r1_Im164,3,r1,0,0.7930663067313527,1
RIMONE_r1_Im165,3,r1,0,0.7787771740149356,1
RIMONE_r1_Im166,3,r1,0,0.777280879239603,1
RIMONE_r1_Im168,3,r1,0,0.7812129911557375,1
RIMONE_r1_Im169,3,r1,0,0.7869964304627898,1
RIMONE_r2_Im001,3,r2,0,0.7618651802439196,1
RIMONE_r2_Im002,3,r2,0,0.7618819530338466,1
RIMONE_r2_Im003,3,r2,0,0.7618685411006597,1
RIMONE_r2_Im004,3,r2,0,0.7618432960447162,1
RIMONE_r2_Im005,3,r2,0,0.761851337034003,1
RIMONE_r2_Im006,3,r2,0,0.7618690898931659,1
RIMONE_r2_Im007,3,r2,0,0.761857956980476,1
RIMONE_r2_Im009,3,r2,0,0.7618695628453204,1
RIMONE_r2_Im010,3,r2,0,0.7618938546344758,1
RIMONE_r2_Im011,3,r2,0,0.7618694551759847,1
RIMONE_r2_Im012,3,r2,0,0.7618685263905927,1
RIMONE_r2_Im013,3,r2,0,0.7618702851677082,1
RIMONE_r2_Im014,3,r2,0,0.7618602691766612,1
RIMONE_r2_Im015,3,r2,0,0.7618902215109049,1
RIMONE_r2_Im016,3,r2,0,0.7619118811606763,1
RIMONE_r2_Im017,3,r2,0,0.7618630318766972,1
RIMONE_r2_Im018,3,r2,0,0.7618641047671959,1
RIMONE_r2_Im019,3,r2,0,0.7621441895234801,1
RIMONE_r2_Im020,3,r2,0,0.7622536022846421,1
RIMONE_r2_Im021,3,r2,0,0.7624018342513011,1
RIMONE_r2_Im022,3,r2,0,0.7632093503814928,1
RIMONE_r2_Im023,3,r2,0,0.7620229885160799,1
RIMONE_r2_Im024,3,r2,0,0.7618782662387954,1
RIMONE_r2_Im025,3,r2,0,0.7619298132612706,1
RIMONE_r2_Im026,3,r2,0,0.7619011513137554,1
RIMONE_r2_Im027,3,r2,0,0.7618629668377472,1
RIMONE_r2_Im028,3,r2,0,0.761949005224011,1
RIMONE_r2_Im029,3,r2,0,0.7625391157110978,1
RIMONE_r2_Im030,3,r2,0,0.7618112927377546,1
RIMONE_r2_Im031,3,r2,0,0.7618488636405207,1
RIMONE_r2_Im032,3,r2,0,0.7618896612144107,1
RIMONE_r2_Im033,3,r2,0,0.7619554557989247,1
RIMONE_r2_Im347,3,r2,1,0.7617995848466014,1
RIMONE_r2_Im348,3,r2,1,0.7624845209941203,1
RIMONE_r2_Im351,3,r2,1,0.7682161621260515,1
RIMONE_r2_Im352,3,r2,1,0.764144605941499,1
RIMONE_r2_Im354,3,r2,1,0.7652541844557272,1
RIMONE_r2_Im355,3,r2,1,0.7678981984952281,1
RIMONE_r2_Im356,3,r2,1,0.7622499683135854,1
RIMONE_r2_Im357,3,r2,1,0.761865737222761,1
RIMONE_r2_Im358,3,r2,1,0.7703067661412913,1
RIMONE_r2_Im362,3,r2,1,0.7639262917524512,1
RIMONE_r2_Im365,3,r2,1,0.7727937400933359,1
RIMONE_r2_Im366,3,r2,1,0.779183496403513,1
RIMONE_r2_Im369,3,r2,1,0.7620166729530176,1
RIMONE_r2_Im373,3,r2,1,0.7857786881551816,1
RIMONE_r2_Im376,3,r2,1,0.7618841230767802,1
RIMONE_r2_Im377,3,r2,1,0.7626687275909819,1
RIMONE_r2_Im383,3,r2,1,0.7620541100290831,1
RIMONE_r2_Im384,3,r2,1,0.7773752495248679,1
RIMONE_r2_Im385,3,r2,1,0.7766851926110686,1
RIMONE_r2_Im387,3,r2,1,0.8016452217121478,1
RIMONE_r2_Im388,3,r2,1,0.7841986540002599,1
RIMONE_r2_Im389,3,r2,1,0.7763723880418902,1
RIMONE_r2_Im390,3,r2,1,0.7728584106691893,1
RIMONE_r2_Im391,3,r2,1,0.7749645273024074,1
RIMONE_r2_Im392,3,r2,1,0.7657853801507397,1
RIMONE_r2_Im393,3,r2,1,0.7659103381870771,1
RIMONE_r2_Im398,3,r2,1,0.7631373726266004,1
RIMONE_r2_Im399,3,r2,1,0.7615476334276109,1
RIMONE_r2_Im400,3,r2,1,0.7742981454443882,1
RIMONE_r2_Im401,3,r2,1,0.7644243442371484,1
RIMONE_r2_Im402,3,r2,1,0.7753741282966429,1
RIMONE_r2_Im403,3,r2,1,0.7658057823927573,1
RIMONE_r2_Im404,3,r2,1,0.7752844486248485,1
RIMONE_r2_Im406,3,r2,1,0.7633233503363173,1
RIMONE_r2_Im407,3,r2,1,0.7618761562821544,1
RIMONE_r2_Im408,3,r2,1,0.7619918884826551,1
RIMONE_r2_Im414,3,r2,1,0.7776909745893966,1
RIMONE_r2_Im415,3,r2,1,0.762542276059057,1
RIMONE_r2_Im416,3,r2,1,0.7638112149366141,1
RIMONE_r2_Im418,3,r2,1,0.7727215235020939,1
RIMONE_r2_Im419,3,r2,1,0.7618687887440966,1
RIMONE_r2_Im420,3,r2,1,0.7623085008744,1
RIMONE_r2_Im421,3,r2,1,0.7618929911884597,1
RIMONE_r2_Im422,3,r2,1,0.7663110463913136,1
RIMONE_r2_Im424,3,r2,1,0.7629507007302382,1
RIMONE_r2_Im427,3,r2,1,0.7691573449643808,1
RIMONE_r2_Im428,3,r2,1,0.7731653524789859,1
RIMONE_r2_Im429,3,r2,1,0.7622214919645379,1
RIMONE_r2_Im432,3,r2,1,0.7629763830923558,1
RIMONE_r2_Im433,3,r2,1,0.761872179485322,1
RIMONE_r2_Im436,3,r2,1,0.7619516499550258,1
RIMONE_r2_Im439,3,r2,1,0.7679479962179282,1
RIMONE_r2_Im441,3,r2,1,0.772917297185379,1
RIMONE_r2_Im442,3,r2,1,0.7820829144909961,1
RIMONE_r2_Im443,3,r2,1,0.7815265657566125,1
RIMONE_r2_Im444,3,r2,1,0.7699558983469716,1
RIMONE_r2_Im445,3,r2,1,0.7634025810726662,1
RIMONE_r2_Im448,3,r2,1,0.766372840630578,1
RIMONE_r2_Im449,3,r2,1,0.7829753830916325,1
RIMONE_r2_Im450,3,r2,1,0.762321874346938,1
RIMONE_r2_Im451,3,r2,1,0.7773956398632911,1
RIMONE_r2_Im453,3,r2,1,0.7612589036990245,1
RIMONE_r2_Im454,3,r2,1,0.7731042619929862,1
RIMONE_r2_Im455,3,r2,1,0.7619641163532468,1
RIMONE_r3_G-1-L_left_half,3,r3,1,0.7706862830095286,1
RIMONE_r3_G-10-L_left_half,3,r3,1,0.7802307289633476,1
RIMONE_r3_G-11-R_left_half,3,r3,1,0.7755512094757269,1
RIMONE_r3_G-12-L_left_half,3,r3,1,0.7749244130359717,1
RIMONE_r3_G-13-R_left_half,3,r3,1,0.7821514924354369,1
RIMONE_r3_G-14-R_left_half,3,r3,1,0.8012006623465545,1
RIMONE_r3_G-15-L_left_half,3,r3,1,0.8375146445484143,1
RIMONE_r3_G-16-R_left_half,3,r3,1,0.7889737301096094,1
RIMONE_r3_G-17-L_left_half,3,r3,1,0.7717318948418831,1
RIMONE_r3_G-18-R_left_half,3,r3,1,0.7648537993459159,1
RIMONE_r3_G-2-R_left_half,3,r3,1,0.7804603665915378,1
RIMONE_r3_G-22-L_left_half,3,r3,1,0.7486623374757094,1
RIMONE_r3_G-23-R_left_half,3,r3,1,0.789530162279715,1
RIMONE_r3_G-25-L_left_half,3,r3,1,0.7915763060503637,1
RIMONE_r3_G-27-R_left_half,3,r3,1,0.7576505551214702,1
RIMONE_r3_G-29-R_left_half,3,r3,1,0.7844891624273551,1
RIMONE_r3_G-3-R_left_half,3,r3,1,0.8006788624893746,1
RIMONE_r3_G-30-L_left_half,3,r3,1,0.8075416669294474,1
RIMONE_r3_G-31-R_left_half,3,r3,1,0.7767055034541616,1
RIMONE_r3_G-32-L_left_half,3,r3,1,0.7931810737484395,1
RIMONE_r3_G-33-R_left_half,3,r3,1,0.7664318846843469,1
RIMONE_r3_G-34-L_left_half,3,r3,1,0.740156012727985,1
RIMONE_r3_G-35-R_left_half,3,r3,1,0.7633906613661903,1
RIMONE_r3_G-37-R_left_half,3,r3,1,0.7780784796274371,1
RIMONE_r3_G-38-L_left_half,3,r3,1,0.7832430269804971,1
RIMONE_r3_G-39-L_left_half,3,r3,1,0.7839968033114905,1
RIMONE_r3_G-6-L_left_half,3,r3,1,0.8417160784181297,1
RIMONE_r3_G-8-R_left_half,3,r3,1,0.7618725237583818,1
RIMONE_r3_G-9-R_left_half,3,r3,1,0.7971722920997734,1
RIMONE_r3_S-1-L_left_half,3,r3,1,0.7623196343541244,1
RIMONE_r3_S-10-R_left_half,3,r3,1,0.8017626004910352,1
RIMONE_r3_S-11-L_left_half,3,r3,1,0.7659796433045604,1
RIMONE_r3_S-12-L_left_half,3,r3,1,0.7986618929311536,1
RIMONE_r3_S-13-R_left_half,3,r3,1,0.8067761682484501,1
RIMONE_r3_S-14-R_left_half,3,r3,1,0.772155947573775,1
RIMONE_r3_S-18-L_left_half,3,r3,1,0.7661923905202226,1
RIMONE_r3_S-19-R_left_half,3,r3,1,0.7806321323871489,1
RIMONE_r3_S-2-L_left_half,3,r3,1,0.7649369931718486,1
RIMONE_r3_S-20-L_left_half,3,r3,1,0.7765485997440831,1
RIMONE_r3_S-21-R_left_half,3,r3,1,0.7957740451444995,1
RIMONE_r3_S-25-L_left_half,3,r3,1,0.7989294933201038,1
RIMONE_r3_S-26-R_left_half,3,r3,1,0.8029923473045917,1
RIMONE_r3_S-28-R_left_half,3,r3,1,0.7934324008985276,1
RIMONE_r3_S-29-R_left_half,3,r3,1,0.7786527856271801,1
RIMONE_r3_S-30-L_left_half,3,r3,1,0.7628473546926425,1
RIMONE_r3_S-31-L_left_half,3,r3,1,0.7623419977667351,1
RIMONE_r3_S-32-L_left_half,3,r3,1,0.7623845423319753,1
RIMONE_r3_S-33-R_left_half,3,r3,1,0.7683594990742418,1
RIMONE_r3_S-35-R_left_half,3,r3,1,0.7808215389437818,1
RIMONE_r3_S-4-L_left_half,3,r3,1,0.7602264170771225,1
RIMONE_r3_S-6-R_left_half,3,r3,1,0.7790864213086558,1
RIMONE_r3_S-9-L_left_half,3,r3,1,0.8042785391731542,1
RIMONE_r2_Im034,3,r2,0,0.7625489590436296,1
RIMONE_r2_Im036,3,r2,0,0.7636191398319652,1
RIMONE_r2_Im038,3,r2,0,0.761976918871058,1
RIMONE_r2_Im040,3,r2,0,0.7688991040291131,1
RIMONE_r2_Im042,3,r2,0,0.7721620304386261,1
RIMONE_r2_Im044,3,r2,0,0.7618743165778115,1
RIMONE_r2_Im046,3,r2,0,0.7618732518529495,1
RIMONE_r2_Im048,3,r2,0,0.7797592581382797,1
RIMONE_r2_Im050,3,r2,0,0.7638283301331166,1
RIMONE_r2_Im052,3,r2,0,0.7640322807369246,1
RIMONE_r2_Im054,3,r2,0,0.7672159394188358,1
RIMONE_r2_Im056,3,r2,0,0.76650382347267,1
RIMONE_r2_Im058,3,r2,0,0.7645047795131117,1
RIMONE_r2_Im060,3,r2,0,0.7624076382518274,1
RIMONE_r2_Im062,3,r2,0,0.7679577356280143,1
RIMONE_r2_Im064,3,r2,0,0.7624951252153547,1
RIMONE_r2_Im066,3,r2,0,0.7693225667828061,1
RIMONE_r2_Im068,3,r2,0,0.7664980890781056,1
RIMONE_r2_Im070,3,r2,0,0.7635116878642235,1
RIMONE_r2_Im072,3,r2,0,0.7646316819222506,1
RIMONE_r2_Im074,3,r2,0,0.7619937303450441,1
RIMONE_r2_Im076,3,r2,0,0.7637594577572059,1
RIMONE_r2_Im078,3,r2,0,0.7639993392137091,1
RIMONE_r2_Im080,3,r2,0,0.764390344990732,1
RIMONE_r2_Im082,3,r2,0,0.7738564016008362,1
RIMONE_r2_Im084,3,r2,0,0.7868179271846424,1
RIMONE_r2_Im086,3,r2,0,0.762340539362563,1
RIMONE_r2_Im088,3,r2,0,0.7650968096725775,1
RIMONE_r2_Im090,3,r2,0,0.7640131206072037,1
RIMONE_r2_Im092,3,r2,0,0.7638319047178721,1
RIMONE_r2_Im094,3,r2,0,0.7727755750013033,1
RIMONE_r2_Im096,3,r2,0,0.7620641656234983,1
RIMONE_r2_Im098,3,r2,0,0.7636974898919476,1
RIMONE_r2_Im100,3,r2,0,0.7662174185916153,1
RIMONE_r2_Im102,3,r2,0,0.7619795687794001,1
RIMONE_r2_Im104,3,r2,0,0.7631363207313018,1
RIMONE_r2_Im106,3,r2,0,0.7671905954800831,1
RIMONE_r2_Im108,3,r2,0,0.7633581782709123,1
RIMONE_r2_Im110,3,r2,0,0.7637909798231136,1
RIMONE_r2_Im112,3,r2,0,0.7615076617463992,1
RIMONE_r2_Im114,3,r2,0,0.7653129458867053,1
RIMONE_r2_Im116,3,r2,0,0.7618702496372973,1
RIMONE_r2_Im118,3,r2,0,0.7628043498768015,1
RIMONE_r2_Im120,3,r2,0,0.7619005151478391,1
RIMONE_r2_Im122,3,r2,0,0.7619876582467774,1
RIMONE_r2_Im124,3,r2,0,0.764492305749067,1
RIMONE_r2_Im126,3,r2,0,0.7697323679790442,1
RIMONE_r2_Im128,3,r2,0,0.7633031572530087,1
RIMONE_r2_Im130,3,r2,0,0.7620313707320864,1
RIMONE_r2_Im132,3,r2,0,0.7618735745146562,1
RIMONE_r2_Im134,3,r2,0,0.770978012140894,1
RIMONE_r2_Im136,3,r2,0,0.7621028254958443,1
RIMONE_r2_Im138,3,r2,0,0.7693133453909325,1
RIMONE_r2_Im140,3,r2,0,0.7630342155674589,1
RIMONE_r2_Im142,3,r2,0,0.7627992986156673,1
RIMONE_r2_Im144,3,r2,0,0.7624097443463366,1
RIMONE_r2_Im146,3,r2,0,0.7619270660787749,1
RIMONE_r2_Im148,3,r2,0,0.7621083886969137,1
RIMONE_r2_Im150,3,r2,0,0.7642572297888449,1
RIMONE_r2_Im152,3,r2,0,0.7626256620720269,1
RIMONE_r2_Im154,3,r2,0,0.7632705037526915,1
RIMONE_r2_Im156,3,r2,0,0.7627005276028954,1
RIMONE_r2_Im158,3,r2,0,0.7620398854118428,1
RIMONE_r2_Im160,3,r2,0,0.7619453030791009,1
RIMONE_r2_Im162,3,r2,0,0.7735205554024427,1
RIMONE_r2_Im164,3,r2,0,0.7860230614992084,1
RIMONE_r2_Im166,3,r2,0,0.7637728943029941,1
RIMONE_r2_Im168,3,r2,0,0.7615765569068653,1
RIMONE_r2_Im170,3,r2,0,0.7651564363481751,1
RIMONE_r2_Im172,3,r2,0,0.7623718550198393,1
RIMONE_r2_Im174,3,r2,0,0.7684455343926221,1
RIMONE_r2_Im176,3,r2,0,0.7713262502867473,1
RIMONE_r2_Im178,3,r2,0,0.7634217959233315,1
RIMONE_r2_Im180,3,r2,0,0.7676944058089954,1
RIMONE_r2_Im182,3,r2,0,0.7621110683457681,1
RIMONE_r2_Im184,3,r2,0,0.762653633327181,1
RIMONE_r2_Im186,3,r2,0,0.7635120144883828,1
RIMONE_r2_Im188,3,r2,0,0.7805744160660832,1
RIMONE_r2_Im190,3,r2,0,0.7625089711895159,1
RIMONE_r2_Im192,3,r2,0,0.7624519114705145,1
RIMONE_r2_Im194,3,r2,0,0.7670762722879423,1
RIMONE_r2_Im196,3,r2,0,0.7624362092808398,1
RIMONE_r2_Im198,3,r2,0,0.7625573774072437,1
RIMONE_r2_Im200,3,r2,0,0.7679516610110839,1
RIMONE_r2_Im202,3,r2,0,0.7722746342923809,1
RIMONE_r2_Im206,3,r2,0,0.7650147813731987,1
RIMONE_r2_Im208,3,r2,0,0.764062581269979,1
RIMONE_r2_Im210,3,r2,0,0.7634812646448427,1
RIMONE_r2_Im212,3,r2,0,0.7619261786457037,1
RIMONE_r2_Im214,3,r2,0,0.7659107472538342,1
RIMONE_r2_Im216,3,r2,0,0.7620450658232386,1
RIMONE_r2_Im218,3,r2,0,0.7628452288524038,1
RIMONE_r2_Im220,3,r2,0,0.77411832635774,1
RIMONE_r2_Im222,3,r2,0,0.7637098704776557,1
RIMONE_r2_Im224,3,r2,0,0.7618912435546459,1
RIMONE_r2_Im226,3,r2,0,0.7683560116658872,1
RIMONE_r2_Im228,3,r2,0,0.7886165937063649,1
RIMONE_r2_Im230,3,r2,0,0.7572351565280591,1
RIMONE_r2_Im232,3,r2,0,0.7739871377308569,1
RIMONE_r2_Im234,3,r2,0,0.7664833933593532,1
RIMONE_r2_Im236,3,r2,0,0.7618679405880865,1
RIMONE_r2_Im238,3,r2,0,0.7650162418519657,1
RIMONE_r2_Im240,3,r2,0,0.7655230379878968,1
RIMONE_r2_Im242,3,r2,0,0.7631590239446363,1
RIMONE_r2_Im244,3,r2,0,0.7620381515156002,1
RIMONE_r2_Im246,3,r2,0,0.7672775589930472,1
RIMONE_r2_Im248,3,r2,0,0.7648478189377965,1
RIMONE_r2_Im250,3,r2,0,0.7674483717444317,1
RIMONE_r2_Im252,3,r2,0,0.7644175975249835,1
RIMONE_r2_Im254,3,r2,0,0.7620328301747883,1
RIMONE_r3_N-1-L_left_half,3,r3,0,0.8181014804551711,1
RIMONE_r3_N-10-R_left_half,3,r3,0,0.7862967513006602,1
RIMONE_r3_N-11-L_left_half,3,r3,0,0.7886271934939876,1
RIMONE_r3_N-12-R_left_half,3,r3,0,0.7916831746967037,1
RIMONE_r3_N-13-L_left_half,3,r3,0,0.777321925617429,1
RIMONE_r3_N-14-R_left_half,3,r3,0,0.7621332237017044,1
RIMONE_r3_N-16-R_left_half,3,r3,0,0.7627986892105083,1
RIMONE_r3_N-17-L_left_half,3,r3,0,0.7907352950915951,1
RIMONE_r3_N-18-R_left_half,3,r3,0,0.7661746062070998,1
RIMONE_r3_N-2-R_left_half,3,r3,0,0.8029253382306534,1
RIMONE_r3_N-20-R_left_half,3,r3,0,0.7619106248019627,1
RIMONE_r3_N-21-L_left_half,3,r3,0,0.7638054338120889,1
RIMONE_r3_N-22-R_left_half,3,r3,0,0.7680558291438495,1
RIMONE_r3_N-23-L_left_half,3,r3,0,0.7758640079060796,1
RIMONE_r3_N-24-R_left_half,3,r3,0,0.7842685641047245,1
RIMONE_r3_N-25-L_left_half,3,r3,0,0.7666334571980404,1
RIMONE_r3_N-26-R_left_half,3,r3,0,0.763225873409839,1
RIMONE_r3_N-27-L_left_half,3,r3,0,0.7629574214583258,1
RIMONE_r3_N-28-R_left_half,3,r3,0,0.7634933040931914,1
RIMONE_r3_N-29-L_left_half,3,r3,0,0.7760216391209992,1
RIMONE_r3_N-3-L_left_half,3,r3,0,0.763818842271256,1
RIMONE_r3_N-30-R_left_half,3,r3,0,0.7754060809015038,1
RIMONE_r3_N-31-L_left_half,3,r3,0,0.7640597154259138,1
RIMONE_r3_N-32-R_left_half,3,r3,0,0.7670942412434035,1
RIMONE_r3_N-33-L_left_half,3,r3,0,0.7767700837333791,1
RIMONE_r3_N-34-R_left_half,3,r3,0,0.7798336165410821,1
RIMONE_r3_N-35-L_left_half,3,r3,0,0.7837934019023364,1
RIMONE_r3_N-36-R_left_half,3,r3,0,0.7735316633219397,1
RIMONE_r3_N-37-L_left_half,3,r3,0,0.7661390821300758,1
RIMONE_r3_N-38-R_left_half,3,r3,0,0.7677715793287726,1
RIMONE_r3_N-39-L_left_half,3,r3,0,0.7814464149179594,1
RIMONE_r3_N-4-R_left_half,3,r3,0,0.7634223601299571,1
RIMONE_r3_N-40-R_left_half,3,r3,0,0.7790988323834287,1
RIMONE_r3_N-41-L_left_half,3,r3,0,0.7748258815148102,1
RIMONE_r3_N-42-R_left_half,3,r3,0,0.7741438354949097,1
RIMONE_r3_N-43-L_left_half,3,r3,0,0.7816141789726877,1
RIMONE_r3_N-44-R_left_half,3,r3,0,0.7774892866327279,1
RIMONE_r3_N-46-R_left_half,3,r3,0,0.7845501662580373,1
RIMONE_r3_N-47-L_left_half,3,r3,0,0.7765929384265156,1
RIMONE_r3_N-48-R_left_half,3,r3,0,0.7862508879116905,1
RIMONE_r3_N-49-L_left_half,3,r3,0,0.7659161129167119,1
RIMONE_r3_N-5-L_left_half,3,r3,0,0.7622449275363726,1
RIMONE_r3_N-50-R_left_half,3,r3,0,0.7685956009305355,1
RIMONE_r3_N-51-L_left_half,3,r3,0,0.7800578343979373,1
RIMONE_r3_N-52-R_left_half,3,r3,0,0.7931400674336815,1
RIMONE_r3_N-53-L_left_half,3,r3,0,0.7941318669774836,1
RIMONE_r3_N-54-R_left_half,3,r3,0,0.7859811834049184,1
RIMONE_r3_N-55-L_left_half,3,r3,0,0.7827917117946666,1
RIMONE_r3_N-56-R_left_half,3,r3,0,0.7959302727118281,1
RIMONE_r3_N-58-R_left_half,3,r3,0,0.7698108816953674,1
RIMONE_r3_N-59-L_left_half,3,r3,0,0.7631109633475238,1
RIMONE_r3_N-6-R_left_half,3,r3,0,0.7733513207415513,1
RIMONE_r3_N-61-L_left_half,3,r3,0,0.7832974787072017,1
RIMONE_r3_N-62-R_left_half,3,r3,0,0.7762478726140358,1
RIMONE_r3_N-63-L_left_half,3,r3,0,0.7727819162193257,1
RIMONE_r3_N-64-R_left_half,3,r3,0,0.7623913641590943,1
RIMONE_r3_N-65-L_left_half,3,r3,0,0.7878823462193311,1
RIMONE_r3_N-66-R_left_half,3,r3,0,0.753775653991423,1
RIMONE_r3_N-67-L_left_half,3,r3,0,0.7797411308542891,1
RIMONE_r3_N-68-R_left_half,3,r3,0,0.7805681561804813,1
RIMONE_r3_N-69-L_left_half,3,r3,0,0.7899460241790941,1
RIMONE_r3_N-7-L_left_half,3,r3,0,0.7739628885567542,1
RIMONE_r3_N-70-R_left_half,3,r3,0,0.7620545917329573,1
RIMONE_r3_N-71-L_left_half,3,r3,0,0.7852847901337796,1
RIMONE_r3_N-72-R_left_half,3,r3,0,0.762879421550499,1
RIMONE_r3_N-73-R_left_half,3,r3,0,0.7641335267681466,1
RIMONE_r3_N-74-L_left_half,3,r3,0,0.7646845364994634,1
RIMONE_r3_N-75-R_left_half,3,r3,0,0.7674264386760693,1
RIMONE_r3_N-76-R_left_half,3,r3,0,0.7677387975849855,1
RIMONE_r3_N-78-R_left_half,3,r3,0,0.7623979534624203,1
RIMONE_r3_N-79-L_left_half,3,r3,0,0.7708755049848628,1
RIMONE_r3_N-8-L_left_half,3,r3,0,0.7653655861588017,1
RIMONE_r3_N-80-R_left_half,3,r3,0,0.7518602959465307,1
RIMONE_r3_N-81-L_left_half,3,r3,0,0.8003780276824123,1
RIMONE_r3_N-82-R_left_half,3,r3,0,0.8147628878250852,1
RIMONE_r3_N-83-L_left_half,3,r3,0,0.7596411599517386,1
RIMONE_r3_N-84-R_left_half,3,r3,0,0.7985308384501045,1
RIMONE_r3_N-85-L_left_half,3,r3,0,0.7688054767979574,1
RIMONE_r3_N-86-R_left_half,3,r3,0,0.7677422478857892,1
RIMONE_r3_N-87-L_left_half,3,r3,0,0.7668588444895901,1
RIMONE_r3_N-88-R_left_half,3,r3,0,0.7633532356191068,1
RIMONE_r3_N-9-L_left_half,3,r3,0,0.7690451494846795,1
RIMONE_r3_N-90-R_left_half,3,r3,0,0.766928188802062,1
RIMONE_r3_N-91-L_left_half,3,r3,0,0.7780325585368757,1
RIMONE_r3_N-92-R_left_half,3,r3,0,0.7694109025681208,1
RIMONE_r1_Im069,4,r1,1,0.7091323942914775,1
RIMONE_r1_Im103,4,r1,1,0.7183447151422514,1
RIMONE_r1_Im113,4,r1,1,0.7097350564265994,1
RIMONE_r1_Im117,4,r1,1,0.7121543979375258,1
RIMONE_r1_Im118,4,r1,1,0.7115057203810261,1
RIMONE_r1_Im120,4,r1,1,0.7098169964648993,1
RIMONE_r1_Im121,4,r1,1,0.709141836224949,1
RIMONE_r1_Im122,4,r1,1,0.7104440850902215,1
RIMONE_r1_Im135,4,r1,1,0.7095631810571683,1
RIMONE_r1_Im144,4,r1,1,0.7091897631119648,1
RIMONE_r1_Im158,4,r1,1,0.7110009423903575,1
RIMONE_r1_Im167,4,r1,1,0.7201340278590797,1
RIMONE_r2_Im257,4,r2,1,0.7091284216296444,1
RIMONE_r2_Im258,4,r2,1,0.7091294358304627,1
RIMONE_r2_Im260,4,r2,1,0.7091285680799436,1
RIMONE_r2_Im263,4,r2,1,0.7093567159830989,1
RIMONE_r2_Im264,4,r2,1,0.7096209592227003,1
RIMONE_r2_Im266,4,r2,1,0.7091309050785223,1
RIMONE_r2_Im267,4,r2,1,0.7091274810097797,1
RIMONE_r2_Im268,4,r2,1,0.7091274810097797,1
RIMONE_r2_Im269,4,r2,1,0.7091282901154161,1
RIMONE_r2_Im270,4,r2,1,0.709133376360836,1
RIMONE_r2_Im273,4,r2,1,0.7091324149617378,1
RIMONE_r2_Im275,4,r2,1,0.7091538483903511,1
RIMONE_r2_Im277,4,r2,1,0.709136433350055,1
RIMONE_r2_Im281,4,r2,1,0.7092688252044365,1
RIMONE_r2_Im287,4,r2,1,0.7091286215538448,1
RIMONE_r2_Im288,4,r2,1,0.7091313039885587,1
RIMONE_r2_Im289,4,r2,1,0.7091350115198433,1
RIMONE_r2_Im290,4,r2,1,0.7091293735538285,1
RIMONE_r2_Im291,4,r2,1,0.7091370265784883,1
RIMONE_r2_Im292,4,r2,1,0.7092895521446064,1
RIMONE_r2_Im293,4,r2,1,0.709127507664942,1
RIMONE_r2_Im294,4,r2,1,0.7091256686998347,1
RIMONE_r2_Im301,4,r2,1,0.7091630314798547,1
RIMONE_r2_Im302,4,r2,1,0.7091604585516993,1
RIMONE_r2_Im303,4,r2,1,0.7091284583972822,1
RIMONE_r2_Im305,4,r2,1,0.7091308762191623,1
RIMONE_r2_Im314,4,r2,1,0.709128346781637,1
RIMONE_r2_Im315,4,r2,1,0.7091437499125606,1
RIMONE_r2_Im317,4,r2,1,0.7091658359994133,1
RIMONE_r2_Im318,4,r2,1,0.7091275674504323,1
RIMONE_r2_Im319,4,r2,1,0.7091286814091403,1
RIMONE_r2_Im320,4,r2,1,0.7091279767225818,1
RIMONE_r2_Im321,4,r2,1,0.709127540480517,1
RIMONE_r2_Im324,4,r2,1,0.7091327342172381,1
RIMONE_r2_Im329,4,r2,1,0.7092499587653694,1
RIMONE_r2_Im330,4,r2,1,0.7092336418891733,1
RIMONE_r2_Im331,4,r2,1,0.7091323744874483,1
RIMONE_r2_Im332,4,r2,1,0.7091323380647706,1
RIMONE_r2_Im333,4,r2,1,0.7091602067932181,1
RIMONE_r2_Im334,4,r2,1,0.7091662805116147,1
RIMONE_r2_Im338,4,r2,1,0.709128390584785,1
RIMONE_r2_Im339,4,r2,1,0.709173135786376,1
RIMONE_r2_Im343,4,r2,1,0.7091275677948577,1
RIMONE_r2_Im344,4,r2,1,0.7091276235941313,1
RIMONE_r1_Im001,4,r1,0,0.7091307800497357,1
RIMONE_r1_Im003,4,r1,0,0.709148780338451,1
RIMONE_r1_Im004,4,r1,0,0.7091998665857024,1
RIMONE_r1_Im006,4,r1,0,0.7091960905563741,1
RIMONE_r1_Im008,4,r1,0,0.7091463308030558,1
RIMONE_r1_Im011,4,r1,0,0.7091300735527878,1
RIMONE_r1_Im012,4,r1,0,0.7093461868353096,1
RIMONE_r1_Im014,4,r1,0,0.7091698024431562,1
RIMONE_r1_Im015,4,r1,0,0.7096082581787996,1
RIMONE_r1_Im019,4,r1,0,0.7091288761793305,1
RIMONE_r1_Im020,4,r1,0,0.7091313744026718,1
RIMONE_r1_Im022,4,r1,0,0.7091270743318484,1
RIMONE_r1_Im023,4,r1,0,0.7091271998592295,1
RIMONE_r1_Im024,4,r1,0,0.709151962267213,1
RIMONE_r1_Im025,4,r1,0,0.7091306316900636,1
RIMONE_r1_Im026,4,r1,0,0.709128991964373,1
RIMONE_r1_Im027,4,r1,0,0.7091285631473224,1
RIMONE_r1_Im028,4,r1,0,0.7094864099308708,1
RIMONE_r1_Im029,4,r1,0,0.7093714052291338,1
RIMONE_r1_Im031,4,r1,0,0.7091506276134604,1
RIMONE_r1_Im032,4,r1,0,0.7091274134921828,1
RIMONE_r1_Im033,4,r1,0,0.7091273928986368,1
RIMONE_r1_Im036,4,r1,0,0.7093221893593468,1
RIMONE_r1_Im037,4,r1,0,0.7092889429474615,1
RIMONE_r1_Im040,4,r1,0,0.7091401309740312,1
RIMONE_r1_Im041,4,r1,0,0.7091788216542639,1
RIMONE_r1_Im042,4,r1,0,0.7091331506866415,1
RIMONE_r1_Im046,4,r1,0,0.7091334810026997,1
RIMONE_r1_Im047,4,r1,0,0.7091268985148697,1
RIMONE_r1_Im050,4,r1,0,0.7096614705177636,1
RIMONE_r1_Im052,4,r1,0,0.7091334219870643,1
RIMONE_r1_Im054,4,r1,0,0.7092992573344913,1
RIMONE_r1_Im055,4,r1,0,0.7099166309122851,1
RIMONE_r1_Im056,4,r1,0,0.7100219418647932,1
RIMONE_r1_Im057,4,r1,0,0.7091257870591802,1
RIMONE_r1_Im058,4,r1,0,0.7091220211525221,1
RIMONE_r1_Im059,4,r1,0,0.7091283869052958,1
RIMONE_r1_Im060,4,r1,0,0.7091300343187584,1
RIMONE_r1_Im061,4,r1,0,0.7091306216271235,1
RIMONE_r1_Im062,4,r1,0,0.7092404917035696,1
RIMONE_r1_Im063,4,r1,0,0.7091262445102363,1
RIMONE_r1_Im071,4,r1,0,0.7091747626020947,1
RIMONE_r1_Im072,4,r1,0,0.7091226009550808,1
RIMONE_r1_Im073,4,r1,0,0.7091266273057614,1
RIMONE_r1_Im080,4,r1,0,0.7184552418107684,1
RIMONE_r1_Im082,4,r1,0,0.7100989241730106,1
RIMONE_r1_Im086,4,r1,0,0.7105222454638672,1
RIMONE_r1_Im087,4,r1,0,0.7110114530261077,1
RIMONE_r1_Im095,4,r1,0,0.7091179280384171,1
RIMONE_r1_Im107,4,r1,0,0.7096024036074444,1
RIMONE_r1_Im108,4,r1,0,0.7091276998853939,1
RIMONE_r1_Im115,4,r1,0,0.7116815665313465,1
RIMONE_r1_Im116,4,r1,0,0.7096928328698198,1
RIMONE_r1_Im119,4,r1,0,0.7171139986066878,1
RIMONE_r1_Im125,4,r1,0,0.7102333871221321,1
RIMONE_r1_Im127,4,r1,0,0.7091558617868358,1
RIMONE_r1_Im128,4,r1,0,0.7090532909119713,1
RIMONE_r1_Im129,4,r1,0,0.7102369084669827,1
RIMONE_r1_Im130,4,r1,0,0.7094589952129705,1
RIMONE_r1_Im131,4,r1,0,0.7116995752664742,1
RIMONE_r1_Im132,4,r1,0,0.7091255912004358,1
RIMONE_r1_Im133,4,r1,0,0.7091380932885591,1
RIMONE_r1_Im136,4,r1,0,0.7105576894296141,1
RIMONE_r1_Im137,4,r1,0,0.7118103932471894,1
RIMONE_r1_Im138,4,r1,0,0.713254490767908,1
RIMONE_r1_Im142,4,r1,0,0.7107337785315798,1
RIMONE_r1_Im143,4,r1,0,0.7105544955222819,1
RIMONE_r1_Im145,4,r1,0,0.7134657536671729,1
RIMONE_r1_Im146,4,r1,0,0.7108590248679099,1
RIMONE_r1_Im149,4,r1,0,0.7100961949860392,1
RIMONE_r1_Im150,4,r1,0,0.7142622453178935,1
RIMONE_r1_Im151,4,r1,0,0.7106720191077593,1
RIMONE_r1_Im152,4,r1,0,0.7125401646265965,1
RIMONE_r1_Im153,4,r1,0,0.7091047474044856,1
RIMONE_r1_Im154,4,r1,0,0.7118222386954733,1
RIMONE_r1_Im155,4,r1,0,0.7096661471077335,1
RIMONE_r1_Im156,4,r1,0,0.7091754923721801,1
RIMONE_r1_Im159,4,r1,0,0.7091768273227065,1
RIMONE_r1_Im161,4,r1,0,0.7126786896379164,1
RIMONE_r1_Im162,4,r1,0,0.7122695306176768,1
RIMONE_r1_Im163,4,r1,0,0.7097357801417314,1
RIMONE_r1_Im164,4,r1,0,0.7123570308489868,1
RIMONE_r1_Im165,4,r1,0,0.7099051760576516,1
RIMONE_r1_Im166,4,r1,0,0.7097723577354261,1
RIMONE_r1_Im168,4,r1,0,0.7100878232070432,1
RIMONE_r1_Im169,4,r1,0,0.710114304455367,1
RIMONE_r2_Im001,4,r2,0,0.7091280391608699,1
RIMONE_r2_Im002,4,r2,0,0.709127909710555,1
RIMONE_r2_Im003,4,r2,0,0.7091281199464072,1
RIMONE_r2_Im004,4,r2,0,0.7091285042506118,1
RIMONE_r2_Im005,4,r2,0,0.7091291139965951,1
RIMONE_r2_Im006,4,r2,0,0.7091275428758315,1
RIMONE_r2_Im007,4,r2,0,0.7091279148297164,1
RIMONE_r2_Im009,4,r2,0,0.7091275798594219,1
RIMONE_r2_Im010,4,r2,0,0.7091319144840871,1
RIMONE_r2_Im011,4,r2,0,0.7091275981334468,1
RIMONE_r2_Im012,4,r2,0,0.7091275275504783,1
RIMONE_r2_Im013,4,r2,0,0.7091275566645987,1
RIMONE_r2_Im014,4,r2,0,0.709127978146482,1
RIMONE_r2_Im015,4,r2,0,0.7091279103271446,1
RIMONE_r2_Im016,4,r2,0,0.7091277950176276,1
RIMONE_r2_Im017,4,r2,0,0.7091276632250949,1
RIMONE_r2_Im018,4,r2,0,0.7091278638883787,1
RIMONE_r2_Im019,4,r2,0,0.7091409715560505,1
RIMONE_r2_Im020,4,r2,0,0.7091303802397733,1
RIMONE_r2_Im021,4,r2,0,0.7091444488122093,1
RIMONE_r2_Im022,4,r2,0,0.7091734660914798,1
RIMONE_r2_Im023,4,r2,0,0.7091348235072407,1
RIMONE_r2_Im024,4,r2,0,0.7091285906138318,1
RIMONE_r2_Im025,4,r2,0,0.7091278411571056,1
RIMONE_r2_Im026,4,r2,0,0.7091276955726856,1
RIMONE_r2_Im027,4,r2,0,0.7091279916321337,1
RIMONE_r2_Im028,4,r2,0,0.7091270950157867,1
RIMONE_r2_Im029,4,r2,0,0.7091458719611655,1
RIMONE_r2_Im030,4,r2,0,0.7091292098779591,1
RIMONE_r2_Im031,4,r2,0,0.709130746867755,1
RIMONE_r2_Im032,4,r2,0,0.7091284343563313,1
RIMONE_r2_Im033,4,r2,0,0.7091350955559464,1
RIMONE_r2_Im347,4,r2,1,0.7091261720611121,1
RIMONE_r2_Im348,4,r2,1,0.7091739227698869,1
RIMONE_r2_Im351,4,r2,1,0.709502895259681,1
RIMONE_r2_Im352,4,r2,1,0.7092647004767648,1
RIMONE_r2_Im354,4,r2,1,0.7092476318121125,1
RIMONE_r2_Im355,4,r2,1,0.7093211948451903,1
RIMONE_r2_Im356,4,r2,1,0.7091463504372543,1
RIMONE_r2_Im357,4,r2,1,0.7091302799289652,1
RIMONE_r2_Im358,4,r2,1,0.7095598163307871,1
RIMONE_r2_Im362,4,r2,1,0.7091854444356795,1
RIMONE_r2_Im365,4,r2,1,0.7096632129078102,1
RIMONE_r2_Im366,4,r2,1,0.7103154636050255,1
RIMONE_r2_Im369,4,r2,1,0.7091322402416348,1
RIMONE_r2_Im373,4,r2,1,0.710662274297137,1
RIMONE_r2_Im376,4,r2,1,0.7091273747972997,1
RIMONE_r2_Im377,4,r2,1,0.7091831612232088,1
RIMONE_r2_Im383,4,r2,1,0.7091286981752427,1
RIMONE_r2_Im384,4,r2,1,0.7100445375814217,1
RIMONE_r2_Im385,4,r2,1,0.7100272584406505,1
RIMONE_r2_Im387,4,r2,1,0.7124914983714374,1
RIMONE_r2_Im388,4,r2,1,0.7105808936502361,1
RIMONE_r2_Im389,4,r2,1,0.7100511167427164,1
RIMONE_r2_Im390,4,r2,1,0.7096635064059638,1
RIMONE_r2_Im391,4,r2,1,0.7098176821805158,1
RIMONE_r2_Im392,4,r2,1,0.7094187928587226,1
RIMONE_r2_Im393,4,r2,1,0.7092075849250491,1
RIMONE_r2_Im398,4,r2,1,0.7092349440637588,1
RIMONE_r2_Im399,4,r2,1,0.7091438245399649,1
RIMONE_r2_Im400,4,r2,1,0.7098166446441815,1
RIMONE_r2_Im401,4,r2,1,0.7092257392888204,1
RIMONE_r2_Im402,4,r2,1,0.710357767168062,1
RIMONE_r2_Im403,4,r2,1,0.7092675234420833,1
RIMONE_r2_Im404,4,r2,1,0.7098195764373234,1
RIMONE_r2_Im406,4,r2,1,0.7091592931686543,1
RIMONE_r2_Im407,4,r2,1,0.7091464517485321,1
RIMONE_r2_Im408,4,r2,1,0.7091311082874286,1
RIMONE_r2_Im414,4,r2,1,0.7100025018598403,1
RIMONE_r2_Im415,4,r2,1,0.7091429914930005,1
RIMONE_r2_Im416,4,r2,1,0.7091831941480236,1
RIMONE_r2_Im418,4,r2,1,0.7095315171453092,1
RIMONE_r2_Im419,4,r2,1,0.7091274090052497,1
RIMONE_r2_Im420,4,r2,1,0.7091355851237934,1
RIMONE_r2_Im421,4,r2,1,0.709127338248829,1
RIMONE_r2_Im422,4,r2,1,0.7094463936264701,1
RIMONE_r2_Im424,4,r2,1,0.7091575825700934,1
RIMONE_r2_Im427,4,r2,1,0.7095612071430523,1
RIMONE_r2_Im428,4,r2,1,0.7095832212276684,1
RIMONE_r2_Im429,4,r2,1,0.7091402079319213,1
RIMONE_r2_Im432,4,r2,1,0.7092033589753686,1
RIMONE_r2_Im433,4,r2,1,0.7091275062731591,1
RIMONE_r2_Im436,4,r2,1,0.7091349260587586,1
RIMONE_r2_Im439,4,r2,1,0.7093970946628437,1
RIMONE_r2_Im441,4,r2,1,0.7096274228410232,1
RIMONE_r2_Im442,4,r2,1,0.7102977959677995,1
RIMONE_r2_Im443,4,r2,1,0.7102617238806014,1
RIMONE_r2_Im444,4,r2,1,0.7095548844742648,1
RIMONE_r2_Im445,4,r2,1,0.7091807448315317,1
RIMONE_r2_Im448,4,r2,1,0.7093685482961021,1
RIMONE_r2_Im449,4,r2,1,0.7103893275522967,1
RIMONE_r2_Im450,4,r2,1,0.7091833744242182,1
RIMONE_r2_Im451,4,r2,1,0.7100592070299049,1
RIMONE_r2_Im453,4,r2,1,0.7091320861859796,1
RIMONE_r2_Im454,4,r2,1,0.7095347661232073,1
RIMONE_r2_Im455,4,r2,1,0.7091388191415778,1
RIMONE_r3_G-1-L_left_half,4,r3,1,0.7095349000062333,1
RIMONE_r3_G-10-L_left_half,4,r3,1,0.707292144046976,1
RIMONE_r3_G-11-R_left_half,4,r3,1,0.7085250773756626,1
RIMONE_r3_G-12-L_left_half,4,r3,1,0.7098566842876235,1
RIMONE_r3_G-13-R_left_half,4,r3,1,0.7062289177943623,1
RIMONE_r3_G-14-R_left_half,4,r3,1,0.7122086498862776,1
RIMONE_r3_G-15-L_left_half,4,r3,1,0.7204093285845905,1
RIMONE_r3_G-16-R_left_half,4,r3,1,0.7109465874755916,1
RIMONE_r3_G-17-L_left_half,4,r3,1,0.709630923908546,1
RIMONE_r3_G-18-R_left_half,4,r3,1,0.7092001175512329,1
RIMONE_r3_G-2-R_left_half,4,r3,1,0.7102474192724976,1
RIMONE_r3_G-22-L_left_half,4,r3,1,0.7061697161952124,1
RIMONE_r3_G-23-R_left_half,4,r3,1,0.7103959714990101,1
RIMONE_r3_G-25-L_left_half,4,r3,1,0.7122473313377002,1
RIMONE_r3_G-27-R_left_half,4,r3,1,0.7177848575644743,1
RIMONE_r3_G-29-R_left_half,4,r3,1,0.7104575986821191,1
RIMONE_r3_G-3-R_left_half,4,r3,1,0.7033092202085196,1
RIMONE_r3_G-30-L_left_half,4,r3,1,0.7141885697850953,1
RIMONE_r3_G-31-R_left_half,4,r3,1,0.7014288734204542,1
RIMONE_r3_G-32-L_left_half,4,r3,1,0.7076381198504317,1
RIMONE_r3_G-33-R_left_half,4,r3,1,0.7092153529169031,1
RIMONE_r3_G-34-L_left_half,4,r3,1,0.7097133285633549,1
RIMONE_r3_G-35-R_left_half,4,r3,1,0.7091517211224091,1
RIMONE_r3_G-37-R_left_half,4,r3,1,0.7112209477285829,1
RIMONE_r3_G-38-L_left_half,4,r3,1,0.711783336587317,1
RIMONE_r3_G-39-L_left_half,4,r3,1,0.7105535812794875,1
RIMONE_r3_G-6-L_left_half,4,r3,1,0.7259453079214003,1
RIMONE_r3_G-8-R_left_half,4,r3,1,0.7091274845561283,1
RIMONE_r3_G-9-R_left_half,4,r3,1,0.7130335255151403,1
RIMONE_r3_S-1-L_left_half,4,r3,1,0.7091415872296551,1
RIMONE_r3_S-10-R_left_half,4,r3,1,0.7062669571378056,1
RIMONE_r3_S-11-L_left_half,4,r3,1,0.7091973549221556,1
RIMONE_r3_S-12-L_left_half,4,r3,1,0.7021070877117266,1
RIMONE_r3_S-13-R_left_half,4,r3,1,0.7143996328662253,1
RIMONE_r3_S-14-R_left_half,4,r3,1,0.7095958634378853,1
RIMONE_r3_S-18-L_left_half,4,r3,1,0.7092444794313867,1
RIMONE_r3_S-19-R_left_half,4,r3,1,0.7099328864152569,1
RIMONE_r3_S-2-L_left_half,4,r3,1,0.7091914405463678,1
RIMONE_r3_S-20-L_left_half,4,r3,1,0.7099361776820704,1
RIMONE_r3_S-21-R_left_half,4,r3,1,0.7123328816220644,1
RIMONE_r3_S-25-L_left_half,4,r3,1,0.7100497257527929,1
RIMONE_r3_S-26-R_left_half,4,r3,1,0.7119519718298536,1
RIMONE_r3_S-28-R_left_half,4,r3,1,0.7145279754649189,1
RIMONE_r3_S-29-R_left_half,4,r3,1,0.7098054689074397,1
RIMONE_r3_S-30-L_left_half,4,r3,1,0.7091323593636961,1
RIMONE_r3_S-31-L_left_half,4,r3,1,0.7091479560075308,1
RIMONE_r3_S-32-L_left_half,4,r3,1,0.7091436584802231,1
RIMONE_r3_S-33-R_left_half,4,r3,1,0.7093706622821457,1
RIMONE_r3_S-35-R_left_half,4,r3,1,0.7102799989546347,1
RIMONE_r3_S-4-L_left_half,4,r3,1,0.7078727369173152,1
RIMONE_r3_S-6-R_left_half,4,r3,1,0.7085041207255964,1
RIMONE_r3_S-9-L_left_half,4,r3,1,0.7082253515099846,1
RIMONE_r2_Im034,4,r2,0,0.7091293290928706,1
RIMONE_r2_Im036,4,r2,0,0.7091559746477073,1
RIMONE_r2_Im038,4,r2,0,0.7091272441644912,1
RIMONE_r2_Im040,4,r2,0,0.7094016580142556,1
RIMONE_r2_Im042,4,r2,0,0.709601257461675,1
RIMONE_r2_Im044,4,r2,0,0.7091274583519602,1
RIMONE_r2_Im046,4,r2,0,0.7091274603917127,1
RIMONE_r2_Im048,4,r2,0,0.7101394240508169,1
RIMONE_r2_Im050,4,r2,0,0.7091520447026943,1
RIMONE_r2_Im052,4,r2,0,0.7091922219214486,1
RIMONE_r2_Im054,4,r2,0,0.7092874453095264,1
RIMONE_r2_Im056,4,r2,0,0.7093691984593127,1
RIMONE_r2_Im058,4,r2,0,0.7092600887981503,1
RIMONE_r2_Im060,4,r2,0,0.7091289219790035,1
RIMONE_r2_Im062,4,r2,0,0.7092532354644234,1
RIMONE_r2_Im064,4,r2,0,0.7091320120870684,1
RIMONE_r2_Im066,4,r2,0,0.70947256010841,1
RIMONE_r2_Im068,4,r2,0,0.709206014348385,1
RIMONE_r2_Im070,4,r2,0,0.7091412765767708,1
RIMONE_r2_Im072,4,r2,0,0.7091923036562177,1
RIMONE_r2_Im074,4,r2,0,0.7091373749383284,1
RIMONE_r2_Im076,4,r2,0,0.7091716060571939,1
RIMONE_r2_Im078,4,r2,0,0.7091579757401295,1
RIMONE_r2_Im080,4,r2,0,0.7091827491526232,1
RIMONE_r2_Im082,4,r2,0,0.709687268762903,1
RIMONE_r2_Im084,4,r2,0,0.71073000118333,1
RIMONE_r2_Im086,4,r2,0,0.709139290589303,1
RIMONE_r2_Im088,4,r2,0,0.709220380885298,1
RIMONE_r2_Im090,4,r2,0,0.7091766134756117,1
RIMONE_r2_Im092,4,r2,0,0.709175250409642,1
RIMONE_r2_Im094,4,r2,0,0.7094724057284159,1
RIMONE_r2_Im096,4,r2,0,0.7091273007750007,1
RIMONE_r2_Im098,4,r2,0,0.7091712789882963,1
RIMONE_r2_Im100,4,r2,0,0.7092138376865773,1
RIMONE_r2_Im102,4,r2,0,0.7091287040437751,1
RIMONE_r2_Im104,4,r2,0,0.7091320661502789,1
RIMONE_r2_Im106,4,r2,0,0.7093363140169054,1
RIMONE_r2_Im108,4,r2,0,0.7091348294160645,1
RIMONE_r2_Im110,4,r2,0,0.7091559647631752,1
RIMONE_r2_Im112,4,r2,0,0.7091551602546607,1
RIMONE_r2_Im114,4,r2,0,0.7092534638120673,1
RIMONE_r2_Im116,4,r2,0,0.7091274710320407,1
RIMONE_r2_Im118,4,r2,0,0.7091230673851945,1
RIMONE_r2_Im120,4,r2,0,0.7091272631444675,1
RIMONE_r2_Im122,4,r2,0,0.7091274486875773,1
RIMONE_r2_Im124,4,r2,0,0.7091982265466127,1
RIMONE_r2_Im126,4,r2,0,0.7094576793688336,1
RIMONE_r2_Im128,4,r2,0,0.7091436556012293,1
RIMONE_r2_Im130,4,r2,0,0.7091273132647737,1
RIMONE_r2_Im132,4,r2,0,0.7091274701398071,1
RIMONE_r2_Im134,4,r2,0,0.7095125654826937,1
RIMONE_r2_Im136,4,r2,0,0.7091258127426899,1
RIMONE_r2_Im138,4,r2,0,0.7093442928767575,1
RIMONE_r2_Im140,4,r2,0,0.7091454007126834,1
RIMONE_r2_Im142,4,r2,0,0.7091275026169631,1
RIMONE_r2_Im144,4,r2,0,0.7091375700992151,1
RIMONE_r2_Im146,4,r2,0,0.7091265171623149,1
RIMONE_r2_Im148,4,r2,0,0.7091265054890739,1
RIMONE_r2_Im150,4,r2,0,0.7091614815079021,1
RIMONE_r2_Im152,4,r2,0,0.7091339886689664,1
RIMONE_r2_Im154,4,r2,0,0.7091475669246855,1
RIMONE_r2_Im156,4,r2,0,0.7091298530227834,1
RIMONE_r2_Im158,4,r2,0,0.7091265229652765,1
RIMONE_r2_Im160,4,r2,0,0.7091269459546587,1
RIMONE_r2_Im162,4,r2,0,0.7096214649678839,1
RIMONE_r2_Im164,4,r2,0,0.7106720183090036,1
RIMONE_r2_Im166,4,r2,0,0.7091887030151438,1
RIMONE_r2_Im168,4,r2,0,0.7091331706143388,1
RIMONE_r2_Im170,4,r2,0,0.7091766258012627,1
RIMONE_r2_Im172,4,r2,0,0.7091253545632924,1
RIMONE_r2_Im174,4,r2,0,0.7094265346499055,1
RIMONE_r2_Im176,4,r2,0,0.7094515806351467,1
RIMONE_r2_Im178,4,r2,0,0.7091397942098158,1
RIMONE_r2_Im180,4,r2,0,0.7093284904369247,1
RIMONE_r2_Im182,4,r2,0,0.709125053753709,1
RIMONE_r2_Im184,4,r2,0,0.7091442466239697,1
RIMONE_r2_Im186,4,r2,0,0.7091431133919477,1
RIMONE_r2_Im188,4,r2,0,0.7101487723281725,1
RIMONE_r2_Im190,4,r2,0,0.7091709093911162,1
RIMONE_r2_Im192,4,r2,0,0.7091253849965355,1
RIMONE_r2_Im194,4,r2,0,0.7092897264442597,1
RIMONE_r2_Im196,4,r2,0,0.7091283231186163,1
RIMONE_r2_Im198,4,r2,0,0.7091305990683721,1
RIMONE_r2_Im200,4,r2,0,0.7092817336139996,1
RIMONE_r2_Im202,4,r2,0,0.7095533086313254,1
RIMONE_r2_Im206,4,r2,0,0.7091984924369827,1
RIMONE_r2_Im208,4,r2,0,0.7091592255441752,1
RIMONE_r2_Im210,4,r2,0,0.709150504974793,1
RIMONE_r2_Im212,4,r2,0,0.7091271885298263,1
RIMONE_r2_Im214,4,r2,0,0.709270186046665,1
RIMONE_r2_Im216,4,r2,0,0.7091304287915959,1
RIMONE_r2_Im218,4,r2,0,0.7091550886738637,1
RIMONE_r2_Im220,4,r2,0,0.7097632923601267,1
RIMONE_r2_Im222,4,r2,0,0.709163176095857,1
RIMONE_r2_Im224,4,r2,0,0.70912720955525,1
RIMONE_r2_Im226,4,r2,0,0.7094722050470303,1
RIMONE_r2_Im228,4,r2,0,0.7111669448257139,1
RIMONE_r2_Im230,4,r2,0,0.7093199396090538,1
RIMONE_r2_Im232,4,r2,0,0.709628379486143,1
RIMONE_r2_Im234,4,r2,0,0.7092196197302546,1
RIMONE_r2_Im236,4,r2,0,0.7091271749014226,1
RIMONE_r2_Im238,4,r2,0,0.7091968990648173,1
RIMONE_r2_Im240,4,r2,0,0.7092417070297818,1
RIMONE_r2_Im242,4,r2,0,0.7091444110323655,1
RIMONE_r2_Im244,4,r2,0,0.7091269402056106,1
RIMONE_r2_Im246,4,r2,0,0.7092373402083305,1
RIMONE_r2_Im248,4,r2,0,0.7092333779312874,1
RIMONE_r2_Im250,4,r2,0,0.7093570110948537,1
RIMONE_r2_Im252,4,r2,0,0.709212905481943,1
RIMONE_r2_Im254,4,r2,0,0.7091259573643536,1
RIMONE_r3_N-1-L_left_half,4,r3,0,0.7141675113831719,1
RIMONE_r3_N-10-R_left_half,4,r3,0,0.7113566092408432,1
RIMONE_r3_N-11-L_left_half,4,r3,0,0.7101008715650183,1
RIMONE_r3_N-12-R_left_half,4,r3,0,0.7099859894831468,1
RIMONE_r3_N-13-L_left_half,4,r3,0,0.7092349196559246,1
RIMONE_r3_N-14-R_left_half,4,r3,0,0.7091367402241942,1
RIMONE_r3_N-16-R_left_half,4,r3,0,0.7091679694195206,1
RIMONE_r3_N-17-L_left_half,4,r3,0,0.7119345006399006,1
RIMONE_r3_N-18-R_left_half,4,r3,0,0.7092257313683294,1
RIMONE_r3_N-2-R_left_half,4,r3,0,0.7150417491113511,1
RIMONE_r3_N-20-R_left_half,4,r3,0,0.7091272947384203,1
RIMONE_r3_N-21-L_left_half,4,r3,0,0.7090913235741261,1
RIMONE_r3_N-22-R_left_half,4,r3,0,0.7069860315360313,1
RIMONE_r3_N-23-L_left_half,4,r3,0,0.709687659554099,1
RIMONE_r3_N-24-R_left_half,4,r3,0,0.7088599703421209,1
RIMONE_r3_N-25-L_left_half,4,r3,0,0.7093126168993072,1
RIMONE_r3_N-26-R_left_half,4,r3,0,0.709179943569824,1
RIMONE_r3_N-27-L_left_half,4,r3,0,0.7091712439784321,1
RIMONE_r3_N-28-R_left_half,4,r3,0,0.7091502236043147,1
RIMONE_r3_N-29-L_left_half,4,r3,0,0.7097298293084657,1
RIMONE_r3_N-3-L_left_half,4,r3,0,0.7091385203438166,1
RIMONE_r3_N-30-R_left_half,4,r3,0,0.709908557448715,1
RIMONE_r3_N-31-L_left_half,4,r3,0,0.7091436060766364,1
RIMONE_r3_N-32-R_left_half,4,r3,0,0.7093209322532955,1
RIMONE_r3_N-33-L_left_half,4,r3,0,0.7097427926385177,1
RIMONE_r3_N-34-R_left_half,4,r3,0,0.7103762895676826,1
RIMONE_r3_N-35-L_left_half,4,r3,0,0.7107304900910926,1
RIMONE_r3_N-36-R_left_half,4,r3,0,0.7095699246185893,1
RIMONE_r3_N-37-L_left_half,4,r3,0,0.7092257244870546,1
RIMONE_r3_N-38-R_left_half,4,r3,0,0.7093170355447703,1
RIMONE_r3_N-39-L_left_half,4,r3,0,0.7104566338927998,1
RIMONE_r3_N-4-R_left_half,4,r3,0,0.7091382129903963,1
RIMONE_r3_N-40-R_left_half,4,r3,0,0.7099839970081798,1
RIMONE_r3_N-41-L_left_half,4,r3,0,0.7097624308174396,1
RIMONE_r3_N-42-R_left_half,4,r3,0,0.7098244686856058,1
RIMONE_r3_N-43-L_left_half,4,r3,0,0.7104056730098274,1
RIMONE_r3_N-44-R_left_half,4,r3,0,0.7107712982811829,1
RIMONE_r3_N-46-R_left_half,4,r3,0,0.7109081400758844,1
RIMONE_r3_N-47-L_left_half,4,r3,0,0.7098564645237663,1
RIMONE_r3_N-48-R_left_half,4,r3,0,0.7088051567014255,1
RIMONE_r3_N-49-L_left_half,4,r3,0,0.7091906727625635,1
RIMONE_r3_N-5-L_left_half,4,r3,0,0.7091305548787484,1
RIMONE_r3_N-50-R_left_half,4,r3,0,0.709315919111375,1
RIMONE_r3_N-51-L_left_half,4,r3,0,0.7088913907340437,1
RIMONE_r3_N-52-R_left_half,4,r3,0,0.7121935776049215,1
RIMONE_r3_N-53-L_left_half,4,r3,0,0.7113374775199807,1
RIMONE_r3_N-54-R_left_half,4,r3,0,0.7107937583620312,1
RIMONE_r3_N-55-L_left_half,4,r3,0,0.7106641489492118,1
RIMONE_r3_N-56-R_left_half,4,r3,0,0.7138311173617471,1
RIMONE_r3_N-58-R_left_half,4,r3,0,0.709381909126235,1
RIMONE_r3_N-59-L_left_half,4,r3,0,0.7091257808639416,1
RIMONE_r3_N-6-R_left_half,4,r3,0,0.7098994562338513,1
RIMONE_r3_N-61-L_left_half,4,r3,0,0.7087302197213413,1
RIMONE_r3_N-62-R_left_half,4,r3,0,0.7079732214807645,1
RIMONE_r3_N-63-L_left_half,4,r3,0,0.7096248287086412,1
RIMONE_r3_N-64-R_left_half,4,r3,0,0.7091442881941792,1
RIMONE_r3_N-65-L_left_half,4,r3,0,0.7116467739752941,1
RIMONE_r3_N-66-R_left_half,4,r3,0,0.7091796326921165,1
RIMONE_r3_N-67-L_left_half,4,r3,0,0.7104216059076646,1
RIMONE_r3_N-68-R_left_half,4,r3,0,0.7106882342989815,1
RIMONE_r3_N-69-L_left_half,4,r3,0,0.7128611826688572,1
RIMONE_r3_N-7-L_left_half,4,r3,0,0.7096995822247377,1
RIMONE_r3_N-70-R_left_half,4,r3,0,0.7091209291476108,1
RIMONE_r3_N-71-L_left_half,4,r3,0,0.7112700479758858,1
RIMONE_r3_N-72-R_left_half,4,r3,0,0.7091507719214917,1
RIMONE_r3_N-73-R_left_half,4,r3,0,0.7091581405315678,1
RIMONE_r3_N-74-L_left_half,4,r3,0,0.7092013858445342,1
RIMONE_r3_N-75-R_left_half,4,r3,0,0.7092748511779187,1
RIMONE_r3_N-76-R_left_half,4,r3,0,0.7092537843324123,1
RIMONE_r3_N-78-R_left_half,4,r3,0,0.7091225154857117,1
RIMONE_r3_N-79-L_left_half,4,r3,0,0.709555214228829,1
RIMONE_r3_N-8-L_left_half,4,r3,0,0.7091883952671975,1
RIMONE_r3_N-80-R_left_half,4,r3,0,0.7067602486074336,1
RIMONE_r3_N-81-L_left_half,4,r3,0,0.7120876060651817,1
RIMONE_r3_N-82-R_left_half,4,r3,0,0.7161867490942097,1
RIMONE_r3_N-83-L_left_half,4,r3,0,0.7095125978586599,1
RIMONE_r3_N-84-R_left_half,4,r3,0,0.7126914401571212,1
RIMONE_r3_N-85-L_left_half,4,r3,0,0.7093492198235248,1
RIMONE_r3_N-86-R_left_half,4,r3,0,0.7092708265840547,1
RIMONE_r3_N-87-L_left_half,4,r3,0,0.7092795273678203,1
RIMONE_r3_N-88-R_left_half,4,r3,0,0.7091382295591171,1
RIMONE_r3_N-9-L_left_half,4,r3,0,0.7093120644120152,1
RIMONE_r3_N-90-R_left_half,4,r3,0,0.7092467133036862,1
RIMONE_r3_N-91-L_left_half,4,r3,0,0.7100883554363379,1
RIMONE_r3_N-92-R_left_half,4,r3,0,0.7094191021722339,1
RIMONE_r1_Im069,pooled,r1,1,0.7130255283657653,1
RIMONE_r1_Im103,pooled,r1,1,0.7262102575823397,1
RIMONE_r1_Im113,pooled,r1,1,0.71541899041046,1
RIMONE_r1_Im117,pooled,r1,1,0.71905329679376,1
RIMONE_r1_Im118,pooled,r1,1,0.7189953503216111,1
RIMONE_r1_Im120,pooled,r1,1,0.716960241972331,1
RIMONE_r1_Im121,pooled,r1,1,0.7134104150065106,1
RIMONE_r1_Im122,pooled,r1,1,0.7187412019185573,1
RIMONE_r1_Im135,pooled,r1,1,0.7159579870831561,1
RIMONE_r1_Im144,pooled,r1,1,0.7138487356016474,1
RIMONE_r1_Im158,pooled,r1,1,0.7187636991756257,1
RIMONE_r1_Im167,pooled,r1,1,0.725543059083974,1
RIMONE_r2_Im257,pooled,r2,1,0.7129972607089761,1
RIMONE_r2_Im258,pooled,r2,1,0.7129918891426738,1
RIMONE_r2_Im260,pooled,r2,1,0.7129954338118452,1
RIMONE_r2_Im263,pooled,r2,1,0.7138975726772852,1
RIMONE_r2_Im264,pooled,r2,1,0.7148235666601845,1
RIMONE_r2_Im266,pooled,r2,1,0.7130088613142085,1
RIMONE_r2_Im267,pooled,r2,1,0.7129943052307298,1
RIMONE_r2_Im268,pooled,r2,1,0.7129943052307298,1
RIMONE_r2_Im269,pooled,r2,1,0.7130102384133366,1
RIMONE_r2_Im270,pooled,r2,1,0.7130644900695751,1
RIMONE_r2_Im273,pooled,r2,1,0.7130314558090591,1
RIMONE_r2_Im275,pooled,r2,1,0.7129532051883094,1
RIMONE_r2_Im277,pooled,r2,1,0.7130098808162173,1
RIMONE_r2_Im281,pooled,r2,1,0.7123910050460645,1
RIMONE_r2_Im287,pooled,r2,1,0.7129876723310339,1
RIMONE_r2_Im288,pooled,r2,1,0.7130300361190937,1
RIMONE_r2_Im289,pooled,r2,1,0.7130248297376576,1
RIMONE_r2_Im290,pooled,r2,1,0.7129913908136066,1
RIMONE_r2_Im291,pooled,r2,1,0.7131338556992327,1
RIMONE_r2_Im292,pooled,r2,1,0.7138331287786254,1
RIMONE_r2_Im293,pooled,r2,1,0.7129941552465849,1
RIMONE_r2_Im294,pooled,r2,1,0.7129914751384085,1
RIMONE_r2_Im301,pooled,r2,1,0.7131477033111194,1
RIMONE_r2_Im302,pooled,r2,1,0.7130680676656702,1
RIMONE_r2_Im303,pooled,r2,1,0.7129928465822053,1
RIMONE_r2_Im305,pooled,r2,1,0.7129983593250524,1
RIMONE_r2_Im314,pooled,r2,1,0.7129901886361729,1
RIMONE_r2_Im315,pooled,r2,1,0.7131005684238598,1
RIMONE_r2_Im317,pooled,r2,1,0.7131922381383765,1
RIMONE_r2_Im318,pooled,r2,1,0.7129954613940171,1
RIMONE_r2_Im319,pooled,r2,1,0.7130010344930404,1
RIMONE_r2_Im320,pooled,r2,1,0.7129914531569798,1
RIMONE_r2_Im321,pooled,r2,1,0.712994066861759,1
RIMONE_r2_Im324,pooled,r2,1,0.7129942496381283,1
RIMONE_r2_Im329,pooled,r2,1,0.7139246105658766,1
RIMONE_r2_Im330,pooled,r2,1,0.7140296360718542,1
RIMONE_r2_Im331,pooled,r2,1,0.7130107813945225,1
RIMONE_r2_Im332,pooled,r2,1,0.7130195865552447,1
RIMONE_r2_Im333,pooled,r2,1,0.7130969213871671,1
RIMONE_r2_Im334,pooled,r2,1,0.7132278998953997,1
RIMONE_r2_Im338,pooled,r2,1,0.7129826717624623,1
RIMONE_r2_Im339,pooled,r2,1,0.713273851998966,1
RIMONE_r2_Im343,pooled,r2,1,0.7129935941852941,1
RIMONE_r2_Im344,pooled,r2,1,0.7129935802786106,1
RIMONE_r1_Im001,pooled,r1,0,0.7129771997721301,1
RIMONE_r1_Im003,pooled,r1,0,0.7132915467471823,1
RIMONE_r1_Im004,pooled,r1,0,0.7138181677523668,1
RIMONE_r1_Im006,pooled,r1,0,0.7138523376152586,1
RIMONE_r1_Im008,pooled,r1,0,0.7132632591343132,1
RIMONE_r1_Im011,pooled,r1,0,0.7130047408607292,1
RIMONE_r1_Im012,pooled,r1,0,0.7138088214222829,1
RIMONE_r1_Im014,pooled,r1,0,0.7132134755026349,1
RIMONE_r1_Im015,pooled,r1,0,0.7153764654569633,1
RIMONE_r1_Im019,pooled,r1,0,0.7129879330574888,1
RIMONE_r1_Im020,pooled,r1,0,0.7129772574910594,1
RIMONE_r1_Im022,pooled,r1,0,0.7130118231151183,1
RIMONE_r1_Im023,pooled,r1,0,0.7130480504767982,1
RIMONE_r1_Im024,pooled,r1,0,0.7135755035259869,1
RIMONE_r1_Im025,pooled,r1,0,0.7131348730553055,1
RIMONE_r1_Im026,pooled,r1,0,0.7129734963399961,1
RIMONE_r1_Im027,pooled,r1,0,0.7129851410678583,1
RIMONE_r1_Im028,pooled,r1,0,0.7145140254795307,1
RIMONE_r1_Im029,pooled,r1,0,0.7147825233529111,1
RIMONE_r1_Im031,pooled,r1,0,0.7136927174226324,1
RIMONE_r1_Im032,pooled,r1,0,0.7129949296127782,1
RIMONE_r1_Im033,pooled,r1,0,0.712995406687867,1
RIMONE_r1_Im036,pooled,r1,0,0.7145431250034908,1
RIMONE_r1_Im037,pooled,r1,0,0.7148068992091905,1
RIMONE_r1_Im040,pooled,r1,0,0.7130436717320288,1
RIMONE_r1_Im041,pooled,r1,0,0.713269436495849,1
RIMONE_r1_Im042,pooled,r1,0,0.7129679962455434,1
RIMONE_r1_Im046,pooled,r1,0,0.7129947866372539,1
RIMONE_r1_Im047,pooled,r1,0,0.7130083438304817,1
RIMONE_r1_Im050,pooled,r1,0,0.717198380461524,1
RIMONE_r1_Im052,pooled,r1,0,0.7130339747654212,1
RIMONE_r1_Im054,pooled,r1,0,0.713617002861026,1
RIMONE_r1_Im055,pooled,r1,0,0.7164804296178872,1
RIMONE_r1_Im056,pooled,r1,0,0.7167134888349224,1
RIMONE_r1_Im057,pooled,r1,0,0.7130146121675219,1
RIMONE_r1_Im058,pooled,r1,0,0.7130955113424553,1
RIMONE_r1_Im059,pooled,r1,0,0.7129993083554076,1
RIMONE_r1_Im060,pooled,r1,0,0.7130872227219369,1
RIMONE_r1_Im061,pooled,r1,0,0.7130314607778279,1
RIMONE_r1_Im062,pooled,r1,0,0.7139749590015464,1
RIMONE_r1_Im063,pooled,r1,0,0.713123401553223,1
RIMONE_r1_Im071,pooled,r1,0,0.7138006532136628,1
RIMONE_r1_Im072,pooled,r1,0,0.7130029648154279,1
RIMONE_r1_Im073,pooled,r1,0,0.7129926177421559,1
RIMONE_r1_Im080,pooled,r1,0,0.7224960155476492,1
RIMONE_r1_Im082,pooled,r1,0,0.716914844269706,1
RIMONE_r1_Im086,pooled,r1,0,0.718163320676329,1
RIMONE_r1_Im087,pooled,r1,0,0.7194507556565328,1
RIMONE_r1_Im095,pooled,r1,0,0.713752340949591,1
RIMONE_r1_Im107,pooled,r1,0,0.7157352878555073,1
RIMONE_r1_Im108,pooled,r1,0,0.713361599489355,1
RIMONE_r1_Im115,pooled,r1,0,0.7190254850540112,1
RIMONE_r1_Im116,pooled,r1,0,0.7157043222020716,1
RIMONE_r1_Im119,pooled,r1,0,0.7260338015441701,1
RIMONE_r1_Im125,pooled,r1,0,0.7170467372194171,1
RIMONE_r1_Im127,pooled,r1,0,0.71350433235377,1
RIMONE_r1_Im128,pooled,r1,0,0.7152440529165758,1
RIMONE_r1_Im129,pooled,r1,0,0.7171267430878313,1
RIMONE_r1_Im130,pooled,r1,0,0.7151639792394178,1
RIMONE_r1_Im131,pooled,r1,0,0.7213708927454345,1
RIMONE_r1_Im132,pooled,r1,0,0.7132353853633162,1
RIMONE_r1_Im133,pooled,r1,0,0.7133558396075002,1
RIMONE_r1_Im136,pooled,r1,0,0.7178930914282338,1
RIMONE_r1_Im137,pooled,r1,0,0.7208846593232152,1
RIMONE_r1_Im138,pooled,r1,0,0.7234804520552329,1
RIMONE_r1_Im142,pooled,r1,0,0.718134451746875,1
RIMONE_r1_Im143,pooled,r1,0,0.7178949952720028,1
RIMONE_r1_Im145,pooled,r1,0,0.7230849537218329,1
RIMONE_r1_Im146,pooled,r1,0,0.7190549956881475,1
RIMONE_r1_Im149,pooled,r1,0,0.7172567165018497,1
RIMONE_r1_Im150,pooled,r1,0,0.7206816923018373,1
RIMONE_r1_Im151,pooled,r1,0,0.7178413419941828,1
RIMONE_r1_Im152,pooled,r1,0,0.7211853203643703,1
RIMONE_r1_Im153,pooled,r1,0,0.7134392129212787,1
RIMONE_r1_Im154,pooled,r1,0,0.7191312651786118,1
RIMONE_r1_Im155,pooled,r1,0,0.7158140809790781,1
RIMONE_r1_Im156,pooled,r1,0,0.7137918312085546,1
RIMONE_r1_Im159,pooled,r1,0,0.7151907891443421,1
RIMONE_r1_Im161,pooled,r1,0,0.7211875458140111,1
RIMONE_r1_Im162,pooled,r1,0,0.7207777668674438,1
RIMONE_r1_Im163,pooled,r1,0,0.7167418862191295,1
RIMONE_r1_Im164,pooled,r1,0,0.7198403666494391,1
RIMONE_r1_Im165,pooled,r1,0,0.716906643964246,1
RIMONE_r1_Im166,pooled,r1,0,0.7163680482872506,1
RIMONE_r1_Im168,pooled,r1,0,0.7179435491080677,1
RIMONE_r1_Im169,pooled,r1,0,0.7186616339940066,1
RIMONE_r2_Im001,pooled,r2,0,0.7129927498779068,1
RIMONE_r2_Im002,pooled,r2,0,0.7129959155483746,1
RIMONE_r2_Im003,pooled,r2,0,0.7129925763383089,1
RIMONE_r2_Im004,pooled,r2,0,0.7129877618592235,1
RIMONE_r2_Im005,pooled,r2,0,0.7129903682969194,1
RIMONE_r2_Im006,pooled,r2,0,0.712993571694452,1
RIMONE_r2_Im007,pooled,r2,0,0.712991044641924,1
RIMONE_r2_Im009,pooled,r2,0,0.7129933559323777,1
RIMONE_r2_Im010,pooled,r2,0,0.712998981754781,1
RIMONE_r2_Im011,pooled,r2,0,0.7129937353086824,1
RIMONE_r2_Im012,pooled,r2,0,0.7129933786862119,1
RIMONE_r2_Im013,pooled,r2,0,0.7129938833595725,1
RIMONE_r2_Im014,pooled,r2,0,0.7129915950671186,1
RIMONE_r2_Im015,pooled,r2,0,0.7129966488898856,1
RIMONE_r2_Im016,pooled,r2,0,0.7130001907857337,1
RIMONE_r2_Im017,pooled,r2,0,0.7129921729524161,1
RIMONE_r2_Im018,pooled,r2,0,0.7129922767041499,1
RIMONE_r2_Im019,pooled,r2,0,0.7130518325566878,1
RIMONE_r2_Im020,pooled,r2,0,0.7130752230222231,1
RIMONE_r2_Im021,pooled,r2,0,0.7131014676581067,1
RIMONE_r2_Im022,pooled,r2,0,0.713296506493757,1
RIMONE_r2_Im023,pooled,r2,0,0.7130214893036652,1
RIMONE_r2_Im024,pooled,r2,0,0.7129945572825356,1
RIMONE_r2_Im025,pooled,r2,0,0.713004481044516,1
RIMONE_r2_Im026,pooled,r2,0,0.7129993994559574,1
RIMONE_r2_Im027,pooled,r2,0,0.7129925075583228,1
RIMONE_r2_Im028,pooled,r2,0,0.7130096745343693,1
RIMONE_r2_Im029,pooled,r2,0,0.71318398679948,1
RIMONE_r2_Im030,pooled,r2,0,0.7129809260150187,1
RIMONE_r2_Im031,pooled,r2,0,0.7129970613152793,1
RIMONE_r2_Im032,pooled,r2,0,0.7129963496632019,1
RIMONE_r2_Im033,pooled,r2,0,0.7130128910971409,1
RIMONE_r2_Im347,pooled,r2,1,0.7129720723577413,1
RIMONE_r2_Im348,pooled,r2,1,0.7131441054716314,1
RIMONE_r2_Im351,pooled,r2,1,0.714475647694371,1
RIMONE_r2_Im352,pooled,r2,1,0.7134763794017774,1
RIMONE_r2_Im354,pooled,r2,1,0.7136745057383416,1
RIMONE_r2_Im355,pooled,r2,1,0.714293699512684,1
RIMONE_r2_Im356,pooled,r2,1,0.7130633608051167,1
RIMONE_r2_Im357,pooled,r2,1,0.7129932398500965,1
RIMONE_r2_Im358,pooled,r2,1,0.7148671664967179,1
RIMONE_r2_Im362,pooled,r2,1,0.7134916826437484,1
RIMONE_r2_Im365,pooled,r2,1,0.7151988778605798,1
RIMONE_r2_Im366,pooled,r2,1,0.7166487763311576,1
RIMONE_r2_Im369,pooled,r2,1,0.7130222784146113,1
RIMONE_r2_Im373,pooled,r2,1,0.7180331863716077,1
RIMONE_r2_Im376,pooled,r2,1,0.7129968990757799,1
RIMONE_r2_Im377,pooled,r2,1,0.7132506200045817,1
RIMONE_r2_Im383,pooled,r2,1,0.7130291428355162,1
RIMONE_r2_Im384,pooled,r2,1,0.7162254705984956,1
RIMONE_r2_Im385,pooled,r2,1,0.7160481491369788,1
RIMONE_r2_Im387,pooled,r2,1,0.7221448402529684,1
RIMONE_r2_Im388,pooled,r2,1,0.7177680620312258,1
RIMONE_r2_Im389,pooled,r2,1,0.7159758879085054,1
RIMONE_r2_Im390,pooled,r2,1,0.7153544143920623,1
RIMONE_r2_Im391,pooled,r2,1,0.715678955659249,1
RIMONE_r2_Im392,pooled,r2,1,0.7137888538392642,1
RIMONE_r2_Im393,pooled,r2,1,0.7139315999195605,1
RIMONE_r2_Im398,pooled,r2,1,0.7133916407306093,1
RIMONE_r2_Im399,pooled,r2,1,0.7129422394662062,1
RIMONE_r2_Im400,pooled,r2,1,0.7155318348452833,1
RIMONE_r2_Im401,pooled,r2,1,0.7134973008062695,1
RIMONE_r2_Im402,pooled,r2,1,0.7160316277869261,1
RIMONE_r2_Im403,pooled,r2,1,0.7137835387111764,1
RIMONE_r2_Im404,pooled,r2,1,0.7158654716718994,1
RIMONE_r2_Im406,pooled,r2,1,0.7132991085556124,1
RIMONE_r2_Im407,pooled,r2,1,0.7130024542994918,1
RIMONE_r2_Im408,pooled,r2,1,0.7130168292047812,1
RIMONE_r2_Im414,pooled,r2,1,0.7164920771267824,1
RIMONE_r2_Im415,pooled,r2,1,0.7131404465950745,1
RIMONE_r2_Im416,pooled,r2,1,0.7133952240333878,1
RIMONE_r2_Im418,pooled,r2,1,0.7153593810535549,1
RIMONE_r2_Im419,pooled,r2,1,0.7129933142689021,1
RIMONE_r2_Im420,pooled,r2,1,0.7130983168875751,1
RIMONE_r2_Im421,pooled,r2,1,0.7129976726170828,1
RIMONE_r2_Im422,pooled,r2,1,0.7139097968279631,1
RIMONE_r2_Im424,pooled,r2,1,0.713229933737732,1
RIMONE_r2_Im427,pooled,r2,1,0.7146230489946304,1
RIMONE_r2_Im428,pooled,r2,1,0.7153557090532884,1
RIMONE_r2_Im429,pooled,r2,1,0.7130620368362169,1
RIMONE_r2_Im432,pooled,r2,1,0.7133799665597802,1
RIMONE_r2_Im433,pooled,r2,1,0.7129943029595849,1
RIMONE_r2_Im436,pooled,r2,1,0.7130116659418669,1
RIMONE_r2_Im439,pooled,r2,1,0.7142992371205676,1
RIMONE_r2_Im441,pooled,r2,1,0.7152653378389279,1
RIMONE_r2_Im442,pooled,r2,1,0.7172764723619933,1
RIMONE_r2_Im443,pooled,r2,1,0.7173041537302786,1
RIMONE_r2_Im444,pooled,r2,1,0.7146362535474636,1
RIMONE_r2_Im445,pooled,r2,1,0.7132904094921914,1
RIMONE_r2_Im448,pooled,r2,1,0.7140333052512272,1
RIMONE_r2_Im449,pooled,r2,1,0.7176528849560155,1
RIMONE_r2_Im450,pooled,r2,1,0.7131328919940647,1
RIMONE_r2_Im451,pooled,r2,1,0.7162041663028172,1
RIMONE_r2_Im453,pooled,r2,1,0.7129181512195683,1
RIMONE_r2_Im454,pooled,r2,1,0.7154096161311351,1
RIMONE_r2_Im455,pooled,r2,1,0.7130228993911361,1
RIMONE_r3_G-1-L_left_half,pooled,r3,1,0.714862624647777,1
RIMONE_r3_G-10-L_left_half,pooled,r3,1,0.7169091740132665,1
RIMONE_r3_G-11-R_left_half,pooled,r3,1,0.7166092750640238,1
RIMONE_r3_G-12-L_left_half,pooled,r3,1,0.715924116121012,1
RIMONE_r3_G-13-R_left_half,pooled,r3,1,0.7172907271311121,1
RIMONE_r3_G-14-R_left_half,pooled,r3,1,0.7216658138348849,1
RIMONE_r3_G-15-L_left_half,pooled,r3,1,0.7305431840799121,1
RIMONE_r3_G-16-R_left_half,pooled,r3,1,0.7190559434832104,1
RIMONE_r3_G-17-L_left_half,pooled,r3,1,0.715122923857294,1
RIMONE_r3_G-18-R_left_half,pooled,r3,1,0.713603513035985,1
RIMONE_r3_G-2-R_left_half,pooled,r3,1,0.71687664323501,1
RIMONE_r3_G-22-L_left_half,pooled,r3,1,0.7119219711408541,1
RIMONE_r3_G-23-R_left_half,pooled,r3,1,0.719214569791507,1
RIMONE_r3_G-25-L_left_half,pooled,r3,1,0.7196152446212192,1
RIMONE_r3_G-27-R_left_half,pooled,r3,1,0.7139144520288003,1
RIMONE_r3_G-29-R_left_half,pooled,r3,1,0.7178485709691225,1
RIMONE_r3_G-3-R_left_half,pooled,r3,1,0.7206385943084449,1
RIMONE_r3_G-30-L_left_half,pooled,r3,1,0.7237401951598014,1
RIMONE_r3_G-31-R_left_half,pooled,r3,1,0.7154300148807078,1
RIMONE_r3_G-32-L_left_half,pooled,r3,1,0.7203045576934589,1
RIMONE_r3_G-33-R_left_half,pooled,r3,1,0.7140081718916862,1
RIMONE_r3_G-34-L_left_half,pooled,r3,1,0.7076590543584362,1
RIMONE_r3_G-35-R_left_half,pooled,r3,1,0.7133302164109177,1
RIMONE_r3_G-37-R_left_half,pooled,r3,1,0.7169433939550334,1
RIMONE_r3_G-38-L_left_half,pooled,r3,1,0.7178600073159833,1
RIMONE_r3_G-39-L_left_half,pooled,r3,1,0.7170958076082369,1
RIMONE_r3_G-6-L_left_half,pooled,r3,1,0.7318669278147092,1
RIMONE_r3_G-8-R_left_half,pooled,r3,1,0.71299426890082,1
RIMONE_r3_G-9-R_left_half,pooled,r3,1,0.7208612400323023,1
RIMONE_r3_S-1-L_left_half,pooled,r3,1,0.7130772629351547,1
RIMONE_r3_S-10-R_left_half,pooled,r3,1,0.7217367931374293,1
RIMONE_r3_S-11-L_left_half,pooled,r3,1,0.7139473471955969,1
RIMONE_r3_S-12-L_left_half,pooled,r3,1,0.7195530276212728,1
RIMONE_r3_S-13-R_left_half,pooled,r3,1,0.7236162576198975,1
RIMONE_r3_S-14-R_left_half,pooled,r3,1,0.7152017559010609,1
RIMONE_r3_S-18-L_left_half,pooled,r3,1,0.7139021658347819,1
RIMONE_r3_S-19-R_left_half,pooled,r3,1,0.7171038864974604,1
RIMONE_r3_S-2-L_left_half,pooled,r3,1,0.7136530210159684,1
RIMONE_r3_S-20-L_left_half,pooled,r3,1,0.7163226483353266,1
RIMONE_r3_S-21-R_left_half,pooled,r3,1,0.7212675942476612,1
RIMONE_r3_S-25-L_left_half,pooled,r3,1,0.7221011978855654,1
RIMONE_r3_S-26-R_left_half,pooled,r3,1,0.7230459981305528,1
RIMONE_r3_S-28-R_left_half,pooled,r3,1,0.7204248402598263,1
RIMONE_r3_S-29-R_left_half,pooled,r3,1,0.7167630930658386,1
RIMONE_r3_S-30-L_left_half,pooled,r3,1,0.7132076840523102,1
RIMONE_r3_S-31-L_left_half,pooled,r3,1,0.7130854566473133,1
RIMONE_r3_S-32-L_left_half,pooled,r3,1,0.7130967554044876,1
RIMONE_r3_S-33-R_left_half,pooled,r3,1,0.7143729353994663,1
RIMONE_r3_S-35-R_left_half,pooled,r3,1,0.7173091184185916,1
RIMONE_r3_S-4-L_left_half,pooled,r3,1,0.7119375425009523,1
RIMONE_r3_S-6-R_left_half,pooled,r3,1,0.7174180334903284,1
RIMONE_r3_S-9-L_left_half,pooled,r3,1,0.7227807432791418,1
RIMONE_r2_Im034,pooled,r2,0,0.7131357806742191,1
RIMONE_r2_Im036,pooled,r2,0,0.7133433457826308,1
RIMONE_r2_Im038,pooled,r2,0,0.7130143410353807,1
RIMONE_r2_Im040,pooled,r2,0,0.7144806082522914,1
RIMONE_r2_Im042,pooled,r2,0,0.7150829365687749,1
RIMONE_r2_Im044,pooled,r2,0,0.7129947355984217,1
RIMONE_r2_Im046,pooled,r2,0,0.7129945120163697,1
RIMONE_r2_Im048,pooled,r2,0,0.7168779359338401,1
RIMONE_r2_Im050,pooled,r2,0,0.713386054905318,1
RIMONE_r2_Im052,pooled,r2,0,0.7134202752597768,1
RIMONE_r2_Im054,pooled,r2,0,0.7140546737942641,1
RIMONE_r2_Im056,pooled,r2,0,0.7139410095239815,1
RIMONE_r2_Im058,pooled,r2,0,0.7135839933545308,1
RIMONE_r2_Im060,pooled,r2,0,0.7130930430633905,1
RIMONE_r2_Im062,pooled,r2,0,0.7142903208209928,1
RIMONE_r2_Im064,pooled,r2,0,0.7131178687094882,1
RIMONE_r2_Im066,pooled,r2,0,0.7146400727630867,1
RIMONE_r2_Im068,pooled,r2,0,0.7139938089718768,1
RIMONE_r2_Im070,pooled,r2,0,0.7133363965627092,1
RIMONE_r2_Im072,pooled,r2,0,0.7135862704310807,1
RIMONE_r2_Im074,pooled,r2,0,0.7130188102252033,1
RIMONE_r2_Im076,pooled,r2,0,0.7133656068513128,1
RIMONE_r2_Im078,pooled,r2,0,0.7134095890406474,1
RIMONE_r2_Im080,pooled,r2,0,0.7135183247251171,1
RIMONE_r2_Im082,pooled,r2,0,0.7155605425320862,1
RIMONE_r2_Im084,pooled,r2,0,0.7183844975939809,1
RIMONE_r2_Im086,pooled,r2,0,0.7130791714233389,1
RIMONE_r2_Im088,pooled,r2,0,0.7136711124739624,1
RIMONE_r2_Im090,pooled,r2,0,0.7134185955818333,1
RIMONE_r2_Im092,pooled,r2,0,0.7134041048660869,1
RIMONE_r2_Im094,pooled,r2,0,0.7153628703318435,1
RIMONE_r2_Im096,pooled,r2,0,0.7130309633912628,1
RIMONE_r2_Im098,pooled,r2,0,0.7133634447082986,1
RIMONE_r2_Im100,pooled,r2,0,0.7139114737113692,1
RIMONE_r2_Im102,pooled,r2,0,0.7130141162671518,1
RIMONE_r2_Im104,pooled,r2,0,0.7132717781315614,1
RIMONE_r2_Im106,pooled,r2,0,0.7140745123425459,1
RIMONE_r2_Im108,pooled,r2,0,0.7132941419477917,1
RIMONE_r2_Im110,pooled,r2,0,0.7134247185310257,1
RIMONE_r2_Im112,pooled,r2,0,0.7129321701532791,1
RIMONE_r2_Im114,pooled,r2,0,0.7137366480615552,1
RIMONE_r2_Im116,pooled,r2,0,0.7129937958625133,1
RIMONE_r2_Im118,pooled,r2,0,0.7131956405527793,1
RIMONE_r2_Im120,pooled,r2,0,0.7129997800635873,1
RIMONE_r2_Im122,pooled,r2,0,0.7130150035985607,1
RIMONE_r2_Im124,pooled,r2,0,0.7135162346635515,1
RIMONE_r2_Im126,pooled,r2,0,0.7148929600810858,1
RIMONE_r2_Im128,pooled,r2,0,0.7132796842121871,1
RIMONE_r2_Im130,pooled,r2,0,0.7130273060427701,1
RIMONE_r2_Im132,pooled,r2,0,0.7129945775462854,1
RIMONE_r2_Im134,pooled,r2,0,0.7150232153642051,1
RIMONE_r2_Im136,pooled,r2,0,0.7130422872429145,1
RIMONE_r2_Im138,pooled,r2,0,0.7146731513562743,1
RIMONE_r2_Im140,pooled,r2,0,0.7132312388394282,1
RIMONE_r2_Im142,pooled,r2,0,0.7131869147800665,1
RIMONE_r2_Im144,pooled,r2,0,0.7131096442902433,1
RIMONE_r2_Im146,pooled,r2,0,0.7130074873045092,1
RIMONE_r2_Im148,pooled,r2,0,0.7130407226634816,1
RIMONE_r2_Im150,pooled,r2,0,0.7134920292712881,1
RIMONE_r2_Im152,pooled,r2,0,0.7131459146619533,1
RIMONE_r2_Im154,pooled,r2,0,0.7132781455169486,1
RIMONE_r2_Im156,pooled,r2,0,0.7131590157044398,1
RIMONE_r2_Im158,pooled,r2,0,0.7130250748250029,1
RIMONE_r2_Im160,pooled,r2,0,0.7130082236753662,1
RIMONE_r2_Im162,pooled,r2,0,0.7153996962918101,1
RIMONE_r2_Im164,pooled,r2,0,0.7182299057243858,1
RIMONE_r2_Im166,pooled,r2,0,0.7134131200664093,1
RIMONE_r2_Im168,pooled,r2,0,0.712933399193339,1
RIMONE_r2_Im170,pooled,r2,0,0.7137019644212392,1
RIMONE_r2_Im172,pooled,r2,0,0.7130873973767216,1
RIMONE_r2_Im174,pooled,r2,0,0.7144102327502269,1
RIMONE_r2_Im176,pooled,r2,0,0.7150683903931793,1
RIMONE_r2_Im178,pooled,r2,0,0.7133237538240436,1
RIMONE_r2_Im180,pooled,r2,0,0.7141910446389301,1
RIMONE_r2_Im182,pooled,r2,0,0.7130496182056,1
RIMONE_r2_Im184,pooled,r2,0,0.713156289523786,1
RIMONE_r2_Im186,pooled,r2,0,0.7133385775204129,1
RIMONE_r2_Im188,pooled,r2,0,0.7169180479048105,1
RIMONE_r2_Im190,pooled,r2,0,0.7131525680451682,1
RIMONE_r2_Im192,pooled,r2,0,0.7131269677662913,1
RIMONE_r2_Im194,pooled,r2,0,0.7141018663573506,1
RIMONE_r2_Im196,pooled,r2,0,0.7131048663868116,1
RIMONE_r2_Im198,pooled,r2,0,0.7131284429527109,1
RIMONE_r2_Im200,pooled,r2,0,0.714270899583137,1
RIMONE_r2_Im202,pooled,r2,0,0.7151897540225857,1
RIMONE_r2_Im206,pooled,r2,0,0.7136669619002458,1
RIMONE_r2_Im208,pooled,r2,0,0.7134547786608675,1
RIMONE_r2_Im210,pooled,r2,0,0.7133135682623575,1
RIMONE_r2_Im212,pooled,r2,0,0.7130038491572084,1
RIMONE_r2_Im214,pooled,r2,0,0.7139753785523626,1
RIMONE_r2_Im216,pooled,r2,0,0.7130233636631714,1
RIMONE_r2_Im218,pooled,r2,0,0.7132708497926675,1
RIMONE_r2_Im220,pooled,r2,0,0.7155185649287562,1
RIMONE_r2_Im222,pooled,r2,0,0.7133619630855998,1
RIMONE_r2_Im224,pooled,r2,0,0.7129983835910574,1
RIMONE_r2_Im226,pooled,r2,0,0.7143408001785156,1
RIMONE_r2_Im228,pooled,r2,0,0.718730276261609,1
RIMONE_r2_Im230,pooled,r2,0,0.7121185224865105,1
RIMONE_r2_Im232,pooled,r2,0,0.7156034861710305,1
RIMONE_r2_Im234,pooled,r2,0,0.7139522147737202,1
RIMONE_r2_Im236,pooled,r2,0,0.7129945345854628,1
RIMONE_r2_Im238,pooled,r2,0,0.7136295843836615,1
RIMONE_r2_Im240,pooled,r2,0,0.7138276439983403,1
RIMONE_r2_Im242,pooled,r2,0,0.7132938092563682,1
RIMONE_r2_Im244,pooled,r2,0,0.7130241707618294,1
RIMONE_r2_Im246,pooled,r2,0,0.7142295569167395,1
RIMONE_r2_Im248,pooled,r2,0,0.7136203795379117,1
RIMONE_r2_Im250,pooled,r2,0,0.7143768410196782,1
RIMONE_r2_Im252,pooled,r2,0,0.7135810920443139,1
RIMONE_r2_Im254,pooled,r2,0,0.7130276263848268,1
RIMONE_r3_N-1-L_left_half,pooled,r3,0,0.7259268531171099,1
RIMONE_r3_N-10-R_left_half,pooled,r3,0,0.718845938517951,1
RIMONE_r3_N-11-L_left_half,pooled,r3,0,0.7196053181296709,1
RIMONE_r3_N-12-R_left_half,pooled,r3,0,0.7203187003287347,1
RIMONE_r3_N-13-L_left_half,pooled,r3,0,0.7167718547103258,1
RIMONE_r3_N-14-R_left_half,pooled,r3,0,0.7130482584094411,1
RIMONE_r3_N-16-R_left_half,pooled,r3,0,0.7131894117743952,1
RIMONE_r3_N-17-L_left_half,pooled,r3,0,0.7198219283862457,1
RIMONE_r3_N-18-R_left_half,pooled,r3,0,0.7139770239509673,1
RIMONE_r3_N-2-R_left_half,pooled,r3,0,0.7225753801236114,1
RIMONE_r3_N-20-R_left_half,pooled,r3,0,0.7130016722222927,1
RIMONE_r3_N-21-L_left_half,pooled,r3,0,0.7134836199263612,1
RIMONE_r3_N-22-R_left_half,pooled,r3,0,0.7145214400351901,1
RIMONE_r3_N-23-L_left_half,pooled,r3,0,0.7160732694995946,1
RIMONE_r3_N-24-R_left_half,pooled,r3,0,0.7183519093564282,1
RIMONE_r3_N-25-L_left_half,pooled,r3,0,0.7139841044888932,1
RIMONE_r3_N-26-R_left_half,pooled,r3,0,0.7132806342826454,1
RIMONE_r3_N-27-L_left_half,pooled,r3,0,0.7132215175096539,1
RIMONE_r3_N-28-R_left_half,pooled,r3,0,0.7133501099927215,1
RIMONE_r3_N-29-L_left_half,pooled,r3,0,0.7160041915406656,1
RIMONE_r3_N-3-L_left_half,pooled,r3,0,0.7134600197574459,1
RIMONE_r3_N-30-R_left_half,pooled,r3,0,0.715994880433283,1
RIMONE_r3_N-31-L_left_half,pooled,r3,0,0.7135034388855337,1
RIMONE_r3_N-32-R_left_half,pooled,r3,0,0.714192660624931,1
RIMONE_r3_N-33-L_left_half,pooled,r3,0,0.7164297548613746,1
RIMONE_r3_N-34-R_left_half,pooled,r3,0,0.7170144663777961,1
RIMONE_r3_N-35-L_left_half,pooled,r3,0,0.7178475613825482,1
RIMONE_r3_N-36-R_left_half,pooled,r3,0,0.7156073468162674,1
RIMONE_r3_N-37-L_left_half,pooled,r3,0,0.7140658512374136,1
RIMONE_r3_N-38-R_left_half,pooled,r3,0,0.7149662470890744,1
RIMONE_r3_N-39-L_left_half,pooled,r3,0,0.7173835492411785,1
RIMONE_r3_N-4-R_left_half,pooled,r3,0,0.7133524643594946,1
RIMONE_r3_N-40-R_left_half,pooled,r3,0,0.7167671230300232,1
RIMONE_r3_N-41-L_left_half,pooled,r3,0,0.7160150861738392,1
RIMONE_r3_N-42-R_left_half,pooled,r3,0,0.7159657127774954,1
RIMONE_r3_N-43-L_left_half,pooled,r3,0,0.7174184934902179,1
RIMONE_r3_N-44-R_left_half,pooled,r3,0,0.7167699073139475,1
RIMONE_r3_N-46-R_left_half,pooled,r3,0,0.7183730867000084,1
RIMONE_r3_N-47-L_left_half,pooled,r3,0,0.7162701630185268,1
RIMONE_r3_N-48-R_left_half,pooled,r3,0,0.7190336898804003,1
RIMONE_r3_N-49-L_left_half,pooled,r3,0,0.713965150796309,1
RIMONE_r3_N-5-L_left_half,pooled,r3,0,0.7130522848640036,1
RIMONE_r3_N-50-R_left_half,pooled,r3,0,0.7145262563568933,1
RIMONE_r3_N-51-L_left_half,pooled,r3,0,0.7165376366799459,1
RIMONE_r3_N-52-R_left_half,pooled,r3,0,0.7205833491624392,1
RIMONE_r3_N-53-L_left_half,pooled,r3,0,0.7200702412661732,1
RIMONE_r3_N-54-R_left_half,pooled,r3,0,0.7182127477923121,1
RIMONE_r3_N-55-L_left_half,pooled,r3,0,0.7177538513538154,1
RIMONE_r3_N-56-R_left_half,pooled,r3,0,0.7207626007190193,1
RIMONE_r3_N-58-R_left_half,pooled,r3,0,0.7147096592048754,1
RIMONE_r3_N-59-L_left_half,pooled,r3,0,0.7133985241081323,1
RIMONE_r3_N-6-R_left_half,pooled,r3,0,0.7156940895336203,1
RIMONE_r3_N-61-L_left_half,pooled,r3,0,0.718068764321954,1
RIMONE_r3_N-62-R_left_half,pooled,r3,0,0.7163745345524044,1
RIMONE_r3_N-63-L_left_half,pooled,r3,0,0.7154134677837481,1
RIMONE_r3_N-64-R_left_half,pooled,r3,0,0.7131163026729768,1
RIMONE_r3_N-65-L_left_half,pooled,r3,0,0.7188993772145427,1
RIMONE_r3_N-66-R_left_half,pooled,r3,0,0.7115510951502065,1
RIMONE_r3_N-67-L_left_half,pooled,r3,0,0.7174455586222657,1
RIMONE_r3_N-68-R_left_half,pooled,r3,0,0.7173605051929612,1
RIMONE_r3_N-69-L_left_half,pooled,r3,0,0.7193873943831255,1
RIMONE_r3_N-7-L_left_half,pooled,r3,0,0.7157045553244964,1
RIMONE_r3_N-70-R_left_half,pooled,r3,0,0.7130553884450799,1
RIMONE_r3_N-71-L_left_half,pooled,r3,0,0.7186684961109602,1
RIMONE_r3_N-72-R_left_half,pooled,r3,0,0.7132087524270057,1
RIMONE_r3_N-73-R_left_half,pooled,r3,0,0.713584790418615,1
RIMONE_r3_N-74-L_left_half,pooled,r3,0,0.7136420145604978,1
RIMONE_r3_N-75-R_left_half,pooled,r3,0,0.7142477398295977,1
RIMONE_r3_N-76-R_left_half,pooled,r3,0,0.7143024453633523,1
RIMONE_r3_N-78-R_left_half,pooled,r3,0,0.7132000333959201,1
RIMONE_r3_N-79-L_left_half,pooled,r3,0,0.7147557924348891,1
RIMONE_r3_N-8-L_left_half,pooled,r3,0,0.7137528756505273,1
RIMONE_r3_N-80-R_left_half,pooled,r3,0,0.7093900913593124,1
RIMONE_r3_N-81-L_left_half,pooled,r3,0,0.7219225835434913,1
RIMONE_r3_N-82-R_left_half,pooled,r3,0,0.7249465944253697,1
RIMONE_r3_N-83-L_left_half,pooled,r3,0,0.7119435925563887,1
RIMONE_r3_N-84-R_left_half,pooled,r3,0,0.7210355737523189,1
RIMONE_r3_N-85-L_left_half,pooled,r3,0,0.7145425421087489,1
RIMONE_r3_N-86-R_left_half,pooled,r3,0,0.7143383147689388,1
RIMONE_r3_N-87-L_left_half,pooled,r3,0,0.7142534484238539,1
RIMONE_r3_N-88-R_left_half,pooled,r3,0,0.7133619237030734,1
RIMONE_r3_N-9-L_left_half,pooled,r3,0,0.7145387269982291,1
RIMONE_r3_N-90-R_left_half,pooled,r3,0,0.7142296773199602,1
RIMONE_r3_N-91-L_left_half,pooled,r3,0,0.7168976192068566,1
RIMONE_r3_N-92-R_left_half,pooled,r3,0,0.7147772043677552,1
