image_id,outer_fold,hospital,y_true,y_prob,y_pred
RIMONE_r1_Im069,0,r1,1,0.7439962029457092,1
RIMONE_r1_Im103,0,r1,1,0.9053654074668884,1
RIMONE_r1_Im113,0,r1,1,0.8065574765205383,1
RIMONE_r1_Im117,0,r1,1,0.8681492805480957,1
RIMONE_r1_Im118,0,r1,1,0.6824361681938171,1
RIMONE_r1_Im120,0,r1,1,0.268500953912735,0
RIMONE_r1_Im121,0,r1,1,0.7024604678153992,1
RIMONE_r1_Im122,0,r1,1,0.7831397652626038,1
RIMONE_r1_Im135,0,r1,1,0.9177867770195007,1
RIMONE_r1_Im144,0,r1,1,0.7526893019676208,1
RIMONE_r1_Im158,0,r1,1,0.6374944448471069,1
RIMONE_r1_Im167,0,r1,1,0.9392293095588684,1
RIMONE_r2_Im257,0,r2,1,0.895479679107666,1
RIMONE_r2_Im258,0,r2,1,0.6053366661071777,1
RIMONE_r2_Im260,0,r2,1,0.6053366661071777,1
RIMONE_r2_Im263,0,r2,1,0.6586409211158752,1
RIMONE_r2_Im264,0,r2,1,0.8121734857559204,1
RIMONE_r2_Im266,0,r2,1,0.6529014110565186,1
RIMONE_r2_Im267,0,r2,1,0.5270050168037415,1
RIMONE_r2_Im268,0,r2,1,0.16806721687316895,0
RIMONE_r2_Im269,0,r2,1,0.6529014110565186,1
RIMONE_r2_Im270,0,r2,1,0.7906135320663452,1
RIMONE_r2_Im273,0,r2,1,0.8103860020637512,1
RIMONE_r2_Im275,0,r2,1,0.7024604678153992,1
RIMONE_r2_Im277,0,r2,1,0.6239572167396545,1
RIMONE_r2_Im281,0,r2,1,0.651527464389801,1
RIMONE_r2_Im287,0,r2,1,0.6125773787498474,1
RIMONE_r2_Im288,0,r2,1,0.6529014110565186,1
RIMONE_r2_Im289,0,r2,1,0.7715431451797485,1
RIMONE_r2_Im290,0,r2,1,0.686709463596344,1
RIMONE_r2_Im291,0,r2,1,0.8990929126739502,1
RIMONE_r2_Im292,0,r2,1,0.9037894010543823,1
RIMONE_r2_Im293,0,r2,1,0.38050755858421326,0
RIMONE_r2_Im294,0,r2,1,0.17536357045173645,0
RIMONE_r2_Im301,0,r2,1,0.8452040553092957,1
RIMONE_r2_Im302,0,r2,1,0.823432207107544,1
RIMONE_r2_Im303,0,r2,1,0.8167161345481873,1
RIMONE_r2_Im305,0,r2,1,0.8167161345481873,1
RIMONE_r2_Im314,0,r2,1,0.6666479110717773,1
RIMONE_r2_Im315,0,r2,1,0.7596921324729919,1
RIMONE_r2_Im317,0,r2,1,0.6239572167396545,1
RIMONE_r2_Im318,0,r2,1,0.6053366661071777,1
RIMONE_r2_Im319,0,r2,1,0.7573890686035156,1
RIMONE_r2_Im320,0,r2,1,0.6053366661071777,1
RIMONE_r2_Im321,0,r2,1,0.7561230063438416,1
RIMONE_r2_Im324,0,r2,1,0.8167161345481873,1
RIMONE_r2_Im329,0,r2,1,0.862255871295929,1
RIMONE_r2_Im330,0,r2,1,0.7832484841346741,1
RIMONE_r2_Im331,0,r2,1,0.6053366661071777,1
RIMONE_r2_Im332,0,r2,1,0.6704993844032288,1
RIMONE_r2_Im333,0,r2,1,0.8167161345481873,1
RIMONE_r2_Im334,0,r2,1,0.6239572167396545,1
RIMONE_r2_Im338,0,r2,1,0.6053366661071777,1
RIMONE_r2_Im339,0,r2,1,0.823432207107544,1
RIMONE_r2_Im343,0,r2,1,0.6229497790336609,1
RIMONE_r2_Im344,0,r2,1,0.8745803236961365,1
RIMONE_r1_Im001,0,r1,0,0.6229497790336609,1
RIMONE_r1_Im003,0,r1,0,0.8526485562324524,1
RIMONE_r1_Im004,0,r1,0,0.7831397652626038,1
RIMONE_r1_Im006,0,r1,0,0.8921055793762207,1
RIMONE_r1_Im008,0,r1,0,0.6053366661071777,1
RIMONE_r1_Im011,0,r1,0,0.6053366661071777,1
RIMONE_r1_Im012,0,r1,0,0.6053366661071777,1
RIMONE_r1_Im014,0,r1,0,0.6774011254310608,1
RIMONE_r1_Im015,0,r1,0,0.8681492805480957,1
RIMONE_r1_Im019,0,r1,0,0.8077007532119751,1
RIMONE_r1_Im020,0,r1,0,0.686709463596344,1
RIMONE_r1_Im022,0,r1,0,0.6917903423309326,1
RIMONE_r1_Im023,0,r1,0,0.6917903423309326,1
RIMONE_r1_Im024,0,r1,0,0.8225815296173096,1
RIMONE_r1_Im025,0,r1,0,0.8225815296173096,1
RIMONE_r1_Im026,0,r1,0,0.7369241714477539,1
RIMONE_r1_Im027,0,r1,0,0.6053366661071777,1
RIMONE_r1_Im028,0,r1,0,0.825748085975647,1
RIMONE_r1_Im029,0,r1,0,0.7611981630325317,1
RIMONE_r1_Im031,0,r1,0,0.8225815296173096,1
RIMONE_r1_Im032,0,r1,0,0.6053366661071777,1
RIMONE_r1_Im033,0,r1,0,0.6053366661071777,1
RIMONE_r1_Im036,0,r1,0,0.7893313765525818,1
RIMONE_r1_Im037,0,r1,0,0.7611981630325317,1
RIMONE_r1_Im040,0,r1,0,0.6529014110565186,1
RIMONE_r1_Im041,0,r1,0,0.6239572167396545,1
RIMONE_r1_Im042,0,r1,0,0.6666479110717773,1
RIMONE_r1_Im046,0,r1,0,0.6053366661071777,1
RIMONE_r1_Im047,0,r1,0,0.6053366661071777,1
RIMONE_r1_Im050,0,r1,0,0.7150905132293701,1
RIMONE_r1_Im052,0,r1,0,0.823432207107544,1
RIMONE_r1_Im054,0,r1,0,0.6704993844032288,1
RIMONE_r1_Im055,0,r1,0,0.9242321252822876,1
RIMONE_r1_Im056,0,r1,0,0.8802382349967957,1
RIMONE_r1_Im057,0,r1,0,0.8225815296173096,1
RIMONE_r1_Im058,0,r1,0,0.8298375010490417,1
RIMONE_r1_Im059,0,r1,0,0.6053366661071777,1
RIMONE_r1_Im060,0,r1,0,0.7431618571281433,1
RIMONE_r1_Im061,0,r1,0,0.7313364744186401,1
RIMONE_r1_Im062,0,r1,0,0.8042741417884827,1
RIMONE_r1_Im063,0,r1,0,0.7024604678153992,1
RIMONE_r1_Im071,0,r1,0,0.7526893019676208,1
RIMONE_r1_Im072,0,r1,0,0.8921055793762207,1
RIMONE_r1_Im073,0,r1,0,0.8298375010490417,1
RIMONE_r1_Im080,0,r1,0,0.9467526078224182,1
RIMONE_r1_Im082,0,r1,0,0.8588857054710388,1
RIMONE_r1_Im086,0,r1,0,0.9163569211959839,1
RIMONE_r1_Im087,0,r1,0,0.9177867770195007,1
RIMONE_r1_Im095,0,r1,0,0.5610654354095459,1
RIMONE_r1_Im107,0,r1,0,0.7036421895027161,1
RIMONE_r1_Im108,0,r1,0,0.7024604678153992,1
RIMONE_r1_Im115,0,r1,0,0.9177867770195007,1
RIMONE_r1_Im116,0,r1,0,0.7024604678153992,1
RIMONE_r1_Im119,0,r1,0,0.9445104598999023,1
RIMONE_r1_Im125,0,r1,0,0.7849082350730896,1
RIMONE_r1_Im127,0,r1,0,0.7024604678153992,1
RIMONE_r1_Im128,0,r1,0,0.5610654354095459,1
RIMONE_r1_Im129,0,r1,0,0.9177867770195007,1
RIMONE_r1_Im130,0,r1,0,0.9177867770195007,1
RIMONE_r1_Im131,0,r1,0,0.8042741417884827,1
RIMONE_r1_Im132,0,r1,0,0.8001124858856201,1
RIMONE_r1_Im133,0,r1,0,0.7024604678153992,1
RIMONE_r1_Im136,0,r1,0,0.8826531171798706,1
RIMONE_r1_Im137,0,r1,0,0.9445104598999023,1
RIMONE_r1_Im138,0,r1,0,0.8284760117530823,1
RIMONE_r1_Im142,0,r1,0,0.9392293095588684,1
RIMONE_r1_Im143,0,r1,0,0.9418933987617493,1
RIMONE_r1_Im145,0,r1,0,0.9429137706756592,1
RIMONE_r1_Im146,0,r1,0,0.708850622177124,1
RIMONE_r1_Im149,0,r1,0,0.8928481340408325,1
RIMONE_r1_Im150,0,r1,0,0.8755923509597778,1
RIMONE_r1_Im151,0,r1,0,0.8921055793762207,1
RIMONE_r1_Im152,0,r1,0,0.9467858672142029,1
RIMONE_r1_Im153,0,r1,0,0.8921055793762207,1
RIMONE_r1_Im154,0,r1,0,0.9177867770195007,1
RIMONE_r1_Im155,0,r1,0,0.8921055793762207,1
RIMONE_r1_Im156,0,r1,0,0.8298375010490417,1
RIMONE_r1_Im159,0,r1,0,0.6331385374069214,1
RIMONE_r1_Im161,0,r1,0,0.8681492805480957,1
RIMONE_r1_Im162,0,r1,0,0.9177867770195007,1
RIMONE_r1_Im163,0,r1,0,0.7526893019676208,1
RIMONE_r1_Im164,0,r1,0,0.9177867770195007,1
RIMONE_r1_Im165,0,r1,0,0.5925836563110352,1
RIMONE_r1_Im166,0,r1,0,0.914427638053894,1
RIMONE_r1_Im168,0,r1,0,0.8681492805480957,1
RIMONE_r1_Im169,0,r1,0,0.8681492805480957,1
RIMONE_r2_Im001,0,r2,0,0.8183291554450989,1
RIMONE_r2_Im002,0,r2,0,0.6529014110565186,1
RIMONE_r2_Im003,0,r2,0,0.7573890686035156,1
RIMONE_r2_Im004,0,r2,0,0.6529014110565186,1
RIMONE_r2_Im005,0,r2,0,0.6704993844032288,1
RIMONE_r2_Im006,0,r2,0,0.6053366661071777,1
RIMONE_r2_Im007,0,r2,0,0.6529014110565186,1
RIMONE_r2_Im009,0,r2,0,0.6053366661071777,1
RIMONE_r2_Im010,0,r2,0,0.7715431451797485,1
RIMONE_r2_Im011,0,r2,0,0.830131471157074,1
RIMONE_r2_Im012,0,r2,0,0.6053366661071777,1
RIMONE_r2_Im013,0,r2,0,0.6666479110717773,1
RIMONE_r2_Im014,0,r2,0,0.6529014110565186,1
RIMONE_r2_Im015,0,r2,0,0.6529014110565186,1
RIMONE_r2_Im016,0,r2,0,0.6181293725967407,1
RIMONE_r2_Im017,0,r2,0,0.6053366661071777,1
RIMONE_r2_Im018,0,r2,0,0.6418904662132263,1
RIMONE_r2_Im019,0,r2,0,0.6704993844032288,1
RIMONE_r2_Im020,0,r2,0,0.6053366661071777,1
RIMONE_r2_Im021,0,r2,0,0.8258755803108215,1
RIMONE_r2_Im022,0,r2,0,0.9037894010543823,1
RIMONE_r2_Im023,0,r2,0,0.6704993844032288,1
RIMONE_r2_Im024,0,r2,0,0.7202938199043274,1
RIMONE_r2_Im025,0,r2,0,0.571789026260376,1
RIMONE_r2_Im026,0,r2,0,0.6181293725967407,1
RIMONE_r2_Im027,0,r2,0,0.6053366661071777,1
RIMONE_r2_Im028,0,r2,0,0.6917903423309326,1
RIMONE_r2_Im029,0,r2,0,0.5434466004371643,1
RIMONE_r2_Im030,0,r2,0,0.6229497790336609,1
RIMONE_r2_Im031,0,r2,0,0.7222614288330078,1
RIMONE_r2_Im032,0,r2,0,0.7573890686035156,1
RIMONE_r2_Im033,0,r2,0,0.6704993844032288,1
RIMONE_r2_Im347,0,r2,1,0.12913082540035248,0
RIMONE_r2_Im348,0,r2,1,0.6239572167396545,1
RIMONE_r2_Im351,0,r2,1,0.6189700365066528,1
RIMONE_r2_Im352,0,r2,1,0.603176474571228,1
RIMONE_r2_Im354,0,r2,1,0.801824152469635,1
RIMONE_r2_Im355,0,r2,1,0.9037894010543823,1
RIMONE_r2_Im356,0,r2,1,0.7964529991149902,1
RIMONE_r2_Im357,0,r2,1,0.8275826573371887,1
RIMONE_r2_Im358,0,r2,1,0.5300596952438354,1
RIMONE_r2_Im362,0,r2,1,0.862255871295929,1
RIMONE_r2_Im365,0,r2,1,0.7202938199043274,1
RIMONE_r2_Im366,0,r2,1,0.8133718371391296,1
RIMONE_r2_Im369,0,r2,1,0.5502980947494507,1
RIMONE_r2_Im373,0,r2,1,0.801824152469635,1
RIMONE_r2_Im376,0,r2,1,0.5212591886520386,1
RIMONE_r2_Im377,0,r2,1,0.5237639546394348,1
RIMONE_r2_Im383,0,r2,1,0.5212591886520386,1
RIMONE_r2_Im384,0,r2,1,0.9011436104774475,1
RIMONE_r2_Im385,0,r2,1,0.801824152469635,1
RIMONE_r2_Im387,0,r2,1,0.8121734857559204,1
RIMONE_r2_Im388,0,r2,1,0.801824152469635,1
RIMONE_r2_Im389,0,r2,1,0.801824152469635,1
RIMONE_r2_Im390,0,r2,1,0.9011436104774475,1
RIMONE_r2_Im391,0,r2,1,0.801824152469635,1
RIMONE_r2_Im392,0,r2,1,0.801824152469635,1
RIMONE_r2_Im393,0,r2,1,0.5088584423065186,1
RIMONE_r2_Im398,0,r2,1,0.15366099774837494,0
RIMONE_r2_Im399,0,r2,1,0.3162688612937927,0
RIMONE_r2_Im400,0,r2,1,0.801824152469635,1
RIMONE_r2_Im401,0,r2,1,0.801824152469635,1
RIMONE_r2_Im402,0,r2,1,0.42768821120262146,0
RIMONE_r2_Im403,0,r2,1,0.7091807126998901,1
RIMONE_r2_Im404,0,r2,1,0.9011436104774475,1
RIMONE_r2_Im406,0,r2,1,0.6365088224411011,1
RIMONE_r2_Im407,0,r2,1,0.6239572167396545,1
RIMONE_r2_Im408,0,r2,1,0.6053366661071777,1
RIMONE_r2_Im414,0,r2,1,0.862255871295929,1
RIMONE_r2_Im415,0,r2,1,0.6053366661071777,1
RIMONE_r2_Im416,0,r2,1,0.7202938199043274,1
RIMONE_r2_Im418,0,r2,1,0.8981223106384277,1
RIMONE_r2_Im419,0,r2,1,0.5212591886520386,1
RIMONE_r2_Im420,0,r2,1,0.6053366661071777,1
RIMONE_r2_Im421,0,r2,1,0.5212591886520386,1
RIMONE_r2_Im422,0,r2,1,0.8133718371391296,1
RIMONE_r2_Im424,0,r2,1,0.6053366661071777,1
RIMONE_r2_Im427,0,r2,1,0.1346256583929062,0
RIMONE_r2_Im428,0,r2,1,0.8981223106384277,1
RIMONE_r2_Im429,0,r2,1,0.6704993844032288,1
RIMONE_r2_Im432,0,r2,1,0.6412318348884583,1
RIMONE_r2_Im433,0,r2,1,0.5666844248771667,1
RIMONE_r2_Im436,0,r2,1,0.6053366661071777,1
RIMONE_r2_Im439,0,r2,1,0.7785742282867432,1
RIMONE_r2_Im441,0,r2,1,0.8065574765205383,1
RIMONE_r2_Im442,0,r2,1,0.9037894010543823,1
RIMONE_r2_Im443,0,r2,1,0.9011436104774475,1
RIMONE_r2_Im444,0,r2,1,0.801824152469635,1
RIMONE_r2_Im445,0,r2,1,0.6890578269958496,1
RIMONE_r2_Im448,0,r2,1,0.8121734857559204,1
RIMONE_r2_Im449,0,r2,1,0.8232510685920715,1
RIMONE_r2_Im450,0,r2,1,0.5540146827697754,1
RIMONE_r2_Im451,0,r2,1,0.801824152469635,1
RIMONE_r2_Im453,0,r2,1,0.45265012979507446,0
RIMONE_r2_Im454,0,r2,1,0.5300596952438354,1
RIMONE_r2_Im455,0,r2,1,0.5465757846832275,1
RIMONE_r3_G-1-L_left_half,0,r3,1,0.8241621255874634,1
RIMONE_r3_G-10-L_left_half,0,r3,1,0.7183007597923279,1
RIMONE_r3_G-11-R_left_half,0,r3,1,0.852851152420044,1
RIMONE_r3_G-12-L_left_half,0,r3,1,0.8530761003494263,1
RIMONE_r3_G-13-R_left_half,0,r3,1,0.7312785387039185,1
RIMONE_r3_G-14-R_left_half,0,r3,1,0.9108643531799316,1
RIMONE_r3_G-15-L_left_half,0,r3,1,0.8241621255874634,1
RIMONE_r3_G-16-R_left_half,0,r3,1,0.7842893004417419,1
RIMONE_r3_G-17-L_left_half,0,r3,1,0.6481962203979492,1
RIMONE_r3_G-18-R_left_half,0,r3,1,0.7518905401229858,1
RIMONE_r3_G-2-R_left_half,0,r3,1,0.9011436104774475,1
RIMONE_r3_G-22-L_left_half,0,r3,1,0.8111878633499146,1
RIMONE_r3_G-23-R_left_half,0,r3,1,0.7238242626190186,1
RIMONE_r3_G-25-L_left_half,0,r3,1,0.708850622177124,1
RIMONE_r3_G-27-R_left_half,0,r3,1,0.6463683843612671,1
RIMONE_r3_G-29-R_left_half,0,r3,1,0.9037894010543823,1
RIMONE_r3_G-3-R_left_half,0,r3,1,0.8289128541946411,1
RIMONE_r3_G-30-L_left_half,0,r3,1,0.7185880541801453,1
RIMONE_r3_G-31-R_left_half,0,r3,1,0.489923357963562,0
RIMONE_r3_G-32-L_left_half,0,r3,1,0.45883044600486755,0
RIMONE_r3_G-33-R_left_half,0,r3,1,0.7916001081466675,1
RIMONE_r3_G-34-L_left_half,0,r3,1,0.6490618586540222,1
RIMONE_r3_G-35-R_left_half,0,r3,1,0.904419481754303,1
RIMONE_r3_G-37-R_left_half,0,r3,1,0.7185880541801453,1
RIMONE_r3_G-38-L_left_half,0,r3,1,0.9392293095588684,1
RIMONE_r3_G-39-L_left_half,0,r3,1,0.5834190249443054,1
RIMONE_r3_G-6-L_left_half,0,r3,1,0.7948091626167297,1
RIMONE_r3_G-8-R_left_half,0,r3,1,0.6181293725967407,1
RIMONE_r3_G-9-R_left_half,0,r3,1,0.9053654074668884,1
RIMONE_r3_S-1-L_left_half,0,r3,1,0.7202938199043274,1
RIMONE_r3_S-10-R_left_half,0,r3,1,0.652178168296814,1
RIMONE_r3_S-11-L_left_half,0,r3,1,0.8042741417884827,1
RIMONE_r3_S-12-L_left_half,0,r3,1,0.6415531039237976,1
RIMONE_r3_S-13-R_left_half,0,r3,1,0.9429137706756592,1
RIMONE_r3_S-14-R_left_half,0,r3,1,0.862255871295929,1
RIMONE_r3_S-18-L_left_half,0,r3,1,0.8246625065803528,1
RIMONE_r3_S-19-R_left_half,0,r3,1,0.7785742282867432,1
RIMONE_r3_S-2-L_left_half,0,r3,1,0.7611981630325317,1
RIMONE_r3_S-20-L_left_half,0,r3,1,0.9392293095588684,1
RIMONE_r3_S-21-R_left_half,0,r3,1,0.7185880541801453,1
RIMONE_r3_S-25-L_left_half,0,r3,1,0.6699301600456238,1
RIMONE_r3_S-26-R_left_half,0,r3,1,0.9458306431770325,1
RIMONE_r3_S-28-R_left_half,0,r3,1,0.718721330165863,1
RIMONE_r3_S-29-R_left_half,0,r3,1,0.7893313765525818,1
RIMONE_r3_S-30-L_left_half,0,r3,1,0.7024604678153992,1
RIMONE_r3_S-31-L_left_half,0,r3,1,0.8013471961021423,1
RIMONE_r3_S-32-L_left_half,0,r3,1,0.7611981630325317,1
RIMONE_r3_S-33-R_left_half,0,r3,1,0.7893313765525818,1
RIMONE_r3_S-35-R_left_half,0,r3,1,0.9445104598999023,1
RIMONE_r3_S-4-L_left_half,0,r3,1,0.7393121123313904,1
RIMONE_r3_S-6-R_left_half,0,r3,1,0.46738192439079285,0
RIMONE_r3_S-9-L_left_half,0,r3,1,0.6453284025192261,1
RIMONE_r2_Im034,0,r2,0,0.5212591886520386,1
RIMONE_r2_Im036,0,r2,0,0.7369340062141418,1
RIMONE_r2_Im038,0,r2,0,0.7024604678153992,1
RIMONE_r2_Im040,0,r2,0,0.6239572167396545,1
RIMONE_r2_Im042,0,r2,0,0.8065574765205383,1
RIMONE_r2_Im044,0,r2,0,0.5998368263244629,1
RIMONE_r2_Im046,0,r2,0,0.5212591886520386,1
RIMONE_r2_Im048,0,r2,0,0.8065574765205383,1
RIMONE_r2_Im050,0,r2,0,0.6917903423309326,1
RIMONE_r2_Im052,0,r2,0,0.6704993844032288,1
RIMONE_r2_Im054,0,r2,0,0.5909227132797241,1
RIMONE_r2_Im056,0,r2,0,0.6704993844032288,1
RIMONE_r2_Im058,0,r2,0,0.6053366661071777,1
RIMONE_r2_Im060,0,r2,0,0.5212591886520386,1
RIMONE_r2_Im062,0,r2,0,0.7431618571281433,1
RIMONE_r2_Im064,0,r2,0,0.6917903423309326,1
RIMONE_r2_Im066,0,r2,0,0.40367981791496277,0
RIMONE_r2_Im068,0,r2,0,0.7526893019676208,1
RIMONE_r2_Im070,0,r2,0,0.6917903423309326,1
RIMONE_r2_Im072,0,r2,0,0.6053366661071777,1
RIMONE_r2_Im074,0,r2,0,0.6529014110565186,1
RIMONE_r2_Im076,0,r2,0,0.6053366661071777,1
RIMONE_r2_Im078,0,r2,0,0.6917903423309326,1
RIMONE_r2_Im080,0,r2,0,0.5212591886520386,1
RIMONE_r2_Im082,0,r2,0,0.9011436104774475,1
RIMONE_r2_Im084,0,r2,0,0.9037894010543823,1
RIMONE_r2_Im086,0,r2,0,0.7369340062141418,1
RIMONE_r2_Im088,0,r2,0,0.6053366661071777,1
RIMONE_r2_Im090,0,r2,0,0.6181293725967407,1
RIMONE_r2_Im092,0,r2,0,0.6053366661071777,1
RIMONE_r2_Im094,0,r2,0,0.8681492805480957,1
RIMONE_r2_Im096,0,r2,0,0.7024604678153992,1
RIMONE_r2_Im098,0,r2,0,0.7613211274147034,1
RIMONE_r2_Im100,0,r2,0,0.7518905401229858,1
RIMONE_r2_Im102,0,r2,0,0.6053366661071777,1
RIMONE_r2_Im104,0,r2,0,0.7024604678153992,1
RIMONE_r2_Im106,0,r2,0,0.7202938199043274,1
RIMONE_r2_Im108,0,r2,0,0.5998368263244629,1
RIMONE_r2_Im110,0,r2,0,0.7831397652626038,1
RIMONE_r2_Im112,0,r2,0,0.6229497790336609,1
RIMONE_r2_Im114,0,r2,0,0.6053366661071777,1
RIMONE_r2_Im116,0,r2,0,0.6053366661071777,1
RIMONE_r2_Im118,0,r2,0,0.7431618571281433,1
RIMONE_r2_Im120,0,r2,0,0.6917903423309326,1
RIMONE_r2_Im122,0,r2,0,0.7024604678153992,1
RIMONE_r2_Im124,0,r2,0,0.5408376455307007,1
RIMONE_r2_Im126,0,r2,0,0.15366099774837494,0
RIMONE_r2_Im128,0,r2,0,0.5212591886520386,1
RIMONE_r2_Im130,0,r2,0,0.7024604678153992,1
RIMONE_r2_Im132,0,r2,0,0.5998368263244629,1
RIMONE_r2_Im134,0,r2,0,0.8526485562324524,1
RIMONE_r2_Im136,0,r2,0,0.7431618571281433,1
RIMONE_r2_Im138,0,r2,0,0.8588857054710388,1
RIMONE_r2_Im140,0,r2,0,0.7518905401229858,1
RIMONE_r2_Im142,0,r2,0,0.7024604678153992,1
RIMONE_r2_Im144,0,r2,0,0.6053366661071777,1
RIMONE_r2_Im146,0,r2,0,0.7526893019676208,1
RIMONE_r2_Im148,0,r2,0,0.6917903423309326,1
RIMONE_r2_Im150,0,r2,0,0.7369340062141418,1
RIMONE_r2_Im152,0,r2,0,0.7024604678153992,1
RIMONE_r2_Im154,0,r2,0,0.6053366661071777,1
RIMONE_r2_Im156,0,r2,0,0.6917903423309326,1
RIMONE_r2_Im158,0,r2,0,0.6917903423309326,1
RIMONE_r2_Im160,0,r2,0,0.6917903423309326,1
RIMONE_r2_Im162,0,r2,0,0.6239572167396545,1
RIMONE_r2_Im164,0,r2,0,0.603176474571228,1
RIMONE_r2_Im166,0,r2,0,0.6053366661071777,1
RIMONE_r2_Im168,0,r2,0,0.2995169162750244,0
RIMONE_r2_Im170,0,r2,0,0.8225815296173096,1
RIMONE_r2_Im172,0,r2,0,0.5212591886520386,1
RIMONE_r2_Im174,0,r2,0,0.6053366661071777,1
RIMONE_r2_Im176,0,r2,0,0.862255871295929,1
RIMONE_r2_Im178,0,r2,0,0.7431618571281433,1
RIMONE_r2_Im180,0,r2,0,0.6239572167396545,1
RIMONE_r2_Im182,0,r2,0,0.8225815296173096,1
RIMONE_r2_Im184,0,r2,0,0.6053366661071777,1
RIMONE_r2_Im186,0,r2,0,0.7024604678153992,1
RIMONE_r2_Im188,0,r2,0,0.914427638053894,1
RIMONE_r2_Im190,0,r2,0,0.6053366661071777,1
RIMONE_r2_Im192,0,r2,0,0.7024604678153992,1
RIMONE_r2_Im194,0,r2,0,0.6053366661071777,1
RIMONE_r2_Im196,0,r2,0,0.6917903423309326,1
RIMONE_r2_Im198,0,r2,0,0.6917903423309326,1
RIMONE_r2_Im200,0,r2,0,0.8225815296173096,1
RIMONE_r2_Im202,0,r2,0,0.8981223106384277,1
RIMONE_r2_Im206,0,r2,0,0.7611981630325317,1
RIMONE_r2_Im208,0,r2,0,0.7831397652626038,1
RIMONE_r2_Im210,0,r2,0,0.5212591886520386,1
RIMONE_r2_Im212,0,r2,0,0.6917903423309326,1
RIMONE_r2_Im214,0,r2,0,0.8681492805480957,1
RIMONE_r2_Im216,0,r2,0,0.6917903423309326,1
RIMONE_r2_Im218,0,r2,0,0.6053366661071777,1
RIMONE_r2_Im220,0,r2,0,0.8065574765205383,1
RIMONE_r2_Im222,0,r2,0,0.6181293725967407,1
RIMONE_r2_Im224,0,r2,0,0.7024604678153992,1
RIMONE_r2_Im226,0,r2,0,0.8065574765205383,1
RIMONE_r2_Im228,0,r2,0,0.9011436104774475,1
RIMONE_r2_Im230,0,r2,0,0.26908740401268005,0
RIMONE_r2_Im232,0,r2,0,0.8681492805480957,1
RIMONE_r2_Im234,0,r2,0,0.7431618571281433,1
RIMONE_r2_Im236,0,r2,0,0.8225815296173096,1
RIMONE_r2_Im238,0,r2,0,0.7369340062141418,1
RIMONE_r2_Im240,0,r2,0,0.6053366661071777,1
RIMONE_r2_Im242,0,r2,0,0.862255871295929,1
RIMONE_r2_Im244,0,r2,0,0.6917903423309326,1
RIMONE_r2_Im246,0,r2,0,0.8298375010490417,1
RIMONE_r2_Im248,0,r2,0,0.7893313765525818,1
RIMONE_r2_Im250,0,r2,0,0.5834000706672668,1
RIMONE_r2_Im252,0,r2,0,0.6239572167396545,1
RIMONE_r2_Im254,0,r2,0,0.7431618571281433,1
RIMONE_r3_N-1-L_left_half,0,r3,0,0.8284760117530823,1
RIMONE_r3_N-10-R_left_half,0,r3,0,0.7185880541801453,1
RIMONE_r3_N-11-L_left_half,0,r3,0,0.4225339889526367,0
RIMONE_r3_N-12-R_left_half,0,r3,0,0.42979374527931213,0
RIMONE_r3_N-13-L_left_half,0,r3,0,0.9349040389060974,1
RIMONE_r3_N-14-R_left_half,0,r3,0,0.825748085975647,1
RIMONE_r3_N-16-R_left_half,0,r3,0,0.7893313765525818,1
RIMONE_r3_N-17-L_left_half,0,r3,0,0.9409225583076477,1
RIMONE_r3_N-18-R_left_half,0,r3,0,0.7466136813163757,1
RIMONE_r3_N-2-R_left_half,0,r3,0,0.9409225583076477,1
RIMONE_r3_N-20-R_left_half,0,r3,0,0.7024604678153992,1
RIMONE_r3_N-21-L_left_half,0,r3,0,0.3732508420944214,0
RIMONE_r3_N-22-R_left_half,0,r3,0,0.38712048530578613,0
RIMONE_r3_N-23-L_left_half,0,r3,0,0.825748085975647,1
RIMONE_r3_N-24-R_left_half,0,r3,0,0.5285884737968445,1
RIMONE_r3_N-25-L_left_half,0,r3,0,0.8241621255874634,1
RIMONE_r3_N-26-R_left_half,0,r3,0,0.825748085975647,1
RIMONE_r3_N-27-L_left_half,0,r3,0,0.7962996959686279,1
RIMONE_r3_N-28-R_left_half,0,r3,0,0.7466136813163757,1
RIMONE_r3_N-29-L_left_half,0,r3,0,0.8681492805480957,1
RIMONE_r3_N-3-L_left_half,0,r3,0,0.7024604678153992,1
RIMONE_r3_N-30-R_left_half,0,r3,0,0.862255871295929,1
RIMONE_r3_N-31-L_left_half,0,r3,0,0.7024604678153992,1
RIMONE_r3_N-32-R_left_half,0,r3,0,0.7962996959686279,1
RIMONE_r3_N-33-L_left_half,0,r3,0,0.8460230827331543,1
RIMONE_r3_N-34-R_left_half,0,r3,0,0.9392293095588684,1
RIMONE_r3_N-35-L_left_half,0,r3,0,0.9392293095588684,1
RIMONE_r3_N-36-R_left_half,0,r3,0,0.8284760117530823,1
RIMONE_r3_N-37-L_left_half,0,r3,0,0.8921055793762207,1
RIMONE_r3_N-38-R_left_half,0,r3,0,0.5399627685546875,1
RIMONE_r3_N-39-L_left_half,0,r3,0,0.6702806949615479,1
RIMONE_r3_N-4-R_left_half,0,r3,0,0.7024604678153992,1
RIMONE_r3_N-40-R_left_half,0,r3,0,0.8042741417884827,1
RIMONE_r3_N-41-L_left_half,0,r3,0,0.9177867770195007,1
RIMONE_r3_N-42-R_left_half,0,r3,0,0.9177867770195007,1
RIMONE_r3_N-43-L_left_half,0,r3,0,0.8681492805480957,1
RIMONE_r3_N-44-R_left_half,0,r3,0,0.5848984122276306,1
RIMONE_r3_N-46-R_left_half,0,r3,0,0.26835283637046814,0
RIMONE_r3_N-47-L_left_half,0,r3,0,0.7893313765525818,1
RIMONE_r3_N-48-R_left_half,0,r3,0,0.6453123688697815,1
RIMONE_r3_N-49-L_left_half,0,r3,0,0.7526893019676208,1
RIMONE_r3_N-5-L_left_half,0,r3,0,0.6917903423309326,1
RIMONE_r3_N-50-R_left_half,0,r3,0,0.7526893019676208,1
RIMONE_r3_N-51-L_left_half,0,r3,0,0.7174634337425232,1
RIMONE_r3_N-52-R_left_half,0,r3,0,0.7185880541801453,1
RIMONE_r3_N-53-L_left_half,0,r3,0,0.9011436104774475,1
RIMONE_r3_N-54-R_left_half,0,r3,0,0.9011436104774475,1
RIMONE_r3_N-55-L_left_half,0,r3,0,0.9392293095588684,1
RIMONE_r3_N-56-R_left_half,0,r3,0,0.9392293095588684,1
RIMONE_r3_N-58-R_left_half,0,r3,0,0.8344210982322693,1
RIMONE_r3_N-59-L_left_half,0,r3,0,0.5656900405883789,1
RIMONE_r3_N-6-R_left_half,0,r3,0,0.9163569211959839,1
RIMONE_r3_N-61-L_left_half,0,r3,0,0.6531243324279785,1
RIMONE_r3_N-62-R_left_half,0,r3,0,0.17575451731681824,0
RIMONE_r3_N-63-L_left_half,0,r3,0,0.9011436104774475,1
RIMONE_r3_N-64-R_left_half,0,r3,0,0.7611981630325317,1
RIMONE_r3_N-65-L_left_half,0,r3,0,0.9177867770195007,1
RIMONE_r3_N-66-R_left_half,0,r3,0,0.2623732089996338,0
RIMONE_r3_N-67-L_left_half,0,r3,0,0.9163569211959839,1
RIMONE_r3_N-68-R_left_half,0,r3,0,0.9163569211959839,1
RIMONE_r3_N-69-L_left_half,0,r3,0,0.942322850227356,1
RIMONE_r3_N-7-L_left_half,0,r3,0,0.7842893004417419,1
RIMONE_r3_N-70-R_left_half,0,r3,0,0.8921055793762207,1
RIMONE_r3_N-71-L_left_half,0,r3,0,0.9418933987617493,1
RIMONE_r3_N-72-R_left_half,0,r3,0,0.7611981630325317,1
RIMONE_r3_N-73-R_left_half,0,r3,0,0.8921055793762207,1
RIMONE_r3_N-74-L_left_half,0,r3,0,0.7611981630325317,1
RIMONE_r3_N-75-R_left_half,0,r3,0,0.7962996959686279,1
RIMONE_r3_N-76-R_left_half,0,r3,0,0.8298375010490417,1
RIMONE_r3_N-78-R_left_half,0,r3,0,0.750249981880188,1
RIMONE_r3_N-79-L_left_half,0,r3,0,0.5408376455307007,1
RIMONE_r3_N-8-L_left_half,0,r3,0,0.7916001081466675,1
RIMONE_r3_N-80-R_left_half,0,r3,0,0.22513046860694885,0
RIMONE_r3_N-81-L_left_half,0,r3,0,0.5925836563110352,1
RIMONE_r3_N-82-R_left_half,0,r3,0,0.9409225583076477,1
RIMONE_r3_N-83-L_left_half,0,r3,0,0.2804865837097168,0
RIMONE_r3_N-84-R_left_half,0,r3,0,0.9409225583076477,1
RIMONE_r3_N-85-L_left_half,0,r3,0,0.8681492805480957,1
RIMONE_r3_N-86-R_left_half,0,r3,0,0.8588857054710388,1
RIMONE_r3_N-87-L_left_half,0,r3,0,0.8921055793762207,1
RIMONE_r3_N-88-R_left_half,0,r3,0,0.8376657962799072,1
RIMONE_r3_N-9-L_left_half,0,r3,0,0.8042741417884827,1
RIMONE_r3_N-90-R_left_half,0,r3,0,0.8376657962799072,1
RIMONE_r3_N-91-L_left_half,0,r3,0,0.9177867770195007,1
RIMONE_r3_N-92-R_left_half,0,r3,0,0.8921055793762207,1
RIMONE_r1_Im069,1,r1,1,0.5992727279663086,1
RIMONE_r1_Im103,1,r1,1,0.764419436454773,1
RIMONE_r1_Im113,1,r1,1,0.7809969186782837,1
RIMONE_r1_Im117,1,r1,1,0.6747655272483826,1
RIMONE_r1_Im118,1,r1,1,0.6097205877304077,1
RIMONE_r1_Im120,1,r1,1,0.8219488859176636,1
RIMONE_r1_Im121,1,r1,1,0.645697832107544,1
RIMONE_r1_Im122,1,r1,1,0.4574446976184845,0
RIMONE_r1_Im135,1,r1,1,0.8311579823493958,1
RIMONE_r1_Im144,1,r1,1,0.5182448625564575,1
RIMONE_r1_Im158,1,r1,1,0.8734865188598633,1
RIMONE_r1_Im167,1,r1,1,0.829547643661499,1
RIMONE_r2_Im257,1,r2,1,0.9221660494804382,1
RIMONE_r2_Im258,1,r2,1,0.8533104062080383,1
RIMONE_r2_Im260,1,r2,1,0.8493531942367554,1
RIMONE_r2_Im263,1,r2,1,0.7727628350257874,1
RIMONE_r2_Im264,1,r2,1,0.9031209945678711,1
RIMONE_r2_Im266,1,r2,1,0.7215017080307007,1
RIMONE_r2_Im267,1,r2,1,0.6125316619873047,1
RIMONE_r2_Im268,1,r2,1,0.5843520164489746,1
RIMONE_r2_Im269,1,r2,1,0.8094966411590576,1
RIMONE_r2_Im270,1,r2,1,0.6155044436454773,1
RIMONE_r2_Im273,1,r2,1,0.649236261844635,1
RIMONE_r2_Im275,1,r2,1,0.48594948649406433,0
RIMONE_r2_Im277,1,r2,1,0.777498185634613,1
RIMONE_r2_Im281,1,r2,1,0.5078535676002502,1
RIMONE_r2_Im287,1,r2,1,0.9295082092285156,1
RIMONE_r2_Im288,1,r2,1,0.7919521927833557,1
RIMONE_r2_Im289,1,r2,1,0.7845001816749573,1
RIMONE_r2_Im290,1,r2,1,0.800849974155426,1
RIMONE_r2_Im291,1,r2,1,0.5922821164131165,1
RIMONE_r2_Im292,1,r2,1,0.8245391249656677,1
RIMONE_r2_Im293,1,r2,1,0.7087329626083374,1
RIMONE_r2_Im294,1,r2,1,0.5920559763908386,1
RIMONE_r2_Im301,1,r2,1,0.885850191116333,1
RIMONE_r2_Im302,1,r2,1,0.9325357675552368,1
RIMONE_r2_Im303,1,r2,1,0.9073911309242249,1
RIMONE_r2_Im305,1,r2,1,0.9094283580780029,1
RIMONE_r2_Im314,1,r2,1,0.8579396605491638,1
RIMONE_r2_Im315,1,r2,1,0.6871136426925659,1
RIMONE_r2_Im317,1,r2,1,0.7618145942687988,1
RIMONE_r2_Im318,1,r2,1,0.7374321222305298,1
RIMONE_r2_Im319,1,r2,1,0.6083221435546875,1
RIMONE_r2_Im320,1,r2,1,0.8533104062080383,1
RIMONE_r2_Im321,1,r2,1,0.9321342706680298,1
RIMONE_r2_Im324,1,r2,1,0.904726505279541,1
RIMONE_r2_Im329,1,r2,1,0.466290146112442,0
RIMONE_r2_Im330,1,r2,1,0.529662013053894,1
RIMONE_r2_Im331,1,r2,1,0.8533104062080383,1
RIMONE_r2_Im332,1,r2,1,0.7114750146865845,1
RIMONE_r2_Im333,1,r2,1,0.904726505279541,1
RIMONE_r2_Im334,1,r2,1,0.8241915106773376,1
RIMONE_r2_Im338,1,r2,1,0.833272397518158,1
RIMONE_r2_Im339,1,r2,1,0.7594394087791443,1
RIMONE_r2_Im343,1,r2,1,0.8383874297142029,1
RIMONE_r2_Im344,1,r2,1,0.9314636588096619,1
RIMONE_r1_Im001,1,r1,0,0.8245471715927124,1
RIMONE_r1_Im003,1,r1,0,0.7143832445144653,1
RIMONE_r1_Im004,1,r1,0,0.4604504704475403,0
RIMONE_r1_Im006,1,r1,0,0.8683352470397949,1
RIMONE_r1_Im008,1,r1,0,0.7350768446922302,1
RIMONE_r1_Im011,1,r1,0,0.75663822889328,1
RIMONE_r1_Im012,1,r1,0,0.8549962639808655,1
RIMONE_r1_Im014,1,r1,0,0.730411946773529,1
RIMONE_r1_Im015,1,r1,0,0.664716362953186,1
RIMONE_r1_Im019,1,r1,0,0.8757790923118591,1
RIMONE_r1_Im020,1,r1,0,0.8383997082710266,1
RIMONE_r1_Im022,1,r1,0,0.5218660235404968,1
RIMONE_r1_Im023,1,r1,0,0.5218660235404968,1
RIMONE_r1_Im024,1,r1,0,0.7234070301055908,1
RIMONE_r1_Im025,1,r1,0,0.7059573531150818,1
RIMONE_r1_Im026,1,r1,0,0.8468292355537415,1
RIMONE_r1_Im027,1,r1,0,0.8298752307891846,1
RIMONE_r1_Im028,1,r1,0,0.4936395287513733,0
RIMONE_r1_Im029,1,r1,0,0.46446558833122253,0
RIMONE_r1_Im031,1,r1,0,0.7212816476821899,1
RIMONE_r1_Im032,1,r1,0,0.693484902381897,1
RIMONE_r1_Im033,1,r1,0,0.7502611875534058,1
RIMONE_r1_Im036,1,r1,0,0.628675103187561,1
RIMONE_r1_Im037,1,r1,0,0.49871110916137695,0
RIMONE_r1_Im040,1,r1,0,0.6410370469093323,1
RIMONE_r1_Im041,1,r1,0,0.6758120656013489,1
RIMONE_r1_Im042,1,r1,0,0.7964394092559814,1
RIMONE_r1_Im046,1,r1,0,0.8075301051139832,1
RIMONE_r1_Im047,1,r1,0,0.6780430674552917,1
RIMONE_r1_Im050,1,r1,0,0.799157440662384,1
RIMONE_r1_Im052,1,r1,0,0.8702985048294067,1
RIMONE_r1_Im054,1,r1,0,0.7193436622619629,1
RIMONE_r1_Im055,1,r1,0,0.7204598188400269,1
RIMONE_r1_Im056,1,r1,0,0.6193249821662903,1
RIMONE_r1_Im057,1,r1,0,0.7059573531150818,1
RIMONE_r1_Im058,1,r1,0,0.7413234114646912,1
RIMONE_r1_Im059,1,r1,0,0.7374321222305298,1
RIMONE_r1_Im060,1,r1,0,0.529662013053894,1
RIMONE_r1_Im061,1,r1,0,0.7428202629089355,1
RIMONE_r1_Im062,1,r1,0,0.44606682658195496,0
RIMONE_r1_Im063,1,r1,0,0.5218660235404968,1
RIMONE_r1_Im071,1,r1,0,0.6561362147331238,1
RIMONE_r1_Im072,1,r1,0,0.7370497584342957,1
RIMONE_r1_Im073,1,r1,0,0.7274584174156189,1
RIMONE_r1_Im080,1,r1,0,0.8206550478935242,1
RIMONE_r1_Im082,1,r1,0,0.5208122134208679,1
RIMONE_r1_Im086,1,r1,0,0.832275927066803,1
RIMONE_r1_Im087,1,r1,0,0.5753695368766785,1
RIMONE_r1_Im095,1,r1,0,0.8699808120727539,1
RIMONE_r1_Im107,1,r1,0,0.7405844926834106,1
RIMONE_r1_Im108,1,r1,0,0.645697832107544,1
RIMONE_r1_Im115,1,r1,0,0.588722825050354,1
RIMONE_r1_Im116,1,r1,0,0.5597259402275085,1
RIMONE_r1_Im119,1,r1,0,0.8993501663208008,1
RIMONE_r1_Im125,1,r1,0,0.32103046774864197,0
RIMONE_r1_Im127,1,r1,0,0.5218660235404968,1
RIMONE_r1_Im128,1,r1,0,0.9001294374465942,1
RIMONE_r1_Im129,1,r1,0,0.5910713076591492,1
RIMONE_r1_Im130,1,r1,0,0.8685522675514221,1
RIMONE_r1_Im131,1,r1,0,0.5907840728759766,1
RIMONE_r1_Im132,1,r1,0,0.6431688070297241,1
RIMONE_r1_Im133,1,r1,0,0.5218660235404968,1
RIMONE_r1_Im136,1,r1,0,0.7436862587928772,1
RIMONE_r1_Im137,1,r1,0,0.7983362078666687,1
RIMONE_r1_Im138,1,r1,0,0.6964884996414185,1
RIMONE_r1_Im142,1,r1,0,0.7072793841362,1
RIMONE_r1_Im143,1,r1,0,0.9062763452529907,1
RIMONE_r1_Im145,1,r1,0,0.9220539331436157,1
RIMONE_r1_Im146,1,r1,0,0.8142322897911072,1
RIMONE_r1_Im149,1,r1,0,0.631748616695404,1
RIMONE_r1_Im150,1,r1,0,0.6916624903678894,1
RIMONE_r1_Im151,1,r1,0,0.7559328675270081,1
RIMONE_r1_Im152,1,r1,0,0.908183217048645,1
RIMONE_r1_Im153,1,r1,0,0.8795776963233948,1
RIMONE_r1_Im154,1,r1,0,0.6210779547691345,1
RIMONE_r1_Im155,1,r1,0,0.8715631365776062,1
RIMONE_r1_Im156,1,r1,0,0.6913896799087524,1
RIMONE_r1_Im159,1,r1,0,0.8574936985969543,1
RIMONE_r1_Im161,1,r1,0,0.6866071820259094,1
RIMONE_r1_Im162,1,r1,0,0.8255665898323059,1
RIMONE_r1_Im163,1,r1,0,0.7294932007789612,1
RIMONE_r1_Im164,1,r1,0,0.6873070001602173,1
RIMONE_r1_Im165,1,r1,0,0.4723888635635376,0
RIMONE_r1_Im166,1,r1,0,0.623432457447052,1
RIMONE_r1_Im168,1,r1,0,0.6201828122138977,1
RIMONE_r1_Im169,1,r1,0,0.6204069256782532,1
RIMONE_r2_Im001,1,r2,0,0.9058258533477783,1
RIMONE_r2_Im002,1,r2,0,0.7694577574729919,1
RIMONE_r2_Im003,1,r2,0,0.8407654762268066,1
RIMONE_r2_Im004,1,r2,0,0.7623494267463684,1
RIMONE_r2_Im005,1,r2,0,0.8372736573219299,1
RIMONE_r2_Im006,1,r2,0,0.7546001672744751,1
RIMONE_r2_Im007,1,r2,0,0.9087852835655212,1
RIMONE_r2_Im009,1,r2,0,0.7261931896209717,1
RIMONE_r2_Im010,1,r2,0,0.8796330094337463,1
RIMONE_r2_Im011,1,r2,0,0.9018552899360657,1
RIMONE_r2_Im012,1,r2,0,0.7623494267463684,1
RIMONE_r2_Im013,1,r2,0,0.8546223640441895,1
RIMONE_r2_Im014,1,r2,0,0.7624722123146057,1
RIMONE_r2_Im015,1,r2,0,0.5734975337982178,1
RIMONE_r2_Im016,1,r2,0,0.5693506598472595,1
RIMONE_r2_Im017,1,r2,0,0.8533104062080383,1
RIMONE_r2_Im018,1,r2,0,0.8732749819755554,1
RIMONE_r2_Im019,1,r2,0,0.6858236193656921,1
RIMONE_r2_Im020,1,r2,0,0.5385177731513977,1
RIMONE_r2_Im021,1,r2,0,0.6722068786621094,1
RIMONE_r2_Im022,1,r2,0,0.6884284615516663,1
RIMONE_r2_Im023,1,r2,0,0.5640372633934021,1
RIMONE_r2_Im024,1,r2,0,0.6783501505851746,1
RIMONE_r2_Im025,1,r2,0,0.529662013053894,1
RIMONE_r2_Im026,1,r2,0,0.5693506598472595,1
RIMONE_r2_Im027,1,r2,0,0.7624722123146057,1
RIMONE_r2_Im028,1,r2,0,0.5218660235404968,1
RIMONE_r2_Im029,1,r2,0,0.695391833782196,1
RIMONE_r2_Im030,1,r2,0,0.8245471715927124,1
RIMONE_r2_Im031,1,r2,0,0.8425793647766113,1
RIMONE_r2_Im032,1,r2,0,0.6303251385688782,1
RIMONE_r2_Im033,1,r2,0,0.793021559715271,1
RIMONE_r2_Im347,1,r2,1,0.6670430898666382,1
RIMONE_r2_Im348,1,r2,1,0.782666027545929,1
RIMONE_r2_Im351,1,r2,1,0.7403373718261719,1
RIMONE_r2_Im352,1,r2,1,0.7889921069145203,1
RIMONE_r2_Im354,1,r2,1,0.6336444020271301,1
RIMONE_r2_Im355,1,r2,1,0.6303786039352417,1
RIMONE_r2_Im356,1,r2,1,0.6722068786621094,1
RIMONE_r2_Im357,1,r2,1,0.9073165655136108,1
RIMONE_r2_Im358,1,r2,1,0.8181942701339722,1
RIMONE_r2_Im362,1,r2,1,0.6907809972763062,1
RIMONE_r2_Im365,1,r2,1,0.6894258260726929,1
RIMONE_r2_Im366,1,r2,1,0.8008862733840942,1
RIMONE_r2_Im369,1,r2,1,0.8097537755966187,1
RIMONE_r2_Im373,1,r2,1,0.79450923204422,1
RIMONE_r2_Im376,1,r2,1,0.5218660235404968,1
RIMONE_r2_Im377,1,r2,1,0.9218396544456482,1
RIMONE_r2_Im383,1,r2,1,0.529662013053894,1
RIMONE_r2_Im384,1,r2,1,0.7869959473609924,1
RIMONE_r2_Im385,1,r2,1,0.6334842443466187,1
RIMONE_r2_Im387,1,r2,1,0.9080548286437988,1
RIMONE_r2_Im388,1,r2,1,0.7876226305961609,1
RIMONE_r2_Im389,1,r2,1,0.788451075553894,1
RIMONE_r2_Im390,1,r2,1,0.6735680103302002,1
RIMONE_r2_Im391,1,r2,1,0.6441436409950256,1
RIMONE_r2_Im392,1,r2,1,0.7799102067947388,1
RIMONE_r2_Im393,1,r2,1,0.901451826095581,1
RIMONE_r2_Im398,1,r2,1,0.6756045818328857,1
RIMONE_r2_Im399,1,r2,1,0.8537337183952332,1
RIMONE_r2_Im400,1,r2,1,0.6722068786621094,1
RIMONE_r2_Im401,1,r2,1,0.6488531231880188,1
RIMONE_r2_Im402,1,r2,1,0.33393123745918274,0
RIMONE_r2_Im403,1,r2,1,0.6298323273658752,1
RIMONE_r2_Im404,1,r2,1,0.6837580800056458,1
RIMONE_r2_Im406,1,r2,1,0.44606682658195496,0
RIMONE_r2_Im407,1,r2,1,0.7995580434799194,1
RIMONE_r2_Im408,1,r2,1,0.7149686217308044,1
RIMONE_r2_Im414,1,r2,1,0.8046191334724426,1
RIMONE_r2_Im415,1,r2,1,0.5823631882667542,1
RIMONE_r2_Im416,1,r2,1,0.5298253893852234,1
RIMONE_r2_Im418,1,r2,1,0.6125307679176331,1
RIMONE_r2_Im419,1,r2,1,0.6696826815605164,1
RIMONE_r2_Im420,1,r2,1,0.7468069791793823,1
RIMONE_r2_Im421,1,r2,1,0.6771765947341919,1
RIMONE_r2_Im422,1,r2,1,0.7861465215682983,1
RIMONE_r2_Im424,1,r2,1,0.5137878656387329,1
RIMONE_r2_Im427,1,r2,1,0.7015623450279236,1
RIMONE_r2_Im428,1,r2,1,0.6441436409950256,1
RIMONE_r2_Im429,1,r2,1,0.5642038583755493,1
RIMONE_r2_Im432,1,r2,1,0.8471195101737976,1
RIMONE_r2_Im433,1,r2,1,0.9192253351211548,1
RIMONE_r2_Im436,1,r2,1,0.7542189955711365,1
RIMONE_r2_Im439,1,r2,1,0.6248191595077515,1
RIMONE_r2_Im441,1,r2,1,0.6289365291595459,1
RIMONE_r2_Im442,1,r2,1,0.6746577024459839,1
RIMONE_r2_Im443,1,r2,1,0.7898604869842529,1
RIMONE_r2_Im444,1,r2,1,0.7799102067947388,1
RIMONE_r2_Im445,1,r2,1,0.6793541312217712,1
RIMONE_r2_Im448,1,r2,1,0.9068986177444458,1
RIMONE_r2_Im449,1,r2,1,0.9089455008506775,1
RIMONE_r2_Im450,1,r2,1,0.9077908992767334,1
RIMONE_r2_Im451,1,r2,1,0.6336444020271301,1
RIMONE_r2_Im453,1,r2,1,0.8608176112174988,1
RIMONE_r2_Im454,1,r2,1,0.8212980031967163,1
RIMONE_r2_Im455,1,r2,1,0.924464762210846,1
RIMONE_r3_G-1-L_left_half,1,r3,1,0.6179901361465454,1
RIMONE_r3_G-10-L_left_half,1,r3,1,0.9347953796386719,1
RIMONE_r3_G-11-R_left_half,1,r3,1,0.906675398349762,1
RIMONE_r3_G-12-L_left_half,1,r3,1,0.6932682991027832,1
RIMONE_r3_G-13-R_left_half,1,r3,1,0.9095667004585266,1
RIMONE_r3_G-14-R_left_half,1,r3,1,0.7771762013435364,1
RIMONE_r3_G-15-L_left_half,1,r3,1,0.6359122395515442,1
RIMONE_r3_G-16-R_left_half,1,r3,1,0.6329573392868042,1
RIMONE_r3_G-17-L_left_half,1,r3,1,0.6314882636070251,1
RIMONE_r3_G-18-R_left_half,1,r3,1,0.4383545219898224,0
RIMONE_r3_G-2-R_left_half,1,r3,1,0.6112485527992249,1
RIMONE_r3_G-22-L_left_half,1,r3,1,0.9045645594596863,1
RIMONE_r3_G-23-R_left_half,1,r3,1,0.8352880477905273,1
RIMONE_r3_G-25-L_left_half,1,r3,1,0.7973973155021667,1
RIMONE_r3_G-27-R_left_half,1,r3,1,0.9065932035446167,1
RIMONE_r3_G-29-R_left_half,1,r3,1,0.6303786039352417,1
RIMONE_r3_G-3-R_left_half,1,r3,1,0.9088982343673706,1
RIMONE_r3_G-30-L_left_half,1,r3,1,0.9089368581771851,1
RIMONE_r3_G-31-R_left_half,1,r3,1,0.6690526604652405,1
RIMONE_r3_G-32-L_left_half,1,r3,1,0.7110865116119385,1
RIMONE_r3_G-33-R_left_half,1,r3,1,0.5120458602905273,1
RIMONE_r3_G-34-L_left_half,1,r3,1,0.8206466436386108,1
RIMONE_r3_G-35-R_left_half,1,r3,1,0.6095053553581238,1
RIMONE_r3_G-37-R_left_half,1,r3,1,0.9084583520889282,1
RIMONE_r3_G-38-L_left_half,1,r3,1,0.8148272037506104,1
RIMONE_r3_G-39-L_left_half,1,r3,1,0.6448394656181335,1
RIMONE_r3_G-6-L_left_half,1,r3,1,0.7135324478149414,1
RIMONE_r3_G-8-R_left_half,1,r3,1,0.725800096988678,1
RIMONE_r3_G-9-R_left_half,1,r3,1,0.7651476263999939,1
RIMONE_r3_S-1-L_left_half,1,r3,1,0.5506800413131714,1
RIMONE_r3_S-10-R_left_half,1,r3,1,0.9278191924095154,1
RIMONE_r3_S-11-L_left_half,1,r3,1,0.4640979766845703,0
RIMONE_r3_S-12-L_left_half,1,r3,1,0.9344538450241089,1
RIMONE_r3_S-13-R_left_half,1,r3,1,0.9044584631919861,1
RIMONE_r3_S-14-R_left_half,1,r3,1,0.4883868098258972,0
RIMONE_r3_S-18-L_left_half,1,r3,1,0.6689110994338989,1
RIMONE_r3_S-19-R_left_half,1,r3,1,0.6206175684928894,1
RIMONE_r3_S-2-L_left_half,1,r3,1,0.44606682658195496,0
RIMONE_r3_S-20-L_left_half,1,r3,1,0.9008874297142029,1
RIMONE_r3_S-21-R_left_half,1,r3,1,0.9031091332435608,1
RIMONE_r3_S-25-L_left_half,1,r3,1,0.9313431978225708,1
RIMONE_r3_S-26-R_left_half,1,r3,1,0.9160917401313782,1
RIMONE_r3_S-28-R_left_half,1,r3,1,0.7968945503234863,1
RIMONE_r3_S-29-R_left_half,1,r3,1,0.6458244323730469,1
RIMONE_r3_S-30-L_left_half,1,r3,1,0.6451389789581299,1
RIMONE_r3_S-31-L_left_half,1,r3,1,0.4691578447818756,0
RIMONE_r3_S-32-L_left_half,1,r3,1,0.44606682658195496,0
RIMONE_r3_S-33-R_left_half,1,r3,1,0.628675103187561,1
RIMONE_r3_S-35-R_left_half,1,r3,1,0.9133108854293823,1
RIMONE_r3_S-4-L_left_half,1,r3,1,0.8996802568435669,1
RIMONE_r3_S-6-R_left_half,1,r3,1,0.7988080978393555,1
RIMONE_r3_S-9-L_left_half,1,r3,1,0.9313795566558838,1
RIMONE_r2_Im034,1,r2,0,0.5218660235404968,1
RIMONE_r2_Im036,1,r2,0,0.5218660235404968,1
RIMONE_r2_Im038,1,r2,0,0.5218660235404968,1
RIMONE_r2_Im040,1,r2,0,0.5060901641845703,1
RIMONE_r2_Im042,1,r2,0,0.6441436409950256,1
RIMONE_r2_Im044,1,r2,0,0.7056598663330078,1
RIMONE_r2_Im046,1,r2,0,0.6796897053718567,1
RIMONE_r2_Im048,1,r2,0,0.7876226305961609,1
RIMONE_r2_Im050,1,r2,0,0.5218660235404968,1
RIMONE_r2_Im052,1,r2,0,0.603922426700592,1
RIMONE_r2_Im054,1,r2,0,0.44606682658195496,0
RIMONE_r2_Im056,1,r2,0,0.6802223920822144,1
RIMONE_r2_Im058,1,r2,0,0.8532805442810059,1
RIMONE_r2_Im060,1,r2,0,0.5218660235404968,1
RIMONE_r2_Im062,1,r2,0,0.5333158373832703,1
RIMONE_r2_Im064,1,r2,0,0.5218660235404968,1
RIMONE_r2_Im066,1,r2,0,0.5830293893814087,1
RIMONE_r2_Im068,1,r2,0,0.5218660235404968,1
RIMONE_r2_Im070,1,r2,0,0.5218660235404968,1
RIMONE_r2_Im072,1,r2,0,0.4690389037132263,0
RIMONE_r2_Im074,1,r2,0,0.700615644454956,1
RIMONE_r2_Im076,1,r2,0,0.5449017882347107,1
RIMONE_r2_Im078,1,r2,0,0.5218660235404968,1
RIMONE_r2_Im080,1,r2,0,0.5218660235404968,1
RIMONE_r2_Im082,1,r2,0,0.659326434135437,1
RIMONE_r2_Im084,1,r2,0,0.7945255041122437,1
RIMONE_r2_Im086,1,r2,0,0.529662013053894,1
RIMONE_r2_Im088,1,r2,0,0.5499128103256226,1
RIMONE_r2_Im090,1,r2,0,0.44606682658195496,0
RIMONE_r2_Im092,1,r2,0,0.6805084347724915,1
RIMONE_r2_Im094,1,r2,0,0.449695348739624,0
RIMONE_r2_Im096,1,r2,0,0.5218660235404968,1
RIMONE_r2_Im098,1,r2,0,0.6793541312217712,1
RIMONE_r2_Im100,1,r2,0,0.4383545219898224,0
RIMONE_r2_Im102,1,r2,0,0.7149686217308044,1
RIMONE_r2_Im104,1,r2,0,0.5218660235404968,1
RIMONE_r2_Im106,1,r2,0,0.5456704497337341,1
RIMONE_r2_Im108,1,r2,0,0.5218660235404968,1
RIMONE_r2_Im110,1,r2,0,0.5218660235404968,1
RIMONE_r2_Im112,1,r2,0,0.854650616645813,1
RIMONE_r2_Im114,1,r2,0,0.8402179479598999,1
RIMONE_r2_Im116,1,r2,0,0.7055863738059998,1
RIMONE_r2_Im118,1,r2,0,0.5333158373832703,1
RIMONE_r2_Im120,1,r2,0,0.5218660235404968,1
RIMONE_r2_Im122,1,r2,0,0.5410349369049072,1
RIMONE_r2_Im124,1,r2,0,0.44606682658195496,0
RIMONE_r2_Im126,1,r2,0,0.6728595495223999,1
RIMONE_r2_Im128,1,r2,0,0.529662013053894,1
RIMONE_r2_Im130,1,r2,0,0.5403414964675903,1
RIMONE_r2_Im132,1,r2,0,0.5218660235404968,1
RIMONE_r2_Im134,1,r2,0,0.8386653661727905,1
RIMONE_r2_Im136,1,r2,0,0.5218660235404968,1
RIMONE_r2_Im138,1,r2,0,0.5353018045425415,1
RIMONE_r2_Im140,1,r2,0,0.44606682658195496,0
RIMONE_r2_Im142,1,r2,0,0.5218660235404968,1
RIMONE_r2_Im144,1,r2,0,0.7566148042678833,1
RIMONE_r2_Im146,1,r2,0,0.7046108245849609,1
RIMONE_r2_Im148,1,r2,0,0.5218660235404968,1
RIMONE_r2_Im150,1,r2,0,0.5218660235404968,1
RIMONE_r2_Im152,1,r2,0,0.5218660235404968,1
RIMONE_r2_Im154,1,r2,0,0.5260894894599915,1
RIMONE_r2_Im156,1,r2,0,0.5218660235404968,1
RIMONE_r2_Im158,1,r2,0,0.5218660235404968,1
RIMONE_r2_Im160,1,r2,0,0.5218660235404968,1
RIMONE_r2_Im162,1,r2,0,0.47394177317619324,0
RIMONE_r2_Im164,1,r2,0,0.7769408822059631,1
RIMONE_r2_Im166,1,r2,0,0.8532805442810059,1
RIMONE_r2_Im168,1,r2,0,0.8471195101737976,1
RIMONE_r2_Im170,1,r2,0,0.5449017882347107,1
RIMONE_r2_Im172,1,r2,0,0.5218660235404968,1
RIMONE_r2_Im174,1,r2,0,0.8402179479598999,1
RIMONE_r2_Im176,1,r2,0,0.4711202085018158,0
RIMONE_r2_Im178,1,r2,0,0.5218660235404968,1
RIMONE_r2_Im180,1,r2,0,0.4612601399421692,0
RIMONE_r2_Im182,1,r2,0,0.7185046672821045,1
RIMONE_r2_Im184,1,r2,0,0.5667818784713745,1
RIMONE_r2_Im186,1,r2,0,0.5218660235404968,1
RIMONE_r2_Im188,1,r2,0,0.5917665362358093,1
RIMONE_r2_Im190,1,r2,0,0.8387742638587952,1
RIMONE_r2_Im192,1,r2,0,0.5218660235404968,1
RIMONE_r2_Im194,1,r2,0,0.512750506401062,1
RIMONE_r2_Im196,1,r2,0,0.5218660235404968,1
RIMONE_r2_Im198,1,r2,0,0.5218660235404968,1
RIMONE_r2_Im200,1,r2,0,0.514310896396637,1
RIMONE_r2_Im202,1,r2,0,0.640636682510376,1
RIMONE_r2_Im206,1,r2,0,0.4459307789802551,0
RIMONE_r2_Im208,1,r2,0,0.5218660235404968,1
RIMONE_r2_Im210,1,r2,0,0.5218660235404968,1
RIMONE_r2_Im212,1,r2,0,0.5218660235404968,1
RIMONE_r2_Im214,1,r2,0,0.8051205277442932,1
RIMONE_r2_Im216,1,r2,0,0.529662013053894,1
RIMONE_r2_Im218,1,r2,0,0.8549962639808655,1
RIMONE_r2_Im220,1,r2,0,0.6599311828613281,1
RIMONE_r2_Im222,1,r2,0,0.44606682658195496,0
RIMONE_r2_Im224,1,r2,0,0.5572805404663086,1
RIMONE_r2_Im226,1,r2,0,0.7936259508132935,1
RIMONE_r2_Im228,1,r2,0,0.7997356653213501,1
RIMONE_r2_Im230,1,r2,0,0.7585729956626892,1
RIMONE_r2_Im232,1,r2,0,0.46445348858833313,0
RIMONE_r2_Im234,1,r2,0,0.5218660235404968,1
RIMONE_r2_Im236,1,r2,0,0.7503880858421326,1
RIMONE_r2_Im238,1,r2,0,0.5218660235404968,1
RIMONE_r2_Im240,1,r2,0,0.6940163373947144,1
RIMONE_r2_Im242,1,r2,0,0.4425276517868042,0
RIMONE_r2_Im244,1,r2,0,0.5218660235404968,1
RIMONE_r2_Im246,1,r2,0,0.557101309299469,1
RIMONE_r2_Im248,1,r2,0,0.6365741491317749,1
RIMONE_r2_Im250,1,r2,0,0.753534197807312,1
RIMONE_r2_Im252,1,r2,0,0.6704169511795044,1
RIMONE_r2_Im254,1,r2,0,0.5218660235404968,1
RIMONE_r3_N-1-L_left_half,1,r3,0,0.664075493812561,1
RIMONE_r3_N-10-R_left_half,1,r3,0,0.8848728537559509,1
RIMONE_r3_N-11-L_left_half,1,r3,0,0.7295387983322144,1
RIMONE_r3_N-12-R_left_half,1,r3,0,0.8965384364128113,1
RIMONE_r3_N-13-L_left_half,1,r3,0,0.9261788129806519,1
RIMONE_r3_N-14-R_left_half,1,r3,0,0.6141948103904724,1
RIMONE_r3_N-16-R_left_half,1,r3,0,0.628675103187561,1
RIMONE_r3_N-17-L_left_half,1,r3,0,0.7774989008903503,1
RIMONE_r3_N-18-R_left_half,1,r3,0,0.6494589447975159,1
RIMONE_r3_N-2-R_left_half,1,r3,0,0.8965505361557007,1
RIMONE_r3_N-20-R_left_half,1,r3,0,0.5403414964675903,1
RIMONE_r3_N-21-L_left_half,1,r3,0,0.8686259984970093,1
RIMONE_r3_N-22-R_left_half,1,r3,0,0.8401724696159363,1
RIMONE_r3_N-23-L_left_half,1,r3,0,0.4946778118610382,0
RIMONE_r3_N-24-R_left_half,1,r3,0,0.8006242513656616,1
RIMONE_r3_N-25-L_left_half,1,r3,0,0.6298323273658752,1
RIMONE_r3_N-26-R_left_half,1,r3,0,0.4859636425971985,0
RIMONE_r3_N-27-L_left_half,1,r3,0,0.44606682658195496,0
RIMONE_r3_N-28-R_left_half,1,r3,0,0.5403414964675903,1
RIMONE_r3_N-29-L_left_half,1,r3,0,0.46929270029067993,0
RIMONE_r3_N-3-L_left_half,1,r3,0,0.6494589447975159,1
RIMONE_r3_N-30-R_left_half,1,r3,0,0.8052505254745483,1
RIMONE_r3_N-31-L_left_half,1,r3,0,0.6494589447975159,1
RIMONE_r3_N-32-R_left_half,1,r3,0,0.6138227581977844,1
RIMONE_r3_N-33-L_left_half,1,r3,0,0.7186041474342346,1
RIMONE_r3_N-34-R_left_half,1,r3,0,0.7141804695129395,1
RIMONE_r3_N-35-L_left_half,1,r3,0,0.7041388154029846,1
RIMONE_r3_N-36-R_left_half,1,r3,0,0.646382749080658,1
RIMONE_r3_N-37-L_left_half,1,r3,0,0.8841871619224548,1
RIMONE_r3_N-38-R_left_half,1,r3,0,0.8033528923988342,1
RIMONE_r3_N-39-L_left_half,1,r3,0,0.5850206613540649,1
RIMONE_r3_N-4-R_left_half,1,r3,0,0.6494589447975159,1
RIMONE_r3_N-40-R_left_half,1,r3,0,0.5523328185081482,1
RIMONE_r3_N-41-L_left_half,1,r3,0,0.5869722962379456,1
RIMONE_r3_N-42-R_left_half,1,r3,0,0.6703373789787292,1
RIMONE_r3_N-43-L_left_half,1,r3,0,0.7302058935165405,1
RIMONE_r3_N-44-R_left_half,1,r3,0,0.8601715564727783,1
RIMONE_r3_N-46-R_left_half,1,r3,0,0.6458485722541809,1
RIMONE_r3_N-47-L_left_half,1,r3,0,0.6458244323730469,1
RIMONE_r3_N-48-R_left_half,1,r3,0,0.8904122114181519,1
RIMONE_r3_N-49-L_left_half,1,r3,0,0.6484361886978149,1
RIMONE_r3_N-5-L_left_half,1,r3,0,0.5218660235404968,1
RIMONE_r3_N-50-R_left_half,1,r3,0,0.6336917877197266,1
RIMONE_r3_N-51-L_left_half,1,r3,0,0.9355306625366211,1
RIMONE_r3_N-52-R_left_half,1,r3,0,0.9279932379722595,1
RIMONE_r3_N-53-L_left_half,1,r3,0,0.6185663938522339,1
RIMONE_r3_N-54-R_left_half,1,r3,0,0.6398236155509949,1
RIMONE_r3_N-55-L_left_half,1,r3,0,0.7124409079551697,1
RIMONE_r3_N-56-R_left_half,1,r3,0,0.8227429986000061,1
RIMONE_r3_N-58-R_left_half,1,r3,0,0.46446558833122253,0
RIMONE_r3_N-59-L_left_half,1,r3,0,0.8728417754173279,1
RIMONE_r3_N-6-R_left_half,1,r3,0,0.8586455583572388,1
RIMONE_r3_N-61-L_left_half,1,r3,0,0.9125822186470032,1
RIMONE_r3_N-62-R_left_half,1,r3,0,0.858732283115387,1
RIMONE_r3_N-63-L_left_half,1,r3,0,0.7144397497177124,1
RIMONE_r3_N-64-R_left_half,1,r3,0,0.606742262840271,1
RIMONE_r3_N-65-L_left_half,1,r3,0,0.8214669823646545,1
RIMONE_r3_N-66-R_left_half,1,r3,0,0.810413658618927,1
RIMONE_r3_N-67-L_left_half,1,r3,0,0.8360563516616821,1
RIMONE_r3_N-68-R_left_half,1,r3,0,0.8530934453010559,1
RIMONE_r3_N-69-L_left_half,1,r3,0,0.8332624435424805,1
RIMONE_r3_N-7-L_left_half,1,r3,0,0.646382749080658,1
RIMONE_r3_N-70-R_left_half,1,r3,0,0.7280691862106323,1
RIMONE_r3_N-71-L_left_half,1,r3,0,0.925092875957489,1
RIMONE_r3_N-72-R_left_half,1,r3,0,0.4383545219898224,0
RIMONE_r3_N-73-R_left_half,1,r3,0,0.723205029964447,1
RIMONE_r3_N-74-L_left_half,1,r3,0,0.6063850522041321,1
RIMONE_r3_N-75-R_left_half,1,r3,0,0.5872319340705872,1
RIMONE_r3_N-76-R_left_half,1,r3,0,0.5165241956710815,1
RIMONE_r3_N-78-R_left_half,1,r3,0,0.8655364513397217,1
RIMONE_r3_N-79-L_left_half,1,r3,0,0.4574446976184845,0
RIMONE_r3_N-8-L_left_half,1,r3,0,0.5218660235404968,1
RIMONE_r3_N-80-R_left_half,1,r3,0,0.7768163681030273,1
RIMONE_r3_N-81-L_left_half,1,r3,0,0.675169050693512,1
RIMONE_r3_N-82-R_left_half,1,r3,0,0.8400747179985046,1
RIMONE_r3_N-83-L_left_half,1,r3,0,0.3002084493637085,0
RIMONE_r3_N-84-R_left_half,1,r3,0,0.7938489317893982,1
RIMONE_r3_N-85-L_left_half,1,r3,0,0.5403294563293457,1
RIMONE_r3_N-86-R_left_half,1,r3,0,0.6561362147331238,1
RIMONE_r3_N-87-L_left_half,1,r3,0,0.7185540795326233,1
RIMONE_r3_N-88-R_left_half,1,r3,0,0.6336917877197266,1
RIMONE_r3_N-9-L_left_half,1,r3,0,0.4383545219898224,0
RIMONE_r3_N-90-R_left_half,1,r3,0,0.6442890763282776,1
RIMONE_r3_N-91-L_left_half,1,r3,0,0.6666091084480286,1
RIMONE_r3_N-92-R_left_half,1,r3,0,0.6244036555290222,1
RIMONE_r1_Im069,2,r1,1,0.14262261986732483,0
RIMONE_r1_Im103,2,r1,1,0.5442378520965576,1
RIMONE_r1_Im113,2,r1,1,0.5514291524887085,1
RIMONE_r1_Im117,2,r1,1,0.5664283037185669,1
RIMONE_r1_Im118,2,r1,1,0.3432472348213196,0
RIMONE_r1_Im120,2,r1,1,0.8160116672515869,1
RIMONE_r1_Im121,2,r1,1,0.7243981957435608,1
RIMONE_r1_Im122,2,r1,1,0.1645498126745224,0
RIMONE_r1_Im135,2,r1,1,0.942159116268158,1
RIMONE_r1_Im144,2,r1,1,0.20464275777339935,0
RIMONE_r1_Im158,2,r1,1,0.43686988949775696,0
RIMONE_r1_Im167,2,r1,1,0.8880588412284851,1
RIMONE_r2_Im257,2,r2,1,0.7973924875259399,1
RIMONE_r2_Im258,2,r2,1,0.30670416355133057,0
RIMONE_r2_Im260,2,r2,1,0.31347891688346863,0
RIMONE_r2_Im263,2,r2,1,0.4397784173488617,0
RIMONE_r2_Im264,2,r2,1,0.5693949460983276,1
RIMONE_r2_Im266,2,r2,1,0.18666516244411469,0
RIMONE_r2_Im267,2,r2,1,0.897892951965332,1
RIMONE_r2_Im268,2,r2,1,0.29643261432647705,0
RIMONE_r2_Im269,2,r2,1,0.1532532125711441,0
RIMONE_r2_Im270,2,r2,1,0.1956038624048233,0
RIMONE_r2_Im273,2,r2,1,0.23190879821777344,0
RIMONE_r2_Im275,2,r2,1,0.19749033451080322,0
RIMONE_r2_Im277,2,r2,1,0.2928493618965149,0
RIMONE_r2_Im281,2,r2,1,0.5988079905509949,1
RIMONE_r2_Im287,2,r2,1,0.6758021712303162,1
RIMONE_r2_Im288,2,r2,1,0.16420425474643707,0
RIMONE_r2_Im289,2,r2,1,0.22240042686462402,0
RIMONE_r2_Im290,2,r2,1,0.2859542965888977,0
RIMONE_r2_Im291,2,r2,1,0.18814387917518616,0
RIMONE_r2_Im292,2,r2,1,0.4962534010410309,0
RIMONE_r2_Im293,2,r2,1,0.5060739517211914,1
RIMONE_r2_Im294,2,r2,1,0.32915571331977844,0
RIMONE_r2_Im301,2,r2,1,0.584536612033844,1
RIMONE_r2_Im302,2,r2,1,0.6174338459968567,1
RIMONE_r2_Im303,2,r2,1,0.5737283825874329,1
RIMONE_r2_Im305,2,r2,1,0.5501898527145386,1
RIMONE_r2_Im314,2,r2,1,0.33651986718177795,0
RIMONE_r2_Im315,2,r2,1,0.4811999797821045,0
RIMONE_r2_Im317,2,r2,1,0.33885762095451355,0
RIMONE_r2_Im318,2,r2,1,0.20740289986133575,0
RIMONE_r2_Im319,2,r2,1,0.14395031332969666,0
RIMONE_r2_Im320,2,r2,1,0.30670416355133057,0
RIMONE_r2_Im321,2,r2,1,0.700236439704895,1
RIMONE_r2_Im324,2,r2,1,0.5981528759002686,1
RIMONE_r2_Im329,2,r2,1,0.15328092873096466,0
RIMONE_r2_Im330,2,r2,1,0.1809874176979065,0
RIMONE_r2_Im331,2,r2,1,0.30670416355133057,0
RIMONE_r2_Im332,2,r2,1,0.25760141015052795,0
RIMONE_r2_Im333,2,r2,1,0.5936545133590698,1
RIMONE_r2_Im334,2,r2,1,0.3295321464538574,0
RIMONE_r2_Im338,2,r2,1,0.29646769165992737,0
RIMONE_r2_Im339,2,r2,1,0.4023408889770508,0
RIMONE_r2_Im343,2,r2,1,0.2746078372001648,0
RIMONE_r2_Im344,2,r2,1,0.7530789375305176,1
RIMONE_r1_Im001,2,r1,0,0.26821795105934143,0
RIMONE_r1_Im003,2,r1,0,0.20491482317447662,0
RIMONE_r1_Im004,2,r1,0,0.13807018101215363,0
RIMONE_r1_Im006,2,r1,0,0.5428776741027832,1
RIMONE_r1_Im008,2,r1,0,0.2447740137577057,0
RIMONE_r1_Im011,2,r1,0,0.2616000771522522,0
RIMONE_r1_Im012,2,r1,0,0.40164369344711304,0
RIMONE_r1_Im014,2,r1,0,0.3965151607990265,0
RIMONE_r1_Im015,2,r1,0,0.31037771701812744,0
RIMONE_r1_Im019,2,r1,0,0.537355363368988,1
RIMONE_r1_Im020,2,r1,0,0.2789159119129181,0
RIMONE_r1_Im022,2,r1,0,0.1318528652191162,0
RIMONE_r1_Im023,2,r1,0,0.1318528652191162,0
RIMONE_r1_Im024,2,r1,0,0.27079421281814575,0
RIMONE_r1_Im025,2,r1,0,0.2380552738904953,0
RIMONE_r1_Im026,2,r1,0,0.36577799916267395,0
RIMONE_r1_Im027,2,r1,0,0.2670764625072479,0
RIMONE_r1_Im028,2,r1,0,0.21743568778038025,0
RIMONE_r1_Im029,2,r1,0,0.22076885402202606,0
RIMONE_r1_Im031,2,r1,0,0.2222699373960495,0
RIMONE_r1_Im032,2,r1,0,0.212478905916214,0
RIMONE_r1_Im033,2,r1,0,0.212478905916214,0
RIMONE_r1_Im036,2,r1,0,0.34879565238952637,0
RIMONE_r1_Im037,2,r1,0,0.505476176738739,1
RIMONE_r1_Im040,2,r1,0,0.2066725194454193,0
RIMONE_r1_Im041,2,r1,0,0.23944886028766632,0
RIMONE_r1_Im042,2,r1,0,0.44002100825309753,0
RIMONE_r1_Im046,2,r1,0,0.24609573185443878,0
RIMONE_r1_Im047,2,r1,0,0.19709819555282593,0
RIMONE_r1_Im050,2,r1,0,0.547981858253479,1
RIMONE_r1_Im052,2,r1,0,0.41421887278556824,0
RIMONE_r1_Im054,2,r1,0,0.3237953186035156,0
RIMONE_r1_Im055,2,r1,0,0.3547150492668152,0
RIMONE_r1_Im056,2,r1,0,0.3133159577846527,0
RIMONE_r1_Im057,2,r1,0,0.2380552738904953,0
RIMONE_r1_Im058,2,r1,0,0.2749519348144531,0
RIMONE_r1_Im059,2,r1,0,0.23436309397220612,0
RIMONE_r1_Im060,2,r1,0,0.1531839519739151,0
RIMONE_r1_Im061,2,r1,0,0.26317325234413147,0
RIMONE_r1_Im062,2,r1,0,0.20483596622943878,0
RIMONE_r1_Im063,2,r1,0,0.16049166023731232,0
RIMONE_r1_Im071,2,r1,0,0.7615523934364319,1
RIMONE_r1_Im072,2,r1,0,0.8636969923973083,1
RIMONE_r1_Im073,2,r1,0,0.7272117137908936,1
RIMONE_r1_Im080,2,r1,0,0.8523051738739014,1
RIMONE_r1_Im082,2,r1,0,0.22629807889461517,0
RIMONE_r1_Im086,2,r1,0,0.8869176506996155,1
RIMONE_r1_Im087,2,r1,0,0.7302976846694946,1
RIMONE_r1_Im095,2,r1,0,0.7774598002433777,1
RIMONE_r1_Im107,2,r1,0,0.8577754497528076,1
RIMONE_r1_Im108,2,r1,0,0.7022456526756287,1
RIMONE_r1_Im115,2,r1,0,0.546229362487793,1
RIMONE_r1_Im116,2,r1,0,0.36900895833969116,0
RIMONE_r1_Im119,2,r1,0,0.9357673525810242,1
RIMONE_r1_Im125,2,r1,0,0.3034355044364929,0
RIMONE_r1_Im127,2,r1,0,0.1712857484817505,0
RIMONE_r1_Im128,2,r1,0,0.848090410232544,1
RIMONE_r1_Im129,2,r1,0,0.6669549345970154,1
RIMONE_r1_Im130,2,r1,0,0.8865596652030945,1
RIMONE_r1_Im131,2,r1,0,0.795619010925293,1
RIMONE_r1_Im132,2,r1,0,0.6657440066337585,1
RIMONE_r1_Im133,2,r1,0,0.1712857484817505,0
RIMONE_r1_Im136,2,r1,0,0.9231352806091309,1
RIMONE_r1_Im137,2,r1,0,0.7922213077545166,1
RIMONE_r1_Im138,2,r1,0,0.7684595584869385,1
RIMONE_r1_Im142,2,r1,0,0.8186495900154114,1
RIMONE_r1_Im143,2,r1,0,0.9026785492897034,1
RIMONE_r1_Im145,2,r1,0,0.7392849922180176,1
RIMONE_r1_Im146,2,r1,0,0.6250330805778503,1
RIMONE_r1_Im149,2,r1,0,0.8282484412193298,1
RIMONE_r1_Im150,2,r1,0,0.7556266784667969,1
RIMONE_r1_Im151,2,r1,0,0.8377978205680847,1
RIMONE_r1_Im152,2,r1,0,0.9388332962989807,1
RIMONE_r1_Im153,2,r1,0,0.8838787078857422,1
RIMONE_r1_Im154,2,r1,0,0.6566383838653564,1
RIMONE_r1_Im155,2,r1,0,0.4467439651489258,0
RIMONE_r1_Im156,2,r1,0,0.24429446458816528,0
RIMONE_r1_Im159,2,r1,0,0.8100556135177612,1
RIMONE_r1_Im161,2,r1,0,0.38784006237983704,0
RIMONE_r1_Im162,2,r1,0,0.4366592764854431,0
RIMONE_r1_Im163,2,r1,0,0.22064921259880066,0
RIMONE_r1_Im164,2,r1,0,0.301248162984848,0
RIMONE_r1_Im165,2,r1,0,0.7437843084335327,1
RIMONE_r1_Im166,2,r1,0,0.38947802782058716,0
RIMONE_r1_Im168,2,r1,0,0.5682947635650635,1
RIMONE_r1_Im169,2,r1,0,0.22539323568344116,0
RIMONE_r2_Im001,2,r2,0,0.5746836066246033,1
RIMONE_r2_Im002,2,r2,0,0.17928937077522278,0
RIMONE_r2_Im003,2,r2,0,0.20361357927322388,0
RIMONE_r2_Im004,2,r2,0,0.24402624368667603,0
RIMONE_r2_Im005,2,r2,0,0.34559816122055054,0
RIMONE_r2_Im006,2,r2,0,0.23245790600776672,0
RIMONE_r2_Im007,2,r2,0,0.34386691451072693,0
RIMONE_r2_Im009,2,r2,0,0.1834012269973755,0
RIMONE_r2_Im010,2,r2,0,0.39850953221321106,0
RIMONE_r2_Im011,2,r2,0,0.6278650760650635,1
RIMONE_r2_Im012,2,r2,0,0.22430138289928436,0
RIMONE_r2_Im013,2,r2,0,0.2705215513706207,0
RIMONE_r2_Im014,2,r2,0,0.27805188298225403,0
RIMONE_r2_Im015,2,r2,0,0.14341065287590027,0
RIMONE_r2_Im016,2,r2,0,0.12324245274066925,0
RIMONE_r2_Im017,2,r2,0,0.31347891688346863,0
RIMONE_r2_Im018,2,r2,0,0.5045530796051025,1
RIMONE_r2_Im019,2,r2,0,0.19865944981575012,0
RIMONE_r2_Im020,2,r2,0,0.15680810809135437,0
RIMONE_r2_Im021,2,r2,0,0.4072660803794861,0
RIMONE_r2_Im022,2,r2,0,0.4731365144252777,0
RIMONE_r2_Im023,2,r2,0,0.17944620549678802,0
RIMONE_r2_Im024,2,r2,0,0.24158738553524017,0
RIMONE_r2_Im025,2,r2,0,0.12992195785045624,0
RIMONE_r2_Im026,2,r2,0,0.12992195785045624,0
RIMONE_r2_Im027,2,r2,0,0.2616000771522522,0
RIMONE_r2_Im028,2,r2,0,0.1318528652191162,0
RIMONE_r2_Im029,2,r2,0,0.3674403727054596,0
RIMONE_r2_Im030,2,r2,0,0.28857529163360596,0
RIMONE_r2_Im031,2,r2,0,0.2807431221008301,0
RIMONE_r2_Im032,2,r2,0,0.13422031700611115,0
RIMONE_r2_Im033,2,r2,0,0.2637234330177307,0
RIMONE_r2_Im347,2,r2,1,0.15833477675914764,0
RIMONE_r2_Im348,2,r2,1,0.3282322287559509,0
RIMONE_r2_Im351,2,r2,1,0.48990315198898315,0
RIMONE_r2_Im352,2,r2,1,0.4443304240703583,0
RIMONE_r2_Im354,2,r2,1,0.38320326805114746,0
RIMONE_r2_Im355,2,r2,1,0.4054911434650421,0
RIMONE_r2_Im356,2,r2,1,0.39213892817497253,0
RIMONE_r2_Im357,2,r2,1,0.6796890497207642,1
RIMONE_r2_Im358,2,r2,1,0.5501509308815002,1
RIMONE_r2_Im362,2,r2,1,0.22235749661922455,0
RIMONE_r2_Im365,2,r2,1,0.3384648859500885,0
RIMONE_r2_Im366,2,r2,1,0.5229172706604004,1
RIMONE_r2_Im369,2,r2,1,0.4866848886013031,0
RIMONE_r2_Im373,2,r2,1,0.5578672885894775,1
RIMONE_r2_Im376,2,r2,1,0.12324245274066925,0
RIMONE_r2_Im377,2,r2,1,0.564336895942688,1
RIMONE_r2_Im383,2,r2,1,0.1361461877822876,0
RIMONE_r2_Im384,2,r2,1,0.4684373736381531,0
RIMONE_r2_Im385,2,r2,1,0.4357430636882782,0
RIMONE_r2_Im387,2,r2,1,0.6637704968452454,1
RIMONE_r2_Im388,2,r2,1,0.4594857394695282,0
RIMONE_r2_Im389,2,r2,1,0.5162774324417114,1
RIMONE_r2_Im390,2,r2,1,0.44607412815093994,0
RIMONE_r2_Im391,2,r2,1,0.42703765630722046,0
RIMONE_r2_Im392,2,r2,1,0.4740636348724365,0
RIMONE_r2_Im393,2,r2,1,0.45365965366363525,0
RIMONE_r2_Im398,2,r2,1,0.1655120700597763,0
RIMONE_r2_Im399,2,r2,1,0.264328271150589,0
RIMONE_r2_Im400,2,r2,1,0.4854084849357605,0
RIMONE_r2_Im401,2,r2,1,0.44057172536849976,0
RIMONE_r2_Im402,2,r2,1,0.35470259189605713,0
RIMONE_r2_Im403,2,r2,1,0.3481135368347168,0
RIMONE_r2_Im404,2,r2,1,0.4755356013774872,0
RIMONE_r2_Im406,2,r2,1,0.17378252744674683,0
RIMONE_r2_Im407,2,r2,1,0.38684433698654175,0
RIMONE_r2_Im408,2,r2,1,0.2133636772632599,0
RIMONE_r2_Im414,2,r2,1,0.27806779742240906,0
RIMONE_r2_Im415,2,r2,1,0.16950920224189758,0
RIMONE_r2_Im416,2,r2,1,0.23786276578903198,0
RIMONE_r2_Im418,2,r2,1,0.3739538788795471,0
RIMONE_r2_Im419,2,r2,1,0.19542746245861053,0
RIMONE_r2_Im420,2,r2,1,0.2133636772632599,0
RIMONE_r2_Im421,2,r2,1,0.16818489134311676,0
RIMONE_r2_Im422,2,r2,1,0.5229172706604004,1
RIMONE_r2_Im424,2,r2,1,0.14495576918125153,0
RIMONE_r2_Im427,2,r2,1,0.2109152227640152,0
RIMONE_r2_Im428,2,r2,1,0.3907654881477356,0
RIMONE_r2_Im429,2,r2,1,0.23786276578903198,0
RIMONE_r2_Im432,2,r2,1,0.3390616178512573,0
RIMONE_r2_Im433,2,r2,1,0.6095320582389832,1
RIMONE_r2_Im436,2,r2,1,0.26054105162620544,0
RIMONE_r2_Im439,2,r2,1,0.3591300845146179,0
RIMONE_r2_Im441,2,r2,1,0.34504884481430054,0
RIMONE_r2_Im442,2,r2,1,0.489888459444046,0
RIMONE_r2_Im443,2,r2,1,0.5445721745491028,1
RIMONE_r2_Im444,2,r2,1,0.483758807182312,0
RIMONE_r2_Im445,2,r2,1,0.29935744404792786,0
RIMONE_r2_Im448,2,r2,1,0.6592092514038086,1
RIMONE_r2_Im449,2,r2,1,0.6505504846572876,1
RIMONE_r2_Im450,2,r2,1,0.6637704968452454,1
RIMONE_r2_Im451,2,r2,1,0.45475706458091736,0
RIMONE_r2_Im453,2,r2,1,0.2645089626312256,0
RIMONE_r2_Im454,2,r2,1,0.4628099501132965,0
RIMONE_r2_Im455,2,r2,1,0.5726498365402222,1
RIMONE_r3_G-1-L_left_half,2,r3,1,0.43102750182151794,0
RIMONE_r3_G-10-L_left_half,2,r3,1,0.9298999309539795,1
RIMONE_r3_G-11-R_left_half,2,r3,1,0.932094395160675,1
RIMONE_r3_G-12-L_left_half,2,r3,1,0.8492476940155029,1
RIMONE_r3_G-13-R_left_half,2,r3,1,0.8889038562774658,1
RIMONE_r3_G-14-R_left_half,2,r3,1,0.36963951587677,0
RIMONE_r3_G-15-L_left_half,2,r3,1,0.4477856159210205,0
RIMONE_r3_G-16-R_left_half,2,r3,1,0.3892105221748352,0
RIMONE_r3_G-17-L_left_half,2,r3,1,0.29007208347320557,0
RIMONE_r3_G-18-R_left_half,2,r3,1,0.14921166002750397,0
RIMONE_r3_G-2-R_left_half,2,r3,1,0.4643315374851227,0
RIMONE_r3_G-22-L_left_half,2,r3,1,0.9393501281738281,1
RIMONE_r3_G-23-R_left_half,2,r3,1,0.5599721670150757,1
RIMONE_r3_G-25-L_left_half,2,r3,1,0.49585071206092834,0
RIMONE_r3_G-27-R_left_half,2,r3,1,0.8907074332237244,1
RIMONE_r3_G-29-R_left_half,2,r3,1,0.4118204414844513,0
RIMONE_r3_G-3-R_left_half,2,r3,1,0.8786754012107849,1
RIMONE_r3_G-30-L_left_half,2,r3,1,0.775169312953949,1
RIMONE_r3_G-31-R_left_half,2,r3,1,0.9032512307167053,1
RIMONE_r3_G-32-L_left_half,2,r3,1,0.880747377872467,1
RIMONE_r3_G-33-R_left_half,2,r3,1,0.16880130767822266,0
RIMONE_r3_G-34-L_left_half,2,r3,1,0.8497495055198669,1
RIMONE_r3_G-35-R_left_half,2,r3,1,0.2443774789571762,0
RIMONE_r3_G-37-R_left_half,2,r3,1,0.9188976883888245,1
RIMONE_r3_G-38-L_left_half,2,r3,1,0.8295721411705017,1
RIMONE_r3_G-39-L_left_half,2,r3,1,0.30362412333488464,0
RIMONE_r3_G-6-L_left_half,2,r3,1,0.4203583896160126,0
RIMONE_r3_G-8-R_left_half,2,r3,1,0.13517309725284576,0
RIMONE_r3_G-9-R_left_half,2,r3,1,0.5531938076019287,1
RIMONE_r3_S-1-L_left_half,2,r3,1,0.22140544652938843,0
RIMONE_r3_S-10-R_left_half,2,r3,1,0.8677058815956116,1
RIMONE_r3_S-11-L_left_half,2,r3,1,0.173758402466774,0
RIMONE_r3_S-12-L_left_half,2,r3,1,0.9760159254074097,1
RIMONE_r3_S-13-R_left_half,2,r3,1,0.9174475073814392,1
RIMONE_r3_S-14-R_left_half,2,r3,1,0.2673121690750122,0
RIMONE_r3_S-18-L_left_half,2,r3,1,0.2793298661708832,0
RIMONE_r3_S-19-R_left_half,2,r3,1,0.3861294090747833,0
RIMONE_r3_S-2-L_left_half,2,r3,1,0.206140398979187,0
RIMONE_r3_S-20-L_left_half,2,r3,1,0.6616784930229187,1
RIMONE_r3_S-21-R_left_half,2,r3,1,0.9015107750892639,1
RIMONE_r3_S-25-L_left_half,2,r3,1,0.9339162707328796,1
RIMONE_r3_S-26-R_left_half,2,r3,1,0.934917688369751,1
RIMONE_r3_S-28-R_left_half,2,r3,1,0.5261353850364685,1
RIMONE_r3_S-29-R_left_half,2,r3,1,0.39145374298095703,0
RIMONE_r3_S-30-L_left_half,2,r3,1,0.7022456526756287,1
RIMONE_r3_S-31-L_left_half,2,r3,1,0.24370616674423218,0
RIMONE_r3_S-32-L_left_half,2,r3,1,0.14937609434127808,0
RIMONE_r3_S-33-R_left_half,2,r3,1,0.3752088248729706,0
RIMONE_r3_S-35-R_left_half,2,r3,1,0.7242304682731628,1
RIMONE_r3_S-4-L_left_half,2,r3,1,0.9323049783706665,1
RIMONE_r3_S-6-R_left_half,2,r3,1,0.849712073802948,1
RIMONE_r3_S-9-L_left_half,2,r3,1,0.9619520902633667,1
RIMONE_r2_Im034,2,r2,0,0.14341065287590027,0
RIMONE_r2_Im036,2,r2,0,0.1455085128545761,0
RIMONE_r2_Im038,2,r2,0,0.16464366018772125,0
RIMONE_r2_Im040,2,r2,0,0.2063072770833969,0
RIMONE_r2_Im042,2,r2,0,0.38539236783981323,0
RIMONE_r2_Im044,2,r2,0,0.18453338742256165,0
RIMONE_r2_Im046,2,r2,0,0.18199272453784943,0
RIMONE_r2_Im048,2,r2,0,0.4990122318267822,0
RIMONE_r2_Im050,2,r2,0,0.1455085128545761,0
RIMONE_r2_Im052,2,r2,0,0.18747781217098236,0
RIMONE_r2_Im054,2,r2,0,0.14706960320472717,0
RIMONE_r2_Im056,2,r2,0,0.2407638132572174,0
RIMONE_r2_Im058,2,r2,0,0.38045111298561096,0
RIMONE_r2_Im060,2,r2,0,0.1361461877822876,0
RIMONE_r2_Im062,2,r2,0,0.1531839519739151,0
RIMONE_r2_Im064,2,r2,0,0.1455085128545761,0
RIMONE_r2_Im066,2,r2,0,0.1722152680158615,0
RIMONE_r2_Im068,2,r2,0,0.1901179403066635,0
RIMONE_r2_Im070,2,r2,0,0.1455085128545761,0
RIMONE_r2_Im072,2,r2,0,0.14706960320472717,0
RIMONE_r2_Im074,2,r2,0,0.2361811399459839,0
RIMONE_r2_Im076,2,r2,0,0.16950920224189758,0
RIMONE_r2_Im078,2,r2,0,0.1383500099182129,0
RIMONE_r2_Im080,2,r2,0,0.14341065287590027,0
RIMONE_r2_Im082,2,r2,0,0.44607412815093994,0
RIMONE_r2_Im084,2,r2,0,0.5455652475357056,1
RIMONE_r2_Im086,2,r2,0,0.1318528652191162,0
RIMONE_r2_Im088,2,r2,0,0.15149655938148499,0
RIMONE_r2_Im090,2,r2,0,0.13965001702308655,0
RIMONE_r2_Im092,2,r2,0,0.20442962646484375,0
RIMONE_r2_Im094,2,r2,0,0.1966681182384491,0
RIMONE_r2_Im096,2,r2,0,0.16464366018772125,0
RIMONE_r2_Im098,2,r2,0,0.2869119942188263,0
RIMONE_r2_Im100,2,r2,0,0.15744447708129883,0
RIMONE_r2_Im102,2,r2,0,0.22704795002937317,0
RIMONE_r2_Im104,2,r2,0,0.1712857484817505,0
RIMONE_r2_Im106,2,r2,0,0.2595035135746002,0
RIMONE_r2_Im108,2,r2,0,0.1455085128545761,0
RIMONE_r2_Im110,2,r2,0,0.1531839519739151,0
RIMONE_r2_Im112,2,r2,0,0.3924718201160431,0
RIMONE_r2_Im114,2,r2,0,0.27079907059669495,0
RIMONE_r2_Im116,2,r2,0,0.22896456718444824,0
RIMONE_r2_Im118,2,r2,0,0.15526558458805084,0
RIMONE_r2_Im120,2,r2,0,0.1455085128545761,0
RIMONE_r2_Im122,2,r2,0,0.15565159916877747,0
RIMONE_r2_Im124,2,r2,0,0.17378252744674683,0
RIMONE_r2_Im126,2,r2,0,0.23408222198486328,0
RIMONE_r2_Im128,2,r2,0,0.12324245274066925,0
RIMONE_r2_Im130,2,r2,0,0.1644589751958847,0
RIMONE_r2_Im132,2,r2,0,0.1318528652191162,0
RIMONE_r2_Im134,2,r2,0,0.2598070800304413,0
RIMONE_r2_Im136,2,r2,0,0.1531839519739151,0
RIMONE_r2_Im138,2,r2,0,0.21115493774414062,0
RIMONE_r2_Im140,2,r2,0,0.1695520132780075,0
RIMONE_r2_Im142,2,r2,0,0.1712857484817505,0
RIMONE_r2_Im144,2,r2,0,0.19775113463401794,0
RIMONE_r2_Im146,2,r2,0,0.24353449046611786,0
RIMONE_r2_Im148,2,r2,0,0.1455085128545761,0
RIMONE_r2_Im150,2,r2,0,0.1455085128545761,0
RIMONE_r2_Im152,2,r2,0,0.15565159916877747,0
RIMONE_r2_Im154,2,r2,0,0.14341065287590027,0
RIMONE_r2_Im156,2,r2,0,0.1455085128545761,0
RIMONE_r2_Im158,2,r2,0,0.1455085128545761,0
RIMONE_r2_Im160,2,r2,0,0.1318528652191162,0
RIMONE_r2_Im162,2,r2,0,0.22547218203544617,0
RIMONE_r2_Im164,2,r2,0,0.41554760932922363,0
RIMONE_r2_Im166,2,r2,0,0.394376665353775,0
RIMONE_r2_Im168,2,r2,0,0.25217926502227783,0
RIMONE_r2_Im170,2,r2,0,0.15526558458805084,0
RIMONE_r2_Im172,2,r2,0,0.14341065287590027,0
RIMONE_r2_Im174,2,r2,0,0.27079907059669495,0
RIMONE_r2_Im176,2,r2,0,0.1459062695503235,0
RIMONE_r2_Im178,2,r2,0,0.1531839519739151,0
RIMONE_r2_Im180,2,r2,0,0.16382953524589539,0
RIMONE_r2_Im182,2,r2,0,0.19630607962608337,0
RIMONE_r2_Im184,2,r2,0,0.2107023000717163,0
RIMONE_r2_Im186,2,r2,0,0.1809874176979065,0
RIMONE_r2_Im188,2,r2,0,0.44607412815093994,0
RIMONE_r2_Im190,2,r2,0,0.3301418423652649,0
RIMONE_r2_Im192,2,r2,0,0.1712857484817505,0
RIMONE_r2_Im194,2,r2,0,0.13652244210243225,0
RIMONE_r2_Im196,2,r2,0,0.1318528652191162,0
RIMONE_r2_Im198,2,r2,0,0.1318528652191162,0
RIMONE_r2_Im200,2,r2,0,0.1927880048751831,0
RIMONE_r2_Im202,2,r2,0,0.377581924200058,0
RIMONE_r2_Im206,2,r2,0,0.2290288805961609,0
RIMONE_r2_Im208,2,r2,0,0.1531839519739151,0
RIMONE_r2_Im210,2,r2,0,0.14341065287590027,0
RIMONE_r2_Im212,2,r2,0,0.1318528652191162,0
RIMONE_r2_Im214,2,r2,0,0.35789763927459717,0
RIMONE_r2_Im216,2,r2,0,0.1318528652191162,0
RIMONE_r2_Im218,2,r2,0,0.3439098596572876,0
RIMONE_r2_Im220,2,r2,0,0.42703765630722046,0
RIMONE_r2_Im222,2,r2,0,0.12646280229091644,0
RIMONE_r2_Im224,2,r2,0,0.21043336391448975,0
RIMONE_r2_Im226,2,r2,0,0.49012333154678345,0
RIMONE_r2_Im228,2,r2,0,0.568878710269928,1
RIMONE_r2_Im230,2,r2,0,0.194561168551445,0
RIMONE_r2_Im232,2,r2,0,0.24367138743400574,0
RIMONE_r2_Im234,2,r2,0,0.1531839519739151,0
RIMONE_r2_Im236,2,r2,0,0.2429148554801941,0
RIMONE_r2_Im238,2,r2,0,0.1455085128545761,0
RIMONE_r2_Im240,2,r2,0,0.18148596584796906,0
RIMONE_r2_Im242,2,r2,0,0.18517819046974182,0
RIMONE_r2_Im244,2,r2,0,0.1318528652191162,0
RIMONE_r2_Im246,2,r2,0,0.24429446458816528,0
RIMONE_r2_Im248,2,r2,0,0.3890365958213806,0
RIMONE_r2_Im250,2,r2,0,0.3521081507205963,0
RIMONE_r2_Im252,2,r2,0,0.2282152622938156,0
RIMONE_r2_Im254,2,r2,0,0.1531839519739151,0
RIMONE_r3_N-1-L_left_half,2,r3,0,0.5741784572601318,1
RIMONE_r3_N-10-R_left_half,2,r3,0,0.9027533531188965,1
RIMONE_r3_N-11-L_left_half,2,r3,0,0.8509665727615356,1
RIMONE_r3_N-12-R_left_half,2,r3,0,0.861687958240509,1
RIMONE_r3_N-13-L_left_half,2,r3,0,0.9373511075973511,1
RIMONE_r3_N-14-R_left_half,2,r3,0,0.20310425758361816,0
RIMONE_r3_N-16-R_left_half,2,r3,0,0.34879565238952637,0
RIMONE_r3_N-17-L_left_half,2,r3,0,0.8121795654296875,1
RIMONE_r3_N-18-R_left_half,2,r3,0,0.6069725155830383,1
RIMONE_r3_N-2-R_left_half,2,r3,0,0.9011848568916321,1
RIMONE_r3_N-20-R_left_half,2,r3,0,0.1644589751958847,0
RIMONE_r3_N-21-L_left_half,2,r3,0,0.724432110786438,1
RIMONE_r3_N-22-R_left_half,2,r3,0,0.8444457054138184,1
RIMONE_r3_N-23-L_left_half,2,r3,0,0.24491776525974274,0
RIMONE_r3_N-24-R_left_half,2,r3,0,0.8505892157554626,1
RIMONE_r3_N-25-L_left_half,2,r3,0,0.3867468237876892,0
RIMONE_r3_N-26-R_left_half,2,r3,0,0.19002413749694824,0
RIMONE_r3_N-27-L_left_half,2,r3,0,0.14937609434127808,0
RIMONE_r3_N-28-R_left_half,2,r3,0,0.18717075884342194,0
RIMONE_r3_N-29-L_left_half,2,r3,0,0.26171794533729553,0
RIMONE_r3_N-3-L_left_half,2,r3,0,0.6339051723480225,1
RIMONE_r3_N-30-R_left_half,2,r3,0,0.40142279863357544,0
RIMONE_r3_N-31-L_left_half,2,r3,0,0.6339051723480225,1
RIMONE_r3_N-32-R_left_half,2,r3,0,0.6339051723480225,1
RIMONE_r3_N-33-L_left_half,2,r3,0,0.7395377159118652,1
RIMONE_r3_N-34-R_left_half,2,r3,0,0.8305670619010925,1
RIMONE_r3_N-35-L_left_half,2,r3,0,0.8564848899841309,1
RIMONE_r3_N-36-R_left_half,2,r3,0,0.40593937039375305,0
RIMONE_r3_N-37-L_left_half,2,r3,0,0.9203462600708008,1
RIMONE_r3_N-38-R_left_half,2,r3,0,0.7764468789100647,1
RIMONE_r3_N-39-L_left_half,2,r3,0,0.25155970454216003,0
RIMONE_r3_N-4-R_left_half,2,r3,0,0.6339051723480225,1
RIMONE_r3_N-40-R_left_half,2,r3,0,0.22613978385925293,0
RIMONE_r3_N-41-L_left_half,2,r3,0,0.6669549345970154,1
RIMONE_r3_N-42-R_left_half,2,r3,0,0.7972532510757446,1
RIMONE_r3_N-43-L_left_half,2,r3,0,0.34654149413108826,0
RIMONE_r3_N-44-R_left_half,2,r3,0,0.4383244514465332,0
RIMONE_r3_N-46-R_left_half,2,r3,0,0.7502353191375732,1
RIMONE_r3_N-47-L_left_half,2,r3,0,0.39145374298095703,0
RIMONE_r3_N-48-R_left_half,2,r3,0,0.8611958026885986,1
RIMONE_r3_N-49-L_left_half,2,r3,0,0.6464820504188538,1
RIMONE_r3_N-5-L_left_half,2,r3,0,0.1318528652191162,0
RIMONE_r3_N-50-R_left_half,2,r3,0,0.6232507824897766,1
RIMONE_r3_N-51-L_left_half,2,r3,0,0.9407778978347778,1
RIMONE_r3_N-52-R_left_half,2,r3,0,0.9315653443336487,1
RIMONE_r3_N-53-L_left_half,2,r3,0,0.3687848746776581,0
RIMONE_r3_N-54-R_left_half,2,r3,0,0.4437958598136902,0
RIMONE_r3_N-55-L_left_half,2,r3,0,0.7759999632835388,1
RIMONE_r3_N-56-R_left_half,2,r3,0,0.8393887877464294,1
RIMONE_r3_N-58-R_left_half,2,r3,0,0.24389107525348663,0
RIMONE_r3_N-59-L_left_half,2,r3,0,0.864833414554596,1
RIMONE_r3_N-6-R_left_half,2,r3,0,0.8349546194076538,1
RIMONE_r3_N-61-L_left_half,2,r3,0,0.8829923868179321,1
RIMONE_r3_N-62-R_left_half,2,r3,0,0.8011046051979065,1
RIMONE_r3_N-63-L_left_half,2,r3,0,0.8279414772987366,1
RIMONE_r3_N-64-R_left_half,2,r3,0,0.7058464288711548,1
RIMONE_r3_N-65-L_left_half,2,r3,0,0.4390663206577301,0
RIMONE_r3_N-66-R_left_half,2,r3,0,0.7788265943527222,1
RIMONE_r3_N-67-L_left_half,2,r3,0,0.8602855205535889,1
RIMONE_r3_N-68-R_left_half,2,r3,0,0.8862230181694031,1
RIMONE_r3_N-69-L_left_half,2,r3,0,0.8609415292739868,1
RIMONE_r3_N-7-L_left_half,2,r3,0,0.39145374298095703,0
RIMONE_r3_N-70-R_left_half,2,r3,0,0.7293252348899841,1
RIMONE_r3_N-71-L_left_half,2,r3,0,0.9374237060546875,1
RIMONE_r3_N-72-R_left_half,2,r3,0,0.1576162874698639,0
RIMONE_r3_N-73-R_left_half,2,r3,0,0.777370035648346,1
RIMONE_r3_N-74-L_left_half,2,r3,0,0.6499367952346802,1
RIMONE_r3_N-75-R_left_half,2,r3,0,0.7926781177520752,1
RIMONE_r3_N-76-R_left_half,2,r3,0,0.20578496158123016,0
RIMONE_r3_N-78-R_left_half,2,r3,0,0.910833477973938,1
RIMONE_r3_N-79-L_left_half,2,r3,0,0.15520578622817993,0
RIMONE_r3_N-8-L_left_half,2,r3,0,0.18003442883491516,0
RIMONE_r3_N-80-R_left_half,2,r3,0,0.5868644714355469,1
RIMONE_r3_N-81-L_left_half,2,r3,0,0.8473155498504639,1
RIMONE_r3_N-82-R_left_half,2,r3,0,0.8785204887390137,1
RIMONE_r3_N-83-L_left_half,2,r3,0,0.21122422814369202,0
RIMONE_r3_N-84-R_left_half,2,r3,0,0.5815896987915039,1
RIMONE_r3_N-85-L_left_half,2,r3,0,0.17802128195762634,0
RIMONE_r3_N-86-R_left_half,2,r3,0,0.7362973690032959,1
RIMONE_r3_N-87-L_left_half,2,r3,0,0.7125646471977234,1
RIMONE_r3_N-88-R_left_half,2,r3,0,0.6316920518875122,1
RIMONE_r3_N-9-L_left_half,2,r3,0,0.19469769299030304,0
RIMONE_r3_N-90-R_left_half,2,r3,0,0.6330420970916748,1
RIMONE_r3_N-91-L_left_half,2,r3,0,0.7910187244415283,1
RIMONE_r3_N-92-R_left_half,2,r3,0,0.7279250025749207,1
RIMONE_r1_Im069,3,r1,1,0.10552939027547836,0
RIMONE_r1_Im103,3,r1,1,0.27032551169395447,0
RIMONE_r1_Im113,3,r1,1,0.24586883187294006,0
RIMONE_r1_Im117,3,r1,1,0.23164835572242737,0
RIMONE_r1_Im118,3,r1,1,0.6679415106773376,1
RIMONE_r1_Im120,3,r1,1,0.8006374835968018,1
RIMONE_r1_Im121,3,r1,1,0.1721341758966446,0
RIMONE_r1_Im122,3,r1,1,0.25708991289138794,0
RIMONE_r1_Im135,3,r1,1,0.8133403062820435,1
RIMONE_r1_Im144,3,r1,1,0.21642549335956573,0
RIMONE_r1_Im158,3,r1,1,0.8041643500328064,1
RIMONE_r1_Im167,3,r1,1,0.2785588502883911,0
RIMONE_r2_Im257,3,r2,1,0.8290082216262817,1
RIMONE_r2_Im258,3,r2,1,0.6702035665512085,1
RIMONE_r2_Im260,3,r2,1,0.6702035665512085,1
RIMONE_r2_Im263,3,r2,1,0.22305504977703094,0
RIMONE_r2_Im264,3,r2,1,0.8102187514305115,1
RIMONE_r2_Im266,3,r2,1,0.6602367758750916,1
RIMONE_r2_Im267,3,r2,1,0.5838466882705688,1
RIMONE_r2_Im268,3,r2,1,0.2166915237903595,0
RIMONE_r2_Im269,3,r2,1,0.5665323138237,1
RIMONE_r2_Im270,3,r2,1,0.1641298532485962,0
RIMONE_r2_Im273,3,r2,1,0.2376648485660553,0
RIMONE_r2_Im275,3,r2,1,0.14233288168907166,0
RIMONE_r2_Im277,3,r2,1,0.6702035665512085,1
RIMONE_r2_Im281,3,r2,1,0.12154719978570938,0
RIMONE_r2_Im287,3,r2,1,0.7815483212471008,1
RIMONE_r2_Im288,3,r2,1,0.6602367758750916,1
RIMONE_r2_Im289,3,r2,1,0.7541686296463013,1
RIMONE_r2_Im290,3,r2,1,0.6702035665512085,1
RIMONE_r2_Im291,3,r2,1,0.25708991289138794,0
RIMONE_r2_Im292,3,r2,1,0.7647855281829834,1
RIMONE_r2_Im293,3,r2,1,0.7373432517051697,1
RIMONE_r2_Im294,3,r2,1,0.5153025388717651,1
RIMONE_r2_Im301,3,r2,1,0.8290082216262817,1
RIMONE_r2_Im302,3,r2,1,0.8102187514305115,1
RIMONE_r2_Im303,3,r2,1,0.8290082216262817,1
RIMONE_r2_Im305,3,r2,1,0.8290082216262817,1
RIMONE_r2_Im314,3,r2,1,0.6702035665512085,1
RIMONE_r2_Im315,3,r2,1,0.7543584704399109,1
RIMONE_r2_Im317,3,r2,1,0.6702035665512085,1
RIMONE_r2_Im318,3,r2,1,0.6602367758750916,1
RIMONE_r2_Im319,3,r2,1,0.21882396936416626,0
RIMONE_r2_Im320,3,r2,1,0.6702035665512085,1
RIMONE_r2_Im321,3,r2,1,0.8349639177322388,1
RIMONE_r2_Im324,3,r2,1,0.8290082216262817,1
RIMONE_r2_Im329,3,r2,1,0.33051279187202454,0
RIMONE_r2_Im330,3,r2,1,0.25708991289138794,0
RIMONE_r2_Im331,3,r2,1,0.6702035665512085,1
RIMONE_r2_Im332,3,r2,1,0.6415098309516907,1
RIMONE_r2_Im333,3,r2,1,0.7889254689216614,1
RIMONE_r2_Im334,3,r2,1,0.6702035665512085,1
RIMONE_r2_Im338,3,r2,1,0.6702035665512085,1
RIMONE_r2_Im339,3,r2,1,0.2376648485660553,0
RIMONE_r2_Im343,3,r2,1,0.6702035665512085,1
RIMONE_r2_Im344,3,r2,1,0.8349639177322388,1
RIMONE_r1_Im001,3,r1,0,0.6702035665512085,1
RIMONE_r1_Im003,3,r1,0,0.7761944532394409,1
RIMONE_r1_Im004,3,r1,0,0.25708991289138794,0
RIMONE_r1_Im006,3,r1,0,0.8109624981880188,1
RIMONE_r1_Im008,3,r1,0,0.6702035665512085,1
RIMONE_r1_Im011,3,r1,0,0.6415098309516907,1
RIMONE_r1_Im012,3,r1,0,0.6702035665512085,1
RIMONE_r1_Im014,3,r1,0,0.7543584704399109,1
RIMONE_r1_Im015,3,r1,0,0.8109624981880188,1
RIMONE_r1_Im019,3,r1,0,0.7889254689216614,1
RIMONE_r1_Im020,3,r1,0,0.6702035665512085,1
RIMONE_r1_Im022,3,r1,0,0.1721341758966446,0
RIMONE_r1_Im023,3,r1,0,0.1721341758966446,0
RIMONE_r1_Im024,3,r1,0,0.7010183334350586,1
RIMONE_r1_Im025,3,r1,0,0.7761944532394409,1
RIMONE_r1_Im026,3,r1,0,0.6702035665512085,1
RIMONE_r1_Im027,3,r1,0,0.6702035665512085,1
RIMONE_r1_Im028,3,r1,0,0.18497712910175323,0
RIMONE_r1_Im029,3,r1,0,0.1721341758966446,0
RIMONE_r1_Im031,3,r1,0,0.6217232942581177,1
RIMONE_r1_Im032,3,r1,0,0.6509004235267639,1
RIMONE_r1_Im033,3,r1,0,0.6602367758750916,1
RIMONE_r1_Im036,3,r1,0,0.1635276973247528,0
RIMONE_r1_Im037,3,r1,0,0.1721341758966446,0
RIMONE_r1_Im040,3,r1,0,0.6509004235267639,1
RIMONE_r1_Im041,3,r1,0,0.6702035665512085,1
RIMONE_r1_Im042,3,r1,0,0.6702035665512085,1
RIMONE_r1_Im046,3,r1,0,0.6702035665512085,1
RIMONE_r1_Im047,3,r1,0,0.5665323138237,1
RIMONE_r1_Im050,3,r1,0,0.8240264058113098,1
RIMONE_r1_Im052,3,r1,0,0.7380557656288147,1
RIMONE_r1_Im054,3,r1,0,0.6602367758750916,1
RIMONE_r1_Im055,3,r1,0,0.26982879638671875,0
RIMONE_r1_Im056,3,r1,0,0.27417224645614624,0
RIMONE_r1_Im057,3,r1,0,0.7761944532394409,1
RIMONE_r1_Im058,3,r1,0,0.8428009152412415,1
RIMONE_r1_Im059,3,r1,0,0.6602367758750916,1
RIMONE_r1_Im060,3,r1,0,0.25708991289138794,0
RIMONE_r1_Im061,3,r1,0,0.7096123099327087,1
RIMONE_r1_Im062,3,r1,0,0.25708991289138794,0
RIMONE_r1_Im063,3,r1,0,0.1721341758966446,0
RIMONE_r1_Im071,3,r1,0,0.25708991289138794,0
RIMONE_r1_Im072,3,r1,0,0.7286209464073181,1
RIMONE_r1_Im073,3,r1,0,0.7286209464073181,1
RIMONE_r1_Im080,3,r1,0,0.32550379633903503,0
RIMONE_r1_Im082,3,r1,0,0.21642549335956573,0
RIMONE_r1_Im086,3,r1,0,0.8133403062820435,1
RIMONE_r1_Im087,3,r1,0,0.2097870260477066,0
RIMONE_r1_Im095,3,r1,0,0.7925756573677063,1
RIMONE_r1_Im107,3,r1,0,0.6531501412391663,1
RIMONE_r1_Im108,3,r1,0,0.1721341758966446,0
RIMONE_r1_Im115,3,r1,0,0.21642549335956573,0
RIMONE_r1_Im116,3,r1,0,0.12750183045864105,0
RIMONE_r1_Im119,3,r1,0,0.8415579199790955,1
RIMONE_r1_Im125,3,r1,0,0.19736044108867645,0
RIMONE_r1_Im127,3,r1,0,0.12750183045864105,0
RIMONE_r1_Im128,3,r1,0,0.7926720976829529,1
RIMONE_r1_Im129,3,r1,0,0.19563502073287964,0
RIMONE_r1_Im130,3,r1,0,0.7929696440696716,1
RIMONE_r1_Im131,3,r1,0,0.25708991289138794,0
RIMONE_r1_Im132,3,r1,0,0.7027555704116821,1
RIMONE_r1_Im133,3,r1,0,0.25708991289138794,0
RIMONE_r1_Im136,3,r1,0,0.6679415106773376,1
RIMONE_r1_Im137,3,r1,0,0.7812957167625427,1
RIMONE_r1_Im138,3,r1,0,0.18611767888069153,0
RIMONE_r1_Im142,3,r1,0,0.835966169834137,1
RIMONE_r1_Im143,3,r1,0,0.8415579199790955,1
RIMONE_r1_Im145,3,r1,0,0.8509246706962585,1
RIMONE_r1_Im146,3,r1,0,0.2698526680469513,0
RIMONE_r1_Im149,3,r1,0,0.2097870260477066,0
RIMONE_r1_Im150,3,r1,0,0.2061559557914734,0
RIMONE_r1_Im151,3,r1,0,0.7929696440696716,1
RIMONE_r1_Im152,3,r1,0,0.8415579199790955,1
RIMONE_r1_Im153,3,r1,0,0.7996758818626404,1
RIMONE_r1_Im154,3,r1,0,0.21642549335956573,0
RIMONE_r1_Im155,3,r1,0,0.8109624981880188,1
RIMONE_r1_Im156,3,r1,0,0.8045417666435242,1
RIMONE_r1_Im159,3,r1,0,0.8006374835968018,1
RIMONE_r1_Im161,3,r1,0,0.3095136284828186,0
RIMONE_r1_Im162,3,r1,0,0.8109624981880188,1
RIMONE_r1_Im163,3,r1,0,0.7898355722427368,1
RIMONE_r1_Im164,3,r1,0,0.29111248254776,0
RIMONE_r1_Im165,3,r1,0,0.19736044108867645,0
RIMONE_r1_Im166,3,r1,0,0.24549536406993866,0
RIMONE_r1_Im168,3,r1,0,0.7929696440696716,1
RIMONE_r1_Im169,3,r1,0,0.7175742387771606,1
RIMONE_r2_Im001,3,r2,0,0.8290082216262817,1
RIMONE_r2_Im002,3,r2,0,0.6602367758750916,1
RIMONE_r2_Im003,3,r2,0,0.6602367758750916,1
RIMONE_r2_Im004,3,r2,0,0.6602367758750916,1
RIMONE_r2_Im005,3,r2,0,0.6702035665512085,1
RIMONE_r2_Im006,3,r2,0,0.6602367758750916,1
RIMONE_r2_Im007,3,r2,0,0.6415098309516907,1
RIMONE_r2_Im009,3,r2,0,0.6509004235267639,1
RIMONE_r2_Im010,3,r2,0,0.7120933532714844,1
RIMONE_r2_Im011,3,r2,0,0.8290082216262817,1
RIMONE_r2_Im012,3,r2,0,0.6602367758750916,1
RIMONE_r2_Im013,3,r2,0,0.6702035665512085,1
RIMONE_r2_Im014,3,r2,0,0.6415098309516907,1
RIMONE_r2_Im015,3,r2,0,0.1641298532485962,0
RIMONE_r2_Im016,3,r2,0,0.10552939027547836,0
RIMONE_r2_Im017,3,r2,0,0.6415098309516907,1
RIMONE_r2_Im018,3,r2,0,0.6702035665512085,1
RIMONE_r2_Im019,3,r2,0,0.6415098309516907,1
RIMONE_r2_Im020,3,r2,0,0.21882396936416626,0
RIMONE_r2_Im021,3,r2,0,0.2376648485660553,0
RIMONE_r2_Im022,3,r2,0,0.7647855281829834,1
RIMONE_r2_Im023,3,r2,0,0.22597450017929077,0
RIMONE_r2_Im024,3,r2,0,0.2376648485660553,0
RIMONE_r2_Im025,3,r2,0,0.1641298532485962,0
RIMONE_r2_Im026,3,r2,0,0.1641298532485962,0
RIMONE_r2_Im027,3,r2,0,0.6415098309516907,1
RIMONE_r2_Im028,3,r2,0,0.1721341758966446,0
RIMONE_r2_Im029,3,r2,0,0.5212479829788208,1
RIMONE_r2_Im030,3,r2,0,0.6702035665512085,1
RIMONE_r2_Im031,3,r2,0,0.6702035665512085,1
RIMONE_r2_Im032,3,r2,0,0.22597450017929077,0
RIMONE_r2_Im033,3,r2,0,0.6415098309516907,1
RIMONE_r2_Im347,3,r2,1,0.48623180389404297,0
RIMONE_r2_Im348,3,r2,1,0.6892679333686829,1
RIMONE_r2_Im351,3,r2,1,0.537682831287384,1
RIMONE_r2_Im352,3,r2,1,0.7543584704399109,1
RIMONE_r2_Im354,3,r2,1,0.23025445640087128,0
RIMONE_r2_Im355,3,r2,1,0.24549536406993866,0
RIMONE_r2_Im356,3,r2,1,0.22305504977703094,0
RIMONE_r2_Im357,3,r2,1,0.7543584704399109,1
RIMONE_r2_Im358,3,r2,1,0.7461618185043335,1
RIMONE_r2_Im362,3,r2,1,0.7351058721542358,1
RIMONE_r2_Im365,3,r2,1,0.17333726584911346,0
RIMONE_r2_Im366,3,r2,1,0.24586883187294006,0
RIMONE_r2_Im369,3,r2,1,0.23784752190113068,0
RIMONE_r2_Im373,3,r2,1,0.24586883187294006,0
RIMONE_r2_Im376,3,r2,1,0.10552939027547836,0
RIMONE_r2_Im377,3,r2,1,0.7461618185043335,1
RIMONE_r2_Im383,3,r2,1,0.10552939027547836,0
RIMONE_r2_Im384,3,r2,1,0.2785588502883911,0
RIMONE_r2_Im385,3,r2,1,0.24586883187294006,0
RIMONE_r2_Im387,3,r2,1,0.7543584704399109,1
RIMONE_r2_Im388,3,r2,1,0.24586883187294006,0
RIMONE_r2_Im389,3,r2,1,0.24586883187294006,0
RIMONE_r2_Im390,3,r2,1,0.2785588502883911,0
RIMONE_r2_Im391,3,r2,1,0.23828259110450745,0
RIMONE_r2_Im392,3,r2,1,0.24586883187294006,0
RIMONE_r2_Im393,3,r2,1,0.7190450429916382,1
RIMONE_r2_Im398,3,r2,1,0.5103221535682678,1
RIMONE_r2_Im399,3,r2,1,0.6604627966880798,1
RIMONE_r2_Im400,3,r2,1,0.24586883187294006,0
RIMONE_r2_Im401,3,r2,1,0.23828259110450745,0
RIMONE_r2_Im402,3,r2,1,0.18711765110492706,0
RIMONE_r2_Im403,3,r2,1,0.17333726584911346,0
RIMONE_r2_Im404,3,r2,1,0.2785588502883911,0
RIMONE_r2_Im406,3,r2,1,0.1641298532485962,0
RIMONE_r2_Im407,3,r2,1,0.6892679333686829,1
RIMONE_r2_Im408,3,r2,1,0.6319457292556763,1
RIMONE_r2_Im414,3,r2,1,0.7351058721542358,1
RIMONE_r2_Im415,3,r2,1,0.21188361942768097,0
RIMONE_r2_Im416,3,r2,1,0.21970850229263306,0
RIMONE_r2_Im418,3,r2,1,0.18611767888069153,0
RIMONE_r2_Im419,3,r2,1,0.5665323138237,1
RIMONE_r2_Im420,3,r2,1,0.6415098309516907,1
RIMONE_r2_Im421,3,r2,1,0.5665323138237,1
RIMONE_r2_Im422,3,r2,1,0.24586883187294006,0
RIMONE_r2_Im424,3,r2,1,0.23389874398708344,0
RIMONE_r2_Im427,3,r2,1,0.5103221535682678,1
RIMONE_r2_Im428,3,r2,1,0.31701987981796265,0
RIMONE_r2_Im429,3,r2,1,0.21188361942768097,0
RIMONE_r2_Im432,3,r2,1,0.6702035665512085,1
RIMONE_r2_Im433,3,r2,1,0.7815483212471008,1
RIMONE_r2_Im436,3,r2,1,0.6702035665512085,1
RIMONE_r2_Im439,3,r2,1,0.1635276973247528,0
RIMONE_r2_Im441,3,r2,1,0.17333726584911346,0
RIMONE_r2_Im442,3,r2,1,0.2537323832511902,0
RIMONE_r2_Im443,3,r2,1,0.7868900299072266,1
RIMONE_r2_Im444,3,r2,1,0.24586883187294006,0
RIMONE_r2_Im445,3,r2,1,0.17333726584911346,0
RIMONE_r2_Im448,3,r2,1,0.7543584704399109,1
RIMONE_r2_Im449,3,r2,1,0.7543584704399109,1
RIMONE_r2_Im450,3,r2,1,0.7461618185043335,1
RIMONE_r2_Im451,3,r2,1,0.21597115695476532,0
RIMONE_r2_Im453,3,r2,1,0.7264998555183411,1
RIMONE_r2_Im454,3,r2,1,0.23784752190113068,0
RIMONE_r2_Im455,3,r2,1,0.7461618185043335,1
RIMONE_r3_G-1-L_left_half,3,r3,1,0.24549536406993866,0
RIMONE_r3_G-10-L_left_half,3,r3,1,0.7751959562301636,1
RIMONE_r3_G-11-R_left_half,3,r3,1,0.6024097204208374,1
RIMONE_r3_G-12-L_left_half,3,r3,1,0.2785588502883911,0
RIMONE_r3_G-13-R_left_half,3,r3,1,0.4831767678260803,0
RIMONE_r3_G-14-R_left_half,3,r3,1,0.8040066957473755,1
RIMONE_r3_G-15-L_left_half,3,r3,1,0.24549536406993866,0
RIMONE_r3_G-16-R_left_half,3,r3,1,0.1635276973247528,0
RIMONE_r3_G-17-L_left_half,3,r3,1,0.24586883187294006,0
RIMONE_r3_G-18-R_left_half,3,r3,1,0.1721341758966446,0
RIMONE_r3_G-2-R_left_half,3,r3,1,0.27032551169395447,0
RIMONE_r3_G-22-L_left_half,3,r3,1,0.7588644027709961,1
RIMONE_r3_G-23-R_left_half,3,r3,1,0.27748873829841614,0
RIMONE_r3_G-25-L_left_half,3,r3,1,0.2698526680469513,0
RIMONE_r3_G-27-R_left_half,3,r3,1,0.6720903515815735,1
RIMONE_r3_G-29-R_left_half,3,r3,1,0.2061559557914734,0
RIMONE_r3_G-3-R_left_half,3,r3,1,0.710131049156189,1
RIMONE_r3_G-30-L_left_half,3,r3,1,0.8356369733810425,1
RIMONE_r3_G-31-R_left_half,3,r3,1,0.5816702246665955,1
RIMONE_r3_G-32-L_left_half,3,r3,1,0.606496274471283,1
RIMONE_r3_G-33-R_left_half,3,r3,1,0.25708991289138794,0
RIMONE_r3_G-34-L_left_half,3,r3,1,0.8747862577438354,1
RIMONE_r3_G-35-R_left_half,3,r3,1,0.18169303238391876,0
RIMONE_r3_G-37-R_left_half,3,r3,1,0.8303749561309814,1
RIMONE_r3_G-38-L_left_half,3,r3,1,0.27032551169395447,0
RIMONE_r3_G-39-L_left_half,3,r3,1,0.184696763753891,0
RIMONE_r3_G-6-L_left_half,3,r3,1,0.22575028240680695,0
RIMONE_r3_G-8-R_left_half,3,r3,1,0.10552939027547836,0
RIMONE_r3_G-9-R_left_half,3,r3,1,0.27032551169395447,0
RIMONE_r3_S-1-L_left_half,3,r3,1,0.23025445640087128,0
RIMONE_r3_S-10-R_left_half,3,r3,1,0.49612918496131897,0
RIMONE_r3_S-11-L_left_half,3,r3,1,0.21642549335956573,0
RIMONE_r3_S-12-L_left_half,3,r3,1,0.7907568216323853,1
RIMONE_r3_S-13-R_left_half,3,r3,1,0.8415579199790955,1
RIMONE_r3_S-14-R_left_half,3,r3,1,0.3095136284828186,0
RIMONE_r3_S-18-L_left_half,3,r3,1,0.18169303238391876,0
RIMONE_r3_S-19-R_left_half,3,r3,1,0.24549536406993866,0
RIMONE_r3_S-2-L_left_half,3,r3,1,0.1721341758966446,0
RIMONE_r3_S-20-L_left_half,3,r3,1,0.8509246706962585,1
RIMONE_r3_S-21-R_left_half,3,r3,1,0.8303749561309814,1
RIMONE_r3_S-25-L_left_half,3,r3,1,0.8138302564620972,1
RIMONE_r3_S-26-R_left_half,3,r3,1,0.8694851994514465,1
RIMONE_r3_S-28-R_left_half,3,r3,1,0.2698526680469513,0
RIMONE_r3_S-29-R_left_half,3,r3,1,0.1635276973247528,0
RIMONE_r3_S-30-L_left_half,3,r3,1,0.1721341758966446,0
RIMONE_r3_S-31-L_left_half,3,r3,1,0.18497712910175323,0
RIMONE_r3_S-32-L_left_half,3,r3,1,0.1721341758966446,0
RIMONE_r3_S-33-R_left_half,3,r3,1,0.1635276973247528,0
RIMONE_r3_S-35-R_left_half,3,r3,1,0.8509246706962585,1
RIMONE_r3_S-4-L_left_half,3,r3,1,0.8928745985031128,1
RIMONE_r3_S-6-R_left_half,3,r3,1,0.3494551479816437,0
RIMONE_r3_S-9-L_left_half,3,r3,1,0.661656379699707,1
RIMONE_r2_Im034,3,r2,0,0.1641298532485962,0
RIMONE_r2_Im036,3,r2,0,0.1721341758966446,0
RIMONE_r2_Im038,3,r2,0,0.1721341758966446,0
RIMONE_r2_Im040,3,r2,0,0.24228669703006744,0
RIMONE_r2_Im042,3,r2,0,0.21597115695476532,0
RIMONE_r2_Im044,3,r2,0,0.593611478805542,1
RIMONE_r2_Im046,3,r2,0,0.5665323138237,1
RIMONE_r2_Im048,3,r2,0,0.24586883187294006,0
RIMONE_r2_Im050,3,r2,0,0.1721341758966446,0
RIMONE_r2_Im052,3,r2,0,0.1641298532485962,0
RIMONE_r2_Im054,3,r2,0,0.1641298532485962,0
RIMONE_r2_Im056,3,r2,0,0.23389874398708344,0
RIMONE_r2_Im058,3,r2,0,0.6702035665512085,1
RIMONE_r2_Im060,3,r2,0,0.10552939027547836,0
RIMONE_r2_Im062,3,r2,0,0.19563502073287964,0
RIMONE_r2_Im064,3,r2,0,0.1721341758966446,0
RIMONE_r2_Im066,3,r2,0,0.2241988480091095,0
RIMONE_r2_Im068,3,r2,0,0.25708991289138794,0
RIMONE_r2_Im070,3,r2,0,0.1721341758966446,0
RIMONE_r2_Im072,3,r2,0,0.1641298532485962,0
RIMONE_r2_Im074,3,r2,0,0.6702035665512085,1
RIMONE_r2_Im076,3,r2,0,0.17036272585391998,0
RIMONE_r2_Im078,3,r2,0,0.1721341758966446,0
RIMONE_r2_Im080,3,r2,0,0.1641298532485962,0
RIMONE_r2_Im082,3,r2,0,0.2785588502883911,0
RIMONE_r2_Im084,3,r2,0,0.2785588502883911,0
RIMONE_r2_Im086,3,r2,0,0.1721341758966446,0
RIMONE_r2_Im088,3,r2,0,0.20506085455417633,0
RIMONE_r2_Im090,3,r2,0,0.10552939027547836,0
RIMONE_r2_Im092,3,r2,0,0.6702035665512085,1
RIMONE_r2_Im094,3,r2,0,0.19563502073287964,0
RIMONE_r2_Im096,3,r2,0,0.1721341758966446,0
RIMONE_r2_Im098,3,r2,0,0.11188947409391403,0
RIMONE_r2_Im100,3,r2,0,0.1721341758966446,0
RIMONE_r2_Im102,3,r2,0,0.6319457292556763,1
RIMONE_r2_Im104,3,r2,0,0.1721341758966446,0
RIMONE_r2_Im106,3,r2,0,0.16184236109256744,0
RIMONE_r2_Im108,3,r2,0,0.25708991289138794,0
RIMONE_r2_Im110,3,r2,0,0.25708991289138794,0
RIMONE_r2_Im112,3,r2,0,0.6702035665512085,1
RIMONE_r2_Im114,3,r2,0,0.6702035665512085,1
RIMONE_r2_Im116,3,r2,0,0.6610004901885986,1
RIMONE_r2_Im118,3,r2,0,0.19563502073287964,0
RIMONE_r2_Im120,3,r2,0,0.1721341758966446,0
RIMONE_r2_Im122,3,r2,0,0.1721341758966446,0
RIMONE_r2_Im124,3,r2,0,0.1641298532485962,0
RIMONE_r2_Im126,3,r2,0,0.5267916321754456,1
RIMONE_r2_Im128,3,r2,0,0.10552939027547836,0
RIMONE_r2_Im130,3,r2,0,0.1721341758966446,0
RIMONE_r2_Im132,3,r2,0,0.1721341758966446,0
RIMONE_r2_Im134,3,r2,0,0.7351058721542358,1
RIMONE_r2_Im136,3,r2,0,0.25708991289138794,0
RIMONE_r2_Im138,3,r2,0,0.21642549335956573,0
RIMONE_r2_Im140,3,r2,0,0.1721341758966446,0
RIMONE_r2_Im142,3,r2,0,0.1721341758966446,0
RIMONE_r2_Im144,3,r2,0,0.6702035665512085,1
RIMONE_r2_Im146,3,r2,0,0.7175742387771606,1
RIMONE_r2_Im148,3,r2,0,0.1721341758966446,0
RIMONE_r2_Im150,3,r2,0,0.1721341758966446,0
RIMONE_r2_Im152,3,r2,0,0.1721341758966446,0
RIMONE_r2_Im154,3,r2,0,0.1641298532485962,0
RIMONE_r2_Im156,3,r2,0,0.1721341758966446,0
RIMONE_r2_Im158,3,r2,0,0.1721341758966446,0
RIMONE_r2_Im160,3,r2,0,0.1721341758966446,0
RIMONE_r2_Im162,3,r2,0,0.24228669703006744,0
RIMONE_r2_Im164,3,r2,0,0.24586883187294006,0
RIMONE_r2_Im166,3,r2,0,0.6702035665512085,1
RIMONE_r2_Im168,3,r2,0,0.6604627966880798,1
RIMONE_r2_Im170,3,r2,0,0.19563502073287964,0
RIMONE_r2_Im172,3,r2,0,0.1641298532485962,0
RIMONE_r2_Im174,3,r2,0,0.6702035665512085,1
RIMONE_r2_Im176,3,r2,0,0.28265348076820374,0
RIMONE_r2_Im178,3,r2,0,0.25708991289138794,0
RIMONE_r2_Im180,3,r2,0,0.15313242375850677,0
RIMONE_r2_Im182,3,r2,0,0.6217232942581177,1
RIMONE_r2_Im184,3,r2,0,0.6319457292556763,1
RIMONE_r2_Im186,3,r2,0,0.1721341758966446,0
RIMONE_r2_Im188,3,r2,0,0.27032551169395447,0
RIMONE_r2_Im190,3,r2,0,0.6702035665512085,1
RIMONE_r2_Im192,3,r2,0,0.1721341758966446,0
RIMONE_r2_Im194,3,r2,0,0.20506085455417633,0
RIMONE_r2_Im196,3,r2,0,0.1721341758966446,0
RIMONE_r2_Im198,3,r2,0,0.1721341758966446,0
RIMONE_r2_Im200,3,r2,0,0.28265348076820374,0
RIMONE_r2_Im202,3,r2,0,0.24549536406993866,0
RIMONE_r2_Im206,3,r2,0,0.18497712910175323,0
RIMONE_r2_Im208,3,r2,0,0.25708991289138794,0
RIMONE_r2_Im210,3,r2,0,0.1641298532485962,0
RIMONE_r2_Im212,3,r2,0,0.1721341758966446,0
RIMONE_r2_Im214,3,r2,0,0.8109624981880188,1
RIMONE_r2_Im216,3,r2,0,0.1721341758966446,0
RIMONE_r2_Im218,3,r2,0,0.6702035665512085,1
RIMONE_r2_Im220,3,r2,0,0.24586883187294006,0
RIMONE_r2_Im222,3,r2,0,0.1641298532485962,0
RIMONE_r2_Im224,3,r2,0,0.6930691599845886,1
RIMONE_r2_Im226,3,r2,0,0.24586883187294006,0
RIMONE_r2_Im228,3,r2,0,0.2785588502883911,0
RIMONE_r2_Im230,3,r2,0,0.6489517092704773,1
RIMONE_r2_Im232,3,r2,0,0.28265348076820374,0
RIMONE_r2_Im234,3,r2,0,0.25708991289138794,0
RIMONE_r2_Im236,3,r2,0,0.7351058721542358,1
RIMONE_r2_Im238,3,r2,0,0.1721341758966446,0
RIMONE_r2_Im240,3,r2,0,0.6702035665512085,1
RIMONE_r2_Im242,3,r2,0,0.25708991289138794,0
RIMONE_r2_Im244,3,r2,0,0.1721341758966446,0
RIMONE_r2_Im246,3,r2,0,0.8045417666435242,1
RIMONE_r2_Im248,3,r2,0,0.1635276973247528,0
RIMONE_r2_Im250,3,r2,0,0.5669283270835876,1
RIMONE_r2_Im252,3,r2,0,0.6702035665512085,1
RIMONE_r2_Im254,3,r2,0,0.25708991289138794,0
RIMONE_r3_N-1-L_left_half,3,r3,0,0.24549536406993866,0
RIMONE_r3_N-10-R_left_half,3,r3,0,0.8303749561309814,1
RIMONE_r3_N-11-L_left_half,3,r3,0,0.6720903515815735,1
RIMONE_r3_N-12-R_left_half,3,r3,0,0.6720903515815735,1
RIMONE_r3_N-13-L_left_half,3,r3,0,0.8694851994514465,1
RIMONE_r3_N-14-R_left_half,3,r3,0,0.1721341758966446,0
RIMONE_r3_N-16-R_left_half,3,r3,0,0.1635276973247528,0
RIMONE_r3_N-17-L_left_half,3,r3,0,0.835966169834137,1
RIMONE_r3_N-18-R_left_half,3,r3,0,0.1721341758966446,0
RIMONE_r3_N-2-R_left_half,3,r3,0,0.8415579199790955,1
RIMONE_r3_N-20-R_left_half,3,r3,0,0.1721341758966446,0
RIMONE_r3_N-21-L_left_half,3,r3,0,0.47037893533706665,0
RIMONE_r3_N-22-R_left_half,3,r3,0,0.5485594868659973,1
RIMONE_r3_N-23-L_left_half,3,r3,0,0.1721341758966446,0
RIMONE_r3_N-24-R_left_half,3,r3,0,0.8357176780700684,1
RIMONE_r3_N-25-L_left_half,3,r3,0,0.24549536406993866,0
RIMONE_r3_N-26-R_left_half,3,r3,0,0.1721341758966446,0
RIMONE_r3_N-27-L_left_half,3,r3,0,0.1721341758966446,0
RIMONE_r3_N-28-R_left_half,3,r3,0,0.1721341758966446,0
RIMONE_r3_N-29-L_left_half,3,r3,0,0.2097870260477066,0
RIMONE_r3_N-3-L_left_half,3,r3,0,0.1721341758966446,0
RIMONE_r3_N-30-R_left_half,3,r3,0,0.7518078684806824,1
RIMONE_r3_N-31-L_left_half,3,r3,0,0.1721341758966446,0
RIMONE_r3_N-32-R_left_half,3,r3,0,0.1721341758966446,0
RIMONE_r3_N-33-L_left_half,3,r3,0,0.24549536406993866,0
RIMONE_r3_N-34-R_left_half,3,r3,0,0.27032551169395447,0
RIMONE_r3_N-35-L_left_half,3,r3,0,0.27032551169395447,0
RIMONE_r3_N-36-R_left_half,3,r3,0,0.24549536406993866,0
RIMONE_r3_N-37-L_left_half,3,r3,0,0.7996758818626404,1
RIMONE_r3_N-38-R_left_half,3,r3,0,0.7339986562728882,1
RIMONE_r3_N-39-L_left_half,3,r3,0,0.2549818456172943,0
RIMONE_r3_N-4-R_left_half,3,r3,0,0.1721341758966446,0
RIMONE_r3_N-40-R_left_half,3,r3,0,0.19563502073287964,0
RIMONE_r3_N-41-L_left_half,3,r3,0,0.19563502073287964,0
RIMONE_r3_N-42-R_left_half,3,r3,0,0.7286209464073181,1
RIMONE_r3_N-43-L_left_half,3,r3,0,0.8045417666435242,1
RIMONE_r3_N-44-R_left_half,3,r3,0,0.7925756573677063,1
RIMONE_r3_N-46-R_left_half,3,r3,0,0.6496066451072693,1
RIMONE_r3_N-47-L_left_half,3,r3,0,0.1635276973247528,0
RIMONE_r3_N-48-R_left_half,3,r3,0,0.6720903515815735,1
RIMONE_r3_N-49-L_left_half,3,r3,0,0.19563502073287964,0
RIMONE_r3_N-5-L_left_half,3,r3,0,0.1721341758966446,0
RIMONE_r3_N-50-R_left_half,3,r3,0,0.25708991289138794,0
RIMONE_r3_N-51-L_left_half,3,r3,0,0.8618525862693787,1
RIMONE_r3_N-52-R_left_half,3,r3,0,0.8357176780700684,1
RIMONE_r3_N-53-L_left_half,3,r3,0,0.24549536406993866,0
RIMONE_r3_N-54-R_left_half,3,r3,0,0.24549536406993866,0
RIMONE_r3_N-55-L_left_half,3,r3,0,0.27032551169395447,0
RIMONE_r3_N-56-R_left_half,3,r3,0,0.2785588502883911,0
RIMONE_r3_N-58-R_left_half,3,r3,0,0.25708991289138794,0
RIMONE_r3_N-59-L_left_half,3,r3,0,0.7925756573677063,1
RIMONE_r3_N-6-R_left_half,3,r3,0,0.7929696440696716,1
RIMONE_r3_N-61-L_left_half,3,r3,0,0.6720903515815735,1
RIMONE_r3_N-62-R_left_half,3,r3,0,0.3913416862487793,0
RIMONE_r3_N-63-L_left_half,3,r3,0,0.18611767888069153,0
RIMONE_r3_N-64-R_left_half,3,r3,0,0.18497712910175323,0
RIMONE_r3_N-65-L_left_half,3,r3,0,0.8240264058113098,1
RIMONE_r3_N-66-R_left_half,3,r3,0,0.5500657558441162,1
RIMONE_r3_N-67-L_left_half,3,r3,0,0.7935469150543213,1
RIMONE_r3_N-68-R_left_half,3,r3,0,0.8133403062820435,1
RIMONE_r3_N-69-L_left_half,3,r3,0,0.2698526680469513,0
RIMONE_r3_N-7-L_left_half,3,r3,0,0.1635276973247528,0
RIMONE_r3_N-70-R_left_half,3,r3,0,0.7286209464073181,1
RIMONE_r3_N-71-L_left_half,3,r3,0,0.8737185001373291,1
RIMONE_r3_N-72-R_left_half,3,r3,0,0.1721341758966446,0
RIMONE_r3_N-73-R_left_half,3,r3,0,0.7929696440696716,1
RIMONE_r3_N-74-L_left_half,3,r3,0,0.1721341758966446,0
RIMONE_r3_N-75-R_left_half,3,r3,0,0.1721341758966446,0
RIMONE_r3_N-76-R_left_half,3,r3,0,0.742622435092926,1
RIMONE_r3_N-78-R_left_half,3,r3,0,0.5648435354232788,1
RIMONE_r3_N-79-L_left_half,3,r3,0,0.15313242375850677,0
RIMONE_r3_N-8-L_left_half,3,r3,0,0.25708991289138794,0
RIMONE_r3_N-80-R_left_half,3,r3,0,0.48744621872901917,0
RIMONE_r3_N-81-L_left_half,3,r3,0,0.7207223176956177,1
RIMONE_r3_N-82-R_left_half,3,r3,0,0.2785588502883911,0
RIMONE_r3_N-83-L_left_half,3,r3,0,0.1580173522233963,0
RIMONE_r3_N-84-R_left_half,3,r3,0,0.2785588502883911,0
RIMONE_r3_N-85-L_left_half,3,r3,0,0.28265348076820374,0
RIMONE_r3_N-86-R_left_half,3,r3,0,0.19563502073287964,0
RIMONE_r3_N-87-L_left_half,3,r3,0,0.7286209464073181,1
RIMONE_r3_N-88-R_left_half,3,r3,0,0.19563502073287964,0
RIMONE_r3_N-9-L_left_half,3,r3,0,0.25708991289138794,0
RIMONE_r3_N-90-R_left_half,3,r3,0,0.21642549335956573,0
RIMONE_r3_N-91-L_left_half,3,r3,0,0.7929696440696716,1
RIMONE_r3_N-92-R_left_half,3,r3,0,0.7286209464073181,1
RIMONE_r1_Im069,4,r1,1,0.7261468172073364,1
RIMONE_r1_Im103,4,r1,1,0.7704091668128967,1
RIMONE_r1_Im113,4,r1,1,0.6818547248840332,1
RIMONE_r1_Im117,4,r1,1,0.8214789628982544,1
RIMONE_r1_Im118,4,r1,1,0.36704012751579285,0
RIMONE_r1_Im120,4,r1,1,0.7077895998954773,1
RIMONE_r1_Im121,4,r1,1,0.5982711315155029,1
RIMONE_r1_Im122,4,r1,1,0.7070122361183167,1
RIMONE_r1_Im135,4,r1,1,0.9364064335823059,1
RIMONE_r1_Im144,4,r1,1,0.4754336178302765,0
RIMONE_r1_Im158,4,r1,1,0.7214022278785706,1
RIMONE_r1_Im167,4,r1,1,0.853482723236084,1
RIMONE_r2_Im257,4,r2,1,0.873981237411499,1
RIMONE_r2_Im258,4,r2,1,0.8116885423660278,1
RIMONE_r2_Im260,4,r2,1,0.8116885423660278,1
RIMONE_r2_Im263,4,r2,1,0.7563489079475403,1
RIMONE_r2_Im264,4,r2,1,0.9124802350997925,1
RIMONE_r2_Im266,4,r2,1,0.9359163641929626,1
RIMONE_r2_Im267,4,r2,1,0.4172119200229645,0
RIMONE_r2_Im268,4,r2,1,0.27560243010520935,0
RIMONE_r2_Im269,4,r2,1,0.6644580960273743,1
RIMONE_r2_Im270,4,r2,1,0.7261468172073364,1
RIMONE_r2_Im273,4,r2,1,0.8080234527587891,1
RIMONE_r2_Im275,4,r2,1,0.5492317080497742,1
RIMONE_r2_Im277,4,r2,1,0.8930423259735107,1
RIMONE_r2_Im281,4,r2,1,0.38689857721328735,0
RIMONE_r2_Im287,4,r2,1,0.8997066020965576,1
RIMONE_r2_Im288,4,r2,1,0.645456075668335,1
RIMONE_r2_Im289,4,r2,1,0.890349268913269,1
RIMONE_r2_Im290,4,r2,1,0.8930423259735107,1
RIMONE_r2_Im291,4,r2,1,0.7389699220657349,1
RIMONE_r2_Im292,4,r2,1,0.8969898819923401,1
RIMONE_r2_Im293,4,r2,1,0.3927556872367859,0
RIMONE_r2_Im294,4,r2,1,0.3708122670650482,0
RIMONE_r2_Im301,4,r2,1,0.8715601563453674,1
RIMONE_r2_Im302,4,r2,1,0.9321995377540588,1
RIMONE_r2_Im303,4,r2,1,0.9176836609840393,1
RIMONE_r2_Im305,4,r2,1,0.9094963669776917,1
RIMONE_r2_Im314,4,r2,1,0.8873047828674316,1
RIMONE_r2_Im315,4,r2,1,0.4600958824157715,0
RIMONE_r2_Im317,4,r2,1,0.8930423259735107,1
RIMONE_r2_Im318,4,r2,1,0.8097046613693237,1
RIMONE_r2_Im319,4,r2,1,0.7261468172073364,1
RIMONE_r2_Im320,4,r2,1,0.8116885423660278,1
RIMONE_r2_Im321,4,r2,1,0.8525475263595581,1
RIMONE_r2_Im324,4,r2,1,0.9146634340286255,1
RIMONE_r2_Im329,4,r2,1,0.8416743278503418,1
RIMONE_r2_Im330,4,r2,1,0.461751788854599,0
RIMONE_r2_Im331,4,r2,1,0.8116885423660278,1
RIMONE_r2_Im332,4,r2,1,0.9335165619850159,1
RIMONE_r2_Im333,4,r2,1,0.9176836609840393,1
RIMONE_r2_Im334,4,r2,1,0.9295193552970886,1
RIMONE_r2_Im338,4,r2,1,0.8062204718589783,1
RIMONE_r2_Im339,4,r2,1,0.6561088562011719,1
RIMONE_r2_Im343,4,r2,1,0.7318227887153625,1
RIMONE_r2_Im344,4,r2,1,0.9001439213752747,1
RIMONE_r1_Im001,4,r1,0,0.7318227887153625,1
RIMONE_r1_Im003,4,r1,0,0.7072773575782776,1
RIMONE_r1_Im004,4,r1,0,0.461751788854599,0
RIMONE_r1_Im006,4,r1,0,0.7444737553596497,1
RIMONE_r1_Im008,4,r1,0,0.7472206950187683,1
RIMONE_r1_Im011,4,r1,0,0.8097046613693237,1
RIMONE_r1_Im012,4,r1,0,0.8062204718589783,1
RIMONE_r1_Im014,4,r1,0,0.9138093590736389,1
RIMONE_r1_Im015,4,r1,0,0.8996102213859558,1
RIMONE_r1_Im019,4,r1,0,0.8605465888977051,1
RIMONE_r1_Im020,4,r1,0,0.9000523090362549,1
RIMONE_r1_Im022,4,r1,0,0.461751788854599,0
RIMONE_r1_Im023,4,r1,0,0.461751788854599,0
RIMONE_r1_Im024,4,r1,0,0.7521243691444397,1
RIMONE_r1_Im025,4,r1,0,0.6895673274993896,1
RIMONE_r1_Im026,4,r1,0,0.7318227887153625,1
RIMONE_r1_Im027,4,r1,0,0.7318227887153625,1
RIMONE_r1_Im028,4,r1,0,0.7389699220657349,1
RIMONE_r1_Im029,4,r1,0,0.6798767447471619,1
RIMONE_r1_Im031,4,r1,0,0.7521243691444397,1
RIMONE_r1_Im032,4,r1,0,0.6753833889961243,1
RIMONE_r1_Im033,4,r1,0,0.8097046613693237,1
RIMONE_r1_Im036,4,r1,0,0.6128650903701782,1
RIMONE_r1_Im037,4,r1,0,0.7837660908699036,1
RIMONE_r1_Im040,4,r1,0,0.8642381429672241,1
RIMONE_r1_Im041,4,r1,0,0.739719808101654,1
RIMONE_r1_Im042,4,r1,0,0.8795204162597656,1
RIMONE_r1_Im046,4,r1,0,0.8116885423660278,1
RIMONE_r1_Im047,4,r1,0,0.7018381953239441,1
RIMONE_r1_Im050,4,r1,0,0.9093223810195923,1
RIMONE_r1_Im052,4,r1,0,0.8528534770011902,1
RIMONE_r1_Im054,4,r1,0,0.9351887106895447,1
RIMONE_r1_Im055,4,r1,0,0.6675859093666077,1
RIMONE_r1_Im056,4,r1,0,0.7278585433959961,1
RIMONE_r1_Im057,4,r1,0,0.6895673274993896,1
RIMONE_r1_Im058,4,r1,0,0.6895673274993896,1
RIMONE_r1_Im059,4,r1,0,0.8097046613693237,1
RIMONE_r1_Im060,4,r1,0,0.461751788854599,0
RIMONE_r1_Im061,4,r1,0,0.8097046613693237,1
RIMONE_r1_Im062,4,r1,0,0.7241252064704895,1
RIMONE_r1_Im063,4,r1,0,0.461751788854599,0
RIMONE_r1_Im071,4,r1,0,0.7113550901412964,1
RIMONE_r1_Im072,4,r1,0,0.7603722214698792,1
RIMONE_r1_Im073,4,r1,0,0.7603722214698792,1
RIMONE_r1_Im080,4,r1,0,0.8503103852272034,1
RIMONE_r1_Im082,4,r1,0,0.4754336178302765,0
RIMONE_r1_Im086,4,r1,0,0.9061741232872009,1
RIMONE_r1_Im087,4,r1,0,0.8561081886291504,1
RIMONE_r1_Im095,4,r1,0,0.746135413646698,1
RIMONE_r1_Im107,4,r1,0,0.43590518832206726,0
RIMONE_r1_Im108,4,r1,0,0.5982711315155029,1
RIMONE_r1_Im115,4,r1,0,0.4978957772254944,0
RIMONE_r1_Im116,4,r1,0,0.33653897047042847,0
RIMONE_r1_Im119,4,r1,0,0.9200678467750549,1
RIMONE_r1_Im125,4,r1,0,0.30323296785354614,0
RIMONE_r1_Im127,4,r1,0,0.5371439456939697,1
RIMONE_r1_Im128,4,r1,0,0.7413432002067566,1
RIMONE_r1_Im129,4,r1,0,0.8604122400283813,1
RIMONE_r1_Im130,4,r1,0,0.7603722214698792,1
RIMONE_r1_Im131,4,r1,0,0.7367018461227417,1
RIMONE_r1_Im132,4,r1,0,0.6798779964447021,1
RIMONE_r1_Im133,4,r1,0,0.461751788854599,0
RIMONE_r1_Im136,4,r1,0,0.4369218349456787,0
RIMONE_r1_Im137,4,r1,0,0.8875636458396912,1
RIMONE_r1_Im138,4,r1,0,0.7934216856956482,1
RIMONE_r1_Im142,4,r1,0,0.8689847588539124,1
RIMONE_r1_Im143,4,r1,0,0.883038341999054,1
RIMONE_r1_Im145,4,r1,0,0.8787583708763123,1
RIMONE_r1_Im146,4,r1,0,0.6688519716262817,1
RIMONE_r1_Im149,4,r1,0,0.8380740284919739,1
RIMONE_r1_Im150,4,r1,0,0.5693374872207642,1
RIMONE_r1_Im151,4,r1,0,0.7182270288467407,1
RIMONE_r1_Im152,4,r1,0,0.883038341999054,1
RIMONE_r1_Im153,4,r1,0,0.8279585838317871,1
RIMONE_r1_Im154,4,r1,0,0.6603883504867554,1
RIMONE_r1_Im155,4,r1,0,0.7518835663795471,1
RIMONE_r1_Im156,4,r1,0,0.7190675139427185,1
RIMONE_r1_Im159,4,r1,0,0.746135413646698,1
RIMONE_r1_Im161,4,r1,0,0.8386589288711548,1
RIMONE_r1_Im162,4,r1,0,0.9026474952697754,1
RIMONE_r1_Im163,4,r1,0,0.4933980703353882,0
RIMONE_r1_Im164,4,r1,0,0.5788761377334595,1
RIMONE_r1_Im165,4,r1,0,0.42496612668037415,0
RIMONE_r1_Im166,4,r1,0,0.7588620781898499,1
RIMONE_r1_Im168,4,r1,0,0.8880541324615479,1
RIMONE_r1_Im169,4,r1,0,0.8902730941772461,1
RIMONE_r2_Im001,4,r2,0,0.8754692673683167,1
RIMONE_r2_Im002,4,r2,0,0.645456075668335,1
RIMONE_r2_Im003,4,r2,0,0.7000574469566345,1
RIMONE_r2_Im004,4,r2,0,0.8097046613693237,1
RIMONE_r2_Im005,4,r2,0,0.9433133006095886,1
RIMONE_r2_Im006,4,r2,0,0.8097046613693237,1
RIMONE_r2_Im007,4,r2,0,0.8446904420852661,1
RIMONE_r2_Im009,4,r2,0,0.6279704570770264,1
RIMONE_r2_Im010,4,r2,0,0.9467709064483643,1
RIMONE_r2_Im011,4,r2,0,0.873981237411499,1
RIMONE_r2_Im012,4,r2,0,0.8097046613693237,1
RIMONE_r2_Im013,4,r2,0,0.8873047828674316,1
RIMONE_r2_Im014,4,r2,0,0.8097046613693237,1
RIMONE_r2_Im015,4,r2,0,0.46427372097969055,0
RIMONE_r2_Im016,4,r2,0,0.46427372097969055,0
RIMONE_r2_Im017,4,r2,0,0.8345115780830383,1
RIMONE_r2_Im018,4,r2,0,0.7360802888870239,1
RIMONE_r2_Im019,4,r2,0,0.9192092418670654,1
RIMONE_r2_Im020,4,r2,0,0.4455285668373108,0
RIMONE_r2_Im021,4,r2,0,0.7539669275283813,1
RIMONE_r2_Im022,4,r2,0,0.8969898819923401,1
RIMONE_r2_Im023,4,r2,0,0.7091089487075806,1
RIMONE_r2_Im024,4,r2,0,0.8080234527587891,1
RIMONE_r2_Im025,4,r2,0,0.4455285668373108,0
RIMONE_r2_Im026,4,r2,0,0.46427372097969055,0
RIMONE_r2_Im027,4,r2,0,0.8097046613693237,1
RIMONE_r2_Im028,4,r2,0,0.461751788854599,0
RIMONE_r2_Im029,4,r2,0,0.43040239810943604,0
RIMONE_r2_Im030,4,r2,0,0.7318227887153625,1
RIMONE_r2_Im031,4,r2,0,0.7318227887153625,1
RIMONE_r2_Im032,4,r2,0,0.44343101978302,0
RIMONE_r2_Im033,4,r2,0,0.9359163641929626,1
RIMONE_r2_Im347,4,r2,1,0.3135071396827698,0
RIMONE_r2_Im348,4,r2,1,0.8930423259735107,1
RIMONE_r2_Im351,4,r2,1,0.43709826469421387,0
RIMONE_r2_Im352,4,r2,1,0.5775198340415955,1
RIMONE_r2_Im354,4,r2,1,0.6014025807380676,1
RIMONE_r2_Im355,4,r2,1,0.6077540516853333,1
RIMONE_r2_Im356,4,r2,1,0.7539669275283813,1
RIMONE_r2_Im357,4,r2,1,0.875899076461792,1
RIMONE_r2_Im358,4,r2,1,0.8351835012435913,1
RIMONE_r2_Im362,4,r2,1,0.9061591625213623,1
RIMONE_r2_Im365,4,r2,1,0.8055964112281799,1
RIMONE_r2_Im366,4,r2,1,0.6818547248840332,1
RIMONE_r2_Im369,4,r2,1,0.6479362845420837,1
RIMONE_r2_Im373,4,r2,1,0.6818547248840332,1
RIMONE_r2_Im376,4,r2,1,0.4455285668373108,0
RIMONE_r2_Im377,4,r2,1,0.8132169246673584,1
RIMONE_r2_Im383,4,r2,1,0.4455285668373108,0
RIMONE_r2_Im384,4,r2,1,0.7704091668128967,1
RIMONE_r2_Im385,4,r2,1,0.6829901933670044,1
RIMONE_r2_Im387,4,r2,1,0.8715601563453674,1
RIMONE_r2_Im388,4,r2,1,0.765675961971283,1
RIMONE_r2_Im389,4,r2,1,0.765675961971283,1
RIMONE_r2_Im390,4,r2,1,0.6962490677833557,1
RIMONE_r2_Im391,4,r2,1,0.6906010508537292,1
RIMONE_r2_Im392,4,r2,1,0.765675961971283,1
RIMONE_r2_Im393,4,r2,1,0.7994102835655212,1
RIMONE_r2_Im398,4,r2,1,0.3923451900482178,0
RIMONE_r2_Im399,4,r2,1,0.6998607516288757,1
RIMONE_r2_Im400,4,r2,1,0.6829901933670044,1
RIMONE_r2_Im401,4,r2,1,0.7539669275283813,1
RIMONE_r2_Im402,4,r2,1,0.36612051725387573,0
RIMONE_r2_Im403,4,r2,1,0.6065427660942078,1
RIMONE_r2_Im404,4,r2,1,0.6962490677833557,1
RIMONE_r2_Im406,4,r2,1,0.710858166217804,1
RIMONE_r2_Im407,4,r2,1,0.8930423259735107,1
RIMONE_r2_Im408,4,r2,1,0.8156911730766296,1
RIMONE_r2_Im414,4,r2,1,0.9223460555076599,1
RIMONE_r2_Im415,4,r2,1,0.6193917989730835,1
RIMONE_r2_Im416,4,r2,1,0.8465954661369324,1
RIMONE_r2_Im418,4,r2,1,0.6962490677833557,1
RIMONE_r2_Im419,4,r2,1,0.6935429573059082,1
RIMONE_r2_Im420,4,r2,1,0.8156911730766296,1
RIMONE_r2_Im421,4,r2,1,0.6473976373672485,1
RIMONE_r2_Im422,4,r2,1,0.6818547248840332,1
RIMONE_r2_Im424,4,r2,1,0.6193917989730835,1
RIMONE_r2_Im427,4,r2,1,0.36072584986686707,0
RIMONE_r2_Im428,4,r2,1,0.7588620781898499,1
RIMONE_r2_Im429,4,r2,1,0.8465954661369324,1
RIMONE_r2_Im432,4,r2,1,0.7318227887153625,1
RIMONE_r2_Im433,4,r2,1,0.8734453916549683,1
RIMONE_r2_Im436,4,r2,1,0.739719808101654,1
RIMONE_r2_Im439,4,r2,1,0.6128650903701782,1
RIMONE_r2_Im441,4,r2,1,0.7539669275283813,1
RIMONE_r2_Im442,4,r2,1,0.6962490677833557,1
RIMONE_r2_Im443,4,r2,1,0.8595892190933228,1
RIMONE_r2_Im444,4,r2,1,0.765675961971283,1
RIMONE_r2_Im445,4,r2,1,0.6444066762924194,1
RIMONE_r2_Im448,4,r2,1,0.8715601563453674,1
RIMONE_r2_Im449,4,r2,1,0.875899076461792,1
RIMONE_r2_Im450,4,r2,1,0.8529049158096313,1
RIMONE_r2_Im451,4,r2,1,0.7539669275283813,1
RIMONE_r2_Im453,4,r2,1,0.6998607516288757,1
RIMONE_r2_Im454,4,r2,1,0.6629412770271301,1
RIMONE_r2_Im455,4,r2,1,0.8529049158096313,1
RIMONE_r3_G-1-L_left_half,4,r3,1,0.6128650903701782,1
RIMONE_r3_G-10-L_left_half,4,r3,1,0.8827365040779114,1
RIMONE_r3_G-11-R_left_half,4,r3,1,0.8315479755401611,1
RIMONE_r3_G-12-L_left_half,4,r3,1,0.419783353805542,0
RIMONE_r3_G-13-R_left_half,4,r3,1,0.8737009167671204,1
RIMONE_r3_G-14-R_left_half,4,r3,1,0.8032258749008179,1
RIMONE_r3_G-15-L_left_half,4,r3,1,0.6353475451469421,1
RIMONE_r3_G-16-R_left_half,4,r3,1,0.5461432337760925,1
RIMONE_r3_G-17-L_left_half,4,r3,1,0.41629379987716675,0
RIMONE_r3_G-18-R_left_half,4,r3,1,0.7241252064704895,1
RIMONE_r3_G-2-R_left_half,4,r3,1,0.6887145042419434,1
RIMONE_r3_G-22-L_left_half,4,r3,1,0.822543203830719,1
RIMONE_r3_G-23-R_left_half,4,r3,1,0.6702672839164734,1
RIMONE_r3_G-25-L_left_half,4,r3,1,0.6688519716262817,1
RIMONE_r3_G-27-R_left_half,4,r3,1,0.877001166343689,1
RIMONE_r3_G-29-R_left_half,4,r3,1,0.6962490677833557,1
RIMONE_r3_G-3-R_left_half,4,r3,1,0.7979599237442017,1
RIMONE_r3_G-30-L_left_half,4,r3,1,0.831989586353302,1
RIMONE_r3_G-31-R_left_half,4,r3,1,0.4566965699195862,0
RIMONE_r3_G-32-L_left_half,4,r3,1,0.4809282422065735,0
RIMONE_r3_G-33-R_left_half,4,r3,1,0.461751788854599,0
RIMONE_r3_G-34-L_left_half,4,r3,1,0.8325702548027039,1
RIMONE_r3_G-35-R_left_half,4,r3,1,0.6893234848976135,1
RIMONE_r3_G-37-R_left_half,4,r3,1,0.8717113137245178,1
RIMONE_r3_G-38-L_left_half,4,r3,1,0.853482723236084,1
RIMONE_r3_G-39-L_left_half,4,r3,1,0.479850709438324,0
RIMONE_r3_G-6-L_left_half,4,r3,1,0.7766076922416687,1
RIMONE_r3_G-8-R_left_half,4,r3,1,0.47073686122894287,0
RIMONE_r3_G-9-R_left_half,4,r3,1,0.718362033367157,1
RIMONE_r3_S-1-L_left_half,4,r3,1,0.8080234527587891,1
RIMONE_r3_S-10-R_left_half,4,r3,1,0.8642940521240234,1
RIMONE_r3_S-11-L_left_half,4,r3,1,0.6346989870071411,1
RIMONE_r3_S-12-L_left_half,4,r3,1,0.9249844551086426,1
RIMONE_r3_S-13-R_left_half,4,r3,1,0.9046363830566406,1
RIMONE_r3_S-14-R_left_half,4,r3,1,0.7741292715072632,1
RIMONE_r3_S-18-L_left_half,4,r3,1,0.6778925657272339,1
RIMONE_r3_S-19-R_left_half,4,r3,1,0.6128650903701782,1
RIMONE_r3_S-2-L_left_half,4,r3,1,0.7241252064704895,1
RIMONE_r3_S-20-L_left_half,4,r3,1,0.8589556217193604,1
RIMONE_r3_S-21-R_left_half,4,r3,1,0.8527976274490356,1
RIMONE_r3_S-25-L_left_half,4,r3,1,0.8975982069969177,1
RIMONE_r3_S-26-R_left_half,4,r3,1,0.8804162740707397,1
RIMONE_r3_S-28-R_left_half,4,r3,1,0.6688519716262817,1
RIMONE_r3_S-29-R_left_half,4,r3,1,0.5461432337760925,1
RIMONE_r3_S-30-L_left_half,4,r3,1,0.5982711315155029,1
RIMONE_r3_S-31-L_left_half,4,r3,1,0.7295379638671875,1
RIMONE_r3_S-32-L_left_half,4,r3,1,0.7241252064704895,1
RIMONE_r3_S-33-R_left_half,4,r3,1,0.6128650903701782,1
RIMONE_r3_S-35-R_left_half,4,r3,1,0.8787583708763123,1
RIMONE_r3_S-4-L_left_half,4,r3,1,0.8799304366111755,1
RIMONE_r3_S-6-R_left_half,4,r3,1,0.4293588101863861,0
RIMONE_r3_S-9-L_left_half,4,r3,1,0.8975982069969177,1
RIMONE_r2_Im034,4,r2,0,0.4455285668373108,0
RIMONE_r2_Im036,4,r2,0,0.461751788854599,0
RIMONE_r2_Im038,4,r2,0,0.461751788854599,0
RIMONE_r2_Im040,4,r2,0,0.7688266038894653,1
RIMONE_r2_Im042,4,r2,0,0.7539669275283813,1
RIMONE_r2_Im044,4,r2,0,0.7018381953239441,1
RIMONE_r2_Im046,4,r2,0,0.7018381953239441,1
RIMONE_r2_Im048,4,r2,0,0.765675961971283,1
RIMONE_r2_Im050,4,r2,0,0.461751788854599,0
RIMONE_r2_Im052,4,r2,0,0.7091089487075806,1
RIMONE_r2_Im054,4,r2,0,0.710858166217804,1
RIMONE_r2_Im056,4,r2,0,0.8345473408699036,1
RIMONE_r2_Im058,4,r2,0,0.8122912645339966,1
RIMONE_r2_Im060,4,r2,0,0.4455285668373108,0
RIMONE_r2_Im062,4,r2,0,0.6346989870071411,1
RIMONE_r2_Im064,4,r2,0,0.461751788854599,0
RIMONE_r2_Im066,4,r2,0,0.30132895708084106,0
RIMONE_r2_Im068,4,r2,0,0.461751788854599,0
RIMONE_r2_Im070,4,r2,0,0.461751788854599,0
RIMONE_r2_Im072,4,r2,0,0.8327547311782837,1
RIMONE_r2_Im074,4,r2,0,0.8156911730766296,1
RIMONE_r2_Im076,4,r2,0,0.5208349823951721,1
RIMONE_r2_Im078,4,r2,0,0.461751788854599,0
RIMONE_r2_Im080,4,r2,0,0.42486003041267395,0
RIMONE_r2_Im082,4,r2,0,0.6962490677833557,1
RIMONE_r2_Im084,4,r2,0,0.7704091668128967,1
RIMONE_r2_Im086,4,r2,0,0.461751788854599,0
RIMONE_r2_Im088,4,r2,0,0.6193917989730835,1
RIMONE_r2_Im090,4,r2,0,0.710858166217804,1
RIMONE_r2_Im092,4,r2,0,0.705656111240387,1
RIMONE_r2_Im094,4,r2,0,0.7802560925483704,1
RIMONE_r2_Im096,4,r2,0,0.461751788854599,0
RIMONE_r2_Im098,4,r2,0,0.6634355783462524,1
RIMONE_r2_Im100,4,r2,0,0.7241252064704895,1
RIMONE_r2_Im102,4,r2,0,0.7472206950187683,1
RIMONE_r2_Im104,4,r2,0,0.461751788854599,0
RIMONE_r2_Im106,4,r2,0,0.8080234527587891,1
RIMONE_r2_Im108,4,r2,0,0.4455285668373108,0
RIMONE_r2_Im110,4,r2,0,0.6346989870071411,1
RIMONE_r2_Im112,4,r2,0,0.7318227887153625,1
RIMONE_r2_Im114,4,r2,0,0.705656111240387,1
RIMONE_r2_Im116,4,r2,0,0.739719808101654,1
RIMONE_r2_Im118,4,r2,0,0.6346989870071411,1
RIMONE_r2_Im120,4,r2,0,0.461751788854599,0
RIMONE_r2_Im122,4,r2,0,0.461751788854599,0
RIMONE_r2_Im124,4,r2,0,0.6932708024978638,1
RIMONE_r2_Im126,4,r2,0,0.3923451900482178,0
RIMONE_r2_Im128,4,r2,0,0.4455285668373108,0
RIMONE_r2_Im130,4,r2,0,0.4097245931625366,0
RIMONE_r2_Im132,4,r2,0,0.4455285668373108,0
RIMONE_r2_Im134,4,r2,0,0.795165479183197,1
RIMONE_r2_Im136,4,r2,0,0.461751788854599,0
RIMONE_r2_Im138,4,r2,0,0.5371439456939697,1
RIMONE_r2_Im140,4,r2,0,0.7241252064704895,1
RIMONE_r2_Im142,4,r2,0,0.461751788854599,0
RIMONE_r2_Im144,4,r2,0,0.7880719304084778,1
RIMONE_r2_Im146,4,r2,0,0.8371242880821228,1
RIMONE_r2_Im148,4,r2,0,0.461751788854599,0
RIMONE_r2_Im150,4,r2,0,0.461751788854599,0
RIMONE_r2_Im152,4,r2,0,0.461751788854599,0
RIMONE_r2_Im154,4,r2,0,0.6193917989730835,1
RIMONE_r2_Im156,4,r2,0,0.461751788854599,0
RIMONE_r2_Im158,4,r2,0,0.461751788854599,0
RIMONE_r2_Im160,4,r2,0,0.461751788854599,0
RIMONE_r2_Im162,4,r2,0,0.7688266038894653,1
RIMONE_r2_Im164,4,r2,0,0.44502079486846924,0
RIMONE_r2_Im166,4,r2,0,0.8062204718589783,1
RIMONE_r2_Im168,4,r2,0,0.6998607516288757,1
RIMONE_r2_Im170,4,r2,0,0.6346989870071411,1
RIMONE_r2_Im172,4,r2,0,0.4455285668373108,0
RIMONE_r2_Im174,4,r2,0,0.7842971682548523,1
RIMONE_r2_Im176,4,r2,0,0.5371439456939697,1
RIMONE_r2_Im178,4,r2,0,0.461751788854599,0
RIMONE_r2_Im180,4,r2,0,0.7688266038894653,1
RIMONE_r2_Im182,4,r2,0,0.8253300189971924,1
RIMONE_r2_Im184,4,r2,0,0.7880719304084778,1
RIMONE_r2_Im186,4,r2,0,0.461751788854599,0
RIMONE_r2_Im188,4,r2,0,0.6887145042419434,1
RIMONE_r2_Im190,4,r2,0,0.7318227887153625,1
RIMONE_r2_Im192,4,r2,0,0.461751788854599,0
RIMONE_r2_Im194,4,r2,0,0.6193917989730835,1
RIMONE_r2_Im196,4,r2,0,0.461751788854599,0
RIMONE_r2_Im198,4,r2,0,0.461751788854599,0
RIMONE_r2_Im200,4,r2,0,0.5283364057540894,1
RIMONE_r2_Im202,4,r2,0,0.7588620781898499,1
RIMONE_r2_Im206,4,r2,0,0.7241252064704895,1
RIMONE_r2_Im208,4,r2,0,0.461751788854599,0
RIMONE_r2_Im210,4,r2,0,0.4455285668373108,0
RIMONE_r2_Im212,4,r2,0,0.461751788854599,0
RIMONE_r2_Im214,4,r2,0,0.9314646124839783,1
RIMONE_r2_Im216,4,r2,0,0.461751788854599,0
RIMONE_r2_Im218,4,r2,0,0.7318227887153625,1
RIMONE_r2_Im220,4,r2,0,0.6906010508537292,1
RIMONE_r2_Im222,4,r2,0,0.710858166217804,1
RIMONE_r2_Im224,4,r2,0,0.6621928215026855,1
RIMONE_r2_Im226,4,r2,0,0.6818547248840332,1
RIMONE_r2_Im228,4,r2,0,0.6875901222229004,1
RIMONE_r2_Im230,4,r2,0,0.666949450969696,1
RIMONE_r2_Im232,4,r2,0,0.7802560925483704,1
RIMONE_r2_Im234,4,r2,0,0.4409291446208954,0
RIMONE_r2_Im236,4,r2,0,0.7521243691444397,1
RIMONE_r2_Im238,4,r2,0,0.461751788854599,0
RIMONE_r2_Im240,4,r2,0,0.7129514813423157,1
RIMONE_r2_Im242,4,r2,0,0.8416743278503418,1
RIMONE_r2_Im244,4,r2,0,0.461751788854599,0
RIMONE_r2_Im246,4,r2,0,0.7261595129966736,1
RIMONE_r2_Im248,4,r2,0,0.6128650903701782,1
RIMONE_r2_Im250,4,r2,0,0.4369274973869324,0
RIMONE_r2_Im252,4,r2,0,0.8837131261825562,1
RIMONE_r2_Im254,4,r2,0,0.461751788854599,0
RIMONE_r3_N-1-L_left_half,4,r3,0,0.484151691198349,0
RIMONE_r3_N-10-R_left_half,4,r3,0,0.8527976274490356,1
RIMONE_r3_N-11-L_left_half,4,r3,0,0.4502102732658386,0
RIMONE_r3_N-12-R_left_half,4,r3,0,0.6004849672317505,1
RIMONE_r3_N-13-L_left_half,4,r3,0,0.8804162740707397,1
RIMONE_r3_N-14-R_left_half,4,r3,0,0.7389699220657349,1
RIMONE_r3_N-16-R_left_half,4,r3,0,0.6128650903701782,1
RIMONE_r3_N-17-L_left_half,4,r3,0,0.8453490138053894,1
RIMONE_r3_N-18-R_left_half,4,r3,0,0.5982711315155029,1
RIMONE_r3_N-2-R_left_half,4,r3,0,0.9095801115036011,1
RIMONE_r3_N-20-R_left_half,4,r3,0,0.4097245931625366,0
RIMONE_r3_N-21-L_left_half,4,r3,0,0.7418098449707031,1
RIMONE_r3_N-22-R_left_half,4,r3,0,0.7194218635559082,1
RIMONE_r3_N-23-L_left_half,4,r3,0,0.6798767447471619,1
RIMONE_r3_N-24-R_left_half,4,r3,0,0.4502102732658386,0
RIMONE_r3_N-25-L_left_half,4,r3,0,0.7588620781898499,1
RIMONE_r3_N-26-R_left_half,4,r3,0,0.7241252064704895,1
RIMONE_r3_N-27-L_left_half,4,r3,0,0.7241252064704895,1
RIMONE_r3_N-28-R_left_half,4,r3,0,0.4097245931625366,0
RIMONE_r3_N-29-L_left_half,4,r3,0,0.7802560925483704,1
RIMONE_r3_N-3-L_left_half,4,r3,0,0.5982711315155029,1
RIMONE_r3_N-30-R_left_half,4,r3,0,0.8862415552139282,1
RIMONE_r3_N-31-L_left_half,4,r3,0,0.5982711315155029,1
RIMONE_r3_N-32-R_left_half,4,r3,0,0.5982711315155029,1
RIMONE_r3_N-33-L_left_half,4,r3,0,0.7332020998001099,1
RIMONE_r3_N-34-R_left_half,4,r3,0,0.7934216856956482,1
RIMONE_r3_N-35-L_left_half,4,r3,0,0.7467212677001953,1
RIMONE_r3_N-36-R_left_half,4,r3,0,0.5461432337760925,1
RIMONE_r3_N-37-L_left_half,4,r3,0,0.7436822056770325,1
RIMONE_r3_N-38-R_left_half,4,r3,0,0.6543006300926208,1
RIMONE_r3_N-39-L_left_half,4,r3,0,0.4030764102935791,0
RIMONE_r3_N-4-R_left_half,4,r3,0,0.5982711315155029,1
RIMONE_r3_N-40-R_left_half,4,r3,0,0.4842647314071655,0
RIMONE_r3_N-41-L_left_half,4,r3,0,0.8604122400283813,1
RIMONE_r3_N-42-R_left_half,4,r3,0,0.9098955988883972,1
RIMONE_r3_N-43-L_left_half,4,r3,0,0.795165479183197,1
RIMONE_r3_N-44-R_left_half,4,r3,0,0.6682509779930115,1
RIMONE_r3_N-46-R_left_half,4,r3,0,0.4522095322608948,0
RIMONE_r3_N-47-L_left_half,4,r3,0,0.5461432337760925,1
RIMONE_r3_N-48-R_left_half,4,r3,0,0.8966888785362244,1
RIMONE_r3_N-49-L_left_half,4,r3,0,0.5982711315155029,1
RIMONE_r3_N-5-L_left_half,4,r3,0,0.461751788854599,0
RIMONE_r3_N-50-R_left_half,4,r3,0,0.5982711315155029,1
RIMONE_r3_N-51-L_left_half,4,r3,0,0.860621988773346,1
RIMONE_r3_N-52-R_left_half,4,r3,0,0.8726952075958252,1
RIMONE_r3_N-53-L_left_half,4,r3,0,0.6077540516853333,1
RIMONE_r3_N-54-R_left_half,4,r3,0,0.7051989436149597,1
RIMONE_r3_N-55-L_left_half,4,r3,0,0.7934216856956482,1
RIMONE_r3_N-56-R_left_half,4,r3,0,0.8276051878929138,1
RIMONE_r3_N-58-R_left_half,4,r3,0,0.7241252064704895,1
RIMONE_r3_N-59-L_left_half,4,r3,0,0.6878769993782043,1
RIMONE_r3_N-6-R_left_half,4,r3,0,0.8079085946083069,1
RIMONE_r3_N-61-L_left_half,4,r3,0,0.8667085766792297,1
RIMONE_r3_N-62-R_left_half,4,r3,0,0.5589430928230286,1
RIMONE_r3_N-63-L_left_half,4,r3,0,0.8452746868133545,1
RIMONE_r3_N-64-R_left_half,4,r3,0,0.8200336694717407,1
RIMONE_r3_N-65-L_left_half,4,r3,0,0.8764060139656067,1
RIMONE_r3_N-66-R_left_half,4,r3,0,0.522079348564148,1
RIMONE_r3_N-67-L_left_half,4,r3,0,0.8279585838317871,1
RIMONE_r3_N-68-R_left_half,4,r3,0,0.9094651937484741,1
RIMONE_r3_N-69-L_left_half,4,r3,0,0.7925615906715393,1
RIMONE_r3_N-7-L_left_half,4,r3,0,0.5461432337760925,1
RIMONE_r3_N-70-R_left_half,4,r3,0,0.7603722214698792,1
RIMONE_r3_N-71-L_left_half,4,r3,0,0.9181990027427673,1
RIMONE_r3_N-72-R_left_half,4,r3,0,0.7241252064704895,1
RIMONE_r3_N-73-R_left_half,4,r3,0,0.7674650549888611,1
RIMONE_r3_N-74-L_left_half,4,r3,0,0.5982711315155029,1
RIMONE_r3_N-75-R_left_half,4,r3,0,0.8200336694717407,1
RIMONE_r3_N-76-R_left_half,4,r3,0,0.7190675139427185,1
RIMONE_r3_N-78-R_left_half,4,r3,0,0.7077735066413879,1
RIMONE_r3_N-79-L_left_half,4,r3,0,0.7688266038894653,1
RIMONE_r3_N-8-L_left_half,4,r3,0,0.461751788854599,0
RIMONE_r3_N-80-R_left_half,4,r3,0,0.5262295603752136,1
RIMONE_r3_N-81-L_left_half,4,r3,0,0.8769144415855408,1
RIMONE_r3_N-82-R_left_half,4,r3,0,0.8341646790504456,1
RIMONE_r3_N-83-L_left_half,4,r3,0,0.2484450489282608,0
RIMONE_r3_N-84-R_left_half,4,r3,0,0.6875901222229004,1
RIMONE_r3_N-85-L_left_half,4,r3,0,0.5371439456939697,1
RIMONE_r3_N-86-R_left_half,4,r3,0,0.7510066628456116,1
RIMONE_r3_N-87-L_left_half,4,r3,0,0.7349669337272644,1
RIMONE_r3_N-88-R_left_half,4,r3,0,0.5982711315155029,1
RIMONE_r3_N-9-L_left_half,4,r3,0,0.7241252064704895,1
RIMONE_r3_N-90-R_left_half,4,r3,0,0.6682782769203186,1
RIMONE_r3_N-91-L_left_half,4,r3,0,0.9098955988883972,1
RIMONE_r3_N-92-R_left_half,4,r3,0,0.7349669337272644,1
RIMONE_r1_Im069,pooled,r1,1,0.4635135531425476,0
RIMONE_r1_Im103,pooled,r1,1,0.6509514451026917,1
RIMONE_r1_Im113,pooled,r1,1,0.6133414506912231,1
RIMONE_r1_Im117,pooled,r1,1,0.6324940919876099,1
RIMONE_r1_Im118,pooled,r1,1,0.5340771079063416,1
RIMONE_r1_Im120,pooled,r1,1,0.6829777359962463,1
RIMONE_r1_Im121,pooled,r1,1,0.568592369556427,1
RIMONE_r1_Im122,pooled,r1,1,0.47384729981422424,0
RIMONE_r1_Im135,pooled,r1,1,0.8881701231002808,1
RIMONE_r1_Im144,pooled,r1,1,0.4334872364997864,0
RIMONE_r1_Im158,pooled,r1,1,0.6946834325790405,1
RIMONE_r1_Im167,pooled,r1,1,0.7577754855155945,1
RIMONE_r2_Im257,pooled,r2,1,0.8636054992675781,1
RIMONE_r2_Im258,pooled,r2,1,0.6494486927986145,1
RIMONE_r2_Im260,pooled,r2,1,0.650012195110321,1
RIMONE_r2_Im263,pooled,r2,1,0.5701172351837158,1
RIMONE_r2_Im264,pooled,r2,1,0.8014777302742004,1
RIMONE_r2_Im266,pooled,r2,1,0.6314443349838257,1
RIMONE_r2_Im267,pooled,r2,1,0.6076976656913757,1
RIMONE_r2_Im268,pooled,r2,1,0.30822914838790894,0
RIMONE_r2_Im269,pooled,r2,1,0.5693283081054688,1
RIMONE_r2_Im270,pooled,r2,1,0.49839967489242554,0
RIMONE_r2_Im273,pooled,r2,1,0.5474438667297363,1
RIMONE_r2_Im275,pooled,r2,1,0.4154929518699646,0
RIMONE_r2_Im277,pooled,r2,1,0.6515101194381714,1
RIMONE_r2_Im281,pooled,r2,1,0.453326940536499,0
RIMONE_r2_Im287,pooled,r2,1,0.7798285484313965,1
RIMONE_r2_Im288,pooled,r2,1,0.5829501152038574,1
RIMONE_r2_Im289,pooled,r2,1,0.6845923662185669,1
RIMONE_r2_Im290,pooled,r2,1,0.6673519611358643,1
RIMONE_r2_Im291,pooled,r2,1,0.5351157188415527,1
RIMONE_r2_Im292,pooled,r2,1,0.7772714495658875,1
RIMONE_r2_Im293,pooled,r2,1,0.545082688331604,1
RIMONE_r2_Im294,pooled,r2,1,0.39653801918029785,0
RIMONE_r2_Im301,pooled,r2,1,0.8032318353652954,1
RIMONE_r2_Im302,pooled,r2,1,0.8231641054153442,1
RIMONE_r2_Im303,pooled,r2,1,0.8089054822921753,1
RIMONE_r2_Im305,pooled,r2,1,0.8029677271842957,1
RIMONE_r2_Im314,pooled,r2,1,0.6837231516838074,1
RIMONE_r2_Im315,pooled,r2,1,0.628491997718811,1
RIMONE_r2_Im317,pooled,r2,1,0.6575750708580017,1
RIMONE_r2_Im318,pooled,r2,1,0.6040226221084595,1
RIMONE_r2_Im319,pooled,r2,1,0.49092644453048706,0
RIMONE_r2_Im320,pooled,r2,1,0.6494486927986145,1
RIMONE_r2_Im321,pooled,r2,1,0.8152009844779968,1
RIMONE_r2_Im324,pooled,r2,1,0.8126534223556519,1
RIMONE_r2_Im329,pooled,r2,1,0.530802845954895,1
RIMONE_r2_Im330,pooled,r2,1,0.44254788756370544,0
RIMONE_r2_Im331,pooled,r2,1,0.6494486927986145,1
RIMONE_r2_Im332,pooled,r2,1,0.6429204344749451,1
RIMONE_r2_Im333,pooled,r2,1,0.8043413162231445,1
RIMONE_r2_Im334,pooled,r2,1,0.6754807829856873,1
RIMONE_r2_Im338,pooled,r2,1,0.6423001885414124,1
RIMONE_r2_Im339,pooled,r2,1,0.5757972598075867,1
RIMONE_r2_Im343,pooled,r2,1,0.6275942325592041,1
RIMONE_r2_Im344,pooled,r2,1,0.8588461875915527,1
RIMONE_r1_Im001,pooled,r1,0,0.6235482096672058,1
RIMONE_r1_Im003,pooled,r1,0,0.6510836482048035,1
RIMONE_r1_Im004,pooled,r1,0,0.4201003909111023,0
RIMONE_r1_Im006,pooled,r1,0,0.7717509269714355,1
RIMONE_r1_Im008,pooled,r1,0,0.6005223989486694,1
RIMONE_r1_Im011,pooled,r1,0,0.6149579286575317,1
RIMONE_r1_Im012,pooled,r1,0,0.6676801443099976,1
RIMONE_r1_Im014,pooled,r1,0,0.6944991946220398,1
RIMONE_r1_Im015,pooled,r1,0,0.7107632160186768,1
RIMONE_r1_Im019,pooled,r1,0,0.7740614414215088,1
RIMONE_r1_Im020,pooled,r1,0,0.6748561859130859,1
RIMONE_r1_Im022,pooled,r1,0,0.3958790600299835,0
RIMONE_r1_Im023,pooled,r1,0,0.3958790600299835,0
RIMONE_r1_Im024,pooled,r1,0,0.6539850831031799,1
RIMONE_r1_Im025,pooled,r1,0,0.6464711427688599,1
RIMONE_r1_Im026,pooled,r1,0,0.6703115105628967,1
RIMONE_r1_Im027,pooled,r1,0,0.6208629012107849,1
RIMONE_r1_Im028,pooled,r1,0,0.4921541213989258,0
RIMONE_r1_Im029,pooled,r1,0,0.4596887230873108,0
RIMONE_r1_Im031,pooled,r1,0,0.6279961466789246,1
RIMONE_r1_Im032,pooled,r1,0,0.5675168633460999,1
RIMONE_r1_Im033,pooled,r1,0,0.6076036691665649,1
RIMONE_r1_Im036,pooled,r1,0,0.5086389780044556,1
RIMONE_r1_Im037,pooled,r1,0,0.5442571043968201,1
RIMONE_r1_Im040,pooled,r1,0,0.6031498908996582,1
RIMONE_r1_Im041,pooled,r1,0,0.5898283123970032,1
RIMONE_r1_Im042,pooled,r1,0,0.6905664205551147,1
RIMONE_r1_Im046,pooled,r1,0,0.6281709671020508,1
RIMONE_r1_Im047,pooled,r1,0,0.5497697591781616,1
RIMONE_r1_Im050,pooled,r1,0,0.7591156959533691,1
RIMONE_r1_Im052,pooled,r1,0,0.7397717237472534,1
RIMONE_r1_Im054,pooled,r1,0,0.6618127822875977,1
RIMONE_r1_Im055,pooled,r1,0,0.5873643159866333,1
RIMONE_r1_Im056,pooled,r1,0,0.5629819631576538,1
RIMONE_r1_Im057,pooled,r1,0,0.6464711427688599,1
RIMONE_r1_Im058,pooled,r1,0,0.6756962537765503,1
RIMONE_r1_Im059,pooled,r1,0,0.6094146966934204,1
RIMONE_r1_Im060,pooled,r1,0,0.4289698600769043,0
RIMONE_r1_Im061,pooled,r1,0,0.6513293981552124,1
RIMONE_r1_Im062,pooled,r1,0,0.48727840185165405,0
RIMONE_r1_Im063,pooled,r1,0,0.4037408232688904,0
RIMONE_r1_Im071,pooled,r1,0,0.6277645826339722,1
RIMONE_r1_Im072,pooled,r1,0,0.7963691353797913,1
RIMONE_r1_Im073,pooled,r1,0,0.7547001838684082,1
RIMONE_r1_Im080,pooled,r1,0,0.759105384349823,1
RIMONE_r1_Im082,pooled,r1,0,0.4595710337162018,0
RIMONE_r1_Im086,pooled,r1,0,0.8710129857063293,1
RIMONE_r1_Im087,pooled,r1,0,0.6578698754310608,1
RIMONE_r1_Im095,pooled,r1,0,0.7494434118270874,1
RIMONE_r1_Im107,pooled,r1,0,0.678211510181427,1
RIMONE_r1_Im108,pooled,r1,0,0.5641618967056274,1
RIMONE_r1_Im115,pooled,r1,0,0.5534120202064514,1
RIMONE_r1_Im116,pooled,r1,0,0.41904720664024353,0
RIMONE_r1_Im119,pooled,r1,0,0.9082508087158203,1
RIMONE_r1_Im125,pooled,r1,0,0.38199353218078613,0
RIMONE_r1_Im127,pooled,r1,0,0.41205158829689026,0
RIMONE_r1_Im128,pooled,r1,0,0.7686601281166077,1
RIMONE_r1_Im129,pooled,r1,0,0.6463720202445984,1
RIMONE_r1_Im130,pooled,r1,0,0.8452481031417847,1
RIMONE_r1_Im131,pooled,r1,0,0.6368937492370605,1
RIMONE_r1_Im132,pooled,r1,0,0.6983317732810974,1
RIMONE_r1_Im133,pooled,r1,0,0.4228907525539398,0
RIMONE_r1_Im136,pooled,r1,0,0.7308676242828369,1
RIMONE_r1_Im137,pooled,r1,0,0.8407855033874512,1
RIMONE_r1_Im138,pooled,r1,0,0.6545926928520203,1
RIMONE_r1_Im142,pooled,r1,0,0.8340218663215637,1
RIMONE_r1_Im143,pooled,r1,0,0.8950889706611633,1
RIMONE_r1_Im145,pooled,r1,0,0.8667871356010437,1
RIMONE_r1_Im146,pooled,r1,0,0.6173641085624695,1
RIMONE_r1_Im149,pooled,r1,0,0.680141270160675,1
RIMONE_r1_Im150,pooled,r1,0,0.6196749806404114,1
RIMONE_r1_Im151,pooled,r1,0,0.7994066476821899,1
RIMONE_r1_Im152,pooled,r1,0,0.9036797285079956,1
RIMONE_r1_Im153,pooled,r1,0,0.8566392660140991,1
RIMONE_r1_Im154,pooled,r1,0,0.6144634485244751,1
RIMONE_r1_Im155,pooled,r1,0,0.7546517252922058,1
RIMONE_r1_Im156,pooled,r1,0,0.6578261852264404,1
RIMONE_r1_Im159,pooled,r1,0,0.7694921493530273,1
RIMONE_r1_Im161,pooled,r1,0,0.6181537508964539,1
RIMONE_r1_Im162,pooled,r1,0,0.7787245512008667,1
RIMONE_r1_Im163,pooled,r1,0,0.597213089466095,1
RIMONE_r1_Im164,pooled,r1,0,0.5552660822868347,1
RIMONE_r1_Im165,pooled,r1,0,0.4862166941165924,0
RIMONE_r1_Im166,pooled,r1,0,0.5863391160964966,1
RIMONE_r1_Im168,pooled,r1,0,0.7475301027297974,1
RIMONE_r1_Im169,pooled,r1,0,0.6643593907356262,1
RIMONE_r2_Im001,pooled,r2,0,0.8006631731987,1
RIMONE_r2_Im002,pooled,r2,0,0.5814682841300964,1
RIMONE_r2_Im003,pooled,r2,0,0.6324124932289124,1
RIMONE_r2_Im004,pooled,r2,0,0.6258437037467957,1
RIMONE_r2_Im005,pooled,r2,0,0.6933776140213013,1
RIMONE_r2_Im006,pooled,r2,0,0.6124671697616577,1
RIMONE_r2_Im007,pooled,r2,0,0.6783508062362671,1
RIMONE_r2_Im009,pooled,r2,0,0.558760404586792,1
RIMONE_r2_Im010,pooled,r2,0,0.7417100071907043,1
RIMONE_r2_Im011,pooled,r2,0,0.8125683069229126,1
RIMONE_r2_Im012,pooled,r2,0,0.6123857498168945,1
RIMONE_r2_Im013,pooled,r2,0,0.6698600053787231,1
RIMONE_r2_Im014,pooled,r2,0,0.628928005695343,1
RIMONE_r2_Im015,pooled,r2,0,0.3996426463127136,0
RIMONE_r2_Im016,pooled,r2,0,0.3761051297187805,0
RIMONE_r2_Im017,pooled,r2,0,0.6496294736862183,1
RIMONE_r2_Im018,pooled,r2,0,0.6852005124092102,1
RIMONE_r2_Im019,pooled,r2,0,0.623140275478363,1
RIMONE_r2_Im020,pooled,r2,0,0.393002986907959,0
RIMONE_r2_Im021,pooled,r2,0,0.5793960690498352,1
RIMONE_r2_Im022,pooled,r2,0,0.7454259395599365,1
RIMONE_r2_Im023,pooled,r2,0,0.4698132574558258,0
RIMONE_r2_Im024,pooled,r2,0,0.537183940410614,1
RIMONE_r2_Im025,pooled,r2,0,0.368206262588501,0
RIMONE_r2_Im026,pooled,r2,0,0.389161080121994,0
RIMONE_r2_Im027,pooled,r2,0,0.6161246299743652,1
RIMONE_r2_Im028,pooled,r2,0,0.3958790600299835,0
RIMONE_r2_Im029,pooled,r2,0,0.5115858316421509,1
RIMONE_r2_Im030,pooled,r2,0,0.6276196837425232,1
RIMONE_r2_Im031,pooled,r2,0,0.649522066116333,1
RIMONE_r2_Im032,pooled,r2,0,0.4382680058479309,0
RIMONE_r2_Im033,pooled,r2,0,0.6609340906143188,1
RIMONE_r2_Im347,pooled,r2,1,0.35084953904151917,0
RIMONE_r2_Im348,pooled,r2,1,0.6634331345558167,1
RIMONE_r2_Im351,pooled,r2,1,0.5647982954978943,1
RIMONE_r2_Im352,pooled,r2,1,0.6336754560470581,1
RIMONE_r2_Im354,pooled,r2,1,0.5300657749176025,1
RIMONE_r2_Im355,pooled,r2,1,0.5585817098617554,1
RIMONE_r2_Im356,pooled,r2,1,0.5675641894340515,1
RIMONE_r2_Im357,pooled,r2,1,0.8089691996574402,1
RIMONE_r2_Im358,pooled,r2,1,0.6959500312805176,1
RIMONE_r2_Im362,pooled,r2,1,0.6833319067955017,1
RIMONE_r2_Im365,pooled,r2,1,0.5454236268997192,1
RIMONE_r2_Im366,pooled,r2,1,0.6129797697067261,1
RIMONE_r2_Im369,pooled,r2,1,0.5465041399002075,1
RIMONE_r2_Im373,pooled,r2,1,0.6163848638534546,1
RIMONE_r2_Im376,pooled,r2,1,0.34348511695861816,0
RIMONE_r2_Im377,pooled,r2,1,0.7138639092445374,1
RIMONE_r2_Im383,pooled,r2,1,0.34762507677078247,0
RIMONE_r2_Im384,pooled,r2,1,0.6411089897155762,1
RIMONE_r2_Im385,pooled,r2,1,0.5599821209907532,1
RIMONE_r2_Im387,pooled,r2,1,0.8019835352897644,1
RIMONE_r2_Im388,pooled,r2,1,0.6120954751968384,1
RIMONE_r2_Im389,pooled,r2,1,0.6236194968223572,1
RIMONE_r2_Im390,pooled,r2,1,0.599118709564209,1
RIMONE_r2_Im391,pooled,r2,1,0.560377836227417,1
RIMONE_r2_Im392,pooled,r2,1,0.613468587398529,1
RIMONE_r2_Im393,pooled,r2,1,0.6764850616455078,1
RIMONE_r2_Im398,pooled,r2,1,0.379489004611969,0
RIMONE_r2_Im399,pooled,r2,1,0.5589308738708496,1
RIMONE_r2_Im400,pooled,r2,1,0.5776597261428833,1
RIMONE_r2_Im401,pooled,r2,1,0.5766997337341309,1
RIMONE_r2_Im402,pooled,r2,1,0.33391204476356506,0
RIMONE_r2_Im403,pooled,r2,1,0.49340134859085083,0
RIMONE_r2_Im404,pooled,r2,1,0.6070489883422852,1
RIMONE_r2_Im406,pooled,r2,1,0.4262692332267761,0
RIMONE_r2_Im407,pooled,r2,1,0.6785339713096619,1
RIMONE_r2_Im408,pooled,r2,1,0.5962611436843872,1
RIMONE_r2_Im414,pooled,r2,1,0.7204789519309998,1
RIMONE_r2_Im415,pooled,r2,1,0.4376968741416931,0
RIMONE_r2_Im416,pooled,r2,1,0.5108572244644165,1
RIMONE_r2_Im418,pooled,r2,1,0.5533946752548218,1
RIMONE_r2_Im419,pooled,r2,1,0.5292888879776001,1
RIMONE_r2_Im420,pooled,r2,1,0.6045416593551636,1
RIMONE_r2_Im421,pooled,r2,1,0.5161101222038269,1
RIMONE_r2_Im422,pooled,r2,1,0.6100318431854248,1
RIMONE_r2_Im424,pooled,r2,1,0.42347416281700134,0
RIMONE_r2_Im427,pooled,r2,1,0.38363027572631836,0
RIMONE_r2_Im428,pooled,r2,1,0.6017826795578003,1
RIMONE_r2_Im429,pooled,r2,1,0.5062090158462524,1
RIMONE_r2_Im432,pooled,r2,1,0.6458878517150879,1
RIMONE_r2_Im433,pooled,r2,1,0.7500870823860168,1
RIMONE_r2_Im436,pooled,r2,1,0.6060040593147278,1
RIMONE_r2_Im439,pooled,r2,1,0.5077832341194153,1
RIMONE_r2_Im441,pooled,r2,1,0.5415694117546082,1
RIMONE_r2_Im442,pooled,r2,1,0.6036633849143982,1
RIMONE_r2_Im443,pooled,r2,1,0.7764110565185547,1
RIMONE_r2_Im444,pooled,r2,1,0.6154075860977173,1
RIMONE_r2_Im445,pooled,r2,1,0.49710264801979065,0
RIMONE_r2_Im448,pooled,r2,1,0.8008400201797485,1
RIMONE_r2_Im449,pooled,r2,1,0.8026009798049927,1
RIMONE_r2_Im450,pooled,r2,1,0.7449285387992859,1
RIMONE_r2_Im451,pooled,r2,1,0.5720327496528625,1
RIMONE_r2_Im453,pooled,r2,1,0.6008674502372742,1
RIMONE_r2_Im454,pooled,r2,1,0.5429912805557251,1
RIMONE_r2_Im455,pooled,r2,1,0.7285513877868652,1
RIMONE_r3_G-1-L_left_half,pooled,r3,1,0.5463080406188965,1
RIMONE_r3_G-10-L_left_half,pooled,r3,1,0.8481857180595398,1
RIMONE_r3_G-11-R_left_half,pooled,r3,1,0.8251157999038696,1
RIMONE_r3_G-12-L_left_half,pooled,r3,1,0.6187868714332581,1
RIMONE_r3_G-13-R_left_half,pooled,r3,1,0.7773253321647644,1
RIMONE_r3_G-14-R_left_half,pooled,r3,1,0.7329825162887573,1
RIMONE_r3_G-15-L_left_half,pooled,r3,1,0.5577405691146851,1
RIMONE_r3_G-16-R_left_half,pooled,r3,1,0.5032256245613098,1
RIMONE_r3_G-17-L_left_half,pooled,r3,1,0.44638386368751526,0
RIMONE_r3_G-18-R_left_half,pooled,r3,1,0.44714322686195374,0
RIMONE_r3_G-2-R_left_half,pooled,r3,1,0.5871527194976807,1
RIMONE_r3_G-22-L_left_half,pooled,r3,1,0.8473020792007446,1
RIMONE_r3_G-23-R_left_half,pooled,r3,1,0.6133680939674377,1
RIMONE_r3_G-25-L_left_half,pooled,r3,1,0.5881606936454773,1
RIMONE_r3_G-27-R_left_half,pooled,r3,1,0.7985521554946899,1
RIMONE_r3_G-29-R_left_half,pooled,r3,1,0.5696786642074585,1
RIMONE_r3_G-3-R_left_half,pooled,r3,1,0.8249155282974243,1
RIMONE_r3_G-30-L_left_half,pooled,r3,1,0.8140642046928406,1
RIMONE_r3_G-31-R_left_half,pooled,r3,1,0.6201187968254089,1
RIMONE_r3_G-32-L_left_half,pooled,r3,1,0.6276177763938904,1
RIMONE_r3_G-33-R_left_half,pooled,r3,1,0.43825778365135193,0
RIMONE_r3_G-34-L_left_half,pooled,r3,1,0.80536288022995,1
RIMONE_r3_G-35-R_left_half,pooled,r3,1,0.525863766670227,1
RIMONE_r3_G-37-R_left_half,pooled,r3,1,0.8496060371398926,1
RIMONE_r3_G-38-L_left_half,pooled,r3,1,0.7414873838424683,1
RIMONE_r3_G-39-L_left_half,pooled,r3,1,0.4392860531806946,0
RIMONE_r3_G-6-L_left_half,pooled,r3,1,0.5862115621566772,1
RIMONE_r3_G-8-R_left_half,pooled,r3,1,0.41107377409935,0
RIMONE_r3_G-9-R_left_half,pooled,r3,1,0.6424788236618042,1
RIMONE_r3_S-1-L_left_half,pooled,r3,1,0.5061314702033997,1
RIMONE_r3_S-10-R_left_half,pooled,r3,1,0.7616252899169922,1
RIMONE_r3_S-11-L_left_half,pooled,r3,1,0.45865097641944885,0
RIMONE_r3_S-12-L_left_half,pooled,r3,1,0.8535528182983398,1
RIMONE_r3_S-13-R_left_half,pooled,r3,1,0.9022027850151062,1
RIMONE_r3_S-14-R_left_half,pooled,r3,1,0.540319561958313,1
RIMONE_r3_S-18-L_left_half,pooled,r3,1,0.5264978408813477,1
RIMONE_r3_S-19-R_left_half,pooled,r3,1,0.5287362933158875,1
RIMONE_r3_S-2-L_left_half,pooled,r3,1,0.4619329571723938,0
RIMONE_r3_S-20-L_left_half,pooled,r3,1,0.8423351049423218,1
RIMONE_r3_S-21-R_left_half,pooled,r3,1,0.8412760496139526,1
RIMONE_r3_S-25-L_left_half,pooled,r3,1,0.8493236303329468,1
RIMONE_r3_S-26-R_left_half,pooled,r3,1,0.9093483090400696,1
RIMONE_r3_S-28-R_left_half,pooled,r3,1,0.5960911512374878,1
RIMONE_r3_S-29-R_left_half,pooled,r3,1,0.5072561502456665,1
RIMONE_r3_S-30-L_left_half,pooled,r3,1,0.5640500783920288,1
RIMONE_r3_S-31-L_left_half,pooled,r3,1,0.48574525117874146,0
RIMONE_r3_S-32-L_left_half,pooled,r3,1,0.45058006048202515,0
RIMONE_r3_S-33-R_left_half,pooled,r3,1,0.5139216184616089,1
RIMONE_r3_S-35-R_left_half,pooled,r3,1,0.8623469471931458,1
RIMONE_r3_S-4-L_left_half,pooled,r3,1,0.8688204884529114,1
RIMONE_r3_S-6-R_left_half,pooled,r3,1,0.5789431929588318,1
RIMONE_r3_S-9-L_left_half,pooled,r3,1,0.8195829391479492,1
RIMONE_r2_Im034,pooled,r2,0,0.359238862991333,0
RIMONE_r2_Im036,pooled,r2,0,0.40763887763023376,0
RIMONE_r2_Im038,pooled,r2,0,0.40457120537757874,0
RIMONE_r2_Im040,pooled,r2,0,0.469493567943573,0
RIMONE_r2_Im042,pooled,r2,0,0.5612063407897949,1
RIMONE_r2_Im044,pooled,r2,0,0.5570959448814392,1
RIMONE_r2_Im046,pooled,r2,0,0.5302624702453613,1
RIMONE_r2_Im048,pooled,r2,0,0.6209474802017212,1
RIMONE_r2_Im050,pooled,r2,0,0.3986101746559143,0
RIMONE_r2_Im052,pooled,r2,0,0.4670276641845703,0
RIMONE_r2_Im054,pooled,r2,0,0.41180944442749023,0
RIMONE_r2_Im056,pooled,r2,0,0.5319863557815552,1
RIMONE_r2_Im058,pooled,r2,0,0.6643126606941223,1
RIMONE_r2_Im060,pooled,r2,0,0.34606584906578064,0
RIMONE_r2_Im062,pooled,r2,0,0.45199909806251526,0
RIMONE_r2_Im064,pooled,r2,0,0.3986101746559143,0
RIMONE_r2_Im066,pooled,r2,0,0.33689045906066895,0
RIMONE_r2_Im068,pooled,r2,0,0.4367029666900635,0
RIMONE_r2_Im070,pooled,r2,0,0.3986101746559143,0
RIMONE_r2_Im072,pooled,r2,0,0.4436659812927246,0
RIMONE_r2_Im074,pooled,r2,0,0.6151186227798462,1
RIMONE_r2_Im076,pooled,r2,0,0.40218907594680786,0
RIMONE_r2_Im078,pooled,r2,0,0.3971784710884094,0
RIMONE_r2_Im080,pooled,r2,0,0.35510513186454773,0
RIMONE_r2_Im082,pooled,r2,0,0.5962703824043274,1
RIMONE_r2_Im084,pooled,r2,0,0.6585696339607239,1
RIMONE_r2_Im086,pooled,r2,0,0.4064669609069824,0
RIMONE_r2_Im088,pooled,r2,0,0.4262397289276123,0
RIMONE_r2_Im090,pooled,r2,0,0.40404677391052246,0
RIMONE_r2_Im092,pooled,r2,0,0.573226809501648,1
RIMONE_r2_Im094,pooled,r2,0,0.4980807900428772,0
RIMONE_r2_Im096,pooled,r2,0,0.40457120537757874,0
RIMONE_r2_Im098,pooled,r2,0,0.5005824565887451,1
RIMONE_r2_Im100,pooled,r2,0,0.4487897753715515,0
RIMONE_r2_Im102,pooled,r2,0,0.5853039026260376,1
RIMONE_r2_Im104,pooled,r2,0,0.40589961409568787,0
RIMONE_r2_Im106,pooled,r2,0,0.4990667402744293,0
RIMONE_r2_Im108,pooled,r2,0,0.3939659595489502,0
RIMONE_r2_Im110,pooled,r2,0,0.4699956774711609,0
RIMONE_r2_Im112,pooled,r2,0,0.6544196605682373,1
RIMONE_r2_Im114,pooled,r2,0,0.6184426546096802,1
RIMONE_r2_Im116,pooled,r2,0,0.5881215929985046,1
RIMONE_r2_Im118,pooled,r2,0,0.45241546630859375,0
RIMONE_r2_Im120,pooled,r2,0,0.3986101746559143,0
RIMONE_r2_Im122,pooled,r2,0,0.4066065847873688,0
RIMONE_r2_Im124,pooled,r2,0,0.4036175310611725,0
RIMONE_r2_Im126,pooled,r2,0,0.3959479331970215,0
RIMONE_r2_Im128,pooled,r2,0,0.3450443148612976,0
RIMONE_r2_Im130,pooled,r2,0,0.39782392978668213,0
RIMONE_r2_Im132,pooled,r2,0,0.37424367666244507,0
RIMONE_r2_Im134,pooled,r2,0,0.69627845287323,1
RIMONE_r2_Im136,pooled,r2,0,0.42741069197654724,0
RIMONE_r2_Im138,pooled,r2,0,0.471782386302948,0
RIMONE_r2_Im140,pooled,r2,0,0.4527537226676941,0
RIMONE_r2_Im142,pooled,r2,0,0.40589961409568787,0
RIMONE_r2_Im144,pooled,r2,0,0.6035956144332886,1
RIMONE_r2_Im146,pooled,r2,0,0.6511066555976868,1
RIMONE_r2_Im148,pooled,r2,0,0.3986101746559143,0
RIMONE_r2_Im150,pooled,r2,0,0.40763887763023376,0
RIMONE_r2_Im152,pooled,r2,0,0.40277281403541565,0
RIMONE_r2_Im154,pooled,r2,0,0.4116716980934143,0
RIMONE_r2_Im156,pooled,r2,0,0.3986101746559143,0
RIMONE_r2_Im158,pooled,r2,0,0.3986101746559143,0
RIMONE_r2_Im160,pooled,r2,0,0.3958790600299835,0
RIMONE_r2_Im162,pooled,r2,0,0.4668969213962555,0
RIMONE_r2_Im164,pooled,r2,0,0.49731093645095825,0
RIMONE_r2_Im166,pooled,r2,0,0.6658836007118225,1
RIMONE_r2_Im168,pooled,r2,0,0.5518278479576111,1
RIMONE_r2_Im170,pooled,r2,0,0.4706166386604309,0
RIMONE_r2_Im172,pooled,r2,0,0.359238862991333,0
RIMONE_r2_Im174,pooled,r2,0,0.6341708898544312,1
RIMONE_r2_Im176,pooled,r2,0,0.45981597900390625,0
RIMONE_r2_Im178,pooled,r2,0,0.42741069197654724,0
RIMONE_r2_Im180,pooled,r2,0,0.434201180934906,0
RIMONE_r2_Im182,pooled,r2,0,0.6368891000747681,1
RIMONE_r2_Im184,pooled,r2,0,0.5605677366256714,1
RIMONE_r2_Im186,pooled,r2,0,0.40783995389938354,0
RIMONE_r2_Im188,pooled,r2,0,0.5822616815567017,1
RIMONE_r2_Im190,pooled,r2,0,0.635255753993988,1
RIMONE_r2_Im192,pooled,r2,0,0.40589961409568787,0
RIMONE_r2_Im194,pooled,r2,0,0.4158124327659607,0
RIMONE_r2_Im196,pooled,r2,0,0.3958790600299835,0
RIMONE_r2_Im198,pooled,r2,0,0.3958790600299835,0
RIMONE_r2_Im200,pooled,r2,0,0.4681340157985687,0
RIMONE_r2_Im202,pooled,r2,0,0.5841397047042847,1
RIMONE_r2_Im206,pooled,r2,0,0.4690520763397217,0
RIMONE_r2_Im208,pooled,r2,0,0.43540626764297485,0
RIMONE_r2_Im210,pooled,r2,0,0.359238862991333,0
RIMONE_r2_Im212,pooled,r2,0,0.3958790600299835,0
RIMONE_r2_Im214,pooled,r2,0,0.7547188997268677,1
RIMONE_r2_Im216,pooled,r2,0,0.3974382281303406,0
RIMONE_r2_Im218,pooled,r2,0,0.6412538290023804,1
RIMONE_r2_Im220,pooled,r2,0,0.5659992694854736,1
RIMONE_r2_Im222,pooled,r2,0,0.41312941908836365,0
RIMONE_r2_Im224,pooled,r2,0,0.5650872588157654,1
RIMONE_r2_Im226,pooled,r2,0,0.603606104850769,1
RIMONE_r2_Im228,pooled,r2,0,0.6471813917160034,1
RIMONE_r2_Im230,pooled,r2,0,0.5076245069503784,1
RIMONE_r2_Im232,pooled,r2,0,0.5278367400169373,1
RIMONE_r2_Im234,pooled,r2,0,0.42324620485305786,0
RIMONE_r2_Im236,pooled,r2,0,0.6606229543685913,1
RIMONE_r2_Im238,pooled,r2,0,0.40763887763023376,0
RIMONE_r2_Im240,pooled,r2,0,0.5727987885475159,1
RIMONE_r2_Im242,pooled,r2,0,0.5177451968193054,1
RIMONE_r2_Im244,pooled,r2,0,0.3958790600299835,0
RIMONE_r2_Im246,pooled,r2,0,0.6323869228363037,1
RIMONE_r2_Im248,pooled,r2,0,0.5182669758796692,1
RIMONE_r2_Im250,pooled,r2,0,0.5385796427726746,1
RIMONE_r2_Im252,pooled,r2,0,0.615301251411438,1
RIMONE_r2_Im254,pooled,r2,0,0.42741069197654724,0
RIMONE_r3_N-1-L_left_half,pooled,r3,0,0.5592753887176514,1
RIMONE_r3_N-10-R_left_half,pooled,r3,0,0.8378773927688599,1
RIMONE_r3_N-11-L_left_half,pooled,r3,0,0.6250680088996887,1
RIMONE_r3_N-12-R_left_half,pooled,r3,0,0.6921191215515137,1
RIMONE_r3_N-13-L_left_half,pooled,r3,0,0.9096670150756836,1
RIMONE_r3_N-14-R_left_half,pooled,r3,0,0.5108302235603333,1
RIMONE_r3_N-16-R_left_half,pooled,r3,0,0.5086389780044556,1
RIMONE_r3_N-17-L_left_half,pooled,r3,0,0.8423832058906555,1
RIMONE_r3_N-18-R_left_half,pooled,r3,0,0.5546900629997253,1
RIMONE_r3_N-2-R_left_half,pooled,r3,0,0.8979592323303223,1
RIMONE_r3_N-20-R_left_half,pooled,r3,0,0.39782392978668213,0
RIMONE_r3_N-21-L_left_half,pooled,r3,0,0.6356995701789856,1
RIMONE_r3_N-22-R_left_half,pooled,r3,0,0.6679440140724182,1
RIMONE_r3_N-23-L_left_half,pooled,r3,0,0.4834709167480469,0
RIMONE_r3_N-24-R_left_half,pooled,r3,0,0.6931459903717041,1
RIMONE_r3_N-25-L_left_half,pooled,r3,0,0.5690197348594666,1
RIMONE_r3_N-26-R_left_half,pooled,r3,0,0.4795990586280823,0
RIMONE_r3_N-27-L_left_half,pooled,r3,0,0.4576004147529602,0
RIMONE_r3_N-28-R_left_half,pooled,r3,0,0.41119688749313354,0
RIMONE_r3_N-29-L_left_half,pooled,r3,0,0.517840564250946,1
RIMONE_r3_N-3-L_left_half,pooled,r3,0,0.5512459874153137,1
RIMONE_r3_N-30-R_left_half,pooled,r3,0,0.7413957715034485,1
RIMONE_r3_N-31-L_left_half,pooled,r3,0,0.5512459874153137,1
RIMONE_r3_N-32-R_left_half,pooled,r3,0,0.5628865957260132,1
RIMONE_r3_N-33-L_left_half,pooled,r3,0,0.6565724611282349,1
RIMONE_r3_N-34-R_left_half,pooled,r3,0,0.7095447778701782,1
RIMONE_r3_N-35-L_left_half,pooled,r3,0,0.7033799886703491,1
RIMONE_r3_N-36-R_left_half,pooled,r3,0,0.5344873666763306,1
RIMONE_r3_N-37-L_left_half,pooled,r3,0,0.8479994535446167,1
RIMONE_r3_N-38-R_left_half,pooled,r3,0,0.7016123533248901,1
RIMONE_r3_N-39-L_left_half,pooled,r3,0,0.4329838752746582,0
RIMONE_r3_N-4-R_left_half,pooled,r3,0,0.5512459874153137,1
RIMONE_r3_N-40-R_left_half,pooled,r3,0,0.45252934098243713,0
RIMONE_r3_N-41-L_left_half,pooled,r3,0,0.6455522775650024,1
RIMONE_r3_N-42-R_left_half,pooled,r3,0,0.8047787547111511,1
RIMONE_r3_N-43-L_left_half,pooled,r3,0,0.7089208364486694,1
RIMONE_r3_N-44-R_left_half,pooled,r3,0,0.6688442230224609,1
RIMONE_r3_N-46-R_left_half,pooled,r3,0,0.5532505512237549,1
RIMONE_r3_N-47-L_left_half,pooled,r3,0,0.5072561502456665,1
RIMONE_r3_N-48-R_left_half,pooled,r3,0,0.7931399345397949,1
RIMONE_r3_N-49-L_left_half,pooled,r3,0,0.5683027505874634,1
RIMONE_r3_N-5-L_left_half,pooled,r3,0,0.3958790600299835,0
RIMONE_r3_N-50-R_left_half,pooled,r3,0,0.572998583316803,1
RIMONE_r3_N-51-L_left_half,pooled,r3,0,0.8632493019104004,1
RIMONE_r3_N-52-R_left_half,pooled,r3,0,0.8573119044303894,1
RIMONE_r3_N-53-L_left_half,pooled,r3,0,0.5483488440513611,1
RIMONE_r3_N-54-R_left_half,pooled,r3,0,0.5870915055274963,1
RIMONE_r3_N-55-L_left_half,pooled,r3,0,0.6982834935188293,1
RIMONE_r3_N-56-R_left_half,pooled,r3,0,0.7415050268173218,1
RIMONE_r3_N-58-R_left_half,pooled,r3,0,0.5047985315322876,1
RIMONE_r3_N-59-L_left_half,pooled,r3,0,0.7567635774612427,1
RIMONE_r3_N-6-R_left_half,pooled,r3,0,0.8421670794487,1
RIMONE_r3_N-61-L_left_half,pooled,r3,0,0.7974995374679565,1
RIMONE_r3_N-62-R_left_half,pooled,r3,0,0.5571752190589905,1
RIMONE_r3_N-63-L_left_half,pooled,r3,0,0.6949834227561951,1
RIMONE_r3_N-64-R_left_half,pooled,r3,0,0.6157594919204712,1
RIMONE_r3_N-65-L_left_half,pooled,r3,0,0.7757505178451538,1
RIMONE_r3_N-66-R_left_half,pooled,r3,0,0.5847517251968384,1
RIMONE_r3_N-67-L_left_half,pooled,r3,0,0.8468408584594727,1
RIMONE_r3_N-68-R_left_half,pooled,r3,0,0.8756958246231079,1
RIMONE_r3_N-69-L_left_half,pooled,r3,0,0.7397881746292114,1
RIMONE_r3_N-7-L_left_half,pooled,r3,0,0.506359338760376,1
RIMONE_r3_N-70-R_left_half,pooled,r3,0,0.7676986455917358,1
RIMONE_r3_N-71-L_left_half,pooled,r3,0,0.9192654490470886,1
RIMONE_r3_N-72-R_left_half,pooled,r3,0,0.45068565011024475,0
RIMONE_r3_N-73-R_left_half,pooled,r3,0,0.7906230688095093,1
RIMONE_r3_N-74-L_left_half,pooled,r3,0,0.5575850605964661,1
RIMONE_r3_N-75-R_left_half,pooled,r3,0,0.6336754560470581,1
RIMONE_r3_N-76-R_left_half,pooled,r3,0,0.6027673482894897,1
RIMONE_r3_N-78-R_left_half,pooled,r3,0,0.7598474025726318,1
RIMONE_r3_N-79-L_left_half,pooled,r3,0,0.4150894284248352,0
RIMONE_r3_N-8-L_left_half,pooled,r3,0,0.44246840476989746,0
RIMONE_r3_N-80-R_left_half,pooled,r3,0,0.5204974412918091,1
RIMONE_r3_N-81-L_left_half,pooled,r3,0,0.7425410151481628,1
RIMONE_r3_N-82-R_left_half,pooled,r3,0,0.7544482350349426,1
RIMONE_r3_N-83-L_left_half,pooled,r3,0,0.2396763265132904,0
RIMONE_r3_N-84-R_left_half,pooled,r3,0,0.6565020680427551,1
RIMONE_r3_N-85-L_left_half,pooled,r3,0,0.4812594950199127,0
RIMONE_r3_N-86-R_left_half,pooled,r3,0,0.6395922303199768,1
RIMONE_r3_N-87-L_left_half,pooled,r3,0,0.7573624849319458,1
RIMONE_r3_N-88-R_left_half,pooled,r3,0,0.5793911814689636,1
RIMONE_r3_N-9-L_left_half,pooled,r3,0,0.48370829224586487,0
RIMONE_r3_N-90-R_left_half,pooled,r3,0,0.5999401211738586,1
RIMONE_r3_N-91-L_left_half,pooled,r3,0,0.8156560063362122,1
RIMONE_r3_N-92-R_left_half,pooled,r3,0,0.7416044473648071,1
