image_id,outer_fold,hospital,y_true,y_prob,y_pred
RIMONE_r1_Im069,0,r1,1,0.5544642857142856,1
RIMONE_r1_Im103,0,r1,1,0.5895714285714286,1
RIMONE_r1_Im113,0,r1,1,0.5832380952380953,1
RIMONE_r1_Im117,0,r1,1,0.5951190476190477,1
RIMONE_r1_Im118,0,r1,1,0.46382539682539703,0
RIMONE_r1_Im120,0,r1,1,0.5372467532467532,1
RIMONE_r1_Im121,0,r1,1,0.6153733766233767,1
RIMONE_r1_Im122,0,r1,1,0.563797619047619,1
RIMONE_r1_Im135,0,r1,1,0.5971587301587302,1
RIMONE_r1_Im144,0,r1,1,0.5817543290043291,1
RIMONE_r1_Im158,0,r1,1,0.5539588744588745,1
RIMONE_r1_Im167,0,r1,1,0.5845714285714286,1
RIMONE_r2_Im257,0,r2,1,0.6200281385281385,1
RIMONE_r2_Im258,0,r2,1,0.6149152236652238,1
RIMONE_r2_Im260,0,r2,1,0.6038329725829727,1
RIMONE_r2_Im263,0,r2,1,0.5948452380952381,1
RIMONE_r2_Im264,0,r2,1,0.6534642857142857,1
RIMONE_r2_Im266,0,r2,1,0.5805140692640692,1
RIMONE_r2_Im267,0,r2,1,0.5804642857142859,1
RIMONE_r2_Im268,0,r2,1,0.6258333333333335,1
RIMONE_r2_Im269,0,r2,1,0.664767316017316,1
RIMONE_r2_Im270,0,r2,1,0.5396309523809523,1
RIMONE_r2_Im273,0,r2,1,0.5194642857142856,1
RIMONE_r2_Im275,0,r2,1,0.5863971861471861,1
RIMONE_r2_Im277,0,r2,1,0.6039942279942281,1
RIMONE_r2_Im281,0,r2,1,0.5045000555000554,1
RIMONE_r2_Im287,0,r2,1,0.621861471861472,1
RIMONE_r2_Im288,0,r2,1,0.6305400432900433,1
RIMONE_r2_Im289,0,r2,1,0.5307640692640693,1
RIMONE_r2_Im290,0,r2,1,0.5654920634920636,1
RIMONE_r2_Im291,0,r2,1,0.5931309523809523,1
RIMONE_r2_Im292,0,r2,1,0.5923214285714287,1
RIMONE_r2_Im293,0,r2,1,0.5532582972582972,1
RIMONE_r2_Im294,0,r2,1,0.5358214285714287,1
RIMONE_r2_Im301,0,r2,1,0.6270000000000001,1
RIMONE_r2_Im302,0,r2,1,0.647952380952381,1
RIMONE_r2_Im303,0,r2,1,0.5888214285714287,1
RIMONE_r2_Im305,0,r2,1,0.6058214285714287,1
RIMONE_r2_Im314,0,r2,1,0.5495678210678212,1
RIMONE_r2_Im315,0,r2,1,0.5382821067821069,1
RIMONE_r2_Im317,0,r2,1,0.6097777777777779,1
RIMONE_r2_Im318,0,r2,1,0.6370898268398268,1
RIMONE_r2_Im319,0,r2,1,0.616297619047619,1
RIMONE_r2_Im320,0,r2,1,0.6343914141414142,1
RIMONE_r2_Im321,0,r2,1,0.6635281385281385,1
RIMONE_r2_Im324,0,r2,1,0.6409642857142858,1
RIMONE_r2_Im329,0,r2,1,0.5671309523809523,1
RIMONE_r2_Im330,0,r2,1,0.6243733766233767,1
RIMONE_r2_Im331,0,r2,1,0.6038329725829727,1
RIMONE_r2_Im332,0,r2,1,0.5965140692640694,1
RIMONE_r2_Im333,0,r2,1,0.6092976190476191,1
RIMONE_r2_Im334,0,r2,1,0.6137878787878788,1
RIMONE_r2_Im338,0,r2,1,0.6529231601731601,1
RIMONE_r2_Im339,0,r2,1,0.5633452380952381,1
RIMONE_r2_Im343,0,r2,1,0.6352564935064936,1
RIMONE_r2_Im344,0,r2,1,0.6194170274170275,1
RIMONE_r1_Im001,0,r1,0,0.6328199855699856,1
RIMONE_r1_Im003,0,r1,0,0.6127575757575757,1
RIMONE_r1_Im004,0,r1,0,0.6028733766233766,1
RIMONE_r1_Im006,0,r1,0,0.6315303030303031,1
RIMONE_r1_Im008,0,r1,0,0.6017207792207793,1
RIMONE_r1_Im011,0,r1,0,0.6496374458874459,1
RIMONE_r1_Im012,0,r1,0,0.6148636363636364,1
RIMONE_r1_Im014,0,r1,0,0.5800119047619048,1
RIMONE_r1_Im015,0,r1,0,0.5749404761904762,1
RIMONE_r1_Im019,0,r1,0,0.5550757575757577,1
RIMONE_r1_Im020,0,r1,0,0.5853080808080808,1
RIMONE_r1_Im022,0,r1,0,0.6303733766233767,1
RIMONE_r1_Im023,0,r1,0,0.6303733766233767,1
RIMONE_r1_Im024,0,r1,0,0.6329707792207793,1
RIMONE_r1_Im025,0,r1,0,0.6541742424242425,1
RIMONE_r1_Im026,0,r1,0,0.6507564935064934,1
RIMONE_r1_Im027,0,r1,0,0.6407564935064936,1
RIMONE_r1_Im028,0,r1,0,0.5396309523809523,1
RIMONE_r1_Im029,0,r1,0,0.5976309523809523,1
RIMONE_r1_Im031,0,r1,0,0.6124469696969698,1
RIMONE_r1_Im032,0,r1,0,0.6473170995670995,1
RIMONE_r1_Im033,0,r1,0,0.6370898268398268,1
RIMONE_r1_Im036,0,r1,0,0.5397738095238095,1
RIMONE_r1_Im037,0,r1,0,0.5384642857142857,1
RIMONE_r1_Im040,0,r1,0,0.6024902597402597,1
RIMONE_r1_Im041,0,r1,0,0.560200937950938,1
RIMONE_r1_Im042,0,r1,0,0.5676233766233767,1
RIMONE_r1_Im046,0,r1,0,0.5821544011544014,1
RIMONE_r1_Im047,0,r1,0,0.6244004329004329,1
RIMONE_r1_Im050,0,r1,0,0.515329725829726,1
RIMONE_r1_Im052,0,r1,0,0.6276915584415584,1
RIMONE_r1_Im054,0,r1,0,0.5590119047619047,1
RIMONE_r1_Im055,0,r1,0,0.5269642857142857,1
RIMONE_r1_Im056,0,r1,0,0.5369642857142857,1
RIMONE_r1_Im057,0,r1,0,0.6273170995670996,1
RIMONE_r1_Im058,0,r1,0,0.6370898268398268,1
RIMONE_r1_Im059,0,r1,0,0.6504231601731603,1
RIMONE_r1_Im060,0,r1,0,0.6153733766233767,1
RIMONE_r1_Im061,0,r1,0,0.6429707792207793,1
RIMONE_r1_Im062,0,r1,0,0.581797619047619,1
RIMONE_r1_Im063,0,r1,0,0.6303733766233767,1
RIMONE_r1_Im071,0,r1,0,0.5789339826839828,1
RIMONE_r1_Im072,0,r1,0,0.6387803030303031,1
RIMONE_r1_Im073,0,r1,0,0.6337803030303031,1
RIMONE_r1_Im080,0,r1,0,0.5483333333333335,1
RIMONE_r1_Im082,0,r1,0,0.5548376623376623,1
RIMONE_r1_Im086,0,r1,0,0.637047619047619,1
RIMONE_r1_Im087,0,r1,0,0.47051984126984114,0
RIMONE_r1_Im095,0,r1,0,0.6427088744588745,1
RIMONE_r1_Im107,0,r1,0,0.5477063492063494,1
RIMONE_r1_Im108,0,r1,0,0.6055400432900433,1
RIMONE_r1_Im115,0,r1,0,0.5633614718614719,1
RIMONE_r1_Im116,0,r1,0,0.5409289321789321,1
RIMONE_r1_Im119,0,r1,0,0.6389761904761906,1
RIMONE_r1_Im125,0,r1,0,0.47927777777777775,0
RIMONE_r1_Im127,0,r1,0,0.5755400432900433,1
RIMONE_r1_Im128,0,r1,0,0.5988679653679655,1
RIMONE_r1_Im129,0,r1,0,0.5401865079365078,1
RIMONE_r1_Im130,0,r1,0,0.5879112554112554,1
RIMONE_r1_Im131,0,r1,0,0.4874642857142856,0
RIMONE_r1_Im132,0,r1,0,0.6517673160173161,1
RIMONE_r1_Im133,0,r1,0,0.6130400432900432,1
RIMONE_r1_Im136,0,r1,0,0.5237896825396827,1
RIMONE_r1_Im137,0,r1,0,0.598154761904762,1
RIMONE_r1_Im138,0,r1,0,0.4994960317460317,0
RIMONE_r1_Im142,0,r1,0,0.5778571428571428,1
RIMONE_r1_Im143,0,r1,0,0.6751666666666668,1
RIMONE_r1_Im145,0,r1,0,0.6420714285714285,1
RIMONE_r1_Im146,0,r1,0,0.5517900432900434,1
RIMONE_r1_Im149,0,r1,0,0.47821031746031734,0
RIMONE_r1_Im150,0,r1,0,0.5057539682539683,1
RIMONE_r1_Im151,0,r1,0,0.6075876623376624,1
RIMONE_r1_Im152,0,r1,0,0.6489166666666668,1
RIMONE_r1_Im153,0,r1,0,0.6536612554112554,1
RIMONE_r1_Im154,0,r1,0,0.5540043290043289,1
RIMONE_r1_Im155,0,r1,0,0.6164945887445888,1
RIMONE_r1_Im156,0,r1,0,0.620754329004329,1
RIMONE_r1_Im159,0,r1,0,0.5482864357864359,1
RIMONE_r1_Im161,0,r1,0,0.5685714285714285,1
RIMONE_r1_Im162,0,r1,0,0.6228809523809524,1
RIMONE_r1_Im163,0,r1,0,0.595897186147186,1
RIMONE_r1_Im164,0,r1,0,0.5696948051948052,1
RIMONE_r1_Im165,0,r1,0,0.4535595238095238,0
RIMONE_r1_Im166,0,r1,0,0.5217738095238096,1
RIMONE_r1_Im168,0,r1,0,0.5839523809523809,1
RIMONE_r1_Im169,0,r1,0,0.5758531746031745,1
RIMONE_r2_Im001,0,r2,0,0.5884523809523812,1
RIMONE_r2_Im002,0,r2,0,0.620767316017316,1
RIMONE_r2_Im003,0,r2,0,0.6035898268398269,1
RIMONE_r2_Im004,0,r2,0,0.6370898268398268,1
RIMONE_r2_Im005,0,r2,0,0.6202056277056278,1
RIMONE_r2_Im006,0,r2,0,0.6504231601731603,1
RIMONE_r2_Im007,0,r2,0,0.6343091630591633,1
RIMONE_r2_Im009,0,r2,0,0.6415400432900432,1
RIMONE_r2_Im010,0,r2,0,0.5760238095238097,1
RIMONE_r2_Im011,0,r2,0,0.6027186147186149,1
RIMONE_r2_Im012,0,r2,0,0.6395898268398269,1
RIMONE_r2_Im013,0,r2,0,0.587403318903319,1
RIMONE_r2_Im014,0,r2,0,0.6212564935064936,1
RIMONE_r2_Im015,0,r2,0,0.6070400432900432,1
RIMONE_r2_Im016,0,r2,0,0.6310400432900434,1
RIMONE_r2_Im017,0,r2,0,0.6539123376623377,1
RIMONE_r2_Im018,0,r2,0,0.6078639971139972,1
RIMONE_r2_Im019,0,r2,0,0.6003452380952381,1
RIMONE_r2_Im020,0,r2,0,0.6130400432900432,1
RIMONE_r2_Im021,0,r2,0,0.5301071428571429,1
RIMONE_r2_Im022,0,r2,0,0.6173214285714286,1
RIMONE_r2_Im023,0,r2,0,0.5124642857142856,1
RIMONE_r2_Im024,0,r2,0,0.5431785714285714,1
RIMONE_r2_Im025,0,r2,0,0.6243733766233767,1
RIMONE_r2_Im026,0,r2,0,0.6243733766233767,1
RIMONE_r2_Im027,0,r2,0,0.6429707792207793,1
RIMONE_r2_Im028,0,r2,0,0.6303733766233767,1
RIMONE_r2_Im029,0,r2,0,0.507829725829726,1
RIMONE_r2_Im030,0,r2,0,0.6432564935064934,1
RIMONE_r2_Im031,0,r2,0,0.6165699855699858,1
RIMONE_r2_Im032,0,r2,0,0.6045400432900433,1
RIMONE_r2_Im033,0,r2,0,0.544978354978355,1
RIMONE_r2_Im347,0,r2,1,0.5406984126984129,1
RIMONE_r2_Im348,0,r2,1,0.6069642857142857,1
RIMONE_r2_Im351,0,r2,1,0.5476587301587303,1
RIMONE_r2_Im352,0,r2,1,0.49927777777777793,0
RIMONE_r2_Im354,0,r2,1,0.5313928571428572,1
RIMONE_r2_Im355,0,r2,1,0.5284404761904762,1
RIMONE_r2_Im356,0,r2,1,0.5643928571428573,1
RIMONE_r2_Im357,0,r2,1,0.6261785714285716,1
RIMONE_r2_Im358,0,r2,1,0.5851233766233769,1
RIMONE_r2_Im362,0,r2,1,0.5490616883116884,1
RIMONE_r2_Im365,0,r2,1,0.5139642857142857,1
RIMONE_r2_Im366,0,r2,1,0.5476666666666667,1
RIMONE_r2_Im369,0,r2,1,0.5171471861471862,1
RIMONE_r2_Im373,0,r2,1,0.570404761904762,1
RIMONE_r2_Im376,0,r2,1,0.6213733766233767,1
RIMONE_r2_Im377,0,r2,1,0.6285281385281385,1
RIMONE_r2_Im383,0,r2,1,0.6153733766233767,1
RIMONE_r2_Im384,0,r2,1,0.5845714285714286,1
RIMONE_r2_Im385,0,r2,1,0.5501666666666667,1
RIMONE_r2_Im387,0,r2,1,0.6510000000000001,1
RIMONE_r2_Im388,0,r2,1,0.5845714285714286,1
RIMONE_r2_Im389,0,r2,1,0.5774285714285715,1
RIMONE_r2_Im390,0,r2,1,0.5400238095238096,1
RIMONE_r2_Im391,0,r2,1,0.5466309523809525,1
RIMONE_r2_Im392,0,r2,1,0.5845714285714286,1
RIMONE_r2_Im393,0,r2,1,0.6334924242424242,1
RIMONE_r2_Im398,0,r2,1,0.5212821067821068,1
RIMONE_r2_Im399,0,r2,1,0.5432864357864359,1
RIMONE_r2_Im400,0,r2,1,0.5375238095238096,1
RIMONE_r2_Im401,0,r2,1,0.5671071428571429,1
RIMONE_r2_Im402,0,r2,1,0.4949444444444444,0
RIMONE_r2_Im403,0,r2,1,0.5439404761904761,1
RIMONE_r2_Im404,0,r2,1,0.5400238095238096,1
RIMONE_r2_Im406,0,r2,1,0.5304642857142856,1
RIMONE_r2_Im407,0,r2,1,0.6068333333333333,1
RIMONE_r2_Im408,0,r2,1,0.6267207792207793,1
RIMONE_r2_Im414,0,r2,1,0.6269523809523809,1
RIMONE_r2_Im415,0,r2,1,0.6057543290043291,1
RIMONE_r2_Im416,0,r2,1,0.5345674603174603,1
RIMONE_r2_Im418,0,r2,1,0.531107142857143,1
RIMONE_r2_Im419,0,r2,1,0.6516742424242424,1
RIMONE_r2_Im420,0,r2,1,0.611637445887446,1
RIMONE_r2_Im421,0,r2,1,0.659267316017316,1
RIMONE_r2_Im422,0,r2,1,0.5510757575757578,1
RIMONE_r2_Im424,0,r2,1,0.5834209956709957,1
RIMONE_r2_Im427,0,r2,1,0.5269444444444445,1
RIMONE_r2_Im428,0,r2,1,0.5085595238095239,1
RIMONE_r2_Im429,0,r2,1,0.537345238095238,1
RIMONE_r2_Im432,0,r2,1,0.5733556998557,1
RIMONE_r2_Im433,0,r2,1,0.6568614718614719,1
RIMONE_r2_Im436,0,r2,1,0.5635779220779221,1
RIMONE_r2_Im439,0,r2,1,0.5155595238095239,1
RIMONE_r2_Im441,0,r2,1,0.5217738095238096,1
RIMONE_r2_Im442,0,r2,1,0.5237738095238096,1
RIMONE_r2_Im443,0,r2,1,0.5856904761904762,1
RIMONE_r2_Im444,0,r2,1,0.5765714285714286,1
RIMONE_r2_Im445,0,r2,1,0.5269642857142857,1
RIMONE_r2_Im448,0,r2,1,0.641654761904762,1
RIMONE_r2_Im449,0,r2,1,0.6193333333333334,1
RIMONE_r2_Im450,0,r2,1,0.60095670995671,1
RIMONE_r2_Im451,0,r2,1,0.5604404761904763,1
RIMONE_r2_Im453,0,r2,1,0.5919632034632035,1
RIMONE_r2_Im454,0,r2,1,0.508361471861472,1
RIMONE_r2_Im455,0,r2,1,0.6195281385281386,1
RIMONE_r3_G-1-L_left_half,0,r3,1,0.5468928571428571,1
RIMONE_r3_G-10-L_left_half,0,r3,1,0.7906392496392498,1
RIMONE_r3_G-11-R_left_half,0,r3,1,0.684107142857143,1
RIMONE_r3_G-12-L_left_half,0,r3,1,0.46411111111111114,0
RIMONE_r3_G-13-R_left_half,0,r3,1,0.687638888888889,1
RIMONE_r3_G-14-R_left_half,0,r3,1,0.5179642857142855,1
RIMONE_r3_G-15-L_left_half,0,r3,1,0.5199166666666667,1
RIMONE_r3_G-16-R_left_half,0,r3,1,0.5468928571428571,1
RIMONE_r3_G-17-L_left_half,0,r3,1,0.5123253968253969,1
RIMONE_r3_G-18-R_left_half,0,r3,1,0.5851309523809524,1
RIMONE_r3_G-2-R_left_half,0,r3,1,0.5350238095238096,1
RIMONE_r3_G-22-L_left_half,0,r3,1,0.6723690476190478,1
RIMONE_r3_G-23-R_left_half,0,r3,1,0.520861471861472,1
RIMONE_r3_G-25-L_left_half,0,r3,1,0.5467900432900434,1
RIMONE_r3_G-27-R_left_half,0,r3,1,0.5992900432900434,1
RIMONE_r3_G-29-R_left_half,0,r3,1,0.5324880952380953,1
RIMONE_r3_G-3-R_left_half,0,r3,1,0.6532463924963926,1
RIMONE_r3_G-30-L_left_half,0,r3,1,0.6192900432900434,1
RIMONE_r3_G-31-R_left_half,0,r3,1,0.6698968253968255,1
RIMONE_r3_G-32-L_left_half,0,r3,1,0.6029007936507937,1
RIMONE_r3_G-33-R_left_half,0,r3,1,0.5970400432900432,1
RIMONE_r3_G-34-L_left_half,0,r3,1,0.5887900432900434,1
RIMONE_r3_G-35-R_left_half,0,r3,1,0.5451309523809523,1
RIMONE_r3_G-37-R_left_half,0,r3,1,0.6224567099567101,1
RIMONE_r3_G-38-L_left_half,0,r3,1,0.589904761904762,1
RIMONE_r3_G-39-L_left_half,0,r3,1,0.41376623376623384,0
RIMONE_r3_G-6-L_left_half,0,r3,1,0.5200393772893773,1
RIMONE_r3_G-8-R_left_half,0,r3,1,0.6568733766233765,1
RIMONE_r3_G-9-R_left_half,0,r3,1,0.589904761904762,1
RIMONE_r3_S-1-L_left_half,0,r3,1,0.5147976190476189,1
RIMONE_r3_S-10-R_left_half,0,r3,1,0.6987940115440116,1
RIMONE_r3_S-11-L_left_half,0,r3,1,0.576004329004329,1
RIMONE_r3_S-12-L_left_half,0,r3,1,0.7832344877344878,1
RIMONE_r3_S-13-R_left_half,0,r3,1,0.6772380952380953,1
RIMONE_r3_S-14-R_left_half,0,r3,1,0.535690476190476,1
RIMONE_r3_S-18-L_left_half,0,r3,1,0.551797619047619,1
RIMONE_r3_S-19-R_left_half,0,r3,1,0.5405119047619047,1
RIMONE_r3_S-2-L_left_half,0,r3,1,0.5546309523809523,1
RIMONE_r3_S-20-L_left_half,0,r3,1,0.6295714285714287,1
RIMONE_r3_S-21-R_left_half,0,r3,1,0.6090519480519482,1
RIMONE_r3_S-25-L_left_half,0,r3,1,0.7180241702741702,1
RIMONE_r3_S-26-R_left_half,0,r3,1,0.636909090909091,1
RIMONE_r3_S-28-R_left_half,0,r3,1,0.5417900432900434,1
RIMONE_r3_S-29-R_left_half,0,r3,1,0.5439404761904761,1
RIMONE_r3_S-30-L_left_half,0,r3,1,0.6303733766233767,1
RIMONE_r3_S-31-L_left_half,0,r3,1,0.5417976190476189,1
RIMONE_r3_S-32-L_left_half,0,r3,1,0.6004642857142857,1
RIMONE_r3_S-33-R_left_half,0,r3,1,0.5297738095238096,1
RIMONE_r3_S-35-R_left_half,0,r3,1,0.6052261904761906,1
RIMONE_r3_S-4-L_left_half,0,r3,1,0.7619249639249639,1
RIMONE_r3_S-6-R_left_half,0,r3,1,0.5760634920634924,1
RIMONE_r3_S-9-L_left_half,0,r3,1,0.7447463924963924,1
RIMONE_r2_Im034,0,r2,0,0.6213733766233767,1
RIMONE_r2_Im036,0,r2,0,0.6128733766233766,1
RIMONE_r2_Im038,0,r2,0,0.6370400432900434,1
RIMONE_r2_Im040,0,r2,0,0.5181547619047618,1
RIMONE_r2_Im042,0,r2,0,0.5239960317460318,1
RIMONE_r2_Im044,0,r2,0,0.6488409090909092,1
RIMONE_r2_Im046,0,r2,0,0.6287575757575757,1
RIMONE_r2_Im048,0,r2,0,0.5697142857142858,1
RIMONE_r2_Im050,0,r2,0,0.6213733766233767,1
RIMONE_r2_Im052,0,r2,0,0.5104642857142856,1
RIMONE_r2_Im054,0,r2,0,0.589297619047619,1
RIMONE_r2_Im056,0,r2,0,0.5385119047619048,1
RIMONE_r2_Im058,0,r2,0,0.6462445887445887,1
RIMONE_r2_Im060,0,r2,0,0.6213733766233767,1
RIMONE_r2_Im062,0,r2,0,0.5815400432900433,1
RIMONE_r2_Im064,0,r2,0,0.6153733766233767,1
RIMONE_r2_Im066,0,r2,0,0.5075634920634922,1
RIMONE_r2_Im068,0,r2,0,0.5995400432900433,1
RIMONE_r2_Im070,0,r2,0,0.6130400432900432,1
RIMONE_r2_Im072,0,r2,0,0.5671309523809523,1
RIMONE_r2_Im074,0,r2,0,0.5909707792207793,1
RIMONE_r2_Im076,0,r2,0,0.5867543290043291,1
RIMONE_r2_Im078,0,r2,0,0.6243733766233767,1
RIMONE_r2_Im080,0,r2,0,0.5753733766233766,1
RIMONE_r2_Im082,0,r2,0,0.5466904761904763,1
RIMONE_r2_Im084,0,r2,0,0.5797142857142858,1
RIMONE_r2_Im086,0,r2,0,0.6218733766233767,1
RIMONE_r2_Im088,0,r2,0,0.6007543290043291,1
RIMONE_r2_Im090,0,r2,0,0.6066309523809523,1
RIMONE_r2_Im092,0,r2,0,0.6282305194805196,1
RIMONE_r2_Im094,0,r2,0,0.5272103174603173,1
RIMONE_r2_Im096,0,r2,0,0.6303733766233767,1
RIMONE_r2_Im098,0,r2,0,0.5751785714285714,1
RIMONE_r2_Im100,0,r2,0,0.581797619047619,1
RIMONE_r2_Im102,0,r2,0,0.6167207792207793,1
RIMONE_r2_Im104,0,r2,0,0.6213733766233767,1
RIMONE_r2_Im106,0,r2,0,0.5228531746031745,1
RIMONE_r2_Im108,0,r2,0,0.6213733766233767,1
RIMONE_r2_Im110,0,r2,0,0.5795400432900433,1
RIMONE_r2_Im112,0,r2,0,0.6193279220779222,1
RIMONE_r2_Im114,0,r2,0,0.6260400432900434,1
RIMONE_r2_Im116,0,r2,0,0.629637445887446,1
RIMONE_r2_Im118,0,r2,0,0.5875400432900433,1
RIMONE_r2_Im120,0,r2,0,0.6303733766233767,1
RIMONE_r2_Im122,0,r2,0,0.6478733766233766,1
RIMONE_r2_Im124,0,r2,0,0.5724642857142856,1
RIMONE_r2_Im126,0,r2,0,0.5001154401154403,1
RIMONE_r2_Im128,0,r2,0,0.6243733766233767,1
RIMONE_r2_Im130,0,r2,0,0.6303733766233767,1
RIMONE_r2_Im132,0,r2,0,0.6397673160173161,1
RIMONE_r2_Im134,0,r2,0,0.5971948051948052,1
RIMONE_r2_Im136,0,r2,0,0.6055400432900433,1
RIMONE_r2_Im138,0,r2,0,0.5730043290043291,1
RIMONE_r2_Im140,0,r2,0,0.5444642857142856,1
RIMONE_r2_Im142,0,r2,0,0.6303733766233767,1
RIMONE_r2_Im144,0,r2,0,0.6507543290043291,1
RIMONE_r2_Im146,0,r2,0,0.6244004329004329,1
RIMONE_r2_Im148,0,r2,0,0.6213733766233767,1
RIMONE_r2_Im150,0,r2,0,0.6153733766233767,1
RIMONE_r2_Im152,0,r2,0,0.6303733766233767,1
RIMONE_r2_Im154,0,r2,0,0.5795400432900433,1
RIMONE_r2_Im156,0,r2,0,0.6303733766233767,1
RIMONE_r2_Im158,0,r2,0,0.6130400432900432,1
RIMONE_r2_Im160,0,r2,0,0.6303733766233767,1
RIMONE_r2_Im162,0,r2,0,0.515297619047619,1
RIMONE_r2_Im164,0,r2,0,0.5067777777777779,1
RIMONE_r2_Im166,0,r2,0,0.6716612554112554,1
RIMONE_r2_Im168,0,r2,0,0.6140465367965369,1
RIMONE_r2_Im170,0,r2,0,0.6075400432900433,1
RIMONE_r2_Im172,0,r2,0,0.6055400432900433,1
RIMONE_r2_Im174,0,r2,0,0.6208614718614719,1
RIMONE_r2_Im176,0,r2,0,0.546004329004329,1
RIMONE_r2_Im178,0,r2,0,0.6055400432900433,1
RIMONE_r2_Im180,0,r2,0,0.5539246031746031,1
RIMONE_r2_Im182,0,r2,0,0.6141731601731603,1
RIMONE_r2_Im184,0,r2,0,0.6540876623376625,1
RIMONE_r2_Im186,0,r2,0,0.6243733766233767,1
RIMONE_r2_Im188,0,r2,0,0.49735714285714294,0
RIMONE_r2_Im190,0,r2,0,0.6277445887445888,1
RIMONE_r2_Im192,0,r2,0,0.6055400432900433,1
RIMONE_r2_Im194,0,r2,0,0.5990876623376624,1
RIMONE_r2_Im196,0,r2,0,0.6303733766233767,1
RIMONE_r2_Im198,0,r2,0,0.6303733766233767,1
RIMONE_r2_Im200,0,r2,0,0.5897543290043291,1
RIMONE_r2_Im202,0,r2,0,0.5085595238095239,1
RIMONE_r2_Im206,0,r2,0,0.5486309523809523,1
RIMONE_r2_Im208,0,r2,0,0.5995400432900433,1
RIMONE_r2_Im210,0,r2,0,0.5995400432900433,1
RIMONE_r2_Im212,0,r2,0,0.6303733766233767,1
RIMONE_r2_Im214,0,r2,0,0.6275021645021645,1
RIMONE_r2_Im216,0,r2,0,0.6243733766233767,1
RIMONE_r2_Im218,0,r2,0,0.6669945887445887,1
RIMONE_r2_Im220,0,r2,0,0.5250238095238096,1
RIMONE_r2_Im222,0,r2,0,0.6051309523809523,1
RIMONE_r2_Im224,0,r2,0,0.6517673160173161,1
RIMONE_r2_Im226,0,r2,0,0.5697142857142858,1
RIMONE_r2_Im228,0,r2,0,0.5576666666666668,1
RIMONE_r2_Im230,0,r2,0,0.5331277056277057,1
RIMONE_r2_Im232,0,r2,0,0.5459285714285713,1
RIMONE_r2_Im234,0,r2,0,0.5995400432900433,1
RIMONE_r2_Im236,0,r2,0,0.6363041125541126,1
RIMONE_r2_Im238,0,r2,0,0.5753733766233765,1
RIMONE_r2_Im240,0,r2,0,0.5608376623376623,1
RIMONE_r2_Im242,0,r2,0,0.5674642857142856,1
RIMONE_r2_Im244,0,r2,0,0.6303733766233767,1
RIMONE_r2_Im246,0,r2,0,0.620754329004329,1
RIMONE_r2_Im248,0,r2,0,0.5397738095238095,1
RIMONE_r2_Im250,0,r2,0,0.5409920634920636,1
RIMONE_r2_Im252,0,r2,0,0.5834285714285714,1
RIMONE_r2_Im254,0,r2,0,0.6149339826839827,1
RIMONE_r3_N-1-L_left_half,0,r3,0,0.4967738095238095,0
RIMONE_r3_N-10-R_left_half,0,r3,0,0.6283809523809525,1
RIMONE_r3_N-11-L_left_half,0,r3,0,0.5339963924963925,1
RIMONE_r3_N-12-R_left_half,0,r3,0,0.5220916305916308,1
RIMONE_r3_N-13-L_left_half,0,r3,0,0.619409090909091,1
RIMONE_r3_N-14-R_left_half,0,r3,0,0.5559642857142856,1
RIMONE_r3_N-16-R_left_half,0,r3,0,0.5294404761904761,1
RIMONE_r3_N-17-L_left_half,0,r3,0,0.5844880952380953,1
RIMONE_r3_N-18-R_left_half,0,r3,0,0.5940400432900433,1
RIMONE_r3_N-2-R_left_half,0,r3,0,0.6470714285714285,1
RIMONE_r3_N-20-R_left_half,0,r3,0,0.6303733766233767,1
RIMONE_r3_N-21-L_left_half,0,r3,0,0.6357766955266957,1
RIMONE_r3_N-22-R_left_half,0,r3,0,0.6404628427128429,1
RIMONE_r3_N-23-L_left_half,0,r3,0,0.5529642857142857,1
RIMONE_r3_N-24-R_left_half,0,r3,0,0.5579011544011544,1
RIMONE_r3_N-25-L_left_half,0,r3,0,0.5393928571428571,1
RIMONE_r3_N-26-R_left_half,0,r3,0,0.5444642857142856,1
RIMONE_r3_N-27-L_left_half,0,r3,0,0.6024642857142857,1
RIMONE_r3_N-28-R_left_half,0,r3,0,0.6243733766233767,1
RIMONE_r3_N-29-L_left_half,0,r3,0,0.5046865079365078,1
RIMONE_r3_N-3-L_left_half,0,r3,0,0.6055400432900433,1
RIMONE_r3_N-30-R_left_half,0,r3,0,0.6111190476190477,1
RIMONE_r3_N-31-L_left_half,0,r3,0,0.6303733766233767,1
RIMONE_r3_N-32-R_left_half,0,r3,0,0.5948733766233766,1
RIMONE_r3_N-33-L_left_half,0,r3,0,0.5329404761904761,1
RIMONE_r3_N-34-R_left_half,0,r3,0,0.5350238095238096,1
RIMONE_r3_N-35-L_left_half,0,r3,0,0.5501666666666667,1
RIMONE_r3_N-36-R_left_half,0,r3,0,0.5297738095238096,1
RIMONE_r3_N-37-L_left_half,0,r3,0,0.640827922077922,1
RIMONE_r3_N-38-R_left_half,0,r3,0,0.5486237373737375,1
RIMONE_r3_N-39-L_left_half,0,r3,0,0.4933968253968255,0
RIMONE_r3_N-4-R_left_half,0,r3,0,0.6213733766233767,1
RIMONE_r3_N-40-R_left_half,0,r3,0,0.5175955988455988,1
RIMONE_r3_N-41-L_left_half,0,r3,0,0.5243531746031745,1
RIMONE_r3_N-42-R_left_half,0,r3,0,0.5580238095238096,1
RIMONE_r3_N-43-L_left_half,0,r3,0,0.6011948051948052,1
RIMONE_r3_N-44-R_left_half,0,r3,0,0.5836709956709957,1
RIMONE_r3_N-46-R_left_half,0,r3,0,0.5134487734487735,1
RIMONE_r3_N-47-L_left_half,0,r3,0,0.5329404761904761,1
RIMONE_r3_N-48-R_left_half,0,r3,0,0.5662463924963926,1
RIMONE_r3_N-49-L_left_half,0,r3,0,0.6055400432900433,1
RIMONE_r3_N-5-L_left_half,0,r3,0,0.6303733766233767,1
RIMONE_r3_N-50-R_left_half,0,r3,0,0.6055400432900433,1
RIMONE_r3_N-51-L_left_half,0,r3,0,0.7711551226551226,1
RIMONE_r3_N-52-R_left_half,0,r3,0,0.6274567099567101,1
RIMONE_r3_N-53-L_left_half,0,r3,0,0.5313928571428572,1
RIMONE_r3_N-54-R_left_half,0,r3,0,0.5313928571428572,1
RIMONE_r3_N-55-L_left_half,0,r3,0,0.5501666666666667,1
RIMONE_r3_N-56-R_left_half,0,r3,0,0.5845714285714286,1
RIMONE_r3_N-58-R_left_half,0,r3,0,0.5396309523809523,1
RIMONE_r3_N-59-L_left_half,0,r3,0,0.6377088744588746,1
RIMONE_r3_N-6-R_left_half,0,r3,0,0.6021948051948052,1
RIMONE_r3_N-61-L_left_half,0,r3,0,0.6187900432900434,1
RIMONE_r3_N-62-R_left_half,0,r3,0,0.6172067099567101,1
RIMONE_r3_N-63-L_left_half,0,r3,0,0.5469484126984128,1
RIMONE_r3_N-64-R_left_half,0,r3,0,0.5384642857142857,1
RIMONE_r3_N-65-L_left_half,0,r3,0,0.606952380952381,1
RIMONE_r3_N-66-R_left_half,0,r3,0,0.5945476190476193,1
RIMONE_r3_N-67-L_left_half,0,r3,0,0.6141233766233767,1
RIMONE_r3_N-68-R_left_half,0,r3,0,0.6123809523809524,1
RIMONE_r3_N-69-L_left_half,0,r3,0,0.5408809523809525,1
RIMONE_r3_N-7-L_left_half,0,r3,0,0.5393928571428571,1
RIMONE_r3_N-70-R_left_half,0,r3,0,0.630030303030303,1
RIMONE_r3_N-71-L_left_half,0,r3,0,0.6751666666666668,1
RIMONE_r3_N-72-R_left_half,0,r3,0,0.599797619047619,1
RIMONE_r3_N-73-R_left_half,0,r3,0,0.6091969696969698,1
RIMONE_r3_N-74-L_left_half,0,r3,0,0.5948733766233766,1
RIMONE_r3_N-75-R_left_half,0,r3,0,0.5396309523809523,1
RIMONE_r3_N-76-R_left_half,0,r3,0,0.6048971861471862,1
RIMONE_r3_N-78-R_left_half,0,r3,0,0.5513654401154404,1
RIMONE_r3_N-79-L_left_half,0,r3,0,0.5266865079365078,1
RIMONE_r3_N-8-L_left_half,0,r3,0,0.5953733766233766,1
RIMONE_r3_N-80-R_left_half,0,r3,0,0.5916706349206351,1
RIMONE_r3_N-81-L_left_half,0,r3,0,0.4900198412698412,0
RIMONE_r3_N-82-R_left_half,0,r3,0,0.5760000000000001,1
RIMONE_r3_N-83-L_left_half,0,r3,0,0.5429325396825396,1
RIMONE_r3_N-84-R_left_half,0,r3,0,0.5365952380952382,1
RIMONE_r3_N-85-L_left_half,0,r3,0,0.546004329004329,1
RIMONE_r3_N-86-R_left_half,0,r3,0,0.5773733766233766,1
RIMONE_r3_N-87-L_left_half,0,r3,0,0.6173971861471861,1
RIMONE_r3_N-88-R_left_half,0,r3,0,0.6055400432900433,1
RIMONE_r3_N-9-L_left_half,0,r3,0,0.581797619047619,1
RIMONE_r3_N-90-R_left_half,0,r3,0,0.5715400432900433,1
RIMONE_r3_N-91-L_left_half,0,r3,0,0.573,1
RIMONE_r3_N-92-R_left_half,0,r3,0,0.593754329004329,1
RIMONE_r1_Im069,1,r1,1,0.4381948051948052,0
RIMONE_r1_Im103,1,r1,1,0.6302380952380953,1
RIMONE_r1_Im113,1,r1,1,0.5893333333333335,1
RIMONE_r1_Im117,1,r1,1,0.4735357142857142,0
RIMONE_r1_Im118,1,r1,1,0.44069444444444433,0
RIMONE_r1_Im120,1,r1,1,0.5568928571428572,1
RIMONE_r1_Im121,1,r1,1,0.47185750360750356,0
RIMONE_r1_Im122,1,r1,1,0.46978607503607506,0
RIMONE_r1_Im135,1,r1,1,0.5634761904761905,1
RIMONE_r1_Im144,1,r1,1,0.4540598845598845,0
RIMONE_r1_Im158,1,r1,1,0.5621626984126984,1
RIMONE_r1_Im167,1,r1,1,0.6344047619047619,1
RIMONE_r2_Im257,1,r2,1,0.7434642857142859,1
RIMONE_r2_Im258,1,r2,1,0.6126309523809522,1
RIMONE_r2_Im260,1,r2,1,0.599297619047619,1
RIMONE_r2_Im263,1,r2,1,0.6228214285714286,1
RIMONE_r2_Im264,1,r2,1,0.7036269841269841,1
RIMONE_r2_Im266,1,r2,1,0.4947063492063492,0
RIMONE_r2_Im267,1,r2,1,0.7007846042846042,1
RIMONE_r2_Im268,1,r2,1,0.6816179376179378,1
RIMONE_r2_Im269,1,r2,1,0.48513492063492064,0
RIMONE_r2_Im270,1,r2,1,0.448301948051948,0
RIMONE_r2_Im273,1,r2,1,0.4869567099567099,0
RIMONE_r2_Im275,1,r2,1,0.4493813131313131,0
RIMONE_r2_Im277,1,r2,1,0.602690476190476,1
RIMONE_r2_Im281,1,r2,1,0.32516702741702747,0
RIMONE_r2_Im287,1,r2,1,0.7627460317460318,1
RIMONE_r2_Im288,1,r2,1,0.5001111111111112,1
RIMONE_r2_Im289,1,r2,1,0.49417063492063495,0
RIMONE_r2_Im290,1,r2,1,0.5821666666666665,1
RIMONE_r2_Im291,1,r2,1,0.4479329004329004,0
RIMONE_r2_Im292,1,r2,1,0.5827896825396827,1
RIMONE_r2_Im293,1,r2,1,0.5605396825396824,1
RIMONE_r2_Im294,1,r2,1,0.6058892496392496,1
RIMONE_r2_Im301,1,r2,1,0.6755317460317459,1
RIMONE_r2_Im302,1,r2,1,0.6659603174603174,1
RIMONE_r2_Im303,1,r2,1,0.6746587301587303,1
RIMONE_r2_Im305,1,r2,1,0.6246944444444444,1
RIMONE_r2_Im314,1,r2,1,0.5659285714285713,1
RIMONE_r2_Im315,1,r2,1,0.5393928571428571,1
RIMONE_r2_Im317,1,r2,1,0.5569880952380951,1
RIMONE_r2_Im318,1,r2,1,0.5361865079365079,1
RIMONE_r2_Im319,1,r2,1,0.4686908369408369,0
RIMONE_r2_Im320,1,r2,1,0.6168809523809523,1
RIMONE_r2_Im321,1,r2,1,0.8197936507936509,1
RIMONE_r2_Im324,1,r2,1,0.6908412698412698,1
RIMONE_r2_Im329,1,r2,1,0.4632979797979798,0
RIMONE_r2_Im330,1,r2,1,0.4735241702741702,0
RIMONE_r2_Im331,1,r2,1,0.606797619047619,1
RIMONE_r2_Im332,1,r2,1,0.5063650793650794,1
RIMONE_r2_Im333,1,r2,1,0.6456587301587301,1
RIMONE_r2_Im334,1,r2,1,0.5595238095238094,1
RIMONE_r2_Im338,1,r2,1,0.6010476190476189,1
RIMONE_r2_Im339,1,r2,1,0.5231471861471862,1
RIMONE_r2_Im343,1,r2,1,0.6172976190476189,1
RIMONE_r2_Im344,1,r2,1,0.7531904761904762,1
RIMONE_r1_Im001,1,r1,0,0.619440476190476,1
RIMONE_r1_Im003,1,r1,0,0.5213650793650794,1
RIMONE_r1_Im004,1,r1,0,0.4736908369408369,0
RIMONE_r1_Im006,1,r1,0,0.6171071428571427,1
RIMONE_r1_Im008,1,r1,0,0.5087896825396825,1
RIMONE_r1_Im011,1,r1,0,0.536281746031746,1
RIMONE_r1_Im012,1,r1,0,0.6049523809523809,1
RIMONE_r1_Im014,1,r1,0,0.5232619047619048,1
RIMONE_r1_Im015,1,r1,0,0.48507936507936505,0
RIMONE_r1_Im019,1,r1,0,0.5892896825396825,1
RIMONE_r1_Im020,1,r1,0,0.5687142857142856,1
RIMONE_r1_Im022,1,r1,0,0.4684051226551226,0
RIMONE_r1_Im023,1,r1,0,0.4569051226551226,0
RIMONE_r1_Im024,1,r1,0,0.5325198412698413,1
RIMONE_r1_Im025,1,r1,0,0.5264126984126984,1
RIMONE_r1_Im026,1,r1,0,0.6135238095238094,1
RIMONE_r1_Im027,1,r1,0,0.6106904761904761,1
RIMONE_r1_Im028,1,r1,0,0.4639686147186147,0
RIMONE_r1_Im029,1,r1,0,0.46352417027417026,0
RIMONE_r1_Im031,1,r1,0,0.5064484126984127,1
RIMONE_r1_Im032,1,r1,0,0.5333293650793651,1
RIMONE_r1_Im033,1,r1,0,0.5383293650793651,1
RIMONE_r1_Im036,1,r1,0,0.5150952380952382,1
RIMONE_r1_Im037,1,r1,0,0.42109956709956714,0
RIMONE_r1_Im040,1,r1,0,0.4990198412698412,0
RIMONE_r1_Im041,1,r1,0,0.5395912698412698,1
RIMONE_r1_Im042,1,r1,0,0.5819563492063492,1
RIMONE_r1_Im046,1,r1,0,0.6042976190476189,1
RIMONE_r1_Im047,1,r1,0,0.5195039682539682,1
RIMONE_r1_Im050,1,r1,0,0.54175,1
RIMONE_r1_Im052,1,r1,0,0.5698769841269841,1
RIMONE_r1_Im054,1,r1,0,0.5118174603174603,1
RIMONE_r1_Im055,1,r1,0,0.49354004329004325,0
RIMONE_r1_Im056,1,r1,0,0.4673019480519481,0
RIMONE_r1_Im057,1,r1,0,0.5314960317460318,1
RIMONE_r1_Im058,1,r1,0,0.5318531746031746,1
RIMONE_r1_Im059,1,r1,0,0.5328531746031746,1
RIMONE_r1_Im060,1,r1,0,0.47185750360750356,0
RIMONE_r1_Im061,1,r1,0,0.5360198412698413,1
RIMONE_r1_Im062,1,r1,0,0.4701908369408369,0
RIMONE_r1_Im063,1,r1,0,0.4684051226551226,0
RIMONE_r1_Im071,1,r1,0,0.4736789321789321,0
RIMONE_r1_Im072,1,r1,0,0.5311785714285715,1
RIMONE_r1_Im073,1,r1,0,0.5277738095238096,1
RIMONE_r1_Im080,1,r1,0,0.5358376623376624,1
RIMONE_r1_Im082,1,r1,0,0.4537265512265512,0
RIMONE_r1_Im086,1,r1,0,0.5655357142857141,1
RIMONE_r1_Im087,1,r1,0,0.42217099567099564,0
RIMONE_r1_Im095,1,r1,0,0.5989761904761903,1
RIMONE_r1_Im107,1,r1,0,0.5291190476190475,1
RIMONE_r1_Im108,1,r1,0,0.4557027417027416,0
RIMONE_r1_Im115,1,r1,0,0.47751623376623376,0
RIMONE_r1_Im116,1,r1,0,0.44929797979797975,0
RIMONE_r1_Im119,1,r1,0,0.663186507936508,1
RIMONE_r1_Im125,1,r1,0,0.4363935786435787,0
RIMONE_r1_Im127,1,r1,0,0.4476313131313131,0
RIMONE_r1_Im128,1,r1,0,0.5956547619047619,1
RIMONE_r1_Im129,1,r1,0,0.4297265512265512,0
RIMONE_r1_Im130,1,r1,0,0.5571904761904761,1
RIMONE_r1_Im131,1,r1,0,0.4299090909090909,0
RIMONE_r1_Im132,1,r1,0,0.4797860750360751,0
RIMONE_r1_Im133,1,r1,0,0.4745241702741702,0
RIMONE_r1_Im136,1,r1,0,0.5210761183261183,1
RIMONE_r1_Im137,1,r1,0,0.5892777777777778,1
RIMONE_r1_Im138,1,r1,0,0.5413690476190477,1
RIMONE_r1_Im142,1,r1,0,0.5570357142857144,1
RIMONE_r1_Im143,1,r1,0,0.686186507936508,1
RIMONE_r1_Im145,1,r1,0,0.6905515873015875,1
RIMONE_r1_Im146,1,r1,0,0.6233214285714286,1
RIMONE_r1_Im149,1,r1,0,0.4535757575757576,0
RIMONE_r1_Im150,1,r1,0,0.48359632034632033,0
RIMONE_r1_Im151,1,r1,0,0.4893293650793652,0
RIMONE_r1_Im152,1,r1,0,0.7054722222222222,1
RIMONE_r1_Im153,1,r1,0,0.5963809523809523,1
RIMONE_r1_Im154,1,r1,0,0.44605988455988455,0
RIMONE_r1_Im155,1,r1,0,0.5759126984126984,1
RIMONE_r1_Im156,1,r1,0,0.47024206349206354,0
RIMONE_r1_Im159,1,r1,0,0.5698928571428571,1
RIMONE_r1_Im161,1,r1,0,0.475313492063492,0
RIMONE_r1_Im162,1,r1,0,0.5259960317460317,1
RIMONE_r1_Im163,1,r1,0,0.4806230158730159,0
RIMONE_r1_Im164,1,r1,0,0.4865357142857141,0
RIMONE_r1_Im165,1,r1,0,0.3755519480519481,0
RIMONE_r1_Im166,1,r1,0,0.5363928571428571,1
RIMONE_r1_Im168,1,r1,0,0.4675238095238096,0
RIMONE_r1_Im169,1,r1,0,0.4483015873015872,0
RIMONE_r2_Im001,1,r2,0,0.6781507936507936,1
RIMONE_r2_Im002,1,r2,0,0.48758730158730157,0
RIMONE_r2_Im003,1,r2,0,0.5055396825396825,1
RIMONE_r2_Im004,1,r2,0,0.5398531746031746,1
RIMONE_r2_Im005,1,r2,0,0.591952380952381,1
RIMONE_r2_Im006,1,r2,0,0.5368531746031746,1
RIMONE_r2_Im007,1,r2,0,0.6031547619047619,1
RIMONE_r2_Im009,1,r2,0,0.49130158730158735,0
RIMONE_r2_Im010,1,r2,0,0.5379126984126984,1
RIMONE_r2_Im011,1,r2,0,0.6523888888888889,1
RIMONE_r2_Im012,1,r2,0,0.5310198412698413,1
RIMONE_r2_Im013,1,r2,0,0.5719285714285713,1
RIMONE_r2_Im014,1,r2,0,0.5277261904761905,1
RIMONE_r2_Im015,1,r2,0,0.4736908369408369,0
RIMONE_r2_Im016,1,r2,0,0.4620003607503607,0
RIMONE_r2_Im017,1,r2,0,0.593154761904762,1
RIMONE_r2_Im018,1,r2,0,0.6685039682539682,1
RIMONE_r2_Im019,1,r2,0,0.4668730158730159,0
RIMONE_r2_Im020,1,r2,0,0.46869083694083685,0
RIMONE_r2_Im021,1,r2,0,0.5134805194805195,1
RIMONE_r2_Im022,1,r2,0,0.595234126984127,1
RIMONE_r2_Im023,1,r2,0,0.4595638528138528,0
RIMONE_r2_Im024,1,r2,0,0.46631385281385285,0
RIMONE_r2_Im025,1,r2,0,0.47185750360750356,0
RIMONE_r2_Im026,1,r2,0,0.4695241702741702,0
RIMONE_r2_Im027,1,r2,0,0.5337817460317461,1
RIMONE_r2_Im028,1,r2,0,0.4684051226551226,0
RIMONE_r2_Im029,1,r2,0,0.5442499999999999,1
RIMONE_r2_Im030,1,r2,0,0.614440476190476,1
RIMONE_r2_Im031,1,r2,0,0.6190238095238094,1
RIMONE_r2_Im032,1,r2,0,0.4776908369408369,0
RIMONE_r2_Im033,1,r2,0,0.4893492063492064,0
RIMONE_r2_Im347,1,r2,1,0.778744560994561,1
RIMONE_r2_Im348,1,r2,1,0.5493888888888889,1
RIMONE_r2_Im351,1,r2,1,0.5296547619047619,1
RIMONE_r2_Im352,1,r2,1,0.518754329004329,1
RIMONE_r2_Im354,1,r2,1,0.5661190476190476,1
RIMONE_r2_Im355,1,r2,1,0.5620119047619049,1
RIMONE_r2_Im356,1,r2,1,0.5275638528138529,1
RIMONE_r2_Im357,1,r2,1,0.6913849206349209,1
RIMONE_r2_Im358,1,r2,1,0.6505912698412699,1
RIMONE_r2_Im362,1,r2,1,0.4840912698412698,0
RIMONE_r2_Im365,1,r2,1,0.5103971861471862,1
RIMONE_r2_Im366,1,r2,1,0.6324047619047619,1
RIMONE_r2_Im369,1,r2,1,0.697388888888889,1
RIMONE_r2_Im373,1,r2,1,0.6424047619047619,1
RIMONE_r2_Im376,1,r2,1,0.46652417027417026,0
RIMONE_r2_Im377,1,r2,1,0.788186507936508,1
RIMONE_r2_Im383,1,r2,1,0.47185750360750356,0
RIMONE_r2_Im384,1,r2,1,0.6145833333333334,1
RIMONE_r2_Im385,1,r2,1,0.5623690476190476,1
RIMONE_r2_Im387,1,r2,1,0.7095198412698412,1
RIMONE_r2_Im388,1,r2,1,0.6278214285714286,1
RIMONE_r2_Im389,1,r2,1,0.6120833333333333,1
RIMONE_r2_Im390,1,r2,1,0.5738690476190477,1
RIMONE_r2_Im391,1,r2,1,0.5622023809523811,1
RIMONE_r2_Im392,1,r2,1,0.6284880952380952,1
RIMONE_r2_Im393,1,r2,1,0.7758055555555556,1
RIMONE_r2_Im398,1,r2,1,0.5187857142857141,1
RIMONE_r2_Im399,1,r2,1,0.5806547619047618,1
RIMONE_r2_Im400,1,r2,1,0.5748690476190477,1
RIMONE_r2_Im401,1,r2,1,0.5588690476190477,1
RIMONE_r2_Im402,1,r2,1,0.37139285714285714,0
RIMONE_r2_Im403,1,r2,1,0.5550238095238096,1
RIMONE_r2_Im404,1,r2,1,0.5698690476190477,1
RIMONE_r2_Im406,1,r2,1,0.46980194805194797,0
RIMONE_r2_Im407,1,r2,1,0.5755,1
RIMONE_r2_Im408,1,r2,1,0.495718253968254,0
RIMONE_r2_Im414,1,r2,1,0.5119365079365079,1
RIMONE_r2_Im415,1,r2,1,0.4704646464646465,0
RIMONE_r2_Im416,1,r2,1,0.46807575757575753,0
RIMONE_r2_Im418,1,r2,1,0.5045638528138529,1
RIMONE_r2_Im419,1,r2,1,0.5352460317460318,1
RIMONE_r2_Im420,1,r2,1,0.5073849206349207,1
RIMONE_r2_Im421,1,r2,1,0.4879206349206349,0
RIMONE_r2_Im422,1,r2,1,0.6424047619047619,1
RIMONE_r2_Im424,1,r2,1,0.4684646464646465,0
RIMONE_r2_Im427,1,r2,1,0.4653888888888889,0
RIMONE_r2_Im428,1,r2,1,0.5092305194805196,1
RIMONE_r2_Im429,1,r2,1,0.4639090909090909,0
RIMONE_r2_Im432,1,r2,1,0.6085357142857142,1
RIMONE_r2_Im433,1,r2,1,0.7919960317460318,1
RIMONE_r2_Im436,1,r2,1,0.509734126984127,1
RIMONE_r2_Im439,1,r2,1,0.4902186147186148,0
RIMONE_r2_Im441,1,r2,1,0.5435357142857142,1
RIMONE_r2_Im442,1,r2,1,0.5582023809523811,1
RIMONE_r2_Im443,1,r2,1,0.584123015873016,1
RIMONE_r2_Im444,1,r2,1,0.6160833333333333,1
RIMONE_r2_Im445,1,r2,1,0.4924686147186147,0
RIMONE_r2_Im448,1,r2,1,0.7069007936507937,1
RIMONE_r2_Im449,1,r2,1,0.6905515873015875,1
RIMONE_r2_Im450,1,r2,1,0.6669841269841271,1
RIMONE_r2_Im451,1,r2,1,0.5738690476190477,1
RIMONE_r2_Im453,1,r2,1,0.5873214285714284,1
RIMONE_r2_Im454,1,r2,1,0.6413452380952381,1
RIMONE_r2_Im455,1,r2,1,0.7192142857142859,1
RIMONE_r3_G-1-L_left_half,1,r3,1,0.5666904761904762,1
RIMONE_r3_G-10-L_left_half,1,r3,1,0.8150894383394385,1
RIMONE_r3_G-11-R_left_half,1,r3,1,0.8040739260739262,1
RIMONE_r3_G-12-L_left_half,1,r3,1,0.47106385281385293,0
RIMONE_r3_G-13-R_left_half,1,r3,1,0.7976929736929739,1
RIMONE_r3_G-14-R_left_half,1,r3,1,0.4508253968253969,0
RIMONE_r3_G-15-L_left_half,1,r3,1,0.5645357142857143,1
RIMONE_r3_G-16-R_left_half,1,r3,1,0.539547619047619,1
RIMONE_r3_G-17-L_left_half,1,r3,1,0.47535786435786437,0
RIMONE_r3_G-18-R_left_half,1,r3,1,0.4732741702741702,0
RIMONE_r3_G-2-R_left_half,1,r3,1,0.5523690476190477,1
RIMONE_r3_G-22-L_left_half,1,r3,1,0.8346572594072597,1
RIMONE_r3_G-23-R_left_half,1,r3,1,0.6765952380952381,1
RIMONE_r3_G-25-L_left_half,1,r3,1,0.6203452380952381,1
RIMONE_r3_G-27-R_left_half,1,r3,1,0.6613253968253968,1
RIMONE_r3_G-29-R_left_half,1,r3,1,0.5363928571428572,1
RIMONE_r3_G-3-R_left_half,1,r3,1,0.7564747197247198,1
RIMONE_r3_G-30-L_left_half,1,r3,1,0.6878888888888889,1
RIMONE_r3_G-31-R_left_half,1,r3,1,0.5906572594072594,1
RIMONE_r3_G-32-L_left_half,1,r3,1,0.7782341269841269,1
RIMONE_r3_G-33-R_left_half,1,r3,1,0.4668694083694083,0
RIMONE_r3_G-34-L_left_half,1,r3,1,0.7012857142857142,1
RIMONE_r3_G-35-R_left_half,1,r3,1,0.45371861471861474,0
RIMONE_r3_G-37-R_left_half,1,r3,1,0.7649484126984131,1
RIMONE_r3_G-38-L_left_half,1,r3,1,0.6076666666666667,1
RIMONE_r3_G-39-L_left_half,1,r3,1,0.5997023809523809,1
RIMONE_r3_G-6-L_left_half,1,r3,1,0.5942142857142857,1
RIMONE_r3_G-8-R_left_half,1,r3,1,0.48993686868686864,0
RIMONE_r3_G-9-R_left_half,1,r3,1,0.6120833333333333,1
RIMONE_r3_S-1-L_left_half,1,r3,1,0.47164718614718615,0
RIMONE_r3_S-10-R_left_half,1,r3,1,0.757910866910867,1
RIMONE_r3_S-11-L_left_half,1,r3,1,0.47344083694083694,0
RIMONE_r3_S-12-L_left_half,1,r3,1,0.839458485958486,1
RIMONE_r3_S-13-R_left_half,1,r3,1,0.6906031746031747,1
RIMONE_r3_S-14-R_left_half,1,r3,1,0.42252020202020196,0
RIMONE_r3_S-18-L_left_half,1,r3,1,0.47176623376623383,0
RIMONE_r3_S-19-R_left_half,1,r3,1,0.5043852813852814,1
RIMONE_r3_S-2-L_left_half,1,r3,1,0.4679686147186147,0
RIMONE_r3_S-20-L_left_half,1,r3,1,0.6578968253968255,1
RIMONE_r3_S-21-R_left_half,1,r3,1,0.7133333333333334,1
RIMONE_r3_S-25-L_left_half,1,r3,1,0.7517005494505495,1
RIMONE_r3_S-26-R_left_half,1,r3,1,0.7006865079365079,1
RIMONE_r3_S-28-R_left_half,1,r3,1,0.6321547619047618,1
RIMONE_r3_S-29-R_left_half,1,r3,1,0.5550238095238096,1
RIMONE_r3_S-30-L_left_half,1,r3,1,0.47185750360750356,0
RIMONE_r3_S-31-L_left_half,1,r3,1,0.4275995670995672,0
RIMONE_r3_S-32-L_left_half,1,r3,1,0.42741702741702753,0
RIMONE_r3_S-33-R_left_half,1,r3,1,0.5403571428571429,1
RIMONE_r3_S-35-R_left_half,1,r3,1,0.6505515873015874,1
RIMONE_r3_S-4-L_left_half,1,r3,1,0.7948195970695968,1
RIMONE_r3_S-6-R_left_half,1,r3,1,0.7052564657564657,1
RIMONE_r3_S-9-L_left_half,1,r3,1,0.7432124542124542,1
RIMONE_r2_Im034,1,r2,0,0.47185750360750356,0
RIMONE_r2_Im036,1,r2,0,0.4735241702741702,0
RIMONE_r2_Im038,1,r2,0,0.4589051226551226,0
RIMONE_r2_Im040,1,r2,0,0.43378210678210677,0
RIMONE_r2_Im042,1,r2,0,0.5582023809523811,1
RIMONE_r2_Im044,1,r2,0,0.5071825396825396,1
RIMONE_r2_Im046,1,r2,0,0.5071825396825396,1
RIMONE_r2_Im048,1,r2,0,0.5755833333333333,1
RIMONE_r2_Im050,1,r2,0,0.4745241702741702,0
RIMONE_r2_Im052,1,r2,0,0.4720400432900433,0
RIMONE_r2_Im054,1,r2,0,0.4686908369408369,0
RIMONE_r2_Im056,1,r2,0,0.4944725829725829,0
RIMONE_r2_Im058,1,r2,0,0.5910555555555556,1
RIMONE_r2_Im060,1,r2,0,0.4745241702741702,0
RIMONE_r2_Im062,1,r2,0,0.45829797979797976,0
RIMONE_r2_Im064,1,r2,0,0.4761908369408369,0
RIMONE_r2_Im066,1,r2,0,0.44027020202020195,0
RIMONE_r2_Im068,1,r2,0,0.4668694083694083,0
RIMONE_r2_Im070,1,r2,0,0.4745241702741702,0
RIMONE_r2_Im072,1,r2,0,0.4668694083694083,0
RIMONE_r2_Im074,1,r2,0,0.5116626984126985,1
RIMONE_r2_Im076,1,r2,0,0.4487265512265512,0
RIMONE_r2_Im078,1,r2,0,0.4700717893217892,0
RIMONE_r2_Im080,1,r2,0,0.4740122655122655,0
RIMONE_r2_Im082,1,r2,0,0.5548690476190477,1
RIMONE_r2_Im084,1,r2,0,0.5937500000000001,1
RIMONE_r2_Im086,1,r2,0,0.4610717893217893,0
RIMONE_r2_Im088,1,r2,0,0.4682979797979797,0
RIMONE_r2_Im090,1,r2,0,0.45319083694083695,0
RIMONE_r2_Im092,1,r2,0,0.47882936507936513,0
RIMONE_r2_Im094,1,r2,0,0.4383932178932179,0
RIMONE_r2_Im096,1,r2,0,0.4594051226551226,0
RIMONE_r2_Im098,1,r2,0,0.4929329004329005,0
RIMONE_r2_Im100,1,r2,0,0.4682741702741703,0
RIMONE_r2_Im102,1,r2,0,0.4971468253968254,0
RIMONE_r2_Im104,1,r2,0,0.4745241702741702,0
RIMONE_r2_Im106,1,r2,0,0.4635757575757576,0
RIMONE_r2_Im108,1,r2,0,0.47185750360750356,0
RIMONE_r2_Im110,1,r2,0,0.4668694083694083,0
RIMONE_r2_Im112,1,r2,0,0.6308571428571428,1
RIMONE_r2_Im114,1,r2,0,0.5560198412698413,1
RIMONE_r2_Im116,1,r2,0,0.5264246031746032,1
RIMONE_r2_Im118,1,r2,0,0.4587979797979797,0
RIMONE_r2_Im120,1,r2,0,0.47185750360750356,0
RIMONE_r2_Im122,1,r2,0,0.4791670274170275,0
RIMONE_r2_Im124,1,r2,0,0.47780194805194803,0
RIMONE_r2_Im126,1,r2,0,0.5336666666666665,1
RIMONE_r2_Im128,1,r2,0,0.4695241702741702,0
RIMONE_r2_Im130,1,r2,0,0.4594051226551226,0
RIMONE_r2_Im132,1,r2,0,0.4630717893217893,0
RIMONE_r2_Im134,1,r2,0,0.5488531746031746,1
RIMONE_r2_Im136,1,r2,0,0.4766908369408369,0
RIMONE_r2_Im138,1,r2,0,0.45239321789321785,0
RIMONE_r2_Im140,1,r2,0,0.43993290043290045,0
RIMONE_r2_Im142,1,r2,0,0.4745241702741702,0
RIMONE_r2_Im144,1,r2,0,0.4839563492063493,0
RIMONE_r2_Im146,1,r2,0,0.4968611111111111,0
RIMONE_r2_Im148,1,r2,0,0.4745241702741702,0
RIMONE_r2_Im150,1,r2,0,0.4761908369408369,0
RIMONE_r2_Im152,1,r2,0,0.4594051226551226,0
RIMONE_r2_Im154,1,r2,0,0.4754408369408369,0
RIMONE_r2_Im156,1,r2,0,0.47185750360750356,0
RIMONE_r2_Im158,1,r2,0,0.4745241702741702,0
RIMONE_r2_Im160,1,r2,0,0.4684051226551226,0
RIMONE_r2_Im162,1,r2,0,0.42807575757575755,0
RIMONE_r2_Im164,1,r2,0,0.5195876623376623,1
RIMONE_r2_Im166,1,r2,0,0.5900714285714286,1
RIMONE_r2_Im168,1,r2,0,0.5874880952380952,1
RIMONE_r2_Im170,1,r2,0,0.45829797979797976,0
RIMONE_r2_Im172,1,r2,0,0.4720241702741702,0
RIMONE_r2_Im174,1,r2,0,0.5593531746031747,1
RIMONE_r2_Im176,1,r2,0,0.4557265512265512,0
RIMONE_r2_Im178,1,r2,0,0.47377417027417024,0
RIMONE_r2_Im180,1,r2,0,0.4447265512265512,0
RIMONE_r2_Im182,1,r2,0,0.4978611111111111,0
RIMONE_r2_Im184,1,r2,0,0.48173412698412704,0
RIMONE_r2_Im186,1,r2,0,0.4735241702741702,0
RIMONE_r2_Im188,1,r2,0,0.4870638528138529,0
RIMONE_r2_Im190,1,r2,0,0.6025357142857143,1
RIMONE_r2_Im192,1,r2,0,0.4745241702741702,0
RIMONE_r2_Im194,1,r2,0,0.4682979797979797,0
RIMONE_r2_Im196,1,r2,0,0.47185750360750356,0
RIMONE_r2_Im198,1,r2,0,0.4594051226551226,0
RIMONE_r2_Im200,1,r2,0,0.44672655122655114,0
RIMONE_r2_Im202,1,r2,0,0.5112305194805196,1
RIMONE_r2_Im206,1,r2,0,0.4639686147186147,0
RIMONE_r2_Im208,1,r2,0,0.4736908369408369,0
RIMONE_r2_Im210,1,r2,0,0.4716908369408369,0
RIMONE_r2_Im212,1,r2,0,0.4594051226551226,0
RIMONE_r2_Im214,1,r2,0,0.5620476190476189,1
RIMONE_r2_Im216,1,r2,0,0.4585717893217893,0
RIMONE_r2_Im218,1,r2,0,0.6177857142857143,1
RIMONE_r2_Im220,1,r2,0,0.5582023809523811,1
RIMONE_r2_Im222,1,r2,0,0.45319083694083695,0
RIMONE_r2_Im224,1,r2,0,0.48528174603174606,0
RIMONE_r2_Im226,1,r2,0,0.602654761904762,1
RIMONE_r2_Im228,1,r2,0,0.6274047619047619,1
RIMONE_r2_Im230,1,r2,0,0.6079325396825396,1
RIMONE_r2_Im232,1,r2,0,0.4256709956709956,0
RIMONE_r2_Im234,1,r2,0,0.4754408369408369,0
RIMONE_r2_Im236,1,r2,0,0.5318531746031746,1
RIMONE_r2_Im238,1,r2,0,0.4761908369408369,0
RIMONE_r2_Im240,1,r2,0,0.47618650793650796,0
RIMONE_r2_Im242,1,r2,0,0.45998051948051943,0
RIMONE_r2_Im244,1,r2,0,0.4684051226551226,0
RIMONE_r2_Im246,1,r2,0,0.4708293650793652,0
RIMONE_r2_Im248,1,r2,0,0.5250952380952382,1
RIMONE_r2_Im250,1,r2,0,0.5606309523809523,1
RIMONE_r2_Im252,1,r2,0,0.4485793650793651,0
RIMONE_r2_Im254,1,r2,0,0.4617741702741702,0
RIMONE_r3_N-1-L_left_half,1,r3,0,0.5382023809523809,1
RIMONE_r3_N-10-R_left_half,1,r3,0,0.6736507936507937,1
RIMONE_r3_N-11-L_left_half,1,r3,0,0.5386190476190476,1
RIMONE_r3_N-12-R_left_half,1,r3,0,0.620952380952381,1
RIMONE_r3_N-13-L_left_half,1,r3,0,0.6919365079365078,1
RIMONE_r3_N-14-R_left_half,1,r3,0,0.4341948051948053,0
RIMONE_r3_N-16-R_left_half,1,r3,0,0.49035714285714294,0
RIMONE_r3_N-17-L_left_half,1,r3,0,0.5774563492063494,1
RIMONE_r3_N-18-R_left_half,1,r3,0,0.4700717893217892,0
RIMONE_r3_N-2-R_left_half,1,r3,0,0.6662301587301589,1
RIMONE_r3_N-20-R_left_half,1,r3,0,0.4594051226551226,0
RIMONE_r3_N-21-L_left_half,1,r3,0,0.665910866910867,1
RIMONE_r3_N-22-R_left_half,1,r3,0,0.6122445609945611,1
RIMONE_r3_N-23-L_left_half,1,r3,0,0.469301948051948,0
RIMONE_r3_N-24-R_left_half,1,r3,0,0.634956349206349,1
RIMONE_r3_N-25-L_left_half,1,r3,0,0.5751071428571428,1
RIMONE_r3_N-26-R_left_half,1,r3,0,0.4307662337662338,0
RIMONE_r3_N-27-L_left_half,1,r3,0,0.4378217893217894,0
RIMONE_r3_N-28-R_left_half,1,r3,0,0.4610717893217893,0
RIMONE_r3_N-29-L_left_half,1,r3,0,0.43200432900432895,0
RIMONE_r3_N-3-L_left_half,1,r3,0,0.4716075036075036,0
RIMONE_r3_N-30-R_left_half,1,r3,0,0.49649603174603174,0
RIMONE_r3_N-31-L_left_half,1,r3,0,0.4745241702741702,0
RIMONE_r3_N-32-R_left_half,1,r3,0,0.4559408369408369,0
RIMONE_r3_N-33-L_left_half,1,r3,0,0.5332142857142858,1
RIMONE_r3_N-34-R_left_half,1,r3,0,0.5645357142857143,1
RIMONE_r3_N-35-L_left_half,1,r3,0,0.5623690476190476,1
RIMONE_r3_N-36-R_left_half,1,r3,0,0.5383571428571429,1
RIMONE_r3_N-37-L_left_half,1,r3,0,0.5928690476190476,1
RIMONE_r3_N-38-R_left_half,1,r3,0,0.6279603174603173,1
RIMONE_r3_N-39-L_left_half,1,r3,0,0.4271987734487734,0
RIMONE_r3_N-4-R_left_half,1,r3,0,0.4745241702741702,0
RIMONE_r3_N-40-R_left_half,1,r3,0,0.4457265512265512,0
RIMONE_r3_N-41-L_left_half,1,r3,0,0.4150598845598845,0
RIMONE_r3_N-42-R_left_half,1,r3,0,0.45444444444444443,0
RIMONE_r3_N-43-L_left_half,1,r3,0,0.5268809523809523,1
RIMONE_r3_N-44-R_left_half,1,r3,0,0.56975,1
RIMONE_r3_N-46-R_left_half,1,r3,0,0.5280800865800865,1
RIMONE_r3_N-47-L_left_half,1,r3,0,0.5403571428571429,1
RIMONE_r3_N-48-R_left_half,1,r3,0,0.7195833333333332,1
RIMONE_r3_N-49-L_left_half,1,r3,0,0.4668694083694083,0
RIMONE_r3_N-5-L_left_half,1,r3,0,0.4684051226551226,0
RIMONE_r3_N-50-R_left_half,1,r3,0,0.4754408369408369,0
RIMONE_r3_N-51-L_left_half,1,r3,0,0.8267322954822955,1
RIMONE_r3_N-52-R_left_half,1,r3,0,0.7815992063492064,1
RIMONE_r3_N-53-L_left_half,1,r3,0,0.5698690476190476,1
RIMONE_r3_N-54-R_left_half,1,r3,0,0.5698690476190476,1
RIMONE_r3_N-55-L_left_half,1,r3,0,0.5570357142857144,1
RIMONE_r3_N-56-R_left_half,1,r3,0,0.6116666666666667,1
RIMONE_r3_N-58-R_left_half,1,r3,0,0.45846861471861466,0
RIMONE_r3_N-59-L_left_half,1,r3,0,0.6083928571428571,1
RIMONE_r3_N-6-R_left_half,1,r3,0,0.548436507936508,1
RIMONE_r3_N-61-L_left_half,1,r3,0,0.7367261904761907,1
RIMONE_r3_N-62-R_left_half,1,r3,0,0.7100497557997558,1
RIMONE_r3_N-63-L_left_half,1,r3,0,0.5698690476190476,1
RIMONE_r3_N-64-R_left_half,1,r3,0,0.41426623376623384,0
RIMONE_r3_N-65-L_left_half,1,r3,0,0.5202579365079365,1
RIMONE_r3_N-66-R_left_half,1,r3,0,0.6153397990897992,1
RIMONE_r3_N-67-L_left_half,1,r3,0,0.5822857142857143,1
RIMONE_r3_N-68-R_left_half,1,r3,0,0.5399126984126983,1
RIMONE_r3_N-69-L_left_half,1,r3,0,0.6233214285714286,1
RIMONE_r3_N-7-L_left_half,1,r3,0,0.5534404761904762,1
RIMONE_r3_N-70-R_left_half,1,r3,0,0.5162103174603175,1
RIMONE_r3_N-71-L_left_half,1,r3,0,0.686186507936508,1
RIMONE_r3_N-72-R_left_half,1,r3,0,0.4358217893217894,0
RIMONE_r3_N-73-R_left_half,1,r3,0,0.49606746031746035,0
RIMONE_r3_N-74-L_left_half,1,r3,0,0.4631551226551227,0
RIMONE_r3_N-75-R_left_half,1,r3,0,0.4551352813852813,0
RIMONE_r3_N-76-R_left_half,1,r3,0,0.44450432900432896,0
RIMONE_r3_N-78-R_left_half,1,r3,0,0.7289469419469419,1
RIMONE_r3_N-79-L_left_half,1,r3,0,0.4383932178932179,0
RIMONE_r3_N-8-L_left_half,1,r3,0,0.4741908369408369,0
RIMONE_r3_N-80-R_left_half,1,r3,0,0.8543849206349204,1
RIMONE_r3_N-81-L_left_half,1,r3,0,0.3985873015873016,0
RIMONE_r3_N-82-R_left_half,1,r3,0,0.6124047619047619,1
RIMONE_r3_N-83-L_left_half,1,r3,0,0.4294087301587304,0
RIMONE_r3_N-84-R_left_half,1,r3,0,0.5990714285714286,1
RIMONE_r3_N-85-L_left_half,1,r3,0,0.453504329004329,0
RIMONE_r3_N-86-R_left_half,1,r3,0,0.4654408369408369,0
RIMONE_r3_N-87-L_left_half,1,r3,0,0.47105158730158736,0
RIMONE_r3_N-88-R_left_half,1,r3,0,0.4602027417027416,0
RIMONE_r3_N-9-L_left_half,1,r3,0,0.4686908369408369,0
RIMONE_r3_N-90-R_left_half,1,r3,0,0.4478932178932179,0
RIMONE_r3_N-91-L_left_half,1,r3,0,0.4656230158730159,0
RIMONE_r3_N-92-R_left_half,1,r3,0,0.44839321789321784,0
RIMONE_r1_Im069,2,r1,1,0.3239652777777776,0
RIMONE_r1_Im103,2,r1,1,0.4825063339438343,0
RIMONE_r1_Im113,2,r1,1,0.4588978174603177,0
RIMONE_r1_Im117,2,r1,1,0.394444826007326,0
RIMONE_r1_Im118,2,r1,1,0.40147530941280934,0
RIMONE_r1_Im120,2,r1,1,0.4758676254301256,0
RIMONE_r1_Im121,2,r1,1,0.3308841089466089,0
RIMONE_r1_Im122,2,r1,1,0.34339006132756134,0
RIMONE_r1_Im135,2,r1,1,0.49991585497835517,0
RIMONE_r1_Im144,2,r1,1,0.37995355339105336,0
RIMONE_r1_Im158,2,r1,1,0.4560819111444112,0
RIMONE_r1_Im167,2,r1,1,0.48889781746031774,0
RIMONE_r2_Im257,2,r2,1,0.6134077380952383,1
RIMONE_r2_Im258,2,r2,1,0.4852731782106784,0
RIMONE_r2_Im260,2,r2,1,0.4802711940836943,0
RIMONE_r2_Im263,2,r2,1,0.4601557539682542,0
RIMONE_r2_Im264,2,r2,1,0.5522233946608949,1
RIMONE_r2_Im266,2,r2,1,0.38139619408369396,0
RIMONE_r2_Im267,2,r2,1,0.7965053418803417,1
RIMONE_r2_Im268,2,r2,1,0.7026636211011211,1
RIMONE_r2_Im269,2,r2,1,0.3458485750360751,0
RIMONE_r2_Im270,2,r2,1,0.3367152777777777,0
RIMONE_r2_Im273,2,r2,1,0.36243948412698407,0
RIMONE_r2_Im275,2,r2,1,0.3825051406926407,0
RIMONE_r2_Im277,2,r2,1,0.463009108946609,0
RIMONE_r2_Im281,2,r2,1,0.3029940476190475,0
RIMONE_r2_Im287,2,r2,1,0.5932454212454215,1
RIMONE_r2_Im288,2,r2,1,0.35754500360750363,0
RIMONE_r2_Im289,2,r2,1,0.366396194083694,0
RIMONE_r2_Im290,2,r2,1,0.45962671356421375,0
RIMONE_r2_Im291,2,r2,1,0.3275031565656565,0
RIMONE_r2_Im292,2,r2,1,0.4343027597402599,0
RIMONE_r2_Im293,2,r2,1,0.5251745337995338,1
RIMONE_r2_Im294,2,r2,1,0.4977897935397937,0
RIMONE_r2_Im301,2,r2,1,0.548009108946609,1
RIMONE_r2_Im302,2,r2,1,0.5180944264069266,1
RIMONE_r2_Im303,2,r2,1,0.5282075216450218,1
RIMONE_r2_Im305,2,r2,1,0.4822075216450219,0
RIMONE_r2_Im314,2,r2,1,0.47131322150072164,0
RIMONE_r2_Im315,2,r2,1,0.48121538877788894,0
RIMONE_r2_Im317,2,r2,1,0.47202696608946615,0
RIMONE_r2_Im318,2,r2,1,0.4169755591630592,0
RIMONE_r2_Im319,2,r2,1,0.35316982323232315,0
RIMONE_r2_Im320,2,r2,1,0.4805231782106783,0
RIMONE_r2_Im321,2,r2,1,0.6189716117216119,1
RIMONE_r2_Im324,2,r2,1,0.5351599025974029,1
RIMONE_r2_Im329,2,r2,1,0.35112599206349215,0
RIMONE_r2_Im330,2,r2,1,0.3325507756132755,0
RIMONE_r2_Im331,2,r2,1,0.4742711940836942,0
RIMONE_r2_Im332,2,r2,1,0.453457702020202,0
RIMONE_r2_Im333,2,r2,1,0.5236241883116886,1
RIMONE_r2_Im334,2,r2,1,0.4897055375180377,0
RIMONE_r2_Im338,2,r2,1,0.4715092893217895,0
RIMONE_r2_Im339,2,r2,1,0.39186210317460307,0
RIMONE_r2_Im343,2,r2,1,0.4789497655122657,0
RIMONE_r2_Im344,2,r2,1,0.5884702380952382,1
RIMONE_r1_Im001,2,r1,0,0.47478309884559905,0
RIMONE_r1_Im003,2,r1,0,0.3849378607503607,0
RIMONE_r1_Im004,2,r1,0,0.3390150613275613,0
RIMONE_r1_Im006,2,r1,0,0.49885651154401167,0
RIMONE_r1_Im008,2,r1,0,0.4044834956709956,0
RIMONE_r1_Im011,2,r1,0,0.45838032106782106,0
RIMONE_r1_Im012,2,r1,0,0.4977315115440116,0
RIMONE_r1_Im014,2,r1,0,0.4793007756132757,0
RIMONE_r1_Im015,2,r1,0,0.44705077561327555,0
RIMONE_r1_Im019,2,r1,0,0.5497297077922079,1
RIMONE_r1_Im020,2,r1,0,0.4735390512265514,0
RIMONE_r1_Im022,2,r1,0,0.3368007756132756,0
RIMONE_r1_Im023,2,r1,0,0.33580077561327554,0
RIMONE_r1_Im024,2,r1,0,0.44683865440115444,0
RIMONE_r1_Im025,2,r1,0,0.42525730519480526,0
RIMONE_r1_Im026,2,r1,0,0.4870291305916307,0
RIMONE_r1_Im027,2,r1,0,0.46746167027417046,0
RIMONE_r1_Im028,2,r1,0,0.3550406746031745,0
RIMONE_r1_Im029,2,r1,0,0.3480962301587301,0
RIMONE_r1_Im031,2,r1,0,0.4350906385281386,0
RIMONE_r1_Im032,2,r1,0,0.4270727813852814,0
RIMONE_r1_Im033,2,r1,0,0.4249894480519481,0
RIMONE_r1_Im036,2,r1,0,0.3627728174603174,0
RIMONE_r1_Im037,2,r1,0,0.32338194444444435,0
RIMONE_r1_Im040,2,r1,0,0.40509063852813854,0
RIMONE_r1_Im041,2,r1,0,0.4521579184704185,0
RIMONE_r1_Im042,2,r1,0,0.5177093253968255,1
RIMONE_r1_Im046,2,r1,0,0.4681045274170276,0
RIMONE_r1_Im047,2,r1,0,0.4051104797979798,0
RIMONE_r1_Im050,2,r1,0,0.491513007825508,0
RIMONE_r1_Im052,2,r1,0,0.47171347402597413,0
RIMONE_r1_Im054,2,r1,0,0.4319218073593074,0
RIMONE_r1_Im055,2,r1,0,0.34810019841269835,0
RIMONE_r1_Im056,2,r1,0,0.34624900793650787,0
RIMONE_r1_Im057,2,r1,0,0.4412989718614719,0
RIMONE_r1_Im058,2,r1,0,0.4386323051948052,0
RIMONE_r1_Im059,2,r1,0,0.4192811147186148,0
RIMONE_r1_Im060,2,r1,0,0.33355077561327556,0
RIMONE_r1_Im061,2,r1,0,0.4506025432900433,0
RIMONE_r1_Im062,2,r1,0,0.3495605158730158,0
RIMONE_r1_Im063,2,r1,0,0.33367577561327555,0
RIMONE_r1_Im071,2,r1,0,0.3444277597402597,0
RIMONE_r1_Im072,2,r1,0,0.46705889249639254,0
RIMONE_r1_Im073,2,r1,0,0.454785082972583,0
RIMONE_r1_Im080,2,r1,0,0.44562996031746044,0
RIMONE_r1_Im082,2,r1,0,0.3538345057720058,0
RIMONE_r1_Im086,2,r1,0,0.5154628635253636,1
RIMONE_r1_Im087,2,r1,0,0.3368700396825397,0
RIMONE_r1_Im095,2,r1,0,0.4642328851703852,0
RIMONE_r1_Im107,2,r1,0,0.4743795301920304,0
RIMONE_r1_Im108,2,r1,0,0.3613305375180375,0
RIMONE_r1_Im115,2,r1,0,0.3863720238095237,0
RIMONE_r1_Im116,2,r1,0,0.3445805375180375,0
RIMONE_r1_Im119,2,r1,0,0.5679172286047288,1
RIMONE_r1_Im125,2,r1,0,0.3794454365079364,0
RIMONE_r1_Im127,2,r1,0,0.3501222041847042,0
RIMONE_r1_Im128,2,r1,0,0.47472098040848043,0
RIMONE_r1_Im129,2,r1,0,0.3408025793650794,0
RIMONE_r1_Im130,2,r1,0,0.48497934704184714,0
RIMONE_r1_Im131,2,r1,0,0.3436894841269841,0
RIMONE_r1_Im132,2,r1,0,0.3769656385281385,0
RIMONE_r1_Im133,2,r1,0,0.351681727994228,0
RIMONE_r1_Im136,2,r1,0,0.44741722860472877,0
RIMONE_r1_Im137,2,r1,0,0.4761241883116884,0
RIMONE_r1_Im138,2,r1,0,0.36238789682539685,0
RIMONE_r1_Im142,2,r1,0,0.4602591089466091,0
RIMONE_r1_Im143,2,r1,0,0.5744767524142526,1
RIMONE_r1_Im145,2,r1,0,0.5487968073593076,1
RIMONE_r1_Im146,2,r1,0,0.508270222832723,1
RIMONE_r1_Im149,2,r1,0,0.3478561507936508,0
RIMONE_r1_Im150,2,r1,0,0.3828025793650793,0
RIMONE_r1_Im151,2,r1,0,0.40334063852813856,0
RIMONE_r1_Im152,2,r1,0,0.5795600857475861,1
RIMONE_r1_Im153,2,r1,0,0.4960066946941948,0
RIMONE_r1_Im154,2,r1,0,0.36857043650793647,0
RIMONE_r1_Im155,2,r1,0,0.45613169469419484,0
RIMONE_r1_Im156,2,r1,0,0.3794834956709956,0
RIMONE_r1_Im159,2,r1,0,0.46459381590631593,0
RIMONE_r1_Im161,2,r1,0,0.4160446428571429,0
RIMONE_r1_Im162,2,r1,0,0.4561771492396493,0
RIMONE_r1_Im163,2,r1,0,0.3490271464646465,0
RIMONE_r1_Im164,2,r1,0,0.3981114926739926,0
RIMONE_r1_Im165,2,r1,0,0.3521299603174603,0
RIMONE_r1_Im166,2,r1,0,0.3832966269841268,0
RIMONE_r1_Im168,2,r1,0,0.45805077561327573,0
RIMONE_r1_Im169,2,r1,0,0.3617333152958153,0
RIMONE_r2_Im001,2,r2,0,0.5520210137085138,1
RIMONE_r2_Im002,2,r2,0,0.3527116702741703,0
RIMONE_r2_Im003,2,r2,0,0.3620450036075035,0
RIMONE_r2_Im004,2,r2,0,0.4286323051948052,0
RIMONE_r2_Im005,2,r2,0,0.49271744227994246,0
RIMONE_r2_Im006,2,r2,0,0.43300730519480524,0
RIMONE_r2_Im007,2,r2,0,0.4744834956709958,0
RIMONE_r2_Im009,2,r2,0,0.3558783369408369,0
RIMONE_r2_Im010,2,r2,0,0.4556380772005775,0
RIMONE_r2_Im011,2,r2,0,0.5511757756132757,1
RIMONE_r2_Im012,2,r2,0,0.4280489718614719,0
RIMONE_r2_Im013,2,r2,0,0.4609178391053393,0
RIMONE_r2_Im014,2,r2,0,0.4575469877344878,0
RIMONE_r2_Im015,2,r2,0,0.34334839466089456,0
RIMONE_r2_Im016,2,r2,0,0.33513410894660894,0
RIMONE_r2_Im017,2,r2,0,0.4835211940836942,0
RIMONE_r2_Im018,2,r2,0,0.5122180042180045,1
RIMONE_r2_Im019,2,r2,0,0.3937729978354978,0
RIMONE_r2_Im020,2,r2,0,0.34672934704184705,0
RIMONE_r2_Im021,2,r2,0,0.37451686507936494,0
RIMONE_r2_Im022,2,r2,0,0.42679085497835506,0
RIMONE_r2_Im023,2,r2,0,0.34189384920634913,0
RIMONE_r2_Im024,2,r2,0,0.3591061507936507,0
RIMONE_r2_Im025,2,r2,0,0.3315091089466089,0
RIMONE_r2_Im026,2,r2,0,0.32950910894660884,0
RIMONE_r2_Im027,2,r2,0,0.45274540043290046,0
RIMONE_r2_Im028,2,r2,0,0.3368007756132756,0
RIMONE_r2_Im029,2,r2,0,0.48576300782550796,0
RIMONE_r2_Im030,2,r2,0,0.4801997655122657,0
RIMONE_r2_Im031,2,r2,0,0.4652116702741705,0
RIMONE_r2_Im032,2,r2,0,0.3304733946608947,0
RIMONE_r2_Im033,2,r2,0,0.4047214105339105,0
RIMONE_r2_Im347,2,r2,1,0.6131928418803421,1
RIMONE_r2_Im348,2,r2,1,0.438884108946609,0
RIMONE_r2_Im351,2,r2,1,0.5002194264069265,1
RIMONE_r2_Im352,2,r2,1,0.40883648989898996,0
RIMONE_r2_Im354,2,r2,1,0.39142162698412686,0
RIMONE_r2_Im355,2,r2,1,0.38529662698412687,0
RIMONE_r2_Im356,2,r2,1,0.4020347222222222,0
RIMONE_r2_Im357,2,r2,1,0.5520646645021646,1
RIMONE_r2_Im358,2,r2,1,0.5427565143190146,1
RIMONE_r2_Im362,2,r2,1,0.39927516233766236,0
RIMONE_r2_Im365,2,r2,1,0.34754067460317456,0
RIMONE_r2_Im366,2,r2,1,0.476143238705739,0
RIMONE_r2_Im369,2,r2,1,0.5267037545787547,1
RIMONE_r2_Im373,2,r2,1,0.4768978174603177,0
RIMONE_r2_Im376,2,r2,1,0.33267577561327555,0
RIMONE_r2_Im377,2,r2,1,0.6285311355311356,1
RIMONE_r2_Im383,2,r2,1,0.33530077561327554,0
RIMONE_r2_Im384,2,r2,1,0.46900496031746053,0
RIMONE_r2_Im385,2,r2,1,0.44579067460317473,0
RIMONE_r2_Im387,2,r2,1,0.5707267524142526,1
RIMONE_r2_Im388,2,r2,1,0.46217162698412717,0
RIMONE_r2_Im389,2,r2,1,0.4648382936507939,0
RIMONE_r2_Im390,2,r2,1,0.4492430555555558,0
RIMONE_r2_Im391,2,r2,1,0.4411597222222224,0
RIMONE_r2_Im392,2,r2,1,0.4657271825396827,0
RIMONE_r2_Im393,2,r2,1,0.6091065323565324,1
RIMONE_r2_Im398,2,r2,1,0.4857604825729826,0
RIMONE_r2_Im399,2,r2,1,0.4635521492396494,0
RIMONE_r2_Im400,2,r2,1,0.4538263888888892,0
RIMONE_r2_Im401,2,r2,1,0.44565972222222244,0
RIMONE_r2_Im402,2,r2,1,0.3479136904761905,0
RIMONE_r2_Im403,2,r2,1,0.3775704365079364,0
RIMONE_r2_Im404,2,r2,1,0.4456597222222225,0
RIMONE_r2_Im406,2,r2,1,0.3536438492063491,0
RIMONE_r2_Im407,2,r2,1,0.4933602994227995,0
RIMONE_r2_Im408,2,r2,1,0.3927771464646464,0
RIMONE_r2_Im414,2,r2,1,0.42610633116883123,0
RIMONE_r2_Im415,2,r2,1,0.366884108946609,0
RIMONE_r2_Im416,2,r2,1,0.3833561507936507,0
RIMONE_r2_Im418,2,r2,1,0.4053085317460317,0
RIMONE_r2_Im419,2,r2,1,0.42773944805194813,0
RIMONE_r2_Im420,2,r2,1,0.3831918290043289,0
RIMONE_r2_Im421,2,r2,1,0.3724200036075036,0
RIMONE_r2_Im422,2,r2,1,0.4753099053724057,0
RIMONE_r2_Im424,2,r2,1,0.3643424422799423,0
RIMONE_r2_Im427,2,r2,1,0.4234688159063159,0
RIMONE_r2_Im428,2,r2,1,0.37886805555555547,0
RIMONE_r2_Im429,2,r2,1,0.37099503968253955,0
RIMONE_r2_Im432,2,r2,1,0.487141434953935,0
RIMONE_r2_Im433,2,r2,1,0.6231561355311356,1
RIMONE_r2_Im436,2,r2,1,0.4140668290043289,0
RIMONE_r2_Im439,2,r2,1,0.3462311507936507,0
RIMONE_r2_Im441,2,r2,1,0.3889513888888888,0
RIMONE_r2_Im442,2,r2,1,0.42126686507936517,0
RIMONE_r2_Im443,2,r2,1,0.47285037878787906,0
RIMONE_r2_Im444,2,r2,1,0.4706716269841272,0
RIMONE_r2_Im445,2,r2,1,0.3511061507936507,0
RIMONE_r2_Im448,2,r2,1,0.5570765692640695,1
RIMONE_r2_Im449,2,r2,1,0.547232704795205,1
RIMONE_r2_Im450,2,r2,1,0.5999291333666334,1
RIMONE_r2_Im451,2,r2,1,0.4502430555555559,0
RIMONE_r2_Im453,2,r2,1,0.4657150280275282,0
RIMONE_r2_Im454,2,r2,1,0.5300241910866913,1
RIMONE_r2_Im455,2,r2,1,0.6048257783882786,1
RIMONE_r3_G-1-L_left_half,2,r3,1,0.38979662698412687,0
RIMONE_r3_G-10-L_left_half,2,r3,1,0.8303898323898324,1
RIMONE_r3_G-11-R_left_half,2,r3,1,0.8135767704517701,1
RIMONE_r3_G-12-L_left_half,2,r3,1,0.37366170634920626,0
RIMONE_r3_G-13-R_left_half,2,r3,1,0.7563823260073259,1
RIMONE_r3_G-14-R_left_half,2,r3,1,0.3494694264069264,0
RIMONE_r3_G-15-L_left_half,2,r3,1,0.4035248015873016,0
RIMONE_r3_G-16-R_left_half,2,r3,1,0.3749573412698412,0
RIMONE_r3_G-17-L_left_half,2,r3,1,0.3801835317460317,0
RIMONE_r3_G-18-R_left_half,2,r3,1,0.35245932539682534,0
RIMONE_r3_G-2-R_left_half,2,r3,1,0.4407906746031747,0
RIMONE_r3_G-22-L_left_half,2,r3,1,0.874789682539682,1
RIMONE_r3_G-23-R_left_half,2,r3,1,0.5268843101343104,1
RIMONE_r3_G-25-L_left_half,2,r3,1,0.47880990537240564,0
RIMONE_r3_G-27-R_left_half,2,r3,1,0.5628100857475861,1
RIMONE_r3_G-29-R_left_half,2,r3,1,0.4062668650793651,0
RIMONE_r3_G-3-R_left_half,2,r3,1,0.8407658730158727,1
RIMONE_r3_G-30-L_left_half,2,r3,1,0.5736850857475859,1
RIMONE_r3_G-31-R_left_half,2,r3,1,0.6728501290376291,1
RIMONE_r3_G-32-L_left_half,2,r3,1,0.7627128635253634,1
RIMONE_r3_G-33-R_left_half,2,r3,1,0.35949720418470416,0
RIMONE_r3_G-34-L_left_half,2,r3,1,0.5915291514041515,1
RIMONE_r3_G-35-R_left_half,2,r3,1,0.32554861111111094,0
RIMONE_r3_G-37-R_left_half,2,r3,1,0.6049120879120882,1
RIMONE_r3_G-38-L_left_half,2,r3,1,0.477231150793651,0
RIMONE_r3_G-39-L_left_half,2,r3,1,0.5037156593406596,1
RIMONE_r3_G-6-L_left_half,2,r3,1,0.42910019841269853,0
RIMONE_r3_G-8-R_left_half,2,r3,1,0.3088186327561327,0
RIMONE_r3_G-9-R_left_half,2,r3,1,0.4620882936507939,0
RIMONE_r3_S-1-L_left_half,2,r3,1,0.3616061507936507,0
RIMONE_r3_S-10-R_left_half,2,r3,1,0.777467823842824,1
RIMONE_r3_S-11-L_left_half,2,r3,1,0.3852073412698411,0
RIMONE_r3_S-12-L_left_half,2,r3,1,0.882988095238095,1
RIMONE_r3_S-13-R_left_half,2,r3,1,0.5751241883116884,1
RIMONE_r3_S-14-R_left_half,2,r3,1,0.3707648809523809,0
RIMONE_r3_S-18-L_left_half,2,r3,1,0.32913591269841264,0
RIMONE_r3_S-19-R_left_half,2,r3,1,0.3596478174603174,0
RIMONE_r3_S-2-L_left_half,2,r3,1,0.35017956349206336,0
RIMONE_r3_S-20-L_left_half,2,r3,1,0.5265408549783552,1
RIMONE_r3_S-21-R_left_half,2,r3,1,0.6211174450549451,1
RIMONE_r3_S-25-L_left_half,2,r3,1,0.7935838952713954,1
RIMONE_r3_S-26-R_left_half,2,r3,1,0.5829172286047288,1
RIMONE_r3_S-28-R_left_half,2,r3,1,0.49168490537240567,0
RIMONE_r3_S-29-R_left_half,2,r3,1,0.3785704365079364,0
RIMONE_r3_S-30-L_left_half,2,r3,1,0.3330507756132755,0
RIMONE_r3_S-31-L_left_half,2,r3,1,0.3253263888888887,0
RIMONE_r3_S-32-L_left_half,2,r3,1,0.32663194444444427,0
RIMONE_r3_S-33-R_left_half,2,r3,1,0.3792371031746031,0
RIMONE_r3_S-35-R_left_half,2,r3,1,0.5229648476523479,1
RIMONE_r3_S-4-L_left_half,2,r3,1,0.8306243894993892,1
RIMONE_r3_S-6-R_left_half,2,r3,1,0.6875737942612943,1
RIMONE_r3_S-9-L_left_half,2,r3,1,0.8152505619380621,1
RIMONE_r2_Im034,2,r2,0,0.33946744227994224,0
RIMONE_r2_Im036,2,r2,0,0.32888410894660886,0
RIMONE_r2_Im038,2,r2,0,0.33830077561327565,0
RIMONE_r2_Im040,2,r2,0,0.38787996031746025,0
RIMONE_r2_Im042,2,r2,0,0.3885347222222222,0
RIMONE_r2_Im044,2,r2,0,0.3715390512265512,0
RIMONE_r2_Im046,2,r2,0,0.3933545274170275,0
RIMONE_r2_Im048,2,r2,0,0.439326388888889,0
RIMONE_r2_Im050,2,r2,0,0.34751506132756127,0
RIMONE_r2_Im052,2,r2,0,0.3461021825396825,0
RIMONE_r2_Im054,2,r2,0,0.3521795634920634,0
RIMONE_r2_Im056,2,r2,0,0.39048313492063486,0
RIMONE_r2_Im058,2,r2,0,0.4682374639249639,0
RIMONE_r2_Im060,2,r2,0,0.349181727994228,0
RIMONE_r2_Im062,2,r2,0,0.3592055375180375,0
RIMONE_r2_Im064,2,r2,0,0.33988410894660886,0
RIMONE_r2_Im066,2,r2,0,0.37926091269841267,0
RIMONE_r2_Im068,2,r2,0,0.3584972041847042,0
RIMONE_r2_Im070,2,r2,0,0.34751506132756127,0
RIMONE_r2_Im072,2,r2,0,0.34499720418470425,0
RIMONE_r2_Im074,2,r2,0,0.398316829004329,0
RIMONE_r2_Im076,2,r2,0,0.3604118867243868,0
RIMONE_r2_Im078,2,r2,0,0.32950910894660884,0
RIMONE_r2_Im080,2,r2,0,0.34812220418470424,0
RIMONE_r2_Im082,2,r2,0,0.4456597222222225,0
RIMONE_r2_Im084,2,r2,0,0.4458621031746033,0
RIMONE_r2_Im086,2,r2,0,0.3286341089466089,0
RIMONE_r2_Im088,2,r2,0,0.36686029942279935,0
RIMONE_r2_Im090,2,r2,0,0.3282531565656565,0
RIMONE_r2_Im092,2,r2,0,0.39372159090909087,0
RIMONE_r2_Im094,2,r2,0,0.3633382936507937,0
RIMONE_r2_Im096,2,r2,0,0.33480077561327554,0
RIMONE_r2_Im098,2,r2,0,0.3562311507936507,0
RIMONE_r2_Im100,2,r2,0,0.35245932539682534,0
RIMONE_r2_Im102,2,r2,0,0.3955668290043289,0
RIMONE_r2_Im104,2,r2,0,0.349181727994228,0
RIMONE_r2_Im106,2,r2,0,0.3546478174603175,0
RIMONE_r2_Im108,2,r2,0,0.33771744227994227,0
RIMONE_r2_Im110,2,r2,0,0.3555388708513709,0
RIMONE_r2_Im112,2,r2,0,0.49528050421800435,0
RIMONE_r2_Im114,2,r2,0,0.40851920995670993,0
RIMONE_r2_Im116,2,r2,0,0.4411541305916306,0
RIMONE_r2_Im118,2,r2,0,0.35309442640692645,0
RIMONE_r2_Im120,2,r2,0,0.3330507756132755,0
RIMONE_r2_Im122,2,r2,0,0.3530626803751804,0
RIMONE_r2_Im124,2,r2,0,0.3527688492063492,0
RIMONE_r2_Im126,2,r2,0,0.46861419830169837,0
RIMONE_r2_Im128,2,r2,0,0.32950910894660884,0
RIMONE_r2_Im130,2,r2,0,0.33067577561327555,0
RIMONE_r2_Im132,2,r2,0,0.32906466450216443,0
RIMONE_r2_Im134,2,r2,0,0.39810849567099565,0
RIMONE_r2_Im136,2,r2,0,0.3539515692640692,0
RIMONE_r2_Im138,2,r2,0,0.36199522005772006,0
RIMONE_r2_Im140,2,r2,0,0.32413194444444426,0
RIMONE_r2_Im142,2,r2,0,0.3440507756132755,0
RIMONE_r2_Im144,2,r2,0,0.3819001623376622,0
RIMONE_r2_Im146,2,r2,0,0.40902714646464644,0
RIMONE_r2_Im148,2,r2,0,0.349181727994228,0
RIMONE_r2_Im150,2,r2,0,0.33555077561327556,0
RIMONE_r2_Im152,2,r2,0,0.3306341089466089,0
RIMONE_r2_Im154,2,r2,0,0.35287220418470416,0
RIMONE_r2_Im156,2,r2,0,0.3350507756132756,0
RIMONE_r2_Im158,2,r2,0,0.351681727994228,0
RIMONE_r2_Im160,2,r2,0,0.33367577561327555,0
RIMONE_r2_Im162,2,r2,0,0.3796299603174602,0
RIMONE_r2_Im164,2,r2,0,0.4158164682539684,0
RIMONE_r2_Im166,2,r2,0,0.5000231782106783,1
RIMONE_r2_Im168,2,r2,0,0.4771793137418139,0
RIMONE_r2_Im170,2,r2,0,0.36712220418470415,0
RIMONE_r2_Im172,2,r2,0,0.35572934704184694,0
RIMONE_r2_Im174,2,r2,0,0.4218525432900433,0
RIMONE_r2_Im176,2,r2,0,0.3619990079365079,0
RIMONE_r2_Im178,2,r2,0,0.3651638708513708,0
RIMONE_r2_Im180,2,r2,0,0.35746924603174607,0
RIMONE_r2_Im182,2,r2,0,0.39265214646464636,0
RIMONE_r2_Im184,2,r2,0,0.37007476551226554,0
RIMONE_r2_Im186,2,r2,0,0.3325507756132755,0
RIMONE_r2_Im188,2,r2,0,0.40485615079365084,0
RIMONE_r2_Im190,2,r2,0,0.4879160353535355,0
RIMONE_r2_Im192,2,r2,0,0.3523960137085137,0
RIMONE_r2_Im194,2,r2,0,0.36452696608946605,0
RIMONE_r2_Im196,2,r2,0,0.33367577561327555,0
RIMONE_r2_Im198,2,r2,0,0.33480077561327554,0
RIMONE_r2_Im200,2,r2,0,0.36107855339105344,0
RIMONE_r2_Im202,2,r2,0,0.3763680555555554,0
RIMONE_r2_Im206,2,r2,0,0.3417430555555554,0
RIMONE_r2_Im208,2,r2,0,0.35322934704184694,0
RIMONE_r2_Im210,2,r2,0,0.35322934704184694,0
RIMONE_r2_Im212,2,r2,0,0.33067577561327555,0
RIMONE_r2_Im214,2,r2,0,0.4896698232323234,0
RIMONE_r2_Im216,2,r2,0,0.3298007756132755,0
RIMONE_r2_Im218,2,r2,0,0.495189844877345,0
RIMONE_r2_Im220,2,r2,0,0.42701686507936515,0
RIMONE_r2_Im222,2,r2,0,0.3357531565656565,0
RIMONE_r2_Im224,2,r2,0,0.37387833694083694,0
RIMONE_r2_Im226,2,r2,0,0.4424454365079365,0
RIMONE_r2_Im228,2,r2,0,0.4637146672771676,0
RIMONE_r2_Im230,2,r2,0,0.47296683177933185,0
RIMONE_r2_Im232,2,r2,0,0.3727847222222222,0
RIMONE_r2_Im234,2,r2,0,0.3524555375180375,0
RIMONE_r2_Im236,2,r2,0,0.4386541305916306,0
RIMONE_r2_Im238,2,r2,0,0.34614006132756125,0
RIMONE_r2_Im240,2,r2,0,0.38110849567099564,0
RIMONE_r2_Im242,2,r2,0,0.3637450396825397,0
RIMONE_r2_Im244,2,r2,0,0.33067577561327555,0
RIMONE_r2_Im246,2,r2,0,0.37829301948051947,0
RIMONE_r2_Im248,2,r2,0,0.3556478174603173,0
RIMONE_r2_Im250,2,r2,0,0.4754628635253637,0
RIMONE_r2_Im252,2,r2,0,0.39868966450216453,0
RIMONE_r2_Im254,2,r2,0,0.3605527597402597,0
RIMONE_r3_N-1-L_left_half,2,r3,0,0.3728521825396824,0
RIMONE_r3_N-10-R_left_half,2,r3,0,0.5824767524142526,1
RIMONE_r3_N-11-L_left_half,2,r3,0,0.47825705544455543,0
RIMONE_r3_N-12-R_left_half,2,r3,0,0.5478977480852482,1
RIMONE_r3_N-13-L_left_half,2,r3,0,0.5879172286047288,1
RIMONE_r3_N-14-R_left_half,2,r3,0,0.3370605158730158,0
RIMONE_r3_N-16-R_left_half,2,r3,0,0.35860615079365066,0
RIMONE_r3_N-17-L_left_half,2,r3,0,0.4412789502164503,0
RIMONE_r3_N-18-R_left_half,2,r3,0,0.3153424422799421,0
RIMONE_r3_N-2-R_left_half,2,r3,0,0.5431077047952051,1
RIMONE_r3_N-20-R_left_half,2,r3,0,0.3323007756132755,0
RIMONE_r3_N-21-L_left_half,2,r3,0,0.581414973914974,1
RIMONE_r3_N-22-R_left_half,2,r3,0,0.6298124306249308,1
RIMONE_r3_N-23-L_left_half,2,r3,0,0.341048611111111,0
RIMONE_r3_N-24-R_left_half,2,r3,0,0.5612340576090576,1
RIMONE_r3_N-25-L_left_half,2,r3,0,0.4008561507936508,0
RIMONE_r3_N-26-R_left_half,2,r3,0,0.317173611111111,0
RIMONE_r3_N-27-L_left_half,2,r3,0,0.320423611111111,0
RIMONE_r3_N-28-R_left_half,2,r3,0,0.3276341089466089,0
RIMONE_r3_N-29-L_left_half,2,r3,0,0.3683244047619047,0
RIMONE_r3_N-3-L_left_half,2,r3,0,0.3611162518037518,0
RIMONE_r3_N-30-R_left_half,2,r3,0,0.44571881590631607,0
RIMONE_r3_N-31-L_left_half,2,r3,0,0.3440507756132755,0
RIMONE_r3_N-32-R_left_half,2,r3,0,0.30838410894660884,0
RIMONE_r3_N-33-L_left_half,2,r3,0,0.3775704365079364,0
RIMONE_r3_N-34-R_left_half,2,r3,0,0.4361240079365081,0
RIMONE_r3_N-35-L_left_half,2,r3,0,0.4424573412698414,0
RIMONE_r3_N-36-R_left_half,2,r3,0,0.374862103174603,0
RIMONE_r3_N-37-L_left_half,2,r3,0,0.49142336136086145,0
RIMONE_r3_N-38-R_left_half,2,r3,0,0.5057138555888556,1
RIMONE_r3_N-39-L_left_half,2,r3,0,0.37379861111111107,0
RIMONE_r3_N-4-R_left_half,2,r3,0,0.351681727994228,0
RIMONE_r3_N-40-R_left_half,2,r3,0,0.33750099206349204,0
RIMONE_r3_N-41-L_left_half,2,r3,0,0.35142162698412704,0
RIMONE_r3_N-42-R_left_half,2,r3,0,0.3992372835497835,0
RIMONE_r3_N-43-L_left_half,2,r3,0,0.4246757756132756,0
RIMONE_r3_N-44-R_left_half,2,r3,0,0.46271286352536356,0
RIMONE_r3_N-46-R_left_half,2,r3,0,0.4639475316350318,0
RIMONE_r3_N-47-L_left_half,2,r3,0,0.36498710317460314,0
RIMONE_r3_N-48-R_left_half,2,r3,0,0.5812156593406596,1
RIMONE_r3_N-49-L_left_half,2,r3,0,0.36966387085137087,0
RIMONE_r3_N-5-L_left_half,2,r3,0,0.33367577561327555,0
RIMONE_r3_N-50-R_left_half,2,r3,0,0.3621638708513708,0
RIMONE_r3_N-51-L_left_half,2,r3,0,0.8826382783882781,1
RIMONE_r3_N-52-R_left_half,2,r3,0,0.6121978021978024,1
RIMONE_r3_N-53-L_left_half,2,r3,0,0.3998561507936508,0
RIMONE_r3_N-54-R_left_half,2,r3,0,0.4061359126984127,0
RIMONE_r3_N-55-L_left_half,2,r3,0,0.4394573412698414,0
RIMONE_r3_N-56-R_left_half,2,r3,0,0.4851478174603177,0
RIMONE_r3_N-58-R_left_half,2,r3,0,0.3550406746031745,0
RIMONE_r3_N-59-L_left_half,2,r3,0,0.4857805042180043,0
RIMONE_r3_N-6-R_left_half,2,r3,0,0.4349338924963924,0
RIMONE_r3_N-61-L_left_half,2,r3,0,0.6130876831501832,1
RIMONE_r3_N-62-R_left_half,2,r3,0,0.6873493173493176,1
RIMONE_r3_N-63-L_left_half,2,r3,0,0.4167609126984128,0
RIMONE_r3_N-64-R_left_half,2,r3,0,0.3197430555555554,0
RIMONE_r3_N-65-L_left_half,2,r3,0,0.4477902444777445,0
RIMONE_r3_N-66-R_left_half,2,r3,0,0.6213305375180374,1
RIMONE_r3_N-67-L_left_half,2,r3,0,0.49901048257298264,0
RIMONE_r3_N-68-R_left_half,2,r3,0,0.45667714923964936,0
RIMONE_r3_N-69-L_left_half,2,r3,0,0.48604800061050085,0
RIMONE_r3_N-7-L_left_half,2,r3,0,0.40606448412698415,0
RIMONE_r3_N-70-R_left_half,2,r3,0,0.4226898448773448,0
RIMONE_r3_N-71-L_left_half,2,r3,0,0.5803100857475859,1
RIMONE_r3_N-72-R_left_half,2,r3,0,0.32592361111111096,0
RIMONE_r3_N-73-R_left_half,2,r3,0,0.4118882575757576,0
RIMONE_r3_N-74-L_left_half,2,r3,0,0.3116795634920634,0
RIMONE_r3_N-75-R_left_half,2,r3,0,0.3349652777777776,0
RIMONE_r3_N-76-R_left_half,2,r3,0,0.37861841630591625,0
RIMONE_r3_N-78-R_left_half,2,r3,0,0.5380958000332999,1
RIMONE_r3_N-79-L_left_half,2,r3,0,0.3519117063492064,0
RIMONE_r3_N-8-L_left_half,2,r3,0,0.35122934704184694,0
RIMONE_r3_N-80-R_left_half,2,r3,0,0.747250992063492,1
RIMONE_r3_N-81-L_left_half,2,r3,0,0.3419575216450217,0
RIMONE_r3_N-82-R_left_half,2,r3,0,0.46747718253968273,0
RIMONE_r3_N-83-L_left_half,2,r3,0,0.5996095085470087,1
RIMONE_r3_N-84-R_left_half,2,r3,0,0.43940514346764364,0
RIMONE_r3_N-85-L_left_half,2,r3,0,0.3619990079365079,0
RIMONE_r3_N-86-R_left_half,2,r3,0,0.3555388708513709,0
RIMONE_r3_N-87-L_left_half,2,r3,0,0.37448349567099565,0
RIMONE_r3_N-88-R_left_half,2,r3,0,0.3706638708513708,0
RIMONE_r3_N-9-L_left_half,2,r3,0,0.35789384920634915,0
RIMONE_r3_N-90-R_left_half,2,r3,0,0.3443960137085137,0
RIMONE_r3_N-91-L_left_half,2,r3,0,0.38640990259740254,0
RIMONE_r3_N-92-R_left_half,2,r3,0,0.36838032106782104,0
RIMONE_r1_Im069,3,r1,1,0.3075779220779221,0
RIMONE_r1_Im103,3,r1,1,0.5096785714285713,1
RIMONE_r1_Im113,3,r1,1,0.45976190476190465,0
RIMONE_r1_Im117,3,r1,1,0.38069047619047613,0
RIMONE_r1_Im118,3,r1,1,0.4242619047619048,0
RIMONE_r1_Im120,3,r1,1,0.5921349206349208,1
RIMONE_r1_Im121,3,r1,1,0.29806601731601734,0
RIMONE_r1_Im122,3,r1,1,0.31032792207792215,0
RIMONE_r1_Im135,3,r1,1,0.6340559163059164,1
RIMONE_r1_Im144,3,r1,1,0.38476839826839826,0
RIMONE_r1_Im158,3,r1,1,0.5879325396825397,1
RIMONE_r1_Im167,3,r1,1,0.49892857142857133,0
RIMONE_r2_Im257,3,r2,1,0.6910039682539681,1
RIMONE_r2_Im258,3,r2,1,0.6136154401154401,1
RIMONE_r2_Im260,3,r2,1,0.6051630591630591,1
RIMONE_r2_Im263,3,r2,1,0.48592857142857143,0
RIMONE_r2_Im264,3,r2,1,0.7417896825396824,1
RIMONE_r2_Im266,3,r2,1,0.5896334776334776,1
RIMONE_r2_Im267,3,r2,1,0.6939761904761904,1
RIMONE_r2_Im268,3,r2,1,0.5546825396825396,1
RIMONE_r2_Im269,3,r2,1,0.5767247474747474,1
RIMONE_r2_Im270,3,r2,1,0.30473268398268405,0
RIMONE_r2_Im273,3,r2,1,0.3518160173160173,0
RIMONE_r2_Im275,3,r2,1,0.333982683982684,0
RIMONE_r2_Im277,3,r2,1,0.5984011544011545,1
RIMONE_r2_Im281,3,r2,1,0.19203174603174603,0
RIMONE_r2_Im287,3,r2,1,0.6817539682539683,1
RIMONE_r2_Im288,3,r2,1,0.5974191919191919,1
RIMONE_r2_Im289,3,r2,1,0.5934238816738816,1
RIMONE_r2_Im290,3,r2,1,0.5750678210678211,1
RIMONE_r2_Im291,3,r2,1,0.30891125541125547,0
RIMONE_r2_Im292,3,r2,1,0.6849866522366522,1
RIMONE_r2_Im293,3,r2,1,0.5970873015873016,1
RIMONE_r2_Im294,3,r2,1,0.5547420634920635,1
RIMONE_r2_Im301,3,r2,1,0.6922658730158732,1
RIMONE_r2_Im302,3,r2,1,0.6881706349206348,1
RIMONE_r2_Im303,3,r2,1,0.7008849206349207,1
RIMONE_r2_Im305,3,r2,1,0.702218253968254,1
RIMONE_r2_Im314,3,r2,1,0.5957821067821069,1
RIMONE_r2_Im315,3,r2,1,0.5776706349206349,1
RIMONE_r2_Im317,3,r2,1,0.5986392496392497,1
RIMONE_r2_Im318,3,r2,1,0.6297925685425686,1
RIMONE_r2_Im319,3,r2,1,0.30032792207792214,0
RIMONE_r2_Im320,3,r2,1,0.6232582972582973,1
RIMONE_r2_Im321,3,r2,1,0.7185873015873016,1
RIMONE_r2_Im324,3,r2,1,0.7260515873015873,1
RIMONE_r2_Im329,3,r2,1,0.31266125541125545,0
RIMONE_r2_Im330,3,r2,1,0.29806601731601734,0
RIMONE_r2_Im331,3,r2,1,0.6111154401154402,1
RIMONE_r2_Im332,3,r2,1,0.6000223665223665,1
RIMONE_r2_Im333,3,r2,1,0.6975515873015873,1
RIMONE_r2_Im334,3,r2,1,0.6217539682539681,1
RIMONE_r2_Im338,3,r2,1,0.6337463924963925,1
RIMONE_r2_Im339,3,r2,1,0.40981601731601736,0
RIMONE_r2_Im343,3,r2,1,0.6284606782106783,1
RIMONE_r2_Im344,3,r2,1,0.6661468253968255,1
RIMONE_r1_Im001,3,r1,0,0.6077344877344878,1
RIMONE_r1_Im003,3,r1,0,0.5798167388167388,1
RIMONE_r1_Im004,3,r1,0,0.2944945887445888,0
RIMONE_r1_Im006,3,r1,0,0.6292301587301588,1
RIMONE_r1_Im008,3,r1,0,0.6020818903318902,1
RIMONE_r1_Im011,3,r1,0,0.6175818903318903,1
RIMONE_r1_Im012,3,r1,0,0.632563492063492,1
RIMONE_r1_Im014,3,r1,0,0.6287723665223666,1
RIMONE_r1_Im015,3,r1,0,0.5978556998557,1
RIMONE_r1_Im019,3,r1,0,0.6550321067821068,1
RIMONE_r1_Im020,3,r1,0,0.5997344877344879,1
RIMONE_r1_Im022,3,r1,0,0.3305183982683983,0
RIMONE_r1_Im023,3,r1,0,0.3305183982683983,0
RIMONE_r1_Im024,3,r1,0,0.6069390331890332,1
RIMONE_r1_Im025,3,r1,0,0.5995905483405484,1
RIMONE_r1_Im026,3,r1,0,0.6390559163059164,1
RIMONE_r1_Im027,3,r1,0,0.5977463924963926,1
RIMONE_r1_Im028,3,r1,0,0.3157445887445888,0
RIMONE_r1_Im029,3,r1,0,0.30366125541125544,0
RIMONE_r1_Im031,3,r1,0,0.5718834776334777,1
RIMONE_r1_Im032,3,r1,0,0.603125901875902,1
RIMONE_r1_Im033,3,r1,0,0.6136259018759019,1
RIMONE_r1_Im036,3,r1,0,0.4126255411255411,0
RIMONE_r1_Im037,3,r1,0,0.3075779220779221,0
RIMONE_r1_Im040,3,r1,0,0.5872810245310245,1
RIMONE_r1_Im041,3,r1,0,0.598050505050505,1
RIMONE_r1_Im042,3,r1,0,0.5866154401154402,1
RIMONE_r1_Im046,3,r1,0,0.5913297258297259,1
RIMONE_r1_Im047,3,r1,0,0.5920501443001442,1
RIMONE_r1_Im050,3,r1,0,0.6127106782106783,1
RIMONE_r1_Im052,3,r1,0,0.6867691197691197,1
RIMONE_r1_Im054,3,r1,0,0.589419191919192,1
RIMONE_r1_Im055,3,r1,0,0.34864935064935065,0
RIMONE_r1_Im056,3,r1,0,0.30824458874458877,0
RIMONE_r1_Im057,3,r1,0,0.6088834776334777,1
RIMONE_r1_Im058,3,r1,0,0.6178834776334776,1
RIMONE_r1_Im059,3,r1,0,0.6197925685425686,1
RIMONE_r1_Im060,3,r1,0,0.29806601731601734,0
RIMONE_r1_Im061,3,r1,0,0.5958243145743145,1
RIMONE_r1_Im062,3,r1,0,0.3019945887445888,0
RIMONE_r1_Im063,3,r1,0,0.3305183982683983,0
RIMONE_r1_Im071,3,r1,0,0.3143279220779221,0
RIMONE_r1_Im072,3,r1,0,0.637296176046176,1
RIMONE_r1_Im073,3,r1,0,0.6095818903318904,1
RIMONE_r1_Im080,3,r1,0,0.4662619047619047,0
RIMONE_r1_Im082,3,r1,0,0.34316125541125536,0
RIMONE_r1_Im086,3,r1,0,0.6066111111111111,1
RIMONE_r1_Im087,3,r1,0,0.29966125541125543,0
RIMONE_r1_Im095,3,r1,0,0.6038416305916308,1
RIMONE_r1_Im107,3,r1,0,0.5465873015873016,1
RIMONE_r1_Im108,3,r1,0,0.3136017316017316,0
RIMONE_r1_Im115,3,r1,0,0.36804220779220775,0
RIMONE_r1_Im116,3,r1,0,0.29616125541125543,0
RIMONE_r1_Im119,3,r1,0,0.6852896825396825,1
RIMONE_r1_Im125,3,r1,0,0.35603030303030303,0
RIMONE_r1_Im127,3,r1,0,0.32193506493506496,0
RIMONE_r1_Im128,3,r1,0,0.5892344877344879,1
RIMONE_r1_Im129,3,r1,0,0.3293279220779221,0
RIMONE_r1_Im130,3,r1,0,0.6270873015873015,1
RIMONE_r1_Im131,3,r1,0,0.3069945887445888,0
RIMONE_r1_Im132,3,r1,0,0.49458189033189043,0
RIMONE_r1_Im133,3,r1,0,0.3236017316017316,0
RIMONE_r1_Im136,3,r1,0,0.5576111111111112,1
RIMONE_r1_Im137,3,r1,0,0.6935104617604617,1
RIMONE_r1_Im138,3,r1,0,0.4281969696969697,0
RIMONE_r1_Im142,3,r1,0,0.5693755411255411,1
RIMONE_r1_Im143,3,r1,0,0.7197896825396823,1
RIMONE_r1_Im145,3,r1,0,0.7332658730158728,1
RIMONE_r1_Im146,3,r1,0,0.5408571428571428,1
RIMONE_r1_Im149,3,r1,0,0.3191493506493507,0
RIMONE_r1_Im150,3,r1,0,0.39792857142857135,0
RIMONE_r1_Im151,3,r1,0,0.6103318903318904,1
RIMONE_r1_Im152,3,r1,0,0.7113015873015871,1
RIMONE_r1_Im153,3,r1,0,0.6420277777777779,1
RIMONE_r1_Im154,3,r1,0,0.3580422077922078,0
RIMONE_r1_Im155,3,r1,0,0.6024444444444444,1
RIMONE_r1_Im156,3,r1,0,0.6187247474747475,1
RIMONE_r1_Im159,3,r1,0,0.594174963924964,1
RIMONE_r1_Im161,3,r1,0,0.40359523809523806,0
RIMONE_r1_Im162,3,r1,0,0.5973253968253968,1
RIMONE_r1_Im163,3,r1,0,0.5721414141414142,1
RIMONE_r1_Im164,3,r1,0,0.3736071428571428,0
RIMONE_r1_Im165,3,r1,0,0.31519696969696975,0
RIMONE_r1_Im166,3,r1,0,0.4171969696969697,0
RIMONE_r1_Im168,3,r1,0,0.5931890331890333,1
RIMONE_r1_Im169,3,r1,0,0.5393556998556999,1
RIMONE_r2_Im001,3,r2,0,0.7107658730158731,1
RIMONE_r2_Im002,3,r2,0,0.5581414141414142,1
RIMONE_r2_Im003,3,r2,0,0.5870025252525253,1
RIMONE_r2_Im004,3,r2,0,0.6113834776334777,1
RIMONE_r2_Im005,3,r2,0,0.6313968253968253,1
RIMONE_r2_Im006,3,r2,0,0.6255501443001443,1
RIMONE_r2_Im007,3,r2,0,0.6041154401154402,1
RIMONE_r2_Im009,3,r2,0,0.6103358585858585,1
RIMONE_r2_Im010,3,r2,0,0.6078253968253968,1
RIMONE_r2_Im011,3,r2,0,0.6880992063492064,1
RIMONE_r2_Im012,3,r2,0,0.6113834776334777,1
RIMONE_r2_Im013,3,r2,0,0.5809011544011544,1
RIMONE_r2_Im014,3,r2,0,0.5976414141414143,1
RIMONE_r2_Im015,3,r2,0,0.2978279220779221,0
RIMONE_r2_Im016,3,r2,0,0.3034112554112554,0
RIMONE_r2_Im017,3,r2,0,0.6364368686868688,1
RIMONE_r2_Im018,3,r2,0,0.6095321067821069,1
RIMONE_r2_Im019,3,r2,0,0.5846652236652237,1
RIMONE_r2_Im020,3,r2,0,0.31193506493506495,0
RIMONE_r2_Im021,3,r2,0,0.42386363636363633,0
RIMONE_r2_Im022,3,r2,0,0.6956533189033187,1
RIMONE_r2_Im023,3,r2,0,0.3069945887445888,0
RIMONE_r2_Im024,3,r2,0,0.387732683982684,0
RIMONE_r2_Im025,3,r2,0,0.29806601731601734,0
RIMONE_r2_Im026,3,r2,0,0.30474458874458876,0
RIMONE_r2_Im027,3,r2,0,0.6075818903318903,1
RIMONE_r2_Im028,3,r2,0,0.3305183982683983,0
RIMONE_r2_Im029,3,r2,0,0.5622539682539683,1
RIMONE_r2_Im030,3,r2,0,0.6034606782106783,1
RIMONE_r2_Im031,3,r2,0,0.5763059163059163,1
RIMONE_r2_Im032,3,r2,0,0.30282792207792214,0
RIMONE_r2_Im033,3,r2,0,0.5921652236652237,1
RIMONE_r2_Im347,3,r2,1,0.5934999999999999,1
RIMONE_r2_Im348,3,r2,1,0.6049444444444445,1
RIMONE_r2_Im351,3,r2,1,0.5828611111111112,1
RIMONE_r2_Im352,3,r2,1,0.47477380952380943,0
RIMONE_r2_Im354,3,r2,1,0.44569696969696976,0
RIMONE_r2_Im355,3,r2,1,0.42903030303030304,0
RIMONE_r2_Im356,3,r2,1,0.4358636363636363,0
RIMONE_r2_Im357,3,r2,1,0.7088015873015873,1
RIMONE_r2_Im358,3,r2,1,0.6929682539682538,1
RIMONE_r2_Im362,3,r2,1,0.5966652236652236,1
RIMONE_r2_Im365,3,r2,1,0.3638160173160173,0
RIMONE_r2_Im366,3,r2,1,0.47942857142857137,0
RIMONE_r2_Im369,3,r2,1,0.5259285714285713,1
RIMONE_r2_Im373,3,r2,1,0.4969285714285714,0
RIMONE_r2_Im376,3,r2,1,0.32383982683982687,0
RIMONE_r2_Im377,3,r2,1,0.714123015873016,1
RIMONE_r2_Im383,3,r2,1,0.29806601731601734,0
RIMONE_r2_Im384,3,r2,1,0.4839285714285713,0
RIMONE_r2_Im385,3,r2,1,0.470030303030303,0
RIMONE_r2_Im387,3,r2,1,0.7211230158730157,1
RIMONE_r2_Im388,3,r2,1,0.49892857142857133,0
RIMONE_r2_Im389,3,r2,1,0.4879285714285714,0
RIMONE_r2_Im390,3,r2,1,0.481530303030303,0
RIMONE_r2_Im391,3,r2,1,0.47619696969696973,0
RIMONE_r2_Im392,3,r2,1,0.5054285714285713,1
RIMONE_r2_Im393,3,r2,1,0.690873015873016,1
RIMONE_r2_Im398,3,r2,1,0.5520158730158731,1
RIMONE_r2_Im399,3,r2,1,0.5685202020202021,1
RIMONE_r2_Im400,3,r2,1,0.481530303030303,0
RIMONE_r2_Im401,3,r2,1,0.47953030303030303,0
RIMONE_r2_Im402,3,r2,1,0.3041969696969697,0
RIMONE_r2_Im403,3,r2,1,0.40469696969696967,0
RIMONE_r2_Im404,3,r2,1,0.481530303030303,0
RIMONE_r2_Im406,3,r2,1,0.3069945887445888,0
RIMONE_r2_Im407,3,r2,1,0.6520277777777779,1
RIMONE_r2_Im408,3,r2,1,0.5785501443001443,1
RIMONE_r2_Im414,3,r2,1,0.6241111111111111,1
RIMONE_r2_Im415,3,r2,1,0.3574945887445887,0
RIMONE_r2_Im416,3,r2,1,0.35282792207792213,0
RIMONE_r2_Im418,3,r2,1,0.43386363636363634,0
RIMONE_r2_Im419,3,r2,1,0.5954996392496392,1
RIMONE_r2_Im420,3,r2,1,0.5856176046176046,1
RIMONE_r2_Im421,3,r2,1,0.5755818903318903,1
RIMONE_r2_Im422,3,r2,1,0.4869285714285714,0
RIMONE_r2_Im424,3,r2,1,0.3608279220779221,0
RIMONE_r2_Im427,3,r2,1,0.5386825396825398,1
RIMONE_r2_Im428,3,r2,1,0.41119696969696967,0
RIMONE_r2_Im429,3,r2,1,0.3608279220779221,0
RIMONE_r2_Im432,3,r2,1,0.5877702020202021,1
RIMONE_r2_Im433,3,r2,1,0.7141230158730159,1
RIMONE_r2_Im436,3,r2,1,0.5896414141414141,1
RIMONE_r2_Im439,3,r2,1,0.39929220779220786,0
RIMONE_r2_Im441,3,r2,1,0.42636363636363633,0
RIMONE_r2_Im442,3,r2,1,0.4628636363636363,0
RIMONE_r2_Im443,3,r2,1,0.7163199855699854,1
RIMONE_r2_Im444,3,r2,1,0.4954285714285714,0
RIMONE_r2_Im445,3,r2,1,0.35864935064935066,0
RIMONE_r2_Im448,3,r2,1,0.7179682539682538,1
RIMONE_r2_Im449,3,r2,1,0.7011825396825395,1
RIMONE_r2_Im450,3,r2,1,0.7032063492063491,1
RIMONE_r2_Im451,3,r2,1,0.47953030303030303,0
RIMONE_r2_Im453,3,r2,1,0.5943654401154402,1
RIMONE_r2_Im454,3,r2,1,0.5269285714285714,1
RIMONE_r2_Im455,3,r2,1,0.7101349206349206,1
RIMONE_r3_G-1-L_left_half,3,r3,1,0.42969696969696974,0
RIMONE_r3_G-10-L_left_half,3,r3,1,0.7409523809523809,1
RIMONE_r3_G-11-R_left_half,3,r3,1,0.6823690476190475,1
RIMONE_r3_G-12-L_left_half,3,r3,1,0.4446969696969696,0
RIMONE_r3_G-13-R_left_half,3,r3,1,0.6767023809523809,1
RIMONE_r3_G-14-R_left_half,3,r3,1,0.5727723665223666,1
RIMONE_r3_G-15-L_left_half,3,r3,1,0.4618636363636364,0
RIMONE_r3_G-16-R_left_half,3,r3,1,0.4213636363636364,0
RIMONE_r3_G-17-L_left_half,3,r3,1,0.39042857142857135,0
RIMONE_r3_G-18-R_left_half,3,r3,1,0.2944945887445888,0
RIMONE_r3_G-2-R_left_half,3,r3,1,0.481530303030303,0
RIMONE_r3_G-22-L_left_half,3,r3,1,0.7663174603174603,1
RIMONE_r3_G-23-R_left_half,3,r3,1,0.5309285714285714,1
RIMONE_r3_G-25-L_left_half,3,r3,1,0.5002619047619047,1
RIMONE_r3_G-27-R_left_half,3,r3,1,0.7233492063492061,1
RIMONE_r3_G-29-R_left_half,3,r3,1,0.45353030303030295,0
RIMONE_r3_G-3-R_left_half,3,r3,1,0.7031428571428573,1
RIMONE_r3_G-30-L_left_half,3,r3,1,0.7004682539682539,1
RIMONE_r3_G-31-R_left_half,3,r3,1,0.6047103174603174,1
RIMONE_r3_G-32-L_left_half,3,r3,1,0.6683214285714284,1
RIMONE_r3_G-33-R_left_half,3,r3,1,0.30616125541125544,0
RIMONE_r3_G-34-L_left_half,3,r3,1,0.6966190476190477,1
RIMONE_r3_G-35-R_left_half,3,r3,1,0.31456601731601735,0
RIMONE_r3_G-37-R_left_half,3,r3,1,0.7292658730158731,1
RIMONE_r3_G-38-L_left_half,3,r3,1,0.4814285714285713,0
RIMONE_r3_G-39-L_left_half,3,r3,1,0.4678809523809524,0
RIMONE_r3_G-6-L_left_half,3,r3,1,0.5040119047619048,1
RIMONE_r3_G-8-R_left_half,3,r3,1,0.29303030303030303,0
RIMONE_r3_G-9-R_left_half,3,r3,1,0.4814285714285713,0
RIMONE_r3_S-1-L_left_half,3,r3,1,0.32807792207792214,0
RIMONE_r3_S-10-R_left_half,3,r3,1,0.6588571428571427,1
RIMONE_r3_S-11-L_left_half,3,r3,1,0.3591612554112554,0
RIMONE_r3_S-12-L_left_half,3,r3,1,0.8204007936507938,1
RIMONE_r3_S-13-R_left_half,3,r3,1,0.7547896825396824,1
RIMONE_r3_S-14-R_left_half,3,r3,1,0.363982683982684,0
RIMONE_r3_S-18-L_left_half,3,r3,1,0.3499112554112554,0
RIMONE_r3_S-19-R_left_half,3,r3,1,0.3913636363636364,0
RIMONE_r3_S-2-L_left_half,3,r3,1,0.30366125541125544,0
RIMONE_r3_S-20-L_left_half,3,r3,1,0.7177182539682537,1
RIMONE_r3_S-21-R_left_half,3,r3,1,0.7063015873015872,1
RIMONE_r3_S-25-L_left_half,3,r3,1,0.7289523809523807,1
RIMONE_r3_S-26-R_left_half,3,r3,1,0.7211230158730157,1
RIMONE_r3_S-28-R_left_half,3,r3,1,0.5135119047619048,1
RIMONE_r3_S-29-R_left_half,3,r3,1,0.40469696969696967,0
RIMONE_r3_S-30-L_left_half,3,r3,1,0.3278398268398269,0
RIMONE_r3_S-31-L_left_half,3,r3,1,0.3080779220779221,0
RIMONE_r3_S-32-L_left_half,3,r3,1,0.3075779220779221,0
RIMONE_r3_S-33-R_left_half,3,r3,1,0.3988636363636364,0
RIMONE_r3_S-35-R_left_half,3,r3,1,0.6796349206349206,1
RIMONE_r3_S-4-L_left_half,3,r3,1,0.769595238095238,1
RIMONE_r3_S-6-R_left_half,3,r3,1,0.5396587301587301,1
RIMONE_r3_S-9-L_left_half,3,r3,1,0.7416190476190475,1
RIMONE_r2_Im034,3,r2,0,0.31383982683982686,0
RIMONE_r2_Im036,3,r2,0,0.29806601731601734,0
RIMONE_r2_Im038,3,r2,0,0.33085173160173165,0
RIMONE_r2_Im040,3,r2,0,0.36532792207792203,0
RIMONE_r2_Im042,3,r2,0,0.4281969696969697,0
RIMONE_r2_Im044,3,r2,0,0.6269834054834055,1
RIMONE_r2_Im046,3,r2,0,0.6136500721500721,1
RIMONE_r2_Im048,3,r2,0,0.45626190476190476,0
RIMONE_r2_Im050,3,r2,0,0.3124112554112555,0
RIMONE_r2_Im052,3,r2,0,0.3069945887445888,0
RIMONE_r2_Im054,3,r2,0,0.3019945887445888,0
RIMONE_r2_Im056,3,r2,0,0.37555952380952384,0
RIMONE_r2_Im058,3,r2,0,0.6325039682539684,1
RIMONE_r2_Im060,3,r2,0,0.3252683982683983,0
RIMONE_r2_Im062,3,r2,0,0.2968279220779221,0
RIMONE_r2_Im064,3,r2,0,0.2994945887445888,0
RIMONE_r2_Im066,3,r2,0,0.3437619047619047,0
RIMONE_r2_Im068,3,r2,0,0.30616125541125544,0
RIMONE_r2_Im070,3,r2,0,0.3152683982683983,0
RIMONE_r2_Im072,3,r2,0,0.31266125541125545,0
RIMONE_r2_Im074,3,r2,0,0.6042842712842712,1
RIMONE_r2_Im076,3,r2,0,0.3697683982683983,0
RIMONE_r2_Im078,3,r2,0,0.30474458874458876,0
RIMONE_r2_Im080,3,r2,0,0.30616125541125544,0
RIMONE_r2_Im082,3,r2,0,0.481530303030303,0
RIMONE_r2_Im084,3,r2,0,0.45976190476190476,0
RIMONE_r2_Im086,3,r2,0,0.3034112554112554,0
RIMONE_r2_Im088,3,r2,0,0.3574945887445887,0
RIMONE_r2_Im090,3,r2,0,0.30223268398268405,0
RIMONE_r2_Im092,3,r2,0,0.5912247474747475,1
RIMONE_r2_Im094,3,r2,0,0.3268279220779221,0
RIMONE_r2_Im096,3,r2,0,0.3305183982683983,0
RIMONE_r2_Im098,3,r2,0,0.40107792207792214,0
RIMONE_r2_Im100,3,r2,0,0.2944945887445888,0
RIMONE_r2_Im102,3,r2,0,0.6025818903318902,1
RIMONE_r2_Im104,3,r2,0,0.3252683982683983,0
RIMONE_r2_Im106,3,r2,0,0.34914935064935065,0
RIMONE_r2_Im108,3,r2,0,0.32383982683982687,0
RIMONE_r2_Im110,3,r2,0,0.3093279220779221,0
RIMONE_r2_Im112,3,r2,0,0.6151349206349207,1
RIMONE_r2_Im114,3,r2,0,0.6342301587301588,1
RIMONE_r2_Im116,3,r2,0,0.6213243145743145,1
RIMONE_r2_Im118,3,r2,0,0.32760173160173167,0
RIMONE_r2_Im120,3,r2,0,0.3278398268398269,0
RIMONE_r2_Im122,3,r2,0,0.34113744588744593,0
RIMONE_r2_Im124,3,r2,0,0.3069945887445888,0
RIMONE_r2_Im126,3,r2,0,0.5249444444444444,1
RIMONE_r2_Im128,3,r2,0,0.30474458874458876,0
RIMONE_r2_Im130,3,r2,0,0.3305183982683983,0
RIMONE_r2_Im132,3,r2,0,0.3605183982683983,0
RIMONE_r2_Im134,3,r2,0,0.596015873015873,1
RIMONE_r2_Im136,3,r2,0,0.3136017316017316,0
RIMONE_r2_Im138,3,r2,0,0.3669945887445887,0
RIMONE_r2_Im140,3,r2,0,0.30891125541125547,0
RIMONE_r2_Im142,3,r2,0,0.3252683982683983,0
RIMONE_r2_Im144,3,r2,0,0.5943676046176046,1
RIMONE_r2_Im146,3,r2,0,0.5643834776334776,1
RIMONE_r2_Im148,3,r2,0,0.3252683982683983,0
RIMONE_r2_Im150,3,r2,0,0.2994945887445888,0
RIMONE_r2_Im152,3,r2,0,0.3114112554112554,0
RIMONE_r2_Im154,3,r2,0,0.3093279220779221,0
RIMONE_r2_Im156,3,r2,0,0.31383982683982686,0
RIMONE_r2_Im158,3,r2,0,0.3252683982683983,0
RIMONE_r2_Im160,3,r2,0,0.3305183982683983,0
RIMONE_r2_Im162,3,r2,0,0.3713160173160173,0
RIMONE_r2_Im164,3,r2,0,0.464595238095238,0
RIMONE_r2_Im166,3,r2,0,0.6465515873015875,1
RIMONE_r2_Im168,3,r2,0,0.5778654401154403,1
RIMONE_r2_Im170,3,r2,0,0.33926839826839833,0
RIMONE_r2_Im172,3,r2,0,0.32193506493506496,0
RIMONE_r2_Im174,3,r2,0,0.6342301587301588,1
RIMONE_r2_Im176,3,r2,0,0.36366125541125544,0
RIMONE_r2_Im178,3,r2,0,0.32193506493506496,0
RIMONE_r2_Im180,3,r2,0,0.34282792207792206,0
RIMONE_r2_Im182,3,r2,0,0.5946930014430013,1
RIMONE_r2_Im184,3,r2,0,0.5847247474747475,1
RIMONE_r2_Im186,3,r2,0,0.29806601731601734,0
RIMONE_r2_Im188,3,r2,0,0.4446969696969696,0
RIMONE_r2_Im190,3,r2,0,0.6325634920634922,1
RIMONE_r2_Im192,3,r2,0,0.3136017316017316,0
RIMONE_r2_Im194,3,r2,0,0.3541612554112554,0
RIMONE_r2_Im196,3,r2,0,0.3278398268398269,0
RIMONE_r2_Im198,3,r2,0,0.32051839826839834,0
RIMONE_r2_Im200,3,r2,0,0.35893506493506494,0
RIMONE_r2_Im202,3,r2,0,0.41119696969696967,0
RIMONE_r2_Im206,3,r2,0,0.3132445887445888,0
RIMONE_r2_Im208,3,r2,0,0.2878279220779221,0
RIMONE_r2_Im210,3,r2,0,0.2878279220779221,0
RIMONE_r2_Im212,3,r2,0,0.3305183982683983,0
RIMONE_r2_Im214,3,r2,0,0.5970873015873016,1
RIMONE_r2_Im216,3,r2,0,0.3034112554112554,0
RIMONE_r2_Im218,3,r2,0,0.6448849206349208,1
RIMONE_r2_Im220,3,r2,0,0.46486363636363626,0
RIMONE_r2_Im222,3,r2,0,0.306232683982684,0
RIMONE_r2_Im224,3,r2,0,0.5655818903318903,1
RIMONE_r2_Im226,3,r2,0,0.46376190476190465,0
RIMONE_r2_Im228,3,r2,0,0.4869285714285714,0
RIMONE_r2_Im230,3,r2,0,0.6159844877344878,1
RIMONE_r2_Im232,3,r2,0,0.36532792207792203,0
RIMONE_r2_Im234,3,r2,0,0.30616125541125544,0
RIMONE_r2_Im236,3,r2,0,0.6118243145743145,1
RIMONE_r2_Im238,3,r2,0,0.2878279220779221,0
RIMONE_r2_Im240,3,r2,0,0.6042842712842712,1
RIMONE_r2_Im242,3,r2,0,0.31016125541125544,0
RIMONE_r2_Im244,3,r2,0,0.3305183982683983,0
RIMONE_r2_Im246,3,r2,0,0.5967247474747474,1
RIMONE_r2_Im248,3,r2,0,0.4126255411255411,0
RIMONE_r2_Im250,3,r2,0,0.5522539682539683,1
RIMONE_r2_Im252,3,r2,0,0.6024985569985569,1
RIMONE_r2_Im254,3,r2,0,0.34360173160173163,0
RIMONE_r3_N-1-L_left_half,3,r3,0,0.4196969696969697,0
RIMONE_r3_N-10-R_left_half,3,r3,0,0.6965396825396825,1
RIMONE_r3_N-11-L_left_half,3,r3,0,0.6376706349206349,1
RIMONE_r3_N-12-R_left_half,3,r3,0,0.6496349206349207,1
RIMONE_r3_N-13-L_left_half,3,r3,0,0.6993373015873015,1
RIMONE_r3_N-14-R_left_half,3,r3,0,0.3178636363636364,0
RIMONE_r3_N-16-R_left_half,3,r3,0,0.40545887445887446,0
RIMONE_r3_N-17-L_left_half,3,r3,0,0.6931533189033188,1
RIMONE_r3_N-18-R_left_half,3,r3,0,0.30474458874458876,0
RIMONE_r3_N-2-R_left_half,3,r3,0,0.7170515873015871,1
RIMONE_r3_N-20-R_left_half,3,r3,0,0.33085173160173165,0
RIMONE_r3_N-21-L_left_half,3,r3,0,0.48859956709956714,0
RIMONE_r3_N-22-R_left_half,3,r3,0,0.6247344877344877,1
RIMONE_r3_N-23-L_left_half,3,r3,0,0.30366125541125544,0
RIMONE_r3_N-24-R_left_half,3,r3,0,0.6402896825396825,1
RIMONE_r3_N-25-L_left_half,3,r3,0,0.44569696969696976,0
RIMONE_r3_N-26-R_left_half,3,r3,0,0.30641125541125547,0
RIMONE_r3_N-27-L_left_half,3,r3,0,0.30891125541125547,0
RIMONE_r3_N-28-R_left_half,3,r3,0,0.30474458874458876,0
RIMONE_r3_N-29-L_left_half,3,r3,0,0.3364112554112554,0
RIMONE_r3_N-3-L_left_half,3,r3,0,0.3136017316017316,0
RIMONE_r3_N-30-R_left_half,3,r3,0,0.6125158730158732,1
RIMONE_r3_N-31-L_left_half,3,r3,0,0.32926839826839827,0
RIMONE_r3_N-32-R_left_half,3,r3,0,0.30141125541125546,0
RIMONE_r3_N-33-L_left_half,3,r3,0,0.3988636363636364,0
RIMONE_r3_N-34-R_left_half,3,r3,0,0.481530303030303,0
RIMONE_r3_N-35-L_left_half,3,r3,0,0.470030303030303,0
RIMONE_r3_N-36-R_left_half,3,r3,0,0.4071969696969698,0
RIMONE_r3_N-37-L_left_half,3,r3,0,0.6284682539682541,1
RIMONE_r3_N-38-R_left_half,3,r3,0,0.5822593795093797,1
RIMONE_r3_N-39-L_left_half,3,r3,0,0.3155952380952381,0
RIMONE_r3_N-4-R_left_half,3,r3,0,0.3252683982683983,0
RIMONE_r3_N-40-R_left_half,3,r3,0,0.30599458874458874,0
RIMONE_r3_N-41-L_left_half,3,r3,0,0.3268279220779221,0
RIMONE_r3_N-42-R_left_half,3,r3,0,0.5969985569985571,1
RIMONE_r3_N-43-L_left_half,3,r3,0,0.5942301587301587,1
RIMONE_r3_N-44-R_left_half,3,r3,0,0.5743611111111112,1
RIMONE_r3_N-46-R_left_half,3,r3,0,0.5553730158730159,1
RIMONE_r3_N-47-L_left_half,3,r3,0,0.3988636363636364,0
RIMONE_r3_N-48-R_left_half,3,r3,0,0.6720873015873017,1
RIMONE_r3_N-49-L_left_half,3,r3,0,0.32193506493506496,0
RIMONE_r3_N-5-L_left_half,3,r3,0,0.3305183982683983,0
RIMONE_r3_N-50-R_left_half,3,r3,0,0.32193506493506496,0
RIMONE_r3_N-51-L_left_half,3,r3,0,0.784734126984127,1
RIMONE_r3_N-52-R_left_half,3,r3,0,0.7181349206349207,1
RIMONE_r3_N-53-L_left_half,3,r3,0,0.44569696969696976,0
RIMONE_r3_N-54-R_left_half,3,r3,0,0.45686363636363647,0
RIMONE_r3_N-55-L_left_half,3,r3,0,0.470030303030303,0
RIMONE_r3_N-56-R_left_half,3,r3,0,0.4889285714285713,0
RIMONE_r3_N-58-R_left_half,3,r3,0,0.2994945887445888,0
RIMONE_r3_N-59-L_left_half,3,r3,0,0.6184682539682541,1
RIMONE_r3_N-6-R_left_half,3,r3,0,0.6117301587301587,1
RIMONE_r3_N-61-L_left_half,3,r3,0,0.7100039682539682,1
RIMONE_r3_N-62-R_left_half,3,r3,0,0.5579404761904763,1
RIMONE_r3_N-63-L_left_half,3,r3,0,0.46153030303030307,0
RIMONE_r3_N-64-R_left_half,3,r3,0,0.3184112554112554,0
RIMONE_r3_N-65-L_left_half,3,r3,0,0.6022777777777778,1
RIMONE_r3_N-66-R_left_half,3,r3,0,0.5462164502164503,1
RIMONE_r3_N-67-L_left_half,3,r3,0,0.5966111111111111,1
RIMONE_r3_N-68-R_left_half,3,r3,0,0.5996587301587302,1
RIMONE_r3_N-69-L_left_half,3,r3,0,0.4827619047619048,0
RIMONE_r3_N-7-L_left_half,3,r3,0,0.4213636363636364,0
RIMONE_r3_N-70-R_left_half,3,r3,0,0.6122961760461761,1
RIMONE_r3_N-71-L_left_half,3,r3,0,0.7297896825396823,1
RIMONE_r3_N-72-R_left_half,3,r3,0,0.30891125541125547,0
RIMONE_r3_N-73-R_left_half,3,r3,0,0.6244390331890333,1
RIMONE_r3_N-74-L_left_half,3,r3,0,0.31141125541125547,0
RIMONE_r3_N-75-R_left_half,3,r3,0,0.30366125541125544,0
RIMONE_r3_N-76-R_left_half,3,r3,0,0.4686374458874458,0
RIMONE_r3_N-78-R_left_half,3,r3,0,0.47555555555555545,0
RIMONE_r3_N-79-L_left_half,3,r3,0,0.3001612554112555,0
RIMONE_r3_N-8-L_left_half,3,r3,0,0.2878279220779221,0
RIMONE_r3_N-80-R_left_half,3,r3,0,0.6341626984126983,1
RIMONE_r3_N-81-L_left_half,3,r3,0,0.5705977633477634,1
RIMONE_r3_N-82-R_left_half,3,r3,0,0.4822619047619047,0
RIMONE_r3_N-83-L_left_half,3,r3,0,0.3274801587301587,0
RIMONE_r3_N-84-R_left_half,3,r3,0,0.47026190476190477,0
RIMONE_r3_N-85-L_left_half,3,r3,0,0.37366125541125533,0
RIMONE_r3_N-86-R_left_half,3,r3,0,0.2968279220779221,0
RIMONE_r3_N-87-L_left_half,3,r3,0,0.5896176046176046,1
RIMONE_r3_N-88-R_left_half,3,r3,0,0.31943506493506496,0
RIMONE_r3_N-9-L_left_half,3,r3,0,0.30032792207792214,0
RIMONE_r3_N-90-R_left_half,3,r3,0,0.32599458874458875,0
RIMONE_r3_N-91-L_left_half,3,r3,0,0.5984271284271285,1
RIMONE_r3_N-92-R_left_half,3,r3,0,0.4411969696969696,0
RIMONE_r1_Im069,4,r1,1,0.5024960317460319,1
RIMONE_r1_Im103,4,r1,1,0.5852103174603175,1
RIMONE_r1_Im113,4,r1,1,0.5524960317460317,1
RIMONE_r1_Im117,4,r1,1,0.5730869408369409,1
RIMONE_r1_Im118,4,r1,1,0.4258055555555557,0
RIMONE_r1_Im120,4,r1,1,0.5862619047619048,1
RIMONE_r1_Im121,4,r1,1,0.503829365079365,1
RIMONE_r1_Im122,4,r1,1,0.501984126984127,1
RIMONE_r1_Im135,4,r1,1,0.6048567821067821,1
RIMONE_r1_Im144,4,r1,1,0.5516269841269842,1
RIMONE_r1_Im158,4,r1,1,0.5896623376623374,1
RIMONE_r1_Im167,4,r1,1,0.5835436507936508,1
RIMONE_r2_Im257,4,r2,1,0.6304285714285714,1
RIMONE_r2_Im258,4,r2,1,0.6485313852813852,1
RIMONE_r2_Im260,4,r2,1,0.6535313852813851,1
RIMONE_r2_Im263,4,r2,1,0.5446626984126984,1
RIMONE_r2_Im264,4,r2,1,0.6024642857142857,1
RIMONE_r2_Im266,4,r2,1,0.5978412698412697,1
RIMONE_r2_Im267,4,r2,1,0.5881630591630591,1
RIMONE_r2_Im268,4,r2,1,0.5349725829725829,1
RIMONE_r2_Im269,4,r2,1,0.5413888888888888,1
RIMONE_r2_Im270,4,r2,1,0.4849126984126984,0
RIMONE_r2_Im273,4,r2,1,0.5288174603174604,1
RIMONE_r2_Im275,4,r2,1,0.5723412698412699,1
RIMONE_r2_Im277,4,r2,1,0.6212734487734486,1
RIMONE_r2_Im281,4,r2,1,0.4371626984126984,0
RIMONE_r2_Im287,4,r2,1,0.6068611111111113,1
RIMONE_r2_Im288,4,r2,1,0.5472261904761905,1
RIMONE_r2_Im289,4,r2,1,0.5708412698412697,1
RIMONE_r2_Im290,4,r2,1,0.6015353535353535,1
RIMONE_r2_Im291,4,r2,1,0.5140674603174603,1
RIMONE_r2_Im292,4,r2,1,0.5795555555555555,1
RIMONE_r2_Im293,4,r2,1,0.5901349206349207,1
RIMONE_r2_Im294,4,r2,1,0.533972582972583,1
RIMONE_r2_Im301,4,r2,1,0.617,1
RIMONE_r2_Im302,4,r2,1,0.6592023809523809,1
RIMONE_r2_Im303,4,r2,1,0.6204166666666666,1
RIMONE_r2_Im305,4,r2,1,0.6161309523809524,1
RIMONE_r2_Im314,4,r2,1,0.5918686868686869,1
RIMONE_r2_Im315,4,r2,1,0.534547619047619,1
RIMONE_r2_Im317,4,r2,1,0.6227853535353534,1
RIMONE_r2_Im318,4,r2,1,0.6029682539682537,1
RIMONE_r2_Im319,4,r2,1,0.5086507936507936,1
RIMONE_r2_Im320,4,r2,1,0.641388528138528,1
RIMONE_r2_Im321,4,r2,1,0.6504087301587301,1
RIMONE_r2_Im324,4,r2,1,0.6365833333333333,1
RIMONE_r2_Im329,4,r2,1,0.5260793650793651,1
RIMONE_r2_Im330,4,r2,1,0.49335317460317457,0
RIMONE_r2_Im331,4,r2,1,0.631388528138528,1
RIMONE_r2_Im332,4,r2,1,0.5989603174603174,1
RIMONE_r2_Im333,4,r2,1,0.6299166666666666,1
RIMONE_r2_Im334,4,r2,1,0.6295710678210678,1
RIMONE_r2_Im338,4,r2,1,0.6485313852813852,1
RIMONE_r2_Im339,4,r2,1,0.5694841269841269,1
RIMONE_r2_Im343,4,r2,1,0.6161147186147184,1
RIMONE_r2_Im344,4,r2,1,0.6309444444444445,1
RIMONE_r1_Im001,4,r1,0,0.6233170995670994,1
RIMONE_r1_Im003,4,r1,0,0.5652658730158729,1
RIMONE_r1_Im004,4,r1,0,0.48668650793650786,0
RIMONE_r1_Im006,4,r1,0,0.6336504329004327,1
RIMONE_r1_Im008,4,r1,0,0.6249682539682538,1
RIMONE_r1_Im011,4,r1,0,0.6145873015873015,1
RIMONE_r1_Im012,4,r1,0,0.6342615440115439,1
RIMONE_r1_Im014,4,r1,0,0.6172936507936507,1
RIMONE_r1_Im015,4,r1,0,0.5805079365079364,1
RIMONE_r1_Im019,4,r1,0,0.632547619047619,1
RIMONE_r1_Im020,4,r1,0,0.6112020202020202,1
RIMONE_r1_Im022,4,r1,0,0.5122460317460316,1
RIMONE_r1_Im023,4,r1,0,0.5122460317460316,1
RIMONE_r1_Im024,4,r1,0,0.5928015873015873,1
RIMONE_r1_Im025,4,r1,0,0.5769087301587301,1
RIMONE_r1_Im026,4,r1,0,0.6226623376623376,1
RIMONE_r1_Im027,4,r1,0,0.6333290043290042,1
RIMONE_r1_Im028,4,r1,0,0.49869841269841264,0
RIMONE_r1_Im029,4,r1,0,0.5034126984126983,1
RIMONE_r1_Im031,4,r1,0,0.5831825396825395,1
RIMONE_r1_Im032,4,r1,0,0.5973849206349204,1
RIMONE_r1_Im033,4,r1,0,0.6129682539682537,1
RIMONE_r1_Im036,4,r1,0,0.5066984126984126,1
RIMONE_r1_Im037,4,r1,0,0.5084126984126984,1
RIMONE_r1_Im040,4,r1,0,0.5799126984126983,1
RIMONE_r1_Im041,4,r1,0,0.6023253968253967,1
RIMONE_r1_Im042,4,r1,0,0.6147575757575757,1
RIMONE_r1_Im046,4,r1,0,0.636388528138528,1
RIMONE_r1_Im047,4,r1,0,0.6028849206349204,1
RIMONE_r1_Im050,4,r1,0,0.527452380952381,1
RIMONE_r1_Im052,4,r1,0,0.6160277777777776,1
RIMONE_r1_Im054,4,r1,0,0.5516746031746032,1
RIMONE_r1_Im055,4,r1,0,0.518626984126984,1
RIMONE_r1_Im056,4,r1,0,0.5011984126984127,1
RIMONE_r1_Im057,4,r1,0,0.5871468253968252,1
RIMONE_r1_Im058,4,r1,0,0.5907182539682538,1
RIMONE_r1_Im059,4,r1,0,0.597253968253968,1
RIMONE_r1_Im060,4,r1,0,0.493829365079365,0
RIMONE_r1_Im061,4,r1,0,0.5992539682539682,1
RIMONE_r1_Im062,4,r1,0,0.5086507936507936,1
RIMONE_r1_Im063,4,r1,0,0.507579365079365,1
RIMONE_r1_Im071,4,r1,0,0.5220793650793651,1
RIMONE_r1_Im072,4,r1,0,0.6351825396825395,1
RIMONE_r1_Im073,4,r1,0,0.6301825396825396,1
RIMONE_r1_Im080,4,r1,0,0.5428293650793651,1
RIMONE_r1_Im082,4,r1,0,0.5378174603174604,1
RIMONE_r1_Im086,4,r1,0,0.6381742424242423,1
RIMONE_r1_Im087,4,r1,0,0.479936507936508,0
RIMONE_r1_Im095,4,r1,0,0.6177575757575756,1
RIMONE_r1_Im107,4,r1,0,0.5066666666666666,1
RIMONE_r1_Im108,4,r1,0,0.5100674603174603,1
RIMONE_r1_Im115,4,r1,0,0.547531746031746,1
RIMONE_r1_Im116,4,r1,0,0.48090079365079363,0
RIMONE_r1_Im119,4,r1,0,0.6105833333333333,1
RIMONE_r1_Im125,4,r1,0,0.4457698412698413,0
RIMONE_r1_Im127,4,r1,0,0.49471031746031735,0
RIMONE_r1_Im128,4,r1,0,0.6109242424242424,1
RIMONE_r1_Im129,4,r1,0,0.5206269841269842,1
RIMONE_r1_Im130,4,r1,0,0.6354285714285712,1
RIMONE_r1_Im131,4,r1,0,0.4598888888888888,0
RIMONE_r1_Im132,4,r1,0,0.564876984126984,1
RIMONE_r1_Im133,4,r1,0,0.503829365079365,1
RIMONE_r1_Im136,4,r1,0,0.521547619047619,1
RIMONE_r1_Im137,4,r1,0,0.6049444444444443,1
RIMONE_r1_Im138,4,r1,0,0.5164126984126983,1
RIMONE_r1_Im142,4,r1,0,0.5726269841269841,1
RIMONE_r1_Im143,4,r1,0,0.6322976190476189,1
RIMONE_r1_Im145,4,r1,0,0.623047619047619,1
RIMONE_r1_Im146,4,r1,0,0.5737103174603174,1
RIMONE_r1_Im149,4,r1,0,0.5016746031746032,1
RIMONE_r1_Im150,4,r1,0,0.4898769841269842,0
RIMONE_r1_Im151,4,r1,0,0.5881666666666666,1
RIMONE_r1_Im152,4,r1,0,0.6166666666666666,1
RIMONE_r1_Im153,4,r1,0,0.666745670995671,1
RIMONE_r1_Im154,4,r1,0,0.5426984126984128,1
RIMONE_r1_Im155,4,r1,0,0.6474599567099566,1
RIMONE_r1_Im156,4,r1,0,0.5874523809523808,1
RIMONE_r1_Im159,4,r1,0,0.608638528138528,1
RIMONE_r1_Im161,4,r1,0,0.5487579365079366,1
RIMONE_r1_Im162,4,r1,0,0.6302456709956707,1
RIMONE_r1_Im163,4,r1,0,0.5166150793650793,1
RIMONE_r1_Im164,4,r1,0,0.5608726551226552,1
RIMONE_r1_Im165,4,r1,0,0.4162222222222222,0
RIMONE_r1_Im166,4,r1,0,0.5176984126984127,1
RIMONE_r1_Im168,4,r1,0,0.6128888888888888,1
RIMONE_r1_Im169,4,r1,0,0.5396031746031745,1
RIMONE_r2_Im001,4,r2,0,0.6225833333333332,1
RIMONE_r2_Im002,4,r2,0,0.5276388888888889,1
RIMONE_r2_Im003,4,r2,0,0.5709801587301586,1
RIMONE_r2_Im004,4,r2,0,0.607253968253968,1
RIMONE_r2_Im005,4,r2,0,0.6378567821067821,1
RIMONE_r2_Im006,4,r2,0,0.602253968253968,1
RIMONE_r2_Im007,4,r2,0,0.6118170995670994,1
RIMONE_r2_Im009,4,r2,0,0.5593690476190475,1
RIMONE_r2_Im010,4,r2,0,0.6167377344877345,1
RIMONE_r2_Im011,4,r2,0,0.6088809523809523,1
RIMONE_r2_Im012,4,r2,0,0.607253968253968,1
RIMONE_r2_Im013,4,r2,0,0.5921544011544011,1
RIMONE_r2_Im014,4,r2,0,0.6024444444444444,1
RIMONE_r2_Im015,4,r2,0,0.48668650793650786,0
RIMONE_r2_Im016,4,r2,0,0.49760317460317455,0
RIMONE_r2_Im017,4,r2,0,0.6301504329004328,1
RIMONE_r2_Im018,4,r2,0,0.6101424963924964,1
RIMONE_r2_Im019,4,r2,0,0.5700079365079366,1
RIMONE_r2_Im020,4,r2,0,0.5050674603174603,1
RIMONE_r2_Im021,4,r2,0,0.5308650793650793,1
RIMONE_r2_Im022,4,r2,0,0.5792936507936507,1
RIMONE_r2_Im023,4,r2,0,0.4840079365079365,0
RIMONE_r2_Im024,4,r2,0,0.5167460317460317,1
RIMONE_r2_Im025,4,r2,0,0.490079365079365,0
RIMONE_r2_Im026,4,r2,0,0.49484126984126975,0
RIMONE_r2_Im027,4,r2,0,0.5992539682539682,1
RIMONE_r2_Im028,4,r2,0,0.5122460317460316,1
RIMONE_r2_Im029,4,r2,0,0.517547619047619,1
RIMONE_r2_Im030,4,r2,0,0.6218290043290041,1
RIMONE_r2_Im031,4,r2,0,0.615936147186147,1
RIMONE_r2_Im032,4,r2,0,0.49192460317460307,0
RIMONE_r2_Im033,4,r2,0,0.5697936507936506,1
RIMONE_r2_Im347,4,r2,1,0.502472582972583,1
RIMONE_r2_Im348,4,r2,1,0.6246186868686867,1
RIMONE_r2_Im351,4,r2,1,0.4957857142857142,0
RIMONE_r2_Im352,4,r2,1,0.48766269841269855,0
RIMONE_r2_Im354,4,r2,1,0.5124126984126984,1
RIMONE_r2_Im355,4,r2,1,0.5236984126984127,1
RIMONE_r2_Im356,4,r2,1,0.5554841269841271,1
RIMONE_r2_Im357,4,r2,1,0.6108333333333333,1
RIMONE_r2_Im358,4,r2,1,0.6113055555555555,1
RIMONE_r2_Im362,4,r2,1,0.614579365079365,1
RIMONE_r2_Im365,4,r2,1,0.5483174603174603,1
RIMONE_r2_Im366,4,r2,1,0.5637103174603175,1
RIMONE_r2_Im369,4,r2,1,0.5941511544011545,1
RIMONE_r2_Im373,4,r2,1,0.5768769841269841,1
RIMONE_r2_Im376,4,r2,1,0.496079365079365,0
RIMONE_r2_Im377,4,r2,1,0.6601349206349206,1
RIMONE_r2_Im383,4,r2,1,0.48668650793650786,0
RIMONE_r2_Im384,4,r2,1,0.5707103174603175,1
RIMONE_r2_Im385,4,r2,1,0.5531269841269841,1
RIMONE_r2_Im387,4,r2,1,0.616047619047619,1
RIMONE_r2_Im388,4,r2,1,0.5713769841269842,1
RIMONE_r2_Im389,4,r2,1,0.5707103174603175,1
RIMONE_r2_Im390,4,r2,1,0.5524603174603174,1
RIMONE_r2_Im391,4,r2,1,0.5424126984126985,1
RIMONE_r2_Im392,4,r2,1,0.5690436507936508,1
RIMONE_r2_Im393,4,r2,1,0.6344365079365081,1
RIMONE_r2_Im398,4,r2,1,0.5767380952380953,1
RIMONE_r2_Im399,4,r2,1,0.5861623376623375,1
RIMONE_r2_Im400,4,r2,1,0.5524603174603174,1
RIMONE_r2_Im401,4,r2,1,0.5722460317460318,1
RIMONE_r2_Im402,4,r2,1,0.42653174603174604,0
RIMONE_r2_Im403,4,r2,1,0.5112817460317459,1
RIMONE_r2_Im404,4,r2,1,0.5524603174603174,1
RIMONE_r2_Im406,4,r2,1,0.493484126984127,0
RIMONE_r2_Im407,4,r2,1,0.6061067821067819,1
RIMONE_r2_Im408,4,r2,1,0.6054682539682538,1
RIMONE_r2_Im414,4,r2,1,0.5996028138528138,1
RIMONE_r2_Im415,4,r2,1,0.5352698412698413,1
RIMONE_r2_Im416,4,r2,1,0.5105555555555557,1
RIMONE_r2_Im418,4,r2,1,0.5080317460317461,1
RIMONE_r2_Im419,4,r2,1,0.5821468253968253,1
RIMONE_r2_Im420,4,r2,1,0.5829444444444444,1
RIMONE_r2_Im421,4,r2,1,0.5481150793650794,1
RIMONE_r2_Im422,4,r2,1,0.5662103174603175,1
RIMONE_r2_Im424,4,r2,1,0.5536031746031747,1
RIMONE_r2_Im427,4,r2,1,0.48044047619047625,0
RIMONE_r2_Im428,4,r2,1,0.5378650793650794,1
RIMONE_r2_Im429,4,r2,1,0.50484126984127,1
RIMONE_r2_Im432,4,r2,1,0.5934956709956709,1
RIMONE_r2_Im433,4,r2,1,0.6788015873015874,1
RIMONE_r2_Im436,4,r2,1,0.6128253968253966,1
RIMONE_r2_Im439,4,r2,1,0.490984126984127,0
RIMONE_r2_Im441,4,r2,1,0.544531746031746,1
RIMONE_r2_Im442,4,r2,1,0.5424126984126985,1
RIMONE_r2_Im443,4,r2,1,0.5923174603174602,1
RIMONE_r2_Im444,4,r2,1,0.5707103174603175,1
RIMONE_r2_Im445,4,r2,1,0.5212936507936508,1
RIMONE_r2_Im448,4,r2,1,0.601047619047619,1
RIMONE_r2_Im449,4,r2,1,0.610547619047619,1
RIMONE_r2_Im450,4,r2,1,0.5943809523809523,1
RIMONE_r2_Im451,4,r2,1,0.5639126984126984,1
RIMONE_r2_Im453,4,r2,1,0.6059242424242424,1
RIMONE_r2_Im454,4,r2,1,0.6271865079365081,1
RIMONE_r2_Im455,4,r2,1,0.6708571428571429,1
RIMONE_r3_G-1-L_left_half,4,r3,1,0.5069960317460317,1
RIMONE_r3_G-10-L_left_half,4,r3,1,0.7038095238095238,1
RIMONE_r3_G-11-R_left_half,4,r3,1,0.6228333333333333,1
RIMONE_r3_G-12-L_left_half,4,r3,1,0.4887460317460318,0
RIMONE_r3_G-13-R_left_half,4,r3,1,0.6173333333333333,1
RIMONE_r3_G-14-R_left_half,4,r3,1,0.4980555555555555,0
RIMONE_r3_G-15-L_left_half,4,r3,1,0.512126984126984,1
RIMONE_r3_G-16-R_left_half,4,r3,1,0.5032460317460317,1
RIMONE_r3_G-17-L_left_half,4,r3,1,0.4827103174603175,0
RIMONE_r3_G-18-R_left_half,4,r3,1,0.5138888888888888,1
RIMONE_r3_G-2-R_left_half,4,r3,1,0.5524603174603174,1
RIMONE_r3_G-22-L_left_half,4,r3,1,0.6631111111111112,1
RIMONE_r3_G-23-R_left_half,4,r3,1,0.6297622655122657,1
RIMONE_r3_G-25-L_left_half,4,r3,1,0.5838531746031747,1
RIMONE_r3_G-27-R_left_half,4,r3,1,0.6487738095238096,1
RIMONE_r3_G-29-R_left_half,4,r3,1,0.5407460317460318,1
RIMONE_r3_G-3-R_left_half,4,r3,1,0.633218253968254,1
RIMONE_r3_G-30-L_left_half,4,r3,1,0.6295238095238095,1
RIMONE_r3_G-31-R_left_half,4,r3,1,0.5807741702741702,1
RIMONE_r3_G-32-L_left_half,4,r3,1,0.6371111111111111,1
RIMONE_r3_G-33-R_left_half,4,r3,1,0.5133531746031746,1
RIMONE_r3_G-34-L_left_half,4,r3,1,0.6249126984126985,1
RIMONE_r3_G-35-R_left_half,4,r3,1,0.5090912698412697,1
RIMONE_r3_G-37-R_left_half,4,r3,1,0.6588849206349207,1
RIMONE_r3_G-38-L_left_half,4,r3,1,0.5852103174603175,1
RIMONE_r3_G-39-L_left_half,4,r3,1,0.5685753968253968,1
RIMONE_r3_G-6-L_left_half,4,r3,1,0.5155436507936507,1
RIMONE_r3_G-8-R_left_half,4,r3,1,0.5007698412698411,1
RIMONE_r3_G-9-R_left_half,4,r3,1,0.5713769841269842,1
RIMONE_r3_S-1-L_left_half,4,r3,1,0.5207460317460317,1
RIMONE_r3_S-10-R_left_half,4,r3,1,0.6732420634920635,1
RIMONE_r3_S-11-L_left_half,4,r3,1,0.5576031746031747,1
RIMONE_r3_S-12-L_left_half,4,r3,1,0.747174603174603,1
RIMONE_r3_S-13-R_left_half,4,r3,1,0.6426309523809524,1
RIMONE_r3_S-14-R_left_half,4,r3,1,0.5355079365079366,1
RIMONE_r3_S-18-L_left_half,4,r3,1,0.5192103174603174,1
RIMONE_r3_S-19-R_left_half,4,r3,1,0.5084841269841269,1
RIMONE_r3_S-2-L_left_half,4,r3,1,0.48991269841269836,0
RIMONE_r3_S-20-L_left_half,4,r3,1,0.6034007936507936,1
RIMONE_r3_S-21-R_left_half,4,r3,1,0.6681904761904763,1
RIMONE_r3_S-25-L_left_half,4,r3,1,0.6829801587301587,1
RIMONE_r3_S-26-R_left_half,4,r3,1,0.631047619047619,1
RIMONE_r3_S-28-R_left_half,4,r3,1,0.5692103174603175,1
RIMONE_r3_S-29-R_left_half,4,r3,1,0.5112817460317459,1
RIMONE_r3_S-30-L_left_half,4,r3,1,0.5104960317460316,1
RIMONE_r3_S-31-L_left_half,4,r3,1,0.5082103174603175,1
RIMONE_r3_S-32-L_left_half,4,r3,1,0.5207460317460317,1
RIMONE_r3_S-33-R_left_half,4,r3,1,0.5052817460317459,1
RIMONE_r3_S-35-R_left_half,4,r3,1,0.5753333333333333,1
RIMONE_r3_S-4-L_left_half,4,r3,1,0.6547698412698414,1
RIMONE_r3_S-6-R_left_half,4,r3,1,0.49386507936507934,0
RIMONE_r3_S-9-L_left_half,4,r3,1,0.7049404761904762,1
RIMONE_r2_Im034,4,r2,0,0.503829365079365,1
RIMONE_r2_Im036,4,r2,0,0.48668650793650786,0
RIMONE_r2_Im038,4,r2,0,0.5194960317460317,1
RIMONE_r2_Im040,4,r2,0,0.5209365079365081,1
RIMONE_r2_Im042,4,r2,0,0.5461984126984126,1
RIMONE_r2_Im044,4,r2,0,0.5574087301587302,1
RIMONE_r2_Im046,4,r2,0,0.5774087301587302,1
RIMONE_r2_Im048,4,r2,0,0.5764960317460318,1
RIMONE_r2_Im050,4,r2,0,0.503829365079365,1
RIMONE_r2_Im052,4,r2,0,0.48634126984126985,0
RIMONE_r2_Im054,4,r2,0,0.5034126984126983,1
RIMONE_r2_Im056,4,r2,0,0.5125631313131315,1
RIMONE_r2_Im058,4,r2,0,0.6507932900432898,1
RIMONE_r2_Im060,4,r2,0,0.503829365079365,1
RIMONE_r2_Im062,4,r2,0,0.5327460317460317,1
RIMONE_r2_Im064,4,r2,0,0.503829365079365,1
RIMONE_r2_Im066,4,r2,0,0.4481388888888889,0
RIMONE_r2_Im068,4,r2,0,0.5133531746031746,1
RIMONE_r2_Im070,4,r2,0,0.503829365079365,1
RIMONE_r2_Im072,4,r2,0,0.5260793650793651,1
RIMONE_r2_Im074,4,r2,0,0.610111111111111,1
RIMONE_r2_Im076,4,r2,0,0.5232936507936509,1
RIMONE_r2_Im078,4,r2,0,0.4986507936507935,0
RIMONE_r2_Im080,4,r2,0,0.5033531746031745,1
RIMONE_r2_Im082,4,r2,0,0.5524603174603174,1
RIMONE_r2_Im084,4,r2,0,0.5756626984126985,1
RIMONE_r2_Im086,4,r2,0,0.49510317460317455,0
RIMONE_r2_Im088,4,r2,0,0.5189365079365079,1
RIMONE_r2_Im090,4,r2,0,0.510079365079365,1
RIMONE_r2_Im092,4,r2,0,0.5950079365079364,1
RIMONE_r2_Im094,4,r2,0,0.5206269841269842,1
RIMONE_r2_Im096,4,r2,0,0.5122460317460316,1
RIMONE_r2_Im098,4,r2,0,0.5762103174603174,1
RIMONE_r2_Im100,4,r2,0,0.5138888888888888,1
RIMONE_r2_Im102,4,r2,0,0.6015873015873016,1
RIMONE_r2_Im104,4,r2,0,0.503829365079365,1
RIMONE_r2_Im106,4,r2,0,0.5263174603174603,1
RIMONE_r2_Im108,4,r2,0,0.503829365079365,1
RIMONE_r2_Im110,4,r2,0,0.5222698412698413,1
RIMONE_r2_Im112,4,r2,0,0.6164956709956708,1
RIMONE_r2_Im114,4,r2,0,0.606340909090909,1
RIMONE_r2_Im116,4,r2,0,0.6144682539682538,1
RIMONE_r2_Im118,4,r2,0,0.5287460317460319,1
RIMONE_r2_Im120,4,r2,0,0.5104960317460316,1
RIMONE_r2_Im122,4,r2,0,0.5194960317460317,1
RIMONE_r2_Im124,4,r2,0,0.5098412698412699,1
RIMONE_r2_Im126,4,r2,0,0.4998809523809524,0
RIMONE_r2_Im128,4,r2,0,0.49484126984126975,0
RIMONE_r2_Im130,4,r2,0,0.5122460317460316,1
RIMONE_r2_Im132,4,r2,0,0.5088174603174602,1
RIMONE_r2_Im134,4,r2,0,0.5936583694083692,1
RIMONE_r2_Im136,4,r2,0,0.5050674603174603,1
RIMONE_r2_Im138,4,r2,0,0.5278174603174604,1
RIMONE_r2_Im140,4,r2,0,0.5005674603174604,1
RIMONE_r2_Im142,4,r2,0,0.503829365079365,1
RIMONE_r2_Im144,4,r2,0,0.595079365079365,1
RIMONE_r2_Im146,4,r2,0,0.6121349206349205,1
RIMONE_r2_Im148,4,r2,0,0.503829365079365,1
RIMONE_r2_Im150,4,r2,0,0.48668650793650786,0
RIMONE_r2_Im152,4,r2,0,0.5122460317460316,1
RIMONE_r2_Im154,4,r2,0,0.5294126984126984,1
RIMONE_r2_Im156,4,r2,0,0.5104960317460316,1
RIMONE_r2_Im158,4,r2,0,0.503829365079365,1
RIMONE_r2_Im160,4,r2,0,0.5067460317460316,1
RIMONE_r2_Im162,4,r2,0,0.5190079365079366,1
RIMONE_r2_Im164,4,r2,0,0.5139960317460318,1
RIMONE_r2_Im166,4,r2,0,0.6525790043290043,1
RIMONE_r2_Im168,4,r2,0,0.5934956709956709,1
RIMONE_r2_Im170,4,r2,0,0.5327460317460317,1
RIMONE_r2_Im172,4,r2,0,0.5090674603174602,1
RIMONE_r2_Im174,4,r2,0,0.5991980519480519,1
RIMONE_r2_Im176,4,r2,0,0.5378174603174604,1
RIMONE_r2_Im178,4,r2,0,0.5090674603174602,1
RIMONE_r2_Im180,4,r2,0,0.5206269841269842,1
RIMONE_r2_Im182,4,r2,0,0.6054682539682538,1
RIMONE_r2_Im184,4,r2,0,0.568079365079365,1
RIMONE_r2_Im186,4,r2,0,0.48668650793650786,0
RIMONE_r2_Im188,4,r2,0,0.520079365079365,1
RIMONE_r2_Im190,4,r2,0,0.6392694805194803,1
RIMONE_r2_Im192,4,r2,0,0.5090674603174602,1
RIMONE_r2_Im194,4,r2,0,0.5189365079365079,1
RIMONE_r2_Im196,4,r2,0,0.5067460317460316,1
RIMONE_r2_Im198,4,r2,0,0.5122460317460316,1
RIMONE_r2_Im200,4,r2,0,0.5516269841269842,1
RIMONE_r2_Im202,4,r2,0,0.5378650793650794,1
RIMONE_r2_Im206,4,r2,0,0.5033650793650793,1
RIMONE_r2_Im208,4,r2,0,0.4952579365079364,0
RIMONE_r2_Im210,4,r2,0,0.5024007936507936,1
RIMONE_r2_Im212,4,r2,0,0.5122460317460316,1
RIMONE_r2_Im214,4,r2,0,0.6379044011544011,1
RIMONE_r2_Im216,4,r2,0,0.4998531746031745,0
RIMONE_r2_Im218,4,r2,0,0.6514123376623375,1
RIMONE_r2_Im220,4,r2,0,0.5567460317460318,1
RIMONE_r2_Im222,4,r2,0,0.5132341269841271,1
RIMONE_r2_Im224,4,r2,0,0.544781746031746,1
RIMONE_r2_Im226,4,r2,0,0.5703293650793652,1
RIMONE_r2_Im228,4,r2,0,0.5582103174603175,1
RIMONE_r2_Im230,4,r2,0,0.5798968253968254,1
RIMONE_r2_Im232,4,r2,0,0.5347222222222223,1
RIMONE_r2_Im234,4,r2,0,0.5074007936507936,1
RIMONE_r2_Im236,4,r2,0,0.6127539682539681,1
RIMONE_r2_Im238,4,r2,0,0.49192460317460307,0
RIMONE_r2_Im240,4,r2,0,0.5771428571428571,1
RIMONE_r2_Im242,4,r2,0,0.5258412698412699,1
RIMONE_r2_Im244,4,r2,0,0.5122460317460316,1
RIMONE_r2_Im246,4,r2,0,0.5792936507936507,1
RIMONE_r2_Im248,4,r2,0,0.5066984126984126,1
RIMONE_r2_Im250,4,r2,0,0.5112857142857142,1
RIMONE_r2_Im252,4,r2,0,0.5808888888888889,1
RIMONE_r2_Im254,4,r2,0,0.5100674603174603,1
RIMONE_r3_N-1-L_left_half,4,r3,0,0.4862460317460316,0
RIMONE_r3_N-10-R_left_half,4,r3,0,0.5921666666666666,1
RIMONE_r3_N-11-L_left_half,4,r3,0,0.5548571428571428,1
RIMONE_r3_N-12-R_left_half,4,r3,0,0.5936904761904762,1
RIMONE_r3_N-13-L_left_half,4,r3,0,0.6184285714285713,1
RIMONE_r3_N-14-R_left_half,4,r3,0,0.5092460317460318,1
RIMONE_r3_N-16-R_left_half,4,r3,0,0.5006626984126984,1
RIMONE_r3_N-17-L_left_half,4,r3,0,0.5746269841269841,1
RIMONE_r3_N-18-R_left_half,4,r3,0,0.49043650793650784,0
RIMONE_r3_N-2-R_left_half,4,r3,0,0.6243531746031745,1
RIMONE_r3_N-20-R_left_half,4,r3,0,0.5169960317460316,1
RIMONE_r3_N-21-L_left_half,4,r3,0,0.5073488455988456,1
RIMONE_r3_N-22-R_left_half,4,r3,0,0.5639880952380951,1
RIMONE_r3_N-23-L_left_half,4,r3,0,0.48991269841269836,0
RIMONE_r3_N-24-R_left_half,4,r3,0,0.6190515873015874,1
RIMONE_r3_N-25-L_left_half,4,r3,0,0.5294126984126983,1
RIMONE_r3_N-26-R_left_half,4,r3,0,0.4999960317460318,0
RIMONE_r3_N-27-L_left_half,4,r3,0,0.523734126984127,1
RIMONE_r3_N-28-R_left_half,4,r3,0,0.49510317460317455,0
RIMONE_r3_N-29-L_left_half,4,r3,0,0.5123412698412699,1
RIMONE_r3_N-3-L_left_half,4,r3,0,0.5090674603174602,1
RIMONE_r3_N-30-R_left_half,4,r3,0,0.5906821789321789,1
RIMONE_r3_N-31-L_left_half,4,r3,0,0.5104960317460316,1
RIMONE_r3_N-32-R_left_half,4,r3,0,0.49335317460317457,0
RIMONE_r3_N-33-L_left_half,4,r3,0,0.5052817460317459,1
RIMONE_r3_N-34-R_left_half,4,r3,0,0.5424603174603174,1
RIMONE_r3_N-35-L_left_half,4,r3,0,0.5531269841269841,1
RIMONE_r3_N-36-R_left_half,4,r3,0,0.5052817460317459,1
RIMONE_r3_N-37-L_left_half,4,r3,0,0.6079956709956709,1
RIMONE_r3_N-38-R_left_half,4,r3,0,0.56313455988456,1
RIMONE_r3_N-39-L_left_half,4,r3,0,0.44251984126984134,0
RIMONE_r3_N-4-R_left_half,4,r3,0,0.503829365079365,1
RIMONE_r3_N-40-R_left_half,4,r3,0,0.49315079365079356,0
RIMONE_r3_N-41-L_left_half,4,r3,0,0.511388888888889,1
RIMONE_r3_N-42-R_left_half,4,r3,0,0.5910079365079364,1
RIMONE_r3_N-43-L_left_half,4,r3,0,0.606872655122655,1
RIMONE_r3_N-44-R_left_half,4,r3,0,0.6037575757575757,1
RIMONE_r3_N-46-R_left_half,4,r3,0,0.5293095238095238,1
RIMONE_r3_N-47-L_left_half,4,r3,0,0.5052817460317459,1
RIMONE_r3_N-48-R_left_half,4,r3,0,0.5957777777777779,1
RIMONE_r3_N-49-L_left_half,4,r3,0,0.5271626984126984,1
RIMONE_r3_N-5-L_left_half,4,r3,0,0.5122460317460316,1
RIMONE_r3_N-50-R_left_half,4,r3,0,0.5140674603174602,1
RIMONE_r3_N-51-L_left_half,4,r3,0,0.7487658730158729,1
RIMONE_r3_N-52-R_left_half,4,r3,0,0.6663849206349206,1
RIMONE_r3_N-53-L_left_half,4,r3,0,0.5177460317460316,1
RIMONE_r3_N-54-R_left_half,4,r3,0,0.5419126984126984,1
RIMONE_r3_N-55-L_left_half,4,r3,0,0.5531269841269841,1
RIMONE_r3_N-56-R_left_half,4,r3,0,0.5852103174603175,1
RIMONE_r3_N-58-R_left_half,4,r3,0,0.4849126984126984,0
RIMONE_r3_N-59-L_left_half,4,r3,0,0.6204242424242424,1
RIMONE_r3_N-6-R_left_half,4,r3,0,0.606872655122655,1
RIMONE_r3_N-61-L_left_half,4,r3,0,0.6718571428571429,1
RIMONE_r3_N-62-R_left_half,4,r3,0,0.6017936507936509,1
RIMONE_r3_N-63-L_left_half,4,r3,0,0.5419126984126984,1
RIMONE_r3_N-64-R_left_half,4,r3,0,0.5185317460317461,1
RIMONE_r3_N-65-L_left_half,4,r3,0,0.5845869408369407,1
RIMONE_r3_N-66-R_left_half,4,r3,0,0.5249451659451659,1
RIMONE_r3_N-67-L_left_half,4,r3,0,0.627436147186147,1
RIMONE_r3_N-68-R_left_half,4,r3,0,0.6266623376623375,1
RIMONE_r3_N-69-L_left_half,4,r3,0,0.5732103174603175,1
RIMONE_r3_N-7-L_left_half,4,r3,0,0.5139960317460317,1
RIMONE_r3_N-70-R_left_half,4,r3,0,0.6356825396825395,1
RIMONE_r3_N-71-L_left_half,4,r3,0,0.6451309523809523,1
RIMONE_r3_N-72-R_left_half,4,r3,0,0.5140674603174603,1
RIMONE_r3_N-73-R_left_half,4,r3,0,0.6323492063492062,1
RIMONE_r3_N-74-L_left_half,4,r3,0,0.49335317460317457,0
RIMONE_r3_N-75-R_left_half,4,r3,0,0.4849126984126984,0
RIMONE_r3_N-76-R_left_half,4,r3,0,0.5797936507936509,1
RIMONE_r3_N-78-R_left_half,4,r3,0,0.45445909645909643,0
RIMONE_r3_N-79-L_left_half,4,r3,0,0.4900555555555556,0
RIMONE_r3_N-8-L_left_half,4,r3,0,0.4952579365079364,0
RIMONE_r3_N-80-R_left_half,4,r3,0,0.6041237373737374,1
RIMONE_r3_N-81-L_left_half,4,r3,0,0.4660952380952381,0
RIMONE_r3_N-82-R_left_half,4,r3,0,0.5853293650793651,1
RIMONE_r3_N-83-L_left_half,4,r3,0,0.5202182539682539,1
RIMONE_r3_N-84-R_left_half,4,r3,0,0.5241626984126984,1
RIMONE_r3_N-85-L_left_half,4,r3,0,0.5378174603174604,1
RIMONE_r3_N-86-R_left_half,4,r3,0,0.5189365079365079,1
RIMONE_r3_N-87-L_left_half,4,r3,0,0.5892936507936507,1
RIMONE_r3_N-88-R_left_half,4,r3,0,0.5271626984126984,1
RIMONE_r3_N-9-L_left_half,4,r3,0,0.511984126984127,1
RIMONE_r3_N-90-R_left_half,4,r3,0,0.5316269841269842,1
RIMONE_r3_N-91-L_left_half,4,r3,0,0.6108492063492063,1
RIMONE_r3_N-92-R_left_half,4,r3,0,0.5740793650793651,1
RIMONE_r1_Im069,pooled,r1,1,0.42533966450216454,0
RIMONE_r1_Im103,pooled,r1,1,0.5594409493284493,1
RIMONE_r1_Im113,pooled,r1,1,0.5287454365079366,1
RIMONE_r1_Im117,pooled,r1,1,0.48337540098790105,0
RIMONE_r1_Im118,pooled,r1,1,0.43121252220002226,0
RIMONE_r1_Im120,pooled,r1,1,0.5496808122433123,1
RIMONE_r1_Im121,pooled,r1,1,0.4440020743145743,0
RIMONE_r1_Im122,pooled,r1,1,0.437857160894661,0
RIMONE_r1_Im135,pooled,r1,1,0.5798926948051948,1
RIMONE_r1_Im144,pooled,r1,1,0.4704326298701299,0
RIMONE_r1_Im158,pooled,r1,1,0.5499596722721722,1
RIMONE_r1_Im167,pooled,r1,1,0.558069246031746,1
RIMONE_r2_Im257,pooled,r2,1,0.6596665404040405,1
RIMONE_r2_Im258,pooled,r2,1,0.594993235930736,1
RIMONE_r2_Im260,pooled,r2,1,0.5884192460317461,1
RIMONE_r2_Im263,pooled,r2,1,0.5416827380952381,1
RIMONE_r2_Im264,pooled,r2,1,0.6507137265512265,1
RIMONE_r2_Im266,pooled,r2,1,0.5288182720057719,1
RIMONE_r2_Im267,pooled,r2,1,0.6719786963036963,1
RIMONE_r2_Im268,pooled,r2,1,0.6199540029415029,1
RIMONE_r2_Im269,pooled,r2,1,0.5227728896103896,1
RIMONE_r2_Im270,pooled,r2,1,0.4228587121212121,0
RIMONE_r2_Im273,pooled,r2,1,0.4498987914862914,0
RIMONE_r2_Im275,pooled,r2,1,0.46492151875901877,0
RIMONE_r2_Im277,pooled,r2,1,0.5778736832611833,1
RIMONE_r2_Im281,pooled,r2,1,0.35237111499611495,0
RIMONE_r2_Im287,pooled,r2,1,0.653293600843601,1
RIMONE_r2_Im288,pooled,r2,1,0.5265683080808081,1
RIMONE_r2_Im289,pooled,r2,1,0.5111192099567099,1
RIMONE_r2_Im290,pooled,r2,1,0.5567777236652238,1
RIMONE_r2_Im291,pooled,r2,1,0.43830914502164503,0
RIMONE_r2_Im292,pooled,r2,1,0.5747912157287157,1
RIMONE_r2_Im293,pooled,r2,1,0.5652389471639471,1
RIMONE_r2_Im294,pooled,r2,1,0.5456430236430238,1
RIMONE_r2_Im301,pooled,r2,1,0.6319613455988456,1
RIMONE_r2_Im302,pooled,r2,1,0.6358760281385281,1
RIMONE_r2_Im303,pooled,r2,1,0.6225978535353537,1
RIMONE_r2_Im305,pooled,r2,1,0.6062145202020204,1
RIMONE_r2_Im314,pooled,r2,1,0.5548920815295816,1
RIMONE_r2_Im315,pooled,r2,1,0.5342217213342213,1
RIMONE_r2_Im317,pooled,r2,1,0.5720434884559884,1
RIMONE_r2_Im318,pooled,r2,1,0.5646025432900432,1
RIMONE_r2_Im319,pooled,r2,1,0.4494273989898989,0
RIMONE_r2_Im320,pooled,r2,1,0.599288474025974,1
RIMONE_r2_Im321,pooled,r2,1,0.6942578865578866,1
RIMONE_r2_Im324,pooled,r2,1,0.6459200757575758,1
RIMONE_r2_Im329,pooled,r2,1,0.444059108946609,0
RIMONE_r2_Im330,pooled,r2,1,0.44437350288600286,0
RIMONE_r2_Im331,pooled,r2,1,0.5854811507936508,1
RIMONE_r2_Im332,pooled,r2,1,0.5510639069264069,1
RIMONE_r2_Im333,pooled,r2,1,0.6212097582972583,1
RIMONE_r2_Im334,pooled,r2,1,0.5828684523809524,1
RIMONE_r2_Im338,pooled,r2,1,0.6015515692640693,1
RIMONE_r2_Im339,pooled,r2,1,0.4915309343434343,0
RIMONE_r2_Im343,pooled,r2,1,0.595215854978355,1
RIMONE_r2_Im344,pooled,r2,1,0.6516338023088023,1
RIMONE_r1_Im001,pooled,r1,0,0.5916190295815296,1
RIMONE_r1_Im003,pooled,r1,0,0.5328286255411255,1
RIMONE_r1_Im004,pooled,r1,0,0.4393520743145743,0
RIMONE_r1_Im006,pooled,r1,0,0.6020749098124099,1
RIMONE_r1_Im008,pooled,r1,0,0.5484088203463202,1
RIMONE_r1_Im011,pooled,r1,0,0.5752937409812409,1
RIMONE_r1_Im012,pooled,r1,0,0.5968745129870129,1
RIMONE_r1_Im014,pooled,r1,0,0.5657281204906204,1
RIMONE_r1_Im015,pooled,r1,0,0.5370868506493507,1
RIMONE_r1_Im019,pooled,r1,0,0.5963349747474748,1
RIMONE_r1_Im020,pooled,r1,0,0.5676995851370852,1
RIMONE_r1_Im022,pooled,r1,0,0.455668740981241,0
RIMONE_r1_Im023,pooled,r1,0,0.45316874098124094,0
RIMONE_r1_Im024,pooled,r1,0,0.5624139790764792,1
RIMONE_r1_Im025,pooled,r1,0,0.5564687049062049,1
RIMONE_r1_Im026,pooled,r1,0,0.6026055375180376,1
RIMONE_r1_Im027,pooled,r1,0,0.5899968073593074,1
RIMONE_r1_Im028,pooled,r1,0,0.43461664862914856,0
RIMONE_r1_Im029,pooled,r1,0,0.4432650613275612,0
RIMONE_r1_Im031,pooled,r1,0,0.5418104076479076,1
RIMONE_r1_Im032,pooled,r1,0,0.5616460137085136,1
RIMONE_r1_Im033,pooled,r1,0,0.5654005591630591,1
RIMONE_r1_Im036,pooled,r1,0,0.46739316378066376,0
RIMONE_r1_Im037,pooled,r1,0,0.41978728354978345,0
RIMONE_r1_Im040,pooled,r1,0,0.5347588924963924,1
RIMONE_r1_Im041,pooled,r1,0,0.5504652056277056,1
RIMONE_r1_Im042,pooled,r1,0,0.5737324134199134,1
RIMONE_r1_Im046,pooled,r1,0,0.5764549603174605,1
RIMONE_r1_Im047,pooled,r1,0,0.5487899891774891,1
RIMONE_r1_Im050,pooled,r1,0,0.5377511585636586,1
RIMONE_r1_Im052,pooled,r1,0,0.5944157828282828,1
RIMONE_r1_Im054,pooled,r1,0,0.5287689935064934,1
RIMONE_r1_Im055,pooled,r1,0,0.44717617243867236,0
RIMONE_r1_Im056,pooled,r1,0,0.43199164862914863,0
RIMONE_r1_Im057,pooled,r1,0,0.5592284812409812,1
RIMONE_r1_Im058,pooled,r1,0,0.5632354076479076,1
RIMONE_r1_Im059,pooled,r1,0,0.5639207972582972,1
RIMONE_r1_Im060,pooled,r1,0,0.4425354076479076,0
RIMONE_r1_Im061,pooled,r1,0,0.5649342893217892,1
RIMONE_r1_Im062,pooled,r1,0,0.4424388708513708,0
RIMONE_r1_Im063,pooled,r1,0,0.4541104076479076,0
RIMONE_r1_Im071,pooled,r1,0,0.44668959235209227,0
RIMONE_r1_Im072,pooled,r1,0,0.5818992965367965,1
RIMONE_r1_Im073,pooled,r1,0,0.5712207251082251,1
RIMONE_r1_Im080,pooled,r1,0,0.5077784451659453,1
RIMONE_r1_Im082,pooled,r1,0,0.448675487012987,0
RIMONE_r1_Im086,pooled,r1,0,0.59256631007881,1
RIMONE_r1_Im087,pooled,r1,0,0.40183172799422795,0
RIMONE_r1_Im095,pooled,r1,0,0.5855034312909313,1
RIMONE_r1_Im107,pooled,r1,0,0.5208917790542792,1
RIMONE_r1_Im108,pooled,r1,0,0.44924850288600293,0
RIMONE_r1_Im115,pooled,r1,0,0.4685647366522366,0
RIMONE_r1_Im116,pooled,r1,0,0.42237389971139966,0
RIMONE_r1_Im119,pooled,r1,0,0.6331905885780886,1
RIMONE_r1_Im125,pooled,r1,0,0.4193833874458874,0
RIMONE_r1_Im127,pooled,r1,0,0.4379877886002886,0
RIMONE_r1_Im128,pooled,r1,0,0.5738804875679876,1
RIMONE_r1_Im129,pooled,r1,0,0.432134108946609,0
RIMONE_r1_Im130,pooled,r1,0,0.5785193903318903,1
RIMONE_r1_Im131,pooled,r1,0,0.4055892676767677,0
RIMONE_r1_Im132,pooled,r1,0,0.5135955808080809,1
RIMONE_r1_Im133,pooled,r1,0,0.45333540764790764,0
RIMONE_r1_Im136,pooled,r1,0,0.5142883519258519,1
RIMONE_r1_Im137,pooled,r1,0,0.5924023268398269,1
RIMONE_r1_Im138,pooled,r1,0,0.4695725288600288,0
RIMONE_r1_Im142,pooled,r1,0,0.5474308982683983,1
RIMONE_r1_Im143,pooled,r1,0,0.6575834457209456,1
RIMONE_r1_Im145,pooled,r1,0,0.6475466630591631,1
RIMONE_r1_Im146,pooled,r1,0,0.5595898310023311,1
RIMONE_r1_Im149,pooled,r1,0,0.4200932359307359,0
RIMONE_r1_Im150,pooled,r1,0,0.45199168470418477,0
RIMONE_r1_Im151,pooled,r1,0,0.5397512445887446,1
RIMONE_r1_Im152,pooled,r1,0,0.6523834457209458,1
RIMONE_r1_Im153,pooled,r1,0,0.6109644702519702,1
RIMONE_r1_Im154,pooled,r1,0,0.45387505411255413,0
RIMONE_r1_Im155,pooled,r1,0,0.5796886766011766,1
RIMONE_r1_Im156,pooled,r1,0,0.5353314033189033,1
RIMONE_r1_Im159,pooled,r1,0,0.5571173201798202,1
RIMONE_r1_Im161,pooled,r1,0,0.4824565476190476,0
RIMONE_r1_Im162,pooled,r1,0,0.5665250402375402,1
RIMONE_r1_Im163,pooled,r1,0,0.5028607683982684,1
RIMONE_r1_Im164,pooled,r1,0,0.477764362026862,0
RIMONE_r1_Im165,pooled,r1,0,0.38253212481962484,0
RIMONE_r1_Im166,pooled,r1,0,0.4752717352092352,0
RIMONE_r1_Im168,pooled,r1,0,0.5431209776334777,1
RIMONE_r1_Im169,pooled,r1,0,0.49296939033189024,0
RIMONE_r2_Im001,pooled,r2,0,0.6303946789321789,1
RIMONE_r2_Im002,pooled,r2,0,0.5093693181818181,1
RIMONE_r2_Im003,pooled,r2,0,0.5258314393939394,1
RIMONE_r2_Im004,pooled,r2,0,0.5648425505050505,1
RIMONE_r2_Im005,pooled,r2,0,0.5948258116883117,1
RIMONE_r2_Im006,pooled,r2,0,0.5696175505050505,1
RIMONE_r2_Im007,pooled,r2,0,0.5855759920634921,1
RIMONE_r2_Im009,pooled,r2,0,0.5316849747474747,1
RIMONE_r2_Im010,pooled,r2,0,0.5588275432900434,1
RIMONE_r2_Im011,pooled,r2,0,0.6206526875901877,1
RIMONE_r2_Im012,pooled,r2,0,0.5634592171717172,1
RIMONE_r2_Im013,pooled,r2,0,0.5586610569985571,1
RIMONE_r2_Im014,pooled,r2,0,0.5613231060606061,1
RIMONE_r2_Im015,pooled,r2,0,0.4417187409812409,0
RIMONE_r2_Im016,pooled,r2,0,0.44583778860028855,0
RIMONE_r2_Im017,pooled,r2,0,0.5994351190476191,1
RIMONE_r2_Im018,pooled,r2,0,0.6016521145521146,1
RIMONE_r2_Im019,pooled,r2,0,0.5231328823953824,1
RIMONE_r2_Im020,pooled,r2,0,0.44909255050505054,0
RIMONE_r2_Im021,pooled,r2,0,0.4745666486291486,0
RIMONE_r2_Im022,pooled,r2,0,0.582858676046176,1
RIMONE_r2_Im023,pooled,r2,0,0.42098490259740257,0
RIMONE_r2_Im024,pooled,r2,0,0.4546154581529581,0
RIMONE_r2_Im025,pooled,r2,0,0.4431770743145743,0
RIMONE_r2_Im026,pooled,r2,0,0.44459850288600283,0
RIMONE_r2_Im027,pooled,r2,0,0.5672667568542569,1
RIMONE_r2_Im028,pooled,r2,0,0.455668740981241,0
RIMONE_r2_Im029,pooled,r2,0,0.5235288641913642,1
RIMONE_r2_Im030,pooled,r2,0,0.5926372835497835,1
RIMONE_r2_Im031,pooled,r2,0,0.5786095057720058,1
RIMONE_r2_Im032,pooled,r2,0,0.44149136002886,0
RIMONE_r2_Im033,pooled,r2,0,0.5202015692640692,1
RIMONE_r2_Im347,pooled,r2,1,0.6057216797091798,1
RIMONE_r2_Im348,pooled,r2,1,0.5649600829725829,1
RIMONE_r2_Im351,pooled,r2,1,0.5312359487734489,1
RIMONE_r2_Im352,pooled,r2,1,0.477861020923521,0
RIMONE_r2_Im354,pooled,r2,1,0.48940863997114,0
RIMONE_r2_Im355,pooled,r2,1,0.48569554473304477,0
RIMONE_r2_Im356,pooled,r2,1,0.4970678391053392,0
RIMONE_r2_Im357,pooled,r2,1,0.6378526154401155,1
RIMONE_r2_Im358,pooled,r2,1,0.6165489940614942,1
RIMONE_r2_Im362,pooled,r2,1,0.5287345418470417,1
RIMONE_r2_Im365,pooled,r2,1,0.45680712481962493,0
RIMONE_r2_Im366,pooled,r2,1,0.5398707112332113,1
RIMONE_r2_Im369,pooled,r2,1,0.5722639110889112,1
RIMONE_r2_Im373,pooled,r2,1,0.5527025793650793,1
RIMONE_r2_Im376,pooled,r2,1,0.44809850288600284,0
RIMONE_r2_Im377,pooled,r2,1,0.6839007437007438,1
RIMONE_r2_Im383,pooled,r2,1,0.4414568362193362,0
RIMONE_r2_Im384,pooled,r2,1,0.5445597222222223,1
RIMONE_r2_Im385,pooled,r2,1,0.5162967352092352,1
RIMONE_r2_Im387,pooled,r2,1,0.6536834457209457,1
RIMONE_r2_Im388,pooled,r2,1,0.548974007936508,1
RIMONE_r2_Im389,pooled,r2,1,0.5425978174603175,1
RIMONE_r2_Im390,pooled,r2,1,0.5194253066378067,1
RIMONE_r2_Im391,pooled,r2,1,0.5137205447330448,1
RIMONE_r2_Im392,pooled,r2,1,0.5506517857142856,1
RIMONE_r2_Im393,pooled,r2,1,0.6687428071928073,1
RIMONE_r2_Im398,pooled,r2,1,0.5309164543789544,1
RIMONE_r2_Im399,pooled,r2,1,0.5484351773226773,1
RIMONE_r2_Im400,pooled,r2,1,0.5200419733044734,1
RIMONE_r2_Im401,pooled,r2,1,0.5246824494949496,1
RIMONE_r2_Im402,pooled,r2,1,0.3889959415584416,0
RIMONE_r2_Im403,pooled,r2,1,0.47850268759018755,0
RIMONE_r2_Im404,pooled,r2,1,0.5179086399711401,1
RIMONE_r2_Im406,pooled,r2,1,0.43087775974025977,0
RIMONE_r2_Im407,pooled,r2,1,0.5867656385281385,1
RIMONE_r2_Im408,pooled,r2,1,0.5398469155844154,1
RIMONE_r2_Im414,pooled,r2,1,0.557741829004329,1
RIMONE_r2_Im415,pooled,r2,1,0.467173502886003,0
RIMONE_r2_Im416,pooled,r2,1,0.4498765692640692,0
RIMONE_r2_Im418,pooled,r2,1,0.476574981962482,0
RIMONE_r2_Im419,pooled,r2,1,0.5584612373737373,1
RIMONE_r2_Im420,pooled,r2,1,0.5341552489177489,1
RIMONE_r2_Im421,pooled,r2,1,0.5286609848484849,1
RIMONE_r2_Im422,pooled,r2,1,0.5443858627483629,1
RIMONE_r2_Im424,pooled,r2,1,0.4661318362193363,0
RIMONE_r2_Im427,pooled,r2,1,0.48698503302253304,0
RIMONE_r2_Im428,pooled,r2,1,0.46914402958152956,0
RIMONE_r2_Im429,pooled,r2,1,0.4475837121212122,0
RIMONE_r2_Im432,pooled,r2,1,0.5700597444222445,1
RIMONE_r2_Im433,pooled,r2,1,0.6929876484626486,1
RIMONE_r2_Im436,pooled,r2,1,0.5379691378066378,1
RIMONE_r2_Im439,pooled,r2,1,0.44845712481962485,0
RIMONE_r2_Im441,pooled,r2,1,0.485031259018759,0
RIMONE_r2_Im442,pooled,r2,1,0.5017038780663781,1
RIMONE_r2_Im443,pooled,r2,1,0.5902602633477634,1
RIMONE_r2_Im444,pooled,r2,1,0.5458930555555557,1
RIMONE_r2_Im445,pooled,r2,1,0.4500964105339104,0
RIMONE_r2_Im448,pooled,r2,1,0.6449295995670996,1
RIMONE_r2_Im449,pooled,r2,1,0.6337695568320569,1
RIMONE_r2_Im450,pooled,r2,1,0.6330914543789544,1
RIMONE_r2_Im451,pooled,r2,1,0.5255991161616163,1
RIMONE_r2_Im453,pooled,r2,1,0.5690578685203685,1
RIMONE_r2_Im454,pooled,r2,1,0.5667691960816962,1
RIMONE_r2_Im455,pooled,r2,1,0.6649120532245533,1
RIMONE_r3_G-1-L_left_half,pooled,r3,1,0.48801459235209227,0
RIMONE_r3_G-10-L_left_half,pooled,r3,1,0.776176085026085,1
RIMONE_r3_G-11-R_left_half,pooled,r3,1,0.721392044067044,1
RIMONE_r3_G-12-L_left_half,pooled,r3,1,0.44845593434343434,0
RIMONE_r3_G-13-R_left_half,pooled,r3,1,0.7071499805749806,1
RIMONE_r3_G-14-R_left_half,pooled,r3,1,0.47781740620490626,0
RIMONE_r3_G-15-L_left_half,pooled,r3,1,0.49239356060606065,0
RIMONE_r3_G-16-R_left_half,pooled,r3,1,0.47720149711399706,0
RIMONE_r3_G-17-L_left_half,pooled,r3,1,0.44820113636363634,0
RIMONE_r3_G-18-R_left_half,pooled,r3,1,0.44384958513708506,0
RIMONE_r3_G-2-R_left_half,pooled,r3,1,0.5124348304473305,1
RIMONE_r3_G-22-L_left_half,pooled,r3,1,0.7622489121989122,1
RIMONE_r3_G-23-R_left_half,pooled,r3,1,0.5770063714063716,1
RIMONE_r3_G-25-L_left_half,pooled,r3,1,0.5460120532245533,1
RIMONE_r3_G-27-R_left_half,pooled,r3,1,0.6391097083472084,1
RIMONE_r3_G-29-R_left_half,pooled,r3,1,0.49388483044733034,0
RIMONE_r3_G-3-R_left_half,pooled,r3,1,0.7173696192696193,1
RIMONE_r3_G-30-L_left_half,pooled,r3,1,0.6421712162837163,1
RIMONE_r3_G-31-R_left_half,pooled,r3,1,0.6237777403152404,1
RIMONE_r3_G-32-L_left_half,pooled,r3,1,0.6898560647685646,1
RIMONE_r3_G-33-R_left_half,pooled,r3,1,0.4485842171717172,0
RIMONE_r3_G-34-L_left_half,pooled,r3,1,0.640627331002331,1
RIMONE_r3_G-35-R_left_half,pooled,r3,1,0.42961109307359296,0
RIMONE_r3_G-37-R_left_half,pooled,r3,1,0.676093600843601,1
RIMONE_r3_G-38-L_left_half,pooled,r3,1,0.5482882936507938,1
RIMONE_r3_G-39-L_left_half,pooled,r3,1,0.5107281246531248,1
RIMONE_r3_G-6-L_left_half,pooled,r3,1,0.5125818833943834,1
RIMONE_r3_G-8-R_left_half,pooled,r3,1,0.4498858044733044,0
RIMONE_r3_G-9-R_left_half,pooled,r3,1,0.543376388888889,1
RIMONE_r3_S-1-L_left_half,pooled,r3,1,0.4393749819624819,0
RIMONE_r3_S-10-R_left_half,pooled,r3,1,0.7132543817293817,1
RIMONE_r3_S-11-L_left_half,pooled,r3,1,0.47028338744588744,0
RIMONE_r3_S-12-L_left_half,pooled,r3,1,0.8146512931512933,1
RIMONE_r3_S-13-R_left_half,pooled,r3,1,0.6680772186147187,1
RIMONE_r3_S-14-R_left_half,pooled,r3,1,0.4456932359307359,0
RIMONE_r3_S-18-L_left_half,pooled,r3,1,0.4443642676767676,0
RIMONE_r3_S-19-R_left_half,pooled,r3,1,0.46087855339105327,0
RIMONE_r3_S-2-L_left_half,pooled,r3,1,0.43327061688311685,0
RIMONE_r3_S-20-L_left_half,pooled,r3,1,0.6270256313131314,1
RIMONE_r3_S-21-R_left_half,pooled,r3,1,0.6635989579864581,1
RIMONE_r3_S-25-L_left_half,pooled,r3,1,0.7350482309357309,1
RIMONE_r3_S-26-R_left_half,pooled,r3,1,0.6545366924741925,1
RIMONE_r3_S-28-R_left_half,pooled,r3,1,0.5496703865578867,1
RIMONE_r3_S-29-R_left_half,pooled,r3,1,0.4787026875901875,0
RIMONE_r3_S-30-L_left_half,pooled,r3,1,0.4547235028860028,0
RIMONE_r3_S-31-L_left_half,pooled,r3,1,0.4222023629148629,0
RIMONE_r3_S-32-L_left_half,pooled,r3,1,0.43656744227994226,0
RIMONE_r3_S-33-R_left_half,pooled,r3,1,0.47070268759018763,0
RIMONE_r3_S-35-R_left_half,pooled,r3,1,0.6067421758796758,1
RIMONE_r3_S-4-L_left_half,pooled,r3,1,0.7623468059718058,1
RIMONE_r3_S-6-R_left_half,pooled,r3,1,0.6004835123210124,1
RIMONE_r3_S-9-L_left_half,pooled,r3,1,0.7499537864912864,1
RIMONE_r2_Im034,pooled,r2,0,0.4500735028860029,0
RIMONE_r2_Im036,pooled,r2,0,0.4400068362193362,0
RIMONE_r2_Im038,pooled,r2,0,0.456918740981241,0
RIMONE_r2_Im040,pooled,r2,0,0.4452162518037518,0
RIMONE_r2_Im042,pooled,r2,0,0.4890257034632034,0
RIMONE_r2_Im044,pooled,r2,0,0.5423909271284272,1
RIMONE_r2_Im046,pooled,r2,0,0.544070689033189,1
RIMONE_r2_Im048,pooled,r2,0,0.5234763888888889,1
RIMONE_r2_Im050,pooled,r2,0,0.45193064574314573,0
RIMONE_r2_Im052,pooled,r2,0,0.424388474025974,0
RIMONE_r2_Im054,pooled,r2,0,0.44311506132756123,0
RIMONE_r2_Im056,pooled,r2,0,0.4623180555555556,0
RIMONE_r2_Im058,pooled,r2,0,0.5977669733044733,1
RIMONE_r2_Im060,pooled,r2,0,0.4548354076479077,0
RIMONE_r2_Im062,pooled,r2,0,0.4457235028860028,0
RIMONE_r2_Im064,pooled,r2,0,0.44695445526695526,0
RIMONE_r2_Im066,pooled,r2,0,0.4237990800865801,0
RIMONE_r2_Im068,pooled,r2,0,0.4488842171717172,0
RIMONE_r2_Im070,pooled,r2,0,0.45083540764790764,0
RIMONE_r2_Im072,pooled,r2,0,0.4435476370851371,0
RIMONE_r2_Im074,pooled,r2,0,0.5430691378066378,1
RIMONE_r2_Im076,pooled,r2,0,0.45779096320346324,0
RIMONE_r2_Im078,pooled,r2,0,0.4454699314574314,0
RIMONE_r2_Im080,pooled,r2,0,0.44140445526695526,0
RIMONE_r2_Im082,pooled,r2,0,0.5162419733044734,1
RIMONE_r2_Im084,pooled,r2,0,0.5309501984126985,1
RIMONE_r2_Im086,pooled,r2,0,0.442018740981241,0
RIMONE_r2_Im088,pooled,r2,0,0.46246874098124097,0
RIMONE_r2_Im090,pooled,r2,0,0.44007739898989895,0
RIMONE_r2_Im092,pooled,r2,0,0.5374028318903319,1
RIMONE_r2_Im094,pooled,r2,0,0.43527934704184706,0
RIMONE_r2_Im096,pooled,r2,0,0.45346874098124096,0
RIMONE_r2_Im098,pooled,r2,0,0.48032617243867237,0
RIMONE_r2_Im100,pooled,r2,0,0.4421829184704184,0
RIMONE_r2_Im102,pooled,r2,0,0.5427207251082251,1
RIMONE_r2_Im104,pooled,r2,0,0.4548354076479077,0
RIMONE_r2_Im106,pooled,r2,0,0.4433087121212121,0
RIMONE_r2_Im108,pooled,r2,0,0.4517235028860028,0
RIMONE_r2_Im110,pooled,r2,0,0.4467092171717172,0
RIMONE_r2_Im112,pooled,r2,0,0.5954192321567321,1
RIMONE_r2_Im114,pooled,r2,0,0.5662300324675325,1
RIMONE_r2_Im116,pooled,r2,0,0.5666017496392495,1
RIMONE_r2_Im118,pooled,r2,0,0.4511560425685426,0
RIMONE_r2_Im120,pooled,r2,0,0.4547235028860028,0
RIMONE_r2_Im122,pooled,r2,0,0.46814731240981244,0
RIMONE_r2_Im124,pooled,r2,0,0.44397418831168833,0
RIMONE_r2_Im126,pooled,r2,0,0.5054443403818404,1
RIMONE_r2_Im128,pooled,r2,0,0.44459850288600283,0
RIMONE_r2_Im130,pooled,r2,0,0.45264374098124094,0
RIMONE_r2_Im132,pooled,r2,0,0.46024792568542566,0
RIMONE_r2_Im134,pooled,r2,0,0.5467661435786436,1
RIMONE_r2_Im136,pooled,r2,0,0.45097032828282824,0
RIMONE_r2_Im138,pooled,r2,0,0.4564409632034632,0
RIMONE_r2_Im140,pooled,r2,0,0.4236015692640692,0
RIMONE_r2_Im142,pooled,r2,0,0.45560921717171715,0
RIMONE_r2_Im144,pooled,r2,0,0.5412115620490621,1
RIMONE_r2_Im146,pooled,r2,0,0.5413614177489177,1
RIMONE_r2_Im148,pooled,r2,0,0.4548354076479077,0
RIMONE_r2_Im150,pooled,r2,0,0.44265921717171713,0
RIMONE_r2_Im152,pooled,r2,0,0.4488139790764791,0
RIMONE_r2_Im154,pooled,r2,0,0.44931874098124097,0
RIMONE_r2_Im156,pooled,r2,0,0.45232350288600287,0
RIMONE_r2_Im158,pooled,r2,0,0.45366874098124094,0
RIMONE_r2_Im160,pooled,r2,0,0.4539437409812409,0
RIMONE_r2_Im162,pooled,r2,0,0.4426654581529581,0
RIMONE_r2_Im164,pooled,r2,0,0.48415463564213573,0
RIMONE_r2_Im166,pooled,r2,0,0.6121772907647909,1
RIMONE_r2_Im168,pooled,r2,0,0.5700150113775114,1
RIMONE_r2_Im170,pooled,r2,0,0.46099493145743153,0
RIMONE_r2_Im172,pooled,r2,0,0.4528592171717172,0
RIMONE_r2_Im174,pooled,r2,0,0.56709908008658,1
RIMONE_r2_Im176,pooled,r2,0,0.45304172077922084,0
RIMONE_r2_Im178,pooled,r2,0,0.4550961219336219,0
RIMONE_r2_Im180,pooled,r2,0,0.4439150613275613,0
RIMONE_r2_Im182,pooled,r2,0,0.5409695346320346,1
RIMONE_r2_Im184,pooled,r2,0,0.5317401334776335,1
RIMONE_r2_Im186,pooled,r2,0,0.44304016955266945,0
RIMONE_r2_Im188,pooled,r2,0,0.47081069624819627,0
RIMONE_r2_Im190,pooled,r2,0,0.5980058621933622,1
RIMONE_r2_Im192,pooled,r2,0,0.4510258838383838,0
RIMONE_r2_Im194,pooled,r2,0,0.46100207431457435,0
RIMONE_r2_Im196,pooled,r2,0,0.45409850288600284,0
RIMONE_r2_Im198,pooled,r2,0,0.451468740981241,0
RIMONE_r2_Im200,pooled,r2,0,0.4616242965367966,0
RIMONE_r2_Im202,pooled,r2,0,0.46904402958152963,0
RIMONE_r2_Im206,pooled,r2,0,0.43419045815295815,0
RIMONE_r2_Im208,pooled,r2,0,0.4419092171717172,0
RIMONE_r2_Im210,pooled,r2,0,0.4429377886002886,0
RIMONE_r2_Im212,pooled,r2,0,0.45264374098124094,0
RIMONE_r2_Im214,pooled,r2,0,0.5828422619047618,1
RIMONE_r2_Im216,pooled,r2,0,0.44320207431457426,0
RIMONE_r2_Im218,pooled,r2,0,0.6152534812409813,1
RIMONE_r2_Im220,pooled,r2,0,0.5063705447330447,1
RIMONE_r2_Im222,pooled,r2,0,0.4427083513708513,0
RIMONE_r2_Im224,pooled,r2,0,0.5242582070707071,1
RIMONE_r2_Im226,pooled,r2,0,0.5297811507936508,1
RIMONE_r2_Im228,pooled,r2,0,0.538784996947497,1
RIMONE_r2_Im230,pooled,r2,0,0.5619816780441781,1
RIMONE_r2_Im232,pooled,r2,0,0.4488868867243867,0
RIMONE_r2_Im234,pooled,r2,0,0.4481996933621934,0
RIMONE_r2_Im236,pooled,r2,0,0.5662779401154401,1
RIMONE_r2_Im238,pooled,r2,0,0.43549136002886,0
RIMONE_r2_Im240,pooled,r2,0,0.5199119588744587,1
RIMONE_r2_Im242,pooled,r2,0,0.445438474025974,0
RIMONE_r2_Im244,pooled,r2,0,0.454443740981241,0
RIMONE_r2_Im246,pooled,r2,0,0.5291790223665224,1
RIMONE_r2_Im248,pooled,r2,0,0.46796816378066375,0
RIMONE_r2_Im250,pooled,r2,0,0.5281251123876124,1
RIMONE_r2_Im252,pooled,r2,0,0.5228170093795094,1
RIMONE_r2_Im254,pooled,r2,0,0.45818602092352095,0
RIMONE_r3_N-1-L_left_half,pooled,r3,0,0.46275427489177484,0
RIMONE_r3_N-10-R_left_half,pooled,r3,0,0.6346429695304695,1
RIMONE_r3_N-11-L_left_half,pooled,r3,0,0.5486800546675545,1
RIMONE_r3_N-12-R_left_half,pooled,r3,0,0.5868534312909313,1
RIMONE_r3_N-13-L_left_half,pooled,r3,0,0.64340574009324,1
RIMONE_r3_N-14-R_left_half,pooled,r3,0,0.43086585497835495,0
RIMONE_r3_N-16-R_left_half,pooled,r3,0,0.4569050685425685,0
RIMONE_r3_N-17-L_left_half,pooled,r3,0,0.5742007395382396,1
RIMONE_r3_N-18-R_left_half,pooled,r3,0,0.4349270743145743,0
RIMONE_r3_N-2-R_left_half,pooled,r3,0,0.6395628108003109,1
RIMONE_r3_N-20-R_left_half,pooled,r3,0,0.45398540764790757,0
RIMONE_r3_N-21-L_left_half,pooled,r3,0,0.5758101898101898,1
RIMONE_r3_N-22-R_left_half,pooled,r3,0,0.6142484834609835,1
RIMONE_r3_N-23-L_left_half,pooled,r3,0,0.43137775974025966,0
RIMONE_r3_N-24-R_left_half,pooled,r3,0,0.6026865662115662,1
RIMONE_r3_N-25-L_left_half,pooled,r3,0,0.49809316378066376,0
RIMONE_r3_N-26-R_left_half,pooled,r3,0,0.4197622835497835,0
RIMONE_r3_N-27-L_left_half,pooled,r3,0,0.4386710137085137,0
RIMONE_r3_N-28-R_left_half,pooled,r3,0,0.44258540764790766,0
RIMONE_r3_N-29-L_left_half,pooled,r3,0,0.4307535533910533,0
RIMONE_r3_N-3-L_left_half,pooled,r3,0,0.4521865981240981,0
RIMONE_r3_N-30-R_left_half,pooled,r3,0,0.5513063894438895,1
RIMONE_r3_N-31-L_left_half,pooled,r3,0,0.4577425505050504,0
RIMONE_r3_N-32-R_left_half,pooled,r3,0,0.43079255050505044,0
RIMONE_r3_N-33-L_left_half,pooled,r3,0,0.46957411616161615,0
RIMONE_r3_N-34-R_left_half,pooled,r3,0,0.5119348304473305,1
RIMONE_r3_N-35-L_left_half,pooled,r3,0,0.5156300685425685,1
RIMONE_r3_N-36-R_left_half,pooled,r3,0,0.47109435425685414,0
RIMONE_r3_N-37-L_left_half,pooled,r3,0,0.5923168512043512,1
RIMONE_r3_N-38-R_left_half,pooled,r3,0,0.56553836996337,1
RIMONE_r3_N-39-L_left_half,pooled,r3,0,0.4105018578643579,0
RIMONE_r3_N-4-R_left_half,pooled,r3,0,0.4553354076479076,0
RIMONE_r3_N-40-R_left_half,pooled,r3,0,0.4199937049062049,0
RIMONE_r3_N-41-L_left_half,pooled,r3,0,0.4258102994227994,0
RIMONE_r3_N-42-R_left_half,pooled,r3,0,0.5199424062049063,1
RIMONE_r3_N-43-L_left_half,pooled,r3,0,0.5507708694083694,1
RIMONE_r3_N-44-R_left_half,pooled,r3,0,0.5588505092130092,1
RIMONE_r3_N-46-R_left_half,pooled,r3,0,0.5180317862692863,1
RIMONE_r3_N-47-L_left_half,pooled,r3,0,0.46848602092352093,0
RIMONE_r3_N-48-R_left_half,pooled,r3,0,0.626982092907093,1
RIMONE_r3_N-49-L_left_half,pooled,r3,0,0.4582342171717172,0
RIMONE_r3_N-5-L_left_half,pooled,r3,0,0.45504374098124095,0
RIMONE_r3_N-50-R_left_half,pooled,r3,0,0.4558294552669553,0
RIMONE_r3_N-51-L_left_half,pooled,r3,0,0.8028051393051392,1
RIMONE_r3_N-52-R_left_half,pooled,r3,0,0.6811547119547121,1
RIMONE_r3_N-53-L_left_half,pooled,r3,0,0.49291221139971136,0
RIMONE_r3_N-54-R_left_half,pooled,r3,0,0.5012348304473304,1
RIMONE_r3_N-55-L_left_half,pooled,r3,0,0.513963401875902,1
RIMONE_r3_N-56-R_left_half,pooled,r3,0,0.5511049603174604,1
RIMONE_r3_N-58-R_left_half,pooled,r3,0,0.42750950577200575,0
RIMONE_r3_N-59-L_left_half,pooled,r3,0,0.5941549464424465,1
RIMONE_r3_N-6-R_left_half,pooled,r3,0,0.5608336038961038,1
RIMONE_r3_N-61-L_left_half,pooled,r3,0,0.6700930056055057,1
RIMONE_r3_N-62-R_left_half,pooled,r3,0,0.6348679820179821,1
RIMONE_r3_N-63-L_left_half,pooled,r3,0,0.507404274891775,1
RIMONE_r3_N-64-R_left_half,pooled,r3,0,0.4218833152958153,0
RIMONE_r3_N-65-L_left_half,pooled,r3,0,0.5523730561105561,1
RIMONE_r3_N-66-R_left_half,pooled,r3,0,0.5804759143634144,1
RIMONE_r3_N-67-L_left_half,pooled,r3,0,0.5838933663558664,1
RIMONE_r3_N-68-R_left_half,pooled,r3,0,0.5670583735708735,1
RIMONE_r3_N-69-L_left_half,pooled,r3,0,0.5412445207570209,1
RIMONE_r3_N-7-L_left_half,pooled,r3,0,0.4868514971139971,0
RIMONE_r3_N-70-R_left_half,pooled,r3,0,0.5633818362193362,1
RIMONE_r3_N-71-L_left_half,pooled,r3,0,0.6633167790542791,1
RIMONE_r3_N-72-R_left_half,pooled,r3,0,0.436904347041847,0
RIMONE_r3_N-73-R_left_half,pooled,r3,0,0.5547881854256855,1
RIMONE_r3_N-74-L_left_half,pooled,r3,0,0.4348944985569985,0
RIMONE_r3_N-75-R_left_half,pooled,r3,0,0.423661093073593,0
RIMONE_r3_N-76-R_left_half,pooled,r3,0,0.49529020562770565,0
RIMONE_r3_N-78-R_left_half,pooled,r3,0,0.5496845668220669,1
RIMONE_r3_N-79-L_left_half,pooled,r3,0,0.4214416486291486,0
RIMONE_r3_N-8-L_left_half,pooled,r3,0,0.44077588383838384,0
RIMONE_r3_N-80-R_left_half,pooled,r3,0,0.6863185966810967,1
RIMONE_r3_N-81-L_left_half,pooled,r3,0,0.4534515331890333,0
RIMONE_r3_N-82-R_left_half,pooled,r3,0,0.544694642857143,1
RIMONE_r3_N-83-L_left_half,pooled,r3,0,0.4839298382173382,0
RIMONE_r3_N-84-R_left_half,pooled,r3,0,0.5138992826617828,1
RIMONE_r3_N-85-L_left_half,pooled,r3,0,0.45459727633477626,0
RIMONE_r3_N-86-R_left_half,pooled,r3,0,0.4428235028860029,0
RIMONE_r3_N-87-L_left_half,pooled,r3,0,0.5283687049062049,1
RIMONE_r3_N-88-R_left_half,pooled,r3,0,0.4566008838383838,0
RIMONE_r3_N-9-L_left_half,pooled,r3,0,0.4441388708513708,0
RIMONE_r3_N-90-R_left_half,pooled,r3,0,0.4442901695526695,0
RIMONE_r3_N-91-L_left_half,pooled,r3,0,0.5268618506493506,1
RIMONE_r3_N-92-R_left_half,pooled,r3,0,0.48516084054834047,0
