image_id,outer_fold,hospital,y_true,y_prob,y_pred
RIMONE_r1_Im069,0,r1,1,0.7614341756549787,1
RIMONE_r1_Im103,0,r1,1,0.7646001191949475,1
RIMONE_r1_Im113,0,r1,1,0.7616874588461535,1
RIMONE_r1_Im117,0,r1,1,0.7612332964305384,1
RIMONE_r1_Im118,0,r1,1,0.7621892407291816,1
RIMONE_r1_Im120,0,r1,1,0.7604496554149478,1
RIMONE_r1_Im121,0,r1,1,0.7607001011258967,1
RIMONE_r1_Im122,0,r1,1,0.7613867245792704,1
RIMONE_r1_Im135,0,r1,1,0.7612510403789149,1
RIMONE_r1_Im144,0,r1,1,0.7602511997946922,1
RIMONE_r1_Im158,0,r1,1,0.7615970870407303,1
RIMONE_r1_Im167,0,r1,1,0.7668700112570922,1
RIMONE_r2_Im257,0,r2,1,0.7616339225828151,1
RIMONE_r2_Im258,0,r2,1,0.7627397180091523,1
RIMONE_r2_Im260,0,r2,1,0.7624037669934475,1
RIMONE_r2_Im263,0,r2,1,0.7644892068658241,1
RIMONE_r2_Im264,0,r2,1,0.7657734655987506,1
RIMONE_r2_Im266,0,r2,1,0.7626516126816483,1
RIMONE_r2_Im267,0,r2,1,0.7614193938028824,1
RIMONE_r2_Im268,0,r2,1,0.7614193938028824,1
RIMONE_r2_Im269,0,r2,1,0.7624816637316075,1
RIMONE_r2_Im270,0,r2,1,0.7624306643095938,1
RIMONE_r2_Im273,0,r2,1,0.7620881843747614,1
RIMONE_r2_Im275,0,r2,1,0.7613372345577173,1
RIMONE_r2_Im277,0,r2,1,0.7621995958696143,1
RIMONE_r2_Im281,0,r2,1,0.7613763335348845,1
RIMONE_r2_Im287,0,r2,1,0.7614687829280455,1
RIMONE_r2_Im288,0,r2,1,0.763100015163015,1
RIMONE_r2_Im289,0,r2,1,0.7638777513980707,1
RIMONE_r2_Im290,0,r2,1,0.7617527638658995,1
RIMONE_r2_Im291,0,r2,1,0.7626058683501568,1
RIMONE_r2_Im292,0,r2,1,0.7639582578554589,1
RIMONE_r2_Im293,0,r2,1,0.7614196415074053,1
RIMONE_r2_Im294,0,r2,1,0.7613469073368337,1
RIMONE_r2_Im301,0,r2,1,0.7630732906208102,1
RIMONE_r2_Im302,0,r2,1,0.763081012255639,1
RIMONE_r2_Im303,0,r2,1,0.7614372386858297,1
RIMONE_r2_Im305,0,r2,1,0.7616344926231429,1
RIMONE_r2_Im314,0,r2,1,0.7615318866790041,1
RIMONE_r2_Im315,0,r2,1,0.7616019222031839,1
RIMONE_r2_Im317,0,r2,1,0.7623286583776637,1
RIMONE_r2_Im318,0,r2,1,0.7625719613856892,1
RIMONE_r2_Im319,0,r2,1,0.7617208114944974,1
RIMONE_r2_Im320,0,r2,1,0.7616979030264331,1
RIMONE_r2_Im321,0,r2,1,0.7614194642886604,1
RIMONE_r2_Im324,0,r2,1,0.7615565688314204,1
RIMONE_r2_Im329,0,r2,1,0.7622043417983312,1
RIMONE_r2_Im330,0,r2,1,0.7607765690194329,1
RIMONE_r2_Im331,0,r2,1,0.7630938360036958,1
RIMONE_r2_Im332,0,r2,1,0.7634680018885375,1
RIMONE_r2_Im333,0,r2,1,0.7628966641326081,1
RIMONE_r2_Im334,0,r2,1,0.7628081655137112,1
RIMONE_r2_Im338,0,r2,1,0.7624714793566723,1
RIMONE_r2_Im339,0,r2,1,0.7631170411140377,1
RIMONE_r2_Im343,0,r2,1,0.7618134296458914,1
RIMONE_r2_Im344,0,r2,1,0.7614243489514089,1
RIMONE_r1_Im001,0,r1,0,0.7619108247899233,1
RIMONE_r1_Im003,0,r1,0,0.7616797746564475,1
RIMONE_r1_Im004,0,r1,0,0.7613706259813008,1
RIMONE_r1_Im006,0,r1,0,0.7609126398954881,1
RIMONE_r1_Im008,0,r1,0,0.7616907649087175,1
RIMONE_r1_Im011,0,r1,0,0.7627029132268411,1
RIMONE_r1_Im012,0,r1,0,0.762879254876786,1
RIMONE_r1_Im014,0,r1,0,0.7633912291986599,1
RIMONE_r1_Im015,0,r1,0,0.7631774334276766,1
RIMONE_r1_Im019,0,r1,0,0.7614543500614859,1
RIMONE_r1_Im020,0,r1,0,0.7615640853839966,1
RIMONE_r1_Im022,0,r1,0,0.7609649677078627,1
RIMONE_r1_Im023,0,r1,0,0.7607765999235554,1
RIMONE_r1_Im024,0,r1,0,0.7607605413384334,1
RIMONE_r1_Im025,0,r1,0,0.7613868991454688,1
RIMONE_r1_Im026,0,r1,0,0.7612973372329177,1
RIMONE_r1_Im027,0,r1,0,0.7614948184762282,1
RIMONE_r1_Im028,0,r1,0,0.7607292185099817,1
RIMONE_r1_Im029,0,r1,0,0.7604690581503084,1
RIMONE_r1_Im031,0,r1,0,0.7604890518153271,1
RIMONE_r1_Im032,0,r1,0,0.7613596957421087,1
RIMONE_r1_Im033,0,r1,0,0.7615381768104134,1
RIMONE_r1_Im036,0,r1,0,0.7611973988197178,1
RIMONE_r1_Im037,0,r1,0,0.7606963566165286,1
RIMONE_r1_Im040,0,r1,0,0.7630590532225683,1
RIMONE_r1_Im041,0,r1,0,0.7626590337620024,1
RIMONE_r1_Im042,0,r1,0,0.7618835451701359,1
RIMONE_r1_Im046,0,r1,0,0.7630601200615089,1
RIMONE_r1_Im047,0,r1,0,0.7613281165727825,1
RIMONE_r1_Im050,0,r1,0,0.760584118355343,1
RIMONE_r1_Im052,0,r1,0,0.7636806510917068,1
RIMONE_r1_Im054,0,r1,0,0.7641287820296868,1
RIMONE_r1_Im055,0,r1,0,0.762554494145559,1
RIMONE_r1_Im056,0,r1,0,0.7617218498703272,1
RIMONE_r1_Im057,0,r1,0,0.7606247230581291,1
RIMONE_r1_Im058,0,r1,0,0.7609094018224283,1
RIMONE_r1_Im059,0,r1,0,0.7628625238474792,1
RIMONE_r1_Im060,0,r1,0,0.7609281359608542,1
RIMONE_r1_Im061,0,r1,0,0.7628898466624299,1
RIMONE_r1_Im062,0,r1,0,0.7606845479263732,1
RIMONE_r1_Im063,0,r1,0,0.7609593152716547,1
RIMONE_r1_Im071,0,r1,0,0.7608709768713553,1
RIMONE_r1_Im072,0,r1,0,0.7611543827513751,1
RIMONE_r1_Im073,0,r1,0,0.7611756411502001,1
RIMONE_r1_Im080,0,r1,0,0.7666270458049468,1
RIMONE_r1_Im082,0,r1,0,0.7619474925382009,1
RIMONE_r1_Im086,0,r1,0,0.7617977745750211,1
RIMONE_r1_Im087,0,r1,0,0.7624153545439057,1
RIMONE_r1_Im095,0,r1,0,0.761110212483502,1
RIMONE_r1_Im107,0,r1,0,0.7607916123472719,1
RIMONE_r1_Im108,0,r1,0,0.76096347696985,1
RIMONE_r1_Im115,0,r1,0,0.7620954405668606,1
RIMONE_r1_Im116,0,r1,0,0.7602412412226353,1
RIMONE_r1_Im119,0,r1,0,0.7623123379153379,1
RIMONE_r1_Im125,0,r1,0,0.7601989349773981,1
RIMONE_r1_Im127,0,r1,0,0.7604166864961648,1
RIMONE_r1_Im128,0,r1,0,0.7604828026869521,1
RIMONE_r1_Im129,0,r1,0,0.7625114267370173,1
RIMONE_r1_Im130,0,r1,0,0.7613083459872463,1
RIMONE_r1_Im131,0,r1,0,0.761692576516574,1
RIMONE_r1_Im132,0,r1,0,0.7612604938000667,1
RIMONE_r1_Im133,0,r1,0,0.7603512262119635,1
RIMONE_r1_Im136,0,r1,0,0.7617337867183964,1
RIMONE_r1_Im137,0,r1,0,0.76216493489288,1
RIMONE_r1_Im138,0,r1,0,0.761295059237933,1
RIMONE_r1_Im142,0,r1,0,0.7627626798132575,1
RIMONE_r1_Im143,0,r1,0,0.7613518979897709,1
RIMONE_r1_Im145,0,r1,0,0.7637148840777999,1
RIMONE_r1_Im146,0,r1,0,0.7625522729501765,1
RIMONE_r1_Im149,0,r1,0,0.7623330273923988,1
RIMONE_r1_Im150,0,r1,0,0.7640284047374476,1
RIMONE_r1_Im151,0,r1,0,0.7626172309318711,1
RIMONE_r1_Im152,0,r1,0,0.7624057240403289,1
RIMONE_r1_Im153,0,r1,0,0.7611723737602825,1
RIMONE_r1_Im154,0,r1,0,0.7619621468846718,1
RIMONE_r1_Im155,0,r1,0,0.7617189931540151,1
RIMONE_r1_Im156,0,r1,0,0.7603964432577842,1
RIMONE_r1_Im159,0,r1,0,0.7601677400351702,1
RIMONE_r1_Im161,0,r1,0,0.7627817983047253,1
RIMONE_r1_Im162,0,r1,0,0.7621341403455575,1
RIMONE_r1_Im163,0,r1,0,0.7606755545661725,1
RIMONE_r1_Im164,0,r1,0,0.7625384646813789,1
RIMONE_r1_Im165,0,r1,0,0.7613451442417255,1
RIMONE_r1_Im166,0,r1,0,0.7623973987916456,1
RIMONE_r1_Im168,0,r1,0,0.7607187648205725,1
RIMONE_r1_Im169,0,r1,0,0.7601272832678156,1
RIMONE_r2_Im001,0,r2,0,0.7614431752737024,1
RIMONE_r2_Im002,0,r2,0,0.7619485811246149,1
RIMONE_r2_Im003,0,r2,0,0.7616065825708633,1
RIMONE_r2_Im004,0,r2,0,0.762299610296788,1
RIMONE_r2_Im005,0,r2,0,0.7618528827715926,1
RIMONE_r2_Im006,0,r2,0,0.7618696777611436,1
RIMONE_r2_Im007,0,r2,0,0.7615043028633824,1
RIMONE_r2_Im009,0,r2,0,0.7614490173775246,1
RIMONE_r2_Im010,0,r2,0,0.762240397051656,1
RIMONE_r2_Im011,0,r2,0,0.7614211494144619,1
RIMONE_r2_Im012,0,r2,0,0.7614269694143626,1
RIMONE_r2_Im013,0,r2,0,0.7614244407134673,1
RIMONE_r2_Im014,0,r2,0,0.7615976103061862,1
RIMONE_r2_Im015,0,r2,0,0.7614606945568135,1
RIMONE_r2_Im016,0,r2,0,0.7614287264059466,1
RIMONE_r2_Im017,0,r2,0,0.7614619183243222,1
RIMONE_r2_Im018,0,r2,0,0.7614719967130303,1
RIMONE_r2_Im019,0,r2,0,0.7625885572960215,1
RIMONE_r2_Im020,0,r2,0,0.7620352234431893,1
RIMONE_r2_Im021,0,r2,0,0.7633924777477723,1
RIMONE_r2_Im022,0,r2,0,0.7631319634478997,1
RIMONE_r2_Im023,0,r2,0,0.7618950724709819,1
RIMONE_r2_Im024,0,r2,0,0.7614800525910727,1
RIMONE_r2_Im025,0,r2,0,0.7615149135425502,1
RIMONE_r2_Im026,0,r2,0,0.761593913454075,1
RIMONE_r2_Im027,0,r2,0,0.7621296145953237,1
RIMONE_r2_Im028,0,r2,0,0.7610710354302815,1
RIMONE_r2_Im029,0,r2,0,0.7611919188746118,1
RIMONE_r2_Im030,0,r2,0,0.7619949743447253,1
RIMONE_r2_Im031,0,r2,0,0.7616370312141713,1
RIMONE_r2_Im032,0,r2,0,0.761538941895761,1
RIMONE_r2_Im033,0,r2,0,0.7626583494347067,1
RIMONE_r2_Im347,0,r2,1,0.7614274467780447,1
RIMONE_r2_Im348,0,r2,1,0.7624613637615998,1
RIMONE_r2_Im351,0,r2,1,0.7627931068192589,1
RIMONE_r2_Im352,0,r2,1,0.7627084536158907,1
RIMONE_r2_Im354,0,r2,1,0.763370033280391,1
RIMONE_r2_Im355,0,r2,1,0.762410600325572,1
RIMONE_r2_Im356,0,r2,1,0.7617847251915439,1
RIMONE_r2_Im357,0,r2,1,0.7614282022103573,1
RIMONE_r2_Im358,0,r2,1,0.7624606871507159,1
RIMONE_r2_Im362,0,r2,1,0.761524992991945,1
RIMONE_r2_Im365,0,r2,1,0.7625535184161994,1
RIMONE_r2_Im366,0,r2,1,0.7631901614719454,1
RIMONE_r2_Im369,0,r2,1,0.7614208583390218,1
RIMONE_r2_Im373,0,r2,1,0.7639866590678065,1
RIMONE_r2_Im376,0,r2,1,0.7612002070378301,1
RIMONE_r2_Im377,0,r2,1,0.7615987305931724,1
RIMONE_r2_Im383,0,r2,1,0.7613490017787424,1
RIMONE_r2_Im384,0,r2,1,0.7666880818318268,1
RIMONE_r2_Im385,0,r2,1,0.763339662693675,1
RIMONE_r2_Im387,0,r2,1,0.7627058282335075,1
RIMONE_r2_Im388,0,r2,1,0.763441273608578,1
RIMONE_r2_Im389,0,r2,1,0.763604038498607,1
RIMONE_r2_Im390,0,r2,1,0.764092610659836,1
RIMONE_r2_Im391,0,r2,1,0.7627824632993974,1
RIMONE_r2_Im392,0,r2,1,0.7622471488055707,1
RIMONE_r2_Im393,0,r2,1,0.7616723157707506,1
RIMONE_r2_Im398,0,r2,1,0.7619559945546456,1
RIMONE_r2_Im399,0,r2,1,0.7616636805381524,1
RIMONE_r2_Im400,0,r2,1,0.7641676742457759,1
RIMONE_r2_Im401,0,r2,1,0.7623327341784931,1
RIMONE_r2_Im402,0,r2,1,0.7607443742186204,1
RIMONE_r2_Im403,0,r2,1,0.7615913234771184,1
RIMONE_r2_Im404,0,r2,1,0.7644975122123414,1
RIMONE_r2_Im406,0,r2,1,0.7617812499299931,1
RIMONE_r2_Im407,0,r2,1,0.7617137408038488,1
RIMONE_r2_Im408,0,r2,1,0.7618574164866477,1
RIMONE_r2_Im414,0,r2,1,0.763001524002912,1
RIMONE_r2_Im415,0,r2,1,0.7622695892818491,1
RIMONE_r2_Im416,0,r2,1,0.7623436427592056,1
RIMONE_r2_Im418,0,r2,1,0.761268872899652,1
RIMONE_r2_Im419,0,r2,1,0.7615097223255508,1
RIMONE_r2_Im420,0,r2,1,0.7620195053275202,1
RIMONE_r2_Im421,0,r2,1,0.7615614706065169,1
RIMONE_r2_Im422,0,r2,1,0.7619247931185912,1
RIMONE_r2_Im424,0,r2,1,0.7624680747690824,1
RIMONE_r2_Im427,0,r2,1,0.7621744464154361,1
RIMONE_r2_Im428,0,r2,1,0.7624688091718999,1
RIMONE_r2_Im429,0,r2,1,0.7620987344819368,1
RIMONE_r2_Im432,0,r2,1,0.7617461329660701,1
RIMONE_r2_Im433,0,r2,1,0.7614193939087488,1
RIMONE_r2_Im436,0,r2,1,0.7620262964079938,1
RIMONE_r2_Im439,0,r2,1,0.761067881810516,1
RIMONE_r2_Im441,0,r2,1,0.7633569075218734,1
RIMONE_r2_Im442,0,r2,1,0.7642204944093213,1
RIMONE_r2_Im443,0,r2,1,0.763179884194639,1
RIMONE_r2_Im444,0,r2,1,0.7638744342867919,1
RIMONE_r2_Im445,0,r2,1,0.7617462909123277,1
RIMONE_r2_Im448,0,r2,1,0.7626516892405989,1
RIMONE_r2_Im449,0,r2,1,0.762655071042345,1
RIMONE_r2_Im450,0,r2,1,0.761857221130523,1
RIMONE_r2_Im451,0,r2,1,0.7647093154833343,1
RIMONE_r2_Im453,0,r2,1,0.761019588597599,1
RIMONE_r2_Im454,0,r2,1,0.7621249343771377,1
RIMONE_r2_Im455,0,r2,1,0.7614699808246067,1
RIMONE_r3_G-1-L_left_half,0,r3,1,0.7621292469803355,1
RIMONE_r3_G-10-L_left_half,0,r3,1,0.7586002152241762,1
RIMONE_r3_G-11-R_left_half,0,r3,1,0.7613136615579384,1
RIMONE_r3_G-12-L_left_half,0,r3,1,0.7635752525248971,1
RIMONE_r3_G-13-R_left_half,0,r3,1,0.7594468718775887,1
RIMONE_r3_G-14-R_left_half,0,r3,1,0.7662896812541561,1
RIMONE_r3_G-15-L_left_half,0,r3,1,0.7704102948126843,1
RIMONE_r3_G-16-R_left_half,0,r3,1,0.7635876844259536,1
RIMONE_r3_G-17-L_left_half,0,r3,1,0.7628137029192741,1
RIMONE_r3_G-18-R_left_half,0,r3,1,0.7608401586754783,1
RIMONE_r3_G-2-R_left_half,0,r3,1,0.7637481457589725,1
RIMONE_r3_G-22-L_left_half,0,r3,1,0.7613260389704399,1
RIMONE_r3_G-23-R_left_half,0,r3,1,0.7615204897111826,1
RIMONE_r3_G-25-L_left_half,0,r3,1,0.7636595615469105,1
RIMONE_r3_G-27-R_left_half,0,r3,1,0.76202183006213,1
RIMONE_r3_G-29-R_left_half,0,r3,1,0.7626713573675901,1
RIMONE_r3_G-3-R_left_half,0,r3,1,0.7605082785706304,1
RIMONE_r3_G-30-L_left_half,0,r3,1,0.7621080227792241,1
RIMONE_r3_G-31-R_left_half,0,r3,1,0.7589072717692968,1
RIMONE_r3_G-32-L_left_half,0,r3,1,0.7597162681525825,1
RIMONE_r3_G-33-R_left_half,0,r3,1,0.7604627261290323,1
RIMONE_r3_G-34-L_left_half,0,r3,1,0.7593841901376343,1
RIMONE_r3_G-35-R_left_half,0,r3,1,0.7618719379494707,1
RIMONE_r3_G-37-R_left_half,0,r3,1,0.7599462753756452,1
RIMONE_r3_G-38-L_left_half,0,r3,1,0.7650288929777914,1
RIMONE_r3_G-39-L_left_half,0,r3,1,0.7610264188250979,1
RIMONE_r3_G-6-L_left_half,0,r3,1,0.7713257926009616,1
RIMONE_r3_G-8-R_left_half,0,r3,1,0.7614193898297952,1
RIMONE_r3_G-9-R_left_half,0,r3,1,0.7669388325032663,1
RIMONE_r3_S-1-L_left_half,0,r3,1,0.7617810779205105,1
RIMONE_r3_S-10-R_left_half,0,r3,1,0.7595839042895155,1
RIMONE_r3_S-11-L_left_half,0,r3,1,0.7602267089438308,1
RIMONE_r3_S-12-L_left_half,0,r3,1,0.7574389062901064,1
RIMONE_r3_S-13-R_left_half,0,r3,1,0.766183736787816,1
RIMONE_r3_S-14-R_left_half,0,r3,1,0.7617662161926939,1
RIMONE_r3_S-18-L_left_half,0,r3,1,0.7607449977412015,1
RIMONE_r3_S-19-R_left_half,0,r3,1,0.7618138421284565,1
RIMONE_r3_S-2-L_left_half,0,r3,1,0.7606042123897246,1
RIMONE_r3_S-20-L_left_half,0,r3,1,0.7616380663106539,1
RIMONE_r3_S-21-R_left_half,0,r3,1,0.760675912974949,1
RIMONE_r3_S-25-L_left_half,0,r3,1,0.7611659158695134,1
RIMONE_r3_S-26-R_left_half,0,r3,1,0.7630588552797518,1
RIMONE_r3_S-28-R_left_half,0,r3,1,0.7667126664112586,1
RIMONE_r3_S-29-R_left_half,0,r3,1,0.7606074332805165,1
RIMONE_r3_S-30-L_left_half,0,r3,1,0.7607781197318116,1
RIMONE_r3_S-31-L_left_half,0,r3,1,0.7612654417737401,1
RIMONE_r3_S-32-L_left_half,0,r3,1,0.7612204026177867,1
RIMONE_r3_S-33-R_left_half,0,r3,1,0.7606740110131596,1
RIMONE_r3_S-35-R_left_half,0,r3,1,0.7621865129266324,1
RIMONE_r3_S-4-L_left_half,0,r3,1,0.759367572265322,1
RIMONE_r3_S-6-R_left_half,0,r3,1,0.7608225308298187,1
RIMONE_r3_S-9-L_left_half,0,r3,1,0.7619708679410229,1
RIMONE_r2_Im034,0,r2,0,0.7610560500267732,1
RIMONE_r2_Im036,0,r2,0,0.7609997207353334,1
RIMONE_r2_Im038,0,r2,0,0.7611512661733896,1
RIMONE_r2_Im040,0,r2,0,0.7625991070286637,1
RIMONE_r2_Im042,0,r2,0,0.7625988448769264,1
RIMONE_r2_Im044,0,r2,0,0.7611391889137272,1
RIMONE_r2_Im046,0,r2,0,0.7614308112625884,1
RIMONE_r2_Im048,0,r2,0,0.7624177928255372,1
RIMONE_r2_Im050,0,r2,0,0.7609100370342422,1
RIMONE_r2_Im052,0,r2,0,0.7620828762608438,1
RIMONE_r2_Im054,0,r2,0,0.761371350125103,1
RIMONE_r2_Im056,0,r2,0,0.7629003780478979,1
RIMONE_r2_Im058,0,r2,0,0.7627664474675793,1
RIMONE_r2_Im060,0,r2,0,0.7613296246084823,1
RIMONE_r2_Im062,0,r2,0,0.7604836821050032,1
RIMONE_r2_Im064,0,r2,0,0.7611079177587324,1
RIMONE_r2_Im066,0,r2,0,0.7621849911320512,1
RIMONE_r2_Im068,0,r2,0,0.7603353428574375,1
RIMONE_r2_Im070,0,r2,0,0.7606666090130891,1
RIMONE_r2_Im072,0,r2,0,0.7616720856177465,1
RIMONE_r2_Im074,0,r2,0,0.7621775765017813,1
RIMONE_r2_Im076,0,r2,0,0.7620457451656893,1
RIMONE_r2_Im078,0,r2,0,0.7609155757461368,1
RIMONE_r2_Im080,0,r2,0,0.7616087219153979,1
RIMONE_r2_Im082,0,r2,0,0.7627351479447081,1
RIMONE_r2_Im084,0,r2,0,0.7637959344641668,1
RIMONE_r2_Im086,0,r2,0,0.7612494172317297,1
RIMONE_r2_Im088,0,r2,0,0.7623225491349489,1
RIMONE_r2_Im090,0,r2,0,0.7611579050503048,1
RIMONE_r2_Im092,0,r2,0,0.7617892345256044,1
RIMONE_r2_Im094,0,r2,0,0.7603769076112655,1
RIMONE_r2_Im096,0,r2,0,0.7611479711085375,1
RIMONE_r2_Im098,0,r2,0,0.7611120170370524,1
RIMONE_r2_Im100,0,r2,0,0.7605859089644649,1
RIMONE_r2_Im102,0,r2,0,0.7621198086007659,1
RIMONE_r2_Im104,0,r2,0,0.7603845374901711,1
RIMONE_r2_Im106,0,r2,0,0.7622431308620167,1
RIMONE_r2_Im108,0,r2,0,0.76087240881993,1
RIMONE_r2_Im110,0,r2,0,0.7607422669391682,1
RIMONE_r2_Im112,0,r2,0,0.7617010832183776,1
RIMONE_r2_Im114,0,r2,0,0.7620365668911887,1
RIMONE_r2_Im116,0,r2,0,0.7615814138594015,1
RIMONE_r2_Im118,0,r2,0,0.7602938113654875,1
RIMONE_r2_Im120,0,r2,0,0.7610775087330366,1
RIMONE_r2_Im122,0,r2,0,0.7612363512047187,1
RIMONE_r2_Im124,0,r2,0,0.7617521583176625,1
RIMONE_r2_Im126,0,r2,0,0.7617270273365522,1
RIMONE_r2_Im128,0,r2,0,0.761221531027413,1
RIMONE_r2_Im130,0,r2,0,0.7612006242801377,1
RIMONE_r2_Im132,0,r2,0,0.7612015556263159,1
RIMONE_r2_Im134,0,r2,0,0.7623299955512353,1
RIMONE_r2_Im136,0,r2,0,0.76079367863389,1
RIMONE_r2_Im138,0,r2,0,0.7610239023800103,1
RIMONE_r2_Im140,0,r2,0,0.761027569244837,1
RIMONE_r2_Im142,0,r2,0,0.7605782294015967,1
RIMONE_r2_Im144,0,r2,0,0.7620815116925077,1
RIMONE_r2_Im146,0,r2,0,0.7607581061873242,1
RIMONE_r2_Im148,0,r2,0,0.7610796089913798,1
RIMONE_r2_Im150,0,r2,0,0.7606845233688371,1
RIMONE_r2_Im152,0,r2,0,0.7610105434001224,1
RIMONE_r2_Im154,0,r2,0,0.761506315048475,1
RIMONE_r2_Im156,0,r2,0,0.76099997509148,1
RIMONE_r2_Im158,0,r2,0,0.7612587812133275,1
RIMONE_r2_Im160,0,r2,0,0.7610507692445231,1
RIMONE_r2_Im162,0,r2,0,0.7617589405256632,1
RIMONE_r2_Im164,0,r2,0,0.7631184462828176,1
RIMONE_r2_Im166,0,r2,0,0.762058226146366,1
RIMONE_r2_Im168,0,r2,0,0.761625334992941,1
RIMONE_r2_Im170,0,r2,0,0.7607460219128797,1
RIMONE_r2_Im172,0,r2,0,0.761143563741363,1
RIMONE_r2_Im174,0,r2,0,0.7625409164125064,1
RIMONE_r2_Im176,0,r2,0,0.7612764925712101,1
RIMONE_r2_Im178,0,r2,0,0.7607792879177113,1
RIMONE_r2_Im180,0,r2,0,0.7618054889206203,1
RIMONE_r2_Im182,0,r2,0,0.7608183615931737,1
RIMONE_r2_Im184,0,r2,0,0.7624715259644835,1
RIMONE_r2_Im186,0,r2,0,0.7606537417207856,1
RIMONE_r2_Im188,0,r2,0,0.7635492075729605,1
RIMONE_r2_Im190,0,r2,0,0.7625693225041266,1
RIMONE_r2_Im192,0,r2,0,0.7603265175491015,1
RIMONE_r2_Im194,0,r2,0,0.7622574129197561,1
RIMONE_r2_Im196,0,r2,0,0.7609336577610238,1
RIMONE_r2_Im198,0,r2,0,0.7610211142018121,1
RIMONE_r2_Im200,0,r2,0,0.7611239302731073,1
RIMONE_r2_Im202,0,r2,0,0.7629818394875424,1
RIMONE_r2_Im206,0,r2,0,0.7606614653635901,1
RIMONE_r2_Im208,0,r2,0,0.7609617498441902,1
RIMONE_r2_Im210,0,r2,0,0.7613203327157155,1
RIMONE_r2_Im212,0,r2,0,0.7613127436722587,1
RIMONE_r2_Im214,0,r2,0,0.761776055292175,1
RIMONE_r2_Im216,0,r2,0,0.7613357411124873,1
RIMONE_r2_Im218,0,r2,0,0.7615340792805333,1
RIMONE_r2_Im220,0,r2,0,0.7631968038437695,1
RIMONE_r2_Im222,0,r2,0,0.761606774381027,1
RIMONE_r2_Im224,0,r2,0,0.7607229059772197,1
RIMONE_r2_Im226,0,r2,0,0.7634237695212335,1
RIMONE_r2_Im228,0,r2,0,0.7635403293788762,1
RIMONE_r2_Im230,0,r2,0,0.7617702813656085,1
RIMONE_r2_Im232,0,r2,0,0.7617422211495936,1
RIMONE_r2_Im234,0,r2,0,0.7609881961457841,1
RIMONE_r2_Im236,0,r2,0,0.761181334212876,1
RIMONE_r2_Im238,0,r2,0,0.7609628447712534,1
RIMONE_r2_Im240,0,r2,0,0.7619688556972092,1
RIMONE_r2_Im242,0,r2,0,0.7605285121560618,1
RIMONE_r2_Im244,0,r2,0,0.7612546152809877,1
RIMONE_r2_Im246,0,r2,0,0.7605309093933331,1
RIMONE_r2_Im248,0,r2,0,0.7609416156701765,1
RIMONE_r2_Im250,0,r2,0,0.7613568981796245,1
RIMONE_r2_Im252,0,r2,0,0.7622498984172437,1
RIMONE_r2_Im254,0,r2,0,0.7608304764011016,1
RIMONE_r3_N-1-L_left_half,0,r3,0,0.7617635396238205,1
RIMONE_r3_N-10-R_left_half,0,r3,0,0.7626480373105461,1
RIMONE_r3_N-11-L_left_half,0,r3,0,0.760565185550153,1
RIMONE_r3_N-12-R_left_half,0,r3,0,0.7604489569936663,1
RIMONE_r3_N-13-L_left_half,0,r3,0,0.7599069196730839,1
RIMONE_r3_N-14-R_left_half,0,r3,0,0.7612086098906476,1
RIMONE_r3_N-16-R_left_half,0,r3,0,0.7611399500877902,1
RIMONE_r3_N-17-L_left_half,0,r3,0,0.7634332958295192,1
RIMONE_r3_N-18-R_left_half,0,r3,0,0.7610225705886926,1
RIMONE_r3_N-2-R_left_half,0,r3,0,0.764917546386841,1
RIMONE_r3_N-20-R_left_half,0,r3,0,0.7611882201866468,1
RIMONE_r3_N-21-L_left_half,0,r3,0,0.7603389699602306,1
RIMONE_r3_N-22-R_left_half,0,r3,0,0.7592795544457501,1
RIMONE_r3_N-23-L_left_half,0,r3,0,0.76097112056735,1
RIMONE_r3_N-24-R_left_half,0,r3,0,0.7591720526993105,1
RIMONE_r3_N-25-L_left_half,0,r3,0,0.7612735905336474,1
RIMONE_r3_N-26-R_left_half,0,r3,0,0.7610183129377891,1
RIMONE_r3_N-27-L_left_half,0,r3,0,0.7610356891430743,1
RIMONE_r3_N-28-R_left_half,0,r3,0,0.7608293455673939,1
RIMONE_r3_N-29-L_left_half,0,r3,0,0.7612769959362065,1
RIMONE_r3_N-3-L_left_half,0,r3,0,0.7610948471406975,1
RIMONE_r3_N-30-R_left_half,0,r3,0,0.7615916056065395,1
RIMONE_r3_N-31-L_left_half,0,r3,0,0.7611256871042688,1
RIMONE_r3_N-32-R_left_half,0,r3,0,0.7611979289695779,1
RIMONE_r3_N-33-L_left_half,0,r3,0,0.7623321147926586,1
RIMONE_r3_N-34-R_left_half,0,r3,0,0.765499554092137,1
RIMONE_r3_N-35-L_left_half,0,r3,0,0.7634017877540603,1
RIMONE_r3_N-36-R_left_half,0,r3,0,0.7617094172487133,1
RIMONE_r3_N-37-L_left_half,0,r3,0,0.7609281244657501,1
RIMONE_r3_N-38-R_left_half,0,r3,0,0.7601948969035133,1
RIMONE_r3_N-39-L_left_half,0,r3,0,0.7619093803643994,1
RIMONE_r3_N-4-R_left_half,0,r3,0,0.7611486036591777,1
RIMONE_r3_N-40-R_left_half,0,r3,0,0.7615535312782552,1
RIMONE_r3_N-41-L_left_half,0,r3,0,0.7624365829763412,1
RIMONE_r3_N-42-R_left_half,0,r3,0,0.7634118502498561,1
RIMONE_r3_N-43-L_left_half,0,r3,0,0.7609221002625637,1
RIMONE_r3_N-44-R_left_half,0,r3,0,0.7608753125924842,1
RIMONE_r3_N-46-R_left_half,0,r3,0,0.7611820319650147,1
RIMONE_r3_N-47-L_left_half,0,r3,0,0.7606414228749636,1
RIMONE_r3_N-48-R_left_half,0,r3,0,0.760175666664608,1
RIMONE_r3_N-49-L_left_half,0,r3,0,0.7610650616966474,1
RIMONE_r3_N-5-L_left_half,0,r3,0,0.7613230204789772,1
RIMONE_r3_N-50-R_left_half,0,r3,0,0.7614847867970319,1
RIMONE_r3_N-51-L_left_half,0,r3,0,0.7598481857099022,1
RIMONE_r3_N-52-R_left_half,0,r3,0,0.7609346002596548,1
RIMONE_r3_N-53-L_left_half,0,r3,0,0.7646855404425511,1
RIMONE_r3_N-54-R_left_half,0,r3,0,0.7684163216083604,1
RIMONE_r3_N-55-L_left_half,0,r3,0,0.763014921674818,1
RIMONE_r3_N-56-R_left_half,0,r3,0,0.7664800096731509,1
RIMONE_r3_N-58-R_left_half,0,r3,0,0.7607143855310684,1
RIMONE_r3_N-59-L_left_half,0,r3,0,0.7609742676803942,1
RIMONE_r3_N-6-R_left_half,0,r3,0,0.7623776250374967,1
RIMONE_r3_N-61-L_left_half,0,r3,0,0.759512326206918,1
RIMONE_r3_N-62-R_left_half,0,r3,0,0.7592576907514005,1
RIMONE_r3_N-63-L_left_half,0,r3,0,0.7628168022649311,1
RIMONE_r3_N-64-R_left_half,0,r3,0,0.7612449983003662,1
RIMONE_r3_N-65-L_left_half,0,r3,0,0.7619672633399637,1
RIMONE_r3_N-66-R_left_half,0,r3,0,0.7606491829834907,1
RIMONE_r3_N-67-L_left_half,0,r3,0,0.7615679563892376,1
RIMONE_r3_N-68-R_left_half,0,r3,0,0.7621075323538676,1
RIMONE_r3_N-69-L_left_half,0,r3,0,0.7632870007645121,1
RIMONE_r3_N-7-L_left_half,0,r3,0,0.7610298643175758,1
RIMONE_r3_N-70-R_left_half,0,r3,0,0.7611007108607619,1
RIMONE_r3_N-71-L_left_half,0,r3,0,0.7628503217288809,1
RIMONE_r3_N-72-R_left_half,0,r3,0,0.7610662178734384,1
RIMONE_r3_N-73-R_left_half,0,r3,0,0.7613196038953393,1
RIMONE_r3_N-74-L_left_half,0,r3,0,0.7611105183969012,1
RIMONE_r3_N-75-R_left_half,0,r3,0,0.7609122778889814,1
RIMONE_r3_N-76-R_left_half,0,r3,0,0.7602971727395381,1
RIMONE_r3_N-78-R_left_half,0,r3,0,0.7611274164015173,1
RIMONE_r3_N-79-L_left_half,0,r3,0,0.7615633326778685,1
RIMONE_r3_N-8-L_left_half,0,r3,0,0.7604843985424521,1
RIMONE_r3_N-80-R_left_half,0,r3,0,0.7599748197660365,1
RIMONE_r3_N-81-L_left_half,0,r3,0,0.761745041908314,1
RIMONE_r3_N-82-R_left_half,0,r3,0,0.7658053351892709,1
RIMONE_r3_N-83-L_left_half,0,r3,0,0.7602155174369565,1
RIMONE_r3_N-84-R_left_half,0,r3,0,0.763123292110409,1
RIMONE_r3_N-85-L_left_half,0,r3,0,0.7611048547997983,1
RIMONE_r3_N-86-R_left_half,0,r3,0,0.7610569219086099,1
RIMONE_r3_N-87-L_left_half,0,r3,0,0.7616332912487033,1
RIMONE_r3_N-88-R_left_half,0,r3,0,0.7613849882587346,1
RIMONE_r3_N-9-L_left_half,0,r3,0,0.760576814586364,1
RIMONE_r3_N-90-R_left_half,0,r3,0,0.7612459016256367,1
RIMONE_r3_N-91-L_left_half,0,r3,0,0.7616216860800422,1
RIMONE_r3_N-92-R_left_half,0,r3,0,0.7622590008462968,1
RIMONE_r1_Im069,1,r1,1,0.6895146887713822,1
RIMONE_r1_Im103,1,r1,1,0.6790490628671019,1
RIMONE_r1_Im113,1,r1,1,0.686392883664137,1
RIMONE_r1_Im117,1,r1,1,0.6842358450867101,1
RIMONE_r1_Im118,1,r1,1,0.6896500342665349,1
RIMONE_r1_Im120,1,r1,1,0.6932609493027542,1
RIMONE_r1_Im121,1,r1,1,0.6835652488548258,1
RIMONE_r1_Im122,1,r1,1,0.6820338537788991,1
RIMONE_r1_Im135,1,r1,1,0.6896766340583631,1
RIMONE_r1_Im144,1,r1,1,0.6882919922157088,1
RIMONE_r1_Im158,1,r1,1,0.6898130570062141,1
RIMONE_r1_Im167,1,r1,1,0.679112361346171,1
RIMONE_r2_Im257,1,r2,1,0.6894180738232152,1
RIMONE_r2_Im258,1,r2,1,0.6857544142631417,1
RIMONE_r2_Im260,1,r2,1,0.6886152214846052,1
RIMONE_r2_Im263,1,r2,1,0.6831521942593187,1
RIMONE_r2_Im264,1,r2,1,0.6817823312833514,1
RIMONE_r2_Im266,1,r2,1,0.6846368006244956,1
RIMONE_r2_Im267,1,r2,1,0.6897252130008689,1
RIMONE_r2_Im268,1,r2,1,0.6897252130008689,1
RIMONE_r2_Im269,1,r2,1,0.683533378671175,1
RIMONE_r2_Im270,1,r2,1,0.6831974077728734,1
RIMONE_r2_Im273,1,r2,1,0.6862564488214425,1
RIMONE_r2_Im275,1,r2,1,0.689928629791146,1
RIMONE_r2_Im277,1,r2,1,0.6885135083028984,1
RIMONE_r2_Im281,1,r2,1,0.6896760262266696,1
RIMONE_r2_Im287,1,r2,1,0.6897110178443613,1
RIMONE_r2_Im288,1,r2,1,0.6831666326851548,1
RIMONE_r2_Im289,1,r2,1,0.6823118335965178,1
RIMONE_r2_Im290,1,r2,1,0.6904378598561576,1
RIMONE_r2_Im291,1,r2,1,0.68006713177216,1
RIMONE_r2_Im292,1,r2,1,0.6818085739313724,1
RIMONE_r2_Im293,1,r2,1,0.6897253914239144,1
RIMONE_r2_Im294,1,r2,1,0.6897997148299444,1
RIMONE_r2_Im301,1,r2,1,0.6875748933253752,1
RIMONE_r2_Im302,1,r2,1,0.685104520611605,1
RIMONE_r2_Im303,1,r2,1,0.6896806856359614,1
RIMONE_r2_Im305,1,r2,1,0.6888625534099219,1
RIMONE_r2_Im314,1,r2,1,0.6894606125037808,1
RIMONE_r2_Im315,1,r2,1,0.6902854845157153,1
RIMONE_r2_Im317,1,r2,1,0.6885070202540762,1
RIMONE_r2_Im318,1,r2,1,0.6848881210737153,1
RIMONE_r2_Im319,1,r2,1,0.6882837370894171,1
RIMONE_r2_Im320,1,r2,1,0.6886257466379809,1
RIMONE_r2_Im321,1,r2,1,0.6897252063950371,1
RIMONE_r2_Im324,1,r2,1,0.6892873191221507,1
RIMONE_r2_Im329,1,r2,1,0.6837184929228315,1
RIMONE_r2_Im330,1,r2,1,0.6855332886269163,1
RIMONE_r2_Im331,1,r2,1,0.6870274927075352,1
RIMONE_r2_Im332,1,r2,1,0.6860327711002029,1
RIMONE_r2_Im333,1,r2,1,0.6851340859197622,1
RIMONE_r2_Im334,1,r2,1,0.6872390366337997,1
RIMONE_r2_Im338,1,r2,1,0.6858919816051455,1
RIMONE_r2_Im339,1,r2,1,0.6830378184143059,1
RIMONE_r2_Im343,1,r2,1,0.6887803870642983,1
RIMONE_r2_Im344,1,r2,1,0.6897214547192229,1
RIMONE_r1_Im001,1,r1,0,0.6894989814631117,1
RIMONE_r1_Im003,1,r1,0,0.6849190383089674,1
RIMONE_r1_Im004,1,r1,0,0.6839091380998594,1
RIMONE_r1_Im006,1,r1,0,0.690403050755352,1
RIMONE_r1_Im008,1,r1,0,0.6862883092346468,1
RIMONE_r1_Im011,1,r1,0,0.6841390000763059,1
RIMONE_r1_Im012,1,r1,0,0.6840261739626028,1
RIMONE_r1_Im014,1,r1,0,0.6842713536178382,1
RIMONE_r1_Im015,1,r1,0,0.6849500036178342,1
RIMONE_r1_Im019,1,r1,0,0.6896669043702289,1
RIMONE_r1_Im020,1,r1,0,0.6893450210663759,1
RIMONE_r1_Im022,1,r1,0,0.688982747222821,1
RIMONE_r1_Im023,1,r1,0,0.6881815774674656,1
RIMONE_r1_Im024,1,r1,0,0.6880840143881142,1
RIMONE_r1_Im025,1,r1,0,0.6850658263214854,1
RIMONE_r1_Im026,1,r1,0,0.6907191923850293,1
RIMONE_r1_Im027,1,r1,0,0.6901705285190981,1
RIMONE_r1_Im028,1,r1,0,0.6862019165569405,1
RIMONE_r1_Im029,1,r1,0,0.6855572702408533,1
RIMONE_r1_Im031,1,r1,0,0.6893584836934893,1
RIMONE_r1_Im032,1,r1,0,0.6869273153708322,1
RIMONE_r1_Im033,1,r1,0,0.686619874925869,1
RIMONE_r1_Im036,1,r1,0,0.6816032141856321,1
RIMONE_r1_Im037,1,r1,0,0.6825511018852937,1
RIMONE_r1_Im040,1,r1,0,0.6821918838713735,1
RIMONE_r1_Im041,1,r1,0,0.6872612882898738,1
RIMONE_r1_Im042,1,r1,0,0.6886183472544775,1
RIMONE_r1_Im046,1,r1,0,0.685516324791702,1
RIMONE_r1_Im047,1,r1,0,0.6879292433373245,1
RIMONE_r1_Im050,1,r1,0,0.6954340086342888,1
RIMONE_r1_Im052,1,r1,0,0.6814066794892105,1
RIMONE_r1_Im054,1,r1,0,0.6811734127461864,1
RIMONE_r1_Im055,1,r1,0,0.6808809945693559,1
RIMONE_r1_Im056,1,r1,0,0.6832571448108034,1
RIMONE_r1_Im057,1,r1,0,0.6886201358148178,1
RIMONE_r1_Im058,1,r1,0,0.6874887484112364,1
RIMONE_r1_Im059,1,r1,0,0.6847051055323918,1
RIMONE_r1_Im060,1,r1,0,0.6861139870678,1
RIMONE_r1_Im061,1,r1,0,0.686532010624912,1
RIMONE_r1_Im062,1,r1,0,0.6865912727030118,1
RIMONE_r1_Im063,1,r1,0,0.6898264545981135,1
RIMONE_r1_Im071,1,r1,0,0.6842413468948575,1
RIMONE_r1_Im072,1,r1,0,0.6899470414221417,1
RIMONE_r1_Im073,1,r1,0,0.6897606939736147,1
RIMONE_r1_Im080,1,r1,0,0.6780112993108939,1
RIMONE_r1_Im082,1,r1,0,0.6822506478796103,1
RIMONE_r1_Im086,1,r1,0,0.688524505996326,1
RIMONE_r1_Im087,1,r1,0,0.6800943623378727,1
RIMONE_r1_Im095,1,r1,0,0.6902093426126734,1
RIMONE_r1_Im107,1,r1,0,0.6906424092259468,1
RIMONE_r1_Im108,1,r1,0,0.6892005324782247,1
RIMONE_r1_Im115,1,r1,0,0.6823791096767824,1
RIMONE_r1_Im116,1,r1,0,0.6877388842075963,1
RIMONE_r1_Im119,1,r1,0,0.6868973506753379,1
RIMONE_r1_Im125,1,r1,0,0.689136289285879,1
RIMONE_r1_Im127,1,r1,0,0.6900927807105349,1
RIMONE_r1_Im128,1,r1,0,0.6928526451845192,1
RIMONE_r1_Im129,1,r1,0,0.6802879487504607,1
RIMONE_r1_Im130,1,r1,0,0.6874539813742707,1
RIMONE_r1_Im131,1,r1,0,0.6806649221946431,1
RIMONE_r1_Im132,1,r1,0,0.6873465663035011,1
RIMONE_r1_Im133,1,r1,0,0.6875511835440924,1
RIMONE_r1_Im136,1,r1,0,0.689428926280102,1
RIMONE_r1_Im137,1,r1,0,0.6810654333378504,1
RIMONE_r1_Im138,1,r1,0,0.6815354996496943,1
RIMONE_r1_Im142,1,r1,0,0.6805326398795765,1
RIMONE_r1_Im143,1,r1,0,0.6883338696772743,1
RIMONE_r1_Im145,1,r1,0,0.6855824262751262,1
RIMONE_r1_Im146,1,r1,0,0.6909017926082763,1
RIMONE_r1_Im149,1,r1,0,0.6792172997209136,1
RIMONE_r1_Im150,1,r1,0,0.6766146553962807,1
RIMONE_r1_Im151,1,r1,0,0.6823459027161356,1
RIMONE_r1_Im152,1,r1,0,0.6884400710218701,1
RIMONE_r1_Im153,1,r1,0,0.6885251394770039,1
RIMONE_r1_Im154,1,r1,0,0.6816253827917986,1
RIMONE_r1_Im155,1,r1,0,0.6883089181461713,1
RIMONE_r1_Im156,1,r1,0,0.6890322772285046,1
RIMONE_r1_Im159,1,r1,0,0.6938149650753642,1
RIMONE_r1_Im161,1,r1,0,0.6835235865024913,1
RIMONE_r1_Im162,1,r1,0,0.6865461549825476,1
RIMONE_r1_Im163,1,r1,0,0.6842849328328523,1
RIMONE_r1_Im164,1,r1,0,0.684488214379259,1
RIMONE_r1_Im165,1,r1,0,0.6832102936381647,1
RIMONE_r1_Im166,1,r1,0,0.6804445761353977,1
RIMONE_r1_Im168,1,r1,0,0.6885567559602247,1
RIMONE_r1_Im169,1,r1,0,0.6886826817047593,1
RIMONE_r2_Im001,1,r2,0,0.6896836244449412,1
RIMONE_r2_Im002,1,r2,0,0.6873352632606377,1
RIMONE_r2_Im003,1,r2,0,0.6889650854274068,1
RIMONE_r2_Im004,1,r2,0,0.6864450361870681,1
RIMONE_r2_Im005,1,r2,0,0.6883240512881779,1
RIMONE_r2_Im006,1,r2,0,0.6880414659726473,1
RIMONE_r2_Im007,1,r2,0,0.6894969521419761,1
RIMONE_r2_Im009,1,r2,0,0.6896139506441912,1
RIMONE_r2_Im010,1,r2,0,0.6871437738050402,1
RIMONE_r2_Im011,1,r2,0,0.6897232463758197,1
RIMONE_r2_Im012,1,r2,0,0.6897002172274296,1
RIMONE_r2_Im013,1,r2,0,0.6897165874947817,1
RIMONE_r2_Im014,1,r2,0,0.6890745240754886,1
RIMONE_r2_Im015,1,r2,0,0.6894999838936783,1
RIMONE_r2_Im016,1,r2,0,0.6895861361000207,1
RIMONE_r2_Im017,1,r2,0,0.6896035155297503,1
RIMONE_r2_Im018,1,r2,0,0.68965403329107,1
RIMONE_r2_Im019,1,r2,0,0.684923226766319,1
RIMONE_r2_Im020,1,r2,0,0.6847371821857654,1
RIMONE_r2_Im021,1,r2,0,0.682893625817119,1
RIMONE_r2_Im022,1,r2,0,0.6833262936406926,1
RIMONE_r2_Im023,1,r2,0,0.6875733347333325,1
RIMONE_r2_Im024,1,r2,0,0.6895292206779641,1
RIMONE_r2_Im025,1,r2,0,0.6888555502928518,1
RIMONE_r2_Im026,1,r2,0,0.6885121863449111,1
RIMONE_r2_Im027,1,r2,0,0.6867836465859092,1
RIMONE_r2_Im028,1,r2,0,0.6890408727400273,1
RIMONE_r2_Im029,1,r2,0,0.6918246735306202,1
RIMONE_r2_Im030,1,r2,0,0.6882360771754051,1
RIMONE_r2_Im031,1,r2,0,0.6905944612128535,1
RIMONE_r2_Im032,1,r2,0,0.689216211568061,1
RIMONE_r2_Im033,1,r2,0,0.6855389357616272,1
RIMONE_r2_Im347,1,r2,1,0.6897039071566096,1
RIMONE_r2_Im348,1,r2,1,0.6851128724335249,1
RIMONE_r2_Im351,1,r2,1,0.6850418548732945,1
RIMONE_r2_Im352,1,r2,1,0.6847564581030632,1
RIMONE_r2_Im354,1,r2,1,0.682407094081988,1
RIMONE_r2_Im355,1,r2,1,0.6814841399641762,1
RIMONE_r2_Im356,1,r2,1,0.6880242636431999,1
RIMONE_r2_Im357,1,r2,1,0.6897001428998917,1
RIMONE_r2_Im358,1,r2,1,0.6868023952764053,1
RIMONE_r2_Im362,1,r2,1,0.6869849072399946,1
RIMONE_r2_Im365,1,r2,1,0.6834123287146673,1
RIMONE_r2_Im366,1,r2,1,0.6842237839951867,1
RIMONE_r2_Im369,1,r2,1,0.6897236652970271,1
RIMONE_r2_Im373,1,r2,1,0.6837413331368917,1
RIMONE_r2_Im376,1,r2,1,0.689141454834803,1
RIMONE_r2_Im377,1,r2,1,0.6892300755652003,1
RIMONE_r2_Im383,1,r2,1,0.6889935127720326,1
RIMONE_r2_Im384,1,r2,1,0.6802759625280219,1
RIMONE_r2_Im385,1,r2,1,0.682414810696376,1
RIMONE_r2_Im387,1,r2,1,0.6861373382802861,1
RIMONE_r2_Im388,1,r2,1,0.6831800509502436,1
RIMONE_r2_Im389,1,r2,1,0.6824738964663888,1
RIMONE_r2_Im390,1,r2,1,0.6815030008065296,1
RIMONE_r2_Im391,1,r2,1,0.6830570178395486,1
RIMONE_r2_Im392,1,r2,1,0.6865472048261971,1
RIMONE_r2_Im393,1,r2,1,0.689090771807741,1
RIMONE_r2_Im398,1,r2,1,0.688032593189811,1
RIMONE_r2_Im399,1,r2,1,0.6888639079285221,1
RIMONE_r2_Im400,1,r2,1,0.6814949410581053,1
RIMONE_r2_Im401,1,r2,1,0.6853009183613138,1
RIMONE_r2_Im402,1,r2,1,0.6902285341996568,1
RIMONE_r2_Im403,1,r2,1,0.686249045113137,1
RIMONE_r2_Im404,1,r2,1,0.679941989194572,1
RIMONE_r2_Im406,1,r2,1,0.6845910589959896,1
RIMONE_r2_Im407,1,r2,1,0.6885542318028935,1
RIMONE_r2_Im408,1,r2,1,0.6872766401192884,1
RIMONE_r2_Im414,1,r2,1,0.685029742993533,1
RIMONE_r2_Im415,1,r2,1,0.6844867872405208,1
RIMONE_r2_Im416,1,r2,1,0.6840986265874254,1
RIMONE_r2_Im418,1,r2,1,0.6845484209769089,1
RIMONE_r2_Im419,1,r2,1,0.6891667932312705,1
RIMONE_r2_Im420,1,r2,1,0.6850082487707468,1
RIMONE_r2_Im421,1,r2,1,0.6886790973644259,1
RIMONE_r2_Im422,1,r2,1,0.6881948757967403,1
RIMONE_r2_Im424,1,r2,1,0.6838413368133011,1
RIMONE_r2_Im427,1,r2,1,0.686123510465268,1
RIMONE_r2_Im428,1,r2,1,0.6828932474208266,1
RIMONE_r2_Im429,1,r2,1,0.6864167833319201,1
RIMONE_r2_Im432,1,r2,1,0.6878280044905806,1
RIMONE_r2_Im433,1,r2,1,0.6897252129739038,1
RIMONE_r2_Im436,1,r2,1,0.6868678469723963,1
RIMONE_r2_Im439,1,r2,1,0.6845773692925848,1
RIMONE_r2_Im441,1,r2,1,0.6809999089974142,1
RIMONE_r2_Im442,1,r2,1,0.6810643498443286,1
RIMONE_r2_Im443,1,r2,1,0.6831424213766999,1
RIMONE_r2_Im444,1,r2,1,0.6830114433402983,1
RIMONE_r2_Im445,1,r2,1,0.6871350945271355,1
RIMONE_r2_Im448,1,r2,1,0.6856515067996433,1
RIMONE_r2_Im449,1,r2,1,0.6864802661670714,1
RIMONE_r2_Im450,1,r2,1,0.688231113584644,1
RIMONE_r2_Im451,1,r2,1,0.6795121956352689,1
RIMONE_r2_Im453,1,r2,1,0.6911098991134693,1
RIMONE_r2_Im454,1,r2,1,0.6879123818300107,1
RIMONE_r2_Im455,1,r2,1,0.6895868020568472,1
RIMONE_r3_G-1-L_left_half,1,r3,1,0.6819741410007576,1
RIMONE_r3_G-10-L_left_half,1,r3,1,0.6979811971738787,1
RIMONE_r3_G-11-R_left_half,1,r3,1,0.6899212118225772,1
RIMONE_r3_G-12-L_left_half,1,r3,1,0.6812331741610281,1
RIMONE_r3_G-13-R_left_half,1,r3,1,0.6953227010605407,1
RIMONE_r3_G-14-R_left_half,1,r3,1,0.6755340596467918,1
RIMONE_r3_G-15-L_left_half,1,r3,1,0.6658595204575383,1
RIMONE_r3_G-16-R_left_half,1,r3,1,0.6739843615027309,1
RIMONE_r3_G-17-L_left_half,1,r3,1,0.6844422799325357,1
RIMONE_r3_G-18-R_left_half,1,r3,1,0.6882269498389773,1
RIMONE_r3_G-2-R_left_half,1,r3,1,0.6808884627712491,1
RIMONE_r3_G-22-L_left_half,1,r3,1,0.6881926126415553,1
RIMONE_r3_G-23-R_left_half,1,r3,1,0.694573174971593,1
RIMONE_r3_G-25-L_left_half,1,r3,1,0.6885874473948604,1
RIMONE_r3_G-27-R_left_half,1,r3,1,0.6914835459864983,1
RIMONE_r3_G-29-R_left_half,1,r3,1,0.6806203103834778,1
RIMONE_r3_G-3-R_left_half,1,r3,1,0.6915560023495122,1
RIMONE_r3_G-30-L_left_half,1,r3,1,0.6914184008965565,1
RIMONE_r3_G-31-R_left_half,1,r3,1,0.6948272258536772,1
RIMONE_r3_G-32-L_left_half,1,r3,1,0.6914462257220196,1
RIMONE_r3_G-33-R_left_half,1,r3,1,0.685645844004521,1
RIMONE_r3_G-34-L_left_half,1,r3,1,0.6971673034521435,1
RIMONE_r3_G-35-R_left_half,1,r3,1,0.6798862551938402,1
RIMONE_r3_G-37-R_left_half,1,r3,1,0.6957857623751705,1
RIMONE_r3_G-38-L_left_half,1,r3,1,0.6769195502445156,1
RIMONE_r3_G-39-L_left_half,1,r3,1,0.692899352213992,1
RIMONE_r3_G-6-L_left_half,1,r3,1,0.6671230584853233,1
RIMONE_r3_G-8-R_left_half,1,r3,1,0.6897247023105897,1
RIMONE_r3_G-9-R_left_half,1,r3,1,0.6748351457893416,1
RIMONE_r3_S-1-L_left_half,1,r3,1,0.6877751392090019,1
RIMONE_r3_S-10-R_left_half,1,r3,1,0.6968373564505709,1
RIMONE_r3_S-11-L_left_half,1,r3,1,0.6896932041183443,1
RIMONE_r3_S-12-L_left_half,1,r3,1,0.6982592473931906,1
RIMONE_r3_S-13-R_left_half,1,r3,1,0.6803157140447235,1
RIMONE_r3_S-14-R_left_half,1,r3,1,0.6855505110959351,1
RIMONE_r3_S-18-L_left_half,1,r3,1,0.6865377875333736,1
RIMONE_r3_S-19-R_left_half,1,r3,1,0.6788332703766585,1
RIMONE_r3_S-2-L_left_half,1,r3,1,0.6870491282737392,1
RIMONE_r3_S-20-L_left_half,1,r3,1,0.6879171145620746,1
RIMONE_r3_S-21-R_left_half,1,r3,1,0.6939782049842609,1
RIMONE_r3_S-25-L_left_half,1,r3,1,0.6946091175615018,1
RIMONE_r3_S-26-R_left_half,1,r3,1,0.6909015460298845,1
RIMONE_r3_S-28-R_left_half,1,r3,1,0.6819056463605508,1
RIMONE_r3_S-29-R_left_half,1,r3,1,0.6827217531111583,1
RIMONE_r3_S-30-L_left_half,1,r3,1,0.6873531711421929,1
RIMONE_r3_S-31-L_left_half,1,r3,1,0.68934159292387,1
RIMONE_r3_S-32-L_left_half,1,r3,1,0.6891906098977131,1
RIMONE_r3_S-33-R_left_half,1,r3,1,0.6866240251977576,1
RIMONE_r3_S-35-R_left_half,1,r3,1,0.6889971323861909,1
RIMONE_r3_S-4-L_left_half,1,r3,1,0.6962529676572649,1
RIMONE_r3_S-6-R_left_half,1,r3,1,0.6915356711524019,1
RIMONE_r3_S-9-L_left_half,1,r3,1,0.692386813516764,1
RIMONE_r2_Im034,1,r2,0,0.6873767277545294,1
RIMONE_r2_Im036,1,r2,0,0.6882943366378405,1
RIMONE_r2_Im038,1,r2,0,0.6893057156638429,1
RIMONE_r2_Im040,1,r2,0,0.6833251400392049,1
RIMONE_r2_Im042,1,r2,0,0.683273590934203,1
RIMONE_r2_Im044,1,r2,0,0.6894136441668637,1
RIMONE_r2_Im046,1,r2,0,0.6892894526574386,1
RIMONE_r2_Im048,1,r2,0,0.6845380419395518,1
RIMONE_r2_Im050,1,r2,0,0.6880093792986289,1
RIMONE_r2_Im052,1,r2,0,0.685310694362747,1
RIMONE_r2_Im054,1,r2,0,0.6868818237399199,1
RIMONE_r2_Im056,1,r2,0,0.6836959611464499,1
RIMONE_r2_Im058,1,r2,0,0.683667449412161,1
RIMONE_r2_Im060,1,r2,0,0.6889226165815698,1
RIMONE_r2_Im062,1,r2,0,0.6876853598722311,1
RIMONE_r2_Im064,1,r2,0,0.6891702171991295,1
RIMONE_r2_Im066,1,r2,0,0.6865070913859616,1
RIMONE_r2_Im068,1,r2,0,0.6879952146983422,1
RIMONE_r2_Im070,1,r2,0,0.6886334224195805,1
RIMONE_r2_Im072,1,r2,0,0.6846540724576552,1
RIMONE_r2_Im074,1,r2,0,0.6865302531868498,1
RIMONE_r2_Im076,1,r2,0,0.685238487205035,1
RIMONE_r2_Im078,1,r2,0,0.6889961307407806,1
RIMONE_r2_Im080,1,r2,0,0.6856095754129897,1
RIMONE_r2_Im082,1,r2,0,0.6830798935376755,1
RIMONE_r2_Im084,1,r2,0,0.6831939361113204,1
RIMONE_r2_Im086,1,r2,0,0.689220001916377,1
RIMONE_r2_Im088,1,r2,0,0.6839456794171417,1
RIMONE_r2_Im090,1,r2,0,0.6875013964845529,1
RIMONE_r2_Im092,1,r2,0,0.6863093532624907,1
RIMONE_r2_Im094,1,r2,0,0.687339255935224,1
RIMONE_r2_Im096,1,r2,0,0.6894231922577865,1
RIMONE_r2_Im098,1,r2,0,0.6878869907123549,1
RIMONE_r2_Im100,1,r2,0,0.688646171490632,1
RIMONE_r2_Im102,1,r2,0,0.6858310258517507,1
RIMONE_r2_Im104,1,r2,0,0.688465188441578,1
RIMONE_r2_Im106,1,r2,0,0.6842805858244136,1
RIMONE_r2_Im108,1,r2,0,0.6871530842162958,1
RIMONE_r2_Im110,1,r2,0,0.6865275684973526,1
RIMONE_r2_Im112,1,r2,0,0.6885542798791993,1
RIMONE_r2_Im114,1,r2,0,0.6852059008369055,1
RIMONE_r2_Im116,1,r2,0,0.6888938213029964,1
RIMONE_r2_Im118,1,r2,0,0.6889646673874787,1
RIMONE_r2_Im120,1,r2,0,0.6898559397472681,1
RIMONE_r2_Im122,1,r2,0,0.6894085923668359,1
RIMONE_r2_Im124,1,r2,0,0.6858551747088703,1
RIMONE_r2_Im126,1,r2,0,0.690294035590286,1
RIMONE_r2_Im128,1,r2,0,0.6867651795986566,1
RIMONE_r2_Im130,1,r2,0,0.6895204534256822,1
RIMONE_r2_Im132,1,r2,0,0.6895635833325992,1
RIMONE_r2_Im134,1,r2,0,0.6855192314192867,1
RIMONE_r2_Im136,1,r2,0,0.6893757019467093,1
RIMONE_r2_Im138,1,r2,0,0.6855686512088651,1
RIMONE_r2_Im140,1,r2,0,0.6877648053004511,1
RIMONE_r2_Im142,1,r2,0,0.6892876843147177,1
RIMONE_r2_Im144,1,r2,0,0.6854086101512646,1
RIMONE_r2_Im146,1,r2,0,0.6909251438914894,1
RIMONE_r2_Im148,1,r2,0,0.689268364709406,1
RIMONE_r2_Im150,1,r2,0,0.6873295832163067,1
RIMONE_r2_Im152,1,r2,0,0.6889222399341779,1
RIMONE_r2_Im154,1,r2,0,0.6868946104038813,1
RIMONE_r2_Im156,1,r2,0,0.6894951849808757,1
RIMONE_r2_Im158,1,r2,0,0.6896080257372652,1
RIMONE_r2_Im160,1,r2,0,0.6894220938841406,1
RIMONE_r2_Im162,1,r2,0,0.6849387504061218,1
RIMONE_r2_Im164,1,r2,0,0.6844114475441045,1
RIMONE_r2_Im166,1,r2,0,0.6854585082293451,1
RIMONE_r2_Im168,1,r2,0,0.6889116849809419,1
RIMONE_r2_Im170,1,r2,0,0.6877304542767885,1
RIMONE_r2_Im172,1,r2,0,0.6881690726489054,1
RIMONE_r2_Im174,1,r2,0,0.6841842788943879,1
RIMONE_r2_Im176,1,r2,0,0.6860313509355611,1
RIMONE_r2_Im178,1,r2,0,0.687336845100277,1
RIMONE_r2_Im180,1,r2,0,0.6852535271907666,1
RIMONE_r2_Im182,1,r2,0,0.6898044568301259,1
RIMONE_r2_Im184,1,r2,0,0.6837469765361989,1
RIMONE_r2_Im186,1,r2,0,0.6886643383966794,1
RIMONE_r2_Im188,1,r2,0,0.6814721467726039,1
RIMONE_r2_Im190,1,r2,0,0.6847318657299158,1
RIMONE_r2_Im192,1,r2,0,0.6893622482764903,1
RIMONE_r2_Im194,1,r2,0,0.6840144870454264,1
RIMONE_r2_Im196,1,r2,0,0.6887146386586878,1
RIMONE_r2_Im198,1,r2,0,0.6889964548181335,1
RIMONE_r2_Im200,1,r2,0,0.686838093283908,1
RIMONE_r2_Im202,1,r2,0,0.680622843152977,1
RIMONE_r2_Im206,1,r2,0,0.6875380324518658,1
RIMONE_r2_Im208,1,r2,0,0.6868726775938507,1
RIMONE_r2_Im210,1,r2,0,0.687621147602342,1
RIMONE_r2_Im212,1,r2,0,0.6897180938330179,1
RIMONE_r2_Im214,1,r2,0,0.6887774618296012,1
RIMONE_r2_Im216,1,r2,0,0.6894383074663851,1
RIMONE_r2_Im218,1,r2,0,0.6880464243101985,1
RIMONE_r2_Im220,1,r2,0,0.6823741788548694,1
RIMONE_r2_Im222,1,r2,0,0.6856151558984835,1
RIMONE_r2_Im224,1,r2,0,0.6903939402678503,1
RIMONE_r2_Im226,1,r2,0,0.683607885027455,1
RIMONE_r2_Im228,1,r2,0,0.6860210814026159,1
RIMONE_r2_Im230,1,r2,0,0.6882492239420882,1
RIMONE_r2_Im232,1,r2,0,0.6842643628547918,1
RIMONE_r2_Im234,1,r2,0,0.6858351817227373,1
RIMONE_r2_Im236,1,r2,0,0.6882507297731361,1
RIMONE_r2_Im238,1,r2,0,0.6879723842644657,1
RIMONE_r2_Im240,1,r2,0,0.6855914175611064,1
RIMONE_r2_Im242,1,r2,0,0.6885112238705301,1
RIMONE_r2_Im244,1,r2,0,0.6896483486628354,1
RIMONE_r2_Im246,1,r2,0,0.6878578597869529,1
RIMONE_r2_Im248,1,r2,0,0.686508440620396,1
RIMONE_r2_Im250,1,r2,0,0.6907075245370712,1
RIMONE_r2_Im252,1,r2,0,0.685110063061576,1
RIMONE_r2_Im254,1,r2,0,0.6895895541880458,1
RIMONE_r3_N-1-L_left_half,1,r3,0,0.6797052211522033,1
RIMONE_r3_N-10-R_left_half,1,r3,0,0.6882519681152036,1
RIMONE_r3_N-11-L_left_half,1,r3,0,0.6938478833213233,1
RIMONE_r3_N-12-R_left_half,1,r3,0,0.6946229479250886,1
RIMONE_r3_N-13-L_left_half,1,r3,0,0.6972360047708243,1
RIMONE_r3_N-14-R_left_half,1,r3,0,0.6887265451014242,1
RIMONE_r3_N-16-R_left_half,1,r3,0,0.6886184105765825,1
RIMONE_r3_N-17-L_left_half,1,r3,0,0.6801486761949816,1
RIMONE_r3_N-18-R_left_half,1,r3,0,0.6847364502277026,1
RIMONE_r3_N-2-R_left_half,1,r3,0,0.6820338876121468,1
RIMONE_r3_N-20-R_left_half,1,r3,0,0.6895282120692358,1
RIMONE_r3_N-21-L_left_half,1,r3,0,0.6936754829847147,1
RIMONE_r3_N-22-R_left_half,1,r3,0,0.6964877116162232,1
RIMONE_r3_N-23-L_left_half,1,r3,0,0.6819922742326067,1
RIMONE_r3_N-24-R_left_half,1,r3,0,0.6967716511498903,1
RIMONE_r3_N-25-L_left_half,1,r3,0,0.6858102433892543,1
RIMONE_r3_N-26-R_left_half,1,r3,0,0.6880649922009517,1
RIMONE_r3_N-27-L_left_half,1,r3,0,0.6881576348232876,1
RIMONE_r3_N-28-R_left_half,1,r3,0,0.6875059333460222,1
RIMONE_r3_N-29-L_left_half,1,r3,0,0.6842715041216147,1
RIMONE_r3_N-3-L_left_half,1,r3,0,0.6867506664733073,1
RIMONE_r3_N-30-R_left_half,1,r3,0,0.6869559590812231,1
RIMONE_r3_N-31-L_left_half,1,r3,0,0.6868566802365096,1
RIMONE_r3_N-32-R_left_half,1,r3,0,0.6835473959545615,1
RIMONE_r3_N-33-L_left_half,1,r3,0,0.6775946903353757,1
RIMONE_r3_N-34-R_left_half,1,r3,0,0.6775912084657146,1
RIMONE_r3_N-35-L_left_half,1,r3,0,0.6800035141064764,1
RIMONE_r3_N-36-R_left_half,1,r3,0,0.6801572661292826,1
RIMONE_r3_N-37-L_left_half,1,r3,0,0.6893265973052363,1
RIMONE_r3_N-38-R_left_half,1,r3,0,0.6937302630443568,1
RIMONE_r3_N-39-L_left_half,1,r3,0,0.6853182524449677,1
RIMONE_r3_N-4-R_left_half,1,r3,0,0.687942434465433,1
RIMONE_r3_N-40-R_left_half,1,r3,0,0.6815530874946178,1
RIMONE_r3_N-41-L_left_half,1,r3,0,0.6796883852168792,1
RIMONE_r3_N-42-R_left_half,1,r3,0,0.6799199135068081,1
RIMONE_r3_N-43-L_left_half,1,r3,0,0.6868547459533013,1
RIMONE_r3_N-44-R_left_half,1,r3,0,0.6890984203803766,1
RIMONE_r3_N-46-R_left_half,1,r3,0,0.6912986755248586,1
RIMONE_r3_N-47-L_left_half,1,r3,0,0.6837577772453008,1
RIMONE_r3_N-48-R_left_half,1,r3,0,0.6955826376389201,1
RIMONE_r3_N-49-L_left_half,1,r3,0,0.6848336032707858,1
RIMONE_r3_N-5-L_left_half,1,r3,0,0.6896086546565998,1
RIMONE_r3_N-50-R_left_half,1,r3,0,0.6821288577090817,1
RIMONE_r3_N-51-L_left_half,1,r3,0,0.6983300989805296,1
RIMONE_r3_N-52-R_left_half,1,r3,0,0.6957547933934074,1
RIMONE_r3_N-53-L_left_half,1,r3,0,0.6749413904618982,1
RIMONE_r3_N-54-R_left_half,1,r3,0,0.6708560809782534,1
RIMONE_r3_N-55-L_left_half,1,r3,0,0.6810104469207738,1
RIMONE_r3_N-56-R_left_half,1,r3,0,0.6783141022262953,1
RIMONE_r3_N-58-R_left_half,1,r3,0,0.6844696297142897,1
RIMONE_r3_N-59-L_left_half,1,r3,0,0.690377007228519,1
RIMONE_r3_N-6-R_left_half,1,r3,0,0.6842811179209619,1
RIMONE_r3_N-61-L_left_half,1,r3,0,0.6960020993882099,1
RIMONE_r3_N-62-R_left_half,1,r3,0,0.6957489887341666,1
RIMONE_r3_N-63-L_left_half,1,r3,0,0.6786357396415029,1
RIMONE_r3_N-64-R_left_half,1,r3,0,0.6885540687396121,1
RIMONE_r3_N-65-L_left_half,1,r3,0,0.6866694087651707,1
RIMONE_r3_N-66-R_left_half,1,r3,0,0.6924446280069755,1
RIMONE_r3_N-67-L_left_half,1,r3,0,0.6881471973770862,1
RIMONE_r3_N-68-R_left_half,1,r3,0,0.6866082386553991,1
RIMONE_r3_N-69-L_left_half,1,r3,0,0.6869504377635391,1
RIMONE_r3_N-7-L_left_half,1,r3,0,0.6825765477425451,1
RIMONE_r3_N-70-R_left_half,1,r3,0,0.6890654564970171,1
RIMONE_r3_N-71-L_left_half,1,r3,0,0.684762063567008,1
RIMONE_r3_N-72-R_left_half,1,r3,0,0.6887626593478555,1
RIMONE_r3_N-73-R_left_half,1,r3,0,0.6861442444614961,1
RIMONE_r3_N-74-L_left_half,1,r3,0,0.6875492316655951,1
RIMONE_r3_N-75-R_left_half,1,r3,0,0.6837380965985188,1
RIMONE_r3_N-76-R_left_half,1,r3,0,0.6887161560745053,1
RIMONE_r3_N-78-R_left_half,1,r3,0,0.6909721413388453,1
RIMONE_r3_N-79-L_left_half,1,r3,0,0.6862592442451307,1
RIMONE_r3_N-8-L_left_half,1,r3,0,0.686807828571814,1
RIMONE_r3_N-80-R_left_half,1,r3,0,0.6948054321878434,1
RIMONE_r3_N-81-L_left_half,1,r3,0,0.6825770878149121,1
RIMONE_r3_N-82-R_left_half,1,r3,0,0.6801748739607562,1
RIMONE_r3_N-83-L_left_half,1,r3,0,0.6937475878962667,1
RIMONE_r3_N-84-R_left_half,1,r3,0,0.6856569124822369,1
RIMONE_r3_N-85-L_left_half,1,r3,0,0.6849984885638642,1
RIMONE_r3_N-86-R_left_half,1,r3,0,0.6832661023046478,1
RIMONE_r3_N-87-L_left_half,1,r3,0,0.684468377665771,1
RIMONE_r3_N-88-R_left_half,1,r3,0,0.6850294217802082,1
RIMONE_r3_N-9-L_left_half,1,r3,0,0.6858783998215042,1
RIMONE_r3_N-90-R_left_half,1,r3,0,0.6846151296913469,1
RIMONE_r3_N-91-L_left_half,1,r3,0,0.6843197100871448,1
RIMONE_r3_N-92-R_left_half,1,r3,0,0.6820942718751699,1
RIMONE_r1_Im069,2,r1,1,0.7020612850397451,1
RIMONE_r1_Im103,2,r1,1,0.6967863290760784,1
RIMONE_r1_Im113,2,r1,1,0.6962936636341416,1
RIMONE_r1_Im117,2,r1,1,0.7065469191092947,1
RIMONE_r1_Im118,2,r1,1,0.7103889400956099,1
RIMONE_r1_Im120,2,r1,1,0.7133716094327708,1
RIMONE_r1_Im121,2,r1,1,0.6988138674960499,1
RIMONE_r1_Im122,2,r1,1,0.693540020861659,1
RIMONE_r1_Im135,2,r1,1,0.7148807432798644,1
RIMONE_r1_Im144,2,r1,1,0.7017143392248847,1
RIMONE_r1_Im158,2,r1,1,0.7113142996599336,1
RIMONE_r1_Im167,2,r1,1,0.7020461036604131,1
RIMONE_r2_Im257,2,r2,1,0.7015578880540514,1
RIMONE_r2_Im258,2,r2,1,0.6988176927889669,1
RIMONE_r2_Im260,2,r2,1,0.7017624989703726,1
RIMONE_r2_Im263,2,r2,1,0.692926308747231,1
RIMONE_r2_Im264,2,r2,1,0.6897254021692693,1
RIMONE_r2_Im266,2,r2,1,0.6973028938804816,1
RIMONE_r2_Im267,2,r2,1,0.7024080730159458,1
RIMONE_r2_Im268,2,r2,1,0.7024080730159458,1
RIMONE_r2_Im269,2,r2,1,0.6923077938956701,1
RIMONE_r2_Im270,2,r2,1,0.6920055873742829,1
RIMONE_r2_Im273,2,r2,1,0.6977426846169649,1
RIMONE_r2_Im275,2,r2,1,0.7018610124241704,1
RIMONE_r2_Im277,2,r2,1,0.7011169535317892,1
RIMONE_r2_Im281,2,r2,1,0.7017154036652362,1
RIMONE_r2_Im287,2,r2,1,0.7021639860373228,1
RIMONE_r2_Im288,2,r2,1,0.6939755597723852,1
RIMONE_r2_Im289,2,r2,1,0.6945270889034945,1
RIMONE_r2_Im290,2,r2,1,0.7017401130935422,1
RIMONE_r2_Im291,2,r2,1,0.691854248664953,1
RIMONE_r2_Im292,2,r2,1,0.6936316274499024,1
RIMONE_r2_Im293,2,r2,1,0.7024069985923541,1
RIMONE_r2_Im294,2,r2,1,0.7022535512534731,1
RIMONE_r2_Im301,2,r2,1,0.6977558902887488,1
RIMONE_r2_Im302,2,r2,1,0.6974070084970441,1
RIMONE_r2_Im303,2,r2,1,0.7023385229182181,1
RIMONE_r2_Im305,2,r2,1,0.7017583517135701,1
RIMONE_r2_Im314,2,r2,1,0.7020471420224594,1
RIMONE_r2_Im315,2,r2,1,0.7024645482528975,1
RIMONE_r2_Im317,2,r2,1,0.7017063205778771,1
RIMONE_r2_Im318,2,r2,1,0.6969029540927947,1
RIMONE_r2_Im319,2,r2,1,0.700951263740368,1
RIMONE_r2_Im320,2,r2,1,0.7014755753471452,1
RIMONE_r2_Im321,2,r2,1,0.7024076399789771,1
RIMONE_r2_Im324,2,r2,1,0.7019532770480306,1
RIMONE_r2_Im329,2,r2,1,0.6944939922002425,1
RIMONE_r2_Im330,2,r2,1,0.692147355592594,1
RIMONE_r2_Im331,2,r2,1,0.699476360825382,1
RIMONE_r2_Im332,2,r2,1,0.6975648584026758,1
RIMONE_r2_Im333,2,r2,1,0.6981428149725819,1
RIMONE_r2_Im334,2,r2,1,0.7006556506823532,1
RIMONE_r2_Im338,2,r2,1,0.6994032681153317,1
RIMONE_r2_Im339,2,r2,1,0.6933021584159672,1
RIMONE_r2_Im343,2,r2,1,0.7010460821042063,1
RIMONE_r2_Im344,2,r2,1,0.7023897791379792,1
RIMONE_r1_Im001,2,r1,0,0.7015085623835253,1
RIMONE_r1_Im003,2,r1,0,0.6958664879016178,1
RIMONE_r1_Im004,2,r1,0,0.6932771810189945,1
RIMONE_r1_Im006,2,r1,0,0.712576489938596,1
RIMONE_r1_Im008,2,r1,0,0.6962539114697157,1
RIMONE_r1_Im011,2,r1,0,0.6967106852984145,1
RIMONE_r1_Im012,2,r1,0,0.6970203739589793,1
RIMONE_r1_Im014,2,r1,0,0.6966700446308806,1
RIMONE_r1_Im015,2,r1,0,0.7062371862844411,1
RIMONE_r1_Im019,2,r1,0,0.7022779268361773,1
RIMONE_r1_Im020,2,r1,0,0.7019446379229135,1
RIMONE_r1_Im022,2,r1,0,0.6969528264664614,1
RIMONE_r1_Im023,2,r1,0,0.6947977722486601,1
RIMONE_r1_Im024,2,r1,0,0.7046009852065279,1
RIMONE_r1_Im025,2,r1,0,0.6972490851403599,1
RIMONE_r1_Im026,2,r1,0,0.7041551366278538,1
RIMONE_r1_Im027,2,r1,0,0.7034022732614306,1
RIMONE_r1_Im028,2,r1,0,0.6937250182300662,1
RIMONE_r1_Im029,2,r1,0,0.6961282510625598,1
RIMONE_r1_Im031,2,r1,0,0.69867605718526,1
RIMONE_r1_Im032,2,r1,0,0.6971421546681028,1
RIMONE_r1_Im033,2,r1,0,0.6970396963972505,1
RIMONE_r1_Im036,2,r1,0,0.6936460081806024,1
RIMONE_r1_Im037,2,r1,0,0.6971363386954962,1
RIMONE_r1_Im040,2,r1,0,0.6924725355112896,1
RIMONE_r1_Im041,2,r1,0,0.7016601946170837,1
RIMONE_r1_Im042,2,r1,0,0.7009839966634192,1
RIMONE_r1_Im046,2,r1,0,0.6982279698642105,1
RIMONE_r1_Im047,2,r1,0,0.6974223575612061,1
RIMONE_r1_Im050,2,r1,0,0.7129246671373878,1
RIMONE_r1_Im052,2,r1,0,0.6914291973975755,1
RIMONE_r1_Im054,2,r1,0,0.6921075516227356,1
RIMONE_r1_Im055,2,r1,0,0.6912685131400508,1
RIMONE_r1_Im056,2,r1,0,0.6914605832104754,1
RIMONE_r1_Im057,2,r1,0,0.7017033321154816,1
RIMONE_r1_Im058,2,r1,0,0.7075305271846812,1
RIMONE_r1_Im059,2,r1,0,0.6978230011247808,1
RIMONE_r1_Im060,2,r1,0,0.6924791131397479,1
RIMONE_r1_Im061,2,r1,0,0.7009657178249231,1
RIMONE_r1_Im062,2,r1,0,0.693854674560408,1
RIMONE_r1_Im063,2,r1,0,0.699336944236695,1
RIMONE_r1_Im071,2,r1,0,0.7040285735906657,1
RIMONE_r1_Im072,2,r1,0,0.7046250931820878,1
RIMONE_r1_Im073,2,r1,0,0.7037716584384411,1
RIMONE_r1_Im080,2,r1,0,0.7034058824237742,1
RIMONE_r1_Im082,2,r1,0,0.7046943803115449,1
RIMONE_r1_Im086,2,r1,0,0.7117759634460501,1
RIMONE_r1_Im087,2,r1,0,0.7041764402914572,1
RIMONE_r1_Im095,2,r1,0,0.7069101746666818,1
RIMONE_r1_Im107,2,r1,0,0.712440513089336,1
RIMONE_r1_Im108,2,r1,0,0.7015229674961818,1
RIMONE_r1_Im115,2,r1,0,0.7059502156435468,1
RIMONE_r1_Im116,2,r1,0,0.6985943384332934,1
RIMONE_r1_Im119,2,r1,0,0.7117184423891897,1
RIMONE_r1_Im125,2,r1,0,0.7024001073419377,1
RIMONE_r1_Im127,2,r1,0,0.6982718483651518,1
RIMONE_r1_Im128,2,r1,0,0.7110683522837727,1
RIMONE_r1_Im129,2,r1,0,0.7024310672426066,1
RIMONE_r1_Im130,2,r1,0,0.7067909717457204,1
RIMONE_r1_Im131,2,r1,0,0.7041146844650276,1
RIMONE_r1_Im132,2,r1,0,0.7013656256114158,1
RIMONE_r1_Im133,2,r1,0,0.6950905034910585,1
RIMONE_r1_Im136,2,r1,0,0.7112160229849509,1
RIMONE_r1_Im137,2,r1,0,0.7073113632697705,1
RIMONE_r1_Im138,2,r1,0,0.7045490067558542,1
RIMONE_r1_Im142,2,r1,0,0.7067556561124001,1
RIMONE_r1_Im143,2,r1,0,0.7113760524765043,1
RIMONE_r1_Im145,2,r1,0,0.7066075013830948,1
RIMONE_r1_Im146,2,r1,0,0.7058851112089637,1
RIMONE_r1_Im149,2,r1,0,0.7028013032511233,1
RIMONE_r1_Im150,2,r1,0,0.7021747645140063,1
RIMONE_r1_Im151,2,r1,0,0.7060046814490383,1
RIMONE_r1_Im152,2,r1,0,0.7117442272343872,1
RIMONE_r1_Im153,2,r1,0,0.7072397970270743,1
RIMONE_r1_Im154,2,r1,0,0.7040205202763014,1
RIMONE_r1_Im155,2,r1,0,0.7105675461230548,1
RIMONE_r1_Im156,2,r1,0,0.7058104104675712,1
RIMONE_r1_Im159,2,r1,0,0.7126960888162847,1
RIMONE_r1_Im161,2,r1,0,0.7048538397421735,1
RIMONE_r1_Im162,2,r1,0,0.7093741299869062,1
RIMONE_r1_Im163,2,r1,0,0.7031660927270548,1
RIMONE_r1_Im164,2,r1,0,0.7076057052583631,1
RIMONE_r1_Im165,2,r1,0,0.7052595575190707,1
RIMONE_r1_Im166,2,r1,0,0.6988955654746225,1
RIMONE_r1_Im168,2,r1,0,0.7100601554458605,1
RIMONE_r1_Im169,2,r1,0,0.7032214659877268,1
RIMONE_r2_Im001,2,r2,0,0.7023133864743181,1
RIMONE_r2_Im002,2,r2,0,0.7001262082779717,1
RIMONE_r2_Im003,2,r2,0,0.7017497702461871,1
RIMONE_r2_Im004,2,r2,0,0.6993239075341163,1
RIMONE_r2_Im005,2,r2,0,0.7010276784859653,1
RIMONE_r2_Im006,2,r2,0,0.7007797214387732,1
RIMONE_r2_Im007,2,r2,0,0.7021015917989681,1
RIMONE_r2_Im009,2,r2,0,0.7022930936327333,1
RIMONE_r2_Im010,2,r2,0,0.699936757821768,1
RIMONE_r2_Im011,2,r2,0,0.7024002610737121,1
RIMONE_r2_Im012,2,r2,0,0.7023807759748927,1
RIMONE_r2_Im013,2,r2,0,0.7023876484190763,1
RIMONE_r2_Im014,2,r2,0,0.7017673756359131,1
RIMONE_r2_Im015,2,r2,0,0.702202067297115,1
RIMONE_r2_Im016,2,r2,0,0.7021859591348547,1
RIMONE_r2_Im017,2,r2,0,0.7022454396659656,1
RIMONE_r2_Im018,2,r2,0,0.7022170062542703,1
RIMONE_r2_Im019,2,r2,0,0.6977719219263852,1
RIMONE_r2_Im020,2,r2,0,0.6937719815166002,1
RIMONE_r2_Im021,2,r2,0,0.6940735363395455,1
RIMONE_r2_Im022,2,r2,0,0.695551972456203,1
RIMONE_r2_Im023,2,r2,0,0.7004128935919589,1
RIMONE_r2_Im024,2,r2,0,0.7021798895237593,1
RIMONE_r2_Im025,2,r2,0,0.7010987948085025,1
RIMONE_r2_Im026,2,r2,0,0.7008041317281708,1
RIMONE_r2_Im027,2,r2,0,0.6998474715313858,1
RIMONE_r2_Im028,2,r2,0,0.6977348128551585,1
RIMONE_r2_Im029,2,r2,0,0.7037239680963278,1
RIMONE_r2_Im030,2,r2,0,0.7006639729271928,1
RIMONE_r2_Im031,2,r2,0,0.7025605871692764,1
RIMONE_r2_Im032,2,r2,0,0.7019342508899431,1
RIMONE_r2_Im033,2,r2,0,0.6987996320006368,1
RIMONE_r2_Im347,2,r2,1,0.7023664260191594,1
RIMONE_r2_Im348,2,r2,1,0.6981207807354843,1
RIMONE_r2_Im351,2,r2,1,0.6983792961102064,1
RIMONE_r2_Im352,2,r2,1,0.6978195325317388,1
RIMONE_r2_Im354,2,r2,1,0.6927717800845167,1
RIMONE_r2_Im355,2,r2,1,0.6952815339445222,1
RIMONE_r2_Im356,2,r2,1,0.7008391039624106,1
RIMONE_r2_Im357,2,r2,1,0.7023740665138606,1
RIMONE_r2_Im358,2,r2,1,0.6994681320945497,1
RIMONE_r2_Im362,2,r2,1,0.7000171982823321,1
RIMONE_r2_Im365,2,r2,1,0.6925770175233701,1
RIMONE_r2_Im366,2,r2,1,0.6970110863602897,1
RIMONE_r2_Im369,2,r2,1,0.7024011155474081,1
RIMONE_r2_Im373,2,r2,1,0.6949494501937775,1
RIMONE_r2_Im376,2,r2,1,0.698907668381941,1
RIMONE_r2_Im377,2,r2,1,0.7018576249645309,1
RIMONE_r2_Im383,2,r2,1,0.6998442522104582,1
RIMONE_r2_Im384,2,r2,1,0.6915193029358334,1
RIMONE_r2_Im385,2,r2,1,0.6926581783409567,1
RIMONE_r2_Im387,2,r2,1,0.7003956328158728,1
RIMONE_r2_Im388,2,r2,1,0.6949922649434911,1
RIMONE_r2_Im389,2,r2,1,0.6944344199033831,1
RIMONE_r2_Im390,2,r2,1,0.6960346948112812,1
RIMONE_r2_Im391,2,r2,1,0.6926096845678362,1
RIMONE_r2_Im392,2,r2,1,0.6996425187050698,1
RIMONE_r2_Im393,2,r2,1,0.7015788936509922,1
RIMONE_r2_Im398,2,r2,1,0.7010435602936761,1
RIMONE_r2_Im399,2,r2,1,0.7016495467779588,1
RIMONE_r2_Im400,2,r2,1,0.6923113951764726,1
RIMONE_r2_Im401,2,r2,1,0.6964277173321746,1
RIMONE_r2_Im402,2,r2,1,0.7039684840323385,1
RIMONE_r2_Im403,2,r2,1,0.6944991519222495,1
RIMONE_r2_Im404,2,r2,1,0.6993088558152933,1
RIMONE_r2_Im406,2,r2,1,0.6921644738944039,1
RIMONE_r2_Im407,2,r2,1,0.7013661711147092,1
RIMONE_r2_Im408,2,r2,1,0.6996317964342855,1
RIMONE_r2_Im414,2,r2,1,0.7019037704250216,1
RIMONE_r2_Im415,2,r2,1,0.6943353225961155,1
RIMONE_r2_Im416,2,r2,1,0.6933248411889019,1
RIMONE_r2_Im418,2,r2,1,0.6982929059227245,1
RIMONE_r2_Im419,2,r2,1,0.7018394441545971,1
RIMONE_r2_Im420,2,r2,1,0.694677563986356,1
RIMONE_r2_Im421,2,r2,1,0.7010721663857294,1
RIMONE_r2_Im422,2,r2,1,0.7007735392925627,1
RIMONE_r2_Im424,2,r2,1,0.6936443817154371,1
RIMONE_r2_Im427,2,r2,1,0.6986930706128658,1
RIMONE_r2_Im428,2,r2,1,0.6926772715572457,1
RIMONE_r2_Im429,2,r2,1,0.698794377490336,1
RIMONE_r2_Im432,2,r2,1,0.7024652389823934,1
RIMONE_r2_Im433,2,r2,1,0.7024080720255783,1
RIMONE_r2_Im436,2,r2,1,0.6997039670866834,1
RIMONE_r2_Im439,2,r2,1,0.6934864879987797,1
RIMONE_r2_Im441,2,r2,1,0.6905936760687447,1
RIMONE_r2_Im442,2,r2,1,0.6935536296781566,1
RIMONE_r2_Im443,2,r2,1,0.6972167635127702,1
RIMONE_r2_Im444,2,r2,1,0.6947703997065152,1
RIMONE_r2_Im445,2,r2,1,0.6981835537951356,1
RIMONE_r2_Im448,2,r2,1,0.6988295902531113,1
RIMONE_r2_Im449,2,r2,1,0.6994677535184852,1
RIMONE_r2_Im450,2,r2,1,0.7011642326280436,1
RIMONE_r2_Im451,2,r2,1,0.6897807549093665,1
RIMONE_r2_Im453,2,r2,1,0.7061826589936216,1
RIMONE_r2_Im454,2,r2,1,0.7003978068173324,1
RIMONE_r2_Im455,2,r2,1,0.7022454229485464,1
RIMONE_r3_G-1-L_left_half,2,r3,1,0.6922660873236707,1
RIMONE_r3_G-10-L_left_half,2,r3,1,0.7178835631283912,1
RIMONE_r3_G-11-R_left_half,2,r3,1,0.7037054567090674,1
RIMONE_r3_G-12-L_left_half,2,r3,1,0.7046087765981938,1
RIMONE_r3_G-13-R_left_half,2,r3,1,0.7075018677088598,1
RIMONE_r3_G-14-R_left_half,2,r3,1,0.6960805707375851,1
RIMONE_r3_G-15-L_left_half,2,r3,1,0.6925127776729678,1
RIMONE_r3_G-16-R_left_half,2,r3,1,0.6955583479458933,1
RIMONE_r3_G-17-L_left_half,2,r3,1,0.6970065503919403,1
RIMONE_r3_G-18-R_left_half,2,r3,1,0.6953006247729726,1
RIMONE_r3_G-2-R_left_half,2,r3,1,0.6914954966496857,1
RIMONE_r3_G-22-L_left_half,2,r3,1,0.7065314258919965,1
RIMONE_r3_G-23-R_left_half,2,r3,1,0.7153184985149789,1
RIMONE_r3_G-25-L_left_half,2,r3,1,0.7041676287505448,1
RIMONE_r3_G-27-R_left_half,2,r3,1,0.7143996037892765,1
RIMONE_r3_G-29-R_left_half,2,r3,1,0.6973535837971994,1
RIMONE_r3_G-3-R_left_half,2,r3,1,0.7058251962239848,1
RIMONE_r3_G-30-L_left_half,2,r3,1,0.7121743342451698,1
RIMONE_r3_G-31-R_left_half,2,r3,1,0.7089100819491738,1
RIMONE_r3_G-32-L_left_half,2,r3,1,0.7094709564770878,1
RIMONE_r3_G-33-R_left_half,2,r3,1,0.6990209415659492,1
RIMONE_r3_G-34-L_left_half,2,r3,1,0.7175506376441046,1
RIMONE_r3_G-35-R_left_half,2,r3,1,0.6947084812182563,1
RIMONE_r3_G-37-R_left_half,2,r3,1,0.7160146705681161,1
RIMONE_r3_G-38-L_left_half,2,r3,1,0.7017635810938916,1
RIMONE_r3_G-39-L_left_half,2,r3,1,0.7073914092236834,1
RIMONE_r3_G-6-L_left_half,2,r3,1,0.6765994654708196,1
RIMONE_r3_G-8-R_left_half,2,r3,1,0.7024072105738423,1
RIMONE_r3_G-9-R_left_half,2,r3,1,0.6954734138848763,1
RIMONE_r3_S-1-L_left_half,2,r3,1,0.7002283441987355,1
RIMONE_r3_S-10-R_left_half,2,r3,1,0.7160864875272597,1
RIMONE_r3_S-11-L_left_half,2,r3,1,0.7014067597386756,1
RIMONE_r3_S-12-L_left_half,2,r3,1,0.7201913576325374,1
RIMONE_r3_S-13-R_left_half,2,r3,1,0.7063061273071726,1
RIMONE_r3_S-14-R_left_half,2,r3,1,0.6983262657815068,1
RIMONE_r3_S-18-L_left_half,2,r3,1,0.6932141965198674,1
RIMONE_r3_S-19-R_left_half,2,r3,1,0.6957594288389476,1
RIMONE_r3_S-2-L_left_half,2,r3,1,0.6952401021544937,1
RIMONE_r3_S-20-L_left_half,2,r3,1,0.7106425789114192,1
RIMONE_r3_S-21-R_left_half,2,r3,1,0.7173575925240451,1
RIMONE_r3_S-25-L_left_half,2,r3,1,0.7207932625662317,1
RIMONE_r3_S-26-R_left_half,2,r3,1,0.7166424091663474,1
RIMONE_r3_S-28-R_left_half,2,r3,1,0.6988319341759833,1
RIMONE_r3_S-29-R_left_half,2,r3,1,0.6964522672501146,1
RIMONE_r3_S-30-L_left_half,2,r3,1,0.6981385907636681,1
RIMONE_r3_S-31-L_left_half,2,r3,1,0.6999971947946668,1
RIMONE_r3_S-32-L_left_half,2,r3,1,0.6995372033219556,1
RIMONE_r3_S-33-R_left_half,2,r3,1,0.6939500627810448,1
RIMONE_r3_S-35-R_left_half,2,r3,1,0.7088931534337356,1
RIMONE_r3_S-4-L_left_half,2,r3,1,0.7157328758442345,1
RIMONE_r3_S-6-R_left_half,2,r3,1,0.7050536588621197,1
RIMONE_r3_S-9-L_left_half,2,r3,1,0.7177085417229145,1
RIMONE_r2_Im034,2,r2,0,0.6943603226172713,1
RIMONE_r2_Im036,2,r2,0,0.6959185320897857,1
RIMONE_r2_Im038,2,r2,0,0.6989962805379399,1
RIMONE_r2_Im040,2,r2,0,0.6939370723440373,1
RIMONE_r2_Im042,2,r2,0,0.692896925149833,1
RIMONE_r2_Im044,2,r2,0,0.6991411295269369,1
RIMONE_r2_Im046,2,r2,0,0.7014685277218122,1
RIMONE_r2_Im048,2,r2,0,0.6978667156757241,1
RIMONE_r2_Im050,2,r2,0,0.694806129132512,1
RIMONE_r2_Im052,2,r2,0,0.6953095490463399,1
RIMONE_r2_Im054,2,r2,0,0.6946535143684186,1
RIMONE_r2_Im056,2,r2,0,0.6961908467585186,1
RIMONE_r2_Im058,2,r2,0,0.6963863672150777,1
RIMONE_r2_Im060,2,r2,0,0.6995096334092586,1
RIMONE_r2_Im062,2,r2,0,0.696138109109492,1
RIMONE_r2_Im064,2,r2,0,0.6982754420319676,1
RIMONE_r2_Im066,2,r2,0,0.7005717709800631,1
RIMONE_r2_Im068,2,r2,0,0.697259787848689,1
RIMONE_r2_Im070,2,r2,0,0.6952738887685745,1
RIMONE_r2_Im072,2,r2,0,0.6926141735034814,1
RIMONE_r2_Im074,2,r2,0,0.6994571186673175,1
RIMONE_r2_Im076,2,r2,0,0.695763191475841,1
RIMONE_r2_Im078,2,r2,0,0.6968972407298257,1
RIMONE_r2_Im080,2,r2,0,0.6935478819633277,1
RIMONE_r2_Im082,2,r2,0,0.6967533663730813,1
RIMONE_r2_Im084,2,r2,0,0.6995773519396822,1
RIMONE_r2_Im086,2,r2,0,0.6995628371048305,1
RIMONE_r2_Im088,2,r2,0,0.6935633045995987,1
RIMONE_r2_Im090,2,r2,0,0.695237584679805,1
RIMONE_r2_Im092,2,r2,0,0.6965900622267631,1
RIMONE_r2_Im094,2,r2,0,0.6983573594579073,1
RIMONE_r2_Im096,2,r2,0,0.6991689920025536,1
RIMONE_r2_Im098,2,r2,0,0.6958871208269246,1
RIMONE_r2_Im100,2,r2,0,0.6957083794736175,1
RIMONE_r2_Im102,2,r2,0,0.6978767540036841,1
RIMONE_r2_Im104,2,r2,0,0.6966390693864163,1
RIMONE_r2_Im106,2,r2,0,0.6932967505239267,1
RIMONE_r2_Im108,2,r2,0,0.6935119255662143,1
RIMONE_r2_Im110,2,r2,0,0.695005498208168,1
RIMONE_r2_Im112,2,r2,0,0.7013268388398965,1
RIMONE_r2_Im114,2,r2,0,0.6955923378118786,1
RIMONE_r2_Im116,2,r2,0,0.7016427342643639,1
RIMONE_r2_Im118,2,r2,0,0.6998912103739461,1
RIMONE_r2_Im120,2,r2,0,0.6995171890646218,1
RIMONE_r2_Im122,2,r2,0,0.6998329130394544,1
RIMONE_r2_Im124,2,r2,0,0.694908133019424,1
RIMONE_r2_Im126,2,r2,0,0.7033574163577326,1
RIMONE_r2_Im128,2,r2,0,0.6939414814828891,1
RIMONE_r2_Im130,2,r2,0,0.7001156084608231,1
RIMONE_r2_Im132,2,r2,0,0.6999043746713881,1
RIMONE_r2_Im134,2,r2,0,0.7012080899523787,1
RIMONE_r2_Im136,2,r2,0,0.6971990697147854,1
RIMONE_r2_Im138,2,r2,0,0.7031689573245256,1
RIMONE_r2_Im140,2,r2,0,0.6950245250103007,1
RIMONE_r2_Im142,2,r2,0,0.6970165190536158,1
RIMONE_r2_Im144,2,r2,0,0.6963128721689142,1
RIMONE_r2_Im146,2,r2,0,0.7023341667458131,1
RIMONE_r2_Im148,2,r2,0,0.6982543583401642,1
RIMONE_r2_Im150,2,r2,0,0.6935476128912695,1
RIMONE_r2_Im152,2,r2,0,0.6977505025220475,1
RIMONE_r2_Im154,2,r2,0,0.6958417829751268,1
RIMONE_r2_Im156,2,r2,0,0.6982906997535197,1
RIMONE_r2_Im158,2,r2,0,0.7004563453080308,1
RIMONE_r2_Im160,2,r2,0,0.6984244284530331,1
RIMONE_r2_Im162,2,r2,0,0.6937130209321115,1
RIMONE_r2_Im164,2,r2,0,0.6980639844079237,1
RIMONE_r2_Im166,2,r2,0,0.6972537918673991,1
RIMONE_r2_Im168,2,r2,0,0.701597603874089,1
RIMONE_r2_Im170,2,r2,0,0.696499063621632,1
RIMONE_r2_Im172,2,r2,0,0.6964238277193492,1
RIMONE_r2_Im174,2,r2,0,0.6958251211676392,1
RIMONE_r2_Im176,2,r2,0,0.7007082527670261,1
RIMONE_r2_Im178,2,r2,0,0.6939918010733916,1
RIMONE_r2_Im180,2,r2,0,0.6937450142234148,1
RIMONE_r2_Im182,2,r2,0,0.6989093453026224,1
RIMONE_r2_Im184,2,r2,0,0.6945132056613571,1
RIMONE_r2_Im186,2,r2,0,0.6955611215949054,1
RIMONE_r2_Im188,2,r2,0,0.694000618041464,1
RIMONE_r2_Im190,2,r2,0,0.6977314462997248,1
RIMONE_r2_Im192,2,r2,0,0.6988796773124811,1
RIMONE_r2_Im194,2,r2,0,0.6942199289837626,1
RIMONE_r2_Im196,2,r2,0,0.696257951293713,1
RIMONE_r2_Im198,2,r2,0,0.697463197940628,1
RIMONE_r2_Im200,2,r2,0,0.697068824708637,1
RIMONE_r2_Im202,2,r2,0,0.6934414619933008,1
RIMONE_r2_Im206,2,r2,0,0.6952094527694788,1
RIMONE_r2_Im208,2,r2,0,0.6937670137099708,1
RIMONE_r2_Im210,2,r2,0,0.6962940404157364,1
RIMONE_r2_Im212,2,r2,0,0.7011433664618129,1
RIMONE_r2_Im214,2,r2,0,0.7083807154427997,1
RIMONE_r2_Im216,2,r2,0,0.700789384910484,1
RIMONE_r2_Im218,2,r2,0,0.7020167399511693,1
RIMONE_r2_Im220,2,r2,0,0.6927331060369238,1
RIMONE_r2_Im222,2,r2,0,0.6934381764378283,1
RIMONE_r2_Im224,2,r2,0,0.7014663254321207,1
RIMONE_r2_Im226,2,r2,0,0.6957446648262002,1
RIMONE_r2_Im228,2,r2,0,0.703287248723668,1
RIMONE_r2_Im230,2,r2,0,0.7011691698045274,1
RIMONE_r2_Im232,2,r2,0,0.7008614519869026,1
RIMONE_r2_Im234,2,r2,0,0.6927559882701851,1
RIMONE_r2_Im236,2,r2,0,0.7017927087591781,1
RIMONE_r2_Im238,2,r2,0,0.6950251813963811,1
RIMONE_r2_Im240,2,r2,0,0.6979782649871392,1
RIMONE_r2_Im242,2,r2,0,0.6977175343450962,1
RIMONE_r2_Im244,2,r2,0,0.7004637327444256,1
RIMONE_r2_Im246,2,r2,0,0.7039061723931948,1
RIMONE_r2_Im248,2,r2,0,0.6942993180175697,1
RIMONE_r2_Im250,2,r2,0,0.707840271502324,1
RIMONE_r2_Im252,2,r2,0,0.6979206860553848,1
RIMONE_r2_Im254,2,r2,0,0.6978583333543017,1
RIMONE_r3_N-1-L_left_half,2,r3,0,0.7029043942677267,1
RIMONE_r3_N-10-R_left_half,2,r3,0,0.7111811298482069,1
RIMONE_r3_N-11-L_left_half,2,r3,0,0.7159576216228035,1
RIMONE_r3_N-12-R_left_half,2,r3,0,0.7158883764528221,1
RIMONE_r3_N-13-L_left_half,2,r3,0,0.7216619073258538,1
RIMONE_r3_N-14-R_left_half,2,r3,0,0.6989452691997008,1
RIMONE_r3_N-16-R_left_half,2,r3,0,0.6981637583816499,1
RIMONE_r3_N-17-L_left_half,2,r3,0,0.7053620669206505,1
RIMONE_r3_N-18-R_left_half,2,r3,0,0.6986104305670487,1
RIMONE_r3_N-2-R_left_half,2,r3,0,0.7064855519433474,1
RIMONE_r3_N-20-R_left_half,2,r3,0,0.7000047830759751,1
RIMONE_r3_N-21-L_left_half,2,r3,0,0.7077153602472537,1
RIMONE_r3_N-22-R_left_half,2,r3,0,0.7107770126289942,1
RIMONE_r3_N-23-L_left_half,2,r3,0,0.6971260079487743,1
RIMONE_r3_N-24-R_left_half,2,r3,0,0.7170339375634505,1
RIMONE_r3_N-25-L_left_half,2,r3,0,0.6934086562612468,1
RIMONE_r3_N-26-R_left_half,2,r3,0,0.6971009146731334,1
RIMONE_r3_N-27-L_left_half,2,r3,0,0.6975260481305195,1
RIMONE_r3_N-28-R_left_half,2,r3,0,0.6972482391472979,1
RIMONE_r3_N-29-L_left_half,2,r3,0,0.6954832973141623,1
RIMONE_r3_N-3-L_left_half,2,r3,0,0.7002319081751999,1
RIMONE_r3_N-30-R_left_half,2,r3,0,0.7012572559497899,1
RIMONE_r3_N-31-L_left_half,2,r3,0,0.6991000533870437,1
RIMONE_r3_N-32-R_left_half,2,r3,0,0.6983205375847666,1
RIMONE_r3_N-33-L_left_half,2,r3,0,0.7018419169316514,1
RIMONE_r3_N-34-R_left_half,2,r3,0,0.7031604636042507,1
RIMONE_r3_N-35-L_left_half,2,r3,0,0.7048060880129428,1
RIMONE_r3_N-36-R_left_half,2,r3,0,0.700561993103406,1
RIMONE_r3_N-37-L_left_half,2,r3,0,0.7108840966107035,1
RIMONE_r3_N-38-R_left_half,2,r3,0,0.7124283220562215,1
RIMONE_r3_N-39-L_left_half,2,r3,0,0.7084615725475553,1
RIMONE_r3_N-4-R_left_half,2,r3,0,0.6998370290127789,1
RIMONE_r3_N-40-R_left_half,2,r3,0,0.702678696345954,1
RIMONE_r3_N-41-L_left_half,2,r3,0,0.7027777953096518,1
RIMONE_r3_N-42-R_left_half,2,r3,0,0.7031149445055845,1
RIMONE_r3_N-43-L_left_half,2,r3,0,0.7078028654853828,1
RIMONE_r3_N-44-R_left_half,2,r3,0,0.7122189770905886,1
RIMONE_r3_N-46-R_left_half,2,r3,0,0.7126586604048584,1
RIMONE_r3_N-47-L_left_half,2,r3,0,0.6965859133004626,1
RIMONE_r3_N-48-R_left_half,2,r3,0,0.717983768505895,1
RIMONE_r3_N-49-L_left_half,2,r3,0,0.7024008751009005,1
RIMONE_r3_N-5-L_left_half,2,r3,0,0.7010355419532083,1
RIMONE_r3_N-50-R_left_half,2,r3,0,0.7007140950072277,1
RIMONE_r3_N-51-L_left_half,2,r3,0,0.7236274874768254,1
RIMONE_r3_N-52-R_left_half,2,r3,0,0.7196141788779191,1
RIMONE_r3_N-53-L_left_half,2,r3,0,0.6969064855770913,1
RIMONE_r3_N-54-R_left_half,2,r3,0,0.694478852905994,1
RIMONE_r3_N-55-L_left_half,2,r3,0,0.7073682588564946,1
RIMONE_r3_N-56-R_left_half,2,r3,0,0.7038386171949473,1
RIMONE_r3_N-58-R_left_half,2,r3,0,0.6960634209494811,1
RIMONE_r3_N-59-L_left_half,2,r3,0,0.7082933033777473,1
RIMONE_r3_N-6-R_left_half,2,r3,0,0.705660299054441,1
RIMONE_r3_N-61-L_left_half,2,r3,0,0.7151214102956631,1
RIMONE_r3_N-62-R_left_half,2,r3,0,0.7084138403544326,1
RIMONE_r3_N-63-L_left_half,2,r3,0,0.7020498614901781,1
RIMONE_r3_N-64-R_left_half,2,r3,0,0.6997762409247462,1
RIMONE_r3_N-65-L_left_half,2,r3,0,0.7100090237542366,1
RIMONE_r3_N-66-R_left_half,2,r3,0,0.7081665705184986,1
RIMONE_r3_N-67-L_left_half,2,r3,0,0.7096091876606797,1
RIMONE_r3_N-68-R_left_half,2,r3,0,0.7092347243113525,1
RIMONE_r3_N-69-L_left_half,2,r3,0,0.7081068263476125,1
RIMONE_r3_N-7-L_left_half,2,r3,0,0.6994324331386508,1
RIMONE_r3_N-70-R_left_half,2,r3,0,0.7044444037300142,1
RIMONE_r3_N-71-L_left_half,2,r3,0,0.7106656945757628,1
RIMONE_r3_N-72-R_left_half,2,r3,0,0.6982495664804477,1
RIMONE_r3_N-73-R_left_half,2,r3,0,0.7065363313785047,1
RIMONE_r3_N-74-L_left_half,2,r3,0,0.699141711335828,1
RIMONE_r3_N-75-R_left_half,2,r3,0,0.6985224833841064,1
RIMONE_r3_N-76-R_left_half,2,r3,0,0.705552329903676,1
RIMONE_r3_N-78-R_left_half,2,r3,0,0.7033699618223448,1
RIMONE_r3_N-79-L_left_half,2,r3,0,0.6945337490582112,1
RIMONE_r3_N-8-L_left_half,2,r3,0,0.6952590411850081,1
RIMONE_r3_N-80-R_left_half,2,r3,0,0.7084029125067723,1
RIMONE_r3_N-81-L_left_half,2,r3,0,0.7071393104179132,1
RIMONE_r3_N-82-R_left_half,2,r3,0,0.7021764104047733,1
RIMONE_r3_N-83-L_left_half,2,r3,0,0.7125874420744623,1
RIMONE_r3_N-84-R_left_half,2,r3,0,0.7050831428367142,1
RIMONE_r3_N-85-L_left_half,2,r3,0,0.7036936295986419,1
RIMONE_r3_N-86-R_left_half,2,r3,0,0.7031213655700229,1
RIMONE_r3_N-87-L_left_half,2,r3,0,0.7031389873085742,1
RIMONE_r3_N-88-R_left_half,2,r3,0,0.7004883420196412,1
RIMONE_r3_N-9-L_left_half,2,r3,0,0.694017345218558,1
RIMONE_r3_N-90-R_left_half,2,r3,0,0.7034788621724457,1
RIMONE_r3_N-91-L_left_half,2,r3,0,0.7067674364944383,1
RIMONE_r3_N-92-R_left_half,2,r3,0,0.7046042460620939,1
RIMONE_r1_Im069,3,r1,1,0.6972133273454484,1
RIMONE_r1_Im103,3,r1,1,0.7685329450207026,1
RIMONE_r1_Im113,3,r1,1,0.730174674370908,1
RIMONE_r1_Im117,3,r1,1,0.7492589015709463,1
RIMONE_r1_Im118,3,r1,1,0.7356475055766878,1
RIMONE_r1_Im120,3,r1,1,0.7113579643754511,1
RIMONE_r1_Im121,3,r1,1,0.6928129525551081,1
RIMONE_r1_Im122,3,r1,1,0.735148208642344,1
RIMONE_r1_Im135,3,r1,1,0.7574782316569365,1
RIMONE_r1_Im144,3,r1,1,0.72906107465877,1
RIMONE_r1_Im158,3,r1,1,0.7651426824300351,1
RIMONE_r1_Im167,3,r1,1,0.7285832238176774,1
RIMONE_r2_Im257,3,r2,1,0.691072660928984,1
RIMONE_r2_Im258,3,r2,1,0.7075247583113833,1
RIMONE_r2_Im260,3,r2,1,0.7444477616892434,1
RIMONE_r2_Im263,3,r2,1,0.7129249936569528,1
RIMONE_r2_Im264,3,r2,1,0.7222052629993824,1
RIMONE_r2_Im266,3,r2,1,0.7005582367125065,1
RIMONE_r2_Im267,3,r2,1,0.6976796941479522,1
RIMONE_r2_Im268,3,r2,1,0.6976796941479522,1
RIMONE_r2_Im269,3,r2,1,0.7076309238789747,1
RIMONE_r2_Im270,3,r2,1,0.7244799339803731,1
RIMONE_r2_Im273,3,r2,1,0.7014736940502923,1
RIMONE_r2_Im275,3,r2,1,0.698792064978552,1
RIMONE_r2_Im277,3,r2,1,0.721071795348803,1
RIMONE_r2_Im281,3,r2,1,0.6958302571013332,1
RIMONE_r2_Im287,3,r2,1,0.6954048218300249,1
RIMONE_r2_Im288,3,r2,1,0.7246268015816418,1
RIMONE_r2_Im289,3,r2,1,0.7194178844737772,1
RIMONE_r2_Im290,3,r2,1,0.7133295070186886,1
RIMONE_r2_Im291,3,r2,1,0.714202128038254,1
RIMONE_r2_Im292,3,r2,1,0.7558172491981212,1
RIMONE_r2_Im293,3,r2,1,0.6976809600316447,1
RIMONE_r2_Im294,3,r2,1,0.6927008728512583,1
RIMONE_r2_Im301,3,r2,1,0.7193441211348547,1
RIMONE_r2_Im302,3,r2,1,0.7016744090699911,1
RIMONE_r2_Im303,3,r2,1,0.697528042391142,1
RIMONE_r2_Im305,3,r2,1,0.6966462852599449,1
RIMONE_r2_Im314,3,r2,1,0.6964747762973278,1
RIMONE_r2_Im315,3,r2,1,0.7122189565003678,1
RIMONE_r2_Im317,3,r2,1,0.743865887828626,1
RIMONE_r2_Im318,3,r2,1,0.7326895361565399,1
RIMONE_r2_Im319,3,r2,1,0.6947917461487253,1
RIMONE_r2_Im320,3,r2,1,0.6942997237341902,1
RIMONE_r2_Im321,3,r2,1,0.6976815581794187,1
RIMONE_r2_Im324,3,r2,1,0.6964531768561061,1
RIMONE_r2_Im329,3,r2,1,0.7488194026240215,1
RIMONE_r2_Im330,3,r2,1,0.6986982491524821,1
RIMONE_r2_Im331,3,r2,1,0.7495418302935787,1
RIMONE_r2_Im332,3,r2,1,0.7451851597899224,1
RIMONE_r2_Im333,3,r2,1,0.7031810174183839,1
RIMONE_r2_Im334,3,r2,1,0.7575055622439891,1
RIMONE_r2_Im338,3,r2,1,0.6991155477627506,1
RIMONE_r2_Im339,3,r2,1,0.723645914652997,1
RIMONE_r2_Im343,3,r2,1,0.6896691742805582,1
RIMONE_r2_Im344,3,r2,1,0.6976456376856415,1
RIMONE_r1_Im001,3,r1,0,0.710883608604302,1
RIMONE_r1_Im003,3,r1,0,0.7520662180820635,1
RIMONE_r1_Im004,3,r1,0,0.7311984723516627,1
RIMONE_r1_Im006,3,r1,0,0.7648870215792388,1
RIMONE_r1_Im008,3,r1,0,0.7178310717638844,1
RIMONE_r1_Im011,3,r1,0,0.7069092887689897,1
RIMONE_r1_Im012,3,r1,0,0.7221007922219529,1
RIMONE_r1_Im014,3,r1,0,0.7531998867258721,1
RIMONE_r1_Im015,3,r1,0,0.7826565982343282,1
RIMONE_r1_Im019,3,r1,0,0.6973553124232715,1
RIMONE_r1_Im020,3,r1,0,0.6961798373231132,1
RIMONE_r1_Im022,3,r1,0,0.6960231447911185,1
RIMONE_r1_Im023,3,r1,0,0.6909538665543997,1
RIMONE_r1_Im024,3,r1,0,0.7692233443147019,1
RIMONE_r1_Im025,3,r1,0,0.7605636067254076,1
RIMONE_r1_Im026,3,r1,0,0.7143015399576471,1
RIMONE_r1_Im027,3,r1,0,0.7146568098544437,1
RIMONE_r1_Im028,3,r1,0,0.6842773732796302,1
RIMONE_r1_Im029,3,r1,0,0.6905228757318878,1
RIMONE_r1_Im031,3,r1,0,0.7393554238356409,1
RIMONE_r1_Im032,3,r1,0,0.7326822559322588,1
RIMONE_r1_Im033,3,r1,0,0.7369503366388925,1
RIMONE_r1_Im036,3,r1,0,0.6984391723972848,1
RIMONE_r1_Im037,3,r1,0,0.6813540005622349,1
RIMONE_r1_Im040,3,r1,0,0.710218723499145,1
RIMONE_r1_Im041,3,r1,0,0.7626360897342911,1
RIMONE_r1_Im042,3,r1,0,0.6912367930460824,1
RIMONE_r1_Im046,3,r1,0,0.7237608765265469,1
RIMONE_r1_Im047,3,r1,0,0.7054746845779736,1
RIMONE_r1_Im050,3,r1,0,0.7403237382488167,1
RIMONE_r1_Im052,3,r1,0,0.7333656297820801,1
RIMONE_r1_Im054,3,r1,0,0.7380719999085664,1
RIMONE_r1_Im055,3,r1,0,0.7174142056961713,1
RIMONE_r1_Im056,3,r1,0,0.7136140792320305,1
RIMONE_r1_Im057,3,r1,0,0.7567842786573716,1
RIMONE_r1_Im058,3,r1,0,0.773333100364087,1
RIMONE_r1_Im059,3,r1,0,0.7400677458715695,1
RIMONE_r1_Im060,3,r1,0,0.712285818950798,1
RIMONE_r1_Im061,3,r1,0,0.7672801239470165,1
RIMONE_r1_Im062,3,r1,0,0.7056177934396521,1
RIMONE_r1_Im063,3,r1,0,0.697958031834735,1
RIMONE_r1_Im071,3,r1,0,0.7324454788595954,1
RIMONE_r1_Im072,3,r1,0,0.7125889094713653,1
RIMONE_r1_Im073,3,r1,0,0.7090764271411347,1
RIMONE_r1_Im080,3,r1,0,0.6762891346958348,1
RIMONE_r1_Im082,3,r1,0,0.7487804190298327,1
RIMONE_r1_Im086,3,r1,0,0.7188091503718189,1
RIMONE_r1_Im087,3,r1,0,0.7159778852976848,1
RIMONE_r1_Im095,3,r1,0,0.7135984562179128,1
RIMONE_r1_Im107,3,r1,0,0.7452573546521191,1
RIMONE_r1_Im108,3,r1,0,0.7045833559939472,1
RIMONE_r1_Im115,3,r1,0,0.7467036519237095,1
RIMONE_r1_Im116,3,r1,0,0.7098191020033036,1
RIMONE_r1_Im119,3,r1,0,0.7414501250079149,1
RIMONE_r1_Im125,3,r1,0,0.75045902338721,1
RIMONE_r1_Im127,3,r1,0,0.7143152160066492,1
RIMONE_r1_Im128,3,r1,0,0.7022215307649965,1
RIMONE_r1_Im129,3,r1,0,0.6993289426293263,1
RIMONE_r1_Im130,3,r1,0,0.711556973799954,1
RIMONE_r1_Im131,3,r1,0,0.7262738371554226,1
RIMONE_r1_Im132,3,r1,0,0.6944336599462378,1
RIMONE_r1_Im133,3,r1,0,0.7085436269121241,1
RIMONE_r1_Im136,3,r1,0,0.7487304556482346,1
RIMONE_r1_Im137,3,r1,0,0.7370569294474907,1
RIMONE_r1_Im138,3,r1,0,0.7288866800493666,1
RIMONE_r1_Im142,3,r1,0,0.7349730564600557,1
RIMONE_r1_Im143,3,r1,0,0.7275693953084762,1
RIMONE_r1_Im145,3,r1,0,0.7647727392689686,1
RIMONE_r1_Im146,3,r1,0,0.752555254740803,1
RIMONE_r1_Im149,3,r1,0,0.7304076960111344,1
RIMONE_r1_Im150,3,r1,0,0.7152396653163543,1
RIMONE_r1_Im151,3,r1,0,0.7329499381948327,1
RIMONE_r1_Im152,3,r1,0,0.7382455804645492,1
RIMONE_r1_Im153,3,r1,0,0.7156127931401616,1
RIMONE_r1_Im154,3,r1,0,0.7129371738468206,1
RIMONE_r1_Im155,3,r1,0,0.7685103681152106,1
RIMONE_r1_Im156,3,r1,0,0.7616875879598975,1
RIMONE_r1_Im159,3,r1,0,0.7179817429455865,1
RIMONE_r1_Im161,3,r1,0,0.7731887789518049,1
RIMONE_r1_Im162,3,r1,0,0.7644576615228851,1
RIMONE_r1_Im163,3,r1,0,0.7473796804714987,1
RIMONE_r1_Im164,3,r1,0,0.7581825797450967,1
RIMONE_r1_Im165,3,r1,0,0.7283452329308494,1
RIMONE_r1_Im166,3,r1,0,0.746738231134102,1
RIMONE_r1_Im168,3,r1,0,0.7498002987453629,1
RIMONE_r1_Im169,3,r1,0,0.7514664090992653,1
RIMONE_r2_Im001,3,r2,0,0.6975146445106746,1
RIMONE_r2_Im002,3,r2,0,0.6939233288901149,1
RIMONE_r2_Im003,3,r2,0,0.6957091610049222,1
RIMONE_r2_Im004,3,r2,0,0.6898766981487314,1
RIMONE_r2_Im005,3,r2,0,0.6936815718437397,1
RIMONE_r2_Im006,3,r2,0,0.6921569944339885,1
RIMONE_r2_Im007,3,r2,0,0.6965708169443297,1
RIMONE_r2_Im009,3,r2,0,0.6972600190287783,1
RIMONE_r2_Im010,3,r2,0,0.6950965505642633,1
RIMONE_r2_Im011,3,r2,0,0.6976686687848427,1
RIMONE_r2_Im012,3,r2,0,0.6975786111929168,1
RIMONE_r2_Im013,3,r2,0,0.6976211476695169,1
RIMONE_r2_Im014,3,r2,0,0.6952714546233757,1
RIMONE_r2_Im015,3,r2,0,0.6971112897609372,1
RIMONE_r2_Im016,3,r2,0,0.6972829964051473,1
RIMONE_r2_Im017,3,r2,0,0.6970032435247006,1
RIMONE_r2_Im018,3,r2,0,0.6964924013951337,1
RIMONE_r2_Im019,3,r2,0,0.6985662639867201,1
RIMONE_r2_Im020,3,r2,0,0.7086625107837387,1
RIMONE_r2_Im021,3,r2,0,0.7211806125933593,1
RIMONE_r2_Im022,3,r2,0,0.7557398198122731,1
RIMONE_r2_Im023,3,r2,0,0.6938013114359911,1
RIMONE_r2_Im024,3,r2,0,0.6968571336795373,1
RIMONE_r2_Im025,3,r2,0,0.6957518145786222,1
RIMONE_r2_Im026,3,r2,0,0.6952141236857937,1
RIMONE_r2_Im027,3,r2,0,0.6922128089639314,1
RIMONE_r2_Im028,3,r2,0,0.6950640845039614,1
RIMONE_r2_Im029,3,r2,0,0.7154961903166939,1
RIMONE_r2_Im030,3,r2,0,0.6916690851140794,1
RIMONE_r2_Im031,3,r2,0,0.718477738727899,1
RIMONE_r2_Im032,3,r2,0,0.6962417410614136,1
RIMONE_r2_Im033,3,r2,0,0.7011971578761663,1
RIMONE_r2_Im347,3,r2,1,0.6974213851910477,1
RIMONE_r2_Im348,3,r2,1,0.692688697069269,1
RIMONE_r2_Im351,3,r2,1,0.7206486687756606,1
RIMONE_r2_Im352,3,r2,1,0.699943510047585,1
RIMONE_r2_Im354,3,r2,1,0.7227694728531792,1
RIMONE_r2_Im355,3,r2,1,0.7382730183998392,1
RIMONE_r2_Im356,3,r2,1,0.6953059911404299,1
RIMONE_r2_Im357,3,r2,1,0.6975536253390412,1
RIMONE_r2_Im358,3,r2,1,0.6998639662701687,1
RIMONE_r2_Im362,3,r2,1,0.7592056655111428,1
RIMONE_r2_Im365,3,r2,1,0.7107381112590043,1
RIMONE_r2_Im366,3,r2,1,0.7061897535268506,1
RIMONE_r2_Im369,3,r2,1,0.6976727811023609,1
RIMONE_r2_Im373,3,r2,1,0.7353514584257467,1
RIMONE_r2_Im376,3,r2,1,0.6979104209294424,1
RIMONE_r2_Im377,3,r2,1,0.6948152575185191,1
RIMONE_r2_Im383,3,r2,1,0.6953256759194241,1
RIMONE_r2_Im384,3,r2,1,0.7481015366537541,1
RIMONE_r2_Im385,3,r2,1,0.7295350655291285,1
RIMONE_r2_Im387,3,r2,1,0.7543405191718753,1
RIMONE_r2_Im388,3,r2,1,0.7445081267344072,1
RIMONE_r2_Im389,3,r2,1,0.7106846067725762,1
RIMONE_r2_Im390,3,r2,1,0.7621670325397701,1
RIMONE_r2_Im391,3,r2,1,0.7214856450935977,1
RIMONE_r2_Im392,3,r2,1,0.6940789443145443,1
RIMONE_r2_Im393,3,r2,1,0.693088645364422,1
RIMONE_r2_Im398,3,r2,1,0.6961456477739448,1
RIMONE_r2_Im399,3,r2,1,0.6942505850622974,1
RIMONE_r2_Im400,3,r2,1,0.7312035854594516,1
RIMONE_r2_Im401,3,r2,1,0.7054321849165723,1
RIMONE_r2_Im402,3,r2,1,0.723827338591798,1
RIMONE_r2_Im403,3,r2,1,0.6993907917721944,1
RIMONE_r2_Im404,3,r2,1,0.7569705828509066,1
RIMONE_r2_Im406,3,r2,1,0.7095995103821844,1
RIMONE_r2_Im407,3,r2,1,0.6937968690622153,1
RIMONE_r2_Im408,3,r2,1,0.6929297456087141,1
RIMONE_r2_Im414,3,r2,1,0.7782831957397394,1
RIMONE_r2_Im415,3,r2,1,0.7141229786462949,1
RIMONE_r2_Im416,3,r2,1,0.7188499667779875,1
RIMONE_r2_Im418,3,r2,1,0.7495822714984736,1
RIMONE_r2_Im419,3,r2,1,0.6962013368737359,1
RIMONE_r2_Im420,3,r2,1,0.7261694148547071,1
RIMONE_r2_Im421,3,r2,1,0.6954615148586468,1
RIMONE_r2_Im422,3,r2,1,0.6944697564408688,1
RIMONE_r2_Im424,3,r2,1,0.7238259241864132,1
RIMONE_r2_Im427,3,r2,1,0.71916814907579,1
RIMONE_r2_Im428,3,r2,1,0.7372362343955063,1
RIMONE_r2_Im429,3,r2,1,0.6952708719075567,1
RIMONE_r2_Im432,3,r2,1,0.718927234408599,1
RIMONE_r2_Im433,3,r2,1,0.6976796927813104,1
RIMONE_r2_Im436,3,r2,1,0.6912273698582075,1
RIMONE_r2_Im439,3,r2,1,0.667645578676245,1
RIMONE_r2_Im441,3,r2,1,0.7266749008253823,1
RIMONE_r2_Im442,3,r2,1,0.7604150597118013,1
RIMONE_r2_Im443,3,r2,1,0.7703550035613113,1
RIMONE_r2_Im444,3,r2,1,0.7243949495760507,1
RIMONE_r2_Im445,3,r2,1,0.6950217995914456,1
RIMONE_r2_Im448,3,r2,1,0.7131994506858802,1
RIMONE_r2_Im449,3,r2,1,0.7268470070444764,1
RIMONE_r2_Im450,3,r2,1,0.694057653036593,1
RIMONE_r2_Im451,3,r2,1,0.7343278997067025,1
RIMONE_r2_Im453,3,r2,1,0.7144635837729821,1
RIMONE_r2_Im454,3,r2,1,0.6979841304671504,1
RIMONE_r2_Im455,3,r2,1,0.6971447515372369,1
RIMONE_r3_G-1-L_left_half,3,r3,1,0.6989962565619255,1
RIMONE_r3_G-10-L_left_half,3,r3,1,0.7156371428629827,1
RIMONE_r3_G-11-R_left_half,3,r3,1,0.7162206639625892,1
RIMONE_r3_G-12-L_left_half,3,r3,1,0.7473282004853505,1
RIMONE_r3_G-13-R_left_half,3,r3,1,0.7466192201798982,1
RIMONE_r3_G-14-R_left_half,3,r3,1,0.7514297660496485,1
RIMONE_r3_G-15-L_left_half,3,r3,1,0.7062207679829274,1
RIMONE_r3_G-16-R_left_half,3,r3,1,0.6667168493330863,1
RIMONE_r3_G-17-L_left_half,3,r3,1,0.7564025045580871,1
RIMONE_r3_G-18-R_left_half,3,r3,1,0.693486976469422,1
RIMONE_r3_G-2-R_left_half,3,r3,1,0.7425408060511087,1
RIMONE_r3_G-22-L_left_half,3,r3,1,0.7290208930343781,1
RIMONE_r3_G-23-R_left_half,3,r3,1,0.7208697342541462,1
RIMONE_r3_G-25-L_left_half,3,r3,1,0.7502279756659656,1
RIMONE_r3_G-27-R_left_half,3,r3,1,0.6704517110786752,1
RIMONE_r3_G-29-R_left_half,3,r3,1,0.7430190564452434,1
RIMONE_r3_G-3-R_left_half,3,r3,1,0.7428630752267725,1
RIMONE_r3_G-30-L_left_half,3,r3,1,0.7447889070815131,1
RIMONE_r3_G-31-R_left_half,3,r3,1,0.7648660806352198,1
RIMONE_r3_G-32-L_left_half,3,r3,1,0.751080223833324,1
RIMONE_r3_G-33-R_left_half,3,r3,1,0.717736966776302,1
RIMONE_r3_G-34-L_left_half,3,r3,1,0.7091316851179441,1
RIMONE_r3_G-35-R_left_half,3,r3,1,0.686188116289312,1
RIMONE_r3_G-37-R_left_half,3,r3,1,0.7093231498439453,1
RIMONE_r3_G-38-L_left_half,3,r3,1,0.6958471409200601,1
RIMONE_r3_G-39-L_left_half,3,r3,1,0.7378465492051481,1
RIMONE_r3_G-6-L_left_half,3,r3,1,0.7219902093577376,1
RIMONE_r3_G-8-R_left_half,3,r3,1,0.6976783534256419,1
RIMONE_r3_G-9-R_left_half,3,r3,1,0.7372876107667832,1
RIMONE_r3_S-1-L_left_half,3,r3,1,0.69439738941208,1
RIMONE_r3_S-10-R_left_half,3,r3,1,0.7180897387769737,1
RIMONE_r3_S-11-L_left_half,3,r3,1,0.7350322388676094,1
RIMONE_r3_S-12-L_left_half,3,r3,1,0.7038670831451647,1
RIMONE_r3_S-13-R_left_half,3,r3,1,0.7113382999896914,1
RIMONE_r3_S-14-R_left_half,3,r3,1,0.7590179260678227,1
RIMONE_r3_S-18-L_left_half,3,r3,1,0.6841689699530948,1
RIMONE_r3_S-19-R_left_half,3,r3,1,0.700016279890617,1
RIMONE_r3_S-2-L_left_half,3,r3,1,0.6896130602572113,1
RIMONE_r3_S-20-L_left_half,3,r3,1,0.7723856063557543,1
RIMONE_r3_S-21-R_left_half,3,r3,1,0.7333865562200338,1
RIMONE_r3_S-25-L_left_half,3,r3,1,0.7043875998351913,1
RIMONE_r3_S-26-R_left_half,3,r3,1,0.6995852662725188,1
RIMONE_r3_S-28-R_left_half,3,r3,1,0.742906833587807,1
RIMONE_r3_S-29-R_left_half,3,r3,1,0.7081616856346671,1
RIMONE_r3_S-30-L_left_half,3,r3,1,0.6845844660819931,1
RIMONE_r3_S-31-L_left_half,3,r3,1,0.6907634211528826,1
RIMONE_r3_S-32-L_left_half,3,r3,1,0.6885111894478291,1
RIMONE_r3_S-33-R_left_half,3,r3,1,0.6920053600629857,1
RIMONE_r3_S-35-R_left_half,3,r3,1,0.7730557449924049,1
RIMONE_r3_S-4-L_left_half,3,r3,1,0.7102157061641778,1
RIMONE_r3_S-6-R_left_half,3,r3,1,0.7328881837553908,1
RIMONE_r3_S-9-L_left_half,3,r3,1,0.6803664151407344,1
RIMONE_r2_Im034,3,r2,0,0.7035335236418473,1
RIMONE_r2_Im036,3,r2,0,0.6910561940629916,1
RIMONE_r2_Im038,3,r2,0,0.6912330708334467,1
RIMONE_r2_Im040,3,r2,0,0.7400302457967463,1
RIMONE_r2_Im042,3,r2,0,0.714264160213925,1
RIMONE_r2_Im044,3,r2,0,0.7020010860738362,1
RIMONE_r2_Im046,3,r2,0,0.6972155845344004,1
RIMONE_r2_Im048,3,r2,0,0.7552908237869699,1
RIMONE_r2_Im050,3,r2,0,0.6971190570457528,1
RIMONE_r2_Im052,3,r2,0,0.7002962534964404,1
RIMONE_r2_Im054,3,r2,0,0.7008391464693347,1
RIMONE_r2_Im056,3,r2,0,0.7010006141627402,1
RIMONE_r2_Im058,3,r2,0,0.711489513505201,1
RIMONE_r2_Im060,3,r2,0,0.69625804279408,1
RIMONE_r2_Im062,3,r2,0,0.7332156068334219,1
RIMONE_r2_Im064,3,r2,0,0.6937932742792771,1
RIMONE_r2_Im066,3,r2,0,0.756253111063115,1
RIMONE_r2_Im068,3,r2,0,0.7240154488157671,1
RIMONE_r2_Im070,3,r2,0,0.6985888871647331,1
RIMONE_r2_Im072,3,r2,0,0.724116082563651,1
RIMONE_r2_Im074,3,r2,0,0.6919979386310152,1
RIMONE_r2_Im076,3,r2,0,0.6958474256000359,1
RIMONE_r2_Im078,3,r2,0,0.6919759991260213,1
RIMONE_r2_Im080,3,r2,0,0.7048234170591074,1
RIMONE_r2_Im082,3,r2,0,0.7599348791812963,1
RIMONE_r2_Im084,3,r2,0,0.7737066114462696,1
RIMONE_r2_Im086,3,r2,0,0.6907072476055405,1
RIMONE_r2_Im088,3,r2,0,0.7204954360735558,1
RIMONE_r2_Im090,3,r2,0,0.6906835043790395,1
RIMONE_r2_Im092,3,r2,0,0.705635771951986,1
RIMONE_r2_Im094,3,r2,0,0.7373341130681741,1
RIMONE_r2_Im096,3,r2,0,0.6926510874943659,1
RIMONE_r2_Im098,3,r2,0,0.6879319718412656,1
RIMONE_r2_Im100,3,r2,0,0.7039168745549783,1
RIMONE_r2_Im102,3,r2,0,0.6911687212902121,1
RIMONE_r2_Im104,3,r2,0,0.7030069914448144,1
RIMONE_r2_Im106,3,r2,0,0.7105437812506815,1
RIMONE_r2_Im108,3,r2,0,0.703650791133897,1
RIMONE_r2_Im110,3,r2,0,0.7295672430122656,1
RIMONE_r2_Im112,3,r2,0,0.6931725971869672,1
RIMONE_r2_Im114,3,r2,0,0.7171803795401016,1
RIMONE_r2_Im116,3,r2,0,0.694974062132807,1
RIMONE_r2_Im118,3,r2,0,0.7409655045930281,1
RIMONE_r2_Im120,3,r2,0,0.6993742102109989,1
RIMONE_r2_Im122,3,r2,0,0.6921434020958531,1
RIMONE_r2_Im124,3,r2,0,0.6965994792163694,1
RIMONE_r2_Im126,3,r2,0,0.7316861998322313,1
RIMONE_r2_Im128,3,r2,0,0.6943443362512232,1
RIMONE_r2_Im130,3,r2,0,0.6929194018023024,1
RIMONE_r2_Im132,3,r2,0,0.6983965651302003,1
RIMONE_r2_Im134,3,r2,0,0.7717801498799775,1
RIMONE_r2_Im136,3,r2,0,0.7096226958206735,1
RIMONE_r2_Im138,3,r2,0,0.7638657798772533,1
RIMONE_r2_Im140,3,r2,0,0.6896807872744566,1
RIMONE_r2_Im142,3,r2,0,0.7004912612990628,1
RIMONE_r2_Im144,3,r2,0,0.6999845978256558,1
RIMONE_r2_Im146,3,r2,0,0.7216065769076482,1
RIMONE_r2_Im148,3,r2,0,0.6988550667487128,1
RIMONE_r2_Im150,3,r2,0,0.6937081535894022,1
RIMONE_r2_Im152,3,r2,0,0.6868829818554955,1
RIMONE_r2_Im154,3,r2,0,0.7011631516490161,1
RIMONE_r2_Im156,3,r2,0,0.6963970625616717,1
RIMONE_r2_Im158,3,r2,0,0.6983509683806506,1
RIMONE_r2_Im160,3,r2,0,0.6971233642124354,1
RIMONE_r2_Im162,3,r2,0,0.7253371525840897,1
RIMONE_r2_Im164,3,r2,0,0.7648782486727349,1
RIMONE_r2_Im166,3,r2,0,0.7157925317971596,1
RIMONE_r2_Im168,3,r2,0,0.6938280823243663,1
RIMONE_r2_Im170,3,r2,0,0.7333127273051306,1
RIMONE_r2_Im172,3,r2,0,0.7026746721495584,1
RIMONE_r2_Im174,3,r2,0,0.7298524931596541,1
RIMONE_r2_Im176,3,r2,0,0.7650818027424411,1
RIMONE_r2_Im178,3,r2,0,0.714118449978971,1
RIMONE_r2_Im180,3,r2,0,0.7126287950073767,1
RIMONE_r2_Im182,3,r2,0,0.7192914300103783,1
RIMONE_r2_Im184,3,r2,0,0.6986544737690461,1
RIMONE_r2_Im186,3,r2,0,0.6954031707220758,1
RIMONE_r2_Im188,3,r2,0,0.7557525777838422,1
RIMONE_r2_Im190,3,r2,0,0.6986167000309688,1
RIMONE_r2_Im192,3,r2,0,0.7198363599472903,1
RIMONE_r2_Im194,3,r2,0,0.7423690885023059,1
RIMONE_r2_Im196,3,r2,0,0.6939121216809635,1
RIMONE_r2_Im198,3,r2,0,0.6904208621624249,1
RIMONE_r2_Im200,3,r2,0,0.7448229687819761,1
RIMONE_r2_Im202,3,r2,0,0.7366581001408236,1
RIMONE_r2_Im206,3,r2,0,0.6877095981177914,1
RIMONE_r2_Im208,3,r2,0,0.71157855922676,1
RIMONE_r2_Im210,3,r2,0,0.6974131350144737,1
RIMONE_r2_Im212,3,r2,0,0.6964453986168533,1
RIMONE_r2_Im214,3,r2,0,0.7735132851929327,1
RIMONE_r2_Im216,3,r2,0,0.6942501172942234,1
RIMONE_r2_Im218,3,r2,0,0.740801662720503,1
RIMONE_r2_Im220,3,r2,0,0.7281011924995339,1
RIMONE_r2_Im222,3,r2,0,0.6950588638628528,1
RIMONE_r2_Im224,3,r2,0,0.7155835082025297,1
RIMONE_r2_Im226,3,r2,0,0.7234032184413688,1
RIMONE_r2_Im228,3,r2,0,0.772824565433554,1
RIMONE_r2_Im230,3,r2,0,0.6904763506298062,1
RIMONE_r2_Im232,3,r2,0,0.7586240993586832,1
RIMONE_r2_Im234,3,r2,0,0.7146946153618788,1
RIMONE_r2_Im236,3,r2,0,0.749369314815107,1
RIMONE_r2_Im238,3,r2,0,0.6959348859416944,1
RIMONE_r2_Im240,3,r2,0,0.7494506960693001,1
RIMONE_r2_Im242,3,r2,0,0.7321119978747679,1
RIMONE_r2_Im244,3,r2,0,0.6960339841517972,1
RIMONE_r2_Im246,3,r2,0,0.7622502043845437,1
RIMONE_r2_Im248,3,r2,0,0.6793261874703407,1
RIMONE_r2_Im250,3,r2,0,0.760830783748458,1
RIMONE_r2_Im252,3,r2,0,0.7473116774760777,1
RIMONE_r2_Im254,3,r2,0,0.7100026630069043,1
RIMONE_r3_N-1-L_left_half,3,r3,0,0.7361511864259196,1
RIMONE_r3_N-10-R_left_half,3,r3,0,0.7093800056462608,1
RIMONE_r3_N-11-L_left_half,3,r3,0,0.6949472769396136,1
RIMONE_r3_N-12-R_left_half,3,r3,0,0.6812417998217356,1
RIMONE_r3_N-13-L_left_half,3,r3,0,0.721561794277687,1
RIMONE_r3_N-14-R_left_half,3,r3,0,0.6834758494082364,1
RIMONE_r3_N-16-R_left_half,3,r3,0,0.6827122743762443,1
RIMONE_r3_N-17-L_left_half,3,r3,0,0.7060978230780374,1
RIMONE_r3_N-18-R_left_half,3,r3,0,0.6736340570618576,1
RIMONE_r3_N-2-R_left_half,3,r3,0,0.7174593840879975,1
RIMONE_r3_N-20-R_left_half,3,r3,0,0.6927372965546652,1
RIMONE_r3_N-21-L_left_half,3,r3,0,0.7072639935993618,1
RIMONE_r3_N-22-R_left_half,3,r3,0,0.7084673271776852,1
RIMONE_r3_N-23-L_left_half,3,r3,0,0.6883454324252667,1
RIMONE_r3_N-24-R_left_half,3,r3,0,0.6938787566054094,1
RIMONE_r3_N-25-L_left_half,3,r3,0,0.6982835707623105,1
RIMONE_r3_N-26-R_left_half,3,r3,0,0.678187996445249,1
RIMONE_r3_N-27-L_left_half,3,r3,0,0.6789135295699513,1
RIMONE_r3_N-28-R_left_half,3,r3,0,0.6798497675525158,1
RIMONE_r3_N-29-L_left_half,3,r3,0,0.7393512948367406,1
RIMONE_r3_N-3-L_left_half,3,r3,0,0.6909238193322006,1
RIMONE_r3_N-30-R_left_half,3,r3,0,0.7658614887091851,1
RIMONE_r3_N-31-L_left_half,3,r3,0,0.6833470752370394,1
RIMONE_r3_N-32-R_left_half,3,r3,0,0.6635970276255423,1
RIMONE_r3_N-33-L_left_half,3,r3,0,0.7018315773379449,1
RIMONE_r3_N-34-R_left_half,3,r3,0,0.7180782370798257,1
RIMONE_r3_N-35-L_left_half,3,r3,0,0.7445170958660328,1
RIMONE_r3_N-36-R_left_half,3,r3,0,0.7122482285517685,1
RIMONE_r3_N-37-L_left_half,3,r3,0,0.7386328393383768,1
RIMONE_r3_N-38-R_left_half,3,r3,0,0.7089820878001211,1
RIMONE_r3_N-39-L_left_half,3,r3,0,0.7647196071051054,1
RIMONE_r3_N-4-R_left_half,3,r3,0,0.6880587790655989,1
RIMONE_r3_N-40-R_left_half,3,r3,0,0.7319566018729334,1
RIMONE_r3_N-41-L_left_half,3,r3,0,0.7069320305369952,1
RIMONE_r3_N-42-R_left_half,3,r3,0,0.6967133534765251,1
RIMONE_r3_N-43-L_left_half,3,r3,0,0.772868439402602,1
RIMONE_r3_N-44-R_left_half,3,r3,0,0.757203328927313,1
RIMONE_r3_N-46-R_left_half,3,r3,0,0.7283307245465734,1
RIMONE_r3_N-47-L_left_half,3,r3,0,0.6839161389222301,1
RIMONE_r3_N-48-R_left_half,3,r3,0,0.6784665540739862,1
RIMONE_r3_N-49-L_left_half,3,r3,0,0.7053906453821251,1
RIMONE_r3_N-5-L_left_half,3,r3,0,0.6960204284239825,1
RIMONE_r3_N-50-R_left_half,3,r3,0,0.6901993231317763,1
RIMONE_r3_N-51-L_left_half,3,r3,0,0.7140317783970026,1
RIMONE_r3_N-52-R_left_half,3,r3,0,0.7148890529067027,1
RIMONE_r3_N-53-L_left_half,3,r3,0,0.7251113385318108,1
RIMONE_r3_N-54-R_left_half,3,r3,0,0.7140794752730988,1
RIMONE_r3_N-55-L_left_half,3,r3,0,0.7395345794274573,1
RIMONE_r3_N-56-R_left_half,3,r3,0,0.7165653403799646,1
RIMONE_r3_N-58-R_left_half,3,r3,0,0.6997495358447793,1
RIMONE_r3_N-59-L_left_half,3,r3,0,0.7245444769800762,1
RIMONE_r3_N-6-R_left_half,3,r3,0,0.7026816919499878,1
RIMONE_r3_N-61-L_left_half,3,r3,0,0.6930756994671484,1
RIMONE_r3_N-62-R_left_half,3,r3,0,0.7343062495635473,1
RIMONE_r3_N-63-L_left_half,3,r3,0,0.715963566815116,1
RIMONE_r3_N-64-R_left_half,3,r3,0,0.6828602321825602,1
RIMONE_r3_N-65-L_left_half,3,r3,0,0.7568793706576552,1
RIMONE_r3_N-66-R_left_half,3,r3,0,0.699640916015995,1
RIMONE_r3_N-67-L_left_half,3,r3,0,0.7104834605511391,1
RIMONE_r3_N-68-R_left_half,3,r3,0,0.724732291346557,1
RIMONE_r3_N-69-L_left_half,3,r3,0,0.7285802638678531,1
RIMONE_r3_N-7-L_left_half,3,r3,0,0.6943348719582605,1
RIMONE_r3_N-70-R_left_half,3,r3,0,0.7119639758128153,1
RIMONE_r3_N-71-L_left_half,3,r3,0,0.720443372108506,1
RIMONE_r3_N-72-R_left_half,3,r3,0,0.6847250590608215,1
RIMONE_r3_N-73-R_left_half,3,r3,0,0.7200483337307589,1
RIMONE_r3_N-74-L_left_half,3,r3,0,0.6806229266897442,1
RIMONE_r3_N-75-R_left_half,3,r3,0,0.6788463671522671,1
RIMONE_r3_N-76-R_left_half,3,r3,0,0.7576497811026064,1
RIMONE_r3_N-78-R_left_half,3,r3,0,0.7167576737204542,1
RIMONE_r3_N-79-L_left_half,3,r3,0,0.6986587895477362,1
RIMONE_r3_N-8-L_left_half,3,r3,0,0.708291316108313,1
RIMONE_r3_N-80-R_left_half,3,r3,0,0.7033917275854986,1
RIMONE_r3_N-81-L_left_half,3,r3,0,0.7489170567958986,1
RIMONE_r3_N-82-R_left_half,3,r3,0,0.7381076321801799,1
RIMONE_r3_N-83-L_left_half,3,r3,0,0.7178140738013487,1
RIMONE_r3_N-84-R_left_half,3,r3,0,0.772027532092166,1
RIMONE_r3_N-85-L_left_half,3,r3,0,0.7558366376216973,1
RIMONE_r3_N-86-R_left_half,3,r3,0,0.7311642478067732,1
RIMONE_r3_N-87-L_left_half,3,r3,0,0.6993912386487505,1
RIMONE_r3_N-88-R_left_half,3,r3,0,0.6879327123625293,1
RIMONE_r3_N-9-L_left_half,3,r3,0,0.717198475383571,1
RIMONE_r3_N-90-R_left_half,3,r3,0,0.7093100068998318,1
RIMONE_r3_N-91-L_left_half,3,r3,0,0.7225487574716336,1
RIMONE_r3_N-92-R_left_half,3,r3,0,0.7117917606399999,1
RIMONE_r1_Im069,4,r1,1,0.7260616118441446,1
RIMONE_r1_Im103,4,r1,1,0.7371641687295359,1
RIMONE_r1_Im113,4,r1,1,0.7275184478947263,1
RIMONE_r1_Im117,4,r1,1,0.7306060311821079,1
RIMONE_r1_Im118,4,r1,1,0.7317097322623779,1
RIMONE_r1_Im120,4,r1,1,0.727730086585843,1
RIMONE_r1_Im121,4,r1,1,0.7310330028091889,1
RIMONE_r1_Im122,4,r1,1,0.7330179286185713,1
RIMONE_r1_Im135,4,r1,1,0.7299159415060317,1
RIMONE_r1_Im144,4,r1,1,0.7279731052120845,1
RIMONE_r1_Im158,4,r1,1,0.7305247867310567,1
RIMONE_r1_Im167,4,r1,1,0.740040856076226,1
RIMONE_r2_Im257,4,r2,1,0.7264718360707391,1
RIMONE_r2_Im258,4,r2,1,0.7272925219115036,1
RIMONE_r2_Im260,4,r2,1,0.7290346358227382,1
RIMONE_r2_Im263,4,r2,1,0.7300597458416326,1
RIMONE_r2_Im264,4,r2,1,0.7324326047233573,1
RIMONE_r2_Im266,4,r2,1,0.7268416252063342,1
RIMONE_r2_Im267,4,r2,1,0.7260338910053196,1
RIMONE_r2_Im268,4,r2,1,0.7260338910053196,1
RIMONE_r2_Im269,4,r2,1,0.728685831907779,1
RIMONE_r2_Im270,4,r2,1,0.7304348115722706,1
RIMONE_r2_Im273,4,r2,1,0.7268995160814595,1
RIMONE_r2_Im275,4,r2,1,0.7260404504598355,1
RIMONE_r2_Im277,4,r2,1,0.7278213744871884,1
RIMONE_r2_Im281,4,r2,1,0.7261344099291162,1
RIMONE_r2_Im287,4,r2,1,0.7261288440622381,1
RIMONE_r2_Im288,4,r2,1,0.7287298126924916,1
RIMONE_r2_Im289,4,r2,1,0.7289718190700848,1
RIMONE_r2_Im290,4,r2,1,0.7281242693225572,1
RIMONE_r2_Im291,4,r2,1,0.7346377232851702,1
RIMONE_r2_Im292,4,r2,1,0.7327933501349961,1
RIMONE_r2_Im293,4,r2,1,0.7260344043266941,1
RIMONE_r2_Im294,4,r2,1,0.7261280943483628,1
RIMONE_r2_Im301,4,r2,1,0.7294947845908872,1
RIMONE_r2_Im302,4,r2,1,0.7275788647543536,1
RIMONE_r2_Im303,4,r2,1,0.7260435187625444,1
RIMONE_r2_Im305,4,r2,1,0.7261277054294509,1
RIMONE_r2_Im314,4,r2,1,0.7261067145060723,1
RIMONE_r2_Im315,4,r2,1,0.7275124002814125,1
RIMONE_r2_Im317,4,r2,1,0.7286467261775411,1
RIMONE_r2_Im318,4,r2,1,0.727722217229853,1
RIMONE_r2_Im319,4,r2,1,0.7261209461485457,1
RIMONE_r2_Im320,4,r2,1,0.7260803649644463,1
RIMONE_r2_Im321,4,r2,1,0.726034018966596,1
RIMONE_r2_Im324,4,r2,1,0.7260868123900832,1
RIMONE_r2_Im329,4,r2,1,0.730404184359685,1
RIMONE_r2_Im330,4,r2,1,0.7301767391067554,1
RIMONE_r2_Im331,4,r2,1,0.7300093388270429,1
RIMONE_r2_Im332,4,r2,1,0.7302784533770802,1
RIMONE_r2_Im333,4,r2,1,0.7272997066922352,1
RIMONE_r2_Im334,4,r2,1,0.7298857133410765,1
RIMONE_r2_Im338,4,r2,1,0.7265992592796974,1
RIMONE_r2_Im339,4,r2,1,0.7294645478926214,1
RIMONE_r2_Im343,4,r2,1,0.7266190937881432,1
RIMONE_r2_Im344,4,r2,1,0.7260400828662088,1
RIMONE_r1_Im001,4,r1,0,0.7277997616775942,1
RIMONE_r1_Im003,4,r1,0,0.7299430610444292,1
RIMONE_r1_Im004,4,r1,0,0.7310653223257356,1
RIMONE_r1_Im006,4,r1,0,0.728234435128171,1
RIMONE_r1_Im008,4,r1,0,0.7264835936354461,1
RIMONE_r1_Im011,4,r1,0,0.7267576839356521,1
RIMONE_r1_Im012,4,r1,0,0.7273182774719851,1
RIMONE_r1_Im014,4,r1,0,0.7301296535489175,1
RIMONE_r1_Im015,4,r1,0,0.7341599745951903,1
RIMONE_r1_Im019,4,r1,0,0.7260585304495002,1
RIMONE_r1_Im020,4,r1,0,0.7261114297364095,1
RIMONE_r1_Im022,4,r1,0,0.7267642067066333,1
RIMONE_r1_Im023,4,r1,0,0.7276582130512552,1
RIMONE_r1_Im024,4,r1,0,0.7280117423344863,1
RIMONE_r1_Im025,4,r1,0,0.7304422973414081,1
RIMONE_r1_Im026,4,r1,0,0.7269838030508196,1
RIMONE_r1_Im027,4,r1,0,0.7270468268961092,1
RIMONE_r1_Im028,4,r1,0,0.7297537686697443,1
RIMONE_r1_Im029,4,r1,0,0.7303343378602924,1
RIMONE_r1_Im031,4,r1,0,0.726715082682404,1
RIMONE_r1_Im032,4,r1,0,0.7268103105849957,1
RIMONE_r1_Im033,4,r1,0,0.7271722471206244,1
RIMONE_r1_Im036,4,r1,0,0.7335373976374391,1
RIMONE_r1_Im037,4,r1,0,0.7318735849061966,1
RIMONE_r1_Im040,4,r1,0,0.7280315144855655,1
RIMONE_r1_Im041,4,r1,0,0.7297314196111722,1
RIMONE_r1_Im042,4,r1,0,0.726473878048871,1
RIMONE_r1_Im046,4,r1,0,0.7282714392732498,1
RIMONE_r1_Im047,4,r1,0,0.726129408989135,1
RIMONE_r1_Im050,4,r1,0,0.7301873760069904,1
RIMONE_r1_Im052,4,r1,0,0.730917688761786,1
RIMONE_r1_Im054,4,r1,0,0.7304198113204873,1
RIMONE_r1_Im055,4,r1,0,0.7337215756279689,1
RIMONE_r1_Im056,4,r1,0,0.7317506816135371,1
RIMONE_r1_Im057,4,r1,0,0.727435683190794,1
RIMONE_r1_Im058,4,r1,0,0.729036581108961,1
RIMONE_r1_Im059,4,r1,0,0.7282321687011769,1
RIMONE_r1_Im060,4,r1,0,0.7291446760838933,1
RIMONE_r1_Im061,4,r1,0,0.730464501800965,1
RIMONE_r1_Im062,4,r1,0,0.7294086323024765,1
RIMONE_r1_Im063,4,r1,0,0.7265200737705164,1
RIMONE_r1_Im071,4,r1,0,0.7303052236581671,1
RIMONE_r1_Im072,4,r1,0,0.7259931253169716,1
RIMONE_r1_Im073,4,r1,0,0.7260236774884646,1
RIMONE_r1_Im080,4,r1,0,0.7380988551647237,1
RIMONE_r1_Im082,4,r1,0,0.7326692245852304,1
RIMONE_r1_Im086,4,r1,0,0.7300267828069062,1
RIMONE_r1_Im087,4,r1,0,0.7323229893659585,1
RIMONE_r1_Im095,4,r1,0,0.7260489044578038,1
RIMONE_r1_Im107,4,r1,0,0.7272859477859356,1
RIMONE_r1_Im108,4,r1,0,0.726463386782843,1
RIMONE_r1_Im115,4,r1,0,0.7322021606145867,1
RIMONE_r1_Im116,4,r1,0,0.7285272871854334,1
RIMONE_r1_Im119,4,r1,0,0.731839558669338,1
RIMONE_r1_Im125,4,r1,0,0.7278714161588475,1
RIMONE_r1_Im127,4,r1,0,0.7268332900119112,1
RIMONE_r1_Im128,4,r1,0,0.7264985081045072,1
RIMONE_r1_Im129,4,r1,0,0.731514476038642,1
RIMONE_r1_Im130,4,r1,0,0.726887844011223,1
RIMONE_r1_Im131,4,r1,0,0.7323996869359465,1
RIMONE_r1_Im132,4,r1,0,0.7266670690985122,1
RIMONE_r1_Im133,4,r1,0,0.7288925139723951,1
RIMONE_r1_Im136,4,r1,0,0.7306126870472617,1
RIMONE_r1_Im137,4,r1,0,0.7324461490628772,1
RIMONE_r1_Im138,4,r1,0,0.7319676493153681,1
RIMONE_r1_Im142,4,r1,0,0.7334897479986038,1
RIMONE_r1_Im143,4,r1,0,0.7284448389857929,1
RIMONE_r1_Im145,4,r1,0,0.7349456285456062,1
RIMONE_r1_Im146,4,r1,0,0.7321462734161195,1
RIMONE_r1_Im149,4,r1,0,0.7347367920157286,1
RIMONE_r1_Im150,4,r1,0,0.7362915025087353,1
RIMONE_r1_Im151,4,r1,0,0.732140121045702,1
RIMONE_r1_Im152,4,r1,0,0.7322550976104617,1
RIMONE_r1_Im153,4,r1,0,0.7265660437587217,1
RIMONE_r1_Im154,4,r1,0,0.7305924024311813,1
RIMONE_r1_Im155,4,r1,0,0.7305960529545877,1
RIMONE_r1_Im156,4,r1,0,0.7278245917751238,1
RIMONE_r1_Im159,4,r1,0,0.7267729417896593,1
RIMONE_r1_Im161,4,r1,0,0.7334854243029082,1
RIMONE_r1_Im162,4,r1,0,0.7315415828442348,1
RIMONE_r1_Im163,4,r1,0,0.7310319886718105,1
RIMONE_r1_Im164,4,r1,0,0.7324441647428598,1
RIMONE_r1_Im165,4,r1,0,0.7303993038255707,1
RIMONE_r1_Im166,4,r1,0,0.7348285109736997,1
RIMONE_r1_Im168,4,r1,0,0.7273097075250529,1
RIMONE_r1_Im169,4,r1,0,0.728116520965546,1
RIMONE_r2_Im001,4,r2,0,0.7260507194419183,1
RIMONE_r2_Im002,4,r2,0,0.7261937086178581,1
RIMONE_r2_Im003,4,r2,0,0.7260659028341161,1
RIMONE_r2_Im004,4,r2,0,0.7262512237356732,1
RIMONE_r2_Im005,4,r2,0,0.7261885826859127,1
RIMONE_r2_Im006,4,r2,0,0.7260916802061822,1
RIMONE_r2_Im007,4,r2,0,0.7260543893198604,1
RIMONE_r2_Im009,4,r2,0,0.7260342616110463,1
RIMONE_r2_Im010,4,r2,0,0.7265347464870033,1
RIMONE_r2_Im011,4,r2,0,0.7260353943353622,1
RIMONE_r2_Im012,4,r2,0,0.7260339455020333,1
RIMONE_r2_Im013,4,r2,0,0.7260369222523777,1
RIMONE_r2_Im014,4,r2,0,0.7260505413146067,1
RIMONE_r2_Im015,4,r2,0,0.7260370956099722,1
RIMONE_r2_Im016,4,r2,0,0.7260470240805822,1
RIMONE_r2_Im017,4,r2,0,0.7260369582268851,1
RIMONE_r2_Im018,4,r2,0,0.7260840234591768,1
RIMONE_r2_Im019,4,r2,0,0.7266816316451777,1
RIMONE_r2_Im020,4,r2,0,0.7274639546046486,1
RIMONE_r2_Im021,4,r2,0,0.7290514939890379,1
RIMONE_r2_Im022,4,r2,0,0.7314987873602563,1
RIMONE_r2_Im023,4,r2,0,0.7261486593876896,1
RIMONE_r2_Im024,4,r2,0,0.7260415408662454,1
RIMONE_r2_Im025,4,r2,0,0.7261094031462052,1
RIMONE_r2_Im026,4,r2,0,0.7261404955128755,1
RIMONE_r2_Im027,4,r2,0,0.7261983744322998,1
RIMONE_r2_Im028,4,r2,0,0.7266453275427343,1
RIMONE_r2_Im029,4,r2,0,0.7279104418289197,1
RIMONE_r2_Im030,4,r2,0,0.7267815479928704,1
RIMONE_r2_Im031,4,r2,0,0.7279935667314954,1
RIMONE_r2_Im032,4,r2,0,0.7260487462987109,1
RIMONE_r2_Im033,4,r2,0,0.7269509414233122,1
RIMONE_r2_Im347,4,r2,1,0.7260343893983061,1
RIMONE_r2_Im348,4,r2,1,0.7262718062111566,1
RIMONE_r2_Im351,4,r2,1,0.7274003087235569,1
RIMONE_r2_Im352,4,r2,1,0.7267953882975671,1
RIMONE_r2_Im354,4,r2,1,0.7304819217853482,1
RIMONE_r2_Im355,4,r2,1,0.7336543406740827,1
RIMONE_r2_Im356,4,r2,1,0.7261563309459712,1
RIMONE_r2_Im357,4,r2,1,0.7260352414861643,1
RIMONE_r2_Im358,4,r2,1,0.7270683739199761,1
RIMONE_r2_Im362,4,r2,1,0.7284831551169678,1
RIMONE_r2_Im365,4,r2,1,0.7284237372251037,1
RIMONE_r2_Im366,4,r2,1,0.7276065361284239,1
RIMONE_r2_Im369,4,r2,1,0.7260351615364071,1
RIMONE_r2_Im373,4,r2,1,0.7301448351863514,1
RIMONE_r2_Im376,4,r2,1,0.7262513010684778,1
RIMONE_r2_Im377,4,r2,1,0.7261371225298797,1
RIMONE_r2_Im383,4,r2,1,0.7263107593149116,1
RIMONE_r2_Im384,4,r2,1,0.7368481140993399,1
RIMONE_r2_Im385,4,r2,1,0.7300312875792265,1
RIMONE_r2_Im387,4,r2,1,0.7289088024008198,1
RIMONE_r2_Im388,4,r2,1,0.7297364960732046,1
RIMONE_r2_Im389,4,r2,1,0.7282144690614407,1
RIMONE_r2_Im390,4,r2,1,0.7343100291843786,1
RIMONE_r2_Im391,4,r2,1,0.729104806924652,1
RIMONE_r2_Im392,4,r2,1,0.7263719976402883,1
RIMONE_r2_Im393,4,r2,1,0.7261881884243122,1
RIMONE_r2_Im398,4,r2,1,0.7265119218056795,1
RIMONE_r2_Im399,4,r2,1,0.7261147216514853,1
RIMONE_r2_Im400,4,r2,1,0.7305776442658427,1
RIMONE_r2_Im401,4,r2,1,0.7274013080596182,1
RIMONE_r2_Im402,4,r2,1,0.726186078557399,1
RIMONE_r2_Im403,4,r2,1,0.7279590913954443,1
RIMONE_r2_Im404,4,r2,1,0.7363877595845235,1
RIMONE_r2_Im406,4,r2,1,0.728840382190268,1
RIMONE_r2_Im407,4,r2,1,0.7260615118114595,1
RIMONE_r2_Im408,4,r2,1,0.7261206362274918,1
RIMONE_r2_Im414,4,r2,1,0.7324966316027509,1
RIMONE_r2_Im415,4,r2,1,0.7275377789629095,1
RIMONE_r2_Im416,4,r2,1,0.7287768228767139,1
RIMONE_r2_Im418,4,r2,1,0.7310054628318093,1
RIMONE_r2_Im419,4,r2,1,0.7260266315515725,1
RIMONE_r2_Im420,4,r2,1,0.7277437259562909,1
RIMONE_r2_Im421,4,r2,1,0.7260545856536748,1
RIMONE_r2_Im422,4,r2,1,0.7262703006537894,1
RIMONE_r2_Im424,4,r2,1,0.728477803146742,1
RIMONE_r2_Im427,4,r2,1,0.7266085219921101,1
RIMONE_r2_Im428,4,r2,1,0.7311220104158103,1
RIMONE_r2_Im429,4,r2,1,0.7263887229924589,1
RIMONE_r2_Im432,4,r2,1,0.7261237105864894,1
RIMONE_r2_Im433,4,r2,1,0.7260338910683095,1
RIMONE_r2_Im436,4,r2,1,0.7260886961877687,1
RIMONE_r2_Im439,4,r2,1,0.7309098426996011,1
RIMONE_r2_Im441,4,r2,1,0.7319537123731744,1
RIMONE_r2_Im442,4,r2,1,0.7338447843556263,1
RIMONE_r2_Im443,4,r2,1,0.7323682150063725,1
RIMONE_r2_Im444,4,r2,1,0.7293232404984166,1
RIMONE_r2_Im445,4,r2,1,0.7264789181803656,1
RIMONE_r2_Im448,4,r2,1,0.7271959677760189,1
RIMONE_r2_Im449,4,r2,1,0.7278852267313904,1
RIMONE_r2_Im450,4,r2,1,0.7262480056200957,1
RIMONE_r2_Im451,4,r2,1,0.7328447188593927,1
RIMONE_r2_Im453,4,r2,1,0.7261211955034264,1
RIMONE_r2_Im454,4,r2,1,0.7268684349150899,1
RIMONE_r2_Im455,4,r2,1,0.7260637878716876,1
RIMONE_r3_G-1-L_left_half,4,r3,1,0.7328000660102418,1
RIMONE_r3_G-10-L_left_half,4,r3,1,0.7264488402598868,1
RIMONE_r3_G-11-R_left_half,4,r3,1,0.7257773249552376,1
RIMONE_r3_G-12-L_left_half,4,r3,1,0.7347380162118363,1
RIMONE_r3_G-13-R_left_half,4,r3,1,0.7242731468087406,1
RIMONE_r3_G-14-R_left_half,4,r3,1,0.740444438968969,1
RIMONE_r3_G-15-L_left_half,4,r3,1,0.7489076526946733,1
RIMONE_r3_G-16-R_left_half,4,r3,1,0.7399541366383919,1
RIMONE_r3_G-17-L_left_half,4,r3,1,0.7299509452318057,1
RIMONE_r3_G-18-R_left_half,4,r3,1,0.7276469456932186,1
RIMONE_r3_G-2-R_left_half,4,r3,1,0.7327964044892817,1
RIMONE_r3_G-22-L_left_half,4,r3,1,0.7252468571809539,1
RIMONE_r3_G-23-R_left_half,4,r3,1,0.7313545923223691,1
RIMONE_r3_G-25-L_left_half,4,r3,1,0.7340785560705547,1
RIMONE_r3_G-27-R_left_half,4,r3,1,0.7303912547739353,1
RIMONE_r3_G-29-R_left_half,4,r3,1,0.7347639251910306,1
RIMONE_r3_G-3-R_left_half,4,r3,1,0.7248071410947224,1
RIMONE_r3_G-30-L_left_half,4,r3,1,0.7324664075176673,1
RIMONE_r3_G-31-R_left_half,4,r3,1,0.7226493254979799,1
RIMONE_r3_G-32-L_left_half,4,r3,1,0.7225838952365111,1
RIMONE_r3_G-33-R_left_half,4,r3,1,0.7302075145246398,1
RIMONE_r3_G-34-L_left_half,4,r3,1,0.7282682571377729,1
RIMONE_r3_G-35-R_left_half,4,r3,1,0.7346867152266325,1
RIMONE_r3_G-37-R_left_half,4,r3,1,0.7285840138441619,1
RIMONE_r3_G-38-L_left_half,4,r3,1,0.7364383888617012,1
RIMONE_r3_G-39-L_left_half,4,r3,1,0.7286973586174788,1
RIMONE_r3_G-6-L_left_half,4,r3,1,0.7454034210509013,1
RIMONE_r3_G-8-R_left_half,4,r3,1,0.7260339534235922,1
RIMONE_r3_G-9-R_left_half,4,r3,1,0.7407626783089383,1
RIMONE_r3_S-1-L_left_half,4,r3,1,0.7261719245588818,1
RIMONE_r3_S-10-R_left_half,4,r3,1,0.7249274456708231,1
RIMONE_r3_S-11-L_left_half,4,r3,1,0.7273576001333738,1
RIMONE_r3_S-12-L_left_half,4,r3,1,0.7246693798044888,1
RIMONE_r3_S-13-R_left_half,4,r3,1,0.738738972627746,1
RIMONE_r3_S-14-R_left_half,4,r3,1,0.7302296781544242,1
RIMONE_r3_S-18-L_left_half,4,r3,1,0.729144476016383,1
RIMONE_r3_S-19-R_left_half,4,r3,1,0.7358294025556262,1
RIMONE_r3_S-2-L_left_half,4,r3,1,0.7290317744181775,1
RIMONE_r3_S-20-L_left_half,4,r3,1,0.7304556230753126,1
RIMONE_r3_S-21-R_left_half,4,r3,1,0.7299957769574542,1
RIMONE_r3_S-25-L_left_half,4,r3,1,0.7310270829038983,1
RIMONE_r3_S-26-R_left_half,4,r3,1,0.7339913803076622,1
RIMONE_r3_S-28-R_left_half,4,r3,1,0.7389330594463043,1
RIMONE_r3_S-29-R_left_half,4,r3,1,0.7328919100040128,1
RIMONE_r3_S-30-L_left_half,4,r3,1,0.728099005741534,1
RIMONE_r3_S-31-L_left_half,4,r3,1,0.7264833831126767,1
RIMONE_r3_S-32-L_left_half,4,r3,1,0.726663892286406,1
RIMONE_r3_S-33-R_left_half,4,r3,1,0.7293800553471673,1
RIMONE_r3_S-35-R_left_half,4,r3,1,0.7317122445854414,1
RIMONE_r3_S-4-L_left_half,4,r3,1,0.7266289055664042,1
RIMONE_r3_S-6-R_left_half,4,r3,1,0.7251259599937036,1
RIMONE_r3_S-9-L_left_half,4,r3,1,0.7275858351230975,1
RIMONE_r2_Im034,4,r2,0,0.7272608501719422,1
RIMONE_r2_Im036,4,r2,0,0.7272284869875858,1
RIMONE_r2_Im038,4,r2,0,0.726606975126064,1
RIMONE_r2_Im040,4,r2,0,0.729784068859773,1
RIMONE_r2_Im042,4,r2,0,0.7284721777530777,1
RIMONE_r2_Im044,4,r2,0,0.7260637116325408,1
RIMONE_r2_Im046,4,r2,0,0.7260177124983105,1
RIMONE_r2_Im048,4,r2,0,0.7294065601478433,1
RIMONE_r2_Im050,4,r2,0,0.7274614767901253,1
RIMONE_r2_Im052,4,r2,0,0.7272980267812045,1
RIMONE_r2_Im054,4,r2,0,0.7274719154241736,1
RIMONE_r2_Im056,4,r2,0,0.7270018605305929,1
RIMONE_r2_Im058,4,r2,0,0.7268298640629923,1
RIMONE_r2_Im060,4,r2,0,0.7262258426846097,1
RIMONE_r2_Im062,4,r2,0,0.7283756309408378,1
RIMONE_r2_Im064,4,r2,0,0.7265923727081515,1
RIMONE_r2_Im066,4,r2,0,0.7286419108578518,1
RIMONE_r2_Im068,4,r2,0,0.7284268304238493,1
RIMONE_r2_Im070,4,r2,0,0.7274610336405222,1
RIMONE_r2_Im072,4,r2,0,0.7291172657830141,1
RIMONE_r2_Im074,4,r2,0,0.7262285675005826,1
RIMONE_r2_Im076,4,r2,0,0.7263914757199836,1
RIMONE_r2_Im078,4,r2,0,0.7270300767436493,1
RIMONE_r2_Im080,4,r2,0,0.727324383630638,1
RIMONE_r2_Im082,4,r2,0,0.7324159637023455,1
RIMONE_r2_Im084,4,r2,0,0.7340866225013244,1
RIMONE_r2_Im086,4,r2,0,0.7265336140476509,1
RIMONE_r2_Im088,4,r2,0,0.7280308799877905,1
RIMONE_r2_Im090,4,r2,0,0.7275347542769289,1
RIMONE_r2_Im092,4,r2,0,0.7262784010345165,1
RIMONE_r2_Im094,4,r2,0,0.7291324982204112,1
RIMONE_r2_Im096,4,r2,0,0.7265302894619698,1
RIMONE_r2_Im098,4,r2,0,0.7274599802406244,1
RIMONE_r2_Im100,4,r2,0,0.7275898928336518,1
RIMONE_r2_Im102,4,r2,0,0.7261312795866286,1
RIMONE_r2_Im104,4,r2,0,0.7280498997452528,1
RIMONE_r2_Im106,4,r2,0,0.728186850912265,1
RIMONE_r2_Im108,4,r2,0,0.7278396261801218,1
RIMONE_r2_Im110,4,r2,0,0.7290107686558502,1
RIMONE_r2_Im112,4,r2,0,0.7260292919593724,1
RIMONE_r2_Im114,4,r2,0,0.7268234305985221,1
RIMONE_r2_Im116,4,r2,0,0.7260146130030247,1
RIMONE_r2_Im118,4,r2,0,0.7274143353918855,1
RIMONE_r2_Im120,4,r2,0,0.726227183286049,1
RIMONE_r2_Im122,4,r2,0,0.7264503599174414,1
RIMONE_r2_Im124,4,r2,0,0.727080006384048,1
RIMONE_r2_Im126,4,r2,0,0.7280916833266298,1
RIMONE_r2_Im128,4,r2,0,0.7277196860577383,1
RIMONE_r2_Im130,4,r2,0,0.7264577813274826,1
RIMONE_r2_Im132,4,r2,0,0.7261377454264933,1
RIMONE_r2_Im134,4,r2,0,0.7304835652108622,1
RIMONE_r2_Im136,4,r2,0,0.7264706225314411,1
RIMONE_r2_Im138,4,r2,0,0.7304791604867483,1
RIMONE_r2_Im140,4,r2,0,0.7275758960374787,1
RIMONE_r2_Im142,4,r2,0,0.7272161780151108,1
RIMONE_r2_Im144,4,r2,0,0.7264026281686761,1
RIMONE_r2_Im146,4,r2,0,0.7259911833040427,1
RIMONE_r2_Im148,4,r2,0,0.7263643868312657,1
RIMONE_r2_Im150,4,r2,0,0.7284101704350983,1
RIMONE_r2_Im152,4,r2,0,0.7270660789654675,1
RIMONE_r2_Im154,4,r2,0,0.7266718956940249,1
RIMONE_r2_Im156,4,r2,0,0.72654839444925,1
RIMONE_r2_Im158,4,r2,0,0.7261060198275223,1
RIMONE_r2_Im160,4,r2,0,0.7264189225814695,1
RIMONE_r2_Im162,4,r2,0,0.7285342312059176,1
RIMONE_r2_Im164,4,r2,0,0.7307844676844042,1
RIMONE_r2_Im166,4,r2,0,0.7263596680497708,1
RIMONE_r2_Im168,4,r2,0,0.7260277876655333,1
RIMONE_r2_Im170,4,r2,0,0.7278388520128536,1
RIMONE_r2_Im172,4,r2,0,0.7264402128414758,1
RIMONE_r2_Im174,4,r2,0,0.7276401828444157,1
RIMONE_r2_Im176,4,r2,0,0.729940504799968,1
RIMONE_r2_Im178,4,r2,0,0.727879882152846,1
RIMONE_r2_Im180,4,r2,0,0.7275696998418646,1
RIMONE_r2_Im182,4,r2,0,0.7260598237342555,1
RIMONE_r2_Im184,4,r2,0,0.7267989129303324,1
RIMONE_r2_Im186,4,r2,0,0.7275885265657588,1
RIMONE_r2_Im188,4,r2,0,0.7330503729207265,1
RIMONE_r2_Im190,4,r2,0,0.7264550683643562,1
RIMONE_r2_Im192,4,r2,0,0.7272555447231701,1
RIMONE_r2_Im194,4,r2,0,0.7296654035393255,1
RIMONE_r2_Im196,4,r2,0,0.727039901233973,1
RIMONE_r2_Im198,4,r2,0,0.726889646418784,1
RIMONE_r2_Im200,4,r2,0,0.7280721298082049,1
RIMONE_r2_Im202,4,r2,0,0.7340239864630492,1
RIMONE_r2_Im206,4,r2,0,0.7284573432131753,1
RIMONE_r2_Im208,4,r2,0,0.7283152803283004,1
RIMONE_r2_Im210,4,r2,0,0.7267268701909995,1
RIMONE_r2_Im212,4,r2,0,0.7261481030627224,1
RIMONE_r2_Im214,4,r2,0,0.7302213336937963,1
RIMONE_r2_Im216,4,r2,0,0.7262659605922394,1
RIMONE_r2_Im218,4,r2,0,0.7265153680700349,1
RIMONE_r2_Im220,4,r2,0,0.729453405939216,1
RIMONE_r2_Im222,4,r2,0,0.7277971254372735,1
RIMONE_r2_Im224,4,r2,0,0.7262750779627184,1
RIMONE_r2_Im226,4,r2,0,0.7285626407787577,1
RIMONE_r2_Im228,4,r2,0,0.7337691344678882,1
RIMONE_r2_Im230,4,r2,0,0.7260622853079043,1
RIMONE_r2_Im232,4,r2,0,0.7318841558024024,1
RIMONE_r2_Im234,4,r2,0,0.7291783314434305,1
RIMONE_r2_Im236,4,r2,0,0.7267355239127241,1
RIMONE_r2_Im238,4,r2,0,0.7274399992773631,1
RIMONE_r2_Im240,4,r2,0,0.7283575783850609,1
RIMONE_r2_Im242,4,r2,0,0.727679374948268,1
RIMONE_r2_Im244,4,r2,0,0.7262198147672666,1
RIMONE_r2_Im246,4,r2,0,0.7287208738410375,1
RIMONE_r2_Im248,4,r2,0,0.7290851147729409,1
RIMONE_r2_Im250,4,r2,0,0.7282242213870679,1
RIMONE_r2_Im252,4,r2,0,0.7284226404406822,1
RIMONE_r2_Im254,4,r2,0,0.7262569654051387,1
RIMONE_r3_N-1-L_left_half,4,r3,0,0.7342040774965194,1
RIMONE_r3_N-10-R_left_half,4,r3,0,0.7320400066349734,1
RIMONE_r3_N-11-L_left_half,4,r3,0,0.7282238074273759,1
RIMONE_r3_N-12-R_left_half,4,r3,0,0.7271764840352873,1
RIMONE_r3_N-13-L_left_half,4,r3,0,0.7298291691794766,1
RIMONE_r3_N-14-R_left_half,4,r3,0,0.7269977429576524,1
RIMONE_r3_N-16-R_left_half,4,r3,0,0.7271608255286797,1
RIMONE_r3_N-17-L_left_half,4,r3,0,0.7330111616022219,1
RIMONE_r3_N-18-R_left_half,4,r3,0,0.7293356749509915,1
RIMONE_r3_N-2-R_left_half,4,r3,0,0.7363264081800441,1
RIMONE_r3_N-20-R_left_half,4,r3,0,0.726467619568478,1
RIMONE_r3_N-21-L_left_half,4,r3,0,0.7257751014885617,1
RIMONE_r3_N-22-R_left_half,4,r3,0,0.7250380029961038,1
RIMONE_r3_N-23-L_left_half,4,r3,0,0.7328658697360633,1
RIMONE_r3_N-24-R_left_half,4,r3,0,0.7271090797487474,1
RIMONE_r3_N-25-L_left_half,4,r3,0,0.7292417545760755,1
RIMONE_r3_N-26-R_left_half,4,r3,0,0.7277232830225119,1
RIMONE_r3_N-27-L_left_half,4,r3,0,0.7276271715943671,1
RIMONE_r3_N-28-R_left_half,4,r3,0,0.7282369629326252,1
RIMONE_r3_N-29-L_left_half,4,r3,0,0.7313633220960951,1
RIMONE_r3_N-3-L_left_half,4,r3,0,0.7273340898272099,1
RIMONE_r3_N-30-R_left_half,4,r3,0,0.7286007847211957,1
RIMONE_r3_N-31-L_left_half,4,r3,0,0.7274183028657979,1
RIMONE_r3_N-32-R_left_half,4,r3,0,0.7300558719851308,1
RIMONE_r3_N-33-L_left_half,4,r3,0,0.7353437717438233,1
RIMONE_r3_N-34-R_left_half,4,r3,0,0.7378499588278228,1
RIMONE_r3_N-35-L_left_half,4,r3,0,0.7351348176504517,1
RIMONE_r3_N-36-R_left_half,4,r3,0,0.7338311096222045,1
RIMONE_r3_N-37-L_left_half,4,r3,0,0.7271450477216279,1
RIMONE_r3_N-38-R_left_half,4,r3,0,0.7264691208317938,1
RIMONE_r3_N-39-L_left_half,4,r3,0,0.7313213980466655,1
RIMONE_r3_N-4-R_left_half,4,r3,0,0.7269593877463747,1
RIMONE_r3_N-40-R_left_half,4,r3,0,0.7326482433473399,1
RIMONE_r3_N-41-L_left_half,4,r3,0,0.7323493187579501,1
RIMONE_r3_N-42-R_left_half,4,r3,0,0.7326053078114727,1
RIMONE_r3_N-43-L_left_half,4,r3,0,0.7298170134524907,1
RIMONE_r3_N-44-R_left_half,4,r3,0,0.7279240133819036,1
RIMONE_r3_N-46-R_left_half,4,r3,0,0.7294399364118989,1
RIMONE_r3_N-47-L_left_half,4,r3,0,0.7316232001716986,1
RIMONE_r3_N-48-R_left_half,4,r3,0,0.7281471331249783,1
RIMONE_r3_N-49-L_left_half,4,r3,0,0.7286547308311472,1
RIMONE_r3_N-5-L_left_half,4,r3,0,0.7261649894744319,1
RIMONE_r3_N-50-R_left_half,4,r3,0,0.7301520345588364,1
RIMONE_r3_N-51-L_left_half,4,r3,0,0.7304586789621295,1
RIMONE_r3_N-52-R_left_half,4,r3,0,0.7315045169573515,1
RIMONE_r3_N-53-L_left_half,4,r3,0,0.7393040103500368,1
RIMONE_r3_N-54-R_left_half,4,r3,0,0.7439549833086173,1
RIMONE_r3_N-55-L_left_half,4,r3,0,0.733868349526235,1
RIMONE_r3_N-56-R_left_half,4,r3,0,0.7391411292550742,1
RIMONE_r3_N-58-R_left_half,4,r3,0,0.731388115357527,1
RIMONE_r3_N-59-L_left_half,4,r3,0,0.7260952640518307,1
RIMONE_r3_N-6-R_left_half,4,r3,0,0.7299178145597435,1
RIMONE_r3_N-61-L_left_half,4,r3,0,0.7264432215520285,1
RIMONE_r3_N-62-R_left_half,4,r3,0,0.7242045157746181,1
RIMONE_r3_N-63-L_left_half,4,r3,0,0.7352115034302386,1
RIMONE_r3_N-64-R_left_half,4,r3,0,0.7270227486789665,1
RIMONE_r3_N-65-L_left_half,4,r3,0,0.7309980554729761,1
RIMONE_r3_N-66-R_left_half,4,r3,0,0.7260887734761431,1
RIMONE_r3_N-67-L_left_half,4,r3,0,0.7284972374314228,1
RIMONE_r3_N-68-R_left_half,4,r3,0,0.7304051399785724,1
RIMONE_r3_N-69-L_left_half,4,r3,0,0.733345046493103,1
RIMONE_r3_N-7-L_left_half,4,r3,0,0.7318579942226752,1
RIMONE_r3_N-70-R_left_half,4,r3,0,0.7262226829626401,1
RIMONE_r3_N-71-L_left_half,4,r3,0,0.7320301629002967,1
RIMONE_r3_N-72-R_left_half,4,r3,0,0.7271402250945544,1
RIMONE_r3_N-73-R_left_half,4,r3,0,0.7278239545145798,1
RIMONE_r3_N-74-L_left_half,4,r3,0,0.7275768276204106,1
RIMONE_r3_N-75-R_left_half,4,r3,0,0.7309255838526877,1
RIMONE_r3_N-76-R_left_half,4,r3,0,0.7280366701887843,1
RIMONE_r3_N-78-R_left_half,4,r3,0,0.7257443141583566,1
RIMONE_r3_N-79-L_left_half,4,r3,0,0.7271505426196484,1
RIMONE_r3_N-8-L_left_half,4,r3,0,0.7294657642258572,1
RIMONE_r3_N-80-R_left_half,4,r3,0,0.7255834849178375,1
RIMONE_r3_N-81-L_left_half,4,r3,0,0.7318224764461221,1
RIMONE_r3_N-82-R_left_half,4,r3,0,0.7382881942804188,1
RIMONE_r3_N-83-L_left_half,4,r3,0,0.726601315642725,1
RIMONE_r3_N-84-R_left_half,4,r3,0,0.7333015378417697,1
RIMONE_r3_N-85-L_left_half,4,r3,0,0.7311271490190964,1
RIMONE_r3_N-86-R_left_half,4,r3,0,0.7315849797903237,1
RIMONE_r3_N-87-L_left_half,4,r3,0,0.7280898052468385,1
RIMONE_r3_N-88-R_left_half,4,r3,0,0.7276823710130716,1
RIMONE_r3_N-9-L_left_half,4,r3,0,0.7300531462414104,1
RIMONE_r3_N-90-R_left_half,4,r3,0,0.7284463072920673,1
RIMONE_r3_N-91-L_left_half,4,r3,0,0.729157982275282,1
RIMONE_r3_N-92-R_left_half,4,r3,0,0.730684434067491,1
RIMONE_r1_Im069,pooled,r1,1,0.7152570177311398,1
RIMONE_r1_Im103,pooled,r1,1,0.7292265249776733,1
RIMONE_r1_Im113,pooled,r1,1,0.7204134256820133,1
RIMONE_r1_Im117,pooled,r1,1,0.7263761986759195,1
RIMONE_r1_Im118,pooled,r1,1,0.7259170905860783,1
RIMONE_r1_Im120,pooled,r1,1,0.7212340530223533,1
RIMONE_r1_Im121,pooled,r1,1,0.7133850345682139,1
RIMONE_r1_Im122,pooled,r1,1,0.7210253472961488,1
RIMONE_r1_Im135,pooled,r1,1,0.730640518176022,1
RIMONE_r1_Im144,pooled,r1,1,0.7214583422212281,1
RIMONE_r1_Im158,pooled,r1,1,0.731678382573594,1
RIMONE_r1_Im167,pooled,r1,1,0.7233305112315159,1
RIMONE_r2_Im257,pooled,r2,1,0.7140308762919609,1
RIMONE_r2_Im258,pooled,r2,1,0.7164258210568295,1
RIMONE_r2_Im260,pooled,r2,1,0.7252527769920813,1
RIMONE_r2_Im263,pooled,r2,1,0.716710489874192,1
RIMONE_r2_Im264,pooled,r2,1,0.7183838133548222,1
RIMONE_r2_Im266,pooled,r2,1,0.7143982338210932,1
RIMONE_r2_Im267,pooled,r2,1,0.7154532529945937,1
RIMONE_r2_Im268,pooled,r2,1,0.7154532529945937,1
RIMONE_r2_Im269,pooled,r2,1,0.7149279184170413,1
RIMONE_r2_Im270,pooled,r2,1,0.7185096810018787,1
RIMONE_r2_Im273,pooled,r2,1,0.7148921055889842,1
RIMONE_r2_Im275,pooled,r2,1,0.7155918784422843,1
RIMONE_r2_Im277,pooled,r2,1,0.7201446455080587,1
RIMONE_r2_Im281,pooled,r2,1,0.7149464860914478,1
RIMONE_r2_Im287,pooled,r2,1,0.7149754905403986,1
RIMONE_r2_Im288,pooled,r2,1,0.7187197643789377,1
RIMONE_r2_Im289,pooled,r2,1,0.717821275488389,1
RIMONE_r2_Im290,pooled,r2,1,0.719076902631369,1
RIMONE_r2_Im291,pooled,r2,1,0.7166734200221389,1
RIMONE_r2_Im292,pooled,r2,1,0.7256018117139702,1
RIMONE_r2_Im293,pooled,r2,1,0.7154534791764025,1
RIMONE_r2_Im294,pooled,r2,1,0.7144458281239745,1
RIMONE_r2_Im301,pooled,r2,1,0.7194485959921353,1
RIMONE_r2_Im302,pooled,r2,1,0.7149691630377266,1
RIMONE_r2_Im303,pooled,r2,1,0.7154056016787391,1
RIMONE_r2_Im305,pooled,r2,1,0.7150058776872061,1
RIMONE_r2_Im314,pooled,r2,1,0.7151242264017289,1
RIMONE_r2_Im315,pooled,r2,1,0.7188166623507154,1
RIMONE_r2_Im317,pooled,r2,1,0.7250109226431568,1
RIMONE_r2_Im318,pooled,r2,1,0.7209549579877184,1
RIMONE_r2_Im319,pooled,r2,1,0.7143737009243107,1
RIMONE_r2_Im320,pooled,r2,1,0.7144358627420392,1
RIMONE_r2_Im321,pooled,r2,1,0.7154535775617379,1
RIMONE_r2_Im324,pooled,r2,1,0.7150674308495581,1
RIMONE_r2_Im329,pooled,r2,1,0.7239280827810223,1
RIMONE_r2_Im330,pooled,r2,1,0.7134664402996361,1
RIMONE_r2_Im331,pooled,r2,1,0.7258297717314468,1
RIMONE_r2_Im332,pooled,r2,1,0.7245058489116837,1
RIMONE_r2_Im333,pooled,r2,1,0.7153308578271143,1
RIMONE_r2_Im334,pooled,r2,1,0.727618825682986,1
RIMONE_r2_Im338,pooled,r2,1,0.7146963072239195,1
RIMONE_r2_Im339,pooled,r2,1,0.7185134960979858,1
RIMONE_r2_Im343,pooled,r2,1,0.7135856333766195,1
RIMONE_r2_Im344,pooled,r2,1,0.7154442606720923,1
RIMONE_r1_Im001,pooled,r1,0,0.7183203477836912,1
RIMONE_r1_Im003,pooled,r1,0,0.724894915998705,1
RIMONE_r1_Im004,pooled,r1,0,0.7201641479555106,1
RIMONE_r1_Im006,pooled,r1,0,0.7314027274593692,1
RIMONE_r1_Im008,pooled,r1,0,0.7177095302024821,1
RIMONE_r1_Im011,pooled,r1,0,0.7154439142612407,1
RIMONE_r1_Im012,pooled,r1,0,0.7186689744984612,1
RIMONE_r1_Im014,pooled,r1,0,0.7255324335444336,1
RIMONE_r1_Im015,pooled,r1,0,0.7342362392318941,1
RIMONE_r1_Im019,pooled,r1,0,0.7153626048281329,1
RIMONE_r1_Im020,pooled,r1,0,0.7150290022865617,1
RIMONE_r1_Im022,pooled,r1,0,0.7139375785789794,1
RIMONE_r1_Im023,pooled,r1,0,0.7124736058490673,1
RIMONE_r1_Im024,pooled,r1,0,0.7301361255164528,1
RIMONE_r1_Im025,pooled,r1,0,0.7269415429348258,1
RIMONE_r1_Im026,pooled,r1,0,0.7194914018508534,1
RIMONE_r1_Im027,pooled,r1,0,0.719354251401462,1
RIMONE_r1_Im028,pooled,r1,0,0.7109374590492725,1
RIMONE_r1_Im029,pooled,r1,0,0.7126023586091804,1
RIMONE_r1_Im031,pooled,r1,0,0.7229188198424243,1
RIMONE_r1_Im032,pooled,r1,0,0.7209843464596595,1
RIMONE_r1_Im033,pooled,r1,0,0.7218640663786099,1
RIMONE_r1_Im036,pooled,r1,0,0.7136846382441353,1
RIMONE_r1_Im037,pooled,r1,0,0.71072227653315,1
RIMONE_r1_Im040,pooled,r1,0,0.7151947421179883,1
RIMONE_r1_Im041,pooled,r1,0,0.7287896052028847,1
RIMONE_r1_Im042,pooled,r1,0,0.7138393120365972,1
RIMONE_r1_Im046,pooled,r1,0,0.7197673461034435,1
RIMONE_r1_Im047,pooled,r1,0,0.7156567622076844,1
RIMONE_r1_Im050,pooled,r1,0,0.7278907816765654,1
RIMONE_r1_Im052,pooled,r1,0,0.7201599693044718,1
RIMONE_r1_Im054,pooled,r1,0,0.7211803115255324,1
RIMONE_r1_Im055,pooled,r1,0,0.7171679566358212,1
RIMONE_r1_Im056,pooled,r1,0,0.7163608677474347,1
RIMONE_r1_Im057,pooled,r1,0,0.7270336305673188,1
RIMONE_r1_Im058,pooled,r1,0,0.7316596717782786,1
RIMONE_r1_Im059,pooled,r1,0,0.7227381090154796,1
RIMONE_r1_Im060,pooled,r1,0,0.7161903462406187,1
RIMONE_r1_Im061,pooled,r1,0,0.7296264401720493,1
RIMONE_r1_Im062,pooled,r1,0,0.7152313841863842,1
RIMONE_r1_Im063,pooled,r1,0,0.7149201639423429,1
RIMONE_r1_Im071,pooled,r1,0,0.7223783199749282,1
RIMONE_r1_Im072,pooled,r1,0,0.7188617104287884,1
RIMONE_r1_Im073,pooled,r1,0,0.7179616196383711,1
RIMONE_r1_Im080,pooled,r1,0,0.7124864434800348,1
RIMONE_r1_Im082,pooled,r1,0,0.7260684328688838,1
RIMONE_r1_Im086,pooled,r1,0,0.7221868354392245,1
RIMONE_r1_Im087,pooled,r1,0,0.7189974063673759,1
RIMONE_r1_Im095,pooled,r1,0,0.7195754180877147,1
RIMONE_r1_Im107,pooled,r1,0,0.7272835674201219,1
RIMONE_r1_Im108,pooled,r1,0,0.7165467439442094,1
RIMONE_r1_Im115,pooled,r1,0,0.7258661156850972,1
RIMONE_r1_Im116,pooled,r1,0,0.7169841706104524,1
RIMONE_r1_Im119,pooled,r1,0,0.7268435629314236,1
RIMONE_r1_Im125,pooled,r1,0,0.7260131542302546,1
RIMONE_r1_Im127,pooled,r1,0,0.7179859643180825,1
RIMONE_r1_Im128,pooled,r1,0,0.7186247678049495,1
RIMONE_r1_Im129,pooled,r1,0,0.7152147722796105,1
RIMONE_r1_Im130,pooled,r1,0,0.7187996233836828,1
RIMONE_r1_Im131,pooled,r1,0,0.7210291414535227,1
RIMONE_r1_Im132,pooled,r1,0,0.7142146829519467,1
RIMONE_r1_Im133,pooled,r1,0,0.7160858108263267,1
RIMONE_r1_Im136,pooled,r1,0,0.7283443757357893,1
RIMONE_r1_Im137,pooled,r1,0,0.7240089620021737,1
RIMONE_r1_Im138,pooled,r1,0,0.7216467790016432,1
RIMONE_r1_Im142,pooled,r1,0,0.7237027560527787,1
RIMONE_r1_Im143,pooled,r1,0,0.7234152108875638,1
RIMONE_r1_Im145,pooled,r1,0,0.7311246359101192,1
RIMONE_r1_Im146,pooled,r1,0,0.7288081409848678,1
RIMONE_r1_Im149,pooled,r1,0,0.7218992236782598,1
RIMONE_r1_Im150,pooled,r1,0,0.7188697984945648,1
RIMONE_r1_Im151,pooled,r1,0,0.723211574867516,1
RIMONE_r1_Im152,pooled,r1,0,0.7266181400743195,1
RIMONE_r1_Im153,pooled,r1,0,0.7198232294326489,1
RIMONE_r1_Im154,pooled,r1,0,0.7182275252461547,1
RIMONE_r1_Im155,pooled,r1,0,0.7319403756986078,1
RIMONE_r1_Im156,pooled,r1,0,0.7289502621377763,1
RIMONE_r1_Im159,pooled,r1,0,0.7222866957324129,1
RIMONE_r1_Im161,pooled,r1,0,0.7315666855608207,1
RIMONE_r1_Im162,pooled,r1,0,0.7308107339364261,1
RIMONE_r1_Im163,pooled,r1,0,0.7253076498538777,1
RIMONE_r1_Im164,pooled,r1,0,0.7290518257613916,1
RIMONE_r1_Im165,pooled,r1,0,0.7217119064310762,1
RIMONE_r1_Im166,pooled,r1,0,0.7246608565018934,1
RIMONE_r1_Im168,pooled,r1,0,0.7272891364994146,1
RIMONE_r1_Im169,pooled,r1,0,0.7263228722050226,1
RIMONE_r2_Im001,pooled,r2,0,0.7154011100291109,1
RIMONE_r2_Im002,pooled,r2,0,0.7139054180342395,1
RIMONE_r2_Im003,pooled,r2,0,0.7148193004166992,1
RIMONE_r2_Im004,pooled,r2,0,0.7128392951804754,1
RIMONE_r2_Im005,pooled,r2,0,0.7142149534150777,1
RIMONE_r2_Im006,pooled,r2,0,0.7137879079625469,1
RIMONE_r2_Im007,pooled,r2,0,0.7151456106137033,1
RIMONE_r2_Im009,pooled,r2,0,0.7153300684588548,1
RIMONE_r2_Im010,pooled,r2,0,0.7141904451459462,1
RIMONE_r2_Im011,pooled,r2,0,0.7154497439968397,1
RIMONE_r2_Im012,pooled,r2,0,0.715424103862327,1
RIMONE_r2_Im013,pooled,r2,0,0.715437349309844,1
RIMONE_r2_Im014,pooled,r2,0,0.7147523011911141,1
RIMONE_r2_Im015,pooled,r2,0,0.7152622262237032,1
RIMONE_r2_Im016,pooled,r2,0,0.7153061684253104,1
RIMONE_r2_Im017,pooled,r2,0,0.7152702150543246,1
RIMONE_r2_Im018,pooled,r2,0,0.7151838922225362,1
RIMONE_r2_Im019,pooled,r2,0,0.7141063203241246,1
RIMONE_r2_Im020,pooled,r2,0,0.7153341705067884,1
RIMONE_r2_Im021,pooled,r2,0,0.7181183492973667,1
RIMONE_r2_Im022,pooled,r2,0,0.7258497673434651,1
RIMONE_r2_Im023,pooled,r2,0,0.7139662543239907,1
RIMONE_r2_Im024,pooled,r2,0,0.7152175674677157,1
RIMONE_r2_Im025,pooled,r2,0,0.7146660952737465,1
RIMONE_r2_Im026,pooled,r2,0,0.7144529701451653,1
RIMONE_r2_Im027,pooled,r2,0,0.71343438322177,1
RIMONE_r2_Im028,pooled,r2,0,0.7139112266144326,1
RIMONE_r2_Im029,pooled,r2,0,0.7200294385294346,1
RIMONE_r2_Im030,pooled,r2,0,0.7138691315108547,1
RIMONE_r2_Im031,pooled,r2,0,0.720252677011139,1
RIMONE_r2_Im032,pooled,r2,0,0.714995978342778,1
RIMONE_r2_Im033,pooled,r2,0,0.7150290032992899,1
RIMONE_r2_Im347,pooled,r2,1,0.7153907109086335,1
RIMONE_r2_Im348,pooled,r2,1,0.7129311040422068,1
RIMONE_r2_Im351,pooled,r2,1,0.7188526470603954,1
RIMONE_r2_Im352,pooled,r2,1,0.7144046685191688,1
RIMONE_r2_Im354,pooled,r2,1,0.7183600604170846,1
RIMONE_r2_Im355,pooled,r2,1,0.7222207266616384,1
RIMONE_r2_Im356,pooled,r2,1,0.7144220829767111,1
RIMONE_r2_Im357,pooled,r2,1,0.715418255689863,1
RIMONE_r2_Im358,pooled,r2,1,0.7151327109423631,1
RIMONE_r2_Im362,pooled,r2,1,0.7272431838284765,1
RIMONE_r2_Im365,pooled,r2,1,0.7155409426276689,1
RIMONE_r2_Im366,pooled,r2,1,0.7156442642965393,1
RIMONE_r2_Im369,pooled,r2,1,0.715450716364445,1
RIMONE_r2_Im373,pooled,r2,1,0.7216347472021147,1
RIMONE_r2_Im376,pooled,r2,1,0.7146822104504988,1
RIMONE_r2_Im377,pooled,r2,1,0.7147277622342605,1
RIMONE_r2_Im383,pooled,r2,1,0.7143646403991137,1
RIMONE_r2_Im384,pooled,r2,1,0.7246865996097551,1
RIMONE_r2_Im385,pooled,r2,1,0.7195958009678726,1
RIMONE_r2_Im387,pooled,r2,1,0.7264976241804723,1
RIMONE_r2_Im388,pooled,r2,1,0.723171642461985,1
RIMONE_r2_Im389,pooled,r2,1,0.7158822861404792,1
RIMONE_r2_Im390,pooled,r2,1,0.7276214736003592,1
RIMONE_r2_Im391,pooled,r2,1,0.7178079235450063,1
RIMONE_r2_Im392,pooled,r2,1,0.7137775628583339,1
RIMONE_r2_Im393,pooled,r2,1,0.7143237630036436,1
RIMONE_r2_Im398,pooled,r2,1,0.7147379435235515,1
RIMONE_r2_Im399,pooled,r2,1,0.7145084883916832,1
RIMONE_r2_Im400,pooled,r2,1,0.7199510480411296,1
RIMONE_r2_Im401,pooled,r2,1,0.7153789725696343,1
RIMONE_r2_Im402,pooled,r2,1,0.7209909619199626,1
RIMONE_r2_Im403,pooled,r2,1,0.7139378807360288,1
RIMONE_r2_Im404,pooled,r2,1,0.7274213399315274,1
RIMONE_r2_Im406,pooled,r2,1,0.7153953350785678,1
RIMONE_r2_Im407,pooled,r2,1,0.7142985049190254,1
RIMONE_r2_Im408,pooled,r2,1,0.7135632469752855,1
RIMONE_r2_Im414,pooled,r2,1,0.7321429729527914,1
RIMONE_r2_Im415,pooled,r2,1,0.7165504913455379,1
RIMONE_r2_Im416,pooled,r2,1,0.7174787800380468,1
RIMONE_r2_Im418,pooled,r2,1,0.7249395868259136,1
RIMONE_r2_Im419,pooled,r2,1,0.7149487856273453,1
RIMONE_r2_Im420,pooled,r2,1,0.7191236917791242,1
RIMONE_r2_Im421,pooled,r2,1,0.7145657669737988,1
RIMONE_r2_Im422,pooled,r2,1,0.7143266530605106,1
RIMONE_r2_Im424,pooled,r2,1,0.7184515041261952,1
RIMONE_r2_Im427,pooled,r2,1,0.718553539712294,1
RIMONE_r2_Im428,pooled,r2,1,0.7212795145922577,1
RIMONE_r2_Im429,pooled,r2,1,0.7137938980408417,1
RIMONE_r2_Im432,pooled,r2,1,0.7194180642868265,1
RIMONE_r2_Im433,pooled,r2,1,0.7154532525515702,1
RIMONE_r2_Im436,pooled,r2,1,0.71318283530261,1
RIMONE_r2_Im439,pooled,r2,1,0.7075374320955453,1
RIMONE_r2_Im441,pooled,r2,1,0.7187158211573179,1
RIMONE_r2_Im442,pooled,r2,1,0.7266196635998468,1
RIMONE_r2_Im443,pooled,r2,1,0.7292524575303585,1
RIMONE_r2_Im444,pooled,r2,1,0.7190748934816146,1
RIMONE_r2_Im445,pooled,r2,1,0.713713131401282,1
RIMONE_r2_Im448,pooled,r2,1,0.7175056409510505,1
RIMONE_r2_Im449,pooled,r2,1,0.7206670649007536,1
RIMONE_r2_Im450,pooled,r2,1,0.7143116451999798,1
RIMONE_r2_Im451,pooled,r2,1,0.720234976918813,1
RIMONE_r2_Im453,pooled,r2,1,0.7197793851962196,1
RIMONE_r2_Im454,pooled,r2,1,0.7150575376813443,1
RIMONE_r2_Im455,pooled,r2,1,0.7153021490477849,1
RIMONE_r3_G-1-L_left_half,pooled,r3,1,0.7136331595753862,1
RIMONE_r3_G-10-L_left_half,pooled,r3,1,0.7233101917298631,1
RIMONE_r3_G-11-R_left_half,pooled,r3,1,0.719387663801482,1
RIMONE_r3_G-12-L_left_half,pooled,r3,1,0.7262966839962612,1
RIMONE_r3_G-13-R_left_half,pooled,r3,1,0.7266327615271256,1
RIMONE_r3_G-14-R_left_half,pooled,r3,1,0.7259557033314301,1
RIMONE_r3_G-15-L_left_half,pooled,r3,1,0.7167822027241584,1
RIMONE_r3_G-16-R_left_half,pooled,r3,1,0.7079602759692112,1
RIMONE_r3_G-17-L_left_half,pooled,r3,1,0.7261231966067286,1
RIMONE_r3_G-18-R_left_half,pooled,r3,1,0.7131003310900137,1
RIMONE_r3_G-2-R_left_half,pooled,r3,1,0.7222938631440595,1
RIMONE_r3_G-22-L_left_half,pooled,r3,1,0.7220635655438647,1
RIMONE_r3_G-23-R_left_half,pooled,r3,1,0.724727297954854,1
RIMONE_r3_G-25-L_left_half,pooled,r3,1,0.7281442338857672,1
RIMONE_r3_G-27-R_left_half,pooled,r3,1,0.713749589138103,1
RIMONE_r3_G-29-R_left_half,pooled,r3,1,0.7236856466369083,1
RIMONE_r3_G-3-R_left_half,pooled,r3,1,0.7251119386931245,1
RIMONE_r3_G-30-L_left_half,pooled,r3,1,0.7285912145040261,1
RIMONE_r3_G-31-R_left_half,pooled,r3,1,0.7300319971410695,1
RIMONE_r3_G-32-L_left_half,pooled,r3,1,0.726859513884305,1
RIMONE_r3_G-33-R_left_half,pooled,r3,1,0.7186147986000889,1
RIMONE_r3_G-34-L_left_half,pooled,r3,1,0.72230041469792,1
RIMONE_r3_G-35-R_left_half,pooled,r3,1,0.7114683011755023,1
RIMONE_r3_G-37-R_left_half,pooled,r3,1,0.7219307744014077,1
RIMONE_r3_G-38-L_left_half,pooled,r3,1,0.715199510819592,1
RIMONE_r3_G-39-L_left_half,pooled,r3,1,0.72557221761708,1
RIMONE_r3_G-6-L_left_half,pooled,r3,1,0.7164883893931486,1
RIMONE_r3_G-8-R_left_half,pooled,r3,1,0.7154527219126923,1
RIMONE_r3_G-9-R_left_half,pooled,r3,1,0.7230595362506411,1
RIMONE_r3_S-1-L_left_half,pooled,r3,1,0.7140707750598418,1
RIMONE_r3_S-10-R_left_half,pooled,r3,1,0.7231049865430286,1
RIMONE_r3_S-11-L_left_half,pooled,r3,1,0.7227433023603668,1
RIMONE_r3_S-12-L_left_half,pooled,r3,1,0.7208851948530975,1
RIMONE_r3_S-13-R_left_half,pooled,r3,1,0.7205765701514298,1
RIMONE_r3_S-14-R_left_half,pooled,r3,1,0.7269781194584766,1
RIMONE_r3_S-18-L_left_half,pooled,r3,1,0.7107620855527841,1
RIMONE_r3_S-19-R_left_half,pooled,r3,1,0.7144504447580612,1
RIMONE_r3_S-2-L_left_half,pooled,r3,1,0.7123076554986694,1
RIMONE_r3_S-20-L_left_half,pooled,r3,1,0.732607797843043,1
RIMONE_r3_S-21-R_left_half,pooled,r3,1,0.7270788087321486,1
RIMONE_r3_S-25-L_left_half,pooled,r3,1,0.7223965957472673,1
RIMONE_r3_S-26-R_left_half,pooled,r3,1,0.7208358914112329,1
RIMONE_r3_S-28-R_left_half,pooled,r3,1,0.7258580279963808,1
RIMONE_r3_S-29-R_left_half,pooled,r3,1,0.7161670098560938,1
RIMONE_r3_S-30-L_left_half,pooled,r3,1,0.7117906706922399,1
RIMONE_r3_S-31-L_left_half,pooled,r3,1,0.7135702067515673,1
RIMONE_r3_S-32-L_left_half,pooled,r3,1,0.713024659514338,1
RIMONE_r3_S-33-R_left_half,pooled,r3,1,0.712526702880423,1
RIMONE_r3_S-35-R_left_half,pooled,r3,1,0.732968957664881,1
RIMONE_r3_S-4-L_left_half,pooled,r3,1,0.7216396054994807,1
RIMONE_r3_S-6-R_left_half,pooled,r3,1,0.723085200918687,1
RIMONE_r3_S-9-L_left_half,pooled,r3,1,0.7160036946889067,1
RIMONE_r2_Im034,pooled,r2,0,0.7147174948424727,1
RIMONE_r2_Im036,pooled,r2,0,0.7126994541027074,1
RIMONE_r2_Im038,pooled,r2,0,0.7134586616669367,1
RIMONE_r2_Im040,pooled,r2,0,0.721935126813685,1
RIMONE_r2_Im042,pooled,r2,0,0.716301139785593,1
RIMONE_r2_Im044,pooled,r2,0,0.7155517520627809,1
RIMONE_r2_Im046,pooled,r2,0,0.71508441773491,1
RIMONE_r2_Im048,pooled,r2,0,0.7259039868751253,1
RIMONE_r2_Im050,pooled,r2,0,0.7136612158602522,1
RIMONE_r2_Im052,pooled,r2,0,0.7140594799895152,1
RIMONE_r2_Im054,pooled,r2,0,0.71424355002539,1
RIMONE_r2_Im056,pooled,r2,0,0.71415793212924,1
RIMONE_r2_Im058,pooled,r2,0,0.7162279283326022,1
RIMONE_r2_Im060,pooled,r2,0,0.7144491520156001,1
RIMONE_r2_Im062,pooled,r2,0,0.7211796777721972,1
RIMONE_r2_Im064,pooled,r2,0,0.7137878447954515,1
RIMONE_r2_Im066,pooled,r2,0,0.7268317750838085,1
RIMONE_r2_Im068,pooled,r2,0,0.7196065249288172,1
RIMONE_r2_Im070,pooled,r2,0,0.7141247682013,1
RIMONE_r2_Im072,pooled,r2,0,0.7184347359851098,1
RIMONE_r2_Im074,pooled,r2,0,0.7132782908975093,1
RIMONE_r2_Im076,pooled,r2,0,0.7130572650333169,1
RIMONE_r2_Im078,pooled,r2,0,0.7131630046172828,1
RIMONE_r2_Im080,pooled,r2,0,0.7145827959962923,1
RIMONE_r2_Im082,pooled,r2,0,0.7269838501478213,1
RIMONE_r2_Im084,pooled,r2,0,0.7308720912925526,1
RIMONE_r2_Im086,pooled,r2,0,0.7134546235812257,1
RIMONE_r2_Im088,pooled,r2,0,0.717671569842607,1
RIMONE_r2_Im090,pooled,r2,0,0.7124230289741262,1
RIMONE_r2_Im092,pooled,r2,0,0.7153205646002722,1
RIMONE_r2_Im094,pooled,r2,0,0.7225080268585964,1
RIMONE_r2_Im096,pooled,r2,0,0.7137843064650427,1
RIMONE_r2_Im098,pooled,r2,0,0.7120556161316445,1
RIMONE_r2_Im100,pooled,r2,0,0.7152894454634688,1
RIMONE_r2_Im102,pooled,r2,0,0.7126255178666083,1
RIMONE_r2_Im104,pooled,r2,0,0.7153091373016466,1
RIMONE_r2_Im106,pooled,r2,0,0.7157102198746607,1
RIMONE_r2_Im108,pooled,r2,0,0.7146055671832918,1
RIMONE_r2_Im110,pooled,r2,0,0.720170669062561,1
RIMONE_r2_Im112,pooled,r2,0,0.7141568182167626,1
RIMONE_r2_Im114,pooled,r2,0,0.7173677231357193,1
RIMONE_r2_Im116,pooled,r2,0,0.7146213289125187,1
RIMONE_r2_Im118,pooled,r2,0,0.7235059058223652,1
RIMONE_r2_Im120,pooled,r2,0,0.7152104062083948,1
RIMONE_r2_Im122,pooled,r2,0,0.7138143237248608,1
RIMONE_r2_Im124,pooled,r2,0,0.7132389903292748,1
RIMONE_r2_Im126,pooled,r2,0,0.7230312724886865,1
RIMONE_r2_Im128,pooled,r2,0,0.712798442883584,1
RIMONE_r2_Im130,pooled,r2,0,0.7140427738592856,1
RIMONE_r2_Im132,pooled,r2,0,0.7150407648373994,1
RIMONE_r2_Im134,pooled,r2,0,0.730264206402748,1
RIMONE_r2_Im136,pooled,r2,0,0.7166923537294998,1
RIMONE_r2_Im138,pooled,r2,0,0.7288212902554806,1
RIMONE_r2_Im140,pooled,r2,0,0.7122147165735049,1
RIMONE_r2_Im142,pooled,r2,0,0.7149179744168208,1
RIMONE_r2_Im144,pooled,r2,0,0.7140380440014036,1
RIMONE_r2_Im146,pooled,r2,0,0.7203230354072636,1
RIMONE_r2_Im148,pooled,r2,0,0.7147643571241857,1
RIMONE_r2_Im150,pooled,r2,0,0.7127360087001827,1
RIMONE_r2_Im152,pooled,r2,0,0.7123264693354621,1
RIMONE_r2_Im154,pooled,r2,0,0.7144155511541048,1
RIMONE_r2_Im156,pooled,r2,0,0.7143462633673594,1
RIMONE_r2_Im158,pooled,r2,0,0.7151560280933593,1
RIMONE_r2_Im160,pooled,r2,0,0.7144879156751204,1
RIMONE_r2_Im162,pooled,r2,0,0.7188564191307807,1
RIMONE_r2_Im164,pooled,r2,0,0.728251318918397,1
RIMONE_r2_Im166,pooled,r2,0,0.7173845452180082,1
RIMONE_r2_Im168,pooled,r2,0,0.7143980987675743,1
RIMONE_r2_Im170,pooled,r2,0,0.7212254238258569,1
RIMONE_r2_Im172,pooled,r2,0,0.7149702698201303,1
RIMONE_r2_Im174,pooled,r2,0,0.7200085984957207,1
RIMONE_r2_Im176,pooled,r2,0,0.7286076807632412,1
RIMONE_r2_Im178,pooled,r2,0,0.7168212532446394,1
RIMONE_r2_Im180,pooled,r2,0,0.7162005050368085,1
RIMONE_r2_Im182,pooled,r2,0,0.718976683494111,1
RIMONE_r2_Im184,pooled,r2,0,0.7132370189722835,1
RIMONE_r2_Im186,pooled,r2,0,0.713574179800041,1
RIMONE_r2_Im188,pooled,r2,0,0.7255649846183194,1
RIMONE_r2_Im190,pooled,r2,0,0.7140208805858185,1
RIMONE_r2_Im192,pooled,r2,0,0.7191320695617067,1
RIMONE_r2_Im194,pooled,r2,0,0.7225052641981154,1
RIMONE_r2_Im196,pooled,r2,0,0.7133716541256723,1
RIMONE_r2_Im198,pooled,r2,0,0.7129582551083565,1
RIMONE_r2_Im200,pooled,r2,0,0.7235851893711667,1
RIMONE_r2_Im202,pooled,r2,0,0.7215456462475386,1
RIMONE_r2_Im206,pooled,r2,0,0.7119151783831803,1
RIMONE_r2_Im208,pooled,r2,0,0.7162990561406144,1
RIMONE_r2_Im210,pooled,r2,0,0.7138751051878535,1
RIMONE_r2_Im212,pooled,r2,0,0.7149535411293331,1
RIMONE_r2_Im214,pooled,r2,0,0.732533770290261,1
RIMONE_r2_Im216,pooled,r2,0,0.7144159022751639,1
RIMONE_r2_Im218,pooled,r2,0,0.7237828548664877,1
RIMONE_r2_Im220,pooled,r2,0,0.7191717374348625,1
RIMONE_r2_Im222,pooled,r2,0,0.712703219203493,1
RIMONE_r2_Im224,pooled,r2,0,0.7188883515684876,1
RIMONE_r2_Im226,pooled,r2,0,0.718948435719003,1
RIMONE_r2_Im228,pooled,r2,0,0.7318884718813204,1
RIMONE_r2_Im230,pooled,r2,0,0.7135454622099869,1
RIMONE_r2_Im232,pooled,r2,0,0.7274752582304748,1
RIMONE_r2_Im234,pooled,r2,0,0.7166904625888032,1
RIMONE_r2_Im236,pooled,r2,0,0.7254659222946043,1
RIMONE_r2_Im238,pooled,r2,0,0.7134670591302316,1
RIMONE_r2_Im240,pooled,r2,0,0.7246693625399632,1
RIMONE_r2_Im242,pooled,r2,0,0.7213097286389448,1
RIMONE_r2_Im244,pooled,r2,0,0.7147240991214625,1
RIMONE_r2_Im246,pooled,r2,0,0.7286532039598124,1
RIMONE_r2_Im248,pooled,r2,0,0.7100321353102848,1
RIMONE_r2_Im250,pooled,r2,0,0.7297919398709091,1
RIMONE_r2_Im252,pooled,r2,0,0.7242029930901929,1
RIMONE_r2_Im254,pooled,r2,0,0.7169075984710984,1
RIMONE_r3_N-1-L_left_half,pooled,r3,0,0.722945683793238,1
RIMONE_r3_N-10-R_left_half,pooled,r3,0,0.7207002295110382,1
RIMONE_r3_N-11-L_left_half,pooled,r3,0,0.7187083549722538,1
RIMONE_r3_N-12-R_left_half,pooled,r3,0,0.71587571304572,1
RIMONE_r3_N-13-L_left_half,pooled,r3,0,0.7260391590453852,1
RIMONE_r3_N-14-R_left_half,pooled,r3,0,0.7118708033115322,1
RIMONE_r3_N-16-R_left_half,pooled,r3,0,0.7115590437901893,1
RIMONE_r3_N-17-L_left_half,pooled,r3,0,0.7176106047250821,1
RIMONE_r3_N-18-R_left_half,pooled,r3,0,0.7094678366792586,1
RIMONE_r3_N-2-R_left_half,pooled,r3,0,0.7214445556420753,1
RIMONE_r3_N-20-R_left_half,pooled,r3,0,0.713985226291,1
RIMONE_r3_N-21-L_left_half,pooled,r3,0,0.7189537816560245,1
RIMONE_r3_N-22-R_left_half,pooled,r3,0,0.7200099217729513,1
RIMONE_r3_N-23-L_left_half,pooled,r3,0,0.7122601409820122,1
RIMONE_r3_N-24-R_left_half,pooled,r3,0,0.7187930955533617,1
RIMONE_r3_N-25-L_left_half,pooled,r3,0,0.7136035631045068,1
RIMONE_r3_N-26-R_left_half,pooled,r3,0,0.710419099855927,1
RIMONE_r3_N-27-L_left_half,pooled,r3,0,0.7106520146522399,1
RIMONE_r3_N-28-R_left_half,pooled,r3,0,0.710734049709171,1
RIMONE_r3_N-29-L_left_half,pooled,r3,0,0.7223492828609638,1
RIMONE_r3_N-3-L_left_half,pooled,r3,0,0.713267066189723,1
RIMONE_r3_N-30-R_left_half,pooled,r3,0,0.7288534188135867,1
RIMONE_r3_N-31-L_left_half,pooled,r3,0,0.7115695597661319,1
RIMONE_r3_N-32-R_left_half,pooled,r3,0,0.7073437524239158,1
RIMONE_r3_N-33-L_left_half,pooled,r3,0,0.7157888142282908,1
RIMONE_r3_N-34-R_left_half,pooled,r3,0,0.7204358844139501,1
RIMONE_r3_N-35-L_left_half,pooled,r3,0,0.7255726606779929,1
RIMONE_r3_N-36-R_left_half,pooled,r3,0,0.717701602931075,1
RIMONE_r3_N-37-L_left_half,pooled,r3,0,0.7253833410883388,1
RIMONE_r3_N-38-R_left_half,pooled,r3,0,0.7203609381272014,1
RIMONE_r3_N-39-L_left_half,pooled,r3,0,0.7303460421017386,1
RIMONE_r3_N-4-R_left_half,pooled,r3,0,0.7127892467898727,1
RIMONE_r3_N-40-R_left_half,pooled,r3,0,0.7220780320678201,1
RIMONE_r3_N-41-L_left_half,pooled,r3,0,0.7168368225595635,1
RIMONE_r3_N-42-R_left_half,pooled,r3,0,0.7151530739100493,1
RIMONE_r3_N-43-L_left_half,pooled,r3,0,0.7316530329112682,1
RIMONE_r3_N-44-R_left_half,pooled,r3,0,0.7294640104745331,1
RIMONE_r3_N-46-R_left_half,pooled,r3,0,0.7245820057706408,1
RIMONE_r3_N-47-L_left_half,pooled,r3,0,0.7113048905029312,1
RIMONE_r3_N-48-R_left_half,pooled,r3,0,0.7160711520016776,1
RIMONE_r3_N-49-L_left_half,pooled,r3,0,0.7164689832563212,1
RIMONE_r3_N-5-L_left_half,pooled,r3,0,0.7148305269974399,1
RIMONE_r3_N-50-R_left_half,pooled,r3,0,0.7129358194407909,1
RIMONE_r3_N-51-L_left_half,pooled,r3,0,0.7252592459052778,1
RIMONE_r3_N-52-R_left_half,pooled,r3,0,0.7245394284790072,1
RIMONE_r3_N-53-L_left_half,pooled,r3,0,0.7201897530726775,1
RIMONE_r3_N-54-R_left_half,pooled,r3,0,0.7183571428148647,1
RIMONE_r3_N-55-L_left_half,pooled,r3,0,0.7249593112811556,1
RIMONE_r3_N-56-R_left_half,pooled,r3,0,0.7208678397458865,1
RIMONE_r3_N-58-R_left_half,pooled,r3,0,0.7144770174794292,1
RIMONE_r3_N-59-L_left_half,pooled,r3,0,0.7220568638637135,1
RIMONE_r3_N-6-R_left_half,pooled,r3,0,0.7169837097045262,1
RIMONE_r3_N-61-L_left_half,pooled,r3,0,0.7180309513819936,1
RIMONE_r3_N-62-R_left_half,pooled,r3,0,0.724386257035633,1
RIMONE_r3_N-63-L_left_half,pooled,r3,0,0.7189354947283932,1
RIMONE_r3_N-64-R_left_half,pooled,r3,0,0.7118916577652502,1
RIMONE_r3_N-65-L_left_half,pooled,r3,0,0.7293046243980005,1
RIMONE_r3_N-66-R_left_half,pooled,r3,0,0.7173980142002205,1
RIMONE_r3_N-67-L_left_half,pooled,r3,0,0.719661007881913,1
RIMONE_r3_N-68-R_left_half,pooled,r3,0,0.7226175853291498,1
RIMONE_r3_N-69-L_left_half,pooled,r3,0,0.724053915047324,1
RIMONE_r3_N-7-L_left_half,pooled,r3,0,0.7138463422759413,1
RIMONE_r3_N-70-R_left_half,pooled,r3,0,0.7185594459726496,1
RIMONE_r3_N-71-L_left_half,pooled,r3,0,0.7221503229760909,1
RIMONE_r3_N-72-R_left_half,pooled,r3,0,0.7119887455714234,1
RIMONE_r3_N-73-R_left_half,pooled,r3,0,0.7203744935961358,1
RIMONE_r3_N-74-L_left_half,pooled,r3,0,0.7112002431416957,1
RIMONE_r3_N-75-R_left_half,pooled,r3,0,0.7105889617753122,1
RIMONE_r3_N-76-R_left_half,pooled,r3,0,0.728050422001822,1
RIMONE_r3_N-78-R_left_half,pooled,r3,0,0.7195943014883037,1
RIMONE_r3_N-79-L_left_half,pooled,r3,0,0.713633131629719,1
RIMONE_r3_N-8-L_left_half,pooled,r3,0,0.7160616697266888,1
RIMONE_r3_N-80-R_left_half,pooled,r3,0,0.7184316753927977,1
RIMONE_r3_N-81-L_left_half,pooled,r3,0,0.726440194676632,1
RIMONE_r3_N-82-R_left_half,pooled,r3,0,0.7249104892030799,1
RIMONE_r3_N-83-L_left_half,pooled,r3,0,0.7221931873703518,1
RIMONE_r3_N-84-R_left_half,pooled,r3,0,0.7318384834726592,1
RIMONE_r3_N-85-L_left_half,pooled,r3,0,0.7273521519206196,1
RIMONE_r3_N-86-R_left_half,pooled,r3,0,0.7220387234760755,1
RIMONE_r3_N-87-L_left_half,pooled,r3,0,0.7153443400237274,1
RIMONE_r3_N-88-R_left_half,pooled,r3,0,0.7125035670868369,1
RIMONE_r3_N-9-L_left_half,pooled,r3,0,0.7175448362502814,1
RIMONE_r3_N-90-R_left_half,pooled,r3,0,0.7174192415362657,1
RIMONE_r3_N-91-L_left_half,pooled,r3,0,0.7208831144817082,1
RIMONE_r3_N-92-R_left_half,pooled,r3,0,0.7182867426982104,1
