image_id,outer_fold,hospital,y_true,y_prob,y_pred
RIMONE_r1_Im069,0,r1,1,0.6838020879729969,1
RIMONE_r1_Im103,0,r1,1,0.6867985586686505,1
RIMONE_r1_Im113,0,r1,1,0.6838418578309852,1
RIMONE_r1_Im117,0,r1,1,0.6843524953635987,1
RIMONE_r1_Im118,0,r1,1,0.683608357640322,1
RIMONE_r1_Im120,0,r1,1,0.6830939597369482,1
RIMONE_r1_Im121,0,r1,1,0.6838031279776461,1
RIMONE_r1_Im122,0,r1,1,0.6837268837768709,1
RIMONE_r1_Im135,0,r1,1,0.6834983286602048,1
RIMONE_r1_Im144,0,r1,1,0.6837791046431709,1
RIMONE_r1_Im158,0,r1,1,0.6833020867551731,1
RIMONE_r1_Im167,0,r1,1,0.686063757502564,1
RIMONE_r2_Im257,0,r2,1,0.6838050084101596,1
RIMONE_r2_Im258,0,r2,1,0.6838051314908404,1
RIMONE_r2_Im260,0,r2,1,0.6838051589764796,1
RIMONE_r2_Im263,0,r2,1,0.6838018668029129,1
RIMONE_r2_Im264,0,r2,1,0.6837342052762655,1
RIMONE_r2_Im266,0,r2,1,0.6838050343330957,1
RIMONE_r2_Im267,0,r2,1,0.6838049883787949,1
RIMONE_r2_Im268,0,r2,1,0.6838051828187459,1
RIMONE_r2_Im269,0,r2,1,0.6838051629323584,1
RIMONE_r2_Im270,0,r2,1,0.6838050928929794,1
RIMONE_r2_Im273,0,r2,1,0.6838050855686486,1
RIMONE_r2_Im275,0,r2,1,0.6838246389825584,1
RIMONE_r2_Im277,0,r2,1,0.6838044592078191,1
RIMONE_r2_Im281,0,r2,1,0.6838873808440461,1
RIMONE_r2_Im287,0,r2,1,0.6838048391734253,1
RIMONE_r2_Im288,0,r2,1,0.6838050728311894,1
RIMONE_r2_Im289,0,r2,1,0.6838050181434737,1
RIMONE_r2_Im290,0,r2,1,0.6838051596435961,1
RIMONE_r2_Im291,0,r2,1,0.6838050160821482,1
RIMONE_r2_Im292,0,r2,1,0.6838001902543339,1
RIMONE_r2_Im293,0,r2,1,0.6838051539118141,1
RIMONE_r2_Im294,0,r2,1,0.6838046338182043,1
RIMONE_r2_Im301,0,r2,1,0.6838014835664118,1
RIMONE_r2_Im302,0,r2,1,0.683802915029329,1
RIMONE_r2_Im303,0,r2,1,0.6838045648945742,1
RIMONE_r2_Im305,0,r2,1,0.6838048081584318,1
RIMONE_r2_Im314,0,r2,1,0.6838051510131284,1
RIMONE_r2_Im315,0,r2,1,0.6838011866769854,1
RIMONE_r2_Im317,0,r2,1,0.6837999429537781,1
RIMONE_r2_Im318,0,r2,1,0.683805179478315,1
RIMONE_r2_Im319,0,r2,1,0.6838050525061973,1
RIMONE_r2_Im320,0,r2,1,0.6838051475841064,1
RIMONE_r2_Im321,0,r2,1,0.6838034494522114,1
RIMONE_r2_Im324,0,r2,1,0.6838030917580376,1
RIMONE_r2_Im329,0,r2,1,0.6837956171845694,1
RIMONE_r2_Im330,0,r2,1,0.6837891101117661,1
RIMONE_r2_Im331,0,r2,1,0.6838049891676455,1
RIMONE_r2_Im332,0,r2,1,0.68380508858617,1
RIMONE_r2_Im333,0,r2,1,0.683802755544498,1
RIMONE_r2_Im334,0,r2,1,0.6838023315891213,1
RIMONE_r2_Im338,0,r2,1,0.6838051553428575,1
RIMONE_r2_Im339,0,r2,1,0.6838039637930718,1
RIMONE_r2_Im343,0,r2,1,0.6838051830987512,1
RIMONE_r2_Im344,0,r2,1,0.6838051594519572,1
RIMONE_r1_Im001,0,r1,0,0.6838051245971338,1
RIMONE_r1_Im003,0,r1,0,0.6838027495740213,1
RIMONE_r1_Im004,0,r1,0,0.6837990991877105,1
RIMONE_r1_Im006,0,r1,0,0.6837679899694681,1
RIMONE_r1_Im008,0,r1,0,0.6837919967518911,1
RIMONE_r1_Im011,0,r1,0,0.6838046442525508,1
RIMONE_r1_Im012,0,r1,0,0.6837049510923281,1
RIMONE_r1_Im014,0,r1,0,0.683802703867167,1
RIMONE_r1_Im015,0,r1,0,0.6837368632100107,1
RIMONE_r1_Im019,0,r1,0,0.6838048243851726,1
RIMONE_r1_Im020,0,r1,0,0.6838043803267053,1
RIMONE_r1_Im022,0,r1,0,0.6838051551532986,1
RIMONE_r1_Im023,0,r1,0,0.6838050528893945,1
RIMONE_r1_Im024,0,r1,0,0.683780528172155,1
RIMONE_r1_Im025,0,r1,0,0.683804470025951,1
RIMONE_r1_Im026,0,r1,0,0.6838051256199938,1
RIMONE_r1_Im027,0,r1,0,0.6838051684261481,1
RIMONE_r1_Im028,0,r1,0,0.683804967754364,1
RIMONE_r1_Im029,0,r1,0,0.6837828385697912,1
RIMONE_r1_Im031,0,r1,0,0.683766022354445,1
RIMONE_r1_Im032,0,r1,0,0.6838051827793887,1
RIMONE_r1_Im033,0,r1,0,0.6838051823389927,1
RIMONE_r1_Im036,0,r1,0,0.6838025032459258,1
RIMONE_r1_Im037,0,r1,0,0.6837850890138966,1
RIMONE_r1_Im040,0,r1,0,0.6838042125004654,1
RIMONE_r1_Im041,0,r1,0,0.6837983100290594,1
RIMONE_r1_Im042,0,r1,0,0.6838048170325417,1
RIMONE_r1_Im046,0,r1,0,0.6838049684329267,1
RIMONE_r1_Im047,0,r1,0,0.6838051072473849,1
RIMONE_r1_Im050,0,r1,0,0.6833614195057476,1
RIMONE_r1_Im052,0,r1,0,0.6838050972577557,1
RIMONE_r1_Im054,0,r1,0,0.6837852362929541,1
RIMONE_r1_Im055,0,r1,0,0.6838157784093066,1
RIMONE_r1_Im056,0,r1,0,0.6838201585969779,1
RIMONE_r1_Im057,0,r1,0,0.6838051025365011,1
RIMONE_r1_Im058,0,r1,0,0.6838044049371257,1
RIMONE_r1_Im059,0,r1,0,0.683805138367979,1
RIMONE_r1_Im060,0,r1,0,0.6838049505383742,1
RIMONE_r1_Im061,0,r1,0,0.6838049395267132,1
RIMONE_r1_Im062,0,r1,0,0.6837979156914511,1
RIMONE_r1_Im063,0,r1,0,0.6838029868426271,1
RIMONE_r1_Im071,0,r1,0,0.6837958289545595,1
RIMONE_r1_Im072,0,r1,0,0.683802425297088,1
RIMONE_r1_Im073,0,r1,0,0.6838050378789879,1
RIMONE_r1_Im080,0,r1,0,0.6851909411140978,1
RIMONE_r1_Im082,0,r1,0,0.6837775767629775,1
RIMONE_r1_Im086,0,r1,0,0.6830333084454165,1
RIMONE_r1_Im087,0,r1,0,0.683706620879094,1
RIMONE_r1_Im095,0,r1,0,0.683228465713878,1
RIMONE_r1_Im107,0,r1,0,0.6834483627109801,1
RIMONE_r1_Im108,0,r1,0,0.6837933822143214,1
RIMONE_r1_Im115,0,r1,0,0.6839237221477733,1
RIMONE_r1_Im116,0,r1,0,0.6837383717440217,1
RIMONE_r1_Im119,0,r1,0,0.6815317817248514,1
RIMONE_r1_Im125,0,r1,0,0.6840286589715883,1
RIMONE_r1_Im127,0,r1,0,0.6837778135701719,1
RIMONE_r1_Im128,0,r1,0,0.6833317848126965,1
RIMONE_r1_Im129,0,r1,0,0.6837844751580207,1
RIMONE_r1_Im130,0,r1,0,0.6834077014937182,1
RIMONE_r1_Im131,0,r1,0,0.6837498304488728,1
RIMONE_r1_Im132,0,r1,0,0.6837981660091814,1
RIMONE_r1_Im133,0,r1,0,0.6838020288825394,1
RIMONE_r1_Im136,0,r1,0,0.6834943437322544,1
RIMONE_r1_Im137,0,r1,0,0.6835597421521417,1
RIMONE_r1_Im138,0,r1,0,0.6843603380077109,1
RIMONE_r1_Im142,0,r1,0,0.6837854658349938,1
RIMONE_r1_Im143,0,r1,0,0.683270344693867,1
RIMONE_r1_Im145,0,r1,0,0.6835605971141347,1
RIMONE_r1_Im146,0,r1,0,0.6836464744911637,1
RIMONE_r1_Im149,0,r1,0,0.6837864837671962,1
RIMONE_r1_Im150,0,r1,0,0.6849220414409016,1
RIMONE_r1_Im151,0,r1,0,0.683464044671271,1
RIMONE_r1_Im152,0,r1,0,0.682916646259569,1
RIMONE_r1_Im153,0,r1,0,0.6837087341149267,1
RIMONE_r1_Im154,0,r1,0,0.6838963904811265,1
RIMONE_r1_Im155,0,r1,0,0.6836363500151299,1
RIMONE_r1_Im156,0,r1,0,0.6837836382446644,1
RIMONE_r1_Im159,0,r1,0,0.6834105300106856,1
RIMONE_r1_Im161,0,r1,0,0.6840905624040212,1
RIMONE_r1_Im162,0,r1,0,0.6833583063213523,1
RIMONE_r1_Im163,0,r1,0,0.6836358589352236,1
RIMONE_r1_Im164,0,r1,0,0.6839739626644019,1
RIMONE_r1_Im165,0,r1,0,0.6837821845786968,1
RIMONE_r1_Im166,0,r1,0,0.683809829670841,1
RIMONE_r1_Im168,0,r1,0,0.6830772065044898,1
RIMONE_r1_Im169,0,r1,0,0.6835717210936135,1
RIMONE_r2_Im001,0,r2,0,0.6838050197084485,1
RIMONE_r2_Im002,0,r2,0,0.6838051618817678,1
RIMONE_r2_Im003,0,r2,0,0.6838050329128577,1
RIMONE_r2_Im004,0,r2,0,0.6838050977479263,1
RIMONE_r2_Im005,0,r2,0,0.6838050628250881,1
RIMONE_r2_Im006,0,r2,0,0.6838051817068994,1
RIMONE_r2_Im007,0,r2,0,0.6838051373084271,1
RIMONE_r2_Im009,0,r2,0,0.6838049636290526,1
RIMONE_r2_Im010,0,r2,0,0.6838049587128913,1
RIMONE_r2_Im011,0,r2,0,0.6838050991259098,1
RIMONE_r2_Im012,0,r2,0,0.6838049571890334,1
RIMONE_r2_Im013,0,r2,0,0.6838051767783546,1
RIMONE_r2_Im014,0,r2,0,0.6838050697406766,1
RIMONE_r2_Im015,0,r2,0,0.6838046429396456,1
RIMONE_r2_Im016,0,r2,0,0.6838046761551363,1
RIMONE_r2_Im017,0,r2,0,0.6838051300848398,1
RIMONE_r2_Im018,0,r2,0,0.6838051778250509,1
RIMONE_r2_Im019,0,r2,0,0.6838040001587125,1
RIMONE_r2_Im020,0,r2,0,0.6838046591146433,1
RIMONE_r2_Im021,0,r2,0,0.6838050062115268,1
RIMONE_r2_Im022,0,r2,0,0.6838042127636149,1
RIMONE_r2_Im023,0,r2,0,0.6838040733172129,1
RIMONE_r2_Im024,0,r2,0,0.6838047953464351,1
RIMONE_r2_Im025,0,r2,0,0.6838050278385918,1
RIMONE_r2_Im026,0,r2,0,0.6838051524162244,1
RIMONE_r2_Im027,0,r2,0,0.6838051531956169,1
RIMONE_r2_Im028,0,r2,0,0.6838051531900561,1
RIMONE_r2_Im029,0,r2,0,0.6838004984044241,1
RIMONE_r2_Im030,0,r2,0,0.683805165502633,1
RIMONE_r2_Im031,0,r2,0,0.6838050761825826,1
RIMONE_r2_Im032,0,r2,0,0.6838048750943265,1
RIMONE_r2_Im033,0,r2,0,0.6838048170428578,1
RIMONE_r2_Im347,0,r2,1,0.6854697895358223,1
RIMONE_r2_Im348,0,r2,1,0.6837884712583753,1
RIMONE_r2_Im351,0,r2,1,0.6836799115136882,1
RIMONE_r2_Im352,0,r2,1,0.6837860300917663,1
RIMONE_r2_Im354,0,r2,1,0.6838068302988094,1
RIMONE_r2_Im355,0,r2,1,0.683805141801904,1
RIMONE_r2_Im356,0,r2,1,0.6838033691434285,1
RIMONE_r2_Im357,0,r2,1,0.6837887986189529,1
RIMONE_r2_Im358,0,r2,1,0.68365251331442,1
RIMONE_r2_Im362,0,r2,1,0.6837975947895848,1
RIMONE_r2_Im365,0,r2,1,0.6838209529963892,1
RIMONE_r2_Im366,0,r2,1,0.6841407267333345,1
RIMONE_r2_Im369,0,r2,1,0.6836256856489202,1
RIMONE_r2_Im373,0,r2,1,0.6840313537325399,1
RIMONE_r2_Im376,0,r2,1,0.683805181125981,1
RIMONE_r2_Im377,0,r2,1,0.6831033884443145,1
RIMONE_r2_Im383,0,r2,1,0.6838048205086097,1
RIMONE_r2_Im384,0,r2,1,0.6838607387598911,1
RIMONE_r2_Im385,0,r2,1,0.6839416568431237,1
RIMONE_r2_Im387,0,r2,1,0.6825689237511647,1
RIMONE_r2_Im388,0,r2,1,0.6838433564366995,1
RIMONE_r2_Im389,0,r2,1,0.6839100922934934,1
RIMONE_r2_Im390,0,r2,1,0.6838050879499022,1
RIMONE_r2_Im391,0,r2,1,0.6838685500565795,1
RIMONE_r2_Im392,0,r2,1,0.6837976298912385,1
RIMONE_r2_Im393,0,r2,1,0.6817133751139902,1
RIMONE_r2_Im398,0,r2,1,0.6836404054214275,1
RIMONE_r2_Im399,0,r2,1,0.6837851408710536,1
RIMONE_r2_Im400,0,r2,1,0.6838550865317605,1
RIMONE_r2_Im401,0,r2,1,0.6838090041890051,1
RIMONE_r2_Im402,0,r2,1,0.6855941568338713,1
RIMONE_r2_Im403,0,r2,1,0.6838085446134373,1
RIMONE_r2_Im404,0,r2,1,0.6838207626053522,1
RIMONE_r2_Im406,0,r2,1,0.6838040183188956,1
RIMONE_r2_Im407,0,r2,1,0.6837830871918402,1
RIMONE_r2_Im408,0,r2,1,0.6838027735840261,1
RIMONE_r2_Im414,0,r2,1,0.6837015480951842,1
RIMONE_r2_Im415,0,r2,1,0.6838035282562639,1
RIMONE_r2_Im416,0,r2,1,0.6838037815084377,1
RIMONE_r2_Im418,0,r2,1,0.6838037167143004,1
RIMONE_r2_Im419,0,r2,1,0.6838051540585532,1
RIMONE_r2_Im420,0,r2,1,0.6838043221054754,1
RIMONE_r2_Im421,0,r2,1,0.6838050605263929,1
RIMONE_r2_Im422,0,r2,1,0.6839311844225899,1
RIMONE_r2_Im424,0,r2,1,0.6838031216797834,1
RIMONE_r2_Im427,0,r2,1,0.683654019403913,1
RIMONE_r2_Im428,0,r2,1,0.6838103614596548,1
RIMONE_r2_Im429,0,r2,1,0.6838042878536631,1
RIMONE_r2_Im432,0,r2,1,0.6836704254187909,1
RIMONE_r2_Im433,0,r2,1,0.6835427365988475,1
RIMONE_r2_Im436,0,r2,1,0.6838017384501898,1
RIMONE_r2_Im439,0,r2,1,0.6838006049838461,1
RIMONE_r2_Im441,0,r2,1,0.6838219588371699,1
RIMONE_r2_Im442,0,r2,1,0.6838283938792102,1
RIMONE_r2_Im443,0,r2,1,0.6837766942861448,1
RIMONE_r2_Im444,0,r2,1,0.683821229542503,1
RIMONE_r2_Im445,0,r2,1,0.6837989158949475,1
RIMONE_r2_Im448,0,r2,1,0.6837473479999518,1
RIMONE_r2_Im449,0,r2,1,0.683626800368759,1
RIMONE_r2_Im450,0,r2,1,0.6837347347135254,1
RIMONE_r2_Im451,0,r2,1,0.6838554067101232,1
RIMONE_r2_Im453,0,r2,1,0.683724498183443,1
RIMONE_r2_Im454,0,r2,1,0.6838261920370253,1
RIMONE_r2_Im455,0,r2,1,0.6837560636880536,1
RIMONE_r3_G-1-L_left_half,0,r3,1,0.6838216902896613,1
RIMONE_r3_G-10-L_left_half,0,r3,1,0.6803935703046011,1
RIMONE_r3_G-11-R_left_half,0,r3,1,0.682154457669629,1
RIMONE_r3_G-12-L_left_half,0,r3,1,0.6837763776075962,1
RIMONE_r3_G-13-R_left_half,0,r3,1,0.6826901882391314,1
RIMONE_r3_G-14-R_left_half,0,r3,1,0.6836648250353228,1
RIMONE_r3_G-15-L_left_half,0,r3,1,0.6850399165066641,1
RIMONE_r3_G-16-R_left_half,0,r3,1,0.6838964787558931,1
RIMONE_r3_G-17-L_left_half,0,r3,1,0.6837810823029752,1
RIMONE_r3_G-18-R_left_half,0,r3,1,0.6837985405324749,1
RIMONE_r3_G-2-R_left_half,0,r3,1,0.6838886993106372,1
RIMONE_r3_G-22-L_left_half,0,r3,1,0.6844868050094515,1
RIMONE_r3_G-23-R_left_half,0,r3,1,0.6832542482302281,1
RIMONE_r3_G-25-L_left_half,0,r3,1,0.6841884149475367,1
RIMONE_r3_G-27-R_left_half,0,r3,1,0.6849224955089016,1
RIMONE_r3_G-29-R_left_half,0,r3,1,0.6838840439810349,1
RIMONE_r3_G-3-R_left_half,0,r3,1,0.6763084767835512,1
RIMONE_r3_G-30-L_left_half,0,r3,1,0.6821310321263945,1
RIMONE_r3_G-31-R_left_half,0,r3,1,0.68307851391069,1
RIMONE_r3_G-32-L_left_half,0,r3,1,0.6800939559015333,1
RIMONE_r3_G-33-R_left_half,0,r3,1,0.6837960445240774,1
RIMONE_r3_G-34-L_left_half,0,r3,1,0.6797352098473538,1
RIMONE_r3_G-35-R_left_half,0,r3,1,0.6838048310430322,1
RIMONE_r3_G-37-R_left_half,0,r3,1,0.6822059847565174,1
RIMONE_r3_G-38-L_left_half,0,r3,1,0.6841124454405493,1
RIMONE_r3_G-39-L_left_half,0,r3,1,0.6824143734379837,1
RIMONE_r3_G-6-L_left_half,0,r3,1,0.6878478460954606,1
RIMONE_r3_G-8-R_left_half,0,r3,1,0.6838050781061484,1
RIMONE_r3_G-9-R_left_half,0,r3,1,0.6843821202934577,1
RIMONE_r3_S-1-L_left_half,0,r3,1,0.683803976754202,1
RIMONE_r3_S-10-R_left_half,0,r3,1,0.6761797350815889,1
RIMONE_r3_S-11-L_left_half,0,r3,1,0.6837913085703569,1
RIMONE_r3_S-12-L_left_half,0,r3,1,0.6764524006982139,1
RIMONE_r3_S-13-R_left_half,0,r3,1,0.6828740582633738,1
RIMONE_r3_S-14-R_left_half,0,r3,1,0.683790920187164,1
RIMONE_r3_S-18-L_left_half,0,r3,1,0.6837993828278989,1
RIMONE_r3_S-19-R_left_half,0,r3,1,0.6838087954256116,1
RIMONE_r3_S-2-L_left_half,0,r3,1,0.6838017614162573,1
RIMONE_r3_S-20-L_left_half,0,r3,1,0.6837514372397417,1
RIMONE_r3_S-21-R_left_half,0,r3,1,0.6804990798362912,1
RIMONE_r3_S-25-L_left_half,0,r3,1,0.6792943938126054,1
RIMONE_r3_S-26-R_left_half,0,r3,1,0.6809927318191439,1
RIMONE_r3_S-28-R_left_half,0,r3,1,0.6849910257433323,1
RIMONE_r3_S-29-R_left_half,0,r3,1,0.683806502317186,1
RIMONE_r3_S-30-L_left_half,0,r3,1,0.6838030410371625,1
RIMONE_r3_S-31-L_left_half,0,r3,1,0.6838011959469682,1
RIMONE_r3_S-32-L_left_half,0,r3,1,0.6838015195900057,1
RIMONE_r3_S-33-R_left_half,0,r3,1,0.6838131824918959,1
RIMONE_r3_S-35-R_left_half,0,r3,1,0.683588811160977,1
RIMONE_r3_S-4-L_left_half,0,r3,1,0.6790997548242587,1
RIMONE_r3_S-6-R_left_half,0,r3,1,0.6830727835983574,1
RIMONE_r3_S-9-L_left_half,0,r3,1,0.6730443798321041,1
RIMONE_r2_Im034,0,r2,0,0.6838040936246278,1
RIMONE_r2_Im036,0,r2,0,0.6837996650983724,1
RIMONE_r2_Im038,0,r2,0,0.6838050981866575,1
RIMONE_r2_Im040,0,r2,0,0.6837938946108407,1
RIMONE_r2_Im042,0,r2,0,0.6838453141349704,1
RIMONE_r2_Im044,0,r2,0,0.6838051828938222,1
RIMONE_r2_Im046,0,r2,0,0.6838051827176437,1
RIMONE_r2_Im048,0,r2,0,0.6837878267437552,1
RIMONE_r2_Im050,0,r2,0,0.6837984238574539,1
RIMONE_r2_Im052,0,r2,0,0.6838015393859906,1
RIMONE_r2_Im054,0,r2,0,0.6837826938556462,1
RIMONE_r2_Im056,0,r2,0,0.6837750102337313,1
RIMONE_r2_Im058,0,r2,0,0.6837281660593997,1
RIMONE_r2_Im060,0,r2,0,0.6838010445015142,1
RIMONE_r2_Im062,0,r2,0,0.6837751945812126,1
RIMONE_r2_Im064,0,r2,0,0.6838033453294124,1
RIMONE_r2_Im066,0,r2,0,0.6837710213608772,1
RIMONE_r2_Im068,0,r2,0,0.6837913781060606,1
RIMONE_r2_Im070,0,r2,0,0.6838004543396631,1
RIMONE_r2_Im072,0,r2,0,0.6837996704120247,1
RIMONE_r2_Im074,0,r2,0,0.683803189302946,1
RIMONE_r2_Im076,0,r2,0,0.6837794542450895,1
RIMONE_r2_Im078,0,r2,0,0.6837912313197072,1
RIMONE_r2_Im080,0,r2,0,0.6837941607517787,1
RIMONE_r2_Im082,0,r2,0,0.6838115714238527,1
RIMONE_r2_Im084,0,r2,0,0.6838126392104555,1
RIMONE_r2_Im086,0,r2,0,0.683801467641379,1
RIMONE_r2_Im088,0,r2,0,0.6837918861866337,1
RIMONE_r2_Im090,0,r2,0,0.6838001460331093,1
RIMONE_r2_Im092,0,r2,0,0.6837730271695436,1
RIMONE_r2_Im094,0,r2,0,0.6837796497410479,1
RIMONE_r2_Im096,0,r2,0,0.6838048885227577,1
RIMONE_r2_Im098,0,r2,0,0.6838020514979567,1
RIMONE_r2_Im100,0,r2,0,0.6837930257012191,1
RIMONE_r2_Im102,0,r2,0,0.6838029754725433,1
RIMONE_r2_Im104,0,r2,0,0.6838030332677589,1
RIMONE_r2_Im106,0,r2,0,0.6838020150850914,1
RIMONE_r2_Im108,0,r2,0,0.6838016986078236,1
RIMONE_r2_Im110,0,r2,0,0.6838016096073082,1
RIMONE_r2_Im112,0,r2,0,0.6836284488636944,1
RIMONE_r2_Im114,0,r2,0,0.6837549506366069,1
RIMONE_r2_Im116,0,r2,0,0.6838051762467845,1
RIMONE_r2_Im118,0,r2,0,0.6838015978246823,1
RIMONE_r2_Im120,0,r2,0,0.6838051727354225,1
RIMONE_r2_Im122,0,r2,0,0.6838049791231218,1
RIMONE_r2_Im124,0,r2,0,0.6837980536933157,1
RIMONE_r2_Im126,0,r2,0,0.6836149834624478,1
RIMONE_r2_Im128,0,r2,0,0.6838022477332796,1
RIMONE_r2_Im130,0,r2,0,0.6838049871334283,1
RIMONE_r2_Im132,0,r2,0,0.6838051830467948,1
RIMONE_r2_Im134,0,r2,0,0.683748278025537,1
RIMONE_r2_Im136,0,r2,0,0.683804834217116,1
RIMONE_r2_Im138,0,r2,0,0.6837775407769832,1
RIMONE_r2_Im140,0,r2,0,0.6838037934091881,1
RIMONE_r2_Im142,0,r2,0,0.6838030812168757,1
RIMONE_r2_Im144,0,r2,0,0.6838016105773337,1
RIMONE_r2_Im146,0,r2,0,0.6838050807338212,1
RIMONE_r2_Im148,0,r2,0,0.6838047745489836,1
RIMONE_r2_Im150,0,r2,0,0.6838001096754839,1
RIMONE_r2_Im152,0,r2,0,0.6838026764336582,1
RIMONE_r2_Im154,0,r2,0,0.6837987422108731,1
RIMONE_r2_Im156,0,r2,0,0.6838021845470231,1
RIMONE_r2_Im158,0,r2,0,0.6838045942891783,1
RIMONE_r2_Im160,0,r2,0,0.6838051324013515,1
RIMONE_r2_Im162,0,r2,0,0.6838235152081201,1
RIMONE_r2_Im164,0,r2,0,0.6837372162441411,1
RIMONE_r2_Im166,0,r2,0,0.6837319614987356,1
RIMONE_r2_Im168,0,r2,0,0.6837765509779254,1
RIMONE_r2_Im170,0,r2,0,0.6837912619877193,1
RIMONE_r2_Im172,0,r2,0,0.6838030660333503,1
RIMONE_r2_Im174,0,r2,0,0.6837170598722384,1
RIMONE_r2_Im176,0,r2,0,0.6837722822199032,1
RIMONE_r2_Im178,0,r2,0,0.6838014354556592,1
RIMONE_r2_Im180,0,r2,0,0.6837818055270422,1
RIMONE_r2_Im182,0,r2,0,0.683804404904921,1
RIMONE_r2_Im184,0,r2,0,0.6837999206874746,1
RIMONE_r2_Im186,0,r2,0,0.68380148990744,1
RIMONE_r2_Im188,0,r2,0,0.6838511542310612,1
RIMONE_r2_Im190,0,r2,0,0.6837895087703586,1
RIMONE_r2_Im192,0,r2,0,0.6838044170737968,1
RIMONE_r2_Im194,0,r2,0,0.6837894602781431,1
RIMONE_r2_Im196,0,r2,0,0.6838040708104672,1
RIMONE_r2_Im198,0,r2,0,0.6838031882994621,1
RIMONE_r2_Im200,0,r2,0,0.6837543440035608,1
RIMONE_r2_Im202,0,r2,0,0.6838109559022678,1
RIMONE_r2_Im206,0,r2,0,0.6838010926280098,1
RIMONE_r2_Im208,0,r2,0,0.6838009650894367,1
RIMONE_r2_Im210,0,r2,0,0.6837970706426085,1
RIMONE_r2_Im212,0,r2,0,0.6838051035307605,1
RIMONE_r2_Im214,0,r2,0,0.6837855872988247,1
RIMONE_r2_Im216,0,r2,0,0.683804080850747,1
RIMONE_r2_Im218,0,r2,0,0.6837862762160895,1
RIMONE_r2_Im220,0,r2,0,0.6838442195953172,1
RIMONE_r2_Im222,0,r2,0,0.6838016097986626,1
RIMONE_r2_Im224,0,r2,0,0.6838051724071912,1
RIMONE_r2_Im226,0,r2,0,0.6837983094445401,1
RIMONE_r2_Im228,0,r2,0,0.6839876301736496,1
RIMONE_r2_Im230,0,r2,0,0.6829515337847394,1
RIMONE_r2_Im232,0,r2,0,0.6837964172003298,1
RIMONE_r2_Im234,0,r2,0,0.6837901127799021,1
RIMONE_r2_Im236,0,r2,0,0.683805175817024,1
RIMONE_r2_Im238,0,r2,0,0.6837938395318108,1
RIMONE_r2_Im240,0,r2,0,0.6837878230329508,1
RIMONE_r2_Im242,0,r2,0,0.6838037433089889,1
RIMONE_r2_Im244,0,r2,0,0.6838047353430835,1
RIMONE_r2_Im246,0,r2,0,0.6837704998398837,1
RIMONE_r2_Im248,0,r2,0,0.6838046649691482,1
RIMONE_r2_Im250,0,r2,0,0.6837255204379591,1
RIMONE_r2_Im252,0,r2,0,0.6837958429108965,1
RIMONE_r2_Im254,0,r2,0,0.683804909835096,1
RIMONE_r3_N-1-L_left_half,0,r3,0,0.6843174378593213,1
RIMONE_r3_N-10-R_left_half,0,r3,0,0.6829311229618329,1
RIMONE_r3_N-11-L_left_half,0,r3,0,0.6815593028757365,1
RIMONE_r3_N-12-R_left_half,0,r3,0,0.6787760221508834,1
RIMONE_r3_N-13-L_left_half,0,r3,0,0.6834640067516037,1
RIMONE_r3_N-14-R_left_half,0,r3,0,0.6838044536038519,1
RIMONE_r3_N-16-R_left_half,0,r3,0,0.6838023387330218,1
RIMONE_r3_N-17-L_left_half,0,r3,0,0.6837751069376482,1
RIMONE_r3_N-18-R_left_half,0,r3,0,0.6837924628918528,1
RIMONE_r3_N-2-R_left_half,0,r3,0,0.6837506541365477,1
RIMONE_r3_N-20-R_left_half,0,r3,0,0.6838051663182433,1
RIMONE_r3_N-21-L_left_half,0,r3,0,0.6836502683890431,1
RIMONE_r3_N-22-R_left_half,0,r3,0,0.6830779162435952,1
RIMONE_r3_N-23-L_left_half,0,r3,0,0.6837815656083623,1
RIMONE_r3_N-24-R_left_half,0,r3,0,0.6817298026168231,1
RIMONE_r3_N-25-L_left_half,0,r3,0,0.6838152736467915,1
RIMONE_r3_N-26-R_left_half,0,r3,0,0.6838003555160855,1
RIMONE_r3_N-27-L_left_half,0,r3,0,0.6837994483919569,1
RIMONE_r3_N-28-R_left_half,0,r3,0,0.683801394260764,1
RIMONE_r3_N-29-L_left_half,0,r3,0,0.6838028637882856,1
RIMONE_r3_N-3-L_left_half,0,r3,0,0.6837947886956258,1
RIMONE_r3_N-30-R_left_half,0,r3,0,0.6836725679398282,1
RIMONE_r3_N-31-L_left_half,0,r3,0,0.6837934681233964,1
RIMONE_r3_N-32-R_left_half,0,r3,0,0.6837875700402318,1
RIMONE_r3_N-33-L_left_half,0,r3,0,0.6837953073711379,1
RIMONE_r3_N-34-R_left_half,0,r3,0,0.6838016513383985,1
RIMONE_r3_N-35-L_left_half,0,r3,0,0.6839170614053858,1
RIMONE_r3_N-36-R_left_half,0,r3,0,0.6838087639870783,1
RIMONE_r3_N-37-L_left_half,0,r3,0,0.6836337800811851,1
RIMONE_r3_N-38-R_left_half,0,r3,0,0.6819890853204336,1
RIMONE_r3_N-39-L_left_half,0,r3,0,0.6837460367201725,1
RIMONE_r3_N-4-R_left_half,0,r3,0,0.683797604317675,1
RIMONE_r3_N-40-R_left_half,0,r3,0,0.6837764366211861,1
RIMONE_r3_N-41-L_left_half,0,r3,0,0.6837509838523406,1
RIMONE_r3_N-42-R_left_half,0,r3,0,0.6836991508475434,1
RIMONE_r3_N-43-L_left_half,0,r3,0,0.6836421232347065,1
RIMONE_r3_N-44-R_left_half,0,r3,0,0.683001736118947,1
RIMONE_r3_N-46-R_left_half,0,r3,0,0.6830161254163901,1
RIMONE_r3_N-47-L_left_half,0,r3,0,0.6838265865794318,1
RIMONE_r3_N-48-R_left_half,0,r3,0,0.6806038574805179,1
RIMONE_r3_N-49-L_left_half,0,r3,0,0.683786950440217,1
RIMONE_r3_N-5-L_left_half,0,r3,0,0.6837989694125903,1
RIMONE_r3_N-50-R_left_half,0,r3,0,0.6837744461119778,1
RIMONE_r3_N-51-L_left_half,0,r3,0,0.6737864505713883,1
RIMONE_r3_N-52-R_left_half,0,r3,0,0.6802041668786554,1
RIMONE_r3_N-53-L_left_half,0,r3,0,0.683954894684744,1
RIMONE_r3_N-54-R_left_half,0,r3,0,0.6838766084729989,1
RIMONE_r3_N-55-L_left_half,0,r3,0,0.6838447801092817,1
RIMONE_r3_N-56-R_left_half,0,r3,0,0.6843949899538418,1
RIMONE_r3_N-58-R_left_half,0,r3,0,0.683799741025269,1
RIMONE_r3_N-59-L_left_half,0,r3,0,0.683401384108342,1
RIMONE_r3_N-6-R_left_half,0,r3,0,0.6836617451375624,1
RIMONE_r3_N-61-L_left_half,0,r3,0,0.6818322077765332,1
RIMONE_r3_N-62-R_left_half,0,r3,0,0.6825322457053052,1
RIMONE_r3_N-63-L_left_half,0,r3,0,0.6838179568472748,1
RIMONE_r3_N-64-R_left_half,0,r3,0,0.6838033140338587,1
RIMONE_r3_N-65-L_left_half,0,r3,0,0.6835219472076578,1
RIMONE_r3_N-66-R_left_half,0,r3,0,0.6850971682692403,1
RIMONE_r3_N-67-L_left_half,0,r3,0,0.6830259128288093,1
RIMONE_r3_N-68-R_left_half,0,r3,0,0.6834753255074199,1
RIMONE_r3_N-69-L_left_half,0,r3,0,0.6840648546772862,1
RIMONE_r3_N-7-L_left_half,0,r3,0,0.6838423714383205,1
RIMONE_r3_N-70-R_left_half,0,r3,0,0.6837988652124264,1
RIMONE_r3_N-71-L_left_half,0,r3,0,0.6833462109789958,1
RIMONE_r3_N-72-R_left_half,0,r3,0,0.683801993436713,1
RIMONE_r3_N-73-R_left_half,0,r3,0,0.6837801164554089,1
RIMONE_r3_N-74-L_left_half,0,r3,0,0.6837912154771922,1
RIMONE_r3_N-75-R_left_half,0,r3,0,0.6837991410010933,1
RIMONE_r3_N-76-R_left_half,0,r3,0,0.683743077124312,1
RIMONE_r3_N-78-R_left_half,0,r3,0,0.6837976842187047,1
RIMONE_r3_N-79-L_left_half,0,r3,0,0.6838527283041518,1
RIMONE_r3_N-8-L_left_half,0,r3,0,0.6837986762863933,1
RIMONE_r3_N-80-R_left_half,0,r3,0,0.6904138667344898,1
RIMONE_r3_N-81-L_left_half,0,r3,0,0.6836263418335148,1
RIMONE_r3_N-82-R_left_half,0,r3,0,0.6843150984089156,1
RIMONE_r3_N-83-L_left_half,0,r3,0,0.6845600540210464,1
RIMONE_r3_N-84-R_left_half,0,r3,0,0.6841534143386612,1
RIMONE_r3_N-85-L_left_half,0,r3,0,0.6837891681185798,1
RIMONE_r3_N-86-R_left_half,0,r3,0,0.6837920032022192,1
RIMONE_r3_N-87-L_left_half,0,r3,0,0.6837531337118712,1
RIMONE_r3_N-88-R_left_half,0,r3,0,0.6837977232505081,1
RIMONE_r3_N-9-L_left_half,0,r3,0,0.6837876582852909,1
RIMONE_r3_N-90-R_left_half,0,r3,0,0.6837713227504225,1
RIMONE_r3_N-91-L_left_half,0,r3,0,0.6835927873557597,1
RIMONE_r3_N-92-R_left_half,0,r3,0,0.6837423799033645,1
RIMONE_r1_Im069,1,r1,1,0.7034255323059617,1
RIMONE_r1_Im103,1,r1,1,0.7133719815043041,1
RIMONE_r1_Im113,1,r1,1,0.7037361684963935,1
RIMONE_r1_Im117,1,r1,1,0.706820268876378,1
RIMONE_r1_Im118,1,r1,1,0.7032780572136024,1
RIMONE_r1_Im120,1,r1,1,0.7014724980532551,1
RIMONE_r1_Im121,1,r1,1,0.7034156329476396,1
RIMONE_r1_Im122,1,r1,1,0.7041262501368517,1
RIMONE_r1_Im135,1,r1,1,0.7025424346304489,1
RIMONE_r1_Im144,1,r1,1,0.7033852199660603,1
RIMONE_r1_Im158,1,r1,1,0.7024106456190633,1
RIMONE_r1_Im167,1,r1,1,0.7111830421248029,1
RIMONE_r2_Im257,1,r2,1,0.7034163855671084,1
RIMONE_r2_Im258,1,r2,1,0.7034168058452676,1
RIMONE_r2_Im260,1,r2,1,0.7034169115612354,1
RIMONE_r2_Im263,1,r2,1,0.7034219965661086,1
RIMONE_r2_Im264,1,r2,1,0.7032627889008619,1
RIMONE_r2_Im266,1,r2,1,0.703416738615672,1
RIMONE_r2_Im267,1,r2,1,0.7034170347233174,1
RIMONE_r2_Im268,1,r2,1,0.7034170807455985,1
RIMONE_r2_Im269,1,r2,1,0.7034170357717269,1
RIMONE_r2_Im270,1,r2,1,0.7034169943215933,1
RIMONE_r2_Im273,1,r2,1,0.7034171077179489,1
RIMONE_r2_Im275,1,r2,1,0.7038448122908102,1
RIMONE_r2_Im277,1,r2,1,0.7034136581320425,1
RIMONE_r2_Im281,1,r2,1,0.7052220155707096,1
RIMONE_r2_Im287,1,r2,1,0.7034156279993905,1
RIMONE_r2_Im288,1,r2,1,0.7034168349142637,1
RIMONE_r2_Im289,1,r2,1,0.7034167180218495,1
RIMONE_r2_Im290,1,r2,1,0.7034168786043935,1
RIMONE_r2_Im291,1,r2,1,0.7034169826712576,1
RIMONE_r2_Im292,1,r2,1,0.7034155211293068,1
RIMONE_r2_Im293,1,r2,1,0.7034169719695761,1
RIMONE_r2_Im294,1,r2,1,0.7034158054966535,1
RIMONE_r2_Im301,1,r2,1,0.7034050801823244,1
RIMONE_r2_Im302,1,r2,1,0.7034118359537579,1
RIMONE_r2_Im303,1,r2,1,0.7034152986445847,1
RIMONE_r2_Im305,1,r2,1,0.7034162934776079,1
RIMONE_r2_Im314,1,r2,1,0.7034168190750004,1
RIMONE_r2_Im315,1,r2,1,0.7034030830920246,1
RIMONE_r2_Im317,1,r2,1,0.7033997168872043,1
RIMONE_r2_Im318,1,r2,1,0.7034170566178264,1
RIMONE_r2_Im319,1,r2,1,0.7034169271422941,1
RIMONE_r2_Im320,1,r2,1,0.7034168855427873,1
RIMONE_r2_Im321,1,r2,1,0.7034110435531691,1
RIMONE_r2_Im324,1,r2,1,0.7034117666481149,1
RIMONE_r2_Im329,1,r2,1,0.703416178904927,1
RIMONE_r2_Im330,1,r2,1,0.7034360555100432,1
RIMONE_r2_Im331,1,r2,1,0.7034160454062668,1
RIMONE_r2_Im332,1,r2,1,0.7034167634865239,1
RIMONE_r2_Im333,1,r2,1,0.703411642777035,1
RIMONE_r2_Im334,1,r2,1,0.7034092383243299,1
RIMONE_r2_Im338,1,r2,1,0.7034168718269133,1
RIMONE_r2_Im339,1,r2,1,0.703417585162779,1
RIMONE_r2_Im343,1,r2,1,0.7034170805110447,1
RIMONE_r2_Im344,1,r2,1,0.7034169457417425,1
RIMONE_r1_Im001,1,r1,0,0.7034165403196204,1
RIMONE_r1_Im003,1,r1,0,0.703412803597374,1
RIMONE_r1_Im004,1,r1,0,0.7034190151872765,1
RIMONE_r1_Im006,1,r1,0,0.7032913278333421,1
RIMONE_r1_Im008,1,r1,0,0.7033785774689697,1
RIMONE_r1_Im011,1,r1,0,0.703414576206546,1
RIMONE_r1_Im012,1,r1,0,0.7031418380253546,1
RIMONE_r1_Im014,1,r1,0,0.7034112797511695,1
RIMONE_r1_Im015,1,r1,0,0.7032886243725974,1
RIMONE_r1_Im019,1,r1,0,0.7034150519015943,1
RIMONE_r1_Im020,1,r1,0,0.7034128029241014,1
RIMONE_r1_Im022,1,r1,0,0.7034170055710409,1
RIMONE_r1_Im023,1,r1,0,0.7034168752455269,1
RIMONE_r1_Im024,1,r1,0,0.7033312343464592,1
RIMONE_r1_Im025,1,r1,0,0.7034149052616603,1
RIMONE_r1_Im026,1,r1,0,0.7034167260442303,1
RIMONE_r1_Im027,1,r1,0,0.703416937615079,1
RIMONE_r1_Im028,1,r1,0,0.7036906086553113,1
RIMONE_r1_Im029,1,r1,0,0.7035268015683932,1
RIMONE_r1_Im031,1,r1,0,0.7033120085509935,1
RIMONE_r1_Im032,1,r1,0,0.7034170775175812,1
RIMONE_r1_Im033,1,r1,0,0.7034170741989623,1
RIMONE_r1_Im036,1,r1,0,0.703455339199884,1
RIMONE_r1_Im037,1,r1,0,0.7034531524098244,1
RIMONE_r1_Im040,1,r1,0,0.703414647168061,1
RIMONE_r1_Im041,1,r1,0,0.703394646810609,1
RIMONE_r1_Im042,1,r1,0,0.7034149408342658,1
RIMONE_r1_Im046,1,r1,0,0.7034159193827113,1
RIMONE_r1_Im047,1,r1,0,0.7034167240313133,1
RIMONE_r1_Im050,1,r1,0,0.7021989969803932,1
RIMONE_r1_Im052,1,r1,0,0.7034169102595902,1
RIMONE_r1_Im054,1,r1,0,0.7033776651117998,1
RIMONE_r1_Im055,1,r1,0,0.7037436357118496,1
RIMONE_r1_Im056,1,r1,0,0.7039749994211855,1
RIMONE_r1_Im057,1,r1,0,0.7034164368790964,1
RIMONE_r1_Im058,1,r1,0,0.7034129485440856,1
RIMONE_r1_Im059,1,r1,0,0.7034168268253882,1
RIMONE_r1_Im060,1,r1,0,0.7034167276487236,1
RIMONE_r1_Im061,1,r1,0,0.7034158895899273,1
RIMONE_r1_Im062,1,r1,0,0.7034494483894668,1
RIMONE_r1_Im063,1,r1,0,0.7034141384646871,1
RIMONE_r1_Im071,1,r1,0,0.7034050494424318,1
RIMONE_r1_Im072,1,r1,0,0.7033958428651219,1
RIMONE_r1_Im073,1,r1,0,0.7034151442783895,1
RIMONE_r1_Im080,1,r1,0,0.7102582947368774,1
RIMONE_r1_Im082,1,r1,0,0.7037873167742389,1
RIMONE_r1_Im086,1,r1,0,0.7015946015386897,1
RIMONE_r1_Im087,1,r1,0,0.7042113344007197,1
RIMONE_r1_Im095,1,r1,0,0.7009786727026279,1
RIMONE_r1_Im107,1,r1,0,0.70255151230083,1
RIMONE_r1_Im108,1,r1,0,0.703398574288082,1
RIMONE_r1_Im115,1,r1,0,0.7053562659932192,1
RIMONE_r1_Im116,1,r1,0,0.7041513202505904,1
RIMONE_r1_Im119,1,r1,0,0.7011739791623718,1
RIMONE_r1_Im125,1,r1,0,0.7047763897318541,1
RIMONE_r1_Im127,1,r1,0,0.7033731699416024,1
RIMONE_r1_Im128,1,r1,0,0.7015805176614209,1
RIMONE_r1_Im129,1,r1,0,0.7039921251960646,1
RIMONE_r1_Im130,1,r1,0,0.7024532447125018,1
RIMONE_r1_Im131,1,r1,0,0.7053186418603308,1
RIMONE_r1_Im132,1,r1,0,0.7033961497019146,1
RIMONE_r1_Im133,1,r1,0,0.7034134830610891,1
RIMONE_r1_Im136,1,r1,0,0.7028305893535894,1
RIMONE_r1_Im137,1,r1,0,0.703889533566601,1
RIMONE_r1_Im138,1,r1,0,0.708109946895689,1
RIMONE_r1_Im142,1,r1,0,0.7037386092276121,1
RIMONE_r1_Im143,1,r1,0,0.7024469008928401,1
RIMONE_r1_Im145,1,r1,0,0.7033415707651804,1
RIMONE_r1_Im146,1,r1,0,0.7028801895294248,1
RIMONE_r1_Im149,1,r1,0,0.7036683176788192,1
RIMONE_r1_Im150,1,r1,0,0.7082248358106477,1
RIMONE_r1_Im151,1,r1,0,0.7031748608718879,1
RIMONE_r1_Im152,1,r1,0,0.7016731785221763,1
RIMONE_r1_Im153,1,r1,0,0.7029517314436943,1
RIMONE_r1_Im154,1,r1,0,0.7060170060508566,1
RIMONE_r1_Im155,1,r1,0,0.7029770808434709,1
RIMONE_r1_Im156,1,r1,0,0.703368832911103,1
RIMONE_r1_Im159,1,r1,0,0.7021515468072348,1
RIMONE_r1_Im161,1,r1,0,0.705493477945101,1
RIMONE_r1_Im162,1,r1,0,0.7033888531073543,1
RIMONE_r1_Im163,1,r1,0,0.7033899358925787,1
RIMONE_r1_Im164,1,r1,0,0.7051767966841227,1
RIMONE_r1_Im165,1,r1,0,0.7037267028914884,1
RIMONE_r1_Im166,1,r1,0,0.703574515658581,1
RIMONE_r1_Im168,1,r1,0,0.702365559219522,1
RIMONE_r1_Im169,1,r1,0,0.7042288405019115,1
RIMONE_r2_Im001,1,r2,0,0.7034165290541154,1
RIMONE_r2_Im002,1,r2,0,0.7034170275270488,1
RIMONE_r2_Im003,1,r2,0,0.7034166251149349,1
RIMONE_r2_Im004,1,r2,0,0.7034166350398814,1
RIMONE_r2_Im005,1,r2,0,0.7034166358977985,1
RIMONE_r2_Im006,1,r2,0,0.7034170718113595,1
RIMONE_r2_Im007,1,r2,0,0.7034167768559231,1
RIMONE_r2_Im009,1,r2,0,0.7034164487223857,1
RIMONE_r2_Im010,1,r2,0,0.7034164747410148,1
RIMONE_r2_Im011,1,r2,0,0.7034167020182805,1
RIMONE_r2_Im012,1,r2,0,0.7034161096127816,1
RIMONE_r2_Im013,1,r2,0,0.7034170294593406,1
RIMONE_r2_Im014,1,r2,0,0.7034166299749921,1
RIMONE_r2_Im015,1,r2,0,0.7034165019428659,1
RIMONE_r2_Im016,1,r2,0,0.7034170715162792,1
RIMONE_r2_Im017,1,r2,0,0.7034166824451095,1
RIMONE_r2_Im018,1,r2,0,0.7034170531574523,1
RIMONE_r2_Im019,1,r2,0,0.7034148874889605,1
RIMONE_r2_Im020,1,r2,0,0.7034158598510191,1
RIMONE_r2_Im021,1,r2,0,0.7034172126090459,1
RIMONE_r2_Im022,1,r2,0,0.7034162364567866,1
RIMONE_r2_Im023,1,r2,0,0.7034161688110953,1
RIMONE_r2_Im024,1,r2,0,0.7034166159377742,1
RIMONE_r2_Im025,1,r2,0,0.7034169073851932,1
RIMONE_r2_Im026,1,r2,0,0.7034170433119923,1
RIMONE_r2_Im027,1,r2,0,0.7034169428790648,1
RIMONE_r2_Im028,1,r2,0,0.703416960904405,1
RIMONE_r2_Im029,1,r2,0,0.7034004072343484,1
RIMONE_r2_Im030,1,r2,0,0.7034169179534119,1
RIMONE_r2_Im031,1,r2,0,0.7034164047045065,1
RIMONE_r2_Im032,1,r2,0,0.7034167285230007,1
RIMONE_r2_Im033,1,r2,0,0.7034161604696447,1
RIMONE_r2_Im347,1,r2,1,0.6890118333359574,1
RIMONE_r2_Im348,1,r2,1,0.7033780352081025,1
RIMONE_r2_Im351,1,r2,1,0.7031412281502029,1
RIMONE_r2_Im352,1,r2,1,0.7033927291032839,1
RIMONE_r2_Im354,1,r2,1,0.7034349722162847,1
RIMONE_r2_Im355,1,r2,1,0.7034412971101278,1
RIMONE_r2_Im356,1,r2,1,0.703420335690377,1
RIMONE_r2_Im357,1,r2,1,0.7033762082024714,1
RIMONE_r2_Im358,1,r2,1,0.7029607503690057,1
RIMONE_r2_Im362,1,r2,1,0.7034030960834871,1
RIMONE_r2_Im365,1,r2,1,0.7037433016832313,1
RIMONE_r2_Im366,1,r2,1,0.7041371872846202,1
RIMONE_r2_Im369,1,r2,1,0.7018239397030883,1
RIMONE_r2_Im373,1,r2,1,0.7040597514229137,1
RIMONE_r2_Im376,1,r2,1,0.7034170695188214,1
RIMONE_r2_Im377,1,r2,1,0.7014530536333478,1
RIMONE_r2_Im383,1,r2,1,0.7034169516885098,1
RIMONE_r2_Im384,1,r2,1,0.70361854840324,1
RIMONE_r2_Im385,1,r2,1,0.7039877710316863,1
RIMONE_r2_Im387,1,r2,1,0.7012031490836373,1
RIMONE_r2_Im388,1,r2,1,0.7038462046532178,1
RIMONE_r2_Im389,1,r2,1,0.7039551164558124,1
RIMONE_r2_Im390,1,r2,1,0.7034717800463861,1
RIMONE_r2_Im391,1,r2,1,0.7038335238540087,1
RIMONE_r2_Im392,1,r2,1,0.7035500776145694,1
RIMONE_r2_Im393,1,r2,1,0.6959182133336582,1
RIMONE_r2_Im398,1,r2,1,0.7029326494232494,1
RIMONE_r2_Im399,1,r2,1,0.7033404044191811,1
RIMONE_r2_Im400,1,r2,1,0.7036660336398538,1
RIMONE_r2_Im401,1,r2,1,0.7034496441183438,1
RIMONE_r2_Im402,1,r2,1,0.7120970190929679,1
RIMONE_r2_Im403,1,r2,1,0.7034834070091219,1
RIMONE_r2_Im404,1,r2,1,0.7035349773172562,1
RIMONE_r2_Im406,1,r2,1,0.7034185779757136,1
RIMONE_r2_Im407,1,r2,1,0.7033595652901262,1
RIMONE_r2_Im408,1,r2,1,0.7034107146753792,1
RIMONE_r2_Im414,1,r2,1,0.7033027257411161,1
RIMONE_r2_Im415,1,r2,1,0.7034140996630776,1
RIMONE_r2_Im416,1,r2,1,0.703420799768918,1
RIMONE_r2_Im418,1,r2,1,0.7035222809642089,1
RIMONE_r2_Im419,1,r2,1,0.7034169098385032,1
RIMONE_r2_Im420,1,r2,1,0.7034150149968404,1
RIMONE_r2_Im421,1,r2,1,0.7034165659387198,1
RIMONE_r2_Im422,1,r2,1,0.7037636468391283,1
RIMONE_r2_Im424,1,r2,1,0.7034143681918598,1
RIMONE_r2_Im427,1,r2,1,0.7031271035758668,1
RIMONE_r2_Im428,1,r2,1,0.703557032606203,1
RIMONE_r2_Im429,1,r2,1,0.7034169247157711,1
RIMONE_r2_Im432,1,r2,1,0.7029528097967733,1
RIMONE_r2_Im433,1,r2,1,0.7026530023756318,1
RIMONE_r2_Im436,1,r2,1,0.70340808372958,1
RIMONE_r2_Im439,1,r2,1,0.7035256856040089,1
RIMONE_r2_Im441,1,r2,1,0.703578928359864,1
RIMONE_r2_Im442,1,r2,1,0.703703263412031,1
RIMONE_r2_Im443,1,r2,1,0.7035483255818656,1
RIMONE_r2_Im444,1,r2,1,0.7035109372820803,1
RIMONE_r2_Im445,1,r2,1,0.7034361665900861,1
RIMONE_r2_Im448,1,r2,1,0.7032830163248321,1
RIMONE_r2_Im449,1,r2,1,0.7029674561741855,1
RIMONE_r2_Im450,1,r2,1,0.7032238233476436,1
RIMONE_r2_Im451,1,r2,1,0.7037021722416763,1
RIMONE_r2_Im453,1,r2,1,0.7030771644832173,1
RIMONE_r2_Im454,1,r2,1,0.7025996173879396,1
RIMONE_r2_Im455,1,r2,1,0.7032717779896894,1
RIMONE_r3_G-1-L_left_half,1,r3,1,0.7035633965398097,1
RIMONE_r3_G-10-L_left_half,1,r3,1,0.6932176511693111,1
RIMONE_r3_G-11-R_left_half,1,r3,1,0.698751103258,1
RIMONE_r3_G-12-L_left_half,1,r3,1,0.7034438215265753,1
RIMONE_r3_G-13-R_left_half,1,r3,1,0.6955802781636748,1
RIMONE_r3_G-14-R_left_half,1,r3,1,0.7039463309971992,1
RIMONE_r3_G-15-L_left_half,1,r3,1,0.7102697620339882,1
RIMONE_r3_G-16-R_left_half,1,r3,1,0.7043240399076431,1
RIMONE_r3_G-17-L_left_half,1,r3,1,0.7034355637606777,1
RIMONE_r3_G-18-R_left_half,1,r3,1,0.7034571537794692,1
RIMONE_r3_G-2-R_left_half,1,r3,1,0.7038680305228527,1
RIMONE_r3_G-22-L_left_half,1,r3,1,0.6745538931170422,1
RIMONE_r3_G-23-R_left_half,1,r3,1,0.7000703331284845,1
RIMONE_r3_G-25-L_left_half,1,r3,1,0.7037102351213973,1
RIMONE_r3_G-27-R_left_half,1,r3,1,0.705142708057209,1
RIMONE_r3_G-29-R_left_half,1,r3,1,0.7040212896129061,1
RIMONE_r3_G-3-R_left_half,1,r3,1,0.6623624201435374,1
RIMONE_r3_G-30-L_left_half,1,r3,1,0.6983982490826788,1
RIMONE_r3_G-31-R_left_half,1,r3,1,0.6799981013608671,1
RIMONE_r3_G-32-L_left_half,1,r3,1,0.6919557596928236,1
RIMONE_r3_G-33-R_left_half,1,r3,1,0.7034282652302937,1
RIMONE_r3_G-34-L_left_half,1,r3,1,0.6756726506880755,1
RIMONE_r3_G-35-R_left_half,1,r3,1,0.7034179699374173,1
RIMONE_r3_G-37-R_left_half,1,r3,1,0.6960386267303952,1
RIMONE_r3_G-38-L_left_half,1,r3,1,0.7046113350562794,1
RIMONE_r3_G-39-L_left_half,1,r3,1,0.6932698798175692,1
RIMONE_r3_G-6-L_left_half,1,r3,1,0.7212545406495237,1
RIMONE_r3_G-8-R_left_half,1,r3,1,0.703417073466079,1
RIMONE_r3_G-9-R_left_half,1,r3,1,0.7055987514765641,1
RIMONE_r3_S-1-L_left_half,1,r3,1,0.7034213717682631,1
RIMONE_r3_S-10-R_left_half,1,r3,1,0.6800522467085031,1
RIMONE_r3_S-11-L_left_half,1,r3,1,0.7034239584800885,1
RIMONE_r3_S-12-L_left_half,1,r3,1,0.6791795190273048,1
RIMONE_r3_S-13-R_left_half,1,r3,1,0.7021632419477029,1
RIMONE_r3_S-14-R_left_half,1,r3,1,0.7034966587057219,1
RIMONE_r3_S-18-L_left_half,1,r3,1,0.7034645229813211,1
RIMONE_r3_S-19-R_left_half,1,r3,1,0.7037345671819729,1
RIMONE_r3_S-2-L_left_half,1,r3,1,0.7034364475051832,1
RIMONE_r3_S-20-L_left_half,1,r3,1,0.7033310603938178,1
RIMONE_r3_S-21-R_left_half,1,r3,1,0.6932252248792401,1
RIMONE_r3_S-25-L_left_half,1,r3,1,0.692308758042716,1
RIMONE_r3_S-26-R_left_half,1,r3,1,0.6968630035378834,1
RIMONE_r3_S-28-R_left_half,1,r3,1,0.7056705599365752,1
RIMONE_r3_S-29-R_left_half,1,r3,1,0.7037076958854737,1
RIMONE_r3_S-30-L_left_half,1,r3,1,0.7034154138920379,1
RIMONE_r3_S-31-L_left_half,1,r3,1,0.7034370252567846,1
RIMONE_r3_S-32-L_left_half,1,r3,1,0.7034263057554692,1
RIMONE_r3_S-33-R_left_half,1,r3,1,0.7035645552597296,1
RIMONE_r3_S-35-R_left_half,1,r3,1,0.7029675409483184,1
RIMONE_r3_S-4-L_left_half,1,r3,1,0.6787601143771315,1
RIMONE_r3_S-6-R_left_half,1,r3,1,0.7001916397119501,1
RIMONE_r3_S-9-L_left_half,1,r3,1,0.6765153640710381,1
RIMONE_r2_Im034,1,r2,0,0.7034153563183917,1
RIMONE_r2_Im036,1,r2,0,0.7034283093850665,1
RIMONE_r2_Im038,1,r2,0,0.7034169141452697,1
RIMONE_r2_Im040,1,r2,0,0.7034502717771717,1
RIMONE_r2_Im042,1,r2,0,0.7037221428351689,1
RIMONE_r2_Im044,1,r2,0,0.7034170752473072,1
RIMONE_r2_Im046,1,r2,0,0.7034170761124009,1
RIMONE_r2_Im048,1,r2,0,0.703650729894029,1
RIMONE_r2_Im050,1,r2,0,0.7034199236388435,1
RIMONE_r2_Im052,1,r2,0,0.7034308946528429,1
RIMONE_r2_Im054,1,r2,0,0.7035089958486122,1
RIMONE_r2_Im056,1,r2,0,0.7034370526326718,1
RIMONE_r2_Im058,1,r2,0,0.7031792769591909,1
RIMONE_r2_Im060,1,r2,0,0.7034115869999004,1
RIMONE_r2_Im062,1,r2,0,0.7034225563698013,1
RIMONE_r2_Im064,1,r2,0,0.7034178067943968,1
RIMONE_r2_Im066,1,r2,0,0.7033846835581741,1
RIMONE_r2_Im068,1,r2,0,0.7034317934149892,1
RIMONE_r2_Im070,1,r2,0,0.7034166925334083,1
RIMONE_r2_Im072,1,r2,0,0.7034170735663478,1
RIMONE_r2_Im074,1,r2,0,0.7034125357851737,1
RIMONE_r2_Im076,1,r2,0,0.7033781832416643,1
RIMONE_r2_Im078,1,r2,0,0.703434787434963,1
RIMONE_r2_Im080,1,r2,0,0.7034160631725911,1
RIMONE_r2_Im082,1,r2,0,0.7035245433889098,1
RIMONE_r2_Im084,1,r2,0,0.7037204872602104,1
RIMONE_r2_Im086,1,r2,0,0.7034238964202295,1
RIMONE_r2_Im088,1,r2,0,0.7034085529489824,1
RIMONE_r2_Im090,1,r2,0,0.7034370460703179,1
RIMONE_r2_Im092,1,r2,0,0.7033484992703531,1
RIMONE_r2_Im094,1,r2,0,0.7035690568949093,1
RIMONE_r2_Im096,1,r2,0,0.7034167020186687,1
RIMONE_r2_Im098,1,r2,0,0.7034343212586204,1
RIMONE_r2_Im100,1,r2,0,0.7034644216215304,1
RIMONE_r2_Im102,1,r2,0,0.7034068798526472,1
RIMONE_r2_Im104,1,r2,0,0.7034151285313144,1
RIMONE_r2_Im106,1,r2,0,0.7034826174159694,1
RIMONE_r2_Im108,1,r2,0,0.7034129187959615,1
RIMONE_r2_Im110,1,r2,0,0.7034142355753867,1
RIMONE_r2_Im112,1,r2,0,0.7027798560857584,1
RIMONE_r2_Im114,1,r2,0,0.7033200110201038,1
RIMONE_r2_Im116,1,r2,0,0.7034170031393476,1
RIMONE_r2_Im118,1,r2,0,0.7033972407073328,1
RIMONE_r2_Im120,1,r2,0,0.7034169620161326,1
RIMONE_r2_Im122,1,r2,0,0.7034168382777454,1
RIMONE_r2_Im124,1,r2,0,0.7034395725463801,1
RIMONE_r2_Im126,1,r2,0,0.7029146598744329,1
RIMONE_r2_Im128,1,r2,0,0.7034181414662783,1
RIMONE_r2_Im130,1,r2,0,0.7034169145401973,1
RIMONE_r2_Im132,1,r2,0,0.7034170789117876,1
RIMONE_r2_Im134,1,r2,0,0.703338683921965,1
RIMONE_r2_Im136,1,r2,0,0.703414934380717,1
RIMONE_r2_Im138,1,r2,0,0.7034076004969853,1
RIMONE_r2_Im140,1,r2,0,0.7034206225585546,1
RIMONE_r2_Im142,1,r2,0,0.7034136123125395,1
RIMONE_r2_Im144,1,r2,0,0.7034087465673972,1
RIMONE_r2_Im146,1,r2,0,0.7034159253845503,1
RIMONE_r2_Im148,1,r2,0,0.703415693565751,1
RIMONE_r2_Im150,1,r2,0,0.7034231508688239,1
RIMONE_r2_Im152,1,r2,0,0.7034184080081738,1
RIMONE_r2_Im154,1,r2,0,0.703413145980557,1
RIMONE_r2_Im156,1,r2,0,0.7034163488670493,1
RIMONE_r2_Im158,1,r2,0,0.7034145735448565,1
RIMONE_r2_Im160,1,r2,0,0.7034166742487827,1
RIMONE_r2_Im162,1,r2,0,0.703732389172821,1
RIMONE_r2_Im164,1,r2,0,0.7036524022645767,1
RIMONE_r2_Im166,1,r2,0,0.7031365000730357,1
RIMONE_r2_Im168,1,r2,0,0.7032825883342073,1
RIMONE_r2_Im170,1,r2,0,0.7034032095616503,1
RIMONE_r2_Im172,1,r2,0,0.703405613950791,1
RIMONE_r2_Im174,1,r2,0,0.7032692249007308,1
RIMONE_r2_Im176,1,r2,0,0.7034407029792447,1
RIMONE_r2_Im178,1,r2,0,0.7034122676378646,1
RIMONE_r2_Im180,1,r2,0,0.7034746332129852,1
RIMONE_r2_Im182,1,r2,0,0.7034128167095713,1
RIMONE_r2_Im184,1,r2,0,0.7034035494456071,1
RIMONE_r2_Im186,1,r2,0,0.7034196504450685,1
RIMONE_r2_Im188,1,r2,0,0.7037727023475983,1
RIMONE_r2_Im190,1,r2,0,0.7033721225031666,1
RIMONE_r2_Im192,1,r2,0,0.7034145166528678,1
RIMONE_r2_Im194,1,r2,0,0.7034150816677843,1
RIMONE_r2_Im196,1,r2,0,0.7034154216926252,1
RIMONE_r2_Im198,1,r2,0,0.7034169164893331,1
RIMONE_r2_Im200,1,r2,0,0.703339848025953,1
RIMONE_r2_Im202,1,r2,0,0.7035109802594717,1
RIMONE_r2_Im206,1,r2,0,0.7034469027024481,1
RIMONE_r2_Im208,1,r2,0,0.7034181961489173,1
RIMONE_r2_Im210,1,r2,0,0.7034176578115617,1
RIMONE_r2_Im212,1,r2,0,0.7034167920820924,1
RIMONE_r2_Im214,1,r2,0,0.703372787329243,1
RIMONE_r2_Im216,1,r2,0,0.7034183577192664,1
RIMONE_r2_Im218,1,r2,0,0.7033492394298921,1
RIMONE_r2_Im220,1,r2,0,0.7036870756114504,1
RIMONE_r2_Im222,1,r2,0,0.7034220615114157,1
RIMONE_r2_Im224,1,r2,0,0.7034168936871177,1
RIMONE_r2_Im226,1,r2,0,0.7034464535150741,1
RIMONE_r2_Im228,1,r2,0,0.704061083831891,1
RIMONE_r2_Im230,1,r2,0,0.6932989744944658,1
RIMONE_r2_Im232,1,r2,0,0.7035365272018332,1
RIMONE_r2_Im234,1,r2,0,0.7034245493155415,1
RIMONE_r2_Im236,1,r2,0,0.7034170148199046,1
RIMONE_r2_Im238,1,r2,0,0.7034495017462774,1
RIMONE_r2_Im240,1,r2,0,0.7033930659489728,1
RIMONE_r2_Im242,1,r2,0,0.703416661062481,1
RIMONE_r2_Im244,1,r2,0,0.7034162991975764,1
RIMONE_r2_Im246,1,r2,0,0.7033611689703624,1
RIMONE_r2_Im248,1,r2,0,0.7034599439734285,1
RIMONE_r2_Im250,1,r2,0,0.7032061228534462,1
RIMONE_r2_Im252,1,r2,0,0.7034021510403533,1
RIMONE_r2_Im254,1,r2,0,0.7034151057615523,1
RIMONE_r3_N-1-L_left_half,1,r3,0,0.7085696846602674,1
RIMONE_r3_N-10-R_left_half,1,r3,0,0.7014171377035269,1
RIMONE_r3_N-11-L_left_half,1,r3,0,0.6976732820289526,1
RIMONE_r3_N-12-R_left_half,1,r3,0,0.6900494370354302,1
RIMONE_r3_N-13-L_left_half,1,r3,0,0.7025325081116061,1
RIMONE_r3_N-14-R_left_half,1,r3,0,0.7034192197703617,1
RIMONE_r3_N-16-R_left_half,1,r3,0,0.7034412279206894,1
RIMONE_r3_N-17-L_left_half,1,r3,0,0.704308332269775,1
RIMONE_r3_N-18-R_left_half,1,r3,0,0.7034566251229523,1
RIMONE_r3_N-2-R_left_half,1,r3,0,0.7044740063429602,1
RIMONE_r3_N-20-R_left_half,1,r3,0,0.7034169838578528,1
RIMONE_r3_N-21-L_left_half,1,r3,0,0.7017301342192244,1
RIMONE_r3_N-22-R_left_half,1,r3,0,0.6849906666981489,1
RIMONE_r3_N-23-L_left_half,1,r3,0,0.7036920534426,1
RIMONE_r3_N-24-R_left_half,1,r3,0,0.6977144680508178,1
RIMONE_r3_N-25-L_left_half,1,r3,0,0.7035027822695303,1
RIMONE_r3_N-26-R_left_half,1,r3,0,0.7034430375739379,1
RIMONE_r3_N-27-L_left_half,1,r3,0,0.7034378703571044,1
RIMONE_r3_N-28-R_left_half,1,r3,0,0.7034224548811606,1
RIMONE_r3_N-29-L_left_half,1,r3,0,0.703658145307104,1
RIMONE_r3_N-3-L_left_half,1,r3,0,0.7034054830558935,1
RIMONE_r3_N-30-R_left_half,1,r3,0,0.7032937280948615,1
RIMONE_r3_N-31-L_left_half,1,r3,0,0.7034154850030385,1
RIMONE_r3_N-32-R_left_half,1,r3,0,0.7035143895983859,1
RIMONE_r3_N-33-L_left_half,1,r3,0,0.7035622455105801,1
RIMONE_r3_N-34-R_left_half,1,r3,0,0.703568401221121,1
RIMONE_r3_N-35-L_left_half,1,r3,0,0.7039559185442815,1
RIMONE_r3_N-36-R_left_half,1,r3,0,0.703538093790352,1
RIMONE_r3_N-37-L_left_half,1,r3,0,0.7027471297009795,1
RIMONE_r3_N-38-R_left_half,1,r3,0,0.6948981362997063,1
RIMONE_r3_N-39-L_left_half,1,r3,0,0.703600071370689,1
RIMONE_r3_N-4-R_left_half,1,r3,0,0.7034184140593376,1
RIMONE_r3_N-40-R_left_half,1,r3,0,0.7037814808718277,1
RIMONE_r3_N-41-L_left_half,1,r3,0,0.7035047815127342,1
RIMONE_r3_N-42-R_left_half,1,r3,0,0.7033059575216756,1
RIMONE_r3_N-43-L_left_half,1,r3,0,0.703565589955793,1
RIMONE_r3_N-44-R_left_half,1,r3,0,0.7014928795841795,1
RIMONE_r3_N-46-R_left_half,1,r3,0,0.701541889307814,1
RIMONE_r3_N-47-L_left_half,1,r3,0,0.7039722359668754,1
RIMONE_r3_N-48-R_left_half,1,r3,0,0.6944599879111444,1
RIMONE_r3_N-49-L_left_half,1,r3,0,0.703407989355243,1
RIMONE_r3_N-5-L_left_half,1,r3,0,0.7034200189621709,1
RIMONE_r3_N-50-R_left_half,1,r3,0,0.7034575572803385,1
RIMONE_r3_N-51-L_left_half,1,r3,0,0.6697253918519879,1
RIMONE_r3_N-52-R_left_half,1,r3,0,0.6910046680954284,1
RIMONE_r3_N-53-L_left_half,1,r3,0,0.7044094778734472,1
RIMONE_r3_N-54-R_left_half,1,r3,0,0.7038290466638986,1
RIMONE_r3_N-55-L_left_half,1,r3,0,0.7037734489048383,1
RIMONE_r3_N-56-R_left_half,1,r3,0,0.7055644531098151,1
RIMONE_r3_N-58-R_left_half,1,r3,0,0.7035100313172712,1
RIMONE_r3_N-59-L_left_half,1,r3,0,0.7014634907370499,1
RIMONE_r3_N-6-R_left_half,1,r3,0,0.7032779156211653,1
RIMONE_r3_N-61-L_left_half,1,r3,0,0.698211975041164,1
RIMONE_r3_N-62-R_left_half,1,r3,0,0.6989667722960574,1
RIMONE_r3_N-63-L_left_half,1,r3,0,0.7035328671403193,1
RIMONE_r3_N-64-R_left_half,1,r3,0,0.7034235198082988,1
RIMONE_r3_N-65-L_left_half,1,r3,0,0.7033649086071044,1
RIMONE_r3_N-66-R_left_half,1,r3,0,0.6947233765741856,1
RIMONE_r3_N-67-L_left_half,1,r3,0,0.701708103317719,1
RIMONE_r3_N-68-R_left_half,1,r3,0,0.7029281551486124,1
RIMONE_r3_N-69-L_left_half,1,r3,0,0.7041126899265877,1
RIMONE_r3_N-7-L_left_half,1,r3,0,0.7037596940034619,1
RIMONE_r3_N-70-R_left_half,1,r3,0,0.703377266557921,1
RIMONE_r3_N-71-L_left_half,1,r3,0,0.7025027920486825,1
RIMONE_r3_N-72-R_left_half,1,r3,0,0.7034287941358711,1
RIMONE_r3_N-73-R_left_half,1,r3,0,0.7033348951433022,1
RIMONE_r3_N-74-L_left_half,1,r3,0,0.7034724890313462,1
RIMONE_r3_N-75-R_left_half,1,r3,0,0.7034622243000775,1
RIMONE_r3_N-76-R_left_half,1,r3,0,0.7032879735028965,1
RIMONE_r3_N-78-R_left_half,1,r3,0,0.7032101565451762,1
RIMONE_r3_N-79-L_left_half,1,r3,0,0.7041403651360418,1
RIMONE_r3_N-8-L_left_half,1,r3,0,0.7034248851370402,1
RIMONE_r3_N-80-R_left_half,1,r3,0,0.6810368334102034,1
RIMONE_r3_N-81-L_left_half,1,r3,0,0.7048284863761661,1
RIMONE_r3_N-82-R_left_half,1,r3,0,0.7063663053393014,1
RIMONE_r3_N-83-L_left_half,1,r3,0,0.694041859537965,1
RIMONE_r3_N-84-R_left_half,1,r3,0,0.7047833237794593,1
RIMONE_r3_N-85-L_left_half,1,r3,0,0.7034309050721147,1
RIMONE_r3_N-86-R_left_half,1,r3,0,0.7034240270488797,1
RIMONE_r3_N-87-L_left_half,1,r3,0,0.7033520249830533,1
RIMONE_r3_N-88-R_left_half,1,r3,0,0.7034017869251996,1
RIMONE_r3_N-9-L_left_half,1,r3,0,0.7034609383701459,1
RIMONE_r3_N-90-R_left_half,1,r3,0,0.7033944798935942,1
RIMONE_r3_N-91-L_left_half,1,r3,0,0.7033964683192281,1
RIMONE_r3_N-92-R_left_half,1,r3,0,0.703339007537873,1
RIMONE_r1_Im069,2,r1,1,0.7410041251785368,1
RIMONE_r1_Im103,2,r1,1,0.7376683686178063,1
RIMONE_r1_Im113,2,r1,1,0.7413181200304173,1
RIMONE_r1_Im117,2,r1,1,0.740109505799186,1
RIMONE_r1_Im118,2,r1,1,0.7447614442925915,1
RIMONE_r1_Im120,2,r1,1,0.7478982198666888,1
RIMONE_r1_Im121,2,r1,1,0.7410209777457478,1
RIMONE_r1_Im122,2,r1,1,0.7410561726954638,1
RIMONE_r1_Im135,2,r1,1,0.7441541366333346,1
RIMONE_r1_Im144,2,r1,1,0.741280810017964,1
RIMONE_r1_Im158,2,r1,1,0.7470083543126139,1
RIMONE_r1_Im167,2,r1,1,0.7435251858930065,1
RIMONE_r2_Im257,2,r2,1,0.7410074192530727,1
RIMONE_r2_Im258,2,r2,1,0.7410056867866991,1
RIMONE_r2_Im260,2,r2,1,0.7410051848358745,1
RIMONE_r2_Im263,2,r2,1,0.7411177332178356,1
RIMONE_r2_Im264,2,r2,1,0.7418830821946153,1
RIMONE_r2_Im266,2,r2,1,0.7410066171137013,1
RIMONE_r2_Im267,2,r2,1,0.7410062208497917,1
RIMONE_r2_Im268,2,r2,1,0.7410046202656326,1
RIMONE_r2_Im269,2,r2,1,0.7410049310418249,1
RIMONE_r2_Im270,2,r2,1,0.7410056266416356,1
RIMONE_r2_Im273,2,r2,1,0.7410054797225922,1
RIMONE_r2_Im275,2,r2,1,0.7408606786383659,1
RIMONE_r2_Im277,2,r2,1,0.7410169725596544,1
RIMONE_r2_Im281,2,r2,1,0.7398110102116359,1
RIMONE_r2_Im287,2,r2,1,0.7410104121064522,1
RIMONE_r2_Im288,2,r2,1,0.7410061423637078,1
RIMONE_r2_Im289,2,r2,1,0.7410067876395224,1
RIMONE_r2_Im290,2,r2,1,0.7410053463770403,1
RIMONE_r2_Im291,2,r2,1,0.7410061115977783,1
RIMONE_r2_Im292,2,r2,1,0.7410542061690835,1
RIMONE_r2_Im293,2,r2,1,0.7410051925221974,1
RIMONE_r2_Im294,2,r2,1,0.7410117820158154,1
RIMONE_r2_Im301,2,r2,1,0.7410516585327918,1
RIMONE_r2_Im302,2,r2,1,0.7410310555171772,1
RIMONE_r2_Im303,2,r2,1,0.7410128456966228,1
RIMONE_r2_Im305,2,r2,1,0.7410094424855282,1
RIMONE_r2_Im314,2,r2,1,0.7410055582980569,1
RIMONE_r2_Im315,2,r2,1,0.7410559596967514,1
RIMONE_r2_Im317,2,r2,1,0.7410729449910064,1
RIMONE_r2_Im318,2,r2,1,0.7410047098002968,1
RIMONE_r2_Im319,2,r2,1,0.7410060822649592,1
RIMONE_r2_Im320,2,r2,1,0.7410053778320995,1
RIMONE_r2_Im321,2,r2,1,0.7410279468901294,1
RIMONE_r2_Im324,2,r2,1,0.7410293388422364,1
RIMONE_r2_Im329,2,r2,1,0.7410720795712323,1
RIMONE_r2_Im330,2,r2,1,0.7410609308139012,1
RIMONE_r2_Im331,2,r2,1,0.7410082027863297,1
RIMONE_r2_Im332,2,r2,1,0.7410061349442679,1
RIMONE_r2_Im333,2,r2,1,0.7410321524712551,1
RIMONE_r2_Im334,2,r2,1,0.7410393282253909,1
RIMONE_r2_Im338,2,r2,1,0.7410051083870385,1
RIMONE_r2_Im339,2,r2,1,0.741013855386215,1
RIMONE_r2_Im343,2,r2,1,0.7410046177667432,1
RIMONE_r2_Im344,2,r2,1,0.7410051549974621,1
RIMONE_r1_Im001,2,r1,0,0.7410061833740916,1
RIMONE_r1_Im003,2,r1,0,0.7410313097031179,1
RIMONE_r1_Im004,2,r1,0,0.7410395703047493,1
RIMONE_r1_Im006,2,r1,0,0.74145504328742,1
RIMONE_r1_Im008,2,r1,0,0.7411736490100184,1
RIMONE_r1_Im011,2,r1,0,0.7410139851389489,1
RIMONE_r1_Im012,2,r1,0,0.7420718734775232,1
RIMONE_r1_Im014,2,r1,0,0.7410339388008531,1
RIMONE_r1_Im015,2,r1,0,0.7416513450986453,1
RIMONE_r1_Im019,2,r1,0,0.7410118302844652,1
RIMONE_r1_Im020,2,r1,0,0.7410187164620238,1
RIMONE_r1_Im022,2,r1,0,0.7410050581776207,1
RIMONE_r1_Im023,2,r1,0,0.741005924828934,1
RIMONE_r1_Im024,2,r1,0,0.7413288501969214,1
RIMONE_r1_Im025,2,r1,0,0.7410151052285745,1
RIMONE_r1_Im026,2,r1,0,0.7410053457256419,1
RIMONE_r1_Im027,2,r1,0,0.7410050025921192,1
RIMONE_r1_Im028,2,r1,0,0.7407972076561056,1
RIMONE_r1_Im029,2,r1,0,0.7409920068083907,1
RIMONE_r1_Im031,2,r1,0,0.7414957943864611,1
RIMONE_r1_Im032,2,r1,0,0.741004629021513,1
RIMONE_r1_Im033,2,r1,0,0.7410046422598391,1
RIMONE_r1_Im036,2,r1,0,0.7409771534515509,1
RIMONE_r1_Im037,2,r1,0,0.7410352614976482,1
RIMONE_r1_Im040,2,r1,0,0.7410168669155133,1
RIMONE_r1_Im041,2,r1,0,0.7410910008394173,1
RIMONE_r1_Im042,2,r1,0,0.7410123568736913,1
RIMONE_r1_Im046,2,r1,0,0.7410087967388607,1
RIMONE_r1_Im047,2,r1,0,0.741006310064934,1
RIMONE_r1_Im050,2,r1,0,0.7452112435931687,1
RIMONE_r1_Im052,2,r1,0,0.7410058392474631,1
RIMONE_r1_Im054,2,r1,0,0.7412098107301065,1
RIMONE_r1_Im055,2,r1,0,0.7407577384308651,1
RIMONE_r1_Im056,2,r1,0,0.7405821906589228,1
RIMONE_r1_Im057,2,r1,0,0.7410069454940055,1
RIMONE_r1_Im058,2,r1,0,0.7410190629256036,1
RIMONE_r1_Im059,2,r1,0,0.7410055295088652,1
RIMONE_r1_Im060,2,r1,0,0.7410072689057177,1
RIMONE_r1_Im061,2,r1,0,0.7410089415896288,1
RIMONE_r1_Im062,2,r1,0,0.7410099239038855,1
RIMONE_r1_Im063,2,r1,0,0.7410259960761248,1
RIMONE_r1_Im071,2,r1,0,0.7410917708019613,1
RIMONE_r1_Im072,2,r1,0,0.7410694069921976,1
RIMONE_r1_Im073,2,r1,0,0.7410105107014291,1
RIMONE_r1_Im080,2,r1,0,0.7410674692653995,1
RIMONE_r1_Im082,2,r1,0,0.7411712936297115,1
RIMONE_r1_Im086,2,r1,0,0.7484037137977968,1
RIMONE_r1_Im087,2,r1,0,0.7416813194603649,1
RIMONE_r1_Im095,2,r1,0,0.7481123540934367,1
RIMONE_r1_Im107,2,r1,0,0.7444982258496661,1
RIMONE_r1_Im108,2,r1,0,0.7411347121622742,1
RIMONE_r1_Im115,2,r1,0,0.7411980712363245,1
RIMONE_r1_Im116,2,r1,0,0.7409331207444391,1
RIMONE_r1_Im119,2,r1,0,0.7732006742061601,1
RIMONE_r1_Im125,2,r1,0,0.7407056457594099,1
RIMONE_r1_Im127,2,r1,0,0.7413903891564066,1
RIMONE_r1_Im128,2,r1,0,0.7462528227262906,1
RIMONE_r1_Im129,2,r1,0,0.7409790800422359,1
RIMONE_r1_Im130,2,r1,0,0.7449657535743677,1
RIMONE_r1_Im131,2,r1,0,0.7408937616838647,1
RIMONE_r1_Im132,2,r1,0,0.7411109281891647,1
RIMONE_r1_Im133,2,r1,0,0.7410346615903728,1
RIMONE_r1_Im136,2,r1,0,0.7444529490481487,1
RIMONE_r1_Im137,2,r1,0,0.7442170540413436,1
RIMONE_r1_Im138,2,r1,0,0.7389249363235942,1
RIMONE_r1_Im142,2,r1,0,0.7417097110379152,1
RIMONE_r1_Im143,2,r1,0,0.7467429744241807,1
RIMONE_r1_Im145,2,r1,0,0.748491262563181,1
RIMONE_r1_Im146,2,r1,0,0.744865883309511,1
RIMONE_r1_Im149,2,r1,0,0.7410793364876621,1
RIMONE_r1_Im150,2,r1,0,0.7377037245911784,1
RIMONE_r1_Im151,2,r1,0,0.7447693962086487,1
RIMONE_r1_Im152,2,r1,0,0.7519034978295832,1
RIMONE_r1_Im153,2,r1,0,0.7425659154493975,1
RIMONE_r1_Im154,2,r1,0,0.7411291992556099,1
RIMONE_r1_Im155,2,r1,0,0.7428905415863997,1
RIMONE_r1_Im156,2,r1,0,0.7412517836796436,1
RIMONE_r1_Im159,2,r1,0,0.7449028017600486,1
RIMONE_r1_Im161,2,r1,0,0.741557193935216,1
RIMONE_r1_Im162,2,r1,0,0.7473999133578437,1
RIMONE_r1_Im163,2,r1,0,0.7422807404213377,1
RIMONE_r1_Im164,2,r1,0,0.7424423158433874,1
RIMONE_r1_Im165,2,r1,0,0.7411236563548029,1
RIMONE_r1_Im166,2,r1,0,0.740938777021469,1
RIMONE_r1_Im168,2,r1,0,0.747848624829133,1
RIMONE_r1_Im169,2,r1,0,0.742269296403159,1
RIMONE_r2_Im001,2,r2,0,0.7410070606583974,1
RIMONE_r2_Im002,2,r2,0,0.7410049608972978,1
RIMONE_r2_Im003,2,r2,0,0.7410069366809006,1
RIMONE_r2_Im004,2,r2,0,0.7410063310536362,1
RIMONE_r2_Im005,2,r2,0,0.741006599834554,1
RIMONE_r2_Im006,2,r2,0,0.741004656400769,1
RIMONE_r2_Im007,2,r2,0,0.741005638791371,1
RIMONE_r2_Im009,2,r2,0,0.7410079797182466,1
RIMONE_r2_Im010,2,r2,0,0.7410075998704746,1
RIMONE_r2_Im011,2,r2,0,0.7410061167737647,1
RIMONE_r2_Im012,2,r2,0,0.7410087678445253,1
RIMONE_r2_Im013,2,r2,0,0.7410048070373015,1
RIMONE_r2_Im014,2,r2,0,0.7410065581839466,1
RIMONE_r2_Im015,2,r2,0,0.7410097524402108,1
RIMONE_r2_Im016,2,r2,0,0.7410072990991325,1
RIMONE_r2_Im017,2,r2,0,0.7410057612393252,1
RIMONE_r2_Im018,2,r2,0,0.7410047066601089,1
RIMONE_r2_Im019,2,r2,0,0.7410174874883866,1
RIMONE_r2_Im020,2,r2,0,0.7410115689735086,1
RIMONE_r2_Im021,2,r2,0,0.7410061850078737,1
RIMONE_r2_Im022,2,r2,0,0.7410148715027444,1
RIMONE_r2_Im023,2,r2,0,0.741014715033042,1
RIMONE_r2_Im024,2,r2,0,0.7410088025702487,1
RIMONE_r2_Im025,2,r2,0,0.7410061895547959,1
RIMONE_r2_Im026,2,r2,0,0.7410049558499706,1
RIMONE_r2_Im027,2,r2,0,0.741005230042478,1
RIMONE_r2_Im028,2,r2,0,0.7410051936075769,1
RIMONE_r2_Im029,2,r2,0,0.7410633062042105,1
RIMONE_r2_Im030,2,r2,0,0.7410050341047365,1
RIMONE_r2_Im031,2,r2,0,0.7410069348663609,1
RIMONE_r2_Im032,2,r2,0,0.7410077071681938,1
RIMONE_r2_Im033,2,r2,0,0.7410093441189204,1
RIMONE_r2_Im347,2,r2,1,0.7685897906126016,1
RIMONE_r2_Im348,2,r2,1,0.7411772684356605,1
RIMONE_r2_Im351,2,r2,1,0.7422998200736001,1
RIMONE_r2_Im352,2,r2,1,0.7412157539109281,1
RIMONE_r2_Im354,2,r2,1,0.7409889664849438,1
RIMONE_r2_Im355,2,r2,1,0.7409952758308995,1
RIMONE_r2_Im356,2,r2,1,0.7410189120175048,1
RIMONE_r2_Im357,2,r2,1,0.7411856860531613,1
RIMONE_r2_Im358,2,r2,1,0.7433810485747543,1
RIMONE_r2_Im362,2,r2,1,0.7410827406239153,1
RIMONE_r2_Im365,2,r2,1,0.7408500750344109,1
RIMONE_r2_Im366,2,r2,1,0.7431431588585159,1
RIMONE_r2_Im369,2,r2,1,0.745803133010564,1
RIMONE_r2_Im373,2,r2,1,0.7420068578279756,1
RIMONE_r2_Im376,2,r2,1,0.7410046765534163,1
RIMONE_r2_Im377,2,r2,1,0.7470188024790804,1
RIMONE_r2_Im383,2,r2,1,0.7410073677997016,1
RIMONE_r2_Im384,2,r2,1,0.7410177283216741,1
RIMONE_r2_Im385,2,r2,1,0.7406672194487093,1
RIMONE_r2_Im387,2,r2,1,0.7593224813496217,1
RIMONE_r2_Im388,2,r2,1,0.74209092025942,1
RIMONE_r2_Im389,2,r2,1,0.7411854507549781,1
RIMONE_r2_Im390,2,r2,1,0.7410830855259469,1
RIMONE_r2_Im391,2,r2,1,0.7407402030141889,1
RIMONE_r2_Im392,2,r2,1,0.7416484537634296,1
RIMONE_r2_Im393,2,r2,1,0.7603389802505433,1
RIMONE_r2_Im398,2,r2,1,0.7425680035610679,1
RIMONE_r2_Im399,2,r2,1,0.7412581858048236,1
RIMONE_r2_Im400,2,r2,1,0.7409150532589259,1
RIMONE_r2_Im401,2,r2,1,0.7409810018460841,1
RIMONE_r2_Im402,2,r2,1,0.7354630829633673,1
RIMONE_r2_Im403,2,r2,1,0.7409470266905428,1
RIMONE_r2_Im404,2,r2,1,0.7409818003345149,1
RIMONE_r2_Im406,2,r2,1,0.7410113408995895,1
RIMONE_r2_Im407,2,r2,1,0.741240986374912,1
RIMONE_r2_Im408,2,r2,1,0.7410368743985477,1
RIMONE_r2_Im414,2,r2,1,0.7420405689678264,1
RIMONE_r2_Im415,2,r2,1,0.741022612469772,1
RIMONE_r2_Im416,2,r2,1,0.7410127358592565,1
RIMONE_r2_Im418,2,r2,1,0.7410043798540609,1
RIMONE_r2_Im419,2,r2,1,0.7410052976076501,1
RIMONE_r2_Im420,2,r2,1,0.7410156694198603,1
RIMONE_r2_Im421,2,r2,1,0.7410071206971173,1
RIMONE_r2_Im422,2,r2,1,0.7423867032257593,1
RIMONE_r2_Im424,2,r2,1,0.7410250220757516,1
RIMONE_r2_Im427,2,r2,1,0.7428289645139288,1
RIMONE_r2_Im428,2,r2,1,0.7409339486098566,1
RIMONE_r2_Im429,2,r2,1,0.7410124700344257,1
RIMONE_r2_Im432,2,r2,1,0.7425216220671477,1
RIMONE_r2_Im433,2,r2,1,0.7434355875784845,1
RIMONE_r2_Im436,2,r2,1,0.7410464734847064,1
RIMONE_r2_Im439,2,r2,1,0.7409140387443783,1
RIMONE_r2_Im441,2,r2,1,0.7408769897474526,1
RIMONE_r2_Im442,2,r2,1,0.7410799151903025,1
RIMONE_r2_Im443,2,r2,1,0.7416620700975168,1
RIMONE_r2_Im444,2,r2,1,0.7410688376678619,1
RIMONE_r2_Im445,2,r2,1,0.7410320174351627,1
RIMONE_r2_Im448,2,r2,1,0.7417051635434918,1
RIMONE_r2_Im449,2,r2,1,0.7459678227557623,1
RIMONE_r2_Im450,2,r2,1,0.741702949329799,1
RIMONE_r2_Im451,2,r2,1,0.7409755849937332,1
RIMONE_r2_Im453,2,r2,1,0.7419558501852113,1
RIMONE_r2_Im454,2,r2,1,0.7453550903667853,1
RIMONE_r2_Im455,2,r2,1,0.7415355924506858,1
RIMONE_r3_G-1-L_left_half,2,r3,1,0.7408594579094174,1
RIMONE_r3_G-10-L_left_half,2,r3,1,0.7635934929036562,1
RIMONE_r3_G-11-R_left_half,2,r3,1,0.7623689698365687,1
RIMONE_r3_G-12-L_left_half,2,r3,1,0.741318045403645,1
RIMONE_r3_G-13-R_left_half,2,r3,1,0.7564968829149475,1
RIMONE_r3_G-14-R_left_half,2,r3,1,0.7422263622328682,1
RIMONE_r3_G-15-L_left_half,2,r3,1,0.7400636622561294,1
RIMONE_r3_G-16-R_left_half,2,r3,1,0.7400529413228069,1
RIMONE_r3_G-17-L_left_half,2,r3,1,0.7413205044999637,1
RIMONE_r3_G-18-R_left_half,2,r3,1,0.7409994687843234,1
RIMONE_r3_G-2-R_left_half,2,r3,1,0.7408030972880629,1
RIMONE_r3_G-22-L_left_half,2,r3,1,0.7774454525810699,1
RIMONE_r3_G-23-R_left_half,2,r3,1,0.7543985944703848,1
RIMONE_r3_G-25-L_left_half,2,r3,1,0.7450877116420469,1
RIMONE_r3_G-27-R_left_half,2,r3,1,0.7751412925966362,1
RIMONE_r3_G-29-R_left_half,2,r3,1,0.7405932436831785,1
RIMONE_r3_G-3-R_left_half,2,r3,1,0.7993380166247502,1
RIMONE_r3_G-30-L_left_half,2,r3,1,0.7690316700332136,1
RIMONE_r3_G-31-R_left_half,2,r3,1,0.7680762768589864,1
RIMONE_r3_G-32-L_left_half,2,r3,1,0.7665028585405319,1
RIMONE_r3_G-33-R_left_half,2,r3,1,0.7410505369842535,1
RIMONE_r3_G-34-L_left_half,2,r3,1,0.7959957559376819,1
RIMONE_r3_G-35-R_left_half,2,r3,1,0.7410053537166577,1
RIMONE_r3_G-37-R_left_half,2,r3,1,0.7690811114776952,1
RIMONE_r3_G-38-L_left_half,2,r3,1,0.7407807627139855,1
RIMONE_r3_G-39-L_left_half,2,r3,1,0.7550804406005535,1
RIMONE_r3_G-6-L_left_half,2,r3,1,0.7357348359424903,1
RIMONE_r3_G-8-R_left_half,2,r3,1,0.7410047340354802,1
RIMONE_r3_G-9-R_left_half,2,r3,1,0.7401056458854542,1
RIMONE_r3_S-1-L_left_half,2,r3,1,0.7410098948400676,1
RIMONE_r3_S-10-R_left_half,2,r3,1,0.7862045396315229,1
RIMONE_r3_S-11-L_left_half,2,r3,1,0.7410973365732653,1
RIMONE_r3_S-12-L_left_half,2,r3,1,0.8001634781785765,1
RIMONE_r3_S-13-R_left_half,2,r3,1,0.7521660695770893,1
RIMONE_r3_S-14-R_left_half,2,r3,1,0.7411635392863565,1
RIMONE_r3_S-18-L_left_half,2,r3,1,0.7409759924994772,1
RIMONE_r3_S-19-R_left_half,2,r3,1,0.7407421495875784,1
RIMONE_r3_S-2-L_left_half,2,r3,1,0.7410008135712085,1
RIMONE_r3_S-20-L_left_half,2,r3,1,0.7419916798361935,1
RIMONE_r3_S-21-R_left_half,2,r3,1,0.7773043911645867,1
RIMONE_r3_S-25-L_left_half,2,r3,1,0.7741851881306904,1
RIMONE_r3_S-26-R_left_half,2,r3,1,0.7652830280011883,1
RIMONE_r3_S-28-R_left_half,2,r3,1,0.7441885442485638,1
RIMONE_r3_S-29-R_left_half,2,r3,1,0.7408380355375745,1
RIMONE_r3_S-30-L_left_half,2,r3,1,0.7410220288007161,1
RIMONE_r3_S-31-L_left_half,2,r3,1,0.7409943973281599,1
RIMONE_r3_S-32-L_left_half,2,r3,1,0.7410035167408541,1
RIMONE_r3_S-33-R_left_half,2,r3,1,0.7408811498847736,1
RIMONE_r3_S-35-R_left_half,2,r3,1,0.74330937303524,1
RIMONE_r3_S-4-L_left_half,2,r3,1,0.7821161790874853,1
RIMONE_r3_S-6-R_left_half,2,r3,1,0.7528487312254427,1
RIMONE_r3_S-9-L_left_half,2,r3,1,0.8129070156176555,1
RIMONE_r2_Im034,2,r2,0,0.7410163219480153,1
RIMONE_r2_Im036,2,r2,0,0.7410164222387454,1
RIMONE_r2_Im038,2,r2,0,0.741005475770524,1
RIMONE_r2_Im040,2,r2,0,0.7410876293611178,1
RIMONE_r2_Im042,2,r2,0,0.7407669465434663,1
RIMONE_r2_Im044,2,r2,0,0.7410046371888311,1
RIMONE_r2_Im046,2,r2,0,0.7410046387929446,1
RIMONE_r2_Im048,2,r2,0,0.7416929653004315,1
RIMONE_r2_Im050,2,r2,0,0.7410411976754054,1
RIMONE_r2_Im052,2,r2,0,0.741015306073913,1
RIMONE_r2_Im054,2,r2,0,0.7410297778773463,1
RIMONE_r2_Im056,2,r2,0,0.7412830302133231,1
RIMONE_r2_Im058,2,r2,0,0.7419227592300564,1
RIMONE_r2_Im060,2,r2,0,0.7410454649035323,1
RIMONE_r2_Im062,2,r2,0,0.7412147362338456,1
RIMONE_r2_Im064,2,r2,0,0.741014147813864,1
RIMONE_r2_Im066,2,r2,0,0.7413675653544793,1
RIMONE_r2_Im068,2,r2,0,0.7410763638467749,1
RIMONE_r2_Im070,2,r2,0,0.7410352224418147,1
RIMONE_r2_Im072,2,r2,0,0.7410436764582408,1
RIMONE_r2_Im074,2,r2,0,0.7410275388418193,1
RIMONE_r2_Im076,2,r2,0,0.7412654370462228,1
RIMONE_r2_Im078,2,r2,0,0.7410411334924275,1
RIMONE_r2_Im080,2,r2,0,0.7410808225564616,1
RIMONE_r2_Im082,2,r2,0,0.7410320961720628,1
RIMONE_r2_Im084,2,r2,0,0.7415614120510942,1
RIMONE_r2_Im086,2,r2,0,0.7410074269026633,1
RIMONE_r2_Im088,2,r2,0,0.7411159758484174,1
RIMONE_r2_Im090,2,r2,0,0.7410034994459122,1
RIMONE_r2_Im092,2,r2,0,0.7413655669852118,1
RIMONE_r2_Im094,2,r2,0,0.7410789212268228,1
RIMONE_r2_Im096,2,r2,0,0.7410071302013665,1
RIMONE_r2_Im098,2,r2,0,0.7409978039086219,1
RIMONE_r2_Im100,2,r2,0,0.7410219315821365,1
RIMONE_r2_Im102,2,r2,0,0.7410442245507926,1
RIMONE_r2_Im104,2,r2,0,0.7410234548172578,1
RIMONE_r2_Im106,2,r2,0,0.7410040567286359,1
RIMONE_r2_Im108,2,r2,0,0.7410368199066797,1
RIMONE_r2_Im110,2,r2,0,0.7410346521444242,1
RIMONE_r2_Im112,2,r2,0,0.743072672682099,1
RIMONE_r2_Im114,2,r2,0,0.7415261474738316,1
RIMONE_r2_Im116,2,r2,0,0.7410048025321463,1
RIMONE_r2_Im118,2,r2,0,0.7410849843050842,1
RIMONE_r2_Im120,2,r2,0,0.7410050824720804,1
RIMONE_r2_Im122,2,r2,0,0.7410060252966695,1
RIMONE_r2_Im124,2,r2,0,0.7410272539043988,1
RIMONE_r2_Im126,2,r2,0,0.7427896645459108,1
RIMONE_r2_Im128,2,r2,0,0.7410184079369505,1
RIMONE_r2_Im130,2,r2,0,0.7410061206347601,1
RIMONE_r2_Im132,2,r2,0,0.7410046243904531,1
RIMONE_r2_Im134,2,r2,0,0.7415407811272765,1
RIMONE_r2_Im136,2,r2,0,0.7410138100888343,1
RIMONE_r2_Im138,2,r2,0,0.7412243329419952,1
RIMONE_r2_Im140,2,r2,0,0.7410063680491923,1
RIMONE_r2_Im142,2,r2,0,0.7410274454590317,1
RIMONE_r2_Im144,2,r2,0,0.7410471648510704,1
RIMONE_r2_Im146,2,r2,0,0.7410088398977436,1
RIMONE_r2_Im148,2,r2,0,0.7410116140716185,1
RIMONE_r2_Im150,2,r2,0,0.7410230010899621,1
RIMONE_r2_Im152,2,r2,0,0.7410127193096956,1
RIMONE_r2_Im154,2,r2,0,0.7410570807011311,1
RIMONE_r2_Im156,2,r2,0,0.7410245799892591,1
RIMONE_r2_Im158,2,r2,0,0.7410164990387055,1
RIMONE_r2_Im160,2,r2,0,0.7410062903887685,1
RIMONE_r2_Im162,2,r2,0,0.7408641550003743,1
RIMONE_r2_Im164,2,r2,0,0.7423453429944734,1
RIMONE_r2_Im166,2,r2,0,0.742032157525188,1
RIMONE_r2_Im168,2,r2,0,0.7413681937686092,1
RIMONE_r2_Im170,2,r2,0,0.7411320133892124,1
RIMONE_r2_Im172,2,r2,0,0.7410530239891773,1
RIMONE_r2_Im174,2,r2,0,0.7418972846274998,1
RIMONE_r2_Im176,2,r2,0,0.74124358863042,1
RIMONE_r2_Im178,2,r2,0,0.741041206128363,1
RIMONE_r2_Im180,2,r2,0,0.7411329431655759,1
RIMONE_r2_Im182,2,r2,0,0.7410220299487592,1
RIMONE_r2_Im184,2,r2,0,0.7410702197631275,1
RIMONE_r2_Im186,2,r2,0,0.7410211149717946,1
RIMONE_r2_Im188,2,r2,0,0.7408707663359644,1
RIMONE_r2_Im190,2,r2,0,0.7411852941535753,1
RIMONE_r2_Im192,2,r2,0,0.7410175997770956,1
RIMONE_r2_Im194,2,r2,0,0.7411259292156752,1
RIMONE_r2_Im196,2,r2,0,0.7410157952619498,1
RIMONE_r2_Im198,2,r2,0,0.7410142122235872,1
RIMONE_r2_Im200,2,r2,0,0.7415620740504317,1
RIMONE_r2_Im202,2,r2,0,0.7409483384957615,1
RIMONE_r2_Im206,2,r2,0,0.7409915291120334,1
RIMONE_r2_Im208,2,r2,0,0.7410306016271391,1
RIMONE_r2_Im210,2,r2,0,0.7410578917037315,1
RIMONE_r2_Im212,2,r2,0,0.7410059288181999,1
RIMONE_r2_Im214,2,r2,0,0.7412104647774714,1
RIMONE_r2_Im216,2,r2,0,0.7410064700245141,1
RIMONE_r2_Im218,2,r2,0,0.7412511498770474,1
RIMONE_r2_Im220,2,r2,0,0.7409132019594462,1
RIMONE_r2_Im222,2,r2,0,0.7410166155188426,1
RIMONE_r2_Im224,2,r2,0,0.7410052757215528,1
RIMONE_r2_Im226,2,r2,0,0.7411776657127934,1
RIMONE_r2_Im228,2,r2,0,0.7414923098340436,1
RIMONE_r2_Im230,2,r2,0,0.7541183376568399,1
RIMONE_r2_Im232,2,r2,0,0.7410498676084082,1
RIMONE_r2_Im234,2,r2,0,0.7410963557742265,1
RIMONE_r2_Im236,2,r2,0,0.7410047930290257,1
RIMONE_r2_Im238,2,r2,0,0.7410299745650182,1
RIMONE_r2_Im240,2,r2,0,0.7411665014162058,1
RIMONE_r2_Im242,2,r2,0,0.7410165819537713,1
RIMONE_r2_Im244,2,r2,0,0.7410092359814884,1
RIMONE_r2_Im246,2,r2,0,0.7413560465437949,1
RIMONE_r2_Im248,2,r2,0,0.7409684219561365,1
RIMONE_r2_Im250,2,r2,0,0.7418155791918051,1
RIMONE_r2_Im252,2,r2,0,0.7410943206064943,1
RIMONE_r2_Im254,2,r2,0,0.7410125830729227,1
RIMONE_r3_N-1-L_left_half,2,r3,0,0.7381503614495607,1
RIMONE_r3_N-10-R_left_half,2,r3,0,0.7497755956628753,1
RIMONE_r3_N-11-L_left_half,2,r3,0,0.759935609952959,1
RIMONE_r3_N-12-R_left_half,2,r3,0,0.7831102430192002,1
RIMONE_r3_N-13-L_left_half,2,r3,0,0.7442317520587396,1
RIMONE_r3_N-14-R_left_half,2,r3,0,0.7410038751318504,1
RIMONE_r3_N-16-R_left_half,2,r3,0,0.7409862384912393,1
RIMONE_r3_N-17-L_left_half,2,r3,0,0.7424744235097298,1
RIMONE_r3_N-18-R_left_half,2,r3,0,0.7410037934053268,1
RIMONE_r3_N-2-R_left_half,2,r3,0,0.7479433305554978,1
RIMONE_r3_N-20-R_left_half,2,r3,0,0.7410050015086994,1
RIMONE_r3_N-21-L_left_half,2,r3,0,0.7427553225084841,1
RIMONE_r3_N-22-R_left_half,2,r3,0,0.7603396189185239,1
RIMONE_r3_N-23-L_left_half,2,r3,0,0.7408429114701427,1
RIMONE_r3_N-24-R_left_half,2,r3,0,0.75768665250838,1
RIMONE_r3_N-25-L_left_half,2,r3,0,0.7409282571078775,1
RIMONE_r3_N-26-R_left_half,2,r3,0,0.7409913099564567,1
RIMONE_r3_N-27-L_left_half,2,r3,0,0.7409974050747735,1
RIMONE_r3_N-28-R_left_half,2,r3,0,0.7410116838808783,1
RIMONE_r3_N-29-L_left_half,2,r3,0,0.7409474022102506,1
RIMONE_r3_N-3-L_left_half,2,r3,0,0.7411051200951917,1
RIMONE_r3_N-30-R_left_half,2,r3,0,0.7425131522352005,1
RIMONE_r3_N-31-L_left_half,2,r3,0,0.7410782889472236,1
RIMONE_r3_N-32-R_left_half,2,r3,0,0.7409628065526964,1
RIMONE_r3_N-33-L_left_half,2,r3,0,0.7409771420534411,1
RIMONE_r3_N-34-R_left_half,2,r3,0,0.741271016693673,1
RIMONE_r3_N-35-L_left_half,2,r3,0,0.7410060302253476,1
RIMONE_r3_N-36-R_left_half,2,r3,0,0.7409294808781006,1
RIMONE_r3_N-37-L_left_half,2,r3,0,0.7432764870867277,1
RIMONE_r3_N-38-R_left_half,2,r3,0,0.7594204721952796,1
RIMONE_r3_N-39-L_left_half,2,r3,0,0.7419794364227353,1
RIMONE_r3_N-4-R_left_half,2,r3,0,0.7410512325268908,1
RIMONE_r3_N-40-R_left_half,2,r3,0,0.7410240170433449,1
RIMONE_r3_N-41-L_left_half,2,r3,0,0.7413391532960113,1
RIMONE_r3_N-42-R_left_half,2,r3,0,0.7419181294948423,1
RIMONE_r3_N-43-L_left_half,2,r3,0,0.7428728298378752,1
RIMONE_r3_N-44-R_left_half,2,r3,0,0.7513324148198869,1
RIMONE_r3_N-46-R_left_half,2,r3,0,0.7493776709166371,1
RIMONE_r3_N-47-L_left_half,2,r3,0,0.7405155034159133,1
RIMONE_r3_N-48-R_left_half,2,r3,0,0.7645446452715821,1
RIMONE_r3_N-49-L_left_half,2,r3,0,0.7411489516073563,1
RIMONE_r3_N-5-L_left_half,2,r3,0,0.7410285380592367,1
RIMONE_r3_N-50-R_left_half,2,r3,0,0.741168382186181,1
RIMONE_r3_N-51-L_left_half,2,r3,0,0.8150597301149182,1
RIMONE_r3_N-52-R_left_half,2,r3,0,0.7833905369363908,1
RIMONE_r3_N-53-L_left_half,2,r3,0,0.7401847906642627,1
RIMONE_r3_N-54-R_left_half,2,r3,0,0.7407622028468158,1
RIMONE_r3_N-55-L_left_half,2,r3,0,0.7414787916589903,1
RIMONE_r3_N-56-R_left_half,2,r3,0,0.7414836237597817,1
RIMONE_r3_N-58-R_left_half,2,r3,0,0.7409540367202193,1
RIMONE_r3_N-59-L_left_half,2,r3,0,0.7466728126711566,1
RIMONE_r3_N-6-R_left_half,2,r3,0,0.7424731056440442,1
RIMONE_r3_N-61-L_left_half,2,r3,0,0.7564032683436056,1
RIMONE_r3_N-62-R_left_half,2,r3,0,0.7510328976700751,1
RIMONE_r3_N-63-L_left_half,2,r3,0,0.7409251572079799,1
RIMONE_r3_N-64-R_left_half,2,r3,0,0.741002500619717,1
RIMONE_r3_N-65-L_left_half,2,r3,0,0.7457269120813449,1
RIMONE_r3_N-66-R_left_half,2,r3,0,0.7430397932792893,1
RIMONE_r3_N-67-L_left_half,2,r3,0,0.7487683671840223,1
RIMONE_r3_N-68-R_left_half,2,r3,0,0.7446802705235884,1
RIMONE_r3_N-69-L_left_half,2,r3,0,0.7453785311263134,1
RIMONE_r3_N-7-L_left_half,2,r3,0,0.7407035952417739,1
RIMONE_r3_N-70-R_left_half,2,r3,0,0.7411481295286081,1
RIMONE_r3_N-71-L_left_half,2,r3,0,0.7466874615757716,1
RIMONE_r3_N-72-R_left_half,2,r3,0,0.7410022187803823,1
RIMONE_r3_N-73-R_left_half,2,r3,0,0.7413446894599223,1
RIMONE_r3_N-74-L_left_half,2,r3,0,0.7409930206966819,1
RIMONE_r3_N-75-R_left_half,2,r3,0,0.7409850261808477,1
RIMONE_r3_N-76-R_left_half,2,r3,0,0.7417698442721574,1
RIMONE_r3_N-78-R_left_half,2,r3,0,0.7411603450568186,1
RIMONE_r3_N-79-L_left_half,2,r3,0,0.7405043037648744,1
RIMONE_r3_N-8-L_left_half,2,r3,0,0.7410349986667779,1
RIMONE_r3_N-80-R_left_half,2,r3,0,0.7635318469216283,1
RIMONE_r3_N-81-L_left_half,2,r3,0,0.7430062540601192,1
RIMONE_r3_N-82-R_left_half,2,r3,0,0.7448687696625156,1
RIMONE_r3_N-83-L_left_half,2,r3,0,0.7467353309848463,1
RIMONE_r3_N-84-R_left_half,2,r3,0,0.7431254942635932,1
RIMONE_r3_N-85-L_left_half,2,r3,0,0.7411156279458766,1
RIMONE_r3_N-86-R_left_half,2,r3,0,0.7410867616304612,1
RIMONE_r3_N-87-L_left_half,2,r3,0,0.7414839729738998,1
RIMONE_r3_N-88-R_left_half,2,r3,0,0.741096705375509,1
RIMONE_r3_N-9-L_left_half,2,r3,0,0.7410621605142461,1
RIMONE_r3_N-90-R_left_half,2,r3,0,0.7412788479710766,1
RIMONE_r3_N-91-L_left_half,2,r3,0,0.7428427650952477,1
RIMONE_r3_N-92-R_left_half,2,r3,0,0.741597799094411,1
RIMONE_r1_Im069,3,r1,1,0.737384011907705,1
RIMONE_r1_Im103,3,r1,1,0.7667750012611937,1
RIMONE_r1_Im113,3,r1,1,0.7424338980669424,1
RIMONE_r1_Im117,3,r1,1,0.753989075877743,1
RIMONE_r1_Im118,3,r1,1,0.7570425729307216,1
RIMONE_r1_Im120,3,r1,1,0.7544263337383915,1
RIMONE_r1_Im121,3,r1,1,0.7372563940003962,1
RIMONE_r1_Im122,3,r1,1,0.7454715739593645,1
RIMONE_r1_Im135,3,r1,1,0.7407962208129504,1
RIMONE_r1_Im144,3,r1,1,0.7376709355154777,1
RIMONE_r1_Im158,3,r1,1,0.7583684351794742,1
RIMONE_r1_Im167,3,r1,1,0.7877759100961328,1
RIMONE_r2_Im257,3,r2,1,0.7372184689902749,1
RIMONE_r2_Im258,3,r2,1,0.7372167061344244,1
RIMONE_r2_Im260,3,r2,1,0.7372166511215125,1
RIMONE_r2_Im263,3,r2,1,0.7379586576768419,1
RIMONE_r2_Im264,3,r2,1,0.7395911243866732,1
RIMONE_r2_Im266,3,r2,1,0.7372176585752576,1
RIMONE_r2_Im267,3,r2,1,0.7372179930504422,1
RIMONE_r2_Im268,3,r2,1,0.7372170917433923,1
RIMONE_r2_Im269,3,r2,1,0.7372172531574903,1
RIMONE_r2_Im270,3,r2,1,0.7372183648497211,1
RIMONE_r2_Im273,3,r2,1,0.7372198395489826,1
RIMONE_r2_Im275,3,r2,1,0.7358834462117194,1
RIMONE_r2_Im277,3,r2,1,0.7372163093247297,1
RIMONE_r2_Im281,3,r2,1,0.7319469449742301,1
RIMONE_r2_Im287,3,r2,1,0.7372176132430688,1
RIMONE_r2_Im288,3,r2,1,0.7372176008795415,1
RIMONE_r2_Im289,3,r2,1,0.7372176729944115,1
RIMONE_r2_Im290,3,r2,1,0.7372167441744494,1
RIMONE_r2_Im291,3,r2,1,0.7372200365291763,1
RIMONE_r2_Im292,3,r2,1,0.7373839218281406,1
RIMONE_r2_Im293,3,r2,1,0.7372170297264414,1
RIMONE_r2_Im294,3,r2,1,0.7372164257390189,1
RIMONE_r2_Im301,3,r2,1,0.737254705341407,1
RIMONE_r2_Im302,3,r2,1,0.7372463309821609,1
RIMONE_r2_Im303,3,r2,1,0.7372277266670499,1
RIMONE_r2_Im305,3,r2,1,0.7372235714379635,1
RIMONE_r2_Im314,3,r2,1,0.7372167119486811,1
RIMONE_r2_Im315,3,r2,1,0.737251139278159,1
RIMONE_r2_Im317,3,r2,1,0.7372554497430863,1
RIMONE_r2_Im318,3,r2,1,0.7372170131306017,1
RIMONE_r2_Im319,3,r2,1,0.7372190726759854,1
RIMONE_r2_Im320,3,r2,1,0.7372168314706573,1
RIMONE_r2_Im321,3,r2,1,0.7372451448428241,1
RIMONE_r2_Im324,3,r2,1,0.7372536640894165,1
RIMONE_r2_Im329,3,r2,1,0.7374453768573723,1
RIMONE_r2_Im330,3,r2,1,0.7377127029325095,1
RIMONE_r2_Im331,3,r2,1,0.7372151018649034,1
RIMONE_r2_Im332,3,r2,1,0.7372170454626987,1
RIMONE_r2_Im333,3,r2,1,0.7372638805846277,1
RIMONE_r2_Im334,3,r2,1,0.7372402594367067,1
RIMONE_r2_Im338,3,r2,1,0.7372162350076739,1
RIMONE_r2_Im339,3,r2,1,0.7372529377208735,1
RIMONE_r2_Im343,3,r2,1,0.7372170900126322,1
RIMONE_r2_Im344,3,r2,1,0.7372171125999016,1
RIMONE_r1_Im001,3,r1,0,0.7372155391138063,1
RIMONE_r1_Im003,3,r1,0,0.7372287921286291,1
RIMONE_r1_Im004,3,r1,0,0.737366844832556,1
RIMONE_r1_Im006,3,r1,0,0.737628521538116,1
RIMONE_r1_Im008,3,r1,0,0.7373378793512839,1
RIMONE_r1_Im011,3,r1,0,0.7372143828931101,1
RIMONE_r1_Im012,3,r1,0,0.7390331411206511,1
RIMONE_r1_Im014,3,r1,0,0.7372367442251697,1
RIMONE_r1_Im015,3,r1,0,0.738425876955038,1
RIMONE_r1_Im019,3,r1,0,0.7372156969273482,1
RIMONE_r1_Im020,3,r1,0,0.7372156173603566,1
RIMONE_r1_Im022,3,r1,0,0.7372176667843291,1
RIMONE_r1_Im023,3,r1,0,0.7372207872544069,1
RIMONE_r1_Im024,3,r1,0,0.7372727138881268,1
RIMONE_r1_Im025,3,r1,0,0.7372171838587681,1
RIMONE_r1_Im026,3,r1,0,0.7372153826140821,1
RIMONE_r1_Im027,3,r1,0,0.7372165757768939,1
RIMONE_r1_Im028,3,r1,0,0.7389552919543654,1
RIMONE_r1_Im029,3,r1,0,0.7383859989973406,1
RIMONE_r1_Im031,3,r1,0,0.7375631589362733,1
RIMONE_r1_Im032,3,r1,0,0.7372170780380927,1
RIMONE_r1_Im033,3,r1,0,0.737217068691754,1
RIMONE_r1_Im036,3,r1,0,0.7376456840560593,1
RIMONE_r1_Im037,3,r1,0,0.737916503435296,1
RIMONE_r1_Im040,3,r1,0,0.7372156321132921,1
RIMONE_r1_Im041,3,r1,0,0.7372329017816329,1
RIMONE_r1_Im042,3,r1,0,0.7372144634039836,1
RIMONE_r1_Im046,3,r1,0,0.7372148978719354,1
RIMONE_r1_Im047,3,r1,0,0.7372171111393306,1
RIMONE_r1_Im050,3,r1,0,0.7458211677614626,1
RIMONE_r1_Im052,3,r1,0,0.7372172942120584,1
RIMONE_r1_Im054,3,r1,0,0.7374182608735507,1
RIMONE_r1_Im055,3,r1,0,0.740224012040059,1
RIMONE_r1_Im056,3,r1,0,0.7419193921534871,1
RIMONE_r1_Im057,3,r1,0,0.7372159969047812,1
RIMONE_r1_Im058,3,r1,0,0.7372076146902615,1
RIMONE_r1_Im059,3,r1,0,0.737216330234372,1
RIMONE_r1_Im060,3,r1,0,0.7372199045411233,1
RIMONE_r1_Im061,3,r1,0,0.7372146503582796,1
RIMONE_r1_Im062,3,r1,0,0.7376090255553863,1
RIMONE_r1_Im063,3,r1,0,0.7372643313368465,1
RIMONE_r1_Im071,3,r1,0,0.7373370726896558,1
RIMONE_r1_Im072,3,r1,0,0.7372183257199699,1
RIMONE_r1_Im073,3,r1,0,0.7372171461079413,1
RIMONE_r1_Im080,3,r1,0,0.7887641293145458,1
RIMONE_r1_Im082,3,r1,0,0.7414804506598778,1
RIMONE_r1_Im086,3,r1,0,0.7567419747733775,1
RIMONE_r1_Im087,3,r1,0,0.7495859590255488,1
RIMONE_r1_Im095,3,r1,0,0.745186017095767,1
RIMONE_r1_Im107,3,r1,0,0.7451298119421328,1
RIMONE_r1_Im108,3,r1,0,0.7373604266394915,1
RIMONE_r1_Im115,3,r1,0,0.7519223229827743,1
RIMONE_r1_Im116,3,r1,0,0.7420013558590564,1
RIMONE_r1_Im119,3,r1,0,0.8384566257760933,1
RIMONE_r1_Im125,3,r1,0,0.7473507326860278,1
RIMONE_r1_Im127,3,r1,0,0.7376572079185074,1
RIMONE_r1_Im128,3,r1,0,0.7437774282228573,1
RIMONE_r1_Im129,3,r1,0,0.7429164390900751,1
RIMONE_r1_Im130,3,r1,0,0.7438874674372274,1
RIMONE_r1_Im131,3,r1,0,0.7567248198759763,1
RIMONE_r1_Im132,3,r1,0,0.7372876610811288,1
RIMONE_r1_Im133,3,r1,0,0.7372806492006762,1
RIMONE_r1_Im136,3,r1,0,0.7505334242829885,1
RIMONE_r1_Im137,3,r1,0,0.758360484768963,1
RIMONE_r1_Im138,3,r1,0,0.7734765609653041,1
RIMONE_r1_Im142,3,r1,0,0.7452872037811249,1
RIMONE_r1_Im143,3,r1,0,0.7575977378722596,1
RIMONE_r1_Im145,3,r1,0,0.7743378841459851,1
RIMONE_r1_Im146,3,r1,0,0.7532116070375179,1
RIMONE_r1_Im149,3,r1,0,0.7406258950753155,1
RIMONE_r1_Im150,3,r1,0,0.7576254308342143,1
RIMONE_r1_Im151,3,r1,0,0.750628566652996,1
RIMONE_r1_Im152,3,r1,0,0.778067966519082,1
RIMONE_r1_Im153,3,r1,0,0.7387259989137752,1
RIMONE_r1_Im154,3,r1,0,0.7589005067275191,1
RIMONE_r1_Im155,3,r1,0,0.7418899265472938,1
RIMONE_r1_Im156,3,r1,0,0.7375139416599027,1
RIMONE_r1_Im159,3,r1,0,0.7422543771693685,1
RIMONE_r1_Im161,3,r1,0,0.7584460396083283,1
RIMONE_r1_Im162,3,r1,0,0.7687117623676971,1
RIMONE_r1_Im163,3,r1,0,0.7412691887357462,1
RIMONE_r1_Im164,3,r1,0,0.7569784187526244,1
RIMONE_r1_Im165,3,r1,0,0.741235587403554,1
RIMONE_r1_Im166,3,r1,0,0.738986574300266,1
RIMONE_r1_Im168,3,r1,0,0.7547017310715739,1
RIMONE_r1_Im169,3,r1,0,0.749152689140953,1
RIMONE_r2_Im001,3,r2,0,0.7372188044829247,1
RIMONE_r2_Im002,3,r2,0,0.7372171858242187,1
RIMONE_r2_Im003,3,r2,0,0.7372174241940672,1
RIMONE_r2_Im004,3,r2,0,0.7372162080450133,1
RIMONE_r2_Im005,3,r2,0,0.7372172385974494,1
RIMONE_r2_Im006,3,r2,0,0.7372170702528666,1
RIMONE_r2_Im007,3,r2,0,0.7372163762339585,1
RIMONE_r2_Im009,3,r2,0,0.7372181596010677,1
RIMONE_r2_Im010,3,r2,0,0.7372190366931369,1
RIMONE_r2_Im011,3,r2,0,0.7372175672022158,1
RIMONE_r2_Im012,3,r2,0,0.7372165396542688,1
RIMONE_r2_Im013,3,r2,0,0.7372170290397464,1
RIMONE_r2_Im014,3,r2,0,0.7372168365374648,1
RIMONE_r2_Im015,3,r2,0,0.7372256279823067,1
RIMONE_r2_Im016,3,r2,0,0.7372344831720743,1
RIMONE_r2_Im017,3,r2,0,0.7372157832789105,1
RIMONE_r2_Im018,3,r2,0,0.7372169883082671,1
RIMONE_r2_Im019,3,r2,0,0.7372306539050112,1
RIMONE_r2_Im020,3,r2,0,0.7372225360656504,1
RIMONE_r2_Im021,3,r2,0,0.737223519997625,1
RIMONE_r2_Im022,3,r2,0,0.7372386300961076,1
RIMONE_r2_Im023,3,r2,0,0.7372356005401309,1
RIMONE_r2_Im024,3,r2,0,0.7372236879808669,1
RIMONE_r2_Im025,3,r2,0,0.7372203415690549,1
RIMONE_r2_Im026,3,r2,0,0.7372177897997381,1
RIMONE_r2_Im027,3,r2,0,0.7372169277909376,1
RIMONE_r2_Im028,3,r2,0,0.7372179314302555,1
RIMONE_r2_Im029,3,r2,0,0.7372656061671555,1
RIMONE_r2_Im030,3,r2,0,0.7372165334827728,1
RIMONE_r2_Im031,3,r2,0,0.737216167094873,1
RIMONE_r2_Im032,3,r2,0,0.7372214414458619,1
RIMONE_r2_Im033,3,r2,0,0.7372195243872982,1
RIMONE_r2_Im347,3,r2,1,0.7890176126415865,1
RIMONE_r2_Im348,3,r2,1,0.7375397765514853,1
RIMONE_r2_Im351,3,r2,1,0.7411899367381425,1
RIMONE_r2_Im352,3,r2,1,0.7381042366272766,1
RIMONE_r2_Im354,3,r2,1,0.7373910628220356,1
RIMONE_r2_Im355,3,r2,1,0.737496271747931,1
RIMONE_r2_Im356,3,r2,1,0.7373207788304547,1
RIMONE_r2_Im357,3,r2,1,0.73772622196318,1
RIMONE_r2_Im358,3,r2,1,0.7466076806879728,1
RIMONE_r2_Im362,3,r2,1,0.7373122893060726,1
RIMONE_r2_Im365,3,r2,1,0.7405898577180169,1
RIMONE_r2_Im366,3,r2,1,0.7514867142465421,1
RIMONE_r2_Im369,3,r2,1,0.7484188142950541,1
RIMONE_r2_Im373,3,r2,1,0.7484020236648034,1
RIMONE_r2_Im376,3,r2,1,0.7372171143305557,1
RIMONE_r2_Im377,3,r2,1,0.7515252134985827,1
RIMONE_r2_Im383,3,r2,1,0.7372265061698997,1
RIMONE_r2_Im384,3,r2,1,0.7397754205546533,1
RIMONE_r2_Im385,3,r2,1,0.7415887094990644,1
RIMONE_r2_Im387,3,r2,1,0.7972890110532259,1
RIMONE_r2_Im388,3,r2,1,0.7488703044336256,1
RIMONE_r2_Im389,3,r2,1,0.7453130668603067,1
RIMONE_r2_Im390,3,r2,1,0.7384165348411773,1
RIMONE_r2_Im391,3,r2,1,0.7410199892409329,1
RIMONE_r2_Im392,3,r2,1,0.743146675338974,1
RIMONE_r2_Im393,3,r2,1,0.7685388785235574,1
RIMONE_r2_Im398,3,r2,1,0.7402587810390654,1
RIMONE_r2_Im399,3,r2,1,0.7373920886584936,1
RIMONE_r2_Im400,3,r2,1,0.7400544430858683,1
RIMONE_r2_Im401,3,r2,1,0.7375243991785796,1
RIMONE_r2_Im402,3,r2,1,0.7488336366137309,1
RIMONE_r2_Im403,3,r2,1,0.7378027059626726,1
RIMONE_r2_Im404,3,r2,1,0.7387440710047622,1
RIMONE_r2_Im406,3,r2,1,0.737258144267305,1
RIMONE_r2_Im407,3,r2,1,0.7376402260193498,1
RIMONE_r2_Im408,3,r2,1,0.7372317217590755,1
RIMONE_r2_Im414,3,r2,1,0.7414394842449775,1
RIMONE_r2_Im415,3,r2,1,0.7372357541059232,1
RIMONE_r2_Im416,3,r2,1,0.7372950972505393,1
RIMONE_r2_Im418,3,r2,1,0.7385296921822664,1
RIMONE_r2_Im419,3,r2,1,0.7372165543085035,1
RIMONE_r2_Im420,3,r2,1,0.7372227699410114,1
RIMONE_r2_Im421,3,r2,1,0.7372177669609482,1
RIMONE_r2_Im422,3,r2,1,0.7483590464424663,1
RIMONE_r2_Im424,3,r2,1,0.7372481729519749,1
RIMONE_r2_Im427,3,r2,1,0.7444806889159146,1
RIMONE_r2_Im428,3,r2,1,0.7387510050439938,1
RIMONE_r2_Im429,3,r2,1,0.7372416005364234,1
RIMONE_r2_Im432,3,r2,1,0.7390622932943202,1
RIMONE_r2_Im433,3,r2,1,0.7436999815061206,1
RIMONE_r2_Im436,3,r2,1,0.7372447756913906,1
RIMONE_r2_Im439,3,r2,1,0.7382145193364803,1
RIMONE_r2_Im441,3,r2,1,0.7387228163827709,1
RIMONE_r2_Im442,3,r2,1,0.741795617588246,1
RIMONE_r2_Im443,3,r2,1,0.7427198896713577,1
RIMONE_r2_Im444,3,r2,1,0.739017098313596,1
RIMONE_r2_Im445,3,r2,1,0.73756099355341,1
RIMONE_r2_Im448,3,r2,1,0.7394470384874425,1
RIMONE_r2_Im449,3,r2,1,0.7570280491459258,1
RIMONE_r2_Im450,3,r2,1,0.7389785247645971,1
RIMONE_r2_Im451,3,r2,1,0.7408610352669478,1
RIMONE_r2_Im453,3,r2,1,0.7370228092300822,1
RIMONE_r2_Im454,3,r2,1,0.7480567625724093,1
RIMONE_r2_Im455,3,r2,1,0.7387334443542499,1
RIMONE_r3_G-1-L_left_half,3,r3,1,0.7382833211948617,1
RIMONE_r3_G-10-L_left_half,3,r3,1,0.7740704851130678,1
RIMONE_r3_G-11-R_left_half,3,r3,1,0.7819907997414707,1
RIMONE_r3_G-12-L_left_half,3,r3,1,0.7392578416591082,1
RIMONE_r3_G-13-R_left_half,3,r3,1,0.7183230341980754,1
RIMONE_r3_G-14-R_left_half,3,r3,1,0.7512727999084275,1
RIMONE_r3_G-15-L_left_half,3,r3,1,0.7972741312183611,1
RIMONE_r3_G-16-R_left_half,3,r3,1,0.743728258650574,1
RIMONE_r3_G-17-L_left_half,3,r3,1,0.7393680910204964,1
RIMONE_r3_G-18-R_left_half,3,r3,1,0.7376302136449474,1
RIMONE_r3_G-2-R_left_half,3,r3,1,0.7418111821235644,1
RIMONE_r3_G-22-L_left_half,3,r3,1,0.6949789762534835,1
RIMONE_r3_G-23-R_left_half,3,r3,1,0.7710271665405349,1
RIMONE_r3_G-25-L_left_half,3,r3,1,0.753016637392674,1
RIMONE_r3_G-27-R_left_half,3,r3,1,0.7812016723844526,1
RIMONE_r3_G-29-R_left_half,3,r3,1,0.7420969566997084,1
RIMONE_r3_G-3-R_left_half,3,r3,1,0.7570684165498711,1
RIMONE_r3_G-30-L_left_half,3,r3,1,0.8102931571915652,1
RIMONE_r3_G-31-R_left_half,3,r3,1,0.5372044078698552,1
RIMONE_r3_G-32-L_left_half,3,r3,1,0.8040734156125439,1
RIMONE_r3_G-33-R_left_half,3,r3,1,0.7374832443164481,1
RIMONE_r3_G-34-L_left_half,3,r3,1,0.7087352466702045,1
RIMONE_r3_G-35-R_left_half,3,r3,1,0.737237022604914,1
RIMONE_r3_G-37-R_left_half,3,r3,1,0.7801943186300239,1
RIMONE_r3_G-38-L_left_half,3,r3,1,0.7473957961457818,1
RIMONE_r3_G-39-L_left_half,3,r3,1,0.7790437906626372,1
RIMONE_r3_G-6-L_left_half,3,r3,1,0.8301614389957259,1
RIMONE_r3_G-8-R_left_half,3,r3,1,0.7372224643168216,1
RIMONE_r3_G-9-R_left_half,3,r3,1,0.7510223728207375,1
RIMONE_r3_S-1-L_left_half,3,r3,1,0.7372933045540732,1
RIMONE_r3_S-10-R_left_half,3,r3,1,0.766879631782651,1
RIMONE_r3_S-11-L_left_half,3,r3,1,0.7375665486495746,1
RIMONE_r3_S-12-L_left_half,3,r3,1,0.8458030512259064,1
RIMONE_r3_S-13-R_left_half,3,r3,1,0.7824947545631163,1
RIMONE_r3_S-14-R_left_half,3,r3,1,0.7389791288511496,1
RIMONE_r3_S-18-L_left_half,3,r3,1,0.7377412163370803,1
RIMONE_r3_S-19-R_left_half,3,r3,1,0.7401605312654951,1
RIMONE_r3_S-2-L_left_half,3,r3,1,0.7374446748261893,1
RIMONE_r3_S-20-L_left_half,3,r3,1,0.7423678343988808,1
RIMONE_r3_S-21-R_left_half,3,r3,1,0.8174510412860706,1
RIMONE_r3_S-25-L_left_half,3,r3,1,0.7974408470130925,1
RIMONE_r3_S-26-R_left_half,3,r3,1,0.7942589274391881,1
RIMONE_r3_S-28-R_left_half,3,r3,1,0.7523723026838892,1
RIMONE_r3_S-29-R_left_half,3,r3,1,0.7400161801166659,1
RIMONE_r3_S-30-L_left_half,3,r3,1,0.7372682734244698,1
RIMONE_r3_S-31-L_left_half,3,r3,1,0.7374106408644346,1
RIMONE_r3_S-32-L_left_half,3,r3,1,0.7373558466887566,1
RIMONE_r3_S-33-R_left_half,3,r3,1,0.7382979809206072,1
RIMONE_r3_S-35-R_left_half,3,r3,1,0.7461212565120631,1
RIMONE_r3_S-4-L_left_half,3,r3,1,0.7356028664499275,1
RIMONE_r3_S-6-R_left_half,3,r3,1,0.7598883909816508,1
RIMONE_r3_S-9-L_left_half,3,r3,1,0.8466828595504974,1
RIMONE_r2_Im034,3,r2,0,0.7372348522117134,1
RIMONE_r2_Im036,3,r2,0,0.7374256447383074,1
RIMONE_r2_Im038,3,r2,0,0.7372204821399436,1
RIMONE_r2_Im040,3,r2,0,0.7380445258705465,1
RIMONE_r2_Im042,3,r2,0,0.7397971429574868,1
RIMONE_r2_Im044,3,r2,0,0.7372170886990266,1
RIMONE_r2_Im046,3,r2,0,0.7372170888037497,1
RIMONE_r2_Im048,3,r2,0,0.7444670798799776,1
RIMONE_r2_Im050,3,r2,0,0.7373902606316708,1
RIMONE_r2_Im052,3,r2,0,0.7374441860674962,1
RIMONE_r2_Im054,3,r2,0,0.7384394056420768,1
RIMONE_r2_Im056,3,r2,0,0.7390850283891951,1
RIMONE_r2_Im058,3,r2,0,0.738793588123883,1
RIMONE_r2_Im060,3,r2,0,0.7372895366405461,1
RIMONE_r2_Im062,3,r2,0,0.7379503809892934,1
RIMONE_r2_Im064,3,r2,0,0.7372680186131025,1
RIMONE_r2_Im066,3,r2,0,0.7389132172389478,1
RIMONE_r2_Im068,3,r2,0,0.7375967394327483,1
RIMONE_r2_Im070,3,r2,0,0.7373206955919817,1
RIMONE_r2_Im072,3,r2,0,0.7373470511547114,1
RIMONE_r2_Im074,3,r2,0,0.7372389840459752,1
RIMONE_r2_Im076,3,r2,0,0.7377076131528121,1
RIMONE_r2_Im078,3,r2,0,0.7376346752256512,1
RIMONE_r2_Im080,3,r2,0,0.7374531135127221,1
RIMONE_r2_Im082,3,r2,0,0.7388372257682103,1
RIMONE_r2_Im084,3,r2,0,0.7447615299119864,1
RIMONE_r2_Im086,3,r2,0,0.7373459830237531,1
RIMONE_r2_Im088,3,r2,0,0.7375228738940574,1
RIMONE_r2_Im090,3,r2,0,0.7374874490431531,1
RIMONE_r2_Im092,3,r2,0,0.7377931542536018,1
RIMONE_r2_Im094,3,r2,0,0.7390380870866067,1
RIMONE_r2_Im096,3,r2,0,0.7372271805096048,1
RIMONE_r2_Im098,3,r2,0,0.7374436892591598,1
RIMONE_r2_Im100,3,r2,0,0.737786569992806,1
RIMONE_r2_Im102,3,r2,0,0.7372271573120546,1
RIMONE_r2_Im104,3,r2,0,0.7372595831733008,1
RIMONE_r2_Im106,3,r2,0,0.7380457253949033,1
RIMONE_r2_Im108,3,r2,0,0.7372921342938852,1
RIMONE_r2_Im110,3,r2,0,0.7372725728014151,1
RIMONE_r2_Im112,3,r2,0,0.7402141070732526,1
RIMONE_r2_Im114,3,r2,0,0.7383408179772843,1
RIMONE_r2_Im116,3,r2,0,0.7372167914435434,1
RIMONE_r2_Im118,3,r2,0,0.737257902721118,1
RIMONE_r2_Im120,3,r2,0,0.7372172657764697,1
RIMONE_r2_Im122,3,r2,0,0.7372253358423778,1
RIMONE_r2_Im124,3,r2,0,0.7375872818487132,1
RIMONE_r2_Im126,3,r2,0,0.7418306633013229,1
RIMONE_r2_Im128,3,r2,0,0.7373081034530796,1
RIMONE_r2_Im130,3,r2,0,0.7372239208145773,1
RIMONE_r2_Im132,3,r2,0,0.7372170915776979,1
RIMONE_r2_Im134,3,r2,0,0.738860950581604,1
RIMONE_r2_Im136,3,r2,0,0.7372205876071521,1
RIMONE_r2_Im138,3,r2,0,0.7379398989276182,1
RIMONE_r2_Im140,3,r2,0,0.7372869169112123,1
RIMONE_r2_Im142,3,r2,0,0.7372595049202014,1
RIMONE_r2_Im144,3,r2,0,0.7372531276383545,1
RIMONE_r2_Im146,3,r2,0,0.7372171660020802,1
RIMONE_r2_Im148,3,r2,0,0.7372239615930368,1
RIMONE_r2_Im150,3,r2,0,0.7373789178665708,1
RIMONE_r2_Im152,3,r2,0,0.7372970136245814,1
RIMONE_r2_Im154,3,r2,0,0.7373380673493429,1
RIMONE_r2_Im156,3,r2,0,0.7372905332898192,1
RIMONE_r2_Im158,3,r2,0,0.7372261633336539,1
RIMONE_r2_Im160,3,r2,0,0.7372180692547149,1
RIMONE_r2_Im162,3,r2,0,0.7401352972801194,1
RIMONE_r2_Im164,3,r2,0,0.7484004592066137,1
RIMONE_r2_Im166,3,r2,0,0.7385737060623982,1
RIMONE_r2_Im168,3,r2,0,0.7371877364159207,1
RIMONE_r2_Im170,3,r2,0,0.7374622302059034,1
RIMONE_r2_Im172,3,r2,0,0.7372432787122518,1
RIMONE_r2_Im174,3,r2,0,0.7397207141697846,1
RIMONE_r2_Im176,3,r2,0,0.7384796274246226,1
RIMONE_r2_Im178,3,r2,0,0.7372776892977355,1
RIMONE_r2_Im180,3,r2,0,0.7383849859429187,1
RIMONE_r2_Im182,3,r2,0,0.7372199265730122,1
RIMONE_r2_Im184,3,r2,0,0.7372800047309973,1
RIMONE_r2_Im186,3,r2,0,0.7373211338520582,1
RIMONE_r2_Im188,3,r2,0,0.7410816548727078,1
RIMONE_r2_Im190,3,r2,0,0.737447076079191,1
RIMONE_r2_Im192,3,r2,0,0.7372266919762116,1
RIMONE_r2_Im194,3,r2,0,0.7376808526749882,1
RIMONE_r2_Im196,3,r2,0,0.7372440261408885,1
RIMONE_r2_Im198,3,r2,0,0.7372774401566117,1
RIMONE_r2_Im200,3,r2,0,0.7383871506587995,1
RIMONE_r2_Im202,3,r2,0,0.7381787897682247,1
RIMONE_r2_Im206,3,r2,0,0.7375262533038683,1
RIMONE_r2_Im208,3,r2,0,0.737321136142262,1
RIMONE_r2_Im210,3,r2,0,0.7374034154040718,1
RIMONE_r2_Im212,3,r2,0,0.7372197303408929,1
RIMONE_r2_Im214,3,r2,0,0.7375395100763528,1
RIMONE_r2_Im216,3,r2,0,0.7372576562653698,1
RIMONE_r2_Im218,3,r2,0,0.7373931893213564,1
RIMONE_r2_Im220,3,r2,0,0.740327132496501,1
RIMONE_r2_Im222,3,r2,0,0.737348072251359,1
RIMONE_r2_Im224,3,r2,0,0.737217137957694,1
RIMONE_r2_Im226,3,r2,0,0.7388340533987142,1
RIMONE_r2_Im228,3,r2,0,0.7457200030013323,1
RIMONE_r2_Im230,3,r2,0,0.6849384477915447,1
RIMONE_r2_Im232,3,r2,0,0.7387966566564286,1
RIMONE_r2_Im234,3,r2,0,0.73761939675403,1
RIMONE_r2_Im236,3,r2,0,0.7372168277786935,1
RIMONE_r2_Im238,3,r2,0,0.7376788298113889,1
RIMONE_r2_Im240,3,r2,0,0.7375373657126937,1
RIMONE_r2_Im242,3,r2,0,0.7372444220135378,1
RIMONE_r2_Im244,3,r2,0,0.7372302179937358,1
RIMONE_r2_Im246,3,r2,0,0.737803923156207,1
RIMONE_r2_Im248,3,r2,0,0.7375687823658461,1
RIMONE_r2_Im250,3,r2,0,0.7389029430600255,1
RIMONE_r2_Im252,3,r2,0,0.7374003255995912,1
RIMONE_r2_Im254,3,r2,0,0.737218961271476,1
RIMONE_r3_N-1-L_left_half,3,r3,0,0.7765847360509492,1
RIMONE_r3_N-10-R_left_half,3,r3,0,0.7654919838860987,1
RIMONE_r3_N-11-L_left_half,3,r3,0,0.7771690569820445,1
RIMONE_r3_N-12-R_left_half,3,r3,0,0.8186557099178008,1
RIMONE_r3_N-13-L_left_half,3,r3,0,0.7438533397699719,1
RIMONE_r3_N-14-R_left_half,3,r3,0,0.7372502451748009,1
RIMONE_r3_N-16-R_left_half,3,r3,0,0.7374372274538532,1
RIMONE_r3_N-17-L_left_half,3,r3,0,0.7570377287734502,1
RIMONE_r3_N-18-R_left_half,3,r3,0,0.7377079795605904,1
RIMONE_r3_N-2-R_left_half,3,r3,0,0.7829915194807417,1
RIMONE_r3_N-20-R_left_half,3,r3,0,0.7372177707145596,1
RIMONE_r3_N-21-L_left_half,3,r3,0,0.7342535281066207,1
RIMONE_r3_N-22-R_left_half,3,r3,0,0.632493999426645,1
RIMONE_r3_N-23-L_left_half,3,r3,0,0.7396689027264469,1
RIMONE_r3_N-24-R_left_half,3,r3,0,0.7697271611879841,1
RIMONE_r3_N-25-L_left_half,3,r3,0,0.7378223429194702,1
RIMONE_r3_N-26-R_left_half,3,r3,0,0.7374677776801292,1
RIMONE_r3_N-27-L_left_half,3,r3,0,0.7374296351438903,1
RIMONE_r3_N-28-R_left_half,3,r3,0,0.7373461054788734,1
RIMONE_r3_N-29-L_left_half,3,r3,0,0.7396666935514699,1
RIMONE_r3_N-3-L_left_half,3,r3,0,0.7373777921156487,1
RIMONE_r3_N-30-R_left_half,3,r3,0,0.7441686507117324,1
RIMONE_r3_N-31-L_left_half,3,r3,0,0.7374514412669478,1
RIMONE_r3_N-32-R_left_half,3,r3,0,0.7380466429704827,1
RIMONE_r3_N-33-L_left_half,3,r3,0,0.7388945492502635,1
RIMONE_r3_N-34-R_left_half,3,r3,0,0.7409353867487528,1
RIMONE_r3_N-35-L_left_half,3,r3,0,0.7436177309314183,1
RIMONE_r3_N-36-R_left_half,3,r3,0,0.7383929245808633,1
RIMONE_r3_N-37-L_left_half,3,r3,0,0.7406889565705737,1
RIMONE_r3_N-38-R_left_half,3,r3,0,0.7358592463893876,1
RIMONE_r3_N-39-L_left_half,3,r3,0,0.7450338855758661,1
RIMONE_r3_N-4-R_left_half,3,r3,0,0.7373766132083139,1
RIMONE_r3_N-40-R_left_half,3,r3,0,0.7408692390409071,1
RIMONE_r3_N-41-L_left_half,3,r3,0,0.7395618128191995,1
RIMONE_r3_N-42-R_left_half,3,r3,0,0.7400540086848604,1
RIMONE_r3_N-43-L_left_half,3,r3,0,0.7478898929975861,1
RIMONE_r3_N-44-R_left_half,3,r3,0,0.7638967442390578,1
RIMONE_r3_N-46-R_left_half,3,r3,0,0.7641922541458209,1
RIMONE_r3_N-47-L_left_half,3,r3,0,0.7409820486519505,1
RIMONE_r3_N-48-R_left_half,3,r3,0,0.7680068201086769,1
RIMONE_r3_N-49-L_left_half,3,r3,0,0.7375314918266308,1
RIMONE_r3_N-5-L_left_half,3,r3,0,0.7373800923534634,1
RIMONE_r3_N-50-R_left_half,3,r3,0,0.7380757616983809,1
RIMONE_r3_N-51-L_left_half,3,r3,0,0.8531916575952215,1
RIMONE_r3_N-52-R_left_half,3,r3,0,0.8239270711817612,1
RIMONE_r3_N-53-L_left_half,3,r3,0,0.7454760720678131,1
RIMONE_r3_N-54-R_left_half,3,r3,0,0.7415077088224863,1
RIMONE_r3_N-55-L_left_half,3,r3,0,0.7443473498741402,1
RIMONE_r3_N-56-R_left_half,3,r3,0,0.7594912268959618,1
RIMONE_r3_N-58-R_left_half,3,r3,0,0.7380795362102008,1
RIMONE_r3_N-59-L_left_half,3,r3,0,0.745081100021142,1
RIMONE_r3_N-6-R_left_half,3,r3,0,0.74291561629544,1
RIMONE_r3_N-61-L_left_half,3,r3,0,0.7679721241289224,1
RIMONE_r3_N-62-R_left_half,3,r3,0,0.7353203973333934,1
RIMONE_r3_N-63-L_left_half,3,r3,0,0.7382715554824936,1
RIMONE_r3_N-64-R_left_half,3,r3,0,0.7372924168169187,1
RIMONE_r3_N-65-L_left_half,3,r3,0,0.7604643431467457,1
RIMONE_r3_N-66-R_left_half,3,r3,0,0.6446850521731233,1
RIMONE_r3_N-67-L_left_half,3,r3,0,0.7586786660896608,1
RIMONE_r3_N-68-R_left_half,3,r3,0,0.7522654311068651,1
RIMONE_r3_N-69-L_left_half,3,r3,0,0.761230492078491,1
RIMONE_r3_N-7-L_left_half,3,r3,0,0.7393439923796781,1
RIMONE_r3_N-70-R_left_half,3,r3,0,0.7372873598618241,1
RIMONE_r3_N-71-L_left_half,3,r3,0,0.7590374876267995,1
RIMONE_r3_N-72-R_left_half,3,r3,0,0.73736053101605,1
RIMONE_r3_N-73-R_left_half,3,r3,0,0.7375492147530859,1
RIMONE_r3_N-74-L_left_half,3,r3,0,0.7377509683869489,1
RIMONE_r3_N-75-R_left_half,3,r3,0,0.7376989164624602,1
RIMONE_r3_N-76-R_left_half,3,r3,0,0.738449177896442,1
RIMONE_r3_N-78-R_left_half,3,r3,0,0.7368235512944326,1
RIMONE_r3_N-79-L_left_half,3,r3,0,0.7419558170111407,1
RIMONE_r3_N-8-L_left_half,3,r3,0,0.7374144804018152,1
RIMONE_r3_N-80-R_left_half,3,r3,0,0.6606655707200874,1
RIMONE_r3_N-81-L_left_half,3,r3,0,0.7621457978637939,1
RIMONE_r3_N-82-R_left_half,3,r3,0,0.7816072700194723,1
RIMONE_r3_N-83-L_left_half,3,r3,0,0.7661211969241242,1
RIMONE_r3_N-84-R_left_half,3,r3,0,0.7576377974389433,1
RIMONE_r3_N-85-L_left_half,3,r3,0,0.7377970183427037,1
RIMONE_r3_N-86-R_left_half,3,r3,0,0.7375669766699433,1
RIMONE_r3_N-87-L_left_half,3,r3,0,0.738182471973884,1
RIMONE_r3_N-88-R_left_half,3,r3,0,0.7373157618175146,1
RIMONE_r3_N-9-L_left_half,3,r3,0,0.7379381188991124,1
RIMONE_r3_N-90-R_left_half,3,r3,0,0.7378333904128067,1
RIMONE_r3_N-91-L_left_half,3,r3,0,0.7454581823937948,1
RIMONE_r3_N-92-R_left_half,3,r3,0,0.7385570092086594,1
RIMONE_r1_Im069,4,r1,1,0.6942595950209782,1
RIMONE_r1_Im103,4,r1,1,0.7015948611845456,1
RIMONE_r1_Im113,4,r1,1,0.6945508415518241,1
RIMONE_r1_Im117,4,r1,1,0.6967782102529397,1
RIMONE_r1_Im118,4,r1,1,0.6950830197021932,1
RIMONE_r1_Im120,4,r1,1,0.694245519903733,1
RIMONE_r1_Im121,4,r1,1,0.6942582514472593,1
RIMONE_r1_Im122,4,r1,1,0.6946564284021178,1
RIMONE_r1_Im135,4,r1,1,0.6942249208772834,1
RIMONE_r1_Im144,4,r1,1,0.6942564171075621,1
RIMONE_r1_Im158,4,r1,1,0.6948750973536699,1
RIMONE_r1_Im167,4,r1,1,0.7012537740347743,1
RIMONE_r2_Im257,4,r2,1,0.6942583814868862,1
RIMONE_r2_Im258,4,r2,1,0.6942584229797424,1
RIMONE_r2_Im260,4,r2,1,0.6942584258752554,1
RIMONE_r2_Im263,4,r2,1,0.6942728205205341,1
RIMONE_r2_Im264,4,r2,1,0.694279591720213,1
RIMONE_r2_Im266,4,r2,1,0.694258442819751,1
RIMONE_r2_Im267,4,r2,1,0.694258347571202,1
RIMONE_r2_Im268,4,r2,1,0.6942584301624599,1
RIMONE_r2_Im269,4,r2,1,0.6942584279470256,1
RIMONE_r2_Im270,4,r2,1,0.6942584456153377,1
RIMONE_r2_Im273,4,r2,1,0.6942584764031254,1
RIMONE_r2_Im275,4,r2,1,0.6943176524539231,1
RIMONE_r2_Im277,4,r2,1,0.6942582498606527,1
RIMONE_r2_Im281,4,r2,1,0.6947891732160468,1
RIMONE_r2_Im287,4,r2,1,0.6942582265190514,1
RIMONE_r2_Im288,4,r2,1,0.6942584320722609,1
RIMONE_r2_Im289,4,r2,1,0.6942584523552221,1
RIMONE_r2_Im290,4,r2,1,0.6942584194288293,1
RIMONE_r2_Im291,4,r2,1,0.6942584426160171,1
RIMONE_r2_Im292,4,r2,1,0.6942642778916105,1
RIMONE_r2_Im293,4,r2,1,0.6942584097958763,1
RIMONE_r2_Im294,4,r2,1,0.6942580071598865,1
RIMONE_r2_Im301,4,r2,1,0.694258251639037,1
RIMONE_r2_Im302,4,r2,1,0.6942592171494919,1
RIMONE_r2_Im303,4,r2,1,0.6942585762880252,1
RIMONE_r2_Im305,4,r2,1,0.6942585854654538,1
RIMONE_r2_Im314,4,r2,1,0.6942584117169205,1
RIMONE_r2_Im315,4,r2,1,0.6942574325375144,1
RIMONE_r2_Im317,4,r2,1,0.6942582300815532,1
RIMONE_r2_Im318,4,r2,1,0.6942584297129311,1
RIMONE_r2_Im319,4,r2,1,0.6942584396951806,1
RIMONE_r2_Im320,4,r2,1,0.6942584249002892,1
RIMONE_r2_Im321,4,r2,1,0.6942577056358228,1
RIMONE_r2_Im324,4,r2,1,0.6942590146145203,1
RIMONE_r2_Im329,4,r2,1,0.6942640827853785,1
RIMONE_r2_Im330,4,r2,1,0.6942620637000319,1
RIMONE_r2_Im331,4,r2,1,0.6942584026169742,1
RIMONE_r2_Im332,4,r2,1,0.6942584346219337,1
RIMONE_r2_Im333,4,r2,1,0.6942593775144984,1
RIMONE_r2_Im334,4,r2,1,0.6942587912841875,1
RIMONE_r2_Im338,4,r2,1,0.6942584254458252,1
RIMONE_r2_Im339,4,r2,1,0.6942593843412963,1
RIMONE_r2_Im343,4,r2,1,0.6942584302619119,1
RIMONE_r2_Im344,4,r2,1,0.6942584219401102,1
RIMONE_r1_Im001,4,r1,0,0.6942583989281941,1
RIMONE_r1_Im003,4,r1,0,0.6942585088239033,1
RIMONE_r1_Im004,4,r1,0,0.6942602416724947,1
RIMONE_r1_Im006,4,r1,0,0.694252737435537,1
RIMONE_r1_Im008,4,r1,0,0.6942555630276738,1
RIMONE_r1_Im011,4,r1,0,0.6942582677660847,1
RIMONE_r1_Im012,4,r1,0,0.6942713082359,1
RIMONE_r1_Im014,4,r1,0,0.6942589759166986,1
RIMONE_r1_Im015,4,r1,0,0.6942942426196252,1
RIMONE_r1_Im019,4,r1,0,0.6942582399809264,1
RIMONE_r1_Im020,4,r1,0,0.6942582369129501,1
RIMONE_r1_Im022,4,r1,0,0.6942584230556598,1
RIMONE_r1_Im023,4,r1,0,0.6942583994821641,1
RIMONE_r1_Im024,4,r1,0,0.6942501469561996,1
RIMONE_r1_Im025,4,r1,0,0.6942582778630179,1
RIMONE_r1_Im026,4,r1,0,0.6942584286673891,1
RIMONE_r1_Im027,4,r1,0,0.6942584243547678,1
RIMONE_r1_Im028,4,r1,0,0.6943283136739922,1
RIMONE_r1_Im029,4,r1,0,0.6942906687135516,1
RIMONE_r1_Im031,4,r1,0,0.6942451270336847,1
RIMONE_r1_Im032,4,r1,0,0.6942584301656518,1
RIMONE_r1_Im033,4,r1,0,0.6942584300506843,1
RIMONE_r1_Im036,4,r1,0,0.6942692945350423,1
RIMONE_r1_Im037,4,r1,0,0.6942683798145475,1
RIMONE_r1_Im040,4,r1,0,0.6942585163296826,1
RIMONE_r1_Im041,4,r1,0,0.694258489527736,1
RIMONE_r1_Im042,4,r1,0,0.6942581760328557,1
RIMONE_r1_Im046,4,r1,0,0.6942584065896298,1
RIMONE_r1_Im047,4,r1,0,0.6942584041702505,1
RIMONE_r1_Im050,4,r1,0,0.6941838115593143,1
RIMONE_r1_Im052,4,r1,0,0.6942584437307864,1
RIMONE_r1_Im054,4,r1,0,0.6942661515507373,1
RIMONE_r1_Im055,4,r1,0,0.6943820080952781,1
RIMONE_r1_Im056,4,r1,0,0.6944783302066467,1
RIMONE_r1_Im057,4,r1,0,0.6942583857911491,1
RIMONE_r1_Im058,4,r1,0,0.6942580521987887,1
RIMONE_r1_Im059,4,r1,0,0.6942584231515381,1
RIMONE_r1_Im060,4,r1,0,0.6942584097387193,1
RIMONE_r1_Im061,4,r1,0,0.694258384364414,1
RIMONE_r1_Im062,4,r1,0,0.6942670891278202,1
RIMONE_r1_Im063,4,r1,0,0.6942577739422159,1
RIMONE_r1_Im071,4,r1,0,0.6942587714601137,1
RIMONE_r1_Im072,4,r1,0,0.6942565219875869,1
RIMONE_r1_Im073,4,r1,0,0.694258342516787,1
RIMONE_r1_Im080,4,r1,0,0.7009178268006023,1
RIMONE_r1_Im082,4,r1,0,0.6944653810896184,1
RIMONE_r1_Im086,4,r1,0,0.6945634938314152,1
RIMONE_r1_Im087,4,r1,0,0.6950418730975672,1
RIMONE_r1_Im095,4,r1,0,0.693860297308423,1
RIMONE_r1_Im107,4,r1,0,0.6943453638390551,1
RIMONE_r1_Im108,4,r1,0,0.6942552661419035,1
RIMONE_r1_Im115,4,r1,0,0.6955826111918619,1
RIMONE_r1_Im116,4,r1,0,0.694551692787967,1
RIMONE_r1_Im119,4,r1,0,0.7007627028305727,1
RIMONE_r1_Im125,4,r1,0,0.6952149605257518,1
RIMONE_r1_Im127,4,r1,0,0.6942452214112734,1
RIMONE_r1_Im128,4,r1,0,0.6939761334225445,1
RIMONE_r1_Im129,4,r1,0,0.6945798331177192,1
RIMONE_r1_Im130,4,r1,0,0.6943492153883116,1
RIMONE_r1_Im131,4,r1,0,0.6957577882287366,1
RIMONE_r1_Im132,4,r1,0,0.6942551665574997,1
RIMONE_r1_Im133,4,r1,0,0.6942578129304073,1
RIMONE_r1_Im136,4,r1,0,0.694618028796029,1
RIMONE_r1_Im137,4,r1,0,0.6955708367510086,1
RIMONE_r1_Im138,4,r1,0,0.6980866179957942,1
RIMONE_r1_Im142,4,r1,0,0.69467810361746,1
RIMONE_r1_Im143,4,r1,0,0.6948058661548862,1
RIMONE_r1_Im145,4,r1,0,0.695745939221698,1
RIMONE_r1_Im146,4,r1,0,0.6944654321504463,1
RIMONE_r1_Im149,4,r1,0,0.6944324589255823,1
RIMONE_r1_Im150,4,r1,0,0.6971523562907483,1
RIMONE_r1_Im151,4,r1,0,0.6946523786061639,1
RIMONE_r1_Im152,4,r1,0,0.6952814892912006,1
RIMONE_r1_Im153,4,r1,0,0.694179792374095,1
RIMONE_r1_Im154,4,r1,0,0.6962755542748286,1
RIMONE_r1_Im155,4,r1,0,0.6942980487212671,1
RIMONE_r1_Im156,4,r1,0,0.6942560019499101,1
RIMONE_r1_Im159,4,r1,0,0.6940429703445028,1
RIMONE_r1_Im161,4,r1,0,0.6961439949313522,1
RIMONE_r1_Im162,4,r1,0,0.6959678676006188,1
RIMONE_r1_Im163,4,r1,0,0.6943627735207751,1
RIMONE_r1_Im164,4,r1,0,0.6960044708491846,1
RIMONE_r1_Im165,4,r1,0,0.694486529636298,1
RIMONE_r1_Im166,4,r1,0,0.6943359412449301,1
RIMONE_r1_Im168,4,r1,0,0.695010939598342,1
RIMONE_r1_Im169,4,r1,0,0.6950487857014608,1
RIMONE_r2_Im001,4,r2,0,0.6942584492054906,1
RIMONE_r2_Im002,4,r2,0,0.6942584299970316,1
RIMONE_r2_Im003,4,r2,0,0.6942584152871791,1
RIMONE_r2_Im004,4,r2,0,0.6942584102920805,1
RIMONE_r2_Im005,4,r2,0,0.694258435229325,1
RIMONE_r2_Im006,4,r2,0,0.6942584300827271,1
RIMONE_r2_Im007,4,r2,0,0.6942584235083189,1
RIMONE_r2_Im009,4,r2,0,0.6942583984692979,1
RIMONE_r2_Im010,4,r2,0,0.694258472164665,1
RIMONE_r2_Im011,4,r2,0,0.6942584192245231,1
RIMONE_r2_Im012,4,r2,0,0.6942583721325323,1
RIMONE_r2_Im013,4,r2,0,0.6942584287237431,1
RIMONE_r2_Im014,4,r2,0,0.6942584223456796,1
RIMONE_r2_Im015,4,r2,0,0.6942584263600347,1
RIMONE_r2_Im016,4,r2,0,0.6942583712814417,1
RIMONE_r2_Im017,4,r2,0,0.694258415389834,1
RIMONE_r2_Im018,4,r2,0,0.694258429046791,1
RIMONE_r2_Im019,4,r2,0,0.6942587103136069,1
RIMONE_r2_Im020,4,r2,0,0.694258333947972,1
RIMONE_r2_Im021,4,r2,0,0.6942585835624315,1
RIMONE_r2_Im022,4,r2,0,0.6942591028267208,1
RIMONE_r2_Im023,4,r2,0,0.6942588612999792,1
RIMONE_r2_Im024,4,r2,0,0.6942585937331879,1
RIMONE_r2_Im025,4,r2,0,0.6942584141881639,1
RIMONE_r2_Im026,4,r2,0,0.6942584270584785,1
RIMONE_r2_Im027,4,r2,0,0.6942584262192335,1
RIMONE_r2_Im028,4,r2,0,0.694258420764757,1
RIMONE_r2_Im029,4,r2,0,0.6942575098605757,1
RIMONE_r2_Im030,4,r2,0,0.6942584244247382,1
RIMONE_r2_Im031,4,r2,0,0.6942584044335269,1
RIMONE_r2_Im032,4,r2,0,0.6942584589934457,1
RIMONE_r2_Im033,4,r2,0,0.6942584902766407,1
RIMONE_r2_Im347,4,r2,1,0.6828779293233104,1
RIMONE_r2_Im348,4,r2,1,0.6942637969141119,1
RIMONE_r2_Im351,4,r2,1,0.6943337774454159,1
RIMONE_r2_Im352,4,r2,1,0.6942830954645737,1
RIMONE_r2_Im354,4,r2,1,0.6942632118724391,1
RIMONE_r2_Im355,4,r2,1,0.6942674347345746,1
RIMONE_r2_Im356,4,r2,1,0.6942615062748011,1
RIMONE_r2_Im357,4,r2,1,0.6942644849968933,1
RIMONE_r2_Im358,4,r2,1,0.6943377438030387,1
RIMONE_r2_Im362,4,r2,1,0.6942604551862814,1
RIMONE_r2_Im365,4,r2,1,0.6944224698850948,1
RIMONE_r2_Im366,4,r2,1,0.6949155184941579,1
RIMONE_r2_Im369,4,r2,1,0.6935226681993233,1
RIMONE_r2_Im373,4,r2,1,0.6947239511580416,1
RIMONE_r2_Im376,4,r2,1,0.6942584296654831,1
RIMONE_r2_Im377,4,r2,1,0.6935532902229103,1
RIMONE_r2_Im383,4,r2,1,0.6942584120253094,1
RIMONE_r2_Im384,4,r2,1,0.6943374193149859,1
RIMONE_r2_Im385,4,r2,1,0.6945014834429726,1
RIMONE_r2_Im387,4,r2,1,0.6961901782547477,1
RIMONE_r2_Im388,4,r2,1,0.6948191080704275,1
RIMONE_r2_Im389,4,r2,1,0.6946365780336995,1
RIMONE_r2_Im390,4,r2,1,0.6943035365115087,1
RIMONE_r2_Im391,4,r2,1,0.6944581875800947,1
RIMONE_r2_Im392,4,r2,1,0.6944805399873035,1
RIMONE_r2_Im393,4,r2,1,0.6882753662450033,1
RIMONE_r2_Im398,4,r2,1,0.6942034992151046,1
RIMONE_r2_Im399,4,r2,1,0.6942493815260335,1
RIMONE_r2_Im400,4,r2,1,0.6943775915687633,1
RIMONE_r2_Im401,4,r2,1,0.6942681753053389,1
RIMONE_r2_Im402,4,r2,1,0.7004802767524538,1
RIMONE_r2_Im403,4,r2,1,0.6942766923577975,1
RIMONE_r2_Im404,4,r2,1,0.6943198040102652,1
RIMONE_r2_Im406,4,r2,1,0.6942591912036333,1
RIMONE_r2_Im407,4,r2,1,0.6942636798239766,1
RIMONE_r2_Im408,4,r2,1,0.6942580896161659,1
RIMONE_r2_Im414,4,r2,1,0.6943998108948128,1
RIMONE_r2_Im415,4,r2,1,0.6942585583933321,1
RIMONE_r2_Im416,4,r2,1,0.6942604145767491,1
RIMONE_r2_Im418,4,r2,1,0.6943163013083908,1
RIMONE_r2_Im419,4,r2,1,0.694258420454693,1
RIMONE_r2_Im420,4,r2,1,0.6942584161031059,1
RIMONE_r2_Im421,4,r2,1,0.6942583879811028,1
RIMONE_r2_Im422,4,r2,1,0.6946988496659002,1
RIMONE_r2_Im424,4,r2,1,0.6942589894944186,1
RIMONE_r2_Im427,4,r2,1,0.6944669628294328,1
RIMONE_r2_Im428,4,r2,1,0.6943207737098184,1
RIMONE_r2_Im429,4,r2,1,0.6942590156159332,1
RIMONE_r2_Im432,4,r2,1,0.6942161106771532,1
RIMONE_r2_Im433,4,r2,1,0.6940165678452337,1
RIMONE_r2_Im436,4,r2,1,0.6942585752482635,1
RIMONE_r2_Im439,4,r2,1,0.6942865654995541,1
RIMONE_r2_Im441,4,r2,1,0.6943189350908909,1
RIMONE_r2_Im442,4,r2,1,0.6944758508579376,1
RIMONE_r2_Im443,4,r2,1,0.694491475837907,1
RIMONE_r2_Im444,4,r2,1,0.6943183558667865,1
RIMONE_r2_Im445,4,r2,1,0.6942689080553649,1
RIMONE_r2_Im448,4,r2,1,0.6942916808962382,1
RIMONE_r2_Im449,4,r2,1,0.6947248180235288,1
RIMONE_r2_Im450,4,r2,1,0.6942535018274247,1
RIMONE_r2_Im451,4,r2,1,0.6944056084223017,1
RIMONE_r2_Im453,4,r2,1,0.6941966672718467,1
RIMONE_r2_Im454,4,r2,1,0.6940128489160693,1
RIMONE_r2_Im455,4,r2,1,0.6942456480582522,1
RIMONE_r3_G-1-L_left_half,4,r3,1,0.694298875533664,1
RIMONE_r3_G-10-L_left_half,4,r3,1,0.6853313761277517,1
RIMONE_r3_G-11-R_left_half,4,r3,1,0.6885564902850397,1
RIMONE_r3_G-12-L_left_half,4,r3,1,0.694341045826778,1
RIMONE_r3_G-13-R_left_half,4,r3,1,0.6856543820615395,1
RIMONE_r3_G-14-R_left_half,4,r3,1,0.695065025942878,1
RIMONE_r3_G-15-L_left_half,4,r3,1,0.6998118030528839,1
RIMONE_r3_G-16-R_left_half,4,r3,1,0.694610744727603,1
RIMONE_r3_G-17-L_left_half,4,r3,1,0.6943382458980507,1
RIMONE_r3_G-18-R_left_half,4,r3,1,0.6942673592362817,1
RIMONE_r3_G-2-R_left_half,4,r3,1,0.6944955828903828,1
RIMONE_r3_G-22-L_left_half,4,r3,1,0.6637644930957642,1
RIMONE_r3_G-23-R_left_half,4,r3,1,0.6926637201459835,1
RIMONE_r3_G-25-L_left_half,4,r3,1,0.6947554735192115,1
RIMONE_r3_G-27-R_left_half,4,r3,1,0.6993326546234743,1
RIMONE_r3_G-29-R_left_half,4,r3,1,0.6945510282755495,1
RIMONE_r3_G-3-R_left_half,4,r3,1,0.6413202128537032,1
RIMONE_r3_G-30-L_left_half,4,r3,1,0.6936387463772786,1
RIMONE_r3_G-31-R_left_half,4,r3,1,0.6677425464159751,1
RIMONE_r3_G-32-L_left_half,4,r3,1,0.6897212969550707,1
RIMONE_r3_G-33-R_left_half,4,r3,1,0.6942627035968171,1
RIMONE_r3_G-34-L_left_half,4,r3,1,0.6463633468384911,1
RIMONE_r3_G-35-R_left_half,4,r3,1,0.6942585643361457,1
RIMONE_r3_G-37-R_left_half,4,r3,1,0.6889414973917984,1
RIMONE_r3_G-38-L_left_half,4,r3,1,0.6949621655566512,1
RIMONE_r3_G-39-L_left_half,4,r3,1,0.6782856546511132,1
RIMONE_r3_G-6-L_left_half,4,r3,1,0.7072167327470612,1
RIMONE_r3_G-8-R_left_half,4,r3,1,0.6942584110334387,1
RIMONE_r3_G-9-R_left_half,4,r3,1,0.6953170795856489,1
RIMONE_r3_S-1-L_left_half,4,r3,1,0.6942601875371804,1
RIMONE_r3_S-10-R_left_half,4,r3,1,0.6797664104646188,1
RIMONE_r3_S-11-L_left_half,4,r3,1,0.6942694480532607,1
RIMONE_r3_S-12-L_left_half,4,r3,1,0.6714086001025086,1
RIMONE_r3_S-13-R_left_half,4,r3,1,0.6958746090827083,1
RIMONE_r3_S-14-R_left_half,4,r3,1,0.694337112959803,1
RIMONE_r3_S-18-L_left_half,4,r3,1,0.69426927562758,1
RIMONE_r3_S-19-R_left_half,4,r3,1,0.6943734244433181,1
RIMONE_r3_S-2-L_left_half,4,r3,1,0.6942622541883856,1
RIMONE_r3_S-20-L_left_half,4,r3,1,0.6943763753664088,1
RIMONE_r3_S-21-R_left_half,4,r3,1,0.6883447920649599,1
RIMONE_r3_S-25-L_left_half,4,r3,1,0.68921057529949,1
RIMONE_r3_S-26-R_left_half,4,r3,1,0.6932049511471207,1
RIMONE_r3_S-28-R_left_half,4,r3,1,0.6955187329351731,1
RIMONE_r3_S-29-R_left_half,4,r3,1,0.6943976023300243,1
RIMONE_r3_S-30-L_left_half,4,r3,1,0.6942579568708039,1
RIMONE_r3_S-31-L_left_half,4,r3,1,0.6942613053119113,1
RIMONE_r3_S-32-L_left_half,4,r3,1,0.694259318465746,1
RIMONE_r3_S-33-R_left_half,4,r3,1,0.6942997706623915,1
RIMONE_r3_S-35-R_left_half,4,r3,1,0.694436123441225,1
RIMONE_r3_S-4-L_left_half,4,r3,1,0.6630735994036869,1
RIMONE_r3_S-6-R_left_half,4,r3,1,0.6920123122277159,1
RIMONE_r3_S-9-L_left_half,4,r3,1,0.6775489082521984,1
RIMONE_r2_Im034,4,r2,0,0.694258218965494,1
RIMONE_r2_Im036,4,r2,0,0.6942601092960392,1
RIMONE_r2_Im038,4,r2,0,0.69425840904122,1
RIMONE_r2_Im040,4,r2,0,0.6942886367958325,1
RIMONE_r2_Im042,4,r2,0,0.6943813785260512,1
RIMONE_r2_Im044,4,r2,0,0.6942584301678798,1
RIMONE_r2_Im046,4,r2,0,0.6942584300826077,1
RIMONE_r2_Im048,4,r2,0,0.6946032462509705,1
RIMONE_r2_Im050,4,r2,0,0.694258738345048,1
RIMONE_r2_Im052,4,r2,0,0.694263643318548,1
RIMONE_r2_Im054,4,r2,0,0.6942906090490821,1
RIMONE_r2_Im056,4,r2,0,0.694321378255576,1
RIMONE_r2_Im058,4,r2,0,0.6942513373665045,1
RIMONE_r2_Im060,4,r2,0,0.694257473304125,1
RIMONE_r2_Im062,4,r2,0,0.6942699496618829,1
RIMONE_r2_Im064,4,r2,0,0.6942584199481829,1
RIMONE_r2_Im066,4,r2,0,0.6943118159356475,1
RIMONE_r2_Im068,4,r2,0,0.6942646391926768,1
RIMONE_r2_Im070,4,r2,0,0.6942583773722111,1
RIMONE_r2_Im072,4,r2,0,0.6942610002460701,1
RIMONE_r2_Im074,4,r2,0,0.6942587375863889,1
RIMONE_r2_Im076,4,r2,0,0.6942591256736814,1
RIMONE_r2_Im078,4,r2,0,0.6942598948113695,1
RIMONE_r2_Im080,4,r2,0,0.6942627277594864,1
RIMONE_r2_Im082,4,r2,0,0.6943277291688101,1
RIMONE_r2_Im084,4,r2,0,0.6946194410712943,1
RIMONE_r2_Im086,4,r2,0,0.6942588476312808,1
RIMONE_r2_Im088,4,r2,0,0.6942640532010311,1
RIMONE_r2_Im090,4,r2,0,0.694261861447882,1
RIMONE_r2_Im092,4,r2,0,0.6942588646264906,1
RIMONE_r2_Im094,4,r2,0,0.6943381088152202,1
RIMONE_r2_Im096,4,r2,0,0.6942583614989223,1
RIMONE_r2_Im098,4,r2,0,0.6942618208435747,1
RIMONE_r2_Im100,4,r2,0,0.694272630964226,1
RIMONE_r2_Im102,4,r2,0,0.6942573491050741,1
RIMONE_r2_Im104,4,r2,0,0.6942580762176359,1
RIMONE_r2_Im106,4,r2,0,0.694289833789928,1
RIMONE_r2_Im108,4,r2,0,0.6942576433198423,1
RIMONE_r2_Im110,4,r2,0,0.6942589375106207,1
RIMONE_r2_Im112,4,r2,0,0.6942034591499628,1
RIMONE_r2_Im114,4,r2,0,0.6942726049586806,1
RIMONE_r2_Im116,4,r2,0,0.6942584295200309,1
RIMONE_r2_Im118,4,r2,0,0.6942558668661207,1
RIMONE_r2_Im120,4,r2,0,0.6942584255656682,1
RIMONE_r2_Im122,4,r2,0,0.6942583838899812,1
RIMONE_r2_Im124,4,r2,0,0.6942673724451524,1
RIMONE_r2_Im126,4,r2,0,0.6942502233781401,1
RIMONE_r2_Im128,4,r2,0,0.694258407203076,1
RIMONE_r2_Im130,4,r2,0,0.6942583896891017,1
RIMONE_r2_Im132,4,r2,0,0.6942584302294086,1
RIMONE_r2_Im134,4,r2,0,0.6942996606597122,1
RIMONE_r2_Im136,4,r2,0,0.6942582315757725,1
RIMONE_r2_Im138,4,r2,0,0.6942765969520192,1
RIMONE_r2_Im140,4,r2,0,0.694258962493311,1
RIMONE_r2_Im142,4,r2,0,0.6942578159755947,1
RIMONE_r2_Im144,4,r2,0,0.6942581776752499,1
RIMONE_r2_Im146,4,r2,0,0.6942583581450285,1
RIMONE_r2_Im148,4,r2,0,0.6942582801728661,1
RIMONE_r2_Im150,4,r2,0,0.6942594796505599,1
RIMONE_r2_Im152,4,r2,0,0.6942582121869675,1
RIMONE_r2_Im154,4,r2,0,0.694259130269357,1
RIMONE_r2_Im156,4,r2,0,0.6942580445648859,1
RIMONE_r2_Im158,4,r2,0,0.6942581589466353,1
RIMONE_r2_Im160,4,r2,0,0.6942584062479493,1
RIMONE_r2_Im162,4,r2,0,0.6944079815543798,1
RIMONE_r2_Im164,4,r2,0,0.6947978499394919,1
RIMONE_r2_Im166,4,r2,0,0.6942259650474595,1
RIMONE_r2_Im168,4,r2,0,0.6942444475959388,1
RIMONE_r2_Im170,4,r2,0,0.6942591443458997,1
RIMONE_r2_Im172,4,r2,0,0.6942570613828881,1
RIMONE_r2_Im174,4,r2,0,0.6943074811345421,1
RIMONE_r2_Im176,4,r2,0,0.6943018186705656,1
RIMONE_r2_Im178,4,r2,0,0.6942579824094937,1
RIMONE_r2_Im180,4,r2,0,0.6943003285327614,1
RIMONE_r2_Im182,4,r2,0,0.6942579879856835,1
RIMONE_r2_Im184,4,r2,0,0.6942576070275966,1
RIMONE_r2_Im186,4,r2,0,0.694258747386089,1
RIMONE_r2_Im188,4,r2,0,0.6944543909827533,1
RIMONE_r2_Im190,4,r2,0,0.6942593912972421,1
RIMONE_r2_Im192,4,r2,0,0.694258134030268,1
RIMONE_r2_Im194,4,r2,0,0.6942692016450077,1
RIMONE_r2_Im196,4,r2,0,0.6942581460048074,1
RIMONE_r2_Im198,4,r2,0,0.6942581338836279,1
RIMONE_r2_Im200,4,r2,0,0.6942612918059862,1
RIMONE_r2_Im202,4,r2,0,0.6942947017411107,1
RIMONE_r2_Im206,4,r2,0,0.6942645124557856,1
RIMONE_r2_Im208,4,r2,0,0.6942592039599983,1
RIMONE_r2_Im210,4,r2,0,0.6942595557077488,1
RIMONE_r2_Im212,4,r2,0,0.694258406769364,1
RIMONE_r2_Im214,4,r2,0,0.6942642318129689,1
RIMONE_r2_Im216,4,r2,0,0.6942584077531304,1
RIMONE_r2_Im218,4,r2,0,0.6942540915497146,1
RIMONE_r2_Im220,4,r2,0,0.6944055855766351,1
RIMONE_r2_Im222,4,r2,0,0.6942596879740025,1
RIMONE_r2_Im224,4,r2,0,0.6942584244279899,1
RIMONE_r2_Im226,4,r2,0,0.694311169484694,1
RIMONE_r2_Im228,4,r2,0,0.694774822746977,1
RIMONE_r2_Im230,4,r2,0,0.6906503120373833,1
RIMONE_r2_Im232,4,r2,0,0.6943271029586927,1
RIMONE_r2_Im234,4,r2,0,0.6942623148513112,1
RIMONE_r2_Im236,4,r2,0,0.6942584286942404,1
RIMONE_r2_Im238,4,r2,0,0.6942669656149425,1
RIMONE_r2_Im240,4,r2,0,0.6942661034111067,1
RIMONE_r2_Im242,4,r2,0,0.6942590127707313,1
RIMONE_r2_Im244,4,r2,0,0.6942583109551275,1
RIMONE_r2_Im246,4,r2,0,0.6942602797205073,1
RIMONE_r2_Im248,4,r2,0,0.694266679555156,1
RIMONE_r2_Im250,4,r2,0,0.6942690199889551,1
RIMONE_r2_Im252,4,r2,0,0.694262688997763,1
RIMONE_r2_Im254,4,r2,0,0.6942582630163844,1
RIMONE_r3_N-1-L_left_half,4,r3,0,0.6983647923700242,1
RIMONE_r3_N-10-R_left_half,4,r3,0,0.6945411471685645,1
RIMONE_r3_N-11-L_left_half,4,r3,0,0.6932115573767665,1
RIMONE_r3_N-12-R_left_half,4,r3,0,0.6895179183028315,1
RIMONE_r3_N-13-L_left_half,4,r3,0,0.694052950698742,1
RIMONE_r3_N-14-R_left_half,4,r3,0,0.6942585903543632,1
RIMONE_r3_N-16-R_left_half,4,r3,0,0.6942624185440488,1
RIMONE_r3_N-17-L_left_half,4,r3,0,0.695482281673886,1
RIMONE_r3_N-18-R_left_half,4,r3,0,0.6942647539270876,1
RIMONE_r3_N-2-R_left_half,4,r3,0,0.6970192864482343,1
RIMONE_r3_N-20-R_left_half,4,r3,0,0.6942584254747874,1
RIMONE_r3_N-21-L_left_half,4,r3,0,0.6942021892207529,1
RIMONE_r3_N-22-R_left_half,4,r3,0,0.6868915693459099,1
RIMONE_r3_N-23-L_left_half,4,r3,0,0.6943425560131529,1
RIMONE_r3_N-24-R_left_half,4,r3,0,0.6920984743176768,1
RIMONE_r3_N-25-L_left_half,4,r3,0,0.6942796557124535,1
RIMONE_r3_N-26-R_left_half,4,r3,0,0.6942623755505622,1
RIMONE_r3_N-27-L_left_half,4,r3,0,0.6942609856821319,1
RIMONE_r3_N-28-R_left_half,4,r3,0,0.6942587601435466,1
RIMONE_r3_N-29-L_left_half,4,r3,0,0.6943763615383777,1
RIMONE_r3_N-3-L_left_half,4,r3,0,0.6942561168064079,1
RIMONE_r3_N-30-R_left_half,4,r3,0,0.6945226928613262,1
RIMONE_r3_N-31-L_left_half,4,r3,0,0.6942569231805549,1
RIMONE_r3_N-32-R_left_half,4,r3,0,0.6942765372894487,1
RIMONE_r3_N-33-L_left_half,4,r3,0,0.6943337198506118,1
RIMONE_r3_N-34-R_left_half,4,r3,0,0.6944204435946808,1
RIMONE_r3_N-35-L_left_half,4,r3,0,0.6945837613552764,1
RIMONE_r3_N-36-R_left_half,4,r3,0,0.6943061075208071,1
RIMONE_r3_N-37-L_left_half,4,r3,0,0.6941838553930546,1
RIMONE_r3_N-38-R_left_half,4,r3,0,0.6915553864036708,1
RIMONE_r3_N-39-L_left_half,4,r3,0,0.6946497575634026,1
RIMONE_r3_N-4-R_left_half,4,r3,0,0.6942578459664306,1
RIMONE_r3_N-40-R_left_half,4,r3,0,0.6944375322650306,1
RIMONE_r3_N-41-L_left_half,4,r3,0,0.6943627779891461,1
RIMONE_r3_N-42-R_left_half,4,r3,0,0.6943629603507802,1
RIMONE_r3_N-43-L_left_half,4,r3,0,0.6948122210021525,1
RIMONE_r3_N-44-R_left_half,4,r3,0,0.6951145934309949,1
RIMONE_r3_N-46-R_left_half,4,r3,0,0.694612671731645,1
RIMONE_r3_N-47-L_left_half,4,r3,0,0.6944493393988038,1
RIMONE_r3_N-48-R_left_half,4,r3,0,0.6904243443313902,1
RIMONE_r3_N-49-L_left_half,4,r3,0,0.6942601247367848,1
RIMONE_r3_N-5-L_left_half,4,r3,0,0.6942577349687481,1
RIMONE_r3_N-50-R_left_half,4,r3,0,0.6942712552225855,1
RIMONE_r3_N-51-L_left_half,4,r3,0,0.654750457086991,1
RIMONE_r3_N-52-R_left_half,4,r3,0,0.685036155030781,1
RIMONE_r3_N-53-L_left_half,4,r3,0,0.6947486526179101,1
RIMONE_r3_N-54-R_left_half,4,r3,0,0.6944538210974998,1
RIMONE_r3_N-55-L_left_half,4,r3,0,0.6945929165051541,1
RIMONE_r3_N-56-R_left_half,4,r3,0,0.6957771887168613,1
RIMONE_r3_N-58-R_left_half,4,r3,0,0.6942841359365698,1
RIMONE_r3_N-59-L_left_half,4,r3,0,0.6939465754342505,1
RIMONE_r3_N-6-R_left_half,4,r3,0,0.6944389258997224,1
RIMONE_r3_N-61-L_left_half,4,r3,0,0.6921983680789522,1
RIMONE_r3_N-62-R_left_half,4,r3,0,0.6924474604538654,1
RIMONE_r3_N-63-L_left_half,4,r3,0,0.6943025965432663,1
RIMONE_r3_N-64-R_left_half,4,r3,0,0.6942591202315104,1
RIMONE_r3_N-65-L_left_half,4,r3,0,0.6954265179916563,1
RIMONE_r3_N-66-R_left_half,4,r3,0,0.6916146772940749,1
RIMONE_r3_N-67-L_left_half,4,r3,0,0.6947671695110578,1
RIMONE_r3_N-68-R_left_half,4,r3,0,0.6947848198949472,1
RIMONE_r3_N-69-L_left_half,4,r3,0,0.695545124067721,1
RIMONE_r3_N-7-L_left_half,4,r3,0,0.694365817975119,1
RIMONE_r3_N-70-R_left_half,4,r3,0,0.6942531780978907,1
RIMONE_r3_N-71-L_left_half,4,r3,0,0.6946534410926636,1
RIMONE_r3_N-72-R_left_half,4,r3,0,0.6942599273975808,1
RIMONE_r3_N-73-R_left_half,4,r3,0,0.6942501249543841,1
RIMONE_r3_N-74-L_left_half,4,r3,0,0.694268369354606,1
RIMONE_r3_N-75-R_left_half,4,r3,0,0.6942687517255882,1
RIMONE_r3_N-76-R_left_half,4,r3,0,0.6942482081851571,1
RIMONE_r3_N-78-R_left_half,4,r3,0,0.6942601896224091,1
RIMONE_r3_N-79-L_left_half,4,r3,0,0.6945335069174231,1
RIMONE_r3_N-8-L_left_half,4,r3,0,0.6942610577655128,1
RIMONE_r3_N-80-R_left_half,4,r3,0,0.6748598881406805,1
RIMONE_r3_N-81-L_left_half,4,r3,0,0.6961660880758457,1
RIMONE_r3_N-82-R_left_half,4,r3,0,0.6979262669353495,1
RIMONE_r3_N-83-L_left_half,4,r3,0,0.6791196279032621,1
RIMONE_r3_N-84-R_left_half,4,r3,0,0.6958141550295032,1
RIMONE_r3_N-85-L_left_half,4,r3,0,0.6942763545838389,1
RIMONE_r3_N-86-R_left_half,4,r3,0,0.6942659778734591,1
RIMONE_r3_N-87-L_left_half,4,r3,0,0.6942742886733521,1
RIMONE_r3_N-88-R_left_half,4,r3,0,0.6942561652013313,1
RIMONE_r3_N-9-L_left_half,4,r3,0,0.6942776798974407,1
RIMONE_r3_N-90-R_left_half,4,r3,0,0.6942686389741016,1
RIMONE_r3_N-91-L_left_half,4,r3,0,0.6946529962841657,1
RIMONE_r3_N-92-R_left_half,4,r3,0,0.6942777165649973,1
RIMONE_r1_Im069,pooled,r1,1,0.7119750704772357,1
RIMONE_r1_Im103,pooled,r1,1,0.7212417542473,1
RIMONE_r1_Im113,pooled,r1,1,0.7131761771953126,1
RIMONE_r1_Im117,pooled,r1,1,0.716409911233969,1
RIMONE_r1_Im118,pooled,r1,1,0.7167546903558861,1
RIMONE_r1_Im120,pooled,r1,1,0.7162273062598034,1
RIMONE_r1_Im121,pooled,r1,1,0.7119508768237377,1
RIMONE_r1_Im122,pooled,r1,1,0.7138074617941338,1
RIMONE_r1_Im135,pooled,r1,1,0.7130432083228444,1
RIMONE_r1_Im144,pooled,r1,1,0.712074497450047,1
RIMONE_r1_Im158,pooled,r1,1,0.7171929238439988,1
RIMONE_r1_Im167,pooled,r1,1,0.7259603339302562,1
RIMONE_r2_Im257,pooled,r2,1,0.7119411327415004,1
RIMONE_r2_Im258,pooled,r2,1,0.7119405506473948,1
RIMONE_r2_Im260,pooled,r2,1,0.7119404664740715,1
RIMONE_r2_Im263,pooled,r2,1,0.7121146149568466,1
RIMONE_r2_Im264,pooled,r2,1,0.7125501584957259,1
RIMONE_r2_Im266,pooled,r2,1,0.7119408982914955,1
RIMONE_r2_Im267,pooled,r2,1,0.7119409169147096,1
RIMONE_r2_Im268,pooled,r2,1,0.7119404811471658,1
RIMONE_r2_Im269,pooled,r2,1,0.7119405621700852,1
RIMONE_r2_Im270,pooled,r2,1,0.7119409048642534,1
RIMONE_r2_Im273,pooled,r2,1,0.7119411977922596,1
RIMONE_r2_Im275,pooled,r2,1,0.7117462457154755,1
RIMONE_r2_Im277,pooled,r2,1,0.7119419298169797,1
RIMONE_r2_Im281,pooled,r2,1,0.7111313049633338,1
RIMONE_r2_Im287,pooled,r2,1,0.7119413438082776,1
RIMONE_r2_Im288,pooled,r2,1,0.7119408166121927,1
RIMONE_r2_Im289,pooled,r2,1,0.7119409298308959,1
RIMONE_r2_Im290,pooled,r2,1,0.7119405096456617,1
RIMONE_r2_Im291,pooled,r2,1,0.7119413178992755,1
RIMONE_r2_Im292,pooled,r2,1,0.711983623454495,1
RIMONE_r2_Im293,pooled,r2,1,0.7119405515851811,1
RIMONE_r2_Im294,pooled,r2,1,0.7119413308459157,1
RIMONE_r2_Im301,pooled,r2,1,0.7119542358523944,1
RIMONE_r2_Im302,pooled,r2,1,0.7119502709263834,1
RIMONE_r2_Im303,pooled,r2,1,0.7119438024381715,1
RIMONE_r2_Im305,pooled,r2,1,0.711942540204997,1
RIMONE_r2_Im314,pooled,r2,1,0.7119405304103574,1
RIMONE_r2_Im315,pooled,r2,1,0.7119537602562869,1
RIMONE_r2_Im317,pooled,r2,1,0.7119572569313257,1
RIMONE_r2_Im318,pooled,r2,1,0.7119404777479942,1
RIMONE_r2_Im319,pooled,r2,1,0.7119411148569234,1
RIMONE_r2_Im320,pooled,r2,1,0.7119405334659878,1
RIMONE_r2_Im321,pooled,r2,1,0.7119490580748314,1
RIMONE_r2_Im324,pooled,r2,1,0.7119513751904651,1
RIMONE_r2_Im329,pooled,r2,1,0.7119986670606958,1
RIMONE_r2_Im330,pooled,r2,1,0.7120521726136504,1
RIMONE_r2_Im331,pooled,r2,1,0.711940548368424,1
RIMONE_r2_Im332,pooled,r2,1,0.7119406934203188,1
RIMONE_r2_Im333,pooled,r2,1,0.7119539617783829,1
RIMONE_r2_Im334,pooled,r2,1,0.7119499897719472,1
RIMONE_r2_Im338,pooled,r2,1,0.7119403592020617,1
RIMONE_r2_Im339,pooled,r2,1,0.7119495452808471,1
RIMONE_r2_Im343,pooled,r2,1,0.7119404803302166,1
RIMONE_r2_Im344,pooled,r2,1,0.7119405589462348,1
RIMONE_r1_Im001,pooled,r1,0,0.7119403572665692,1
RIMONE_r1_Im003,pooled,r1,0,0.7119468327654092,1
RIMONE_r1_Im004,pooled,r1,0,0.7119769542369575,1
RIMONE_r1_Im006,pooled,r1,0,0.7120791240127767,1
RIMONE_r1_Im008,pooled,r1,0,0.7119875331219674,1
RIMONE_r1_Im011,pooled,r1,0,0.7119411712514481,1
RIMONE_r1_Im012,pooled,r1,0,0.7124446223903514,1
RIMONE_r1_Im014,pooled,r1,0,0.7119487285122117,1
RIMONE_r1_Im015,pooled,r1,0,0.7122793904511833,1
RIMONE_r1_Im019,pooled,r1,0,0.7119411286959013,1
RIMONE_r1_Im020,pooled,r1,0,0.7119419507972274,1
RIMONE_r1_Im022,pooled,r1,0,0.7119406617483899,1
RIMONE_r1_Im023,pooled,r1,0,0.7119414079400853,1
RIMONE_r1_Im024,pooled,r1,0,0.7119926947119724,1
RIMONE_r1_Im025,pooled,r1,0,0.7119419884475944,1
RIMONE_r1_Im026,pooled,r1,0,0.7119402017342675,1
RIMONE_r1_Im027,pooled,r1,0,0.7119404217530015,1
RIMONE_r1_Im028,pooled,r1,0,0.7123152779388277,1
RIMONE_r1_Im029,pooled,r1,0,0.7121956629314934,1
RIMONE_r1_Im031,pooled,r1,0,0.7120764222523714,1
RIMONE_r1_Im032,pooled,r1,0,0.7119404795044455,1
RIMONE_r1_Im033,pooled,r1,0,0.7119404795080465,1
RIMONE_r1_Im036,pooled,r1,0,0.7120299948976926,1
RIMONE_r1_Im037,pooled,r1,0,0.7120916772342425,1
RIMONE_r1_Im040,pooled,r1,0,0.7119419750054028,1
RIMONE_r1_Im041,pooled,r1,0,0.7119550697976911,1
RIMONE_r1_Im042,pooled,r1,0,0.7119409508354675,1
RIMONE_r1_Im046,pooled,r1,0,0.7119405978032127,1
RIMONE_r1_Im047,pooled,r1,0,0.7119407313306427,1
RIMONE_r1_Im050,pooled,r1,0,0.7141553278800173,1
RIMONE_r1_Im052,pooled,r1,0,0.7119407169415307,1
RIMONE_r1_Im054,pooled,r1,0,0.7120114249118297,1
RIMONE_r1_Im055,pooled,r1,0,0.7125846345374717,1
RIMONE_r1_Im056,pooled,r1,0,0.712955014207444,1
RIMONE_r1_Im057,pooled,r1,0,0.7119405735211066,1
RIMONE_r1_Im058,pooled,r1,0,0.711940416659173,1
RIMONE_r1_Im059,pooled,r1,0,0.7119404496176285,1
RIMONE_r1_Im060,pooled,r1,0,0.7119414522745318,1
RIMONE_r1_Im061,pooled,r1,0,0.7119405610857925,1
RIMONE_r1_Im062,pooled,r1,0,0.712026680533602,1
RIMONE_r1_Im063,pooled,r1,0,0.7119530453325004,1
RIMONE_r1_Im071,pooled,r1,0,0.7119776986697444,1
RIMONE_r1_Im072,pooled,r1,0,0.7119485045723929,1
RIMONE_r1_Im073,pooled,r1,0,0.7119412362967068,1
RIMONE_r1_Im080,pooled,r1,0,0.7252397322463046,1
RIMONE_r1_Im082,pooled,r1,0,0.7129364037832848,1
RIMONE_r1_Im086,pooled,r1,0,0.7168674184773393,1
RIMONE_r1_Im087,pooled,r1,0,0.7148454213726589,1
RIMONE_r1_Im095,pooled,r1,0,0.7142731613828265,1
RIMONE_r1_Im107,pooled,r1,0,0.7139946553285329,1
RIMONE_r1_Im108,pooled,r1,0,0.7119884722892145,1
RIMONE_r1_Im115,pooled,r1,0,0.7155965987103906,1
RIMONE_r1_Im116,pooled,r1,0,0.713075172277215,1
RIMONE_r1_Im119,pooled,r1,0,0.7390251527400098,1
RIMONE_r1_Im125,pooled,r1,0,0.7144152775349264,1
RIMONE_r1_Im127,pooled,r1,0,0.7120887603995923,1
RIMONE_r1_Im128,pooled,r1,0,0.7137837373691619,1
RIMONE_r1_Im129,pooled,r1,0,0.7132503905208231,1
RIMONE_r1_Im130,pooled,r1,0,0.7138126765212254,1
RIMONE_r1_Im131,pooled,r1,0,0.7164889684195562,1
RIMONE_r1_Im132,pooled,r1,0,0.7119696143077778,1
RIMONE_r1_Im133,pooled,r1,0,0.711957727133017,1
RIMONE_r1_Im136,pooled,r1,0,0.715185867042602,1
RIMONE_r1_Im137,pooled,r1,0,0.7171195302560116,1
RIMONE_r1_Im138,pooled,r1,0,0.7205916800376184,1
RIMONE_r1_Im142,pooled,r1,0,0.7138398186998212,1
RIMONE_r1_Im143,pooled,r1,0,0.7169727648076067,1
RIMONE_r1_Im145,pooled,r1,0,0.721095450762036,1
RIMONE_r1_Im146,pooled,r1,0,0.7158139173036127,1
RIMONE_r1_Im149,pooled,r1,0,0.712718498386915,1
RIMONE_r1_Im150,pooled,r1,0,0.7171256777935381,1
RIMONE_r1_Im151,pooled,r1,0,0.7153378494021935,1
RIMONE_r1_Im152,pooled,r1,0,0.7219685556843223,1
RIMONE_r1_Im153,pooled,r1,0,0.7124264344591777,1
RIMONE_r1_Im154,pooled,r1,0,0.7172437313579882,1
RIMONE_r1_Im155,pooled,r1,0,0.7131383895427122,1
RIMONE_r1_Im156,pooled,r1,0,0.7120348396890448,1
RIMONE_r1_Im159,pooled,r1,0,0.713352445218368,1
RIMONE_r1_Im161,pooled,r1,0,0.7171462537648037,1
RIMONE_r1_Im162,pooled,r1,0,0.7197653405509733,1
RIMONE_r1_Im163,pooled,r1,0,0.7129876995011323,1
RIMONE_r1_Im164,pooled,r1,0,0.7169151929587441,1
RIMONE_r1_Im165,pooled,r1,0,0.712870932172968,1
RIMONE_r1_Im166,pooled,r1,0,0.7123291275792175,1
RIMONE_r1_Im168,pooled,r1,0,0.7166008122446121,1
RIMONE_r1_Im169,pooled,r1,0,0.7148542665682196,1
RIMONE_r2_Im001,pooled,r2,0,0.7119411726218754,1
RIMONE_r2_Im002,pooled,r2,0,0.711940553225473,1
RIMONE_r2_Im003,pooled,r2,0,0.7119408868379878,1
RIMONE_r2_Im004,pooled,r2,0,0.7119405364357074,1
RIMONE_r2_Im005,pooled,r2,0,0.711940794476843,1
RIMONE_r2_Im006,pooled,r2,0,0.7119404820509244,1
RIMONE_r2_Im007,pooled,r2,0,0.7119404705395997,1
RIMONE_r2_Im009,pooled,r2,0,0.7119411900280102,1
RIMONE_r2_Im010,pooled,r2,0,0.7119413084364365,1
RIMONE_r2_Im011,pooled,r2,0,0.7119407808689387,1
RIMONE_r2_Im012,pooled,r2,0,0.7119409492866283,1
RIMONE_r2_Im013,pooled,r2,0,0.7119404942076973,1
RIMONE_r2_Im014,pooled,r2,0,0.7119407033565519,1
RIMONE_r2_Im015,pooled,r2,0,0.7119429903330128,1
RIMONE_r2_Im016,pooled,r2,0,0.7119443802448128,1
RIMONE_r2_Im017,pooled,r2,0,0.7119403544876038,1
RIMONE_r2_Im018,pooled,r2,0,0.7119404709995341,1
RIMONE_r2_Im019,pooled,r2,0,0.7119451478709354,1
RIMONE_r2_Im020,pooled,r2,0,0.7119425915905587,1
RIMONE_r2_Im021,pooled,r2,0,0.7119421014777005,1
RIMONE_r2_Im022,pooled,r2,0,0.7119466107291947,1
RIMONE_r2_Im023,pooled,r2,0,0.711945883800292,1
RIMONE_r2_Im024,pooled,r2,0,0.7119424991137027,1
RIMONE_r2_Im025,pooled,r2,0,0.7119413761071599,1
RIMONE_r2_Im026,pooled,r2,0,0.7119406736872806,1
RIMONE_r2_Im027,pooled,r2,0,0.711940536025466,1
RIMONE_r2_Im028,pooled,r2,0,0.71194073197941,1
RIMONE_r2_Im029,pooled,r2,0,0.7119574655741427,1
RIMONE_r2_Im030,pooled,r2,0,0.7119404150936585,1
RIMONE_r2_Im031,pooled,r2,0,0.71194059745637,1
RIMONE_r2_Im032,pooled,r2,0,0.7119418422449657,1
RIMONE_r2_Im033,pooled,r2,0,0.7119416672590724,1
RIMONE_r2_Im347,pooled,r2,1,0.7229933910898556,1
RIMONE_r2_Im348,pooled,r2,1,0.7120294696735471,1
RIMONE_r2_Im351,pooled,r2,1,0.7129289347842099,1
RIMONE_r2_Im352,pooled,r2,1,0.7121563690395657,1
RIMONE_r2_Im354,pooled,r2,1,0.7119770087389026,1
RIMONE_r2_Im355,pooled,r2,1,0.7120010842450875,1
RIMONE_r2_Im356,pooled,r2,1,0.7119649803913133,1
RIMONE_r2_Im357,pooled,r2,1,0.7120682799669318,1
RIMONE_r2_Im358,pooled,r2,1,0.7141879473498383,1
RIMONE_r2_Im362,pooled,r2,1,0.7119712351978682,1
RIMONE_r2_Im365,pooled,r2,1,0.7126853314634286,1
RIMONE_r2_Im366,pooled,r2,1,0.7155646611234341,1
RIMONE_r2_Im369,pooled,r2,1,0.71463884817139,1
RIMONE_r2_Im373,pooled,r2,1,0.7146447875612548,1
RIMONE_r2_Im376,pooled,r2,1,0.7119404942388515,1
RIMONE_r2_Im377,pooled,r2,1,0.7153307496556471,1
RIMONE_r2_Im383,pooled,r2,1,0.7119428116384061,1
RIMONE_r2_Im384,pooled,r2,1,0.7125219710708888,1
RIMONE_r2_Im385,pooled,r2,1,0.7129373680531113,1
RIMONE_r2_Im387,pooled,r2,1,0.7273147486984796,1
RIMONE_r2_Im388,pooled,r2,1,0.7146939787706781,1
RIMONE_r2_Im389,pooled,r2,1,0.713800060879658,1
RIMONE_r2_Im390,pooled,r2,1,0.7122160049749843,1
RIMONE_r2_Im391,pooled,r2,1,0.7127840907491609,1
RIMONE_r2_Im392,pooled,r2,1,0.7133246753191029,1
RIMONE_r2_Im393,pooled,r2,1,0.7189569626933505,1
RIMONE_r2_Im398,pooled,r2,1,0.712720667731983,1
RIMONE_r2_Im399,pooled,r2,1,0.712005040255917,1
RIMONE_r2_Im400,pooled,r2,1,0.7125736416170344,1
RIMONE_r2_Im401,pooled,r2,1,0.7120064449274703,1
RIMONE_r2_Im402,pooled,r2,1,0.7164936344512782,1
RIMONE_r2_Im403,pooled,r2,1,0.7120636753267144,1
RIMONE_r2_Im404,pooled,r2,1,0.7122802830544301,1
RIMONE_r2_Im406,pooled,r2,1,0.7119502545330274,1
RIMONE_r2_Im407,pooled,r2,1,0.7120575089400409,1
RIMONE_r2_Im408,pooled,r2,1,0.7119480348066389,1
RIMONE_r2_Im414,pooled,r2,1,0.7129768275887834,1
RIMONE_r2_Im415,pooled,r2,1,0.7119469105776737,1
RIMONE_r2_Im416,pooled,r2,1,0.7119585657927802,1
RIMONE_r2_Im418,pooled,r2,1,0.7122352742046455,1
RIMONE_r2_Im419,pooled,r2,1,0.7119404672535806,1
RIMONE_r2_Im420,pooled,r2,1,0.7119432385132587,1
RIMONE_r2_Im421,pooled,r2,1,0.7119409804208562,1
RIMONE_r2_Im422,pooled,r2,1,0.7146278861191687,1
RIMONE_r2_Im424,pooled,r2,1,0.7119499348787576,1
RIMONE_r2_Im427,pooled,r2,1,0.7137115478478113,1
RIMONE_r2_Im428,pooled,r2,1,0.7122746242859053,1
RIMONE_r2_Im429,pooled,r2,1,0.7119468597512433,1
RIMONE_r2_Im432,pooled,r2,1,0.712484652250837,1
RIMONE_r2_Im433,pooled,r2,1,0.7134695751808635,1
RIMONE_r2_Im436,pooled,r2,1,0.7119519293208262,1
RIMONE_r2_Im439,pooled,r2,1,0.7121482828336536,1
RIMONE_r2_Im441,pooled,r2,1,0.7122639256836296,1
RIMONE_r2_Im442,pooled,r2,1,0.7129766081855455,1
RIMONE_r2_Im443,pooled,r2,1,0.7132396910949584,1
RIMONE_r2_Im444,pooled,r2,1,0.7123472917345655,1
RIMONE_r2_Im445,pooled,r2,1,0.7120194003057942,1
RIMONE_r2_Im448,pooled,r2,1,0.7124948494503912,1
RIMONE_r2_Im449,pooled,r2,1,0.7168629892936323,1
RIMONE_r2_Im450,pooled,r2,1,0.712378706796598,1
RIMONE_r2_Im451,pooled,r2,1,0.7127599615269564,1
RIMONE_r2_Im453,pooled,r2,1,0.71199539787076,1
RIMONE_r2_Im454,pooled,r2,1,0.7147701022560458,1
RIMONE_r2_Im455,pooled,r2,1,0.7123085053081862,1
RIMONE_r3_G-1-L_left_half,pooled,r3,1,0.7121653482934829,1
RIMONE_r3_G-10-L_left_half,pooled,r3,1,0.7193213151236776,1
RIMONE_r3_G-11-R_left_half,pooled,r3,1,0.7227643641581417,1
RIMONE_r3_G-12-L_left_half,pooled,r3,1,0.7124274264047405,1
RIMONE_r3_G-13-R_left_half,pooled,r3,1,0.7077489531154738,1
RIMONE_r3_G-14-R_left_half,pooled,r3,1,0.7152350688233391,1
RIMONE_r3_G-15-L_left_half,pooled,r3,1,0.7264918550136054,1
RIMONE_r3_G-16-R_left_half,pooled,r3,1,0.713322492672904,1
RIMONE_r3_G-17-L_left_half,pooled,r3,1,0.7124486974964327,1
RIMONE_r3_G-18-R_left_half,pooled,r3,1,0.7120305471954993,1
RIMONE_r3_G-2-R_left_half,pooled,r3,1,0.7129733184271001,1
RIMONE_r3_G-22-L_left_half,pooled,r3,1,0.6990459240113622,1
RIMONE_r3_G-23-R_left_half,pooled,r3,1,0.7202828125031232,1
RIMONE_r3_G-25-L_left_half,pooled,r3,1,0.7161516945245733,1
RIMONE_r3_G-27-R_left_half,pooled,r3,1,0.7291481646341347,1
RIMONE_r3_G-29-R_left_half,pooled,r3,1,0.7130293124504755,1
RIMONE_r3_G-3-R_left_half,pooled,r3,1,0.7072795085910826,1
RIMONE_r3_G-30-L_left_half,pooled,r3,1,0.7306985709622261,1
RIMONE_r3_G-31-R_left_half,pooled,r3,1,0.6672199692832749,1
RIMONE_r3_G-32-L_left_half,pooled,r3,1,0.7264694573405006,1
RIMONE_r3_G-33-R_left_half,pooled,r3,1,0.7120041589303778,1
RIMONE_r3_G-34-L_left_half,pooled,r3,1,0.7013004419963613,1
RIMONE_r3_G-35-R_left_half,pooled,r3,1,0.7119447483276333,1
RIMONE_r3_G-37-R_left_half,pooled,r3,1,0.7232923077972859,1
RIMONE_r3_G-38-L_left_half,pooled,r3,1,0.7143725009826494,1
RIMONE_r3_G-39-L_left_half,pooled,r3,1,0.7176188278339714,1
RIMONE_r3_G-6-L_left_half,pooled,r3,1,0.7364430788860523,1
RIMONE_r3_G-8-R_left_half,pooled,r3,1,0.7119415521915936,1
RIMONE_r3_G-9-R_left_half,pooled,r3,1,0.7152851940123726,1
RIMONE_r3_S-1-L_left_half,pooled,r3,1,0.7119577470907573,1
RIMONE_r3_S-10-R_left_half,pooled,r3,1,0.717816512733777,1
RIMONE_r3_S-11-L_left_half,pooled,r3,1,0.7120297200653092,1
RIMONE_r3_S-12-L_left_half,pooled,r3,1,0.7346014098465019,1
RIMONE_r3_S-13-R_left_half,pooled,r3,1,0.7231145466867981,1
RIMONE_r3_S-14-R_left_half,pooled,r3,1,0.7123534719980391,1
RIMONE_r3_S-18-L_left_half,pooled,r3,1,0.7120500780546716,1
RIMONE_r3_S-19-R_left_half,pooled,r3,1,0.7125638935807952,1
RIMONE_r3_S-2-L_left_half,pooled,r3,1,0.7119891903014448,1
RIMONE_r3_S-20-L_left_half,pooled,r3,1,0.7131636774470086,1
RIMONE_r3_S-21-R_left_half,pooled,r3,1,0.7313649058462298,1
RIMONE_r3_S-25-L_left_half,pooled,r3,1,0.7264879524597189,1
RIMONE_r3_S-26-R_left_half,pooled,r3,1,0.726120528388905,1
RIMONE_r3_S-28-R_left_half,pooled,r3,1,0.7165482331095067,1
RIMONE_r3_S-29-R_left_half,pooled,r3,1,0.7125532032373848,1
RIMONE_r3_S-30-L_left_half,pooled,r3,1,0.7119533428050381,1
RIMONE_r3_S-31-L_left_half,pooled,r3,1,0.7119809129416517,1
RIMONE_r3_S-32-L_left_half,pooled,r3,1,0.7119693014481664,1
RIMONE_r3_S-33-R_left_half,pooled,r3,1,0.7121713278438795,1
RIMONE_r3_S-35-R_left_half,pooled,r3,1,0.7140846210195646,1
RIMONE_r3_S-4-L_left_half,pooled,r3,1,0.7077305028284979,1
RIMONE_r3_S-6-R_left_half,pooled,r3,1,0.7176027715490234,1
RIMONE_r3_S-9-L_left_half,pooled,r3,1,0.7373397054646986,1
RIMONE_r2_Im034,pooled,r2,0,0.7119457686136486,1
RIMONE_r2_Im036,pooled,r2,0,0.7119860301513061,1
RIMONE_r2_Im038,pooled,r2,0,0.711941275856723,1
RIMONE_r2_Im040,pooled,r2,0,0.712132991683102,1
RIMONE_r2_Im042,pooled,r2,0,0.7125025849994288,1
RIMONE_r2_Im044,pooled,r2,0,0.7119404828393734,1
RIMONE_r2_Im046,pooled,r2,0,0.7119404833018692,1
RIMONE_r2_Im048,pooled,r2,0,0.7136403696138328,1
RIMONE_r2_Im050,pooled,r2,0,0.7119817088296843,1
RIMONE_r2_Im052,pooled,r2,0,0.7119911138997581,1
RIMONE_r2_Im054,pooled,r2,0,0.7122102964545528,1
RIMONE_r2_Im056,pooled,r2,0,0.7123802999448995,1
RIMONE_r2_Im058,pooled,r2,0,0.712375025547807,1
RIMONE_r2_Im060,pooled,r2,0,0.7119610212699236,1
RIMONE_r2_Im062,pooled,r2,0,0.7121265635672073,1
RIMONE_r2_Im064,pooled,r2,0,0.7119523476997918,1
RIMONE_r2_Im066,pooled,r2,0,0.7123496606896251,1
RIMONE_r2_Im068,pooled,r2,0,0.71203218279865,1
RIMONE_r2_Im070,pooled,r2,0,0.7119662884558158,1
RIMONE_r2_Im072,pooled,r2,0,0.7119736943674789,1
RIMONE_r2_Im074,pooled,r2,0,0.7119481971124605,1
RIMONE_r2_Im076,pooled,r2,0,0.712077962671894,1
RIMONE_r2_Im078,pooled,r2,0,0.7120323444568237,1
RIMONE_r2_Im080,pooled,r2,0,0.7120013775506081,1
RIMONE_r2_Im082,pooled,r2,0,0.7123066331843692,1
RIMONE_r2_Im084,pooled,r2,0,0.713695101901008,1
RIMONE_r2_Im086,pooled,r2,0,0.711967524323861,1
RIMONE_r2_Im088,pooled,r2,0,0.7120206684158245,1
RIMONE_r2_Im090,pooled,r2,0,0.7119980004080749,1
RIMONE_r2_Im092,pooled,r2,0,0.7121078224610401,1
RIMONE_r2_Im094,pooled,r2,0,0.7123607647529213,1
RIMONE_r2_Im096,pooled,r2,0,0.711942852550264,1
RIMONE_r2_Im098,pooled,r2,0,0.7119879373535867,1
RIMONE_r2_Im100,pooled,r2,0,0.7120677159723836,1
RIMONE_r2_Im102,pooled,r2,0,0.7119477172586224,1
RIMONE_r2_Im104,pooled,r2,0,0.7119518552014535,1
RIMONE_r2_Im106,pooled,r2,0,0.7121248496829057,1
RIMONE_r2_Im108,pooled,r2,0,0.7119602429848385,1
RIMONE_r2_Im110,pooled,r2,0,0.711956401527831,1
RIMONE_r2_Im112,pooled,r2,0,0.7127797087709534,1
RIMONE_r2_Im114,pooled,r2,0,0.7122429064133015,1
RIMONE_r2_Im116,pooled,r2,0,0.7119404405763705,1
RIMONE_r2_Im118,pooled,r2,0,0.7119595184848676,1
RIMONE_r2_Im120,pooled,r2,0,0.7119405817131546,1
RIMONE_r2_Im122,pooled,r2,0,0.7119423124859792,1
RIMONE_r2_Im124,pooled,r2,0,0.7120239068875921,1
RIMONE_r2_Im126,pooled,r2,0,0.713080038912451,1
RIMONE_r2_Im128,pooled,r2,0,0.7119610615585328,1
RIMONE_r2_Im130,pooled,r2,0,0.711942066562413,1
RIMONE_r2_Im132,pooled,r2,0,0.7119404816312284,1
RIMONE_r2_Im134,pooled,r2,0,0.7123576708632189,1
RIMONE_r2_Im136,pooled,r2,0,0.7119424795739183,1
RIMONE_r2_Im138,pooled,r2,0,0.7121251940191203,1
RIMONE_r2_Im140,pooled,r2,0,0.7119553326842917,1
RIMONE_r2_Im142,pooled,r2,0,0.7119522919768486,1
RIMONE_r2_Im144,pooled,r2,0,0.711953765461881,1
RIMONE_r2_Im146,pooled,r2,0,0.7119410740326447,1
RIMONE_r2_Im148,pooled,r2,0,0.7119428647904513,1
RIMONE_r2_Im150,pooled,r2,0,0.7119769318302801,1
RIMONE_r2_Im152,pooled,r2,0,0.7119578059126153,1
RIMONE_r2_Im154,pooled,r2,0,0.7119732333022523,1
RIMONE_r2_Im156,pooled,r2,0,0.7119583382516074,1
RIMONE_r2_Im158,pooled,r2,0,0.7119439978306059,1
RIMONE_r2_Im160,pooled,r2,0,0.7119409145083134,1
RIMONE_r2_Im162,pooled,r2,0,0.7125926676431629,1
RIMONE_r2_Im164,pooled,r2,0,0.7145866541298594,1
RIMONE_r2_Im166,pooled,r2,0,0.7123400580413635,1
RIMONE_r2_Im168,pooled,r2,0,0.7119719034185203,1
RIMONE_r2_Im170,pooled,r2,0,0.7120095718980771,1
RIMONE_r2_Im172,pooled,r2,0,0.7119524088136917,1
RIMONE_r2_Im174,pooled,r2,0,0.7125823529409592,1
RIMONE_r2_Im176,pooled,r2,0,0.7122476039849511,1
RIMONE_r2_Im178,pooled,r2,0,0.7119581161858232,1
RIMONE_r2_Im180,pooled,r2,0,0.7122149392762566,1
RIMONE_r2_Im182,pooled,r2,0,0.7119434332243894,1
RIMONE_r2_Im184,pooled,r2,0,0.7119622603309607,1
RIMONE_r2_Im186,pooled,r2,0,0.7119644273124901,1
RIMONE_r2_Im188,pooled,r2,0,0.712806133754017,1
RIMONE_r2_Im190,pooled,r2,0,0.7120106785607068,1
RIMONE_r2_Im192,pooled,r2,0,0.711944271902048,1
RIMONE_r2_Im194,pooled,r2,0,0.7120561050963197,1
RIMONE_r2_Im196,pooled,r2,0,0.7119474919821476,1
RIMONE_r2_Im198,pooled,r2,0,0.7119539782105244,1
RIMONE_r2_Im200,pooled,r2,0,0.7122609417089463,1
RIMONE_r2_Im202,pooled,r2,0,0.7121487532333672,1
RIMONE_r2_Im206,pooled,r2,0,0.712006058040429,1
RIMONE_r2_Im208,pooled,r2,0,0.7119660205935506,1
RIMONE_r2_Im210,pooled,r2,0,0.7119871182539445,1
RIMONE_r2_Im212,pooled,r2,0,0.711941192308262,1
RIMONE_r2_Im214,pooled,r2,0,0.7120345162589721,1
RIMONE_r2_Im216,pooled,r2,0,0.7119489945226055,1
RIMONE_r2_Im218,pooled,r2,0,0.71200678927882,1
RIMONE_r2_Im220,pooled,r2,0,0.7126354430478701,1
RIMONE_r2_Im222,pooled,r2,0,0.7119696094108565,1
RIMONE_r2_Im224,pooled,r2,0,0.7119405808403091,1
RIMONE_r2_Im226,pooled,r2,0,0.7123135303111632,1
RIMONE_r2_Im228,pooled,r2,0,0.7140071699175787,1
RIMONE_r2_Im230,pooled,r2,0,0.7011915211529945,1
RIMONE_r2_Im232,pooled,r2,0,0.7123013143251384,1
RIMONE_r2_Im234,pooled,r2,0,0.7120385458950024,1
RIMONE_r2_Im236,pooled,r2,0,0.7119404480277776,1
RIMONE_r2_Im238,pooled,r2,0,0.7120438222538875,1
RIMONE_r2_Im240,pooled,r2,0,0.7120301719043859,1
RIMONE_r2_Im242,pooled,r2,0,0.7119480842219021,1
RIMONE_r2_Im244,pooled,r2,0,0.7119437598942022,1
RIMONE_r2_Im246,pooled,r2,0,0.712110383646151,1
RIMONE_r2_Im248,pooled,r2,0,0.712013698563943,1
RIMONE_r2_Im250,pooled,r2,0,0.7123838371064382,1
RIMONE_r2_Im252,pooled,r2,0,0.7119910658310197,1
RIMONE_r2_Im254,pooled,r2,0,0.7119419645914863,1
RIMONE_r3_N-1-L_left_half,pooled,r3,0,0.7211974024780246,1
RIMONE_r3_N-10-R_left_half,pooled,r3,0,0.7188313974765796,1
RIMONE_r3_N-11-L_left_half,pooled,r3,0,0.7219097618432919,1
RIMONE_r3_N-12-R_left_half,pooled,r3,0,0.7320218660852291,1
RIMONE_r3_N-13-L_left_half,pooled,r3,0,0.7136269114781326,1
RIMONE_r3_N-14-R_left_half,pooled,r3,0,0.7119472768070456,1
RIMONE_r3_N-16-R_left_half,pooled,r3,0,0.7119858902285705,1
RIMONE_r3_N-17-L_left_half,pooled,r3,0,0.7166155746328979,1
RIMONE_r3_N-18-R_left_half,pooled,r3,0,0.712045122981562,1
RIMONE_r3_N-2-R_left_half,pooled,r3,0,0.7232357593927963,1
RIMONE_r3_N-20-R_left_half,pooled,r3,0,0.7119406695748285,1
RIMONE_r3_N-21-L_left_half,pooled,r3,0,0.7113182884888251,1
RIMONE_r3_N-22-R_left_half,pooled,r3,0,0.6895587541265646,1
RIMONE_r3_N-23-L_left_half,pooled,r3,0,0.712465597852141,1
RIMONE_r3_N-24-R_left_half,pooled,r3,0,0.7197913117363364,1
RIMONE_r3_N-25-L_left_half,pooled,r3,0,0.7120696623312246,1
RIMONE_r3_N-26-R_left_half,pooled,r3,0,0.7119929712554344,1
RIMONE_r3_N-27-L_left_half,pooled,r3,0,0.7119850689299713,1
RIMONE_r3_N-28-R_left_half,pooled,r3,0,0.7119680797290446,1
RIMONE_r3_N-29-L_left_half,pooled,r3,0,0.7124902932790975,1
RIMONE_r3_N-3-L_left_half,pooled,r3,0,0.7119878601537535,1
RIMONE_r3_N-30-R_left_half,pooled,r3,0,0.7136341583685899,1
RIMONE_r3_N-31-L_left_half,pooled,r3,0,0.7119991213042323,1
RIMONE_r3_N-32-R_left_half,pooled,r3,0,0.7121175892902492,1
RIMONE_r3_N-33-L_left_half,pooled,r3,0,0.7123125928072069,1
RIMONE_r3_N-34-R_left_half,pooled,r3,0,0.7127993799193252,1
RIMONE_r3_N-35-L_left_half,pooled,r3,0,0.7134161004923418,1
RIMONE_r3_N-36-R_left_half,pooled,r3,0,0.7121950741514402,1
RIMONE_r3_N-37-L_left_half,pooled,r3,0,0.7129060417665041,1
RIMONE_r3_N-38-R_left_half,pooled,r3,0,0.7127444653216957,1
RIMONE_r3_N-39-L_left_half,pooled,r3,0,0.7138018375305732,1
RIMONE_r3_N-4-R_left_half,pooled,r3,0,0.7119803420157295,1
RIMONE_r3_N-40-R_left_half,pooled,r3,0,0.7127777411684593,1
RIMONE_r3_N-41-L_left_half,pooled,r3,0,0.7125039018938863,1
RIMONE_r3_N-42-R_left_half,pooled,r3,0,0.7126680413799404,1
RIMONE_r3_N-43-L_left_half,pooled,r3,0,0.7145565314056226,1
RIMONE_r3_N-44-R_left_half,pooled,r3,0,0.7189676736386132,1
RIMONE_r3_N-46-R_left_half,pooled,r3,0,0.7185481223036614,1
RIMONE_r3_N-47-L_left_half,pooled,r3,0,0.7127491428025949,1
RIMONE_r3_N-48-R_left_half,pooled,r3,0,0.7196079310206622,1
RIMONE_r3_N-49-L_left_half,pooled,r3,0,0.7120271015932463,1
RIMONE_r3_N-5-L_left_half,pooled,r3,0,0.7119770707512418,1
RIMONE_r3_N-50-R_left_half,pooled,r3,0,0.7121494804998927,1
RIMONE_r3_N-51-L_left_half,pooled,r3,0,0.7333027374441013,1
RIMONE_r3_N-52-R_left_half,pooled,r3,0,0.7327125196246034,1
RIMONE_r3_N-53-L_left_half,pooled,r3,0,0.7137547775816354,1
RIMONE_r3_N-54-R_left_half,pooled,r3,0,0.71288587758074,1
RIMONE_r3_N-55-L_left_half,pooled,r3,0,0.7136074574104809,1
RIMONE_r3_N-56-R_left_half,pooled,r3,0,0.7173422964872523,1
RIMONE_r3_N-58-R_left_half,pooled,r3,0,0.7121254962419059,1
RIMONE_r3_N-59-L_left_half,pooled,r3,0,0.7141130725943882,1
RIMONE_r3_N-6-R_left_half,pooled,r3,0,0.7133534617195869,1
RIMONE_r3_N-61-L_left_half,pooled,r3,0,0.7193235886738354,1
RIMONE_r3_N-62-R_left_half,pooled,r3,0,0.7120599546917392,1
RIMONE_r3_N-63-L_left_half,pooled,r3,0,0.7121700266442668,1
RIMONE_r3_N-64-R_left_half,pooled,r3,0,0.7119561743020607,1
RIMONE_r3_N-65-L_left_half,pooled,r3,0,0.7177009258069018,1
RIMONE_r3_N-66-R_left_half,pooled,r3,0,0.6918320135179827,1
RIMONE_r3_N-67-L_left_half,pooled,r3,0,0.7173896437862539,1
RIMONE_r3_N-68-R_left_half,pooled,r3,0,0.7156268004362867,1
RIMONE_r3_N-69-L_left_half,pooled,r3,0,0.7180663383752799,1
RIMONE_r3_N-7-L_left_half,pooled,r3,0,0.7124030942076708,1
RIMONE_r3_N-70-R_left_half,pooled,r3,0,0.711972959851734,1
RIMONE_r3_N-71-L_left_half,pooled,r3,0,0.7172454786645825,1
RIMONE_r3_N-72-R_left_half,pooled,r3,0,0.7119706929533194,1
RIMONE_r3_N-73-R_left_half,pooled,r3,0,0.7120518081532207,1
RIMONE_r3_N-74-L_left_half,pooled,r3,0,0.7120552125893551,1
RIMONE_r3_N-75-R_left_half,pooled,r3,0,0.7120428119340133,1
RIMONE_r3_N-76-R_left_half,pooled,r3,0,0.7122996561961931,1
RIMONE_r3_N-78-R_left_half,pooled,r3,0,0.7118503853475082,1
RIMONE_r3_N-79-L_left_half,pooled,r3,0,0.7129973442267263,1
RIMONE_r3_N-8-L_left_half,pooled,r3,0,0.7119868196515079,1
RIMONE_r3_N-80-R_left_half,pooled,r3,0,0.694101601185418,1
RIMONE_r3_N-81-L_left_half,pooled,r3,0,0.717954593641888,1
RIMONE_r3_N-82-R_left_half,pooled,r3,0,0.7230167420731108,1
RIMONE_r3_N-83-L_left_half,pooled,r3,0,0.7141156138742488,1
RIMONE_r3_N-84-R_left_half,pooled,r3,0,0.717102836970032,1
RIMONE_r3_N-85-L_left_half,pooled,r3,0,0.7120818148126228,1
RIMONE_r3_N-86-R_left_half,pooled,r3,0,0.7120271492849926,1
RIMONE_r3_N-87-L_left_half,pooled,r3,0,0.7122091784632121,1
RIMONE_r3_N-88-R_left_half,pooled,r3,0,0.7119736285140125,1
RIMONE_r3_N-9-L_left_half,pooled,r3,0,0.7121053111932472,1
RIMONE_r3_N-90-R_left_half,pooled,r3,0,0.7121093360004004,1
RIMONE_r3_N-91-L_left_half,pooled,r3,0,0.7139886398896392,1
RIMONE_r3_N-92-R_left_half,pooled,r3,0,0.7123027824618611,1
