image_id,outer_fold,hospital,y_true,y_prob,y_pred
RIMONE_r1_Im069,0,r1,1,0.7647820115089417,1
RIMONE_r1_Im103,0,r1,1,0.6802546381950378,1
RIMONE_r1_Im113,0,r1,1,0.6802546381950378,1
RIMONE_r1_Im117,0,r1,1,0.8483534455299377,1
RIMONE_r1_Im118,0,r1,1,0.6263725161552429,1
RIMONE_r1_Im120,0,r1,1,0.6857874393463135,1
RIMONE_r1_Im121,0,r1,1,0.7578128576278687,1
RIMONE_r1_Im122,0,r1,1,0.77524733543396,1
RIMONE_r1_Im135,0,r1,1,0.7744519114494324,1
RIMONE_r1_Im144,0,r1,1,0.7864097952842712,1
RIMONE_r1_Im158,0,r1,1,0.7629709243774414,1
RIMONE_r1_Im167,0,r1,1,0.6802546381950378,1
RIMONE_r2_Im257,0,r2,1,0.9111273884773254,1
RIMONE_r2_Im258,0,r2,1,0.7858648300170898,1
RIMONE_r2_Im260,0,r2,1,0.7858648300170898,1
RIMONE_r2_Im263,0,r2,1,0.7335994839668274,1
RIMONE_r2_Im264,0,r2,1,0.9381600618362427,1
RIMONE_r2_Im266,0,r2,1,0.77524733543396,1
RIMONE_r2_Im267,0,r2,1,0.7028632164001465,1
RIMONE_r2_Im268,0,r2,1,0.4837161898612976,0
RIMONE_r2_Im269,0,r2,1,0.7578128576278687,1
RIMONE_r2_Im270,0,r2,1,0.7647820115089417,1
RIMONE_r2_Im273,0,r2,1,0.8330714702606201,1
RIMONE_r2_Im275,0,r2,1,0.7699133157730103,1
RIMONE_r2_Im277,0,r2,1,0.7277224659919739,1
RIMONE_r2_Im281,0,r2,1,0.8031396865844727,1
RIMONE_r2_Im287,0,r2,1,0.9111273884773254,1
RIMONE_r2_Im288,0,r2,1,0.7352485656738281,1
RIMONE_r2_Im289,0,r2,1,0.77524733543396,1
RIMONE_r2_Im290,0,r2,1,0.7179966568946838,1
RIMONE_r2_Im291,0,r2,1,0.77524733543396,1
RIMONE_r2_Im292,0,r2,1,0.631471574306488,1
RIMONE_r2_Im293,0,r2,1,0.7665201425552368,1
RIMONE_r2_Im294,0,r2,1,0.36477136611938477,0
RIMONE_r2_Im301,0,r2,1,0.9213876724243164,1
RIMONE_r2_Im302,0,r2,1,0.8916988372802734,1
RIMONE_r2_Im303,0,r2,1,0.9147955775260925,1
RIMONE_r2_Im305,0,r2,1,0.9381600618362427,1
RIMONE_r2_Im314,0,r2,1,0.7179966568946838,1
RIMONE_r2_Im315,0,r2,1,0.8587470650672913,1
RIMONE_r2_Im317,0,r2,1,0.7298082113265991,1
RIMONE_r2_Im318,0,r2,1,0.7800243496894836,1
RIMONE_r2_Im319,0,r2,1,0.7797994017601013,1
RIMONE_r2_Im320,0,r2,1,0.7858648300170898,1
RIMONE_r2_Im321,0,r2,1,0.9111273884773254,1
RIMONE_r2_Im324,0,r2,1,0.9147955775260925,1
RIMONE_r2_Im329,0,r2,1,0.77524733543396,1
RIMONE_r2_Im330,0,r2,1,0.7578128576278687,1
RIMONE_r2_Im331,0,r2,1,0.8383363485336304,1
RIMONE_r2_Im332,0,r2,1,0.7969316840171814,1
RIMONE_r2_Im333,0,r2,1,0.9147955775260925,1
RIMONE_r2_Im334,0,r2,1,0.7856442332267761,1
RIMONE_r2_Im338,0,r2,1,0.7814432978630066,1
RIMONE_r2_Im339,0,r2,1,0.8370829820632935,1
RIMONE_r2_Im343,0,r2,1,0.7814432978630066,1
RIMONE_r2_Im344,0,r2,1,0.9111273884773254,1
RIMONE_r1_Im001,0,r1,0,0.8043060302734375,1
RIMONE_r1_Im003,0,r1,0,0.7352485656738281,1
RIMONE_r1_Im004,0,r1,0,0.7352485656738281,1
RIMONE_r1_Im006,0,r1,0,0.7838670611381531,1
RIMONE_r1_Im008,0,r1,0,0.776164710521698,1
RIMONE_r1_Im011,0,r1,0,0.776164710521698,1
RIMONE_r1_Im012,0,r1,0,0.7838670611381531,1
RIMONE_r1_Im014,0,r1,0,0.8583580851554871,1
RIMONE_r1_Im015,0,r1,0,0.79854816198349,1
RIMONE_r1_Im019,0,r1,0,0.7787111401557922,1
RIMONE_r1_Im020,0,r1,0,0.7277224659919739,1
RIMONE_r1_Im022,0,r1,0,0.7578128576278687,1
RIMONE_r1_Im023,0,r1,0,0.7578128576278687,1
RIMONE_r1_Im024,0,r1,0,0.776164710521698,1
RIMONE_r1_Im025,0,r1,0,0.7578128576278687,1
RIMONE_r1_Im026,0,r1,0,0.8043060302734375,1
RIMONE_r1_Im027,0,r1,0,0.8043060302734375,1
RIMONE_r1_Im028,0,r1,0,0.8196905255317688,1
RIMONE_r1_Im029,0,r1,0,0.77524733543396,1
RIMONE_r1_Im031,0,r1,0,0.7578128576278687,1
RIMONE_r1_Im032,0,r1,0,0.7800243496894836,1
RIMONE_r1_Im033,0,r1,0,0.7800243496894836,1
RIMONE_r1_Im036,0,r1,0,0.5974797010421753,1
RIMONE_r1_Im037,0,r1,0,0.7647820115089417,1
RIMONE_r1_Im040,0,r1,0,0.77524733543396,1
RIMONE_r1_Im041,0,r1,0,0.7187372446060181,1
RIMONE_r1_Im042,0,r1,0,0.7298082113265991,1
RIMONE_r1_Im046,0,r1,0,0.7712831497192383,1
RIMONE_r1_Im047,0,r1,0,0.7578128576278687,1
RIMONE_r1_Im050,0,r1,0,0.6729140281677246,1
RIMONE_r1_Im052,0,r1,0,0.8026164174079895,1
RIMONE_r1_Im054,0,r1,0,0.7556787729263306,1
RIMONE_r1_Im055,0,r1,0,0.8330714702606201,1
RIMONE_r1_Im056,0,r1,0,0.8330714702606201,1
RIMONE_r1_Im057,0,r1,0,0.7578128576278687,1
RIMONE_r1_Im058,0,r1,0,0.7578128576278687,1
RIMONE_r1_Im059,0,r1,0,0.7971436381340027,1
RIMONE_r1_Im060,0,r1,0,0.7578128576278687,1
RIMONE_r1_Im061,0,r1,0,0.7971436381340027,1
RIMONE_r1_Im062,0,r1,0,0.77524733543396,1
RIMONE_r1_Im063,0,r1,0,0.7578128576278687,1
RIMONE_r1_Im071,0,r1,0,0.7578128576278687,1
RIMONE_r1_Im072,0,r1,0,0.803149938583374,1
RIMONE_r1_Im073,0,r1,0,0.8048994541168213,1
RIMONE_r1_Im080,0,r1,0,0.6802546381950378,1
RIMONE_r1_Im082,0,r1,0,0.7498974800109863,1
RIMONE_r1_Im086,0,r1,0,0.8483534455299377,1
RIMONE_r1_Im087,0,r1,0,0.8073111772537231,1
RIMONE_r1_Im095,0,r1,0,0.8043060302734375,1
RIMONE_r1_Im107,0,r1,0,0.5491963624954224,1
RIMONE_r1_Im108,0,r1,0,0.7578128576278687,1
RIMONE_r1_Im115,0,r1,0,0.795223593711853,1
RIMONE_r1_Im116,0,r1,0,0.7529503107070923,1
RIMONE_r1_Im119,0,r1,0,0.9213876724243164,1
RIMONE_r1_Im125,0,r1,0,0.5860166549682617,1
RIMONE_r1_Im127,0,r1,0,0.7578128576278687,1
RIMONE_r1_Im128,0,r1,0,0.8043060302734375,1
RIMONE_r1_Im129,0,r1,0,0.77524733543396,1
RIMONE_r1_Im130,0,r1,0,0.7838670611381531,1
RIMONE_r1_Im131,0,r1,0,0.7814745306968689,1
RIMONE_r1_Im132,0,r1,0,0.7578128576278687,1
RIMONE_r1_Im133,0,r1,0,0.7578128576278687,1
RIMONE_r1_Im136,0,r1,0,0.8587470650672913,1
RIMONE_r1_Im137,0,r1,0,0.907646119594574,1
RIMONE_r1_Im138,0,r1,0,0.5777038931846619,1
RIMONE_r1_Im142,0,r1,0,0.6516361832618713,1
RIMONE_r1_Im143,0,r1,0,0.9213876724243164,1
RIMONE_r1_Im145,0,r1,0,0.9213876724243164,1
RIMONE_r1_Im146,0,r1,0,0.6802546381950378,1
RIMONE_r1_Im149,0,r1,0,0.8330714702606201,1
RIMONE_r1_Im150,0,r1,0,0.7165592312812805,1
RIMONE_r1_Im151,0,r1,0,0.795223593711853,1
RIMONE_r1_Im152,0,r1,0,0.9213876724243164,1
RIMONE_r1_Im153,0,r1,0,0.7838670611381531,1
RIMONE_r1_Im154,0,r1,0,0.7751104235649109,1
RIMONE_r1_Im155,0,r1,0,0.7838670611381531,1
RIMONE_r1_Im156,0,r1,0,0.7716012001037598,1
RIMONE_r1_Im159,0,r1,0,0.7846081256866455,1
RIMONE_r1_Im161,0,r1,0,0.8483534455299377,1
RIMONE_r1_Im162,0,r1,0,0.8057565093040466,1
RIMONE_r1_Im163,0,r1,0,0.7578128576278687,1
RIMONE_r1_Im164,0,r1,0,0.7648738622665405,1
RIMONE_r1_Im165,0,r1,0,0.5809090733528137,1
RIMONE_r1_Im166,0,r1,0,0.5974797010421753,1
RIMONE_r1_Im168,0,r1,0,0.8162326216697693,1
RIMONE_r1_Im169,0,r1,0,0.77524733543396,1
RIMONE_r2_Im001,0,r2,0,0.9147955775260925,1
RIMONE_r2_Im002,0,r2,0,0.7352485656738281,1
RIMONE_r2_Im003,0,r2,0,0.7578128576278687,1
RIMONE_r2_Im004,0,r2,0,0.7416728734970093,1
RIMONE_r2_Im005,0,r2,0,0.7856442332267761,1
RIMONE_r2_Im006,0,r2,0,0.7416728734970093,1
RIMONE_r2_Im007,0,r2,0,0.8383363485336304,1
RIMONE_r2_Im009,0,r2,0,0.7578128576278687,1
RIMONE_r2_Im010,0,r2,0,0.7817445993423462,1
RIMONE_r2_Im011,0,r2,0,0.9213876724243164,1
RIMONE_r2_Im012,0,r2,0,0.7416728734970093,1
RIMONE_r2_Im013,0,r2,0,0.699258029460907,1
RIMONE_r2_Im014,0,r2,0,0.776164710521698,1
RIMONE_r2_Im015,0,r2,0,0.7578128576278687,1
RIMONE_r2_Im016,0,r2,0,0.7352485656738281,1
RIMONE_r2_Im017,0,r2,0,0.8383363485336304,1
RIMONE_r2_Im018,0,r2,0,0.7823740243911743,1
RIMONE_r2_Im019,0,r2,0,0.7969316840171814,1
RIMONE_r2_Im020,0,r2,0,0.7578128576278687,1
RIMONE_r2_Im021,0,r2,0,0.5974797010421753,1
RIMONE_r2_Im022,0,r2,0,0.6512593030929565,1
RIMONE_r2_Im023,0,r2,0,0.7647820115089417,1
RIMONE_r2_Im024,0,r2,0,0.850254476070404,1
RIMONE_r2_Im025,0,r2,0,0.7578128576278687,1
RIMONE_r2_Im026,0,r2,0,0.7578128576278687,1
RIMONE_r2_Im027,0,r2,0,0.776164710521698,1
RIMONE_r2_Im028,0,r2,0,0.7578128576278687,1
RIMONE_r2_Im029,0,r2,0,0.6729140281677246,1
RIMONE_r2_Im030,0,r2,0,0.8043060302734375,1
RIMONE_r2_Im031,0,r2,0,0.699258029460907,1
RIMONE_r2_Im032,0,r2,0,0.7352485656738281,1
RIMONE_r2_Im033,0,r2,0,0.7969316840171814,1
RIMONE_r2_Im347,0,r2,1,0.49381208419799805,0
RIMONE_r2_Im348,0,r2,1,0.8483534455299377,1
RIMONE_r2_Im351,0,r2,1,0.8852038979530334,1
RIMONE_r2_Im352,0,r2,1,0.6321395039558411,1
RIMONE_r2_Im354,0,r2,1,0.5974797010421753,1
RIMONE_r2_Im355,0,r2,1,0.5974797010421753,1
RIMONE_r2_Im356,0,r2,1,0.7228342294692993,1
RIMONE_r2_Im357,0,r2,1,0.9213876724243164,1
RIMONE_r2_Im358,0,r2,1,0.6802546381950378,1
RIMONE_r2_Im362,0,r2,1,0.7969316840171814,1
RIMONE_r2_Im365,0,r2,1,0.8330714702606201,1
RIMONE_r2_Im366,0,r2,1,0.6802546381950378,1
RIMONE_r2_Im369,0,r2,1,0.5293557643890381,1
RIMONE_r2_Im373,0,r2,1,0.6802546381950378,1
RIMONE_r2_Im376,0,r2,1,0.7578128576278687,1
RIMONE_r2_Im377,0,r2,1,0.9069061279296875,1
RIMONE_r2_Im383,0,r2,1,0.7578128576278687,1
RIMONE_r2_Im384,0,r2,1,0.6698530912399292,1
RIMONE_r2_Im385,0,r2,1,0.6516361832618713,1
RIMONE_r2_Im387,0,r2,1,0.9213876724243164,1
RIMONE_r2_Im388,0,r2,1,0.6802546381950378,1
RIMONE_r2_Im389,0,r2,1,0.7284716963768005,1
RIMONE_r2_Im390,0,r2,1,0.631471574306488,1
RIMONE_r2_Im391,0,r2,1,0.631471574306488,1
RIMONE_r2_Im392,0,r2,1,0.6550153493881226,1
RIMONE_r2_Im393,0,r2,1,0.8634180426597595,1
RIMONE_r2_Im398,0,r2,1,0.6116619110107422,1
RIMONE_r2_Im399,0,r2,1,0.805961549282074,1
RIMONE_r2_Im400,0,r2,1,0.631471574306488,1
RIMONE_r2_Im401,0,r2,1,0.6512593030929565,1
RIMONE_r2_Im402,0,r2,1,0.44727781414985657,0
RIMONE_r2_Im403,0,r2,1,0.5974797010421753,1
RIMONE_r2_Im404,0,r2,1,0.631471574306488,1
RIMONE_r2_Im406,0,r2,1,0.7712136507034302,1
RIMONE_r2_Im407,0,r2,1,0.8483534455299377,1
RIMONE_r2_Im408,0,r2,1,0.7907576560974121,1
RIMONE_r2_Im414,0,r2,1,0.8057565093040466,1
RIMONE_r2_Im415,0,r2,1,0.7907576560974121,1
RIMONE_r2_Im416,0,r2,1,0.8608828783035278,1
RIMONE_r2_Im418,0,r2,1,0.6512593030929565,1
RIMONE_r2_Im419,0,r2,1,0.7800243496894836,1
RIMONE_r2_Im420,0,r2,1,0.7907576560974121,1
RIMONE_r2_Im421,0,r2,1,0.7578128576278687,1
RIMONE_r2_Im422,0,r2,1,0.6802546381950378,1
RIMONE_r2_Im424,0,r2,1,0.7547568678855896,1
RIMONE_r2_Im427,0,r2,1,0.640097975730896,1
RIMONE_r2_Im428,0,r2,1,0.5875070095062256,1
RIMONE_r2_Im429,0,r2,1,0.7931832671165466,1
RIMONE_r2_Im432,0,r2,1,0.8043060302734375,1
RIMONE_r2_Im433,0,r2,1,0.8774696588516235,1
RIMONE_r2_Im436,0,r2,1,0.776164710521698,1
RIMONE_r2_Im439,0,r2,1,0.5875070095062256,1
RIMONE_r2_Im441,0,r2,1,0.5974797010421753,1
RIMONE_r2_Im442,0,r2,1,0.631471574306488,1
RIMONE_r2_Im443,0,r2,1,0.6253818273544312,1
RIMONE_r2_Im444,0,r2,1,0.6550153493881226,1
RIMONE_r2_Im445,0,r2,1,0.8330714702606201,1
RIMONE_r2_Im448,0,r2,1,0.9213876724243164,1
RIMONE_r2_Im449,0,r2,1,0.9213876724243164,1
RIMONE_r2_Im450,0,r2,1,0.9213876724243164,1
RIMONE_r2_Im451,0,r2,1,0.631471574306488,1
RIMONE_r2_Im453,0,r2,1,0.8043060302734375,1
RIMONE_r2_Im454,0,r2,1,0.6504617929458618,1
RIMONE_r2_Im455,0,r2,1,0.9213876724243164,1
RIMONE_r3_G-1-L_left_half,0,r3,1,0.5974797010421753,1
RIMONE_r3_G-10-L_left_half,0,r3,1,0.9607866406440735,1
RIMONE_r3_G-11-R_left_half,0,r3,1,0.9338251948356628,1
RIMONE_r3_G-12-L_left_half,0,r3,1,0.5555771589279175,1
RIMONE_r3_G-13-R_left_half,0,r3,1,0.9338251948356628,1
RIMONE_r3_G-14-R_left_half,0,r3,1,0.8207605481147766,1
RIMONE_r3_G-15-L_left_half,0,r3,1,0.5766242146492004,1
RIMONE_r3_G-16-R_left_half,0,r3,1,0.5974797010421753,1
RIMONE_r3_G-17-L_left_half,0,r3,1,0.6414663791656494,1
RIMONE_r3_G-18-R_left_half,0,r3,1,0.77524733543396,1
RIMONE_r3_G-2-R_left_half,0,r3,1,0.6253818273544312,1
RIMONE_r3_G-22-L_left_half,0,r3,1,0.9338251948356628,1
RIMONE_r3_G-23-R_left_half,0,r3,1,0.6504617929458618,1
RIMONE_r3_G-25-L_left_half,0,r3,1,0.6802546381950378,1
RIMONE_r3_G-27-R_left_half,0,r3,1,0.9213876724243164,1
RIMONE_r3_G-29-R_left_half,0,r3,1,0.631471574306488,1
RIMONE_r3_G-3-R_left_half,0,r3,1,0.9481725692749023,1
RIMONE_r3_G-30-L_left_half,0,r3,1,0.9213876724243164,1
RIMONE_r3_G-31-R_left_half,0,r3,1,0.6406258344650269,1
RIMONE_r3_G-32-L_left_half,0,r3,1,0.6068019866943359,1
RIMONE_r3_G-33-R_left_half,0,r3,1,0.7578128576278687,1
RIMONE_r3_G-34-L_left_half,0,r3,1,0.8301443457603455,1
RIMONE_r3_G-35-R_left_half,0,r3,1,0.7811497449874878,1
RIMONE_r3_G-37-R_left_half,0,r3,1,0.9069061279296875,1
RIMONE_r3_G-38-L_left_half,0,r3,1,0.6802546381950378,1
RIMONE_r3_G-39-L_left_half,0,r3,1,0.36509302258491516,0
RIMONE_r3_G-6-L_left_half,0,r3,1,0.6778819561004639,1
RIMONE_r3_G-8-R_left_half,0,r3,1,0.7537934184074402,1
RIMONE_r3_G-9-R_left_half,0,r3,1,0.6802546381950378,1
RIMONE_r3_S-1-L_left_half,0,r3,1,0.8330714702606201,1
RIMONE_r3_S-10-R_left_half,0,r3,1,0.9641795754432678,1
RIMONE_r3_S-11-L_left_half,0,r3,1,0.7703325748443604,1
RIMONE_r3_S-12-L_left_half,0,r3,1,0.9718974232673645,1
RIMONE_r3_S-13-R_left_half,0,r3,1,0.9213876724243164,1
RIMONE_r3_S-14-R_left_half,0,r3,1,0.8474081754684448,1
RIMONE_r3_S-18-L_left_half,0,r3,1,0.8330714702606201,1
RIMONE_r3_S-19-R_left_half,0,r3,1,0.6843202114105225,1
RIMONE_r3_S-2-L_left_half,0,r3,1,0.77524733543396,1
RIMONE_r3_S-20-L_left_half,0,r3,1,0.6802546381950378,1
RIMONE_r3_S-21-R_left_half,0,r3,1,0.9213876724243164,1
RIMONE_r3_S-25-L_left_half,0,r3,1,0.9709727168083191,1
RIMONE_r3_S-26-R_left_half,0,r3,1,0.9213876724243164,1
RIMONE_r3_S-28-R_left_half,0,r3,1,0.6802546381950378,1
RIMONE_r3_S-29-R_left_half,0,r3,1,0.5974797010421753,1
RIMONE_r3_S-30-L_left_half,0,r3,1,0.7578128576278687,1
RIMONE_r3_S-31-L_left_half,0,r3,1,0.8330714702606201,1
RIMONE_r3_S-32-L_left_half,0,r3,1,0.77524733543396,1
RIMONE_r3_S-33-R_left_half,0,r3,1,0.5974797010421753,1
RIMONE_r3_S-35-R_left_half,0,r3,1,0.9213876724243164,1
RIMONE_r3_S-4-L_left_half,0,r3,1,0.95452880859375,1
RIMONE_r3_S-6-R_left_half,0,r3,1,0.47030213475227356,0
RIMONE_r3_S-9-L_left_half,0,r3,1,0.9709727168083191,1
RIMONE_r2_Im034,0,r2,0,0.7578128576278687,1
RIMONE_r2_Im036,0,r2,0,0.7352485656738281,1
RIMONE_r2_Im038,0,r2,0,0.7578128576278687,1
RIMONE_r2_Im040,0,r2,0,0.8379830718040466,1
RIMONE_r2_Im042,0,r2,0,0.5974797010421753,1
RIMONE_r2_Im044,0,r2,0,0.7578128576278687,1
RIMONE_r2_Im046,0,r2,0,0.7578128576278687,1
RIMONE_r2_Im048,0,r2,0,0.6802546381950378,1
RIMONE_r2_Im050,0,r2,0,0.7578128576278687,1
RIMONE_r2_Im052,0,r2,0,0.7647820115089417,1
RIMONE_r2_Im054,0,r2,0,0.77524733543396,1
RIMONE_r2_Im056,0,r2,0,0.8299802541732788,1
RIMONE_r2_Im058,0,r2,0,0.7838670611381531,1
RIMONE_r2_Im060,0,r2,0,0.7578128576278687,1
RIMONE_r2_Im062,0,r2,0,0.7578128576278687,1
RIMONE_r2_Im064,0,r2,0,0.7578128576278687,1
RIMONE_r2_Im066,0,r2,0,0.5645888447761536,1
RIMONE_r2_Im068,0,r2,0,0.7578128576278687,1
RIMONE_r2_Im070,0,r2,0,0.7578128576278687,1
RIMONE_r2_Im072,0,r2,0,0.77524733543396,1
RIMONE_r2_Im074,0,r2,0,0.7547568678855896,1
RIMONE_r2_Im076,0,r2,0,0.776164710521698,1
RIMONE_r2_Im078,0,r2,0,0.7578128576278687,1
RIMONE_r2_Im080,0,r2,0,0.7352485656738281,1
RIMONE_r2_Im082,0,r2,0,0.631471574306488,1
RIMONE_r2_Im084,0,r2,0,0.6802546381950378,1
RIMONE_r2_Im086,0,r2,0,0.7352485656738281,1
RIMONE_r2_Im088,0,r2,0,0.7547568678855896,1
RIMONE_r2_Im090,0,r2,0,0.77524733543396,1
RIMONE_r2_Im092,0,r2,0,0.7910321354866028,1
RIMONE_r2_Im094,0,r2,0,0.77524733543396,1
RIMONE_r2_Im096,0,r2,0,0.7578128576278687,1
RIMONE_r2_Im098,0,r2,0,0.8330714702606201,1
RIMONE_r2_Im100,0,r2,0,0.77524733543396,1
RIMONE_r2_Im102,0,r2,0,0.776164710521698,1
RIMONE_r2_Im104,0,r2,0,0.7578128576278687,1
RIMONE_r2_Im106,0,r2,0,0.8330714702606201,1
RIMONE_r2_Im108,0,r2,0,0.7578128576278687,1
RIMONE_r2_Im110,0,r2,0,0.7578128576278687,1
RIMONE_r2_Im112,0,r2,0,0.7838670611381531,1
RIMONE_r2_Im114,0,r2,0,0.7838670611381531,1
RIMONE_r2_Im116,0,r2,0,0.7971436381340027,1
RIMONE_r2_Im118,0,r2,0,0.7578128576278687,1
RIMONE_r2_Im120,0,r2,0,0.7578128576278687,1
RIMONE_r2_Im122,0,r2,0,0.7578128576278687,1
RIMONE_r2_Im124,0,r2,0,0.77524733543396,1
RIMONE_r2_Im126,0,r2,0,0.6071929931640625,1
RIMONE_r2_Im128,0,r2,0,0.7578128576278687,1
RIMONE_r2_Im130,0,r2,0,0.7578128576278687,1
RIMONE_r2_Im132,0,r2,0,0.7578128576278687,1
RIMONE_r2_Im134,0,r2,0,0.7495228052139282,1
RIMONE_r2_Im136,0,r2,0,0.7578128576278687,1
RIMONE_r2_Im138,0,r2,0,0.776164710521698,1
RIMONE_r2_Im140,0,r2,0,0.7647820115089417,1
RIMONE_r2_Im142,0,r2,0,0.7578128576278687,1
RIMONE_r2_Im144,0,r2,0,0.776164710521698,1
RIMONE_r2_Im146,0,r2,0,0.7578128576278687,1
RIMONE_r2_Im148,0,r2,0,0.7578128576278687,1
RIMONE_r2_Im150,0,r2,0,0.7578128576278687,1
RIMONE_r2_Im152,0,r2,0,0.7578128576278687,1
RIMONE_r2_Im154,0,r2,0,0.7578128576278687,1
RIMONE_r2_Im156,0,r2,0,0.7578128576278687,1
RIMONE_r2_Im158,0,r2,0,0.7578128576278687,1
RIMONE_r2_Im160,0,r2,0,0.7578128576278687,1
RIMONE_r2_Im162,0,r2,0,0.8493281602859497,1
RIMONE_r2_Im164,0,r2,0,0.6321395039558411,1
RIMONE_r2_Im166,0,r2,0,0.7838670611381531,1
RIMONE_r2_Im168,0,r2,0,0.8043060302734375,1
RIMONE_r2_Im170,0,r2,0,0.7578128576278687,1
RIMONE_r2_Im172,0,r2,0,0.7578128576278687,1
RIMONE_r2_Im174,0,r2,0,0.7838670611381531,1
RIMONE_r2_Im176,0,r2,0,0.7547568678855896,1
RIMONE_r2_Im178,0,r2,0,0.7578128576278687,1
RIMONE_r2_Im180,0,r2,0,0.8105012774467468,1
RIMONE_r2_Im182,0,r2,0,0.7578128576278687,1
RIMONE_r2_Im184,0,r2,0,0.776164710521698,1
RIMONE_r2_Im186,0,r2,0,0.7578128576278687,1
RIMONE_r2_Im188,0,r2,0,0.6253818273544312,1
RIMONE_r2_Im190,0,r2,0,0.7838670611381531,1
RIMONE_r2_Im192,0,r2,0,0.7578128576278687,1
RIMONE_r2_Im194,0,r2,0,0.7547568678855896,1
RIMONE_r2_Im196,0,r2,0,0.7578128576278687,1
RIMONE_r2_Im198,0,r2,0,0.7578128576278687,1
RIMONE_r2_Im200,0,r2,0,0.7716012001037598,1
RIMONE_r2_Im202,0,r2,0,0.5875070095062256,1
RIMONE_r2_Im206,0,r2,0,0.8196905255317688,1
RIMONE_r2_Im208,0,r2,0,0.7578128576278687,1
RIMONE_r2_Im210,0,r2,0,0.7578128576278687,1
RIMONE_r2_Im212,0,r2,0,0.7578128576278687,1
RIMONE_r2_Im214,0,r2,0,0.7923499345779419,1
RIMONE_r2_Im216,0,r2,0,0.7578128576278687,1
RIMONE_r2_Im218,0,r2,0,0.7838670611381531,1
RIMONE_r2_Im220,0,r2,0,0.631471574306488,1
RIMONE_r2_Im222,0,r2,0,0.77524733543396,1
RIMONE_r2_Im224,0,r2,0,0.7578128576278687,1
RIMONE_r2_Im226,0,r2,0,0.6802546381950378,1
RIMONE_r2_Im228,0,r2,0,0.6802546381950378,1
RIMONE_r2_Im230,0,r2,0,0.6053634881973267,1
RIMONE_r2_Im232,0,r2,0,0.8027109503746033,1
RIMONE_r2_Im234,0,r2,0,0.7578128576278687,1
RIMONE_r2_Im236,0,r2,0,0.7971436381340027,1
RIMONE_r2_Im238,0,r2,0,0.7300942540168762,1
RIMONE_r2_Im240,0,r2,0,0.7547568678855896,1
RIMONE_r2_Im242,0,r2,0,0.77524733543396,1
RIMONE_r2_Im244,0,r2,0,0.7578128576278687,1
RIMONE_r2_Im246,0,r2,0,0.7907576560974121,1
RIMONE_r2_Im248,0,r2,0,0.5974797010421753,1
RIMONE_r2_Im250,0,r2,0,0.6857874393463135,1
RIMONE_r2_Im252,0,r2,0,0.784407377243042,1
RIMONE_r2_Im254,0,r2,0,0.7578128576278687,1
RIMONE_r3_N-1-L_left_half,0,r3,0,0.5974797010421753,1
RIMONE_r3_N-10-R_left_half,0,r3,0,0.9213876724243164,1
RIMONE_r3_N-11-L_left_half,0,r3,0,0.8550909161567688,1
RIMONE_r3_N-12-R_left_half,0,r3,0,0.8550909161567688,1
RIMONE_r3_N-13-L_left_half,0,r3,0,0.9213876724243164,1
RIMONE_r3_N-14-R_left_half,0,r3,0,0.7712136507034302,1
RIMONE_r3_N-16-R_left_half,0,r3,0,0.5974797010421753,1
RIMONE_r3_N-17-L_left_half,0,r3,0,0.6516361832618713,1
RIMONE_r3_N-18-R_left_half,0,r3,0,0.7300942540168762,1
RIMONE_r3_N-2-R_left_half,0,r3,0,0.6802546381950378,1
RIMONE_r3_N-20-R_left_half,0,r3,0,0.7578128576278687,1
RIMONE_r3_N-21-L_left_half,0,r3,0,0.7754378318786621,1
RIMONE_r3_N-22-R_left_half,0,r3,0,0.7761837840080261,1
RIMONE_r3_N-23-L_left_half,0,r3,0,0.7814745306968689,1
RIMONE_r3_N-24-R_left_half,0,r3,0,0.830641508102417,1
RIMONE_r3_N-25-L_left_half,0,r3,0,0.5974797010421753,1
RIMONE_r3_N-26-R_left_half,0,r3,0,0.7712136507034302,1
RIMONE_r3_N-27-L_left_half,0,r3,0,0.77524733543396,1
RIMONE_r3_N-28-R_left_half,0,r3,0,0.7578128576278687,1
RIMONE_r3_N-29-L_left_half,0,r3,0,0.8567365407943726,1
RIMONE_r3_N-3-L_left_half,0,r3,0,0.7578128576278687,1
RIMONE_r3_N-30-R_left_half,0,r3,0,0.8483534455299377,1
RIMONE_r3_N-31-L_left_half,0,r3,0,0.7578128576278687,1
RIMONE_r3_N-32-R_left_half,0,r3,0,0.7300942540168762,1
RIMONE_r3_N-33-L_left_half,0,r3,0,0.5974797010421753,1
RIMONE_r3_N-34-R_left_half,0,r3,0,0.6253818273544312,1
RIMONE_r3_N-35-L_left_half,0,r3,0,0.6516361832618713,1
RIMONE_r3_N-36-R_left_half,0,r3,0,0.5974797010421753,1
RIMONE_r3_N-37-L_left_half,0,r3,0,0.7838670611381531,1
RIMONE_r3_N-38-R_left_half,0,r3,0,0.8082739114761353,1
RIMONE_r3_N-39-L_left_half,0,r3,0,0.48340922594070435,0
RIMONE_r3_N-4-R_left_half,0,r3,0,0.7578128576278687,1
RIMONE_r3_N-40-R_left_half,0,r3,0,0.7300942540168762,1
RIMONE_r3_N-41-L_left_half,0,r3,0,0.7814745306968689,1
RIMONE_r3_N-42-R_left_half,0,r3,0,0.79854816198349,1
RIMONE_r3_N-43-L_left_half,0,r3,0,0.7648738622665405,1
RIMONE_r3_N-44-R_left_half,0,r3,0,0.7856494188308716,1
RIMONE_r3_N-46-R_left_half,0,r3,0,0.6000582575798035,1
RIMONE_r3_N-47-L_left_half,0,r3,0,0.5974797010421753,1
RIMONE_r3_N-48-R_left_half,0,r3,0,0.8927344679832458,1
RIMONE_r3_N-49-L_left_half,0,r3,0,0.7578128576278687,1
RIMONE_r3_N-5-L_left_half,0,r3,0,0.7578128576278687,1
RIMONE_r3_N-50-R_left_half,0,r3,0,0.7578128576278687,1
RIMONE_r3_N-51-L_left_half,0,r3,0,0.9718974232673645,1
RIMONE_r3_N-52-R_left_half,0,r3,0,0.9111273884773254,1
RIMONE_r3_N-53-L_left_half,0,r3,0,0.5974797010421753,1
RIMONE_r3_N-54-R_left_half,0,r3,0,0.5766242146492004,1
RIMONE_r3_N-55-L_left_half,0,r3,0,0.6516361832618713,1
RIMONE_r3_N-56-R_left_half,0,r3,0,0.6802546381950378,1
RIMONE_r3_N-58-R_left_half,0,r3,0,0.7712136507034302,1
RIMONE_r3_N-59-L_left_half,0,r3,0,0.8043060302734375,1
RIMONE_r3_N-6-R_left_half,0,r3,0,0.7838670611381531,1
RIMONE_r3_N-61-L_left_half,0,r3,0,0.9111273884773254,1
RIMONE_r3_N-62-R_left_half,0,r3,0,0.7352075576782227,1
RIMONE_r3_N-63-L_left_half,0,r3,0,0.6512593030929565,1
RIMONE_r3_N-64-R_left_half,0,r3,0,0.8196905255317688,1
RIMONE_r3_N-65-L_left_half,0,r3,0,0.8483534455299377,1
RIMONE_r3_N-66-R_left_half,0,r3,0,0.569490373134613,1
RIMONE_r3_N-67-L_left_half,0,r3,0,0.7648738622665405,1
RIMONE_r3_N-68-R_left_half,0,r3,0,0.8483534455299377,1
RIMONE_r3_N-69-L_left_half,0,r3,0,0.6802546381950378,1
RIMONE_r3_N-7-L_left_half,0,r3,0,0.5974797010421753,1
RIMONE_r3_N-70-R_left_half,0,r3,0,0.782622754573822,1
RIMONE_r3_N-71-L_left_half,0,r3,0,0.9213876724243164,1
RIMONE_r3_N-72-R_left_half,0,r3,0,0.77524733543396,1
RIMONE_r3_N-73-R_left_half,0,r3,0,0.782622754573822,1
RIMONE_r3_N-74-L_left_half,0,r3,0,0.7300942540168762,1
RIMONE_r3_N-75-R_left_half,0,r3,0,0.7712136507034302,1
RIMONE_r3_N-76-R_left_half,0,r3,0,0.7910321354866028,1
RIMONE_r3_N-78-R_left_half,0,r3,0,0.6920638084411621,1
RIMONE_r3_N-79-L_left_half,0,r3,0,0.7814745306968689,1
RIMONE_r3_N-8-L_left_half,0,r3,0,0.7352485656738281,1
RIMONE_r3_N-80-R_left_half,0,r3,0,0.6068019866943359,1
RIMONE_r3_N-81-L_left_half,0,r3,0,0.4720121920108795,0
RIMONE_r3_N-82-R_left_half,0,r3,0,0.6802546381950378,1
RIMONE_r3_N-83-L_left_half,0,r3,0,0.7229070663452148,1
RIMONE_r3_N-84-R_left_half,0,r3,0,0.6802546381950378,1
RIMONE_r3_N-85-L_left_half,0,r3,0,0.7547568678855896,1
RIMONE_r3_N-86-R_left_half,0,r3,0,0.7352485656738281,1
RIMONE_r3_N-87-L_left_half,0,r3,0,0.7864097952842712,1
RIMONE_r3_N-88-R_left_half,0,r3,0,0.7578128576278687,1
RIMONE_r3_N-9-L_left_half,0,r3,0,0.77524733543396,1
RIMONE_r3_N-90-R_left_half,0,r3,0,0.7907576560974121,1
RIMONE_r3_N-91-L_left_half,0,r3,0,0.8162326216697693,1
RIMONE_r3_N-92-R_left_half,0,r3,0,0.7716012001037598,1
RIMONE_r1_Im069,1,r1,1,0.5306394696235657,1
RIMONE_r1_Im103,1,r1,1,0.7962550520896912,1
RIMONE_r1_Im113,1,r1,1,0.8042075634002686,1
RIMONE_r1_Im117,1,r1,1,0.7251388430595398,1
RIMONE_r1_Im118,1,r1,1,0.6220728754997253,1
RIMONE_r1_Im120,1,r1,1,0.8234269618988037,1
RIMONE_r1_Im121,1,r1,1,0.6651950478553772,1
RIMONE_r1_Im122,1,r1,1,0.5619177222251892,1
RIMONE_r1_Im135,1,r1,1,0.8737424612045288,1
RIMONE_r1_Im144,1,r1,1,0.6529185175895691,1
RIMONE_r1_Im158,1,r1,1,0.8921515941619873,1
RIMONE_r1_Im167,1,r1,1,0.8083246350288391,1
RIMONE_r2_Im257,1,r2,1,0.9490906596183777,1
RIMONE_r2_Im258,1,r2,1,0.9134882092475891,1
RIMONE_r2_Im260,1,r2,1,0.9134882092475891,1
RIMONE_r2_Im263,1,r2,1,0.7993346452713013,1
RIMONE_r2_Im264,1,r2,1,0.9300147294998169,1
RIMONE_r2_Im266,1,r2,1,0.7112820148468018,1
RIMONE_r2_Im267,1,r2,1,0.7042052149772644,1
RIMONE_r2_Im268,1,r2,1,0.6886342763900757,1
RIMONE_r2_Im269,1,r2,1,0.799965500831604,1
RIMONE_r2_Im270,1,r2,1,0.5458166599273682,1
RIMONE_r2_Im273,1,r2,1,0.6140517592430115,1
RIMONE_r2_Im275,1,r2,1,0.6863758563995361,1
RIMONE_r2_Im277,1,r2,1,0.862910270690918,1
RIMONE_r2_Im281,1,r2,1,0.5985631942749023,1
RIMONE_r2_Im287,1,r2,1,0.9363759160041809,1
RIMONE_r2_Im288,1,r2,1,0.8269319534301758,1
RIMONE_r2_Im289,1,r2,1,0.724522590637207,1
RIMONE_r2_Im290,1,r2,1,0.8580028414726257,1
RIMONE_r2_Im291,1,r2,1,0.5362935066223145,1
RIMONE_r2_Im292,1,r2,1,0.8308539390563965,1
RIMONE_r2_Im293,1,r2,1,0.5962896943092346,1
RIMONE_r2_Im294,1,r2,1,0.6384376883506775,1
RIMONE_r2_Im301,1,r2,1,0.9365435838699341,1
RIMONE_r2_Im302,1,r2,1,0.9378532767295837,1
RIMONE_r2_Im303,1,r2,1,0.935671329498291,1
RIMONE_r2_Im305,1,r2,1,0.9336746335029602,1
RIMONE_r2_Im314,1,r2,1,0.8403257131576538,1
RIMONE_r2_Im315,1,r2,1,0.7151252031326294,1
RIMONE_r2_Im317,1,r2,1,0.844322919845581,1
RIMONE_r2_Im318,1,r2,1,0.8290091156959534,1
RIMONE_r2_Im319,1,r2,1,0.5418797135353088,1
RIMONE_r2_Im320,1,r2,1,0.9134882092475891,1
RIMONE_r2_Im321,1,r2,1,0.9536372423171997,1
RIMONE_r2_Im324,1,r2,1,0.9296236634254456,1
RIMONE_r2_Im329,1,r2,1,0.5761657357215881,1
RIMONE_r2_Im330,1,r2,1,0.6651950478553772,1
RIMONE_r2_Im331,1,r2,1,0.9134882092475891,1
RIMONE_r2_Im332,1,r2,1,0.7142675518989563,1
RIMONE_r2_Im333,1,r2,1,0.9296236634254456,1
RIMONE_r2_Im334,1,r2,1,0.844322919845581,1
RIMONE_r2_Im338,1,r2,1,0.9101385474205017,1
RIMONE_r2_Im339,1,r2,1,0.7271935939788818,1
RIMONE_r2_Im343,1,r2,1,0.9135671257972717,1
RIMONE_r2_Im344,1,r2,1,0.9631351828575134,1
RIMONE_r1_Im001,1,r1,0,0.9223692417144775,1
RIMONE_r1_Im003,1,r1,0,0.820896327495575,1
RIMONE_r1_Im004,1,r1,0,0.5788700580596924,1
RIMONE_r1_Im006,1,r1,0,0.9233911633491516,1
RIMONE_r1_Im008,1,r1,0,0.8269319534301758,1
RIMONE_r1_Im011,1,r1,0,0.8290091156959534,1
RIMONE_r1_Im012,1,r1,0,0.9233911633491516,1
RIMONE_r1_Im014,1,r1,0,0.7705690860748291,1
RIMONE_r1_Im015,1,r1,0,0.6892029047012329,1
RIMONE_r1_Im019,1,r1,0,0.8913047313690186,1
RIMONE_r1_Im020,1,r1,0,0.8303012847900391,1
RIMONE_r1_Im022,1,r1,0,0.64534991979599,1
RIMONE_r1_Im023,1,r1,0,0.64534991979599,1
RIMONE_r1_Im024,1,r1,0,0.8290091156959534,1
RIMONE_r1_Im025,1,r1,0,0.8096989989280701,1
RIMONE_r1_Im026,1,r1,0,0.9234617948532104,1
RIMONE_r1_Im027,1,r1,0,0.9135671257972717,1
RIMONE_r1_Im028,1,r1,0,0.58286052942276,1
RIMONE_r1_Im029,1,r1,0,0.5368919372558594,1
RIMONE_r1_Im031,1,r1,0,0.8290091156959534,1
RIMONE_r1_Im032,1,r1,0,0.8175221681594849,1
RIMONE_r1_Im033,1,r1,0,0.8290091156959534,1
RIMONE_r1_Im036,1,r1,0,0.6436430811882019,1
RIMONE_r1_Im037,1,r1,0,0.5182900428771973,1
RIMONE_r1_Im040,1,r1,0,0.7217261791229248,1
RIMONE_r1_Im041,1,r1,0,0.757691502571106,1
RIMONE_r1_Im042,1,r1,0,0.8478749990463257,1
RIMONE_r1_Im046,1,r1,0,0.8719636797904968,1
RIMONE_r1_Im047,1,r1,0,0.8153365254402161,1
RIMONE_r1_Im050,1,r1,0,0.8462967276573181,1
RIMONE_r1_Im052,1,r1,0,0.8702173233032227,1
RIMONE_r1_Im054,1,r1,0,0.7174953818321228,1
RIMONE_r1_Im055,1,r1,0,0.7125930190086365,1
RIMONE_r1_Im056,1,r1,0,0.5943537354469299,1
RIMONE_r1_Im057,1,r1,0,0.8175221681594849,1
RIMONE_r1_Im058,1,r1,0,0.8290091156959534,1
RIMONE_r1_Im059,1,r1,0,0.8290091156959534,1
RIMONE_r1_Im060,1,r1,0,0.6651950478553772,1
RIMONE_r1_Im061,1,r1,0,0.8290091156959534,1
RIMONE_r1_Im062,1,r1,0,0.5368919372558594,1
RIMONE_r1_Im063,1,r1,0,0.6543110609054565,1
RIMONE_r1_Im071,1,r1,0,0.6829947233200073,1
RIMONE_r1_Im072,1,r1,0,0.8285372257232666,1
RIMONE_r1_Im073,1,r1,0,0.8089102506637573,1
RIMONE_r1_Im080,1,r1,0,0.8125816583633423,1
RIMONE_r1_Im082,1,r1,0,0.6529185175895691,1
RIMONE_r1_Im086,1,r1,0,0.862430214881897,1
RIMONE_r1_Im087,1,r1,0,0.5622860193252563,1
RIMONE_r1_Im095,1,r1,0,0.8942917585372925,1
RIMONE_r1_Im107,1,r1,0,0.7523456811904907,1
RIMONE_r1_Im108,1,r1,0,0.6829947233200073,1
RIMONE_r1_Im115,1,r1,0,0.6938709020614624,1
RIMONE_r1_Im116,1,r1,0,0.6829947233200073,1
RIMONE_r1_Im119,1,r1,0,0.924085795879364,1
RIMONE_r1_Im125,1,r1,0,0.35893893241882324,0
RIMONE_r1_Im127,1,r1,0,0.6829947233200073,1
RIMONE_r1_Im128,1,r1,0,0.8858874440193176,1
RIMONE_r1_Im129,1,r1,0,0.5496928691864014,1
RIMONE_r1_Im130,1,r1,0,0.9141550064086914,1
RIMONE_r1_Im131,1,r1,0,0.5658205151557922,1
RIMONE_r1_Im132,1,r1,0,0.6833385229110718,1
RIMONE_r1_Im133,1,r1,0,0.6717201471328735,1
RIMONE_r1_Im136,1,r1,0,0.7504458427429199,1
RIMONE_r1_Im137,1,r1,0,0.8336802124977112,1
RIMONE_r1_Im138,1,r1,0,0.6458780765533447,1
RIMONE_r1_Im142,1,r1,0,0.6345301866531372,1
RIMONE_r1_Im143,1,r1,0,0.928761899471283,1
RIMONE_r1_Im145,1,r1,0,0.9327268600463867,1
RIMONE_r1_Im146,1,r1,0,0.7890075445175171,1
RIMONE_r1_Im149,1,r1,0,0.6067298650741577,1
RIMONE_r1_Im150,1,r1,0,0.6651592254638672,1
RIMONE_r1_Im151,1,r1,0,0.8420319557189941,1
RIMONE_r1_Im152,1,r1,0,0.9277910590171814,1
RIMONE_r1_Im153,1,r1,0,0.9146333932876587,1
RIMONE_r1_Im154,1,r1,0,0.6581980586051941,1
RIMONE_r1_Im155,1,r1,0,0.9167241454124451,1
RIMONE_r1_Im156,1,r1,0,0.8066458702087402,1
RIMONE_r1_Im159,1,r1,0,0.8924330472946167,1
RIMONE_r1_Im161,1,r1,0,0.7480019927024841,1
RIMONE_r1_Im162,1,r1,0,0.8398452401161194,1
RIMONE_r1_Im163,1,r1,0,0.8198830485343933,1
RIMONE_r1_Im164,1,r1,0,0.7110040783882141,1
RIMONE_r1_Im165,1,r1,0,0.3933703899383545,0
RIMONE_r1_Im166,1,r1,0,0.6762619018554688,1
RIMONE_r1_Im168,1,r1,0,0.6750261187553406,1
RIMONE_r1_Im169,1,r1,0,0.7096847891807556,1
RIMONE_r2_Im001,1,r2,0,0.9365435838699341,1
RIMONE_r2_Im002,1,r2,0,0.798530101776123,1
RIMONE_r2_Im003,1,r2,0,0.8269319534301758,1
RIMONE_r2_Im004,1,r2,0,0.8290091156959534,1
RIMONE_r2_Im005,1,r2,0,0.8588364124298096,1
RIMONE_r2_Im006,1,r2,0,0.8290091156959534,1
RIMONE_r2_Im007,1,r2,0,0.9134882092475891,1
RIMONE_r2_Im009,1,r2,0,0.8269319534301758,1
RIMONE_r2_Im010,1,r2,0,0.850884735584259,1
RIMONE_r2_Im011,1,r2,0,0.9372788071632385,1
RIMONE_r2_Im012,1,r2,0,0.8290091156959534,1
RIMONE_r2_Im013,1,r2,0,0.8303012847900391,1
RIMONE_r2_Im014,1,r2,0,0.8290091156959534,1
RIMONE_r2_Im015,1,r2,0,0.6717201471328735,1
RIMONE_r2_Im016,1,r2,0,0.6401333212852478,1
RIMONE_r2_Im017,1,r2,0,0.9101385474205017,1
RIMONE_r2_Im018,1,r2,0,0.9426882863044739,1
RIMONE_r2_Im019,1,r2,0,0.7096847891807556,1
RIMONE_r2_Im020,1,r2,0,0.6829947233200073,1
RIMONE_r2_Im021,1,r2,0,0.6762619018554688,1
RIMONE_r2_Im022,1,r2,0,0.6766095161437988,1
RIMONE_r2_Im023,1,r2,0,0.5658205151557922,1
RIMONE_r2_Im024,1,r2,0,0.6206825375556946,1
RIMONE_r2_Im025,1,r2,0,0.6563678979873657,1
RIMONE_r2_Im026,1,r2,0,0.6563678979873657,1
RIMONE_r2_Im027,1,r2,0,0.8290091156959534,1
RIMONE_r2_Im028,1,r2,0,0.64534991979599,1
RIMONE_r2_Im029,1,r2,0,0.7916749715805054,1
RIMONE_r2_Im030,1,r2,0,0.9135671257972717,1
RIMONE_r2_Im031,1,r2,0,0.9121520519256592,1
RIMONE_r2_Im032,1,r2,0,0.5788700580596924,1
RIMONE_r2_Im033,1,r2,0,0.724522590637207,1
RIMONE_r2_Im347,1,r2,1,0.7720963954925537,1
RIMONE_r2_Im348,1,r2,1,0.8578407168388367,1
RIMONE_r2_Im351,1,r2,1,0.8167782425880432,1
RIMONE_r2_Im352,1,r2,1,0.8072828054428101,1
RIMONE_r2_Im354,1,r2,1,0.6650295257568359,1
RIMONE_r2_Im355,1,r2,1,0.6762619018554688,1
RIMONE_r2_Im356,1,r2,1,0.692123532295227,1
RIMONE_r2_Im357,1,r2,1,0.933263897895813,1
RIMONE_r2_Im358,1,r2,1,0.791070818901062,1
RIMONE_r2_Im362,1,r2,1,0.7303819060325623,1
RIMONE_r2_Im365,1,r2,1,0.7125930190086365,1
RIMONE_r2_Im366,1,r2,1,0.7962550520896912,1
RIMONE_r2_Im369,1,r2,1,0.7639436721801758,1
RIMONE_r2_Im373,1,r2,1,0.8083246350288391,1
RIMONE_r2_Im376,1,r2,1,0.6563678979873657,1
RIMONE_r2_Im377,1,r2,1,0.938021719455719,1
RIMONE_r2_Im383,1,r2,1,0.6651950478553772,1
RIMONE_r2_Im384,1,r2,1,0.7993346452713013,1
RIMONE_r2_Im385,1,r2,1,0.6341618299484253,1
RIMONE_r2_Im387,1,r2,1,0.928761899471283,1
RIMONE_r2_Im388,1,r2,1,0.7993346452713013,1
RIMONE_r2_Im389,1,r2,1,0.7993346452713013,1
RIMONE_r2_Im390,1,r2,1,0.6650295257568359,1
RIMONE_r2_Im391,1,r2,1,0.6650295257568359,1
RIMONE_r2_Im392,1,r2,1,0.7993346452713013,1
RIMONE_r2_Im393,1,r2,1,0.9081737995147705,1
RIMONE_r2_Im398,1,r2,1,0.6347177624702454,1
RIMONE_r2_Im399,1,r2,1,0.8904405236244202,1
RIMONE_r2_Im400,1,r2,1,0.6650295257568359,1
RIMONE_r2_Im401,1,r2,1,0.6650295257568359,1
RIMONE_r2_Im402,1,r2,1,0.33397138118743896,0
RIMONE_r2_Im403,1,r2,1,0.6762619018554688,1
RIMONE_r2_Im404,1,r2,1,0.6650295257568359,1
RIMONE_r2_Im406,1,r2,1,0.5658205151557922,1
RIMONE_r2_Im407,1,r2,1,0.8783740401268005,1
RIMONE_r2_Im408,1,r2,1,0.8269319534301758,1
RIMONE_r2_Im414,1,r2,1,0.8380057215690613,1
RIMONE_r2_Im415,1,r2,1,0.6829947233200073,1
RIMONE_r2_Im416,1,r2,1,0.6067298650741577,1
RIMONE_r2_Im418,1,r2,1,0.6591324806213379,1
RIMONE_r2_Im419,1,r2,1,0.8175221681594849,1
RIMONE_r2_Im420,1,r2,1,0.8269319534301758,1
RIMONE_r2_Im421,1,r2,1,0.8079250454902649,1
RIMONE_r2_Im422,1,r2,1,0.7962550520896912,1
RIMONE_r2_Im424,1,r2,1,0.591393768787384,1
RIMONE_r2_Im427,1,r2,1,0.6420974731445312,1
RIMONE_r2_Im428,1,r2,1,0.6762619018554688,1
RIMONE_r2_Im429,1,r2,1,0.5658205151557922,1
RIMONE_r2_Im432,1,r2,1,0.9145066738128662,1
RIMONE_r2_Im433,1,r2,1,0.9159426689147949,1
RIMONE_r2_Im436,1,r2,1,0.8269319534301758,1
RIMONE_r2_Im439,1,r2,1,0.6546857953071594,1
RIMONE_r2_Im441,1,r2,1,0.6762619018554688,1
RIMONE_r2_Im442,1,r2,1,0.6762619018554688,1
RIMONE_r2_Im443,1,r2,1,0.8030012249946594,1
RIMONE_r2_Im444,1,r2,1,0.7993346452713013,1
RIMONE_r2_Im445,1,r2,1,0.7125930190086365,1
RIMONE_r2_Im448,1,r2,1,0.9327268600463867,1
RIMONE_r2_Im449,1,r2,1,0.9277910590171814,1
RIMONE_r2_Im450,1,r2,1,0.9059812426567078,1
RIMONE_r2_Im451,1,r2,1,0.6650295257568359,1
RIMONE_r2_Im453,1,r2,1,0.8912046551704407,1
RIMONE_r2_Im454,1,r2,1,0.8110820651054382,1
RIMONE_r2_Im455,1,r2,1,0.9288150668144226,1
RIMONE_r3_G-1-L_left_half,1,r3,1,0.6650295257568359,1
RIMONE_r3_G-10-L_left_half,1,r3,1,0.9362148642539978,1
RIMONE_r3_G-11-R_left_half,1,r3,1,0.9340596199035645,1
RIMONE_r3_G-12-L_left_half,1,r3,1,0.5972893834114075,1
RIMONE_r3_G-13-R_left_half,1,r3,1,0.9340596199035645,1
RIMONE_r3_G-14-R_left_half,1,r3,1,0.7462084293365479,1
RIMONE_r3_G-15-L_left_half,1,r3,1,0.6650295257568359,1
RIMONE_r3_G-16-R_left_half,1,r3,1,0.6495275497436523,1
RIMONE_r3_G-17-L_left_half,1,r3,1,0.6469685435295105,1
RIMONE_r3_G-18-R_left_half,1,r3,1,0.5761657357215881,1
RIMONE_r3_G-2-R_left_half,1,r3,1,0.6341618299484253,1
RIMONE_r3_G-22-L_left_half,1,r3,1,0.929027795791626,1
RIMONE_r3_G-23-R_left_half,1,r3,1,0.8138789534568787,1
RIMONE_r3_G-25-L_left_half,1,r3,1,0.7728962898254395,1
RIMONE_r3_G-27-R_left_half,1,r3,1,0.9088393449783325,1
RIMONE_r3_G-29-R_left_half,1,r3,1,0.6762619018554688,1
RIMONE_r3_G-3-R_left_half,1,r3,1,0.9027853012084961,1
RIMONE_r3_G-30-L_left_half,1,r3,1,0.9090167880058289,1
RIMONE_r3_G-31-R_left_half,1,r3,1,0.6178115606307983,1
RIMONE_r3_G-32-L_left_half,1,r3,1,0.7758849263191223,1
RIMONE_r3_G-33-R_left_half,1,r3,1,0.6829947233200073,1
RIMONE_r3_G-34-L_left_half,1,r3,1,0.8480584025382996,1
RIMONE_r3_G-35-R_left_half,1,r3,1,0.561333417892456,1
RIMONE_r3_G-37-R_left_half,1,r3,1,0.9370265007019043,1
RIMONE_r3_G-38-L_left_half,1,r3,1,0.8083246350288391,1
RIMONE_r3_G-39-L_left_half,1,r3,1,0.6373189687728882,1
RIMONE_r3_G-6-L_left_half,1,r3,1,0.794762909412384,1
RIMONE_r3_G-8-R_left_half,1,r3,1,0.6689282655715942,1
RIMONE_r3_G-9-R_left_half,1,r3,1,0.7993346452713013,1
RIMONE_r3_S-1-L_left_half,1,r3,1,0.6197049617767334,1
RIMONE_r3_S-10-R_left_half,1,r3,1,0.9451315999031067,1
RIMONE_r3_S-11-L_left_half,1,r3,1,0.579375684261322,1
RIMONE_r3_S-12-L_left_half,1,r3,1,0.9401589632034302,1
RIMONE_r3_S-13-R_left_half,1,r3,1,0.9336361885070801,1
RIMONE_r3_S-14-R_left_half,1,r3,1,0.5622860193252563,1
RIMONE_r3_S-18-L_left_half,1,r3,1,0.6819130182266235,1
RIMONE_r3_S-19-R_left_half,1,r3,1,0.6858143210411072,1
RIMONE_r3_S-2-L_left_half,1,r3,1,0.5531052947044373,1
RIMONE_r3_S-20-L_left_half,1,r3,1,0.9180727601051331,1
RIMONE_r3_S-21-R_left_half,1,r3,1,0.9203544855117798,1
RIMONE_r3_S-25-L_left_half,1,r3,1,0.9325940608978271,1
RIMONE_r3_S-26-R_left_half,1,r3,1,0.928761899471283,1
RIMONE_r3_S-28-R_left_half,1,r3,1,0.7728962898254395,1
RIMONE_r3_S-29-R_left_half,1,r3,1,0.6762619018554688,1
RIMONE_r3_S-30-L_left_half,1,r3,1,0.6651950478553772,1
RIMONE_r3_S-31-L_left_half,1,r3,1,0.5657861232757568,1
RIMONE_r3_S-32-L_left_half,1,r3,1,0.5143267512321472,1
RIMONE_r3_S-33-R_left_half,1,r3,1,0.6762619018554688,1
RIMONE_r3_S-35-R_left_half,1,r3,1,0.9198014736175537,1
RIMONE_r3_S-4-L_left_half,1,r3,1,0.9053988456726074,1
RIMONE_r3_S-6-R_left_half,1,r3,1,0.8373891711235046,1
RIMONE_r3_S-9-L_left_half,1,r3,1,0.9372875094413757,1
RIMONE_r2_Im034,1,r2,0,0.6651950478553772,1
RIMONE_r2_Im036,1,r2,0,0.6651950478553772,1
RIMONE_r2_Im038,1,r2,0,0.6401333212852478,1
RIMONE_r2_Im040,1,r2,0,0.5953484773635864,1
RIMONE_r2_Im042,1,r2,0,0.6762619018554688,1
RIMONE_r2_Im044,1,r2,0,0.820896327495575,1
RIMONE_r2_Im046,1,r2,0,0.807441771030426,1
RIMONE_r2_Im048,1,r2,0,0.8096520900726318,1
RIMONE_r2_Im050,1,r2,0,0.6717201471328735,1
RIMONE_r2_Im052,1,r2,0,0.5658205151557922,1
RIMONE_r2_Im054,1,r2,0,0.5491793751716614,1
RIMONE_r2_Im056,1,r2,0,0.712931215763092,1
RIMONE_r2_Im058,1,r2,0,0.9223531484603882,1
RIMONE_r2_Im060,1,r2,0,0.6717201471328735,1
RIMONE_r2_Im062,1,r2,0,0.6829947233200073,1
RIMONE_r2_Im064,1,r2,0,0.6651950478553772,1
RIMONE_r2_Im066,1,r2,0,0.6408074498176575,1
RIMONE_r2_Im068,1,r2,0,0.6829947233200073,1
RIMONE_r2_Im070,1,r2,0,0.6717201471328735,1
RIMONE_r2_Im072,1,r2,0,0.5619177222251892,1
RIMONE_r2_Im074,1,r2,0,0.7550039887428284,1
RIMONE_r2_Im076,1,r2,0,0.6829947233200073,1
RIMONE_r2_Im078,1,r2,0,0.64534991979599,1
RIMONE_r2_Im080,1,r2,0,0.6699851751327515,1
RIMONE_r2_Im082,1,r2,0,0.6650295257568359,1
RIMONE_r2_Im084,1,r2,0,0.8007090091705322,1
RIMONE_r2_Im086,1,r2,0,0.6401333212852478,1
RIMONE_r2_Im088,1,r2,0,0.6829947233200073,1
RIMONE_r2_Im090,1,r2,0,0.5418797135353088,1
RIMONE_r2_Im092,1,r2,0,0.7989715933799744,1
RIMONE_r2_Im094,1,r2,0,0.5496928691864014,1
RIMONE_r2_Im096,1,r2,0,0.64534991979599,1
RIMONE_r2_Im098,1,r2,0,0.6819130182266235,1
RIMONE_r2_Im100,1,r2,0,0.5619177222251892,1
RIMONE_r2_Im102,1,r2,0,0.8269319534301758,1
RIMONE_r2_Im104,1,r2,0,0.6717201471328735,1
RIMONE_r2_Im106,1,r2,0,0.6197049617767334,1
RIMONE_r2_Im108,1,r2,0,0.6651950478553772,1
RIMONE_r2_Im110,1,r2,0,0.6829947233200073,1
RIMONE_r2_Im112,1,r2,0,0.9209911823272705,1
RIMONE_r2_Im114,1,r2,0,0.9156789183616638,1
RIMONE_r2_Im116,1,r2,0,0.8290091156959534,1
RIMONE_r2_Im118,1,r2,0,0.6829947233200073,1
RIMONE_r2_Im120,1,r2,0,0.6651950478553772,1
RIMONE_r2_Im122,1,r2,0,0.6401333212852478,1
RIMONE_r2_Im124,1,r2,0,0.577943742275238,1
RIMONE_r2_Im126,1,r2,0,0.6156296730041504,1
RIMONE_r2_Im128,1,r2,0,0.6563678979873657,1
RIMONE_r2_Im130,1,r2,0,0.64534991979599,1
RIMONE_r2_Im132,1,r2,0,0.64534991979599,1
RIMONE_r2_Im134,1,r2,0,0.9004083275794983,1
RIMONE_r2_Im136,1,r2,0,0.6829947233200073,1
RIMONE_r2_Im138,1,r2,0,0.6829947233200073,1
RIMONE_r2_Im140,1,r2,0,0.5239593386650085,1
RIMONE_r2_Im142,1,r2,0,0.6651950478553772,1
RIMONE_r2_Im144,1,r2,0,0.8198830485343933,1
RIMONE_r2_Im146,1,r2,0,0.8153365254402161,1
RIMONE_r2_Im148,1,r2,0,0.6717201471328735,1
RIMONE_r2_Im150,1,r2,0,0.6651950478553772,1
RIMONE_r2_Im152,1,r2,0,0.6401333212852478,1
RIMONE_r2_Im154,1,r2,0,0.6829947233200073,1
RIMONE_r2_Im156,1,r2,0,0.6651950478553772,1
RIMONE_r2_Im158,1,r2,0,0.6717201471328735,1
RIMONE_r2_Im160,1,r2,0,0.64534991979599,1
RIMONE_r2_Im162,1,r2,0,0.5953484773635864,1
RIMONE_r2_Im164,1,r2,0,0.7966750860214233,1
RIMONE_r2_Im166,1,r2,0,0.9193164110183716,1
RIMONE_r2_Im168,1,r2,0,0.8858874440193176,1
RIMONE_r2_Im170,1,r2,0,0.6829947233200073,1
RIMONE_r2_Im172,1,r2,0,0.6829947233200073,1
RIMONE_r2_Im174,1,r2,0,0.9156789183616638,1
RIMONE_r2_Im176,1,r2,0,0.591393768787384,1
RIMONE_r2_Im178,1,r2,0,0.6829947233200073,1
RIMONE_r2_Im180,1,r2,0,0.5619177222251892,1
RIMONE_r2_Im182,1,r2,0,0.8269319534301758,1
RIMONE_r2_Im184,1,r2,0,0.6833385229110718,1
RIMONE_r2_Im186,1,r2,0,0.6651950478553772,1
RIMONE_r2_Im188,1,r2,0,0.6280253529548645,1
RIMONE_r2_Im190,1,r2,0,0.9192590117454529,1
RIMONE_r2_Im192,1,r2,0,0.6829947233200073,1
RIMONE_r2_Im194,1,r2,0,0.591393768787384,1
RIMONE_r2_Im196,1,r2,0,0.6563678979873657,1
RIMONE_r2_Im198,1,r2,0,0.64534991979599,1
RIMONE_r2_Im200,1,r2,0,0.6529185175895691,1
RIMONE_r2_Im202,1,r2,0,0.6762619018554688,1
RIMONE_r2_Im206,1,r2,0,0.5756849050521851,1
RIMONE_r2_Im208,1,r2,0,0.6829947233200073,1
RIMONE_r2_Im210,1,r2,0,0.6829947233200073,1
RIMONE_r2_Im212,1,r2,0,0.64534991979599,1
RIMONE_r2_Im214,1,r2,0,0.844322919845581,1
RIMONE_r2_Im216,1,r2,0,0.6401333212852478,1
RIMONE_r2_Im218,1,r2,0,0.9233911633491516,1
RIMONE_r2_Im220,1,r2,0,0.6762619018554688,1
RIMONE_r2_Im222,1,r2,0,0.5320882797241211,1
RIMONE_r2_Im224,1,r2,0,0.6833385229110718,1
RIMONE_r2_Im226,1,r2,0,0.8156378865242004,1
RIMONE_r2_Im228,1,r2,0,0.7962550520896912,1
RIMONE_r2_Im230,1,r2,0,0.8502035140991211,1
RIMONE_r2_Im232,1,r2,0,0.5658205151557922,1
RIMONE_r2_Im234,1,r2,0,0.6829947233200073,1
RIMONE_r2_Im236,1,r2,0,0.8290091156959534,1
RIMONE_r2_Im238,1,r2,0,0.6584792137145996,1
RIMONE_r2_Im240,1,r2,0,0.7550039887428284,1
RIMONE_r2_Im242,1,r2,0,0.5658205151557922,1
RIMONE_r2_Im244,1,r2,0,0.64534991979599,1
RIMONE_r2_Im246,1,r2,0,0.6833385229110718,1
RIMONE_r2_Im248,1,r2,0,0.6436430811882019,1
RIMONE_r2_Im250,1,r2,0,0.8220381736755371,1
RIMONE_r2_Im252,1,r2,0,0.7096847891807556,1
RIMONE_r2_Im254,1,r2,0,0.6829947233200073,1
RIMONE_r3_N-1-L_left_half,1,r3,0,0.6762619018554688,1
RIMONE_r3_N-10-R_left_half,1,r3,0,0.9024258852005005,1
RIMONE_r3_N-11-L_left_half,1,r3,0,0.6707833409309387,1
RIMONE_r3_N-12-R_left_half,1,r3,0,0.8959084153175354,1
RIMONE_r3_N-13-L_left_half,1,r3,0,0.9364691972732544,1
RIMONE_r3_N-14-R_left_half,1,r3,0,0.5182900428771973,1
RIMONE_r3_N-16-R_left_half,1,r3,0,0.6384154558181763,1
RIMONE_r3_N-17-L_left_half,1,r3,0,0.8109225034713745,1
RIMONE_r3_N-18-R_left_half,1,r3,0,0.64534991979599,1
RIMONE_r3_N-2-R_left_half,1,r3,0,0.9217824935913086,1
RIMONE_r3_N-20-R_left_half,1,r3,0,0.6401333212852478,1
RIMONE_r3_N-21-L_left_half,1,r3,0,0.8624977469444275,1
RIMONE_r3_N-22-R_left_half,1,r3,0,0.7955418229103088,1
RIMONE_r3_N-23-L_left_half,1,r3,0,0.5458166599273682,1
RIMONE_r3_N-24-R_left_half,1,r3,0,0.7295583486557007,1
RIMONE_r3_N-25-L_left_half,1,r3,0,0.6650295257568359,1
RIMONE_r3_N-26-R_left_half,1,r3,0,0.5239593386650085,1
RIMONE_r3_N-27-L_left_half,1,r3,0,0.5199995636940002,1
RIMONE_r3_N-28-R_left_half,1,r3,0,0.64534991979599,1
RIMONE_r3_N-29-L_left_half,1,r3,0,0.5953484773635864,1
RIMONE_r3_N-3-L_left_half,1,r3,0,0.6717201471328735,1
RIMONE_r3_N-30-R_left_half,1,r3,0,0.8504214286804199,1
RIMONE_r3_N-31-L_left_half,1,r3,0,0.6651950478553772,1
RIMONE_r3_N-32-R_left_half,1,r3,0,0.5597640872001648,1
RIMONE_r3_N-33-L_left_half,1,r3,0,0.6762619018554688,1
RIMONE_r3_N-34-R_left_half,1,r3,0,0.6341618299484253,1
RIMONE_r3_N-35-L_left_half,1,r3,0,0.6341618299484253,1
RIMONE_r3_N-36-R_left_half,1,r3,0,0.6762619018554688,1
RIMONE_r3_N-37-L_left_half,1,r3,0,0.9146333932876587,1
RIMONE_r3_N-38-R_left_half,1,r3,0,0.8885446786880493,1
RIMONE_r3_N-39-L_left_half,1,r3,0,0.5873231291770935,1
RIMONE_r3_N-4-R_left_half,1,r3,0,0.6717201471328735,1
RIMONE_r3_N-40-R_left_half,1,r3,0,0.6829947233200073,1
RIMONE_r3_N-41-L_left_half,1,r3,0,0.5496928691864014,1
RIMONE_r3_N-42-R_left_half,1,r3,0,0.6718189716339111,1
RIMONE_r3_N-43-L_left_half,1,r3,0,0.8196419477462769,1
RIMONE_r3_N-44-R_left_half,1,r3,0,0.8921515941619873,1
RIMONE_r3_N-46-R_left_half,1,r3,0,0.5786659121513367,1
RIMONE_r3_N-47-L_left_half,1,r3,0,0.6762619018554688,1
RIMONE_r3_N-48-R_left_half,1,r3,0,0.9087113738059998,1
RIMONE_r3_N-49-L_left_half,1,r3,0,0.6829947233200073,1
RIMONE_r3_N-5-L_left_half,1,r3,0,0.64534991979599,1
RIMONE_r3_N-50-R_left_half,1,r3,0,0.6829947233200073,1
RIMONE_r3_N-51-L_left_half,1,r3,0,0.9620658159255981,1
RIMONE_r3_N-52-R_left_half,1,r3,0,0.9391564130783081,1
RIMONE_r3_N-53-L_left_half,1,r3,0,0.6650295257568359,1
RIMONE_r3_N-54-R_left_half,1,r3,0,0.6650295257568359,1
RIMONE_r3_N-55-L_left_half,1,r3,0,0.6341618299484253,1
RIMONE_r3_N-56-R_left_half,1,r3,0,0.8083246350288391,1
RIMONE_r3_N-58-R_left_half,1,r3,0,0.5531052947044373,1
RIMONE_r3_N-59-L_left_half,1,r3,0,0.8942917585372925,1
RIMONE_r3_N-6-R_left_half,1,r3,0,0.9144553542137146,1
RIMONE_r3_N-61-L_left_half,1,r3,0,0.9299100637435913,1
RIMONE_r3_N-62-R_left_half,1,r3,0,0.8734922409057617,1
RIMONE_r3_N-63-L_left_half,1,r3,0,0.6650295257568359,1
RIMONE_r3_N-64-R_left_half,1,r3,0,0.5484709739685059,1
RIMONE_r3_N-65-L_left_half,1,r3,0,0.8588212728500366,1
RIMONE_r3_N-66-R_left_half,1,r3,0,0.7737574577331543,1
RIMONE_r3_N-67-L_left_half,1,r3,0,0.8641065359115601,1
RIMONE_r3_N-68-R_left_half,1,r3,0,0.861478328704834,1
RIMONE_r3_N-69-L_left_half,1,r3,0,0.7962550520896912,1
RIMONE_r3_N-7-L_left_half,1,r3,0,0.6650295257568359,1
RIMONE_r3_N-70-R_left_half,1,r3,0,0.8264555335044861,1
RIMONE_r3_N-71-L_left_half,1,r3,0,0.928761899471283,1
RIMONE_r3_N-72-R_left_half,1,r3,0,0.507629930973053,1
RIMONE_r3_N-73-R_left_half,1,r3,0,0.8181245923042297,1
RIMONE_r3_N-74-L_left_half,1,r3,0,0.5597640872001648,1
RIMONE_r3_N-75-R_left_half,1,r3,0,0.5458166599273682,1
RIMONE_r3_N-76-R_left_half,1,r3,0,0.6532784104347229,1
RIMONE_r3_N-78-R_left_half,1,r3,0,0.9059163928031921,1
RIMONE_r3_N-79-L_left_half,1,r3,0,0.5496928691864014,1
RIMONE_r3_N-8-L_left_half,1,r3,0,0.6829947233200073,1
RIMONE_r3_N-80-R_left_half,1,r3,0,0.8489837646484375,1
RIMONE_r3_N-81-L_left_half,1,r3,0,0.7115890979766846,1
RIMONE_r3_N-82-R_left_half,1,r3,0,0.8096520900726318,1
RIMONE_r3_N-83-L_left_half,1,r3,0,0.2681492567062378,0
RIMONE_r3_N-84-R_left_half,1,r3,0,0.7848954796791077,1
RIMONE_r3_N-85-L_left_half,1,r3,0,0.6699851751327515,1
RIMONE_r3_N-86-R_left_half,1,r3,0,0.6829947233200073,1
RIMONE_r3_N-87-L_left_half,1,r3,0,0.7989715933799744,1
RIMONE_r3_N-88-R_left_half,1,r3,0,0.6829947233200073,1
RIMONE_r3_N-9-L_left_half,1,r3,0,0.5619177222251892,1
RIMONE_r3_N-90-R_left_half,1,r3,0,0.6829947233200073,1
RIMONE_r3_N-91-L_left_half,1,r3,0,0.6924006342887878,1
RIMONE_r3_N-92-R_left_half,1,r3,0,0.6532784104347229,1
RIMONE_r1_Im069,2,r1,1,0.7074369788169861,1
RIMONE_r1_Im103,2,r1,1,0.9402902722358704,1
RIMONE_r1_Im113,2,r1,1,0.917151689529419,1
RIMONE_r1_Im117,2,r1,1,0.9427980780601501,1
RIMONE_r1_Im118,2,r1,1,0.6072149872779846,1
RIMONE_r1_Im120,2,r1,1,0.8979902267456055,1
RIMONE_r1_Im121,2,r1,1,0.8424648642539978,1
RIMONE_r1_Im122,2,r1,1,0.7751480937004089,1
RIMONE_r1_Im135,2,r1,1,0.979789137840271,1
RIMONE_r1_Im144,2,r1,1,0.9372408390045166,1
RIMONE_r1_Im158,2,r1,1,0.9058491587638855,1
RIMONE_r1_Im167,2,r1,1,0.8886914849281311,1
RIMONE_r2_Im257,2,r2,1,0.9768856763839722,1
RIMONE_r2_Im258,2,r2,1,0.9750712513923645,1
RIMONE_r2_Im260,2,r2,1,0.9750712513923645,1
RIMONE_r2_Im263,2,r2,1,0.8817164301872253,1
RIMONE_r2_Im264,2,r2,1,0.9438023567199707,1
RIMONE_r2_Im266,2,r2,1,0.7998769283294678,1
RIMONE_r2_Im267,2,r2,1,0.9704678058624268,1
RIMONE_r2_Im268,2,r2,1,0.7809954881668091,1
RIMONE_r2_Im269,2,r2,1,0.7752612829208374,1
RIMONE_r2_Im270,2,r2,1,0.8302420377731323,1
RIMONE_r2_Im273,2,r2,1,0.8692752718925476,1
RIMONE_r2_Im275,2,r2,1,0.9018469452857971,1
RIMONE_r2_Im277,2,r2,1,0.9499631524085999,1
RIMONE_r2_Im281,2,r2,1,0.8522067070007324,1
RIMONE_r2_Im287,2,r2,1,0.9371628165245056,1
RIMONE_r2_Im288,2,r2,1,0.8357594013214111,1
RIMONE_r2_Im289,2,r2,1,0.8225935101509094,1
RIMONE_r2_Im290,2,r2,1,0.9417245984077454,1
RIMONE_r2_Im291,2,r2,1,0.7074369788169861,1
RIMONE_r2_Im292,2,r2,1,0.8938723802566528,1
RIMONE_r2_Im293,2,r2,1,0.7911006808280945,1
RIMONE_r2_Im294,2,r2,1,0.633327305316925,1
RIMONE_r2_Im301,2,r2,1,0.9262146949768066,1
RIMONE_r2_Im302,2,r2,1,0.966877281665802,1
RIMONE_r2_Im303,2,r2,1,0.8589945435523987,1
RIMONE_r2_Im305,2,r2,1,0.9177728295326233,1
RIMONE_r2_Im314,2,r2,1,0.9637936353683472,1
RIMONE_r2_Im315,2,r2,1,0.886408805847168,1
RIMONE_r2_Im317,2,r2,1,0.9692622423171997,1
RIMONE_r2_Im318,2,r2,1,0.9236543774604797,1
RIMONE_r2_Im319,2,r2,1,0.8085347414016724,1
RIMONE_r2_Im320,2,r2,1,0.9733995199203491,1
RIMONE_r2_Im321,2,r2,1,0.9730513095855713,1
RIMONE_r2_Im324,2,r2,1,0.8922673463821411,1
RIMONE_r2_Im329,2,r2,1,0.7751480937004089,1
RIMONE_r2_Im330,2,r2,1,0.7836634516716003,1
RIMONE_r2_Im331,2,r2,1,0.9750712513923645,1
RIMONE_r2_Im332,2,r2,1,0.9541301131248474,1
RIMONE_r2_Im333,2,r2,1,0.915648341178894,1
RIMONE_r2_Im334,2,r2,1,0.9675285816192627,1
RIMONE_r2_Im338,2,r2,1,0.9690179228782654,1
RIMONE_r2_Im339,2,r2,1,0.8952587246894836,1
RIMONE_r2_Im343,2,r2,1,0.9526844024658203,1
RIMONE_r2_Im344,2,r2,1,0.9741544723510742,1
RIMONE_r1_Im001,2,r1,0,0.9493973255157471,1
RIMONE_r1_Im003,2,r1,0,0.7937302589416504,1
RIMONE_r1_Im004,2,r1,0,0.7591376900672913,1
RIMONE_r1_Im006,2,r1,0,0.9716002345085144,1
RIMONE_r1_Im008,2,r1,0,0.9382303953170776,1
RIMONE_r1_Im011,2,r1,0,0.971088707447052,1
RIMONE_r1_Im012,2,r1,0,0.9622998237609863,1
RIMONE_r1_Im014,2,r1,0,0.9773584604263306,1
RIMONE_r1_Im015,2,r1,0,0.9627038836479187,1
RIMONE_r1_Im019,2,r1,0,0.9869808554649353,1
RIMONE_r1_Im020,2,r1,0,0.9268312454223633,1
RIMONE_r1_Im022,2,r1,0,0.7538723349571228,1
RIMONE_r1_Im023,2,r1,0,0.7538723349571228,1
RIMONE_r1_Im024,2,r1,0,0.971088707447052,1
RIMONE_r1_Im025,2,r1,0,0.9396581053733826,1
RIMONE_r1_Im026,2,r1,0,0.9610468745231628,1
RIMONE_r1_Im027,2,r1,0,0.9493973255157471,1
RIMONE_r1_Im028,2,r1,0,0.8847976326942444,1
RIMONE_r1_Im029,2,r1,0,0.8047494292259216,1
RIMONE_r1_Im031,2,r1,0,0.9440100193023682,1
RIMONE_r1_Im032,2,r1,0,0.9208328723907471,1
RIMONE_r1_Im033,2,r1,0,0.9208328723907471,1
RIMONE_r1_Im036,2,r1,0,0.5983647108078003,1
RIMONE_r1_Im037,2,r1,0,0.7369223237037659,1
RIMONE_r1_Im040,2,r1,0,0.9179475903511047,1
RIMONE_r1_Im041,2,r1,0,0.9382883906364441,1
RIMONE_r1_Im042,2,r1,0,0.9876387119293213,1
RIMONE_r1_Im046,2,r1,0,0.9590988159179688,1
RIMONE_r1_Im047,2,r1,0,0.8498921394348145,1
RIMONE_r1_Im050,2,r1,0,0.9746450185775757,1
RIMONE_r1_Im052,2,r1,0,0.9409366250038147,1
RIMONE_r1_Im054,2,r1,0,0.9520217180252075,1
RIMONE_r1_Im055,2,r1,0,0.8815943002700806,1
RIMONE_r1_Im056,2,r1,0,0.8815943002700806,1
RIMONE_r1_Im057,2,r1,0,0.9418935179710388,1
RIMONE_r1_Im058,2,r1,0,0.9418935179710388,1
RIMONE_r1_Im059,2,r1,0,0.9676267504692078,1
RIMONE_r1_Im060,2,r1,0,0.8424648642539978,1
RIMONE_r1_Im061,2,r1,0,0.9676267504692078,1
RIMONE_r1_Im062,2,r1,0,0.7871590852737427,1
RIMONE_r1_Im063,2,r1,0,0.7675144672393799,1
RIMONE_r1_Im071,2,r1,0,0.8384276628494263,1
RIMONE_r1_Im072,2,r1,0,0.9762794375419617,1
RIMONE_r1_Im073,2,r1,0,0.969038724899292,1
RIMONE_r1_Im080,2,r1,0,0.9088863134384155,1
RIMONE_r1_Im082,2,r1,0,0.8831979632377625,1
RIMONE_r1_Im086,2,r1,0,0.9767966866493225,1
RIMONE_r1_Im087,2,r1,0,0.8796833157539368,1
RIMONE_r1_Im095,2,r1,0,0.9351628422737122,1
RIMONE_r1_Im107,2,r1,0,0.7917264699935913,1
RIMONE_r1_Im108,2,r1,0,0.8477170467376709,1
RIMONE_r1_Im115,2,r1,0,0.9223582744598389,1
RIMONE_r1_Im116,2,r1,0,0.8104491233825684,1
RIMONE_r1_Im119,2,r1,0,0.9635347723960876,1
RIMONE_r1_Im125,2,r1,0,0.8194320797920227,1
RIMONE_r1_Im127,2,r1,0,0.8477170467376709,1
RIMONE_r1_Im128,2,r1,0,0.9153411984443665,1
RIMONE_r1_Im129,2,r1,0,0.8235662579536438,1
RIMONE_r1_Im130,2,r1,0,0.9746614694595337,1
RIMONE_r1_Im131,2,r1,0,0.8829013109207153,1
RIMONE_r1_Im132,2,r1,0,0.8658462166786194,1
RIMONE_r1_Im133,2,r1,0,0.8424648642539978,1
RIMONE_r1_Im136,2,r1,0,0.8177975416183472,1
RIMONE_r1_Im137,2,r1,0,0.8967583775520325,1
RIMONE_r1_Im138,2,r1,0,0.7249425053596497,1
RIMONE_r1_Im142,2,r1,0,0.8981626033782959,1
RIMONE_r1_Im143,2,r1,0,0.9719352722167969,1
RIMONE_r1_Im145,2,r1,0,0.9266601800918579,1
RIMONE_r1_Im146,2,r1,0,0.8882781863212585,1
RIMONE_r1_Im149,2,r1,0,0.8736822009086609,1
RIMONE_r1_Im150,2,r1,0,0.8095653653144836,1
RIMONE_r1_Im151,2,r1,0,0.9416365623474121,1
RIMONE_r1_Im152,2,r1,0,0.9629244804382324,1
RIMONE_r1_Im153,2,r1,0,0.9789936542510986,1
RIMONE_r1_Im154,2,r1,0,0.8975352048873901,1
RIMONE_r1_Im155,2,r1,0,0.9434324502944946,1
RIMONE_r1_Im156,2,r1,0,0.9416365623474121,1
RIMONE_r1_Im159,2,r1,0,0.913547694683075,1
RIMONE_r1_Im161,2,r1,0,0.9586187601089478,1
RIMONE_r1_Im162,2,r1,0,0.9205821752548218,1
RIMONE_r1_Im163,2,r1,0,0.8658462166786194,1
RIMONE_r1_Im164,2,r1,0,0.8873612880706787,1
RIMONE_r1_Im165,2,r1,0,0.7713914513587952,1
RIMONE_r1_Im166,2,r1,0,0.7387983202934265,1
RIMONE_r1_Im168,2,r1,0,0.9585042595863342,1
RIMONE_r1_Im169,2,r1,0,0.8223849534988403,1
RIMONE_r2_Im001,2,r2,0,0.9231606125831604,1
RIMONE_r2_Im002,2,r2,0,0.8357594013214111,1
RIMONE_r2_Im003,2,r2,0,0.8779417872428894,1
RIMONE_r2_Im004,2,r2,0,0.9418935179710388,1
RIMONE_r2_Im005,2,r2,0,0.9663786292076111,1
RIMONE_r2_Im006,2,r2,0,0.9440100193023682,1
RIMONE_r2_Im007,2,r2,0,0.972072422504425,1
RIMONE_r2_Im009,2,r2,0,0.8658462166786194,1
RIMONE_r2_Im010,2,r2,0,0.9454841613769531,1
RIMONE_r2_Im011,2,r2,0,0.9179990291595459,1
RIMONE_r2_Im012,2,r2,0,0.9418935179710388,1
RIMONE_r2_Im013,2,r2,0,0.9279804229736328,1
RIMONE_r2_Im014,2,r2,0,0.971088707447052,1
RIMONE_r2_Im015,2,r2,0,0.8424648642539978,1
RIMONE_r2_Im016,2,r2,0,0.6842342019081116,1
RIMONE_r2_Im017,2,r2,0,0.9750712513923645,1
RIMONE_r2_Im018,2,r2,0,0.981777012348175,1
RIMONE_r2_Im019,2,r2,0,0.9192633628845215,1
RIMONE_r2_Im020,2,r2,0,0.8611850142478943,1
RIMONE_r2_Im021,2,r2,0,0.7161108255386353,1
RIMONE_r2_Im022,2,r2,0,0.8938723802566528,1
RIMONE_r2_Im023,2,r2,0,0.8257460594177246,1
RIMONE_r2_Im024,2,r2,0,0.9459514021873474,1
RIMONE_r2_Im025,2,r2,0,0.7706857919692993,1
RIMONE_r2_Im026,2,r2,0,0.7706857919692993,1
RIMONE_r2_Im027,2,r2,0,0.9676267504692078,1
RIMONE_r2_Im028,2,r2,0,0.7538723349571228,1
RIMONE_r2_Im029,2,r2,0,0.7701073884963989,1
RIMONE_r2_Im030,2,r2,0,0.9493973255157471,1
RIMONE_r2_Im031,2,r2,0,0.9353615641593933,1
RIMONE_r2_Im032,2,r2,0,0.7591376900672913,1
RIMONE_r2_Im033,2,r2,0,0.9200392961502075,1
RIMONE_r2_Im347,2,r2,1,0.5309783816337585,1
RIMONE_r2_Im348,2,r2,1,0.949211597442627,1
RIMONE_r2_Im351,2,r2,1,0.894970715045929,1
RIMONE_r2_Im352,2,r2,1,0.7928341627120972,1
RIMONE_r2_Im354,2,r2,1,0.7387983202934265,1
RIMONE_r2_Im355,2,r2,1,0.7387983202934265,1
RIMONE_r2_Im356,2,r2,1,0.8705230355262756,1
RIMONE_r2_Im357,2,r2,1,0.8970615267753601,1
RIMONE_r2_Im358,2,r2,1,0.8181401491165161,1
RIMONE_r2_Im362,2,r2,1,0.9039052724838257,1
RIMONE_r2_Im365,2,r2,1,0.8736822009086609,1
RIMONE_r2_Im366,2,r2,1,0.8558306097984314,1
RIMONE_r2_Im369,2,r2,1,0.8043239116668701,1
RIMONE_r2_Im373,2,r2,1,0.8886914849281311,1
RIMONE_r2_Im376,2,r2,1,0.7706857919692993,1
RIMONE_r2_Im377,2,r2,1,0.9295482635498047,1
RIMONE_r2_Im383,2,r2,1,0.7836634516716003,1
RIMONE_r2_Im384,2,r2,1,0.8933160901069641,1
RIMONE_r2_Im385,2,r2,1,0.8838146924972534,1
RIMONE_r2_Im387,2,r2,1,0.9635347723960876,1
RIMONE_r2_Im388,2,r2,1,0.8867983818054199,1
RIMONE_r2_Im389,2,r2,1,0.8985634446144104,1
RIMONE_r2_Im390,2,r2,1,0.8908721208572388,1
RIMONE_r2_Im391,2,r2,1,0.8908721208572388,1
RIMONE_r2_Im392,2,r2,1,0.856672465801239,1
RIMONE_r2_Im393,2,r2,1,0.8399088382720947,1
RIMONE_r2_Im398,2,r2,1,0.5533097982406616,1
RIMONE_r2_Im399,2,r2,1,0.9047197103500366,1
RIMONE_r2_Im400,2,r2,1,0.8908721208572388,1
RIMONE_r2_Im401,2,r2,1,0.8908721208572388,1
RIMONE_r2_Im402,2,r2,1,0.6129834055900574,1
RIMONE_r2_Im403,2,r2,1,0.7165748476982117,1
RIMONE_r2_Im404,2,r2,1,0.8908721208572388,1
RIMONE_r2_Im406,2,r2,1,0.8211408257484436,1
RIMONE_r2_Im407,2,r2,1,0.9717402458190918,1
RIMONE_r2_Im408,2,r2,1,0.9311128258705139,1
RIMONE_r2_Im414,2,r2,1,0.9284304976463318,1
RIMONE_r2_Im415,2,r2,1,0.9372408390045166,1
RIMONE_r2_Im416,2,r2,1,0.9459514021873474,1
RIMONE_r2_Im418,2,r2,1,0.8792343735694885,1
RIMONE_r2_Im419,2,r2,1,0.9475478529930115,1
RIMONE_r2_Im420,2,r2,1,0.94539874792099,1
RIMONE_r2_Im421,2,r2,1,0.8779417872428894,1
RIMONE_r2_Im422,2,r2,1,0.8558306097984314,1
RIMONE_r2_Im424,2,r2,1,0.871135413646698,1
RIMONE_r2_Im427,2,r2,1,0.6846733093261719,1
RIMONE_r2_Im428,2,r2,1,0.7161108255386353,1
RIMONE_r2_Im429,2,r2,1,0.9195551872253418,1
RIMONE_r2_Im432,2,r2,1,0.9640238881111145,1
RIMONE_r2_Im433,2,r2,1,0.9343124032020569,1
RIMONE_r2_Im436,2,r2,1,0.9365267753601074,1
RIMONE_r2_Im439,2,r2,1,0.5931469202041626,1
RIMONE_r2_Im441,2,r2,1,0.7387983202934265,1
RIMONE_r2_Im442,2,r2,1,0.8908721208572388,1
RIMONE_r2_Im443,2,r2,1,0.8981626033782959,1
RIMONE_r2_Im444,2,r2,1,0.8933160901069641,1
RIMONE_r2_Im445,2,r2,1,0.8811041712760925,1
RIMONE_r2_Im448,2,r2,1,0.9172471761703491,1
RIMONE_r2_Im449,2,r2,1,0.9227740168571472,1
RIMONE_r2_Im450,2,r2,1,0.9629244804382324,1
RIMONE_r2_Im451,2,r2,1,0.8908721208572388,1
RIMONE_r2_Im453,2,r2,1,0.9084033370018005,1
RIMONE_r2_Im454,2,r2,1,0.8645590543746948,1
RIMONE_r2_Im455,2,r2,1,0.8994113206863403,1
RIMONE_r3_G-1-L_left_half,2,r3,1,0.7591625452041626,1
RIMONE_r3_G-10-L_left_half,2,r3,1,0.9842685461044312,1
RIMONE_r3_G-11-R_left_half,2,r3,1,0.9527702927589417,1
RIMONE_r3_G-12-L_left_half,2,r3,1,0.7692204117774963,1
RIMONE_r3_G-13-R_left_half,2,r3,1,0.9496089220046997,1
RIMONE_r3_G-14-R_left_half,2,r3,1,0.8851855993270874,1
RIMONE_r3_G-15-L_left_half,2,r3,1,0.7250199317932129,1
RIMONE_r3_G-16-R_left_half,2,r3,1,0.6204530000686646,1
RIMONE_r3_G-17-L_left_half,2,r3,1,0.7572915554046631,1
RIMONE_r3_G-18-R_left_half,2,r3,1,0.7751480937004089,1
RIMONE_r3_G-2-R_left_half,2,r3,1,0.8908721208572388,1
RIMONE_r3_G-22-L_left_half,2,r3,1,0.9859234094619751,1
RIMONE_r3_G-23-R_left_half,2,r3,1,0.8645590543746948,1
RIMONE_r3_G-25-L_left_half,2,r3,1,0.7678583860397339,1
RIMONE_r3_G-27-R_left_half,2,r3,1,0.8347265720367432,1
RIMONE_r3_G-29-R_left_half,2,r3,1,0.8908721208572388,1
RIMONE_r3_G-3-R_left_half,2,r3,1,0.9471473097801208,1
RIMONE_r3_G-30-L_left_half,2,r3,1,0.9096829891204834,1
RIMONE_r3_G-31-R_left_half,2,r3,1,0.77890944480896,1
RIMONE_r3_G-32-L_left_half,2,r3,1,0.967801570892334,1
RIMONE_r3_G-33-R_left_half,2,r3,1,0.8477170467376709,1
RIMONE_r3_G-34-L_left_half,2,r3,1,0.7947834134101868,1
RIMONE_r3_G-35-R_left_half,2,r3,1,0.7487195134162903,1
RIMONE_r3_G-37-R_left_half,2,r3,1,0.8922528624534607,1
RIMONE_r3_G-38-L_left_half,2,r3,1,0.9143345355987549,1
RIMONE_r3_G-39-L_left_half,2,r3,1,0.5977239608764648,1
RIMONE_r3_G-6-L_left_half,2,r3,1,0.8120410442352295,1
RIMONE_r3_G-8-R_left_half,2,r3,1,0.5700867772102356,1
RIMONE_r3_G-9-R_left_half,2,r3,1,0.9337594509124756,1
RIMONE_r3_S-1-L_left_half,2,r3,1,0.8720303773880005,1
RIMONE_r3_S-10-R_left_half,2,r3,1,0.960870087146759,1
RIMONE_r3_S-11-L_left_half,2,r3,1,0.8867635726928711,1
RIMONE_r3_S-12-L_left_half,2,r3,1,0.9910902976989746,1
RIMONE_r3_S-13-R_left_half,2,r3,1,0.9632347226142883,1
RIMONE_r3_S-14-R_left_half,2,r3,1,0.9484336376190186,1
RIMONE_r3_S-18-L_left_half,2,r3,1,0.8143817186355591,1
RIMONE_r3_S-19-R_left_half,2,r3,1,0.6198735237121582,1
RIMONE_r3_S-2-L_left_half,2,r3,1,0.8302420377731323,1
RIMONE_r3_S-20-L_left_half,2,r3,1,0.9183981418609619,1
RIMONE_r3_S-21-R_left_half,2,r3,1,0.9444501399993896,1
RIMONE_r3_S-25-L_left_half,2,r3,1,0.9906216859817505,1
RIMONE_r3_S-26-R_left_half,2,r3,1,0.9518336653709412,1
RIMONE_r3_S-28-R_left_half,2,r3,1,0.8403478860855103,1
RIMONE_r3_S-29-R_left_half,2,r3,1,0.7165748476982117,1
RIMONE_r3_S-30-L_left_half,2,r3,1,0.7836634516716003,1
RIMONE_r3_S-31-L_left_half,2,r3,1,0.8180516362190247,1
RIMONE_r3_S-32-L_left_half,2,r3,1,0.6626216173171997,1
RIMONE_r3_S-33-R_left_half,2,r3,1,0.6940608024597168,1
RIMONE_r3_S-35-R_left_half,2,r3,1,0.9227740168571472,1
RIMONE_r3_S-4-L_left_half,2,r3,1,0.9871904253959656,1
RIMONE_r3_S-6-R_left_half,2,r3,1,0.80376136302948,1
RIMONE_r3_S-9-L_left_half,2,r3,1,0.9945223331451416,1
RIMONE_r2_Im034,2,r2,0,0.8424648642539978,1
RIMONE_r2_Im036,2,r2,0,0.7193160653114319,1
RIMONE_r2_Im038,2,r2,0,0.7354546189308167,1
RIMONE_r2_Im040,2,r2,0,0.9530253410339355,1
RIMONE_r2_Im042,2,r2,0,0.7387983202934265,1
RIMONE_r2_Im044,2,r2,0,0.8611167669296265,1
RIMONE_r2_Im046,2,r2,0,0.8447012305259705,1
RIMONE_r2_Im048,2,r2,0,0.8985634446144104,1
RIMONE_r2_Im050,2,r2,0,0.8424648642539978,1
RIMONE_r2_Im052,2,r2,0,0.8257460594177246,1
RIMONE_r2_Im054,2,r2,0,0.7806026935577393,1
RIMONE_r2_Im056,2,r2,0,0.9349226951599121,1
RIMONE_r2_Im058,2,r2,0,0.9530007243156433,1
RIMONE_r2_Im060,2,r2,0,0.8424648642539978,1
RIMONE_r2_Im062,2,r2,0,0.8477170467376709,1
RIMONE_r2_Im064,2,r2,0,0.8424648642539978,1
RIMONE_r2_Im066,2,r2,0,0.65090012550354,1
RIMONE_r2_Im068,2,r2,0,0.8477170467376709,1
RIMONE_r2_Im070,2,r2,0,0.8424648642539978,1
RIMONE_r2_Im072,2,r2,0,0.7751480937004089,1
RIMONE_r2_Im074,2,r2,0,0.9107497334480286,1
RIMONE_r2_Im076,2,r2,0,0.9372408390045166,1
RIMONE_r2_Im078,2,r2,0,0.7538723349571228,1
RIMONE_r2_Im080,2,r2,0,0.7974986433982849,1
RIMONE_r2_Im082,2,r2,0,0.8908721208572388,1
RIMONE_r2_Im084,2,r2,0,0.8985634446144104,1
RIMONE_r2_Im086,2,r2,0,0.6842342019081116,1
RIMONE_r2_Im088,2,r2,0,0.9038618206977844,1
RIMONE_r2_Im090,2,r2,0,0.7067484259605408,1
RIMONE_r2_Im092,2,r2,0,0.9416365623474121,1
RIMONE_r2_Im094,2,r2,0,0.8189160227775574,1
RIMONE_r2_Im096,2,r2,0,0.7538723349571228,1
RIMONE_r2_Im098,2,r2,0,0.8116161227226257,1
RIMONE_r2_Im100,2,r2,0,0.7997410893440247,1
RIMONE_r2_Im102,2,r2,0,0.9382303953170776,1
RIMONE_r2_Im104,2,r2,0,0.8424648642539978,1
RIMONE_r2_Im106,2,r2,0,0.8736822009086609,1
RIMONE_r2_Im108,2,r2,0,0.7836634516716003,1
RIMONE_r2_Im110,2,r2,0,0.8477170467376709,1
RIMONE_r2_Im112,2,r2,0,0.9666624665260315,1
RIMONE_r2_Im114,2,r2,0,0.9442805647850037,1
RIMONE_r2_Im116,2,r2,0,0.971088707447052,1
RIMONE_r2_Im118,2,r2,0,0.8436874747276306,1
RIMONE_r2_Im120,2,r2,0,0.7836634516716003,1
RIMONE_r2_Im122,2,r2,0,0.777450442314148,1
RIMONE_r2_Im124,2,r2,0,0.8257460594177246,1
RIMONE_r2_Im126,2,r2,0,0.6072587370872498,1
RIMONE_r2_Im128,2,r2,0,0.7706857919692993,1
RIMONE_r2_Im130,2,r2,0,0.7538723349571228,1
RIMONE_r2_Im132,2,r2,0,0.7406099438667297,1
RIMONE_r2_Im134,2,r2,0,0.9020441174507141,1
RIMONE_r2_Im136,2,r2,0,0.8477170467376709,1
RIMONE_r2_Im138,2,r2,0,0.9355118274688721,1
RIMONE_r2_Im140,2,r2,0,0.7307351231575012,1
RIMONE_r2_Im142,2,r2,0,0.8424648642539978,1
RIMONE_r2_Im144,2,r2,0,0.94539874792099,1
RIMONE_r2_Im146,2,r2,0,0.8498921394348145,1
RIMONE_r2_Im148,2,r2,0,0.8424648642539978,1
RIMONE_r2_Im150,2,r2,0,0.8385743498802185,1
RIMONE_r2_Im152,2,r2,0,0.7538723349571228,1
RIMONE_r2_Im154,2,r2,0,0.8477170467376709,1
RIMONE_r2_Im156,2,r2,0,0.8424648642539978,1
RIMONE_r2_Im158,2,r2,0,0.8424648642539978,1
RIMONE_r2_Im160,2,r2,0,0.7538723349571228,1
RIMONE_r2_Im162,2,r2,0,0.9519178867340088,1
RIMONE_r2_Im164,2,r2,0,0.7737649083137512,1
RIMONE_r2_Im166,2,r2,0,0.978184700012207,1
RIMONE_r2_Im168,2,r2,0,0.9122915863990784,1
RIMONE_r2_Im170,2,r2,0,0.8667851686477661,1
RIMONE_r2_Im172,2,r2,0,0.8477170467376709,1
RIMONE_r2_Im174,2,r2,0,0.9494650363922119,1
RIMONE_r2_Im176,2,r2,0,0.871135413646698,1
RIMONE_r2_Im178,2,r2,0,0.8477170467376709,1
RIMONE_r2_Im180,2,r2,0,0.9146286249160767,1
RIMONE_r2_Im182,2,r2,0,0.8548433184623718,1
RIMONE_r2_Im184,2,r2,0,0.939053475856781,1
RIMONE_r2_Im186,2,r2,0,0.8424648642539978,1
RIMONE_r2_Im188,2,r2,0,0.8715327978134155,1
RIMONE_r2_Im190,2,r2,0,0.9706940650939941,1
RIMONE_r2_Im192,2,r2,0,0.8275442719459534,1
RIMONE_r2_Im194,2,r2,0,0.8867774605751038,1
RIMONE_r2_Im196,2,r2,0,0.7706857919692993,1
RIMONE_r2_Im198,2,r2,0,0.7538723349571228,1
RIMONE_r2_Im200,2,r2,0,0.9329564571380615,1
RIMONE_r2_Im202,2,r2,0,0.7240418791770935,1
RIMONE_r2_Im206,2,r2,0,0.8847976326942444,1
RIMONE_r2_Im208,2,r2,0,0.8477170467376709,1
RIMONE_r2_Im210,2,r2,0,0.8477170467376709,1
RIMONE_r2_Im212,2,r2,0,0.7538723349571228,1
RIMONE_r2_Im214,2,r2,0,0.9607256650924683,1
RIMONE_r2_Im216,2,r2,0,0.7354546189308167,1
RIMONE_r2_Im218,2,r2,0,0.9715085625648499,1
RIMONE_r2_Im220,2,r2,0,0.8908721208572388,1
RIMONE_r2_Im222,2,r2,0,0.703643798828125,1
RIMONE_r2_Im224,2,r2,0,0.8658462166786194,1
RIMONE_r2_Im226,2,r2,0,0.856672465801239,1
RIMONE_r2_Im228,2,r2,0,0.883047342300415,1
RIMONE_r2_Im230,2,r2,0,0.8169575929641724,1
RIMONE_r2_Im232,2,r2,0,0.9528905153274536,1
RIMONE_r2_Im234,2,r2,0,0.8477170467376709,1
RIMONE_r2_Im236,2,r2,0,0.971088707447052,1
RIMONE_r2_Im238,2,r2,0,0.7227959632873535,1
RIMONE_r2_Im240,2,r2,0,0.8868488073348999,1
RIMONE_r2_Im242,2,r2,0,0.8211408257484436,1
RIMONE_r2_Im244,2,r2,0,0.7538723349571228,1
RIMONE_r2_Im246,2,r2,0,0.94539874792099,1
RIMONE_r2_Im248,2,r2,0,0.5983647108078003,1
RIMONE_r2_Im250,2,r2,0,0.8094494342803955,1
RIMONE_r2_Im252,2,r2,0,0.9192633628845215,1
RIMONE_r2_Im254,2,r2,0,0.8384276628494263,1
RIMONE_r3_N-1-L_left_half,2,r3,0,0.7387983202934265,1
RIMONE_r3_N-10-R_left_half,2,r3,0,0.9629244804382324,1
RIMONE_r3_N-11-L_left_half,2,r3,0,0.760249137878418,1
RIMONE_r3_N-12-R_left_half,2,r3,0,0.842586100101471,1
RIMONE_r3_N-13-L_left_half,2,r3,0,0.9780697822570801,1
RIMONE_r3_N-14-R_left_half,2,r3,0,0.841008722782135,1
RIMONE_r3_N-16-R_left_half,2,r3,0,0.574872612953186,1
RIMONE_r3_N-17-L_left_half,2,r3,0,0.8981626033782959,1
RIMONE_r3_N-18-R_left_half,2,r3,0,0.6246713995933533,1
RIMONE_r3_N-2-R_left_half,2,r3,0,0.9141146540641785,1
RIMONE_r3_N-20-R_left_half,2,r3,0,0.7538723349571228,1
RIMONE_r3_N-21-L_left_half,2,r3,0,0.8656929731369019,1
RIMONE_r3_N-22-R_left_half,2,r3,0,0.8737552762031555,1
RIMONE_r3_N-23-L_left_half,2,r3,0,0.8257305026054382,1
RIMONE_r3_N-24-R_left_half,2,r3,0,0.8246911764144897,1
RIMONE_r3_N-25-L_left_half,2,r3,0,0.7387983202934265,1
RIMONE_r3_N-26-R_left_half,2,r3,0,0.8226281404495239,1
RIMONE_r3_N-27-L_left_half,2,r3,0,0.6708146333694458,1
RIMONE_r3_N-28-R_left_half,2,r3,0,0.7484471797943115,1
RIMONE_r3_N-29-L_left_half,2,r3,0,0.9517800807952881,1
RIMONE_r3_N-3-L_left_half,2,r3,0,0.8275442719459534,1
RIMONE_r3_N-30-R_left_half,2,r3,0,0.9605488777160645,1
RIMONE_r3_N-31-L_left_half,2,r3,0,0.8424648642539978,1
RIMONE_r3_N-32-R_left_half,2,r3,0,0.6211763024330139,1
RIMONE_r3_N-33-L_left_half,2,r3,0,0.7165748476982117,1
RIMONE_r3_N-34-R_left_half,2,r3,0,0.8908721208572388,1
RIMONE_r3_N-35-L_left_half,2,r3,0,0.8838146924972534,1
RIMONE_r3_N-36-R_left_half,2,r3,0,0.7387983202934265,1
RIMONE_r3_N-37-L_left_half,2,r3,0,0.9779611229896545,1
RIMONE_r3_N-38-R_left_half,2,r3,0,0.8964972496032715,1
RIMONE_r3_N-39-L_left_half,2,r3,0,0.6861300468444824,1
RIMONE_r3_N-4-R_left_half,2,r3,0,0.8424648642539978,1
RIMONE_r3_N-40-R_left_half,2,r3,0,0.7974762320518494,1
RIMONE_r3_N-41-L_left_half,2,r3,0,0.8189160227775574,1
RIMONE_r3_N-42-R_left_half,2,r3,0,0.9126302599906921,1
RIMONE_r3_N-43-L_left_half,2,r3,0,0.9314624071121216,1
RIMONE_r3_N-44-R_left_half,2,r3,0,0.9222061038017273,1
RIMONE_r3_N-46-R_left_half,2,r3,0,0.6072587370872498,1
RIMONE_r3_N-47-L_left_half,2,r3,0,0.7165748476982117,1
RIMONE_r3_N-48-R_left_half,2,r3,0,0.8924943804740906,1
RIMONE_r3_N-49-L_left_half,2,r3,0,0.8477170467376709,1
RIMONE_r3_N-5-L_left_half,2,r3,0,0.7538723349571228,1
RIMONE_r3_N-50-R_left_half,2,r3,0,0.8477170467376709,1
RIMONE_r3_N-51-L_left_half,2,r3,0,0.9934687614440918,1
RIMONE_r3_N-52-R_left_half,2,r3,0,0.8978531360626221,1
RIMONE_r3_N-53-L_left_half,2,r3,0,0.7387983202934265,1
RIMONE_r3_N-54-R_left_half,2,r3,0,0.7387983202934265,1
RIMONE_r3_N-55-L_left_half,2,r3,0,0.8838146924972534,1
RIMONE_r3_N-56-R_left_half,2,r3,0,0.9179333448410034,1
RIMONE_r3_N-58-R_left_half,2,r3,0,0.8872680068016052,1
RIMONE_r3_N-59-L_left_half,2,r3,0,0.9322131872177124,1
RIMONE_r3_N-6-R_left_half,2,r3,0,0.9499410390853882,1
RIMONE_r3_N-61-L_left_half,2,r3,0,0.9460309743881226,1
RIMONE_r3_N-62-R_left_half,2,r3,0,0.7641976475715637,1
RIMONE_r3_N-63-L_left_half,2,r3,0,0.8790014386177063,1
RIMONE_r3_N-64-R_left_half,2,r3,0,0.8042219281196594,1
RIMONE_r3_N-65-L_left_half,2,r3,0,0.9571760892868042,1
RIMONE_r3_N-66-R_left_half,2,r3,0,0.5051167011260986,1
RIMONE_r3_N-67-L_left_half,2,r3,0,0.9493326544761658,1
RIMONE_r3_N-68-R_left_half,2,r3,0,0.9500922560691833,1
RIMONE_r3_N-69-L_left_half,2,r3,0,0.8812558054924011,1
RIMONE_r3_N-7-L_left_half,2,r3,0,0.7387983202934265,1
RIMONE_r3_N-70-R_left_half,2,r3,0,0.9340088367462158,1
RIMONE_r3_N-71-L_left_half,2,r3,0,0.9719352722167969,1
RIMONE_r3_N-72-R_left_half,2,r3,0,0.7148301601409912,1
RIMONE_r3_N-73-R_left_half,2,r3,0,0.9340088367462158,1
RIMONE_r3_N-74-L_left_half,2,r3,0,0.5991028547286987,1
RIMONE_r3_N-75-R_left_half,2,r3,0,0.8872680068016052,1
RIMONE_r3_N-76-R_left_half,2,r3,0,0.9416365623474121,1
RIMONE_r3_N-78-R_left_half,2,r3,0,0.7268579006195068,1
RIMONE_r3_N-79-L_left_half,2,r3,0,0.8042421936988831,1
RIMONE_r3_N-8-L_left_half,2,r3,0,0.7974986433982849,1
RIMONE_r3_N-80-R_left_half,2,r3,0,0.883317768573761,1
RIMONE_r3_N-81-L_left_half,2,r3,0,0.8935837745666504,1
RIMONE_r3_N-82-R_left_half,2,r3,0,0.8815523386001587,1
RIMONE_r3_N-83-L_left_half,2,r3,0,0.39123955368995667,0
RIMONE_r3_N-84-R_left_half,2,r3,0,0.8777843117713928,1
RIMONE_r3_N-85-L_left_half,2,r3,0,0.890288233757019,1
RIMONE_r3_N-86-R_left_half,2,r3,0,0.7974986433982849,1
RIMONE_r3_N-87-L_left_half,2,r3,0,0.9416365623474121,1
RIMONE_r3_N-88-R_left_half,2,r3,0,0.8477170467376709,1
RIMONE_r3_N-9-L_left_half,2,r3,0,0.7751480937004089,1
RIMONE_r3_N-90-R_left_half,2,r3,0,0.9372408390045166,1
RIMONE_r3_N-91-L_left_half,2,r3,0,0.9181237816810608,1
RIMONE_r3_N-92-R_left_half,2,r3,0,0.9416365623474121,1
RIMONE_r1_Im069,3,r1,1,0.20924870669841766,0
RIMONE_r1_Im103,3,r1,1,0.3053203523159027,0
RIMONE_r1_Im113,3,r1,1,0.20807674527168274,0
RIMONE_r1_Im117,3,r1,1,0.3317374289035797,0
RIMONE_r1_Im118,3,r1,1,0.5637780427932739,1
RIMONE_r1_Im120,3,r1,1,0.6795862913131714,1
RIMONE_r1_Im121,3,r1,1,0.2067164033651352,0
RIMONE_r1_Im122,3,r1,1,0.20924870669841766,0
RIMONE_r1_Im135,3,r1,1,0.8285524249076843,1
RIMONE_r1_Im144,3,r1,1,0.30978962779045105,0
RIMONE_r1_Im158,3,r1,1,0.6607142686843872,1
RIMONE_r1_Im167,3,r1,1,0.28344252705574036,0
RIMONE_r2_Im257,3,r2,1,0.7812714576721191,1
RIMONE_r2_Im258,3,r2,1,0.7591879963874817,1
RIMONE_r2_Im260,3,r2,1,0.8137612342834473,1
RIMONE_r2_Im263,3,r2,1,0.2894129455089569,0
RIMONE_r2_Im264,3,r2,1,0.8470193147659302,1
RIMONE_r2_Im266,3,r2,1,0.7313286066055298,1
RIMONE_r2_Im267,3,r2,1,0.6468326449394226,1
RIMONE_r2_Im268,3,r2,1,0.3863925635814667,0
RIMONE_r2_Im269,3,r2,1,0.6591696739196777,1
RIMONE_r2_Im270,3,r2,1,0.20924870669841766,0
RIMONE_r2_Im273,3,r2,1,0.2204466015100479,0
RIMONE_r2_Im275,3,r2,1,0.11116725206375122,0
RIMONE_r2_Im277,3,r2,1,0.7410991787910461,1
RIMONE_r2_Im281,3,r2,1,0.07167291641235352,0
RIMONE_r2_Im287,3,r2,1,0.7737587690353394,1
RIMONE_r2_Im288,3,r2,1,0.6591696739196777,1
RIMONE_r2_Im289,3,r2,1,0.7313286066055298,1
RIMONE_r2_Im290,3,r2,1,0.7410991787910461,1
RIMONE_r2_Im291,3,r2,1,0.20924870669841766,0
RIMONE_r2_Im292,3,r2,1,0.8470193147659302,1
RIMONE_r2_Im293,3,r2,1,0.7684975266456604,1
RIMONE_r2_Im294,3,r2,1,0.5530683398246765,1
RIMONE_r2_Im301,3,r2,1,0.7812714576721191,1
RIMONE_r2_Im302,3,r2,1,0.8687912821769714,1
RIMONE_r2_Im303,3,r2,1,0.8431955575942993,1
RIMONE_r2_Im305,3,r2,1,0.8470193147659302,1
RIMONE_r2_Im314,3,r2,1,0.7410991787910461,1
RIMONE_r2_Im315,3,r2,1,0.7761344909667969,1
RIMONE_r2_Im317,3,r2,1,0.7410991787910461,1
RIMONE_r2_Im318,3,r2,1,0.7282973527908325,1
RIMONE_r2_Im319,3,r2,1,0.20924870669841766,0
RIMONE_r2_Im320,3,r2,1,0.753807008266449,1
RIMONE_r2_Im321,3,r2,1,0.7812714576721191,1
RIMONE_r2_Im324,3,r2,1,0.8470193147659302,1
RIMONE_r2_Im329,3,r2,1,0.20924870669841766,0
RIMONE_r2_Im330,3,r2,1,0.15825924277305603,0
RIMONE_r2_Im331,3,r2,1,0.7591879963874817,1
RIMONE_r2_Im332,3,r2,1,0.8160797953605652,1
RIMONE_r2_Im333,3,r2,1,0.8470193147659302,1
RIMONE_r2_Im334,3,r2,1,0.8160797953605652,1
RIMONE_r2_Im338,3,r2,1,0.8092933297157288,1
RIMONE_r2_Im339,3,r2,1,0.2204466015100479,0
RIMONE_r2_Im343,3,r2,1,0.7381386756896973,1
RIMONE_r2_Im344,3,r2,1,0.7812714576721191,1
RIMONE_r1_Im001,3,r1,0,0.6703817248344421,1
RIMONE_r1_Im003,3,r1,0,0.6591696739196777,1
RIMONE_r1_Im004,3,r1,0,0.15825924277305603,0
RIMONE_r1_Im006,3,r1,0,0.6703817248344421,1
RIMONE_r1_Im008,3,r1,0,0.8137612342834473,1
RIMONE_r1_Im011,3,r1,0,0.8137612342834473,1
RIMONE_r1_Im012,3,r1,0,0.753807008266449,1
RIMONE_r1_Im014,3,r1,0,0.8696505427360535,1
RIMONE_r1_Im015,3,r1,0,0.8160797953605652,1
RIMONE_r1_Im019,3,r1,0,0.8114640712738037,1
RIMONE_r1_Im020,3,r1,0,0.7410991787910461,1
RIMONE_r1_Im022,3,r1,0,0.2067164033651352,0
RIMONE_r1_Im023,3,r1,0,0.2067164033651352,0
RIMONE_r1_Im024,3,r1,0,0.8137612342834473,1
RIMONE_r1_Im025,3,r1,0,0.7282973527908325,1
RIMONE_r1_Im026,3,r1,0,0.7381386756896973,1
RIMONE_r1_Im027,3,r1,0,0.7381386756896973,1
RIMONE_r1_Im028,3,r1,0,0.22372876107692719,0
RIMONE_r1_Im029,3,r1,0,0.20924870669841766,0
RIMONE_r1_Im031,3,r1,0,0.5490586161613464,1
RIMONE_r1_Im032,3,r1,0,0.7282973527908325,1
RIMONE_r1_Im033,3,r1,0,0.7282973527908325,1
RIMONE_r1_Im036,3,r1,0,0.19124093651771545,0
RIMONE_r1_Im037,3,r1,0,0.20924870669841766,0
RIMONE_r1_Im040,3,r1,0,0.7313286066055298,1
RIMONE_r1_Im041,3,r1,0,0.7591879963874817,1
RIMONE_r1_Im042,3,r1,0,0.7410991787910461,1
RIMONE_r1_Im046,3,r1,0,0.7591879963874817,1
RIMONE_r1_Im047,3,r1,0,0.7282973527908325,1
RIMONE_r1_Im050,3,r1,0,0.757143497467041,1
RIMONE_r1_Im052,3,r1,0,0.8024498224258423,1
RIMONE_r1_Im054,3,r1,0,0.7313286066055298,1
RIMONE_r1_Im055,3,r1,0,0.2204466015100479,0
RIMONE_r1_Im056,3,r1,0,0.22174838185310364,0
RIMONE_r1_Im057,3,r1,0,0.7282973527908325,1
RIMONE_r1_Im058,3,r1,0,0.7282973527908325,1
RIMONE_r1_Im059,3,r1,0,0.8219668865203857,1
RIMONE_r1_Im060,3,r1,0,0.15825924277305603,0
RIMONE_r1_Im061,3,r1,0,0.8137612342834473,1
RIMONE_r1_Im062,3,r1,0,0.20924870669841766,0
RIMONE_r1_Im063,3,r1,0,0.2067164033651352,0
RIMONE_r1_Im071,3,r1,0,0.15825924277305603,0
RIMONE_r1_Im072,3,r1,0,0.8137612342834473,1
RIMONE_r1_Im073,3,r1,0,0.8137612342834473,1
RIMONE_r1_Im080,3,r1,0,0.2894129455089569,0
RIMONE_r1_Im082,3,r1,0,0.24462135136127472,0
RIMONE_r1_Im086,3,r1,0,0.757143497467041,1
RIMONE_r1_Im087,3,r1,0,0.12152071297168732,0
RIMONE_r1_Im095,3,r1,0,0.7296571135520935,1
RIMONE_r1_Im107,3,r1,0,0.5437957048416138,1
RIMONE_r1_Im108,3,r1,0,0.2067164033651352,0
RIMONE_r1_Im115,3,r1,0,0.24462135136127472,0
RIMONE_r1_Im116,3,r1,0,0.08277110755443573,0
RIMONE_r1_Im119,3,r1,0,0.8431955575942993,1
RIMONE_r1_Im125,3,r1,0,0.28332090377807617,0
RIMONE_r1_Im127,3,r1,0,0.11116725206375122,0
RIMONE_r1_Im128,3,r1,0,0.7296571135520935,1
RIMONE_r1_Im129,3,r1,0,0.11269533634185791,0
RIMONE_r1_Im130,3,r1,0,0.7591879963874817,1
RIMONE_r1_Im131,3,r1,0,0.20924870669841766,0
RIMONE_r1_Im132,3,r1,0,0.5490586161613464,1
RIMONE_r1_Im133,3,r1,0,0.2067164033651352,0
RIMONE_r1_Im136,3,r1,0,0.5691776871681213,1
RIMONE_r1_Im137,3,r1,0,0.8470193147659302,1
RIMONE_r1_Im138,3,r1,0,0.17829525470733643,0
RIMONE_r1_Im142,3,r1,0,0.8470193147659302,1
RIMONE_r1_Im143,3,r1,0,0.7812714576721191,1
RIMONE_r1_Im145,3,r1,0,0.7812714576721191,1
RIMONE_r1_Im146,3,r1,0,0.20807674527168274,0
RIMONE_r1_Im149,3,r1,0,0.12030480802059174,0
RIMONE_r1_Im150,3,r1,0,0.2894129455089569,0
RIMONE_r1_Im151,3,r1,0,0.7591879963874817,1
RIMONE_r1_Im152,3,r1,0,0.7812714576721191,1
RIMONE_r1_Im153,3,r1,0,0.8137612342834473,1
RIMONE_r1_Im154,3,r1,0,0.24462135136127472,0
RIMONE_r1_Im155,3,r1,0,0.6703817248344421,1
RIMONE_r1_Im156,3,r1,0,0.8137612342834473,1
RIMONE_r1_Im159,3,r1,0,0.6795862913131714,1
RIMONE_r1_Im161,3,r1,0,0.3317374289035797,0
RIMONE_r1_Im162,3,r1,0,0.7410991787910461,1
RIMONE_r1_Im163,3,r1,0,0.6591696739196777,1
RIMONE_r1_Im164,3,r1,0,0.23926383256912231,0
RIMONE_r1_Im165,3,r1,0,0.2788776457309723,0
RIMONE_r1_Im166,3,r1,0,0.19124093651771545,0
RIMONE_r1_Im168,3,r1,0,0.8160797953605652,1
RIMONE_r1_Im169,3,r1,0,0.5528618097305298,1
RIMONE_r2_Im001,3,r2,0,0.7812714576721191,1
RIMONE_r2_Im002,3,r2,0,0.6591696739196777,1
RIMONE_r2_Im003,3,r2,0,0.6591696739196777,1
RIMONE_r2_Im004,3,r2,0,0.7282973527908325,1
RIMONE_r2_Im005,3,r2,0,0.8160797953605652,1
RIMONE_r2_Im006,3,r2,0,0.7282973527908325,1
RIMONE_r2_Im007,3,r2,0,0.7591879963874817,1
RIMONE_r2_Im009,3,r2,0,0.7282973527908325,1
RIMONE_r2_Im010,3,r2,0,0.8160797953605652,1
RIMONE_r2_Im011,3,r2,0,0.7812714576721191,1
RIMONE_r2_Im012,3,r2,0,0.7282973527908325,1
RIMONE_r2_Im013,3,r2,0,0.7410991787910461,1
RIMONE_r2_Im014,3,r2,0,0.7591879963874817,1
RIMONE_r2_Im015,3,r2,0,0.15825924277305603,0
RIMONE_r2_Im016,3,r2,0,0.15825924277305603,0
RIMONE_r2_Im017,3,r2,0,0.8137612342834473,1
RIMONE_r2_Im018,3,r2,0,0.7381386756896973,1
RIMONE_r2_Im019,3,r2,0,0.8160797953605652,1
RIMONE_r2_Im020,3,r2,0,0.2067164033651352,0
RIMONE_r2_Im021,3,r2,0,0.19124093651771545,0
RIMONE_r2_Im022,3,r2,0,0.8470193147659302,1
RIMONE_r2_Im023,3,r2,0,0.20924870669841766,0
RIMONE_r2_Im024,3,r2,0,0.327539324760437,0
RIMONE_r2_Im025,3,r2,0,0.15825924277305603,0
RIMONE_r2_Im026,3,r2,0,0.15825924277305603,0
RIMONE_r2_Im027,3,r2,0,0.8137612342834473,1
RIMONE_r2_Im028,3,r2,0,0.2067164033651352,0
RIMONE_r2_Im029,3,r2,0,0.5437957048416138,1
RIMONE_r2_Im030,3,r2,0,0.7381386756896973,1
RIMONE_r2_Im031,3,r2,0,0.6703817248344421,1
RIMONE_r2_Im032,3,r2,0,0.15825924277305603,0
RIMONE_r2_Im033,3,r2,0,0.8160797953605652,1
RIMONE_r2_Im347,3,r2,1,0.5757142305374146,1
RIMONE_r2_Im348,3,r2,1,0.757143497467041,1
RIMONE_r2_Im351,3,r2,1,0.5691776871681213,1
RIMONE_r2_Im352,3,r2,1,0.7812714576721191,1
RIMONE_r2_Im354,3,r2,1,0.19124093651771545,0
RIMONE_r2_Im355,3,r2,1,0.19124093651771545,0
RIMONE_r2_Im356,3,r2,1,0.2894129455089569,0
RIMONE_r2_Im357,3,r2,1,0.7812714576721191,1
RIMONE_r2_Im358,3,r2,1,0.7737587690353394,1
RIMONE_r2_Im362,3,r2,1,0.8160797953605652,1
RIMONE_r2_Im365,3,r2,1,0.2204466015100479,0
RIMONE_r2_Im366,3,r2,1,0.20807674527168274,0
RIMONE_r2_Im369,3,r2,1,0.18191216886043549,0
RIMONE_r2_Im373,3,r2,1,0.20807674527168274,0
RIMONE_r2_Im376,3,r2,1,0.2067164033651352,0
RIMONE_r2_Im377,3,r2,1,0.7432194352149963,1
RIMONE_r2_Im383,3,r2,1,0.15825924277305603,0
RIMONE_r2_Im384,3,r2,1,0.2894129455089569,0
RIMONE_r2_Im385,3,r2,1,0.2894129455089569,0
RIMONE_r2_Im387,3,r2,1,0.7812714576721191,1
RIMONE_r2_Im388,3,r2,1,0.28344252705574036,0
RIMONE_r2_Im389,3,r2,1,0.2894129455089569,0
RIMONE_r2_Im390,3,r2,1,0.2894129455089569,0
RIMONE_r2_Im391,3,r2,1,0.2894129455089569,0
RIMONE_r2_Im392,3,r2,1,0.2894129455089569,0
RIMONE_r2_Im393,3,r2,1,0.7371708750724792,1
RIMONE_r2_Im398,3,r2,1,0.5330018401145935,1
RIMONE_r2_Im399,3,r2,1,0.6607142686843872,1
RIMONE_r2_Im400,3,r2,1,0.2894129455089569,0
RIMONE_r2_Im401,3,r2,1,0.2894129455089569,0
RIMONE_r2_Im402,3,r2,1,0.2629072666168213,0
RIMONE_r2_Im403,3,r2,1,0.19124093651771545,0
RIMONE_r2_Im404,3,r2,1,0.2894129455089569,0
RIMONE_r2_Im406,3,r2,1,0.20924870669841766,0
RIMONE_r2_Im407,3,r2,1,0.757143497467041,1
RIMONE_r2_Im408,3,r2,1,0.8137612342834473,1
RIMONE_r2_Im414,3,r2,1,0.8116546869277954,1
RIMONE_r2_Im415,3,r2,1,0.24462135136127472,0
RIMONE_r2_Im416,3,r2,1,0.3292064070701599,0
RIMONE_r2_Im418,3,r2,1,0.2894129455089569,0
RIMONE_r2_Im419,3,r2,1,0.7282973527908325,1
RIMONE_r2_Im420,3,r2,1,0.7591879963874817,1
RIMONE_r2_Im421,3,r2,1,0.7282973527908325,1
RIMONE_r2_Im422,3,r2,1,0.20807674527168274,0
RIMONE_r2_Im424,3,r2,1,0.24462135136127472,0
RIMONE_r2_Im427,3,r2,1,0.5330018401145935,1
RIMONE_r2_Im428,3,r2,1,0.19124093651771545,0
RIMONE_r2_Im429,3,r2,1,0.31308624148368835,0
RIMONE_r2_Im432,3,r2,1,0.6703817248344421,1
RIMONE_r2_Im433,3,r2,1,0.7737587690353394,1
RIMONE_r2_Im436,3,r2,1,0.7591879963874817,1
RIMONE_r2_Im439,3,r2,1,0.19124093651771545,0
RIMONE_r2_Im441,3,r2,1,0.19124093651771545,0
RIMONE_r2_Im442,3,r2,1,0.2894129455089569,0
RIMONE_r2_Im443,3,r2,1,0.8470193147659302,1
RIMONE_r2_Im444,3,r2,1,0.2894129455089569,0
RIMONE_r2_Im445,3,r2,1,0.2204466015100479,0
RIMONE_r2_Im448,3,r2,1,0.7812714576721191,1
RIMONE_r2_Im449,3,r2,1,0.7812714576721191,1
RIMONE_r2_Im450,3,r2,1,0.7737587690353394,1
RIMONE_r2_Im451,3,r2,1,0.2894129455089569,0
RIMONE_r2_Im453,3,r2,1,0.7296571135520935,1
RIMONE_r2_Im454,3,r2,1,0.20807674527168274,0
RIMONE_r2_Im455,3,r2,1,0.7737587690353394,1
RIMONE_r3_G-1-L_left_half,3,r3,1,0.19124093651771545,0
RIMONE_r3_G-10-L_left_half,3,r3,1,0.7158272862434387,1
RIMONE_r3_G-11-R_left_half,3,r3,1,0.6536125540733337,1
RIMONE_r3_G-12-L_left_half,3,r3,1,0.2894129455089569,0
RIMONE_r3_G-13-R_left_half,3,r3,1,0.6536125540733337,1
RIMONE_r3_G-14-R_left_half,3,r3,1,0.7456086277961731,1
RIMONE_r3_G-15-L_left_half,3,r3,1,0.19124093651771545,0
RIMONE_r3_G-16-R_left_half,3,r3,1,0.19124093651771545,0
RIMONE_r3_G-17-L_left_half,3,r3,1,0.28344252705574036,0
RIMONE_r3_G-18-R_left_half,3,r3,1,0.20924870669841766,0
RIMONE_r3_G-2-R_left_half,3,r3,1,0.2894129455089569,0
RIMONE_r3_G-22-L_left_half,3,r3,1,0.8896856307983398,1
RIMONE_r3_G-23-R_left_half,3,r3,1,0.20807674527168274,0
RIMONE_r3_G-25-L_left_half,3,r3,1,0.20807674527168274,0
RIMONE_r3_G-27-R_left_half,3,r3,1,0.7737587690353394,1
RIMONE_r3_G-29-R_left_half,3,r3,1,0.2894129455089569,0
RIMONE_r3_G-3-R_left_half,3,r3,1,0.8717588782310486,1
RIMONE_r3_G-30-L_left_half,3,r3,1,0.7737587690353394,1
RIMONE_r3_G-31-R_left_half,3,r3,1,0.4726792275905609,0
RIMONE_r3_G-32-L_left_half,3,r3,1,0.7675448060035706,1
RIMONE_r3_G-33-R_left_half,3,r3,1,0.15825924277305603,0
RIMONE_r3_G-34-L_left_half,3,r3,1,0.9105925559997559,1
RIMONE_r3_G-35-R_left_half,3,r3,1,0.21392138302326202,0
RIMONE_r3_G-37-R_left_half,3,r3,1,0.7432194352149963,1
RIMONE_r3_G-38-L_left_half,3,r3,1,0.2894129455089569,0
RIMONE_r3_G-39-L_left_half,3,r3,1,0.13946515321731567,0
RIMONE_r3_G-6-L_left_half,3,r3,1,0.18067777156829834,0
RIMONE_r3_G-8-R_left_half,3,r3,1,0.17708060145378113,0
RIMONE_r3_G-9-R_left_half,3,r3,1,0.3115512728691101,0
RIMONE_r3_S-1-L_left_half,3,r3,1,0.22174838185310364,0
RIMONE_r3_S-10-R_left_half,3,r3,1,0.4920015037059784,0
RIMONE_r3_S-11-L_left_half,3,r3,1,0.24462135136127472,0
RIMONE_r3_S-12-L_left_half,3,r3,1,0.92922043800354,1
RIMONE_r3_S-13-R_left_half,3,r3,1,0.8470193147659302,1
RIMONE_r3_S-14-R_left_half,3,r3,1,0.3317374289035797,0
RIMONE_r3_S-18-L_left_half,3,r3,1,0.2204466015100479,0
RIMONE_r3_S-19-R_left_half,3,r3,1,0.19124093651771545,0
RIMONE_r3_S-2-L_left_half,3,r3,1,0.20924870669841766,0
RIMONE_r3_S-20-L_left_half,3,r3,1,0.7812714576721191,1
RIMONE_r3_S-21-R_left_half,3,r3,1,0.7737587690353394,1
RIMONE_r3_S-25-L_left_half,3,r3,1,0.7543963193893433,1
RIMONE_r3_S-26-R_left_half,3,r3,1,0.7812714576721191,1
RIMONE_r3_S-28-R_left_half,3,r3,1,0.22597186267375946,0
RIMONE_r3_S-29-R_left_half,3,r3,1,0.19124093651771545,0
RIMONE_r3_S-30-L_left_half,3,r3,1,0.2067164033651352,0
RIMONE_r3_S-31-L_left_half,3,r3,1,0.22174838185310364,0
RIMONE_r3_S-32-L_left_half,3,r3,1,0.17933188378810883,0
RIMONE_r3_S-33-R_left_half,3,r3,1,0.19124093651771545,0
RIMONE_r3_S-35-R_left_half,3,r3,1,0.7812714576721191,1
RIMONE_r3_S-4-L_left_half,3,r3,1,0.9198744893074036,1
RIMONE_r3_S-6-R_left_half,3,r3,1,0.4258085787296295,0
RIMONE_r3_S-9-L_left_half,3,r3,1,0.6807196736335754,1
RIMONE_r2_Im034,3,r2,0,0.2067164033651352,0
RIMONE_r2_Im036,3,r2,0,0.15825924277305603,0
RIMONE_r2_Im038,3,r2,0,0.17708060145378113,0
RIMONE_r2_Im040,3,r2,0,0.3317374289035797,0
RIMONE_r2_Im042,3,r2,0,0.17829525470733643,0
RIMONE_r2_Im044,3,r2,0,0.7282973527908325,1
RIMONE_r2_Im046,3,r2,0,0.7282973527908325,1
RIMONE_r2_Im048,3,r2,0,0.2894129455089569,0
RIMONE_r2_Im050,3,r2,0,0.2067164033651352,0
RIMONE_r2_Im052,3,r2,0,0.20924870669841766,0
RIMONE_r2_Im054,3,r2,0,0.20924870669841766,0
RIMONE_r2_Im056,3,r2,0,0.31308624148368835,0
RIMONE_r2_Im058,3,r2,0,0.8092933297157288,1
RIMONE_r2_Im060,3,r2,0,0.2067164033651352,0
RIMONE_r2_Im062,3,r2,0,0.08277110755443573,0
RIMONE_r2_Im064,3,r2,0,0.2067164033651352,0
RIMONE_r2_Im066,3,r2,0,0.18705923855304718,0
RIMONE_r2_Im068,3,r2,0,0.15825924277305603,0
RIMONE_r2_Im070,3,r2,0,0.2067164033651352,0
RIMONE_r2_Im072,3,r2,0,0.20924870669841766,0
RIMONE_r2_Im074,3,r2,0,0.7591879963874817,1
RIMONE_r2_Im076,3,r2,0,0.30978962779045105,0
RIMONE_r2_Im078,3,r2,0,0.15825924277305603,0
RIMONE_r2_Im080,3,r2,0,0.15825924277305603,0
RIMONE_r2_Im082,3,r2,0,0.2894129455089569,0
RIMONE_r2_Im084,3,r2,0,0.2894129455089569,0
RIMONE_r2_Im086,3,r2,0,0.15825924277305603,0
RIMONE_r2_Im088,3,r2,0,0.24462135136127472,0
RIMONE_r2_Im090,3,r2,0,0.20924870669841766,0
RIMONE_r2_Im092,3,r2,0,0.8137612342834473,1
RIMONE_r2_Im094,3,r2,0,0.11269533634185791,0
RIMONE_r2_Im096,3,r2,0,0.2067164033651352,0
RIMONE_r2_Im098,3,r2,0,0.2204466015100479,0
RIMONE_r2_Im100,3,r2,0,0.20924870669841766,0
RIMONE_r2_Im102,3,r2,0,0.8137612342834473,1
RIMONE_r2_Im104,3,r2,0,0.2067164033651352,0
RIMONE_r2_Im106,3,r2,0,0.12030480802059174,0
RIMONE_r2_Im108,3,r2,0,0.2067164033651352,0
RIMONE_r2_Im110,3,r2,0,0.15825924277305603,0
RIMONE_r2_Im112,3,r2,0,0.7381386756896973,1
RIMONE_r2_Im114,3,r2,0,0.7591879963874817,1
RIMONE_r2_Im116,3,r2,0,0.8137612342834473,1
RIMONE_r2_Im118,3,r2,0,0.11116725206375122,0
RIMONE_r2_Im120,3,r2,0,0.2067164033651352,0
RIMONE_r2_Im122,3,r2,0,0.17708060145378113,0
RIMONE_r2_Im124,3,r2,0,0.20924870669841766,0
RIMONE_r2_Im126,3,r2,0,0.5530683398246765,1
RIMONE_r2_Im128,3,r2,0,0.15825924277305603,0
RIMONE_r2_Im130,3,r2,0,0.2067164033651352,0
RIMONE_r2_Im132,3,r2,0,0.2067164033651352,0
RIMONE_r2_Im134,3,r2,0,0.7591879963874817,1
RIMONE_r2_Im136,3,r2,0,0.2067164033651352,0
RIMONE_r2_Im138,3,r2,0,0.24462135136127472,0
RIMONE_r2_Im140,3,r2,0,0.20924870669841766,0
RIMONE_r2_Im142,3,r2,0,0.2067164033651352,0
RIMONE_r2_Im144,3,r2,0,0.8137612342834473,1
RIMONE_r2_Im146,3,r2,0,0.5490586161613464,1
RIMONE_r2_Im148,3,r2,0,0.2067164033651352,0
RIMONE_r2_Im150,3,r2,0,0.15825924277305603,0
RIMONE_r2_Im152,3,r2,0,0.2067164033651352,0
RIMONE_r2_Im154,3,r2,0,0.15825924277305603,0
RIMONE_r2_Im156,3,r2,0,0.2067164033651352,0
RIMONE_r2_Im158,3,r2,0,0.2067164033651352,0
RIMONE_r2_Im160,3,r2,0,0.2067164033651352,0
RIMONE_r2_Im162,3,r2,0,0.3317374289035797,0
RIMONE_r2_Im164,3,r2,0,0.2894129455089569,0
RIMONE_r2_Im166,3,r2,0,0.8092933297157288,1
RIMONE_r2_Im168,3,r2,0,0.7296571135520935,1
RIMONE_r2_Im170,3,r2,0,0.11116725206375122,0
RIMONE_r2_Im172,3,r2,0,0.2067164033651352,0
RIMONE_r2_Im174,3,r2,0,0.7591879963874817,1
RIMONE_r2_Im176,3,r2,0,0.24462135136127472,0
RIMONE_r2_Im178,3,r2,0,0.2067164033651352,0
RIMONE_r2_Im180,3,r2,0,0.31308624148368835,0
RIMONE_r2_Im182,3,r2,0,0.5490586161613464,1
RIMONE_r2_Im184,3,r2,0,0.8137612342834473,1
RIMONE_r2_Im186,3,r2,0,0.15825924277305603,0
RIMONE_r2_Im188,3,r2,0,0.2894129455089569,0
RIMONE_r2_Im190,3,r2,0,0.6703817248344421,1
RIMONE_r2_Im192,3,r2,0,0.2067164033651352,0
RIMONE_r2_Im194,3,r2,0,0.24462135136127472,0
RIMONE_r2_Im196,3,r2,0,0.2067164033651352,0
RIMONE_r2_Im198,3,r2,0,0.2067164033651352,0
RIMONE_r2_Im200,3,r2,0,0.30978962779045105,0
RIMONE_r2_Im202,3,r2,0,0.19124093651771545,0
RIMONE_r2_Im206,3,r2,0,0.22372876107692719,0
RIMONE_r2_Im208,3,r2,0,0.15825924277305603,0
RIMONE_r2_Im210,3,r2,0,0.15825924277305603,0
RIMONE_r2_Im212,3,r2,0,0.2067164033651352,0
RIMONE_r2_Im214,3,r2,0,0.8116546869277954,1
RIMONE_r2_Im216,3,r2,0,0.13439355790615082,0
RIMONE_r2_Im218,3,r2,0,0.7381386756896973,1
RIMONE_r2_Im220,3,r2,0,0.2894129455089569,0
RIMONE_r2_Im222,3,r2,0,0.20924870669841766,0
RIMONE_r2_Im224,3,r2,0,0.7282973527908325,1
RIMONE_r2_Im226,3,r2,0,0.20807674527168274,0
RIMONE_r2_Im228,3,r2,0,0.20807674527168274,0
RIMONE_r2_Im230,3,r2,0,0.6977664828300476,1
RIMONE_r2_Im232,3,r2,0,0.31308624148368835,0
RIMONE_r2_Im234,3,r2,0,0.15825924277305603,0
RIMONE_r2_Im236,3,r2,0,0.8137612342834473,1
RIMONE_r2_Im238,3,r2,0,0.15825924277305603,0
RIMONE_r2_Im240,3,r2,0,0.7591879963874817,1
RIMONE_r2_Im242,3,r2,0,0.20924870669841766,0
RIMONE_r2_Im244,3,r2,0,0.2067164033651352,0
RIMONE_r2_Im246,3,r2,0,0.8137612342834473,1
RIMONE_r2_Im248,3,r2,0,0.19124093651771545,0
RIMONE_r2_Im250,3,r2,0,0.5437957048416138,1
RIMONE_r2_Im252,3,r2,0,0.8160797953605652,1
RIMONE_r2_Im254,3,r2,0,0.2067164033651352,0
RIMONE_r3_N-1-L_left_half,3,r3,0,0.19124093651771545,0
RIMONE_r3_N-10-R_left_half,3,r3,0,0.7737587690353394,1
RIMONE_r3_N-11-L_left_half,3,r3,0,0.7737587690353394,1
RIMONE_r3_N-12-R_left_half,3,r3,0,0.7737587690353394,1
RIMONE_r3_N-13-L_left_half,3,r3,0,0.7812714576721191,1
RIMONE_r3_N-14-R_left_half,3,r3,0,0.17933188378810883,0
RIMONE_r3_N-16-R_left_half,3,r3,0,0.1633668690919876,0
RIMONE_r3_N-17-L_left_half,3,r3,0,0.8470193147659302,1
RIMONE_r3_N-18-R_left_half,3,r3,0,0.15825924277305603,0
RIMONE_r3_N-2-R_left_half,3,r3,0,0.8431955575942993,1
RIMONE_r3_N-20-R_left_half,3,r3,0,0.2067164033651352,0
RIMONE_r3_N-21-L_left_half,3,r3,0,0.5798028111457825,1
RIMONE_r3_N-22-R_left_half,3,r3,0,0.6794601082801819,1
RIMONE_r3_N-23-L_left_half,3,r3,0,0.20924870669841766,0
RIMONE_r3_N-24-R_left_half,3,r3,0,0.7684975266456604,1
RIMONE_r3_N-25-L_left_half,3,r3,0,0.19124093651771545,0
RIMONE_r3_N-26-R_left_half,3,r3,0,0.20924870669841766,0
RIMONE_r3_N-27-L_left_half,3,r3,0,0.20924870669841766,0
RIMONE_r3_N-28-R_left_half,3,r3,0,0.15825924277305603,0
RIMONE_r3_N-29-L_left_half,3,r3,0,0.3317374289035797,0
RIMONE_r3_N-3-L_left_half,3,r3,0,0.2067164033651352,0
RIMONE_r3_N-30-R_left_half,3,r3,0,0.757143497467041,1
RIMONE_r3_N-31-L_left_half,3,r3,0,0.2067164033651352,0
RIMONE_r3_N-32-R_left_half,3,r3,0,0.15825924277305603,0
RIMONE_r3_N-33-L_left_half,3,r3,0,0.19124093651771545,0
RIMONE_r3_N-34-R_left_half,3,r3,0,0.2894129455089569,0
RIMONE_r3_N-35-L_left_half,3,r3,0,0.2894129455089569,0
RIMONE_r3_N-36-R_left_half,3,r3,0,0.19124093651771545,0
RIMONE_r3_N-37-L_left_half,3,r3,0,0.7381386756896973,1
RIMONE_r3_N-38-R_left_half,3,r3,0,0.7068085074424744,1
RIMONE_r3_N-39-L_left_half,3,r3,0,0.2629072666168213,0
RIMONE_r3_N-4-R_left_half,3,r3,0,0.2067164033651352,0
RIMONE_r3_N-40-R_left_half,3,r3,0,0.08277110755443573,0
RIMONE_r3_N-41-L_left_half,3,r3,0,0.11269533634185791,0
RIMONE_r3_N-42-R_left_half,3,r3,0,0.8160797953605652,1
RIMONE_r3_N-43-L_left_half,3,r3,0,0.7591879963874817,1
RIMONE_r3_N-44-R_left_half,3,r3,0,0.6607142686843872,1
RIMONE_r3_N-46-R_left_half,3,r3,0,0.5530683398246765,1
RIMONE_r3_N-47-L_left_half,3,r3,0,0.19124093651771545,0
RIMONE_r3_N-48-R_left_half,3,r3,0,0.7737587690353394,1
RIMONE_r3_N-49-L_left_half,3,r3,0,0.11116725206375122,0
RIMONE_r3_N-5-L_left_half,3,r3,0,0.2067164033651352,0
RIMONE_r3_N-50-R_left_half,3,r3,0,0.2067164033651352,0
RIMONE_r3_N-51-L_left_half,3,r3,0,0.9271236062049866,1
RIMONE_r3_N-52-R_left_half,3,r3,0,0.7737587690353394,1
RIMONE_r3_N-53-L_left_half,3,r3,0,0.19124093651771545,0
RIMONE_r3_N-54-R_left_half,3,r3,0,0.19124093651771545,0
RIMONE_r3_N-55-L_left_half,3,r3,0,0.2894129455089569,0
RIMONE_r3_N-56-R_left_half,3,r3,0,0.2894129455089569,0
RIMONE_r3_N-58-R_left_half,3,r3,0,0.20924870669841766,0
RIMONE_r3_N-59-L_left_half,3,r3,0,0.7296571135520935,1
RIMONE_r3_N-6-R_left_half,3,r3,0,0.7591879963874817,1
RIMONE_r3_N-61-L_left_half,3,r3,0,0.7737587690353394,1
RIMONE_r3_N-62-R_left_half,3,r3,0,0.5061848163604736,1
RIMONE_r3_N-63-L_left_half,3,r3,0,0.2894129455089569,0
RIMONE_r3_N-64-R_left_half,3,r3,0,0.1922450065612793,0
RIMONE_r3_N-65-L_left_half,3,r3,0,0.757143497467041,1
RIMONE_r3_N-66-R_left_half,3,r3,0,0.486672580242157,0
RIMONE_r3_N-67-L_left_half,3,r3,0,0.753807008266449,1
RIMONE_r3_N-68-R_left_half,3,r3,0,0.757143497467041,1
RIMONE_r3_N-69-L_left_half,3,r3,0,0.20807674527168274,0
RIMONE_r3_N-7-L_left_half,3,r3,0,0.19124093651771545,0
RIMONE_r3_N-70-R_left_half,3,r3,0,0.8137612342834473,1
RIMONE_r3_N-71-L_left_half,3,r3,0,0.8431955575942993,1
RIMONE_r3_N-72-R_left_half,3,r3,0,0.20924870669841766,0
RIMONE_r3_N-73-R_left_half,3,r3,0,0.8137612342834473,1
RIMONE_r3_N-74-L_left_half,3,r3,0,0.15825924277305603,0
RIMONE_r3_N-75-R_left_half,3,r3,0,0.20924870669841766,0
RIMONE_r3_N-76-R_left_half,3,r3,0,0.8137612342834473,1
RIMONE_r3_N-78-R_left_half,3,r3,0,0.5982508659362793,1
RIMONE_r3_N-79-L_left_half,3,r3,0,0.11269533634185791,0
RIMONE_r3_N-8-L_left_half,3,r3,0,0.15825924277305603,0
RIMONE_r3_N-80-R_left_half,3,r3,0,0.7736656069755554,1
RIMONE_r3_N-81-L_left_half,3,r3,0,0.5738638043403625,1
RIMONE_r3_N-82-R_left_half,3,r3,0,0.28344252705574036,0
RIMONE_r3_N-83-L_left_half,3,r3,0,0.10801992565393448,0
RIMONE_r3_N-84-R_left_half,3,r3,0,0.20807674527168274,0
RIMONE_r3_N-85-L_left_half,3,r3,0,0.24462135136127472,0
RIMONE_r3_N-86-R_left_half,3,r3,0,0.08277110755443573,0
RIMONE_r3_N-87-L_left_half,3,r3,0,0.7591879963874817,1
RIMONE_r3_N-88-R_left_half,3,r3,0,0.11116725206375122,0
RIMONE_r3_N-9-L_left_half,3,r3,0,0.20924870669841766,0
RIMONE_r3_N-90-R_left_half,3,r3,0,0.30978962779045105,0
RIMONE_r3_N-91-L_left_half,3,r3,0,0.8160797953605652,1
RIMONE_r3_N-92-R_left_half,3,r3,0,0.8137612342834473,1
RIMONE_r1_Im069,4,r1,1,0.8388423323631287,1
RIMONE_r1_Im103,4,r1,1,0.8459153771400452,1
RIMONE_r1_Im113,4,r1,1,0.8444812297821045,1
RIMONE_r1_Im117,4,r1,1,0.9409692287445068,1
RIMONE_r1_Im118,4,r1,1,0.634848952293396,1
RIMONE_r1_Im120,4,r1,1,0.7182398438453674,1
RIMONE_r1_Im121,4,r1,1,0.5535762906074524,1
RIMONE_r1_Im122,4,r1,1,0.8325691819190979,1
RIMONE_r1_Im135,4,r1,1,0.9589911103248596,1
RIMONE_r1_Im144,4,r1,1,0.7958971858024597,1
RIMONE_r1_Im158,4,r1,1,0.7815954685211182,1
RIMONE_r1_Im167,4,r1,1,0.8459153771400452,1
RIMONE_r2_Im257,4,r2,1,0.8808596730232239,1
RIMONE_r2_Im258,4,r2,1,0.8878116011619568,1
RIMONE_r2_Im260,4,r2,1,0.8878116011619568,1
RIMONE_r2_Im263,4,r2,1,0.9105733633041382,1
RIMONE_r2_Im264,4,r2,1,0.9390058517456055,1
RIMONE_r2_Im266,4,r2,1,0.9663320779800415,1
RIMONE_r2_Im267,4,r2,1,0.5863217711448669,1
RIMONE_r2_Im268,4,r2,1,0.37479203939437866,0
RIMONE_r2_Im269,4,r2,1,0.6300686597824097,1
RIMONE_r2_Im270,4,r2,1,0.8460763096809387,1
RIMONE_r2_Im273,4,r2,1,0.9091446995735168,1
RIMONE_r2_Im275,4,r2,1,0.8094881772994995,1
RIMONE_r2_Im277,4,r2,1,0.9299584031105042,1
RIMONE_r2_Im281,4,r2,1,0.3571344316005707,0
RIMONE_r2_Im287,4,r2,1,0.8798778653144836,1
RIMONE_r2_Im288,4,r2,1,0.6098471283912659,1
RIMONE_r2_Im289,4,r2,1,0.92574542760849,1
RIMONE_r2_Im290,4,r2,1,0.9398283362388611,1
RIMONE_r2_Im291,4,r2,1,0.8460763096809387,1
RIMONE_r2_Im292,4,r2,1,0.9420421123504639,1
RIMONE_r2_Im293,4,r2,1,0.6232684850692749,1
RIMONE_r2_Im294,4,r2,1,0.48939967155456543,0
RIMONE_r2_Im301,4,r2,1,0.9120841026306152,1
RIMONE_r2_Im302,4,r2,1,0.9505974650382996,1
RIMONE_r2_Im303,4,r2,1,0.9222214221954346,1
RIMONE_r2_Im305,4,r2,1,0.9532822370529175,1
RIMONE_r2_Im314,4,r2,1,0.9183615446090698,1
RIMONE_r2_Im315,4,r2,1,0.7195048332214355,1
RIMONE_r2_Im317,4,r2,1,0.929742157459259,1
RIMONE_r2_Im318,4,r2,1,0.8737143874168396,1
RIMONE_r2_Im319,4,r2,1,0.8460763096809387,1
RIMONE_r2_Im320,4,r2,1,0.8174585700035095,1
RIMONE_r2_Im321,4,r2,1,0.8808596730232239,1
RIMONE_r2_Im324,4,r2,1,0.9482752680778503,1
RIMONE_r2_Im329,4,r2,1,0.9508596062660217,1
RIMONE_r2_Im330,4,r2,1,0.5535762906074524,1
RIMONE_r2_Im331,4,r2,1,0.8878116011619568,1
RIMONE_r2_Im332,4,r2,1,0.9617793560028076,1
RIMONE_r2_Im333,4,r2,1,0.954447865486145,1
RIMONE_r2_Im334,4,r2,1,0.9650362133979797,1
RIMONE_r2_Im338,4,r2,1,0.8174585700035095,1
RIMONE_r2_Im339,4,r2,1,0.6976007223129272,1
RIMONE_r2_Im343,4,r2,1,0.8174585700035095,1
RIMONE_r2_Im344,4,r2,1,0.8980057835578918,1
RIMONE_r1_Im001,4,r1,0,0.8174585700035095,1
RIMONE_r1_Im003,4,r1,0,0.7378723621368408,1
RIMONE_r1_Im004,4,r1,0,0.5594629645347595,1
RIMONE_r1_Im006,4,r1,0,0.8174585700035095,1
RIMONE_r1_Im008,4,r1,0,0.8525977730751038,1
RIMONE_r1_Im011,4,r1,0,0.878268837928772,1
RIMONE_r1_Im012,4,r1,0,0.803879976272583,1
RIMONE_r1_Im014,4,r1,0,0.9286383986473083,1
RIMONE_r1_Im015,4,r1,0,0.9487979412078857,1
RIMONE_r1_Im019,4,r1,0,0.8728726506233215,1
RIMONE_r1_Im020,4,r1,0,0.9398283362388611,1
RIMONE_r1_Im022,4,r1,0,0.5535762906074524,1
RIMONE_r1_Im023,4,r1,0,0.5400684475898743,1
RIMONE_r1_Im024,4,r1,0,0.8415946960449219,1
RIMONE_r1_Im025,4,r1,0,0.7209336757659912,1
RIMONE_r1_Im026,4,r1,0,0.7919594645500183,1
RIMONE_r1_Im027,4,r1,0,0.8174585700035095,1
RIMONE_r1_Im028,4,r1,0,0.7911762595176697,1
RIMONE_r1_Im029,4,r1,0,0.8491569757461548,1
RIMONE_r1_Im031,4,r1,0,0.8415946960449219,1
RIMONE_r1_Im032,4,r1,0,0.7131803631782532,1
RIMONE_r1_Im033,4,r1,0,0.8737143874168396,1
RIMONE_r1_Im036,4,r1,0,0.6991654634475708,1
RIMONE_r1_Im037,4,r1,0,0.8388423323631287,1
RIMONE_r1_Im040,4,r1,0,0.912903904914856,1
RIMONE_r1_Im041,4,r1,0,0.8294368982315063,1
RIMONE_r1_Im042,4,r1,0,0.9183615446090698,1
RIMONE_r1_Im046,4,r1,0,0.8878116011619568,1
RIMONE_r1_Im047,4,r1,0,0.7468161582946777,1
RIMONE_r1_Im050,4,r1,0,0.9183615446090698,1
RIMONE_r1_Im052,4,r1,0,0.8440729379653931,1
RIMONE_r1_Im054,4,r1,0,0.9569848775863647,1
RIMONE_r1_Im055,4,r1,0,0.6797229051589966,1
RIMONE_r1_Im056,4,r1,0,0.7909573912620544,1
RIMONE_r1_Im057,4,r1,0,0.7131803631782532,1
RIMONE_r1_Im058,4,r1,0,0.7131803631782532,1
RIMONE_r1_Im059,4,r1,0,0.8737143874168396,1
RIMONE_r1_Im060,4,r1,0,0.5535762906074524,1
RIMONE_r1_Im061,4,r1,0,0.878268837928772,1
RIMONE_r1_Im062,4,r1,0,0.8441962599754333,1
RIMONE_r1_Im063,4,r1,0,0.5535762906074524,1
RIMONE_r1_Im071,4,r1,0,0.8354715704917908,1
RIMONE_r1_Im072,4,r1,0,0.8415946960449219,1
RIMONE_r1_Im073,4,r1,0,0.8415946960449219,1
RIMONE_r1_Im080,4,r1,0,0.9186211824417114,1
RIMONE_r1_Im082,4,r1,0,0.7958971858024597,1
RIMONE_r1_Im086,4,r1,0,0.9183615446090698,1
RIMONE_r1_Im087,4,r1,0,0.9264135360717773,1
RIMONE_r1_Im095,4,r1,0,0.766742467880249,1
RIMONE_r1_Im107,4,r1,0,0.6178288459777832,1
RIMONE_r1_Im108,4,r1,0,0.5500236749649048,1
RIMONE_r1_Im115,4,r1,0,0.7958971858024597,1
RIMONE_r1_Im116,4,r1,0,0.4841803312301636,0
RIMONE_r1_Im119,4,r1,0,0.9090536236763,1
RIMONE_r1_Im125,4,r1,0,0.664985716342926,1
RIMONE_r1_Im127,4,r1,0,0.7958971858024597,1
RIMONE_r1_Im128,4,r1,0,0.766742467880249,1
RIMONE_r1_Im129,4,r1,0,0.9369451999664307,1
RIMONE_r1_Im130,4,r1,0,0.8294368982315063,1
RIMONE_r1_Im131,4,r1,0,0.711355447769165,1
RIMONE_r1_Im132,4,r1,0,0.6309335827827454,1
RIMONE_r1_Im133,4,r1,0,0.5594629645347595,1
RIMONE_r1_Im136,4,r1,0,0.6766330003738403,1
RIMONE_r1_Im137,4,r1,0,0.9336301684379578,1
RIMONE_r1_Im138,4,r1,0,0.8857961297035217,1
RIMONE_r1_Im142,4,r1,0,0.9163917303085327,1
RIMONE_r1_Im143,4,r1,0,0.8810322284698486,1
RIMONE_r1_Im145,4,r1,0,0.8943352699279785,1
RIMONE_r1_Im146,4,r1,0,0.8235333561897278,1
RIMONE_r1_Im149,4,r1,0,0.931971549987793,1
RIMONE_r1_Im150,4,r1,0,0.8595912456512451,1
RIMONE_r1_Im151,4,r1,0,0.8394814133644104,1
RIMONE_r1_Im152,4,r1,0,0.8876472115516663,1
RIMONE_r1_Im153,4,r1,0,0.8878116011619568,1
RIMONE_r1_Im154,4,r1,0,0.7958971858024597,1
RIMONE_r1_Im155,4,r1,0,0.8056138157844543,1
RIMONE_r1_Im156,4,r1,0,0.8394814133644104,1
RIMONE_r1_Im159,4,r1,0,0.7182398438453674,1
RIMONE_r1_Im161,4,r1,0,0.9493720531463623,1
RIMONE_r1_Im162,4,r1,0,0.9489222168922424,1
RIMONE_r1_Im163,4,r1,0,0.5255920886993408,1
RIMONE_r1_Im164,4,r1,0,0.736427366733551,1
RIMONE_r1_Im165,4,r1,0,0.6330723166465759,1
RIMONE_r1_Im166,4,r1,0,0.9025548100471497,1
RIMONE_r1_Im168,4,r1,0,0.9487979412078857,1
RIMONE_r1_Im169,4,r1,0,0.950273871421814,1
RIMONE_r2_Im001,4,r2,0,0.9120841026306152,1
RIMONE_r2_Im002,4,r2,0,0.6098471283912659,1
RIMONE_r2_Im003,4,r2,0,0.7377058267593384,1
RIMONE_r2_Im004,4,r2,0,0.8737143874168396,1
RIMONE_r2_Im005,4,r2,0,0.9693163633346558,1
RIMONE_r2_Im006,4,r2,0,0.8737143874168396,1
RIMONE_r2_Im007,4,r2,0,0.900571346282959,1
RIMONE_r2_Im009,4,r2,0,0.6007168889045715,1
RIMONE_r2_Im010,4,r2,0,0.9761273264884949,1
RIMONE_r2_Im011,4,r2,0,0.8981563448905945,1
RIMONE_r2_Im012,4,r2,0,0.8737143874168396,1
RIMONE_r2_Im013,4,r2,0,0.9398283362388611,1
RIMONE_r2_Im014,4,r2,0,0.878268837928772,1
RIMONE_r2_Im015,4,r2,0,0.5594629645347595,1
RIMONE_r2_Im016,4,r2,0,0.5400684475898743,1
RIMONE_r2_Im017,4,r2,0,0.900571346282959,1
RIMONE_r2_Im018,4,r2,0,0.7841264009475708,1
RIMONE_r2_Im019,4,r2,0,0.9643651247024536,1
RIMONE_r2_Im020,4,r2,0,0.5594629645347595,1
RIMONE_r2_Im021,4,r2,0,0.9025548100471497,1
RIMONE_r2_Im022,4,r2,0,0.9420421123504639,1
RIMONE_r2_Im023,4,r2,0,0.8325691819190979,1
RIMONE_r2_Im024,4,r2,0,0.9091446995735168,1
RIMONE_r2_Im025,4,r2,0,0.5535762906074524,1
RIMONE_r2_Im026,4,r2,0,0.5535762906074524,1
RIMONE_r2_Im027,4,r2,0,0.878268837928772,1
RIMONE_r2_Im028,4,r2,0,0.5535762906074524,1
RIMONE_r2_Im029,4,r2,0,0.6178288459777832,1
RIMONE_r2_Im030,4,r2,0,0.8174585700035095,1
RIMONE_r2_Im031,4,r2,0,0.8174585700035095,1
RIMONE_r2_Im032,4,r2,0,0.5382106900215149,1
RIMONE_r2_Im033,4,r2,0,0.9676698446273804,1
RIMONE_r2_Im347,4,r2,1,0.3521697223186493,0
RIMONE_r2_Im348,4,r2,1,0.9183615446090698,1
RIMONE_r2_Im351,4,r2,1,0.6375762820243835,1
RIMONE_r2_Im352,4,r2,1,0.794052243232727,1
RIMONE_r2_Im354,4,r2,1,0.6384069323539734,1
RIMONE_r2_Im355,4,r2,1,0.6776778101921082,1
RIMONE_r2_Im356,4,r2,1,0.9025548100471497,1
RIMONE_r2_Im357,4,r2,1,0.909740686416626,1
RIMONE_r2_Im358,4,r2,1,0.8714866638183594,1
RIMONE_r2_Im362,4,r2,1,0.9565987586975098,1
RIMONE_r2_Im365,4,r2,1,0.9091446995735168,1
RIMONE_r2_Im366,4,r2,1,0.8235333561897278,1
RIMONE_r2_Im369,4,r2,1,0.7028818130493164,1
RIMONE_r2_Im373,4,r2,1,0.8235333561897278,1
RIMONE_r2_Im376,4,r2,1,0.5535762906074524,1
RIMONE_r2_Im377,4,r2,1,0.776566743850708,1
RIMONE_r2_Im383,4,r2,1,0.5535762906074524,1
RIMONE_r2_Im384,4,r2,1,0.9065546989440918,1
RIMONE_r2_Im385,4,r2,1,0.8669015765190125,1
RIMONE_r2_Im387,4,r2,1,0.8810322284698486,1
RIMONE_r2_Im388,4,r2,1,0.8459153771400452,1
RIMONE_r2_Im389,4,r2,1,0.9065546989440918,1
RIMONE_r2_Im390,4,r2,1,0.8669015765190125,1
RIMONE_r2_Im391,4,r2,1,0.8741900324821472,1
RIMONE_r2_Im392,4,r2,1,0.9065546989440918,1
RIMONE_r2_Im393,4,r2,1,0.7642384171485901,1
RIMONE_r2_Im398,4,r2,1,0.5822284817695618,1
RIMONE_r2_Im399,4,r2,1,0.7505425214767456,1
RIMONE_r2_Im400,4,r2,1,0.8669015765190125,1
RIMONE_r2_Im401,4,r2,1,0.8902408480644226,1
RIMONE_r2_Im402,4,r2,1,0.6999257802963257,1
RIMONE_r2_Im403,4,r2,1,0.704158365726471,1
RIMONE_r2_Im404,4,r2,1,0.8669015765190125,1
RIMONE_r2_Im406,4,r2,1,0.8441962599754333,1
RIMONE_r2_Im407,4,r2,1,0.9183615446090698,1
RIMONE_r2_Im408,4,r2,1,0.8870661854743958,1
RIMONE_r2_Im414,4,r2,1,0.9438122510910034,1
RIMONE_r2_Im415,4,r2,1,0.8411542773246765,1
RIMONE_r2_Im416,4,r2,1,0.9469214081764221,1
RIMONE_r2_Im418,4,r2,1,0.883430004119873,1
RIMONE_r2_Im419,4,r2,1,0.7378723621368408,1
RIMONE_r2_Im420,4,r2,1,0.8870661854743958,1
RIMONE_r2_Im421,4,r2,1,0.6300686597824097,1
RIMONE_r2_Im422,4,r2,1,0.8235333561897278,1
RIMONE_r2_Im424,4,r2,1,0.8411542773246765,1
RIMONE_r2_Im427,4,r2,1,0.6002019047737122,1
RIMONE_r2_Im428,4,r2,1,0.9025548100471497,1
RIMONE_r2_Im429,4,r2,1,0.948989748954773,1
RIMONE_r2_Im432,4,r2,1,0.7770014405250549,1
RIMONE_r2_Im433,4,r2,1,0.8645758032798767,1
RIMONE_r2_Im436,4,r2,1,0.8415946960449219,1
RIMONE_r2_Im439,4,r2,1,0.6991654634475708,1
RIMONE_r2_Im441,4,r2,1,0.9025548100471497,1
RIMONE_r2_Im442,4,r2,1,0.8857961297035217,1
RIMONE_r2_Im443,4,r2,1,0.9163917303085327,1
RIMONE_r2_Im444,4,r2,1,0.9065546989440918,1
RIMONE_r2_Im445,4,r2,1,0.6797229051589966,1
RIMONE_r2_Im448,4,r2,1,0.8810322284698486,1
RIMONE_r2_Im449,4,r2,1,0.8943352699279785,1
RIMONE_r2_Im450,4,r2,1,0.8800516128540039,1
RIMONE_r2_Im451,4,r2,1,0.8902408480644226,1
RIMONE_r2_Im453,4,r2,1,0.766742467880249,1
RIMONE_r2_Im454,4,r2,1,0.8232941031455994,1
RIMONE_r2_Im455,4,r2,1,0.8645758032798767,1
RIMONE_r3_G-1-L_left_half,4,r3,1,0.6665260791778564,1
RIMONE_r3_G-10-L_left_half,4,r3,1,0.8795737028121948,1
RIMONE_r3_G-11-R_left_half,4,r3,1,0.8594657182693481,1
RIMONE_r3_G-12-L_left_half,4,r3,1,0.7310546636581421,1
RIMONE_r3_G-13-R_left_half,4,r3,1,0.8594657182693481,1
RIMONE_r3_G-14-R_left_half,4,r3,1,0.7824535369873047,1
RIMONE_r3_G-15-L_left_half,4,r3,1,0.8619888424873352,1
RIMONE_r3_G-16-R_left_half,4,r3,1,0.6612036228179932,1
RIMONE_r3_G-17-L_left_half,4,r3,1,0.6961564421653748,1
RIMONE_r3_G-18-R_left_half,4,r3,1,0.8441962599754333,1
RIMONE_r3_G-2-R_left_half,4,r3,1,0.8669015765190125,1
RIMONE_r3_G-22-L_left_half,4,r3,1,0.8591560125350952,1
RIMONE_r3_G-23-R_left_half,4,r3,1,0.8232941031455994,1
RIMONE_r3_G-25-L_left_half,4,r3,1,0.8235333561897278,1
RIMONE_r3_G-27-R_left_half,4,r3,1,0.8796415328979492,1
RIMONE_r3_G-29-R_left_half,4,r3,1,0.8857961297035217,1
RIMONE_r3_G-3-R_left_half,4,r3,1,0.8594657182693481,1
RIMONE_r3_G-30-L_left_half,4,r3,1,0.8647683262825012,1
RIMONE_r3_G-31-R_left_half,4,r3,1,0.33001282811164856,0
RIMONE_r3_G-32-L_left_half,4,r3,1,0.6454265117645264,1
RIMONE_r3_G-33-R_left_half,4,r3,1,0.5500236749649048,1
RIMONE_r3_G-34-L_left_half,4,r3,1,0.7988845109939575,1
RIMONE_r3_G-35-R_left_half,4,r3,1,0.7703807353973389,1
RIMONE_r3_G-37-R_left_half,4,r3,1,0.8627060651779175,1
RIMONE_r3_G-38-L_left_half,4,r3,1,0.9065546989440918,1
RIMONE_r3_G-39-L_left_half,4,r3,1,0.5873032808303833,1
RIMONE_r3_G-6-L_left_half,4,r3,1,0.9029416441917419,1
RIMONE_r3_G-8-R_left_half,4,r3,1,0.534601628780365,1
RIMONE_r3_G-9-R_left_half,4,r3,1,0.9065546989440918,1
RIMONE_r3_S-1-L_left_half,4,r3,1,0.9091446995735168,1
RIMONE_r3_S-10-R_left_half,4,r3,1,0.9368269443511963,1
RIMONE_r3_S-11-L_left_half,4,r3,1,0.8411542773246765,1
RIMONE_r3_S-12-L_left_half,4,r3,1,0.9306331276893616,1
RIMONE_r3_S-13-R_left_half,4,r3,1,0.9390058517456055,1
RIMONE_r3_S-14-R_left_half,4,r3,1,0.9264135360717773,1
RIMONE_r3_S-18-L_left_half,4,r3,1,0.6930651068687439,1
RIMONE_r3_S-19-R_left_half,4,r3,1,0.6991654634475708,1
RIMONE_r3_S-2-L_left_half,4,r3,1,0.8491569757461548,1
RIMONE_r3_S-20-L_left_half,4,r3,1,0.887048065662384,1
RIMONE_r3_S-21-R_left_half,4,r3,1,0.8645758032798767,1
RIMONE_r3_S-25-L_left_half,4,r3,1,0.9340798854827881,1
RIMONE_r3_S-26-R_left_half,4,r3,1,0.8810322284698486,1
RIMONE_r3_S-28-R_left_half,4,r3,1,0.8235333561897278,1
RIMONE_r3_S-29-R_left_half,4,r3,1,0.704158365726471,1
RIMONE_r3_S-30-L_left_half,4,r3,1,0.5535762906074524,1
RIMONE_r3_S-31-L_left_half,4,r3,1,0.7921909093856812,1
RIMONE_r3_S-32-L_left_half,4,r3,1,0.842093825340271,1
RIMONE_r3_S-33-R_left_half,4,r3,1,0.696135401725769,1
RIMONE_r3_S-35-R_left_half,4,r3,1,0.9099618792533875,1
RIMONE_r3_S-4-L_left_half,4,r3,1,0.852829098701477,1
RIMONE_r3_S-6-R_left_half,4,r3,1,0.43992260098457336,0
RIMONE_r3_S-9-L_left_half,4,r3,1,0.9434044361114502,1
RIMONE_r2_Im034,4,r2,0,0.5535762906074524,1
RIMONE_r2_Im036,4,r2,0,0.5535762906074524,1
RIMONE_r2_Im038,4,r2,0,0.5460861325263977,1
RIMONE_r2_Im040,4,r2,0,0.9264135360717773,1
RIMONE_r2_Im042,4,r2,0,0.9025548100471497,1
RIMONE_r2_Im044,4,r2,0,0.7539739012718201,1
RIMONE_r2_Im046,4,r2,0,0.7539739012718201,1
RIMONE_r2_Im048,4,r2,0,0.9203373193740845,1
RIMONE_r2_Im050,4,r2,0,0.5594629645347595,1
RIMONE_r2_Im052,4,r2,0,0.8325691819190979,1
RIMONE_r2_Im054,4,r2,0,0.8491569757461548,1
RIMONE_r2_Im056,4,r2,0,0.956771194934845,1
RIMONE_r2_Im058,4,r2,0,0.8297990560531616,1
RIMONE_r2_Im060,4,r2,0,0.5594629645347595,1
RIMONE_r2_Im062,4,r2,0,0.8411542773246765,1
RIMONE_r2_Im064,4,r2,0,0.5535762906074524,1
RIMONE_r2_Im066,4,r2,0,0.6628511548042297,1
RIMONE_r2_Im068,4,r2,0,0.5500236749649048,1
RIMONE_r2_Im070,4,r2,0,0.5594629645347595,1
RIMONE_r2_Im072,4,r2,0,0.9508596062660217,1
RIMONE_r2_Im074,4,r2,0,0.8870661854743958,1
RIMONE_r2_Im076,4,r2,0,0.7958971858024597,1
RIMONE_r2_Im078,4,r2,0,0.5535762906074524,1
RIMONE_r2_Im080,4,r2,0,0.5286995768547058,1
RIMONE_r2_Im082,4,r2,0,0.8669015765190125,1
RIMONE_r2_Im084,4,r2,0,0.9203373193740845,1
RIMONE_r2_Im086,4,r2,0,0.5400684475898743,1
RIMONE_r2_Im088,4,r2,0,0.8411542773246765,1
RIMONE_r2_Im090,4,r2,0,0.8460763096809387,1
RIMONE_r2_Im092,4,r2,0,0.8394814133644104,1
RIMONE_r2_Im094,4,r2,0,0.9369451999664307,1
RIMONE_r2_Im096,4,r2,0,0.5400684475898743,1
RIMONE_r2_Im098,4,r2,0,0.6930651068687439,1
RIMONE_r2_Im100,4,r2,0,0.8441962599754333,1
RIMONE_r2_Im102,4,r2,0,0.8525977730751038,1
RIMONE_r2_Im104,4,r2,0,0.5594629645347595,1
RIMONE_r2_Im106,4,r2,0,0.9125491380691528,1
RIMONE_r2_Im108,4,r2,0,0.5535762906074524,1
RIMONE_r2_Im110,4,r2,0,0.8354715704917908,1
RIMONE_r2_Im112,4,r2,0,0.7919594645500183,1
RIMONE_r2_Im114,4,r2,0,0.8394814133644104,1
RIMONE_r2_Im116,4,r2,0,0.8415946960449219,1
RIMONE_r2_Im118,4,r2,0,0.8354715704917908,1
RIMONE_r2_Im120,4,r2,0,0.5535762906074524,1
RIMONE_r2_Im122,4,r2,0,0.5460861325263977,1
RIMONE_r2_Im124,4,r2,0,0.8325691819190979,1
RIMONE_r2_Im126,4,r2,0,0.582628607749939,1
RIMONE_r2_Im128,4,r2,0,0.5535762906074524,1
RIMONE_r2_Im130,4,r2,0,0.5400684475898743,1
RIMONE_r2_Im132,4,r2,0,0.5535762906074524,1
RIMONE_r2_Im134,4,r2,0,0.886231541633606,1
RIMONE_r2_Im136,4,r2,0,0.5500236749649048,1
RIMONE_r2_Im138,4,r2,0,0.7958971858024597,1
RIMONE_r2_Im140,4,r2,0,0.8460763096809387,1
RIMONE_r2_Im142,4,r2,0,0.5535762906074524,1
RIMONE_r2_Im144,4,r2,0,0.8765729665756226,1
RIMONE_r2_Im146,4,r2,0,0.8953843712806702,1
RIMONE_r2_Im148,4,r2,0,0.5594629645347595,1
RIMONE_r2_Im150,4,r2,0,0.5535762906074524,1
RIMONE_r2_Im152,4,r2,0,0.5400684475898743,1
RIMONE_r2_Im154,4,r2,0,0.8354715704917908,1
RIMONE_r2_Im156,4,r2,0,0.5535762906074524,1
RIMONE_r2_Im158,4,r2,0,0.5594629645347595,1
RIMONE_r2_Im160,4,r2,0,0.5535762906074524,1
RIMONE_r2_Im162,4,r2,0,0.9264135360717773,1
RIMONE_r2_Im164,4,r2,0,0.8019328117370605,1
RIMONE_r2_Im166,4,r2,0,0.7919594645500183,1
RIMONE_r2_Im168,4,r2,0,0.766742467880249,1
RIMONE_r2_Im170,4,r2,0,0.8411542773246765,1
RIMONE_r2_Im172,4,r2,0,0.5500236749649048,1
RIMONE_r2_Im174,4,r2,0,0.886231541633606,1
RIMONE_r2_Im176,4,r2,0,0.7958971858024597,1
RIMONE_r2_Im178,4,r2,0,0.5500236749649048,1
RIMONE_r2_Im180,4,r2,0,0.9369451999664307,1
RIMONE_r2_Im182,4,r2,0,0.8870661854743958,1
RIMONE_r2_Im184,4,r2,0,0.8765729665756226,1
RIMONE_r2_Im186,4,r2,0,0.5535762906074524,1
RIMONE_r2_Im188,4,r2,0,0.883430004119873,1
RIMONE_r2_Im190,4,r2,0,0.8174585700035095,1
RIMONE_r2_Im192,4,r2,0,0.5500236749649048,1
RIMONE_r2_Im194,4,r2,0,0.8411542773246765,1
RIMONE_r2_Im196,4,r2,0,0.5535762906074524,1
RIMONE_r2_Im198,4,r2,0,0.5400684475898743,1
RIMONE_r2_Im200,4,r2,0,0.7958971858024597,1
RIMONE_r2_Im202,4,r2,0,0.9025548100471497,1
RIMONE_r2_Im206,4,r2,0,0.7872081398963928,1
RIMONE_r2_Im208,4,r2,0,0.5500236749649048,1
RIMONE_r2_Im210,4,r2,0,0.5500236749649048,1
RIMONE_r2_Im212,4,r2,0,0.5400684475898743,1
RIMONE_r2_Im214,4,r2,0,0.9398283362388611,1
RIMONE_r2_Im216,4,r2,0,0.5460861325263977,1
RIMONE_r2_Im218,4,r2,0,0.7919594645500183,1
RIMONE_r2_Im220,4,r2,0,0.8857961297035217,1
RIMONE_r2_Im222,4,r2,0,0.8460763096809387,1
RIMONE_r2_Im224,4,r2,0,0.6211176514625549,1
RIMONE_r2_Im226,4,r2,0,0.867333173751831,1
RIMONE_r2_Im228,4,r2,0,0.8235333561897278,1
RIMONE_r2_Im230,4,r2,0,0.531640887260437,1
RIMONE_r2_Im232,4,r2,0,0.9264135360717773,1
RIMONE_r2_Im234,4,r2,0,0.5286995768547058,1
RIMONE_r2_Im236,4,r2,0,0.8415946960449219,1
RIMONE_r2_Im238,4,r2,0,0.5500236749649048,1
RIMONE_r2_Im240,4,r2,0,0.8394814133644104,1
RIMONE_r2_Im242,4,r2,0,0.9508596062660217,1
RIMONE_r2_Im244,4,r2,0,0.5400684475898743,1
RIMONE_r2_Im246,4,r2,0,0.8394814133644104,1
RIMONE_r2_Im248,4,r2,0,0.6991654634475708,1
RIMONE_r2_Im250,4,r2,0,0.6178288459777832,1
RIMONE_r2_Im252,4,r2,0,0.9522181749343872,1
RIMONE_r2_Im254,4,r2,0,0.5500236749649048,1
RIMONE_r3_N-1-L_left_half,4,r3,0,0.6280249357223511,1
RIMONE_r3_N-10-R_left_half,4,r3,0,0.8679488897323608,1
RIMONE_r3_N-11-L_left_half,4,r3,0,0.6268582344055176,1
RIMONE_r3_N-12-R_left_half,4,r3,0,0.7617282271385193,1
RIMONE_r3_N-13-L_left_half,4,r3,0,0.8810322284698486,1
RIMONE_r3_N-14-R_left_half,4,r3,0,0.7820949554443359,1
RIMONE_r3_N-16-R_left_half,4,r3,0,0.6797813177108765,1
RIMONE_r3_N-17-L_left_half,4,r3,0,0.9288373589515686,1
RIMONE_r3_N-18-R_left_half,4,r3,0,0.5535762906074524,1
RIMONE_r3_N-2-R_left_half,4,r3,0,0.916678249835968,1
RIMONE_r3_N-20-R_left_half,4,r3,0,0.5400684475898743,1
RIMONE_r3_N-21-L_left_half,4,r3,0,0.6699041128158569,1
RIMONE_r3_N-22-R_left_half,4,r3,0,0.5525261163711548,1
RIMONE_r3_N-23-L_left_half,4,r3,0,0.8460763096809387,1
RIMONE_r3_N-24-R_left_half,4,r3,0,0.6264733076095581,1
RIMONE_r3_N-25-L_left_half,4,r3,0,0.8860763311386108,1
RIMONE_r3_N-26-R_left_half,4,r3,0,0.7779337167739868,1
RIMONE_r3_N-27-L_left_half,4,r3,0,0.8388423323631287,1
RIMONE_r3_N-28-R_left_half,4,r3,0,0.5400684475898743,1
RIMONE_r3_N-29-L_left_half,4,r3,0,0.9264135360717773,1
RIMONE_r3_N-3-L_left_half,4,r3,0,0.5500236749649048,1
RIMONE_r3_N-30-R_left_half,4,r3,0,0.9236512184143066,1
RIMONE_r3_N-31-L_left_half,4,r3,0,0.5535762906074524,1
RIMONE_r3_N-32-R_left_half,4,r3,0,0.5535762906074524,1
RIMONE_r3_N-33-L_left_half,4,r3,0,0.704158365726471,1
RIMONE_r3_N-34-R_left_half,4,r3,0,0.8669015765190125,1
RIMONE_r3_N-35-L_left_half,4,r3,0,0.8669015765190125,1
RIMONE_r3_N-36-R_left_half,4,r3,0,0.696135401725769,1
RIMONE_r3_N-37-L_left_half,4,r3,0,0.7919594645500183,1
RIMONE_r3_N-38-R_left_half,4,r3,0,0.5807967185974121,1
RIMONE_r3_N-39-L_left_half,4,r3,0,0.8034232258796692,1
RIMONE_r3_N-4-R_left_half,4,r3,0,0.5594629645347595,1
RIMONE_r3_N-40-R_left_half,4,r3,0,0.7958971858024597,1
RIMONE_r3_N-41-L_left_half,4,r3,0,0.9369451999664307,1
RIMONE_r3_N-42-R_left_half,4,r3,0,0.9565987586975098,1
RIMONE_r3_N-43-L_left_half,4,r3,0,0.886231541633606,1
RIMONE_r3_N-44-R_left_half,4,r3,0,0.7505425214767456,1
RIMONE_r3_N-46-R_left_half,4,r3,0,0.5429492592811584,1
RIMONE_r3_N-47-L_left_half,4,r3,0,0.704158365726471,1
RIMONE_r3_N-48-R_left_half,4,r3,0,0.9093656539916992,1
RIMONE_r3_N-49-L_left_half,4,r3,0,0.5500236749649048,1
RIMONE_r3_N-5-L_left_half,4,r3,0,0.5535762906074524,1
RIMONE_r3_N-50-R_left_half,4,r3,0,0.5500236749649048,1
RIMONE_r3_N-51-L_left_half,4,r3,0,0.9339784979820251,1
RIMONE_r3_N-52-R_left_half,4,r3,0,0.8645758032798767,1
RIMONE_r3_N-53-L_left_half,4,r3,0,0.6384069323539734,1
RIMONE_r3_N-54-R_left_half,4,r3,0,0.8860763311386108,1
RIMONE_r3_N-55-L_left_half,4,r3,0,0.8669015765190125,1
RIMONE_r3_N-56-R_left_half,4,r3,0,0.9065546989440918,1
RIMONE_r3_N-58-R_left_half,4,r3,0,0.7911762595176697,1
RIMONE_r3_N-59-L_left_half,4,r3,0,0.766742467880249,1
RIMONE_r3_N-6-R_left_half,4,r3,0,0.886231541633606,1
RIMONE_r3_N-61-L_left_half,4,r3,0,0.8645758032798767,1
RIMONE_r3_N-62-R_left_half,4,r3,0,0.6170835494995117,1
RIMONE_r3_N-63-L_left_half,4,r3,0,0.8902408480644226,1
RIMONE_r3_N-64-R_left_half,4,r3,0,0.7820949554443359,1
RIMONE_r3_N-65-L_left_half,4,r3,0,0.9236512184143066,1
RIMONE_r3_N-66-R_left_half,4,r3,0,0.43279311060905457,0
RIMONE_r3_N-67-L_left_half,4,r3,0,0.7469698786735535,1
RIMONE_r3_N-68-R_left_half,4,r3,0,0.9304596185684204,1
RIMONE_r3_N-69-L_left_half,4,r3,0,0.8235333561897278,1
RIMONE_r3_N-7-L_left_half,4,r3,0,0.657978355884552,1
RIMONE_r3_N-70-R_left_half,4,r3,0,0.8415946960449219,1
RIMONE_r3_N-71-L_left_half,4,r3,0,0.8810322284698486,1
RIMONE_r3_N-72-R_left_half,4,r3,0,0.8460763096809387,1
RIMONE_r3_N-73-R_left_half,4,r3,0,0.8525977730751038,1
RIMONE_r3_N-74-L_left_half,4,r3,0,0.5535762906074524,1
RIMONE_r3_N-75-R_left_half,4,r3,0,0.7872081398963928,1
RIMONE_r3_N-76-R_left_half,4,r3,0,0.8394814133644104,1
RIMONE_r3_N-78-R_left_half,4,r3,0,0.5706859230995178,1
RIMONE_r3_N-79-L_left_half,4,r3,0,0.9369451999664307,1
RIMONE_r3_N-8-L_left_half,4,r3,0,0.5500236749649048,1
RIMONE_r3_N-80-R_left_half,4,r3,0,0.6344545483589172,1
RIMONE_r3_N-81-L_left_half,4,r3,0,0.9483829140663147,1
RIMONE_r3_N-82-R_left_half,4,r3,0,0.867333173751831,1
RIMONE_r3_N-83-L_left_half,4,r3,0,0.3589046895503998,0
RIMONE_r3_N-84-R_left_half,4,r3,0,0.8444812297821045,1
RIMONE_r3_N-85-L_left_half,4,r3,0,0.7958971858024597,1
RIMONE_r3_N-86-R_left_half,4,r3,0,0.8354715704917908,1
RIMONE_r3_N-87-L_left_half,4,r3,0,0.8394814133644104,1
RIMONE_r3_N-88-R_left_half,4,r3,0,0.5603777766227722,1
RIMONE_r3_N-9-L_left_half,4,r3,0,0.8441962599754333,1
RIMONE_r3_N-90-R_left_half,4,r3,0,0.7958971858024597,1
RIMONE_r3_N-91-L_left_half,4,r3,0,0.9565987586975098,1
RIMONE_r3_N-92-R_left_half,4,r3,0,0.8394814133644104,1
RIMONE_r1_Im069,pooled,r1,1,0.6101899147033691,1
RIMONE_r1_Im103,pooled,r1,1,0.713607132434845,1
RIMONE_r1_Im113,pooled,r1,1,0.6908344030380249,1
RIMONE_r1_Im117,pooled,r1,1,0.7577994465827942,1
RIMONE_r1_Im118,pooled,r1,1,0.6108574867248535,1
RIMONE_r1_Im120,pooled,r1,1,0.7610061764717102,1
RIMONE_r1_Im121,pooled,r1,1,0.6051530838012695,1
RIMONE_r1_Im122,pooled,r1,1,0.6308262348175049,1
RIMONE_r1_Im135,pooled,r1,1,0.883105456829071,1
RIMONE_r1_Im144,pooled,r1,1,0.6964512467384338,1
RIMONE_r1_Im158,pooled,r1,1,0.8006563186645508,1
RIMONE_r1_Im167,pooled,r1,1,0.7013257145881653,1
RIMONE_r2_Im257,pooled,r2,1,0.8998470306396484,1
RIMONE_r2_Im258,pooled,r2,1,0.8642846941947937,1
RIMONE_r2_Im260,pooled,r2,1,0.8751994371414185,1
RIMONE_r2_Im263,pooled,r2,1,0.7229273915290833,1
RIMONE_r2_Im264,pooled,r2,1,0.9196004867553711,1
RIMONE_r2_Im266,pooled,r2,1,0.7968133687973022,1
RIMONE_r2_Im267,pooled,r2,1,0.7221381664276123,1
RIMONE_r2_Im268,pooled,r2,1,0.5429061055183411,1
RIMONE_r2_Im269,pooled,r2,1,0.7244556546211243,1
RIMONE_r2_Im270,pooled,r2,1,0.6392331123352051,1
RIMONE_r2_Im273,pooled,r2,1,0.6891979575157166,1
RIMONE_r2_Im275,pooled,r2,1,0.655758261680603,1
RIMONE_r2_Im277,pooled,r2,1,0.8423306345939636,1
RIMONE_r2_Im281,pooled,r2,1,0.5365433692932129,1
RIMONE_r2_Im287,pooled,r2,1,0.8876606225967407,1
RIMONE_r2_Im288,pooled,r2,1,0.7333913445472717,1
RIMONE_r2_Im289,pooled,r2,1,0.7958874702453613,1
RIMONE_r2_Im290,pooled,r2,1,0.8397302627563477,1
RIMONE_r2_Im291,pooled,r2,1,0.6148605942726135,1
RIMONE_r2_Im292,pooled,r2,1,0.8290517926216125,1
RIMONE_r2_Im293,pooled,r2,1,0.7091353535652161,1
RIMONE_r2_Im294,pooled,r2,1,0.5358008742332458,1
RIMONE_r2_Im301,pooled,r2,1,0.8955003023147583,1
RIMONE_r2_Im302,pooled,r2,1,0.9231635928153992,1
RIMONE_r2_Im303,pooled,r2,1,0.8949756622314453,1
RIMONE_r2_Im305,pooled,r2,1,0.9179818034172058,1
RIMONE_r2_Im314,pooled,r2,1,0.8363153338432312,1
RIMONE_r2_Im315,pooled,r2,1,0.7911840677261353,1
RIMONE_r2_Im317,pooled,r2,1,0.8428469896316528,1
RIMONE_r2_Im318,pooled,r2,1,0.8269399404525757,1
RIMONE_r2_Im319,pooled,r2,1,0.6371077299118042,1
RIMONE_r2_Im320,pooled,r2,1,0.8488036394119263,1
RIMONE_r2_Im321,pooled,r2,1,0.8999894261360168,1
RIMONE_r2_Im324,pooled,r2,1,0.906396210193634,1
RIMONE_r2_Im329,pooled,r2,1,0.6573339104652405,1
RIMONE_r2_Im330,pooled,r2,1,0.5837013721466064,1
RIMONE_r2_Im331,pooled,r2,1,0.8747790455818176,1
RIMONE_r2_Im332,pooled,r2,1,0.8486377596855164,1
RIMONE_r2_Im333,pooled,r2,1,0.9123069047927856,1
RIMONE_r2_Im334,pooled,r2,1,0.8757224082946777,1
RIMONE_r2_Im338,pooled,r2,1,0.8574703335762024,1
RIMONE_r2_Im339,pooled,r2,1,0.6755164861679077,1
RIMONE_r2_Im343,pooled,r2,1,0.8406583666801453,1
RIMONE_r2_Im344,pooled,r2,1,0.9055388569831848,1
RIMONE_r1_Im001,pooled,r1,0,0.8327825665473938,1
RIMONE_r1_Im003,pooled,r1,0,0.7493834495544434,1
RIMONE_r1_Im004,pooled,r1,0,0.5581957101821899,1
RIMONE_r1_Im006,pooled,r1,0,0.8333398103713989,1
RIMONE_r1_Im008,pooled,r1,0,0.8415371775627136,1
RIMONE_r1_Im011,pooled,r1,0,0.8536584973335266,1
RIMONE_r1_Im012,pooled,r1,0,0.8454490900039673,1
RIMONE_r1_Im014,pooled,r1,0,0.8809148669242859,1
RIMONE_r1_Im015,pooled,r1,0,0.8430665731430054,1
RIMONE_r1_Im019,pooled,r1,0,0.8682667016983032,1
RIMONE_r1_Im020,pooled,r1,0,0.8331564664840698,1
RIMONE_r1_Im022,pooled,r1,0,0.5834655165672302,1
RIMONE_r1_Im023,pooled,r1,0,0.5807639360427856,1
RIMONE_r1_Im024,pooled,r1,0,0.8463236689567566,1
RIMONE_r1_Im025,pooled,r1,0,0.791280210018158,1
RIMONE_r1_Im026,pooled,r1,0,0.8437825441360474,1
RIMONE_r1_Im027,pooled,r1,0,0.8445734977722168,1
RIMONE_r1_Im028,pooled,r1,0,0.6604507565498352,1
RIMONE_r1_Im029,pooled,r1,0,0.6350588798522949,1
RIMONE_r1_Im031,pooled,r1,0,0.7842971086502075,1
RIMONE_r1_Im032,pooled,r1,0,0.7919714450836182,1
RIMONE_r1_Im033,pooled,r1,0,0.8263756036758423,1
RIMONE_r1_Im036,pooled,r1,0,0.5459787249565125,1
RIMONE_r1_Im037,pooled,r1,0,0.6136170625686646,1
RIMONE_r1_Im040,pooled,r1,0,0.8118306994438171,1
RIMONE_r1_Im041,pooled,r1,0,0.8006684184074402,1
RIMONE_r1_Im042,pooled,r1,0,0.8449565172195435,1
RIMONE_r1_Im046,pooled,r1,0,0.8498690724372864,1
RIMONE_r1_Im047,pooled,r1,0,0.7796310186386108,1
RIMONE_r1_Im050,pooled,r1,0,0.8338721990585327,1
RIMONE_r1_Im052,pooled,r1,0,0.8520585894584656,1
RIMONE_r1_Im054,pooled,r1,0,0.8227018117904663,1
RIMONE_r1_Im055,pooled,r1,0,0.665485680103302,1
RIMONE_r1_Im056,pooled,r1,0,0.6643450856208801,1
RIMONE_r1_Im057,pooled,r1,0,0.7917412519454956,1
RIMONE_r1_Im058,pooled,r1,0,0.7940386533737183,1
RIMONE_r1_Im059,pooled,r1,0,0.8578921556472778,1
RIMONE_r1_Im060,pooled,r1,0,0.5954616665840149,1
RIMONE_r1_Im061,pooled,r1,0,0.8571618795394897,1
RIMONE_r1_Im062,pooled,r1,0,0.6305487155914307,1
RIMONE_r1_Im063,pooled,r1,0,0.587986171245575,1
RIMONE_r1_Im071,pooled,r1,0,0.6545932292938232,1
RIMONE_r1_Im072,pooled,r1,0,0.852664589881897,1
RIMONE_r1_Im073,pooled,r1,0,0.847640872001648,1
RIMONE_r1_Im080,pooled,r1,0,0.7219513058662415,1
RIMONE_r1_Im082,pooled,r1,0,0.6653065085411072,1
RIMONE_r1_Im086,pooled,r1,0,0.8726170659065247,1
RIMONE_r1_Im087,pooled,r1,0,0.6594429612159729,1
RIMONE_r1_Im095,pooled,r1,0,0.8260320425033569,1
RIMONE_r1_Im107,pooled,r1,0,0.6509785652160645,1
RIMONE_r1_Im108,pooled,r1,0,0.6090529561042786,1
RIMONE_r1_Im115,pooled,r1,0,0.6903942823410034,1
RIMONE_r1_Im116,pooled,r1,0,0.5626690983772278,1
RIMONE_r1_Im119,pooled,r1,0,0.9122515916824341,1
RIMONE_r1_Im125,pooled,r1,0,0.5425388216972351,1
RIMONE_r1_Im127,pooled,r1,0,0.6391178369522095,1
RIMONE_r1_Im128,pooled,r1,0,0.8203868865966797,1
RIMONE_r1_Im129,pooled,r1,0,0.6396294236183167,1
RIMONE_r1_Im130,pooled,r1,0,0.8522617220878601,1
RIMONE_r1_Im131,pooled,r1,0,0.6301601529121399,1
RIMONE_r1_Im132,pooled,r1,0,0.6973979473114014,1
RIMONE_r1_Im133,pooled,r1,0,0.6076354384422302,1
RIMONE_r1_Im136,pooled,r1,0,0.7345601916313171,1
RIMONE_r1_Im137,pooled,r1,0,0.8837468028068542,1
RIMONE_r1_Im138,pooled,r1,0,0.602523148059845,1
RIMONE_r1_Im142,pooled,r1,0,0.7895480394363403,1
RIMONE_r1_Im143,pooled,r1,0,0.896877646446228,1
RIMONE_r1_Im145,pooled,r1,0,0.8912762403488159,1
RIMONE_r1_Im146,pooled,r1,0,0.6778301000595093,1
RIMONE_r1_Im149,pooled,r1,0,0.673151969909668,1
RIMONE_r1_Im150,pooled,r1,0,0.6680575609207153,1
RIMONE_r1_Im151,pooled,r1,0,0.8355123400688171,1
RIMONE_r1_Im152,pooled,r1,0,0.8962043523788452,1
RIMONE_r1_Im153,pooled,r1,0,0.875813364982605,1
RIMONE_r1_Im154,pooled,r1,0,0.6742724180221558,1
RIMONE_r1_Im155,pooled,r1,0,0.8240038752555847,1
RIMONE_r1_Im156,pooled,r1,0,0.834625244140625,1
RIMONE_r1_Im159,pooled,r1,0,0.7976829409599304,1
RIMONE_r1_Im161,pooled,r1,0,0.7672167420387268,1
RIMONE_r1_Im162,pooled,r1,0,0.8512411117553711,1
RIMONE_r1_Im163,pooled,r1,0,0.7256607413291931,1
RIMONE_r1_Im164,pooled,r1,0,0.6677860617637634,1
RIMONE_r1_Im165,pooled,r1,0,0.5315241813659668,1
RIMONE_r1_Im166,pooled,r1,0,0.6212671399116516,1
RIMONE_r1_Im168,pooled,r1,0,0.8429281115531921,1
RIMONE_r1_Im169,pooled,r1,0,0.7620905637741089,1
RIMONE_r2_Im001,pooled,r2,0,0.8935710787773132,1
RIMONE_r2_Im002,pooled,r2,0,0.7277109622955322,1
RIMONE_r2_Im003,pooled,r2,0,0.7719123959541321,1
RIMONE_r2_Im004,pooled,r2,0,0.8229174613952637,1
RIMONE_r2_Im005,pooled,r2,0,0.8792511224746704,1
RIMONE_r2_Im006,pooled,r2,0,0.8233407735824585,1
RIMONE_r2_Im007,pooled,r2,0,0.876731276512146,1
RIMONE_r2_Im009,pooled,r2,0,0.7559210062026978,1
RIMONE_r2_Im010,pooled,r2,0,0.8740641474723816,1
RIMONE_r2_Im011,pooled,r2,0,0.8912186622619629,1
RIMONE_r2_Im012,pooled,r2,0,0.8229174613952637,1
RIMONE_r2_Im013,pooled,r2,0,0.8276934623718262,1
RIMONE_r2_Im014,pooled,r2,0,0.8427438735961914,1
RIMONE_r2_Im015,pooled,r2,0,0.5979440212249756,1
RIMONE_r2_Im016,pooled,r2,0,0.5515887141227722,1
RIMONE_r2_Im017,pooled,r2,0,0.8875757455825806,1
RIMONE_r2_Im018,pooled,r2,0,0.8458209037780762,1
RIMONE_r2_Im019,pooled,r2,0,0.8412650227546692,1
RIMONE_r2_Im020,pooled,r2,0,0.6136344075202942,1
RIMONE_r2_Im021,pooled,r2,0,0.6167296171188354,1
RIMONE_r2_Im022,pooled,r2,0,0.8021604418754578,1
RIMONE_r2_Im023,pooled,r2,0,0.639633297920227,1
RIMONE_r2_Im024,pooled,r2,0,0.7307144403457642,1
RIMONE_r2_Im025,pooled,r2,0,0.5793403387069702,1
RIMONE_r2_Im026,pooled,r2,0,0.5793403387069702,1
RIMONE_r2_Im027,pooled,r2,0,0.8529661297798157,1
RIMONE_r2_Im028,pooled,r2,0,0.5834655165672302,1
RIMONE_r2_Im029,pooled,r2,0,0.6792641878128052,1
RIMONE_r2_Im030,pooled,r2,0,0.8445734977722168,1
RIMONE_r2_Im031,pooled,r2,0,0.806922435760498,1
RIMONE_r2_Im032,pooled,r2,0,0.5539451837539673,1
RIMONE_r2_Im033,pooled,r2,0,0.8450486063957214,1
RIMONE_r2_Im347,pooled,r2,1,0.5449541807174683,1
RIMONE_r2_Im348,pooled,r2,1,0.8661821484565735,1
RIMONE_r2_Im351,pooled,r2,1,0.7607413530349731,1
RIMONE_r2_Im352,pooled,r2,1,0.7615159749984741,1
RIMONE_r2_Im354,pooled,r2,1,0.5661910772323608,1
RIMONE_r2_Im355,pooled,r2,1,0.5762917399406433,1
RIMONE_r2_Im356,pooled,r2,1,0.6954897046089172,1
RIMONE_r2_Im357,pooled,r2,1,0.888545036315918,1
RIMONE_r2_Im358,pooled,r2,1,0.786942183971405,1
RIMONE_r2_Im362,pooled,r2,1,0.8407794833183289,1
RIMONE_r2_Im365,pooled,r2,1,0.7097876071929932,1
RIMONE_r2_Im366,pooled,r2,1,0.6727900505065918,1
RIMONE_r2_Im369,pooled,r2,1,0.5964834690093994,1
RIMONE_r2_Im373,pooled,r2,1,0.6817761659622192,1
RIMONE_r2_Im376,pooled,r2,1,0.5890318155288696,1
RIMONE_r2_Im377,pooled,r2,1,0.8588523864746094,1
RIMONE_r2_Im383,pooled,r2,1,0.5837013721466064,1
RIMONE_r2_Im384,pooled,r2,1,0.7116943001747131,1
RIMONE_r2_Im385,pooled,r2,1,0.6651855111122131,1
RIMONE_r2_Im387,pooled,r2,1,0.8951976895332336,1
RIMONE_r2_Im388,pooled,r2,1,0.6991490721702576,1
RIMONE_r2_Im389,pooled,r2,1,0.7244674563407898,1
RIMONE_r2_Im390,pooled,r2,1,0.668737530708313,1
RIMONE_r2_Im391,pooled,r2,1,0.6701952219009399,1
RIMONE_r2_Im392,pooled,r2,1,0.7013980150222778,1
RIMONE_r2_Im393,pooled,r2,1,0.8225820660591125,1
RIMONE_r2_Im398,pooled,r2,1,0.5829839110374451,1
RIMONE_r2_Im399,pooled,r2,1,0.8024757504463196,1
RIMONE_r2_Im400,pooled,r2,1,0.668737530708313,1
RIMONE_r2_Im401,pooled,r2,1,0.6773629784584045,1
RIMONE_r2_Im402,pooled,r2,1,0.47141313552856445,0
RIMONE_r2_Im403,pooled,r2,1,0.577143132686615,1
RIMONE_r2_Im404,pooled,r2,1,0.668737530708313,1
RIMONE_r2_Im406,pooled,r2,1,0.6423240303993225,1
RIMONE_r2_Im407,pooled,r2,1,0.874794602394104,1
RIMONE_r2_Im408,pooled,r2,1,0.8499259948730469,1
RIMONE_r2_Im414,pooled,r2,1,0.8655319213867188,1
RIMONE_r2_Im415,pooled,r2,1,0.6993537545204163,1
RIMONE_r2_Im416,pooled,r2,1,0.737938404083252,1
RIMONE_r2_Im418,pooled,r2,1,0.6724938154220581,1
RIMONE_r2_Im419,pooled,r2,1,0.8022527694702148,1
RIMONE_r2_Im420,pooled,r2,1,0.84186851978302,1
RIMONE_r2_Im421,pooled,r2,1,0.7604091763496399,1
RIMONE_r2_Im422,pooled,r2,1,0.6727900505065918,1
RIMONE_r2_Im424,pooled,r2,1,0.6606123447418213,1
RIMONE_r2_Im427,pooled,r2,1,0.620014488697052,1
RIMONE_r2_Im428,pooled,r2,1,0.6147350668907166,1
RIMONE_r2_Im429,pooled,r2,1,0.7081270217895508,1
RIMONE_r2_Im432,pooled,r2,1,0.826043963432312,1
RIMONE_r2_Im433,pooled,r2,1,0.8732118606567383,1
RIMONE_r2_Im436,pooled,r2,1,0.8280812501907349,1
RIMONE_r2_Im439,pooled,r2,1,0.5451492071151733,1
RIMONE_r2_Im441,pooled,r2,1,0.6212671399116516,1
RIMONE_r2_Im442,pooled,r2,1,0.6747629046440125,1
RIMONE_r2_Im443,pooled,r2,1,0.8179913759231567,1
RIMONE_r2_Im444,pooled,r2,1,0.7087267637252808,1
RIMONE_r2_Im445,pooled,r2,1,0.6653876304626465,1
RIMONE_r2_Im448,pooled,r2,1,0.8867330551147461,1
RIMONE_r2_Im449,pooled,r2,1,0.8895118832588196,1
RIMONE_r2_Im450,pooled,r2,1,0.8888207674026489,1
RIMONE_r2_Im451,pooled,r2,1,0.6734054088592529,1
RIMONE_r2_Im453,pooled,r2,1,0.8200627565383911,1
RIMONE_r2_Im454,pooled,r2,1,0.671494722366333,1
RIMONE_r2_Im455,pooled,r2,1,0.8775898218154907,1
RIMONE_r3_G-1-L_left_half,pooled,r3,1,0.5758877992630005,1
RIMONE_r3_G-10-L_left_half,pooled,r3,1,0.8953341245651245,1
RIMONE_r3_G-11-R_left_half,pooled,r3,1,0.866746723651886,1
RIMONE_r3_G-12-L_left_half,pooled,r3,1,0.5885108709335327,1
RIMONE_r3_G-13-R_left_half,pooled,r3,1,0.8661144375801086,1
RIMONE_r3_G-14-R_left_half,pooled,r3,1,0.796043336391449,1
RIMONE_r3_G-15-L_left_half,pooled,r3,1,0.6039806604385376,1
RIMONE_r3_G-16-R_left_half,pooled,r3,1,0.5439809560775757,1
RIMONE_r3_G-17-L_left_half,pooled,r3,1,0.605065107345581,1
RIMONE_r3_G-18-R_left_half,pooled,r3,1,0.6360012292861938,1
RIMONE_r3_G-2-R_left_half,pooled,r3,1,0.6613460779190063,1
RIMONE_r3_G-22-L_left_half,pooled,r3,1,0.9195235967636108,1
RIMONE_r3_G-23-R_left_half,pooled,r3,1,0.6720541715621948,1
RIMONE_r3_G-25-L_left_half,pooled,r3,1,0.650523841381073,1
RIMONE_r3_G-27-R_left_half,pooled,r3,1,0.863670825958252,1
RIMONE_r3_G-29-R_left_half,pooled,r3,1,0.6747629046440125,1
RIMONE_r3_G-3-R_left_half,pooled,r3,1,0.9058659672737122,1
RIMONE_r3_G-30-L_left_half,pooled,r3,1,0.8757230043411255,1
RIMONE_r3_G-31-R_left_half,pooled,r3,1,0.56800776720047,1
RIMONE_r3_G-32-L_left_half,pooled,r3,1,0.752691924571991,1
RIMONE_r3_G-33-R_left_half,pooled,r3,1,0.5993615388870239,1
RIMONE_r3_G-34-L_left_half,pooled,r3,1,0.836492657661438,1
RIMONE_r3_G-35-R_left_half,pooled,r3,1,0.6151009798049927,1
RIMONE_r3_G-37-R_left_half,pooled,r3,1,0.8684222102165222,1
RIMONE_r3_G-38-L_left_half,pooled,r3,1,0.7197762727737427,1
RIMONE_r3_G-39-L_left_half,pooled,r3,1,0.46538084745407104,0
RIMONE_r3_G-6-L_left_half,pooled,r3,1,0.6736610531806946,1
RIMONE_r3_G-8-R_left_half,pooled,r3,1,0.5408981442451477,1
RIMONE_r3_G-9-R_left_half,pooled,r3,1,0.7262909412384033,1
RIMONE_r3_S-1-L_left_half,pooled,r3,1,0.6911399364471436,1
RIMONE_r3_S-10-R_left_half,pooled,r3,1,0.8598019480705261,1
RIMONE_r3_S-11-L_left_half,pooled,r3,1,0.6644495129585266,1
RIMONE_r3_S-12-L_left_half,pooled,r3,1,0.9526001214981079,1
RIMONE_r3_S-13-R_left_half,pooled,r3,1,0.920856773853302,1
RIMONE_r3_S-14-R_left_half,pooled,r3,1,0.7232557535171509,1
RIMONE_r3_S-18-L_left_half,pooled,r3,1,0.6485756039619446,1
RIMONE_r3_S-19-R_left_half,pooled,r3,1,0.5760828852653503,1
RIMONE_r3_S-2-L_left_half,pooled,r3,1,0.6434000730514526,1
RIMONE_r3_S-20-L_left_half,pooled,r3,1,0.837009072303772,1
RIMONE_r3_S-21-R_left_half,pooled,r3,1,0.8849054574966431,1
RIMONE_r3_S-25-L_left_half,pooled,r3,1,0.9165328741073608,1
RIMONE_r3_S-26-R_left_half,pooled,r3,1,0.8928573727607727,1
RIMONE_r3_S-28-R_left_half,pooled,r3,1,0.668600857257843,1
RIMONE_r3_S-29-R_left_half,pooled,r3,1,0.577143132686615,1
RIMONE_r3_S-30-L_left_half,pooled,r3,1,0.5933927893638611,1
RIMONE_r3_S-31-L_left_half,pooled,r3,1,0.6461696624755859,1
RIMONE_r3_S-32-L_left_half,pooled,r3,1,0.5947242975234985,1
RIMONE_r3_S-33-R_left_half,pooled,r3,1,0.5710357427597046,1
RIMONE_r3_S-35-R_left_half,pooled,r3,1,0.891039252281189,1
RIMONE_r3_S-4-L_left_half,pooled,r3,1,0.9239643216133118,1
RIMONE_r3_S-6-R_left_half,pooled,r3,1,0.5954367518424988,1
RIMONE_r3_S-9-L_left_half,pooled,r3,1,0.9053813219070435,1
RIMONE_r2_Im034,pooled,r2,0,0.6051530838012695,1
RIMONE_r2_Im036,pooled,r2,0,0.5663189888000488,1
RIMONE_r2_Im038,pooled,r2,0,0.5713135004043579,1
RIMONE_r2_Im040,pooled,r2,0,0.7289015650749207,1
RIMONE_r2_Im042,pooled,r2,0,0.6186779737472534,1
RIMONE_r2_Im044,pooled,r2,0,0.7844194173812866,1
RIMONE_r2_Im046,pooled,r2,0,0.7784454226493835,1
RIMONE_r2_Im048,pooled,r2,0,0.7196440696716309,1
RIMONE_r2_Im050,pooled,r2,0,0.6076354384422302,1
RIMONE_r2_Im052,pooled,r2,0,0.639633297920227,1
RIMONE_r2_Im054,pooled,r2,0,0.632686972618103,1
RIMONE_r2_Im056,pooled,r2,0,0.7495383024215698,1
RIMONE_r2_Im058,pooled,r2,0,0.859662652015686,1
RIMONE_r2_Im060,pooled,r2,0,0.6076354384422302,1
RIMONE_r2_Im062,pooled,r2,0,0.642490029335022,1
RIMONE_r2_Im064,pooled,r2,0,0.6051530838012695,1
RIMONE_r2_Im066,pooled,r2,0,0.5412413477897644,1
RIMONE_r2_Im068,pooled,r2,0,0.5993615388870239,1
RIMONE_r2_Im070,pooled,r2,0,0.6076354384422302,1
RIMONE_r2_Im072,pooled,r2,0,0.6544843316078186,1
RIMONE_r2_Im074,pooled,r2,0,0.8133529424667358,1
RIMONE_r2_Im076,pooled,r2,0,0.7004173994064331,1
RIMONE_r2_Im078,pooled,r2,0,0.5737740993499756,1
RIMONE_r2_Im080,pooled,r2,0,0.5779381990432739,1
RIMONE_r2_Im082,pooled,r2,0,0.668737530708313,1
RIMONE_r2_Im084,pooled,r2,0,0.7178554534912109,1
RIMONE_r2_Im086,pooled,r2,0,0.5515887141227722,1
RIMONE_r2_Im088,pooled,r2,0,0.6854777932167053,1
RIMONE_r2_Im090,pooled,r2,0,0.6158400774002075,1
RIMONE_r2_Im092,pooled,r2,0,0.8369766473770142,1
RIMONE_r2_Im094,pooled,r2,0,0.6386994123458862,1
RIMONE_r2_Im096,pooled,r2,0,0.5807639360427856,1
RIMONE_r2_Im098,pooled,r2,0,0.648022472858429,1
RIMONE_r2_Im100,pooled,r2,0,0.6380702257156372,1
RIMONE_r2_Im102,pooled,r2,0,0.8415371775627136,1
RIMONE_r2_Im104,pooled,r2,0,0.6076354384422302,1
RIMONE_r2_Im106,pooled,r2,0,0.6718624830245972,1
RIMONE_r2_Im108,pooled,r2,0,0.5933927893638611,1
RIMONE_r2_Im110,pooled,r2,0,0.6564511060714722,1
RIMONE_r2_Im112,pooled,r2,0,0.8403237462043762,1
RIMONE_r2_Im114,pooled,r2,0,0.8484991788864136,1
RIMONE_r2_Im116,pooled,r2,0,0.8505194783210754,1
RIMONE_r2_Im118,pooled,r2,0,0.6462267637252808,1
RIMONE_r2_Im120,pooled,r2,0,0.5933927893638611,1
RIMONE_r2_Im122,pooled,r2,0,0.5797126293182373,1
RIMONE_r2_Im124,pooled,r2,0,0.6441510319709778,1
RIMONE_r2_Im126,pooled,r2,0,0.5931556820869446,1
RIMONE_r2_Im128,pooled,r2,0,0.5793403387069702,1
RIMONE_r2_Im130,pooled,r2,0,0.5807639360427856,1
RIMONE_r2_Im132,pooled,r2,0,0.5808130502700806,1
RIMONE_r2_Im134,pooled,r2,0,0.8394789695739746,1
RIMONE_r2_Im136,pooled,r2,0,0.6090529561042786,1
RIMONE_r2_Im138,pooled,r2,0,0.6870379447937012,1
RIMONE_r2_Im140,pooled,r2,0,0.6149603128433228,1
RIMONE_r2_Im142,pooled,r2,0,0.6051530838012695,1
RIMONE_r2_Im144,pooled,r2,0,0.8463560938835144,1
RIMONE_r2_Im146,pooled,r2,0,0.7734969258308411,1
RIMONE_r2_Im148,pooled,r2,0,0.6076354384422302,1
RIMONE_r2_Im150,pooled,r2,0,0.5946835279464722,1
RIMONE_r2_Im152,pooled,r2,0,0.5797206163406372,1
RIMONE_r2_Im154,pooled,r2,0,0.6564511060714722,1
RIMONE_r2_Im156,pooled,r2,0,0.6051530838012695,1
RIMONE_r2_Im158,pooled,r2,0,0.6076354384422302,1
RIMONE_r2_Im160,pooled,r2,0,0.5834655165672302,1
RIMONE_r2_Im162,pooled,r2,0,0.7309491038322449,1
RIMONE_r2_Im164,pooled,r2,0,0.6587850451469421,1
RIMONE_r2_Im166,pooled,r2,0,0.8565241694450378,1
RIMONE_r2_Im168,pooled,r2,0,0.8197768926620483,1
RIMONE_r2_Im170,pooled,r2,0,0.6519829034805298,1
RIMONE_r2_Im172,pooled,r2,0,0.6090529561042786,1
RIMONE_r2_Im174,pooled,r2,0,0.8588861227035522,1
RIMONE_r2_Im176,pooled,r2,0,0.65156090259552,1
RIMONE_r2_Im178,pooled,r2,0,0.6090529561042786,1
RIMONE_r2_Im180,pooled,r2,0,0.7074158191680908,1
RIMONE_r2_Im182,pooled,r2,0,0.7751425504684448,1
RIMONE_r2_Im184,pooled,r2,0,0.8177782297134399,1
RIMONE_r2_Im186,pooled,r2,0,0.5954616665840149,1
RIMONE_r2_Im188,pooled,r2,0,0.6595565676689148,1
RIMONE_r2_Im190,pooled,r2,0,0.8323320150375366,1
RIMONE_r2_Im192,pooled,r2,0,0.6050183176994324,1
RIMONE_r2_Im194,pooled,r2,0,0.6637407541275024,1
RIMONE_r2_Im196,pooled,r2,0,0.5890318155288696,1
RIMONE_r2_Im198,pooled,r2,0,0.5807639360427856,1
RIMONE_r2_Im200,pooled,r2,0,0.6926326155662537,1
RIMONE_r2_Im202,pooled,r2,0,0.616321325302124,1
RIMONE_r2_Im206,pooled,r2,0,0.658221960067749,1
RIMONE_r2_Im208,pooled,r2,0,0.5993615388870239,1
RIMONE_r2_Im210,pooled,r2,0,0.5993615388870239,1
RIMONE_r2_Im212,pooled,r2,0,0.5807639360427856,1
RIMONE_r2_Im214,pooled,r2,0,0.8697763681411743,1
RIMONE_r2_Im216,pooled,r2,0,0.5627760291099548,1
RIMONE_r2_Im218,pooled,r2,0,0.8417729139328003,1
RIMONE_r2_Im220,pooled,r2,0,0.6747629046440125,1
RIMONE_r2_Im222,pooled,r2,0,0.6132608652114868,1
RIMONE_r2_Im224,pooled,r2,0,0.7312825322151184,1
RIMONE_r2_Im226,pooled,r2,0,0.6855949759483337,1
RIMONE_r2_Im228,pooled,r2,0,0.6782334446907043,1
RIMONE_r2_Im230,pooled,r2,0,0.7003864049911499,1
RIMONE_r2_Im232,pooled,r2,0,0.7121843695640564,1
RIMONE_r2_Im234,pooled,r2,0,0.5950967073440552,1
RIMONE_r2_Im236,pooled,r2,0,0.8505194783210754,1
RIMONE_r2_Im238,pooled,r2,0,0.5639303922653198,1
RIMONE_r2_Im240,pooled,r2,0,0.799055814743042,1
RIMONE_r2_Im242,pooled,r2,0,0.6644634008407593,1
RIMONE_r2_Im244,pooled,r2,0,0.5807639360427856,1
RIMONE_r2_Im246,pooled,r2,0,0.8145475387573242,1
RIMONE_r2_Im248,pooled,r2,0,0.5459787249565125,1
RIMONE_r2_Im250,pooled,r2,0,0.6957799196243286,1
RIMONE_r2_Im252,pooled,r2,0,0.8363307118415833,1
RIMONE_r2_Im254,pooled,r2,0,0.6071950793266296,1
RIMONE_r3_N-1-L_left_half,pooled,r3,0,0.566361129283905,1
RIMONE_r3_N-10-R_left_half,pooled,r3,0,0.8856891393661499,1
RIMONE_r3_N-11-L_left_half,pooled,r3,0,0.7373480796813965,1
RIMONE_r3_N-12-R_left_half,pooled,r3,0,0.8258145451545715,1
RIMONE_r3_N-13-L_left_half,pooled,r3,0,0.899645984172821,1
RIMONE_r3_N-14-R_left_half,pooled,r3,0,0.6183878183364868,1
RIMONE_r3_N-16-R_left_half,pooled,r3,0,0.5307831764221191,1
RIMONE_r3_N-17-L_left_half,pooled,r3,0,0.827315628528595,1
RIMONE_r3_N-18-R_left_half,pooled,r3,0,0.5423902273178101,1
RIMONE_r3_N-2-R_left_half,pooled,r3,0,0.8552051782608032,1
RIMONE_r3_N-20-R_left_half,pooled,r3,0,0.5797206163406372,1
RIMONE_r3_N-21-L_left_half,pooled,r3,0,0.7506670951843262,1
RIMONE_r3_N-22-R_left_half,pooled,r3,0,0.7354933619499207,1
RIMONE_r3_N-23-L_left_half,pooled,r3,0,0.6416693925857544,1
RIMONE_r3_N-24-R_left_half,pooled,r3,0,0.7559723854064941,1
RIMONE_r3_N-25-L_left_half,pooled,r3,0,0.6157249212265015,1
RIMONE_r3_N-26-R_left_half,pooled,r3,0,0.6209967732429504,1
RIMONE_r3_N-27-L_left_half,pooled,r3,0,0.6028305292129517,1
RIMONE_r3_N-28-R_left_half,pooled,r3,0,0.5699874758720398,1
RIMONE_r3_N-29-L_left_half,pooled,r3,0,0.7324032187461853,1
RIMONE_r3_N-3-L_left_half,pooled,r3,0,0.6027634739875793,1
RIMONE_r3_N-30-R_left_half,pooled,r3,0,0.868023693561554,1
RIMONE_r3_N-31-L_left_half,pooled,r3,0,0.6051530838012695,1
RIMONE_r3_N-32-R_left_half,pooled,r3,0,0.5245739817619324,1
RIMONE_r3_N-33-L_left_half,pooled,r3,0,0.577143132686615,1
RIMONE_r3_N-34-R_left_half,pooled,r3,0,0.6613460779190063,1
RIMONE_r3_N-35-L_left_half,pooled,r3,0,0.6651855111122131,1
RIMONE_r3_N-36-R_left_half,pooled,r3,0,0.5799832344055176,1
RIMONE_r3_N-37-L_left_half,pooled,r3,0,0.8413119316101074,1
RIMONE_r3_N-38-R_left_half,pooled,r3,0,0.7761842012405396,1
RIMONE_r3_N-39-L_left_half,pooled,r3,0,0.5646385550498962,1
RIMONE_r3_N-4-R_left_half,pooled,r3,0,0.6076354384422302,1
RIMONE_r3_N-40-R_left_half,pooled,r3,0,0.6178467273712158,1
RIMONE_r3_N-41-L_left_half,pooled,r3,0,0.6399447917938232,1
RIMONE_r3_N-42-R_left_half,pooled,r3,0,0.8311351537704468,1
RIMONE_r3_N-43-L_left_half,pooled,r3,0,0.8322795629501343,1
RIMONE_r3_N-44-R_left_half,pooled,r3,0,0.8022527694702148,1
RIMONE_r3_N-46-R_left_half,pooled,r3,0,0.576400101184845,1
RIMONE_r3_N-47-L_left_half,pooled,r3,0,0.577143132686615,1
RIMONE_r3_N-48-R_left_half,pooled,r3,0,0.8754129409790039,1
RIMONE_r3_N-49-L_left_half,pooled,r3,0,0.5899431109428406,1
RIMONE_r3_N-5-L_left_half,pooled,r3,0,0.5834655165672302,1
RIMONE_r3_N-50-R_left_half,pooled,r3,0,0.6090529561042786,1
RIMONE_r3_N-51-L_left_half,pooled,r3,0,0.9577068090438843,1
RIMONE_r3_N-52-R_left_half,pooled,r3,0,0.8772943615913391,1
RIMONE_r3_N-53-L_left_half,pooled,r3,0,0.5661910772323608,1
RIMONE_r3_N-54-R_left_half,pooled,r3,0,0.6115538477897644,1
RIMONE_r3_N-55-L_left_half,pooled,r3,0,0.6651855111122131,1
RIMONE_r3_N-56-R_left_half,pooled,r3,0,0.7204960584640503,1
RIMONE_r3_N-58-R_left_half,pooled,r3,0,0.6424024105072021,1
RIMONE_r3_N-59-L_left_half,pooled,r3,0,0.8254421353340149,1
RIMONE_r3_N-6-R_left_half,pooled,r3,0,0.8587366342544556,1
RIMONE_r3_N-61-L_left_half,pooled,r3,0,0.8850806355476379,1
RIMONE_r3_N-62-R_left_half,pooled,r3,0,0.6992331743240356,1
RIMONE_r3_N-63-L_left_half,pooled,r3,0,0.674988865852356,1
RIMONE_r3_N-64-R_left_half,pooled,r3,0,0.629344642162323,1
RIMONE_r3_N-65-L_left_half,pooled,r3,0,0.86902916431427,1
RIMONE_r3_N-66-R_left_half,pooled,r3,0,0.5535660982131958,1
RIMONE_r3_N-67-L_left_half,pooled,r3,0,0.8158180117607117,1
RIMONE_r3_N-68-R_left_half,pooled,r3,0,0.8695054054260254,1
RIMONE_r3_N-69-L_left_half,pooled,r3,0,0.6778751015663147,1
RIMONE_r3_N-7-L_left_half,pooled,r3,0,0.5701053738594055,1
RIMONE_r3_N-70-R_left_half,pooled,r3,0,0.8396885991096497,1
RIMONE_r3_N-71-L_left_half,pooled,r3,0,0.909262478351593,1
RIMONE_r3_N-72-R_left_half,pooled,r3,0,0.6106064915657043,1
RIMONE_r3_N-73-R_left_half,pooled,r3,0,0.8402230143547058,1
RIMONE_r3_N-74-L_left_half,pooled,r3,0,0.5201593637466431,1
RIMONE_r3_N-75-R_left_half,pooled,r3,0,0.6401510238647461,1
RIMONE_r3_N-76-R_left_half,pooled,r3,0,0.807837963104248,1
RIMONE_r3_N-78-R_left_half,pooled,r3,0,0.6987549662590027,1
RIMONE_r3_N-79-L_left_half,pooled,r3,0,0.6370100378990173,1
RIMONE_r3_N-8-L_left_half,pooled,r3,0,0.584804892539978,1
RIMONE_r3_N-80-R_left_half,pooled,r3,0,0.7494447231292725,1
RIMONE_r3_N-81-L_left_half,pooled,r3,0,0.7198863625526428,1
RIMONE_r3_N-82-R_left_half,pooled,r3,0,0.7044469118118286,1
RIMONE_r3_N-83-L_left_half,pooled,r3,0,0.36984410881996155,0
RIMONE_r3_N-84-R_left_half,pooled,r3,0,0.6790984869003296,1
RIMONE_r3_N-85-L_left_half,pooled,r3,0,0.6711097359657288,1
RIMONE_r3_N-86-R_left_half,pooled,r3,0,0.6267969012260437,1
RIMONE_r3_N-87-L_left_half,pooled,r3,0,0.8251374959945679,1
RIMONE_r3_N-88-R_left_half,pooled,r3,0,0.592013955116272,1
RIMONE_r3_N-9-L_left_half,pooled,r3,0,0.633151650428772,1
RIMONE_r3_N-90-R_left_half,pooled,r3,0,0.7033360004425049,1
RIMONE_r3_N-91-L_left_half,pooled,r3,0,0.8398871421813965,1
RIMONE_r3_N-92-R_left_half,pooled,r3,0,0.8039517402648926,1
