image_id,outer_fold,hospital,y_true,y_prob,y_pred
RIMONE_r1_Im069,0,r1,1,0.5753358006477356,1
RIMONE_r1_Im103,0,r1,1,0.8386797308921814,1
RIMONE_r1_Im113,0,r1,1,0.8009998798370361,1
RIMONE_r1_Im117,0,r1,1,0.9283967614173889,1
RIMONE_r1_Im118,0,r1,1,0.6059821844100952,1
RIMONE_r1_Im120,0,r1,1,0.8112392425537109,1
RIMONE_r1_Im121,0,r1,1,0.9081528782844543,1
RIMONE_r1_Im122,0,r1,1,0.8678683638572693,1
RIMONE_r1_Im135,0,r1,1,0.8775395750999451,1
RIMONE_r1_Im144,0,r1,1,0.9116464853286743,1
RIMONE_r1_Im158,0,r1,1,0.8984076976776123,1
RIMONE_r1_Im167,0,r1,1,0.9229925870895386,1
RIMONE_r2_Im257,0,r2,1,0.6042177677154541,1
RIMONE_r2_Im258,0,r2,1,0.7044219970703125,1
RIMONE_r2_Im260,0,r2,1,0.6774227619171143,1
RIMONE_r2_Im263,0,r2,1,0.41202986240386963,0
RIMONE_r2_Im264,0,r2,1,0.5013298988342285,1
RIMONE_r2_Im266,0,r2,1,0.8541613221168518,1
RIMONE_r2_Im267,0,r2,1,0.5453829765319824,1
RIMONE_r2_Im268,0,r2,1,0.26870110630989075,0
RIMONE_r2_Im269,0,r2,1,0.5958811640739441,1
RIMONE_r2_Im270,0,r2,1,0.8938459157943726,1
RIMONE_r2_Im273,0,r2,1,0.7855654954910278,1
RIMONE_r2_Im275,0,r2,1,0.7938295602798462,1
RIMONE_r2_Im277,0,r2,1,0.7221238613128662,1
RIMONE_r2_Im281,0,r2,1,0.9085415005683899,1
RIMONE_r2_Im287,0,r2,1,0.5321959257125854,1
RIMONE_r2_Im288,0,r2,1,0.8659060597419739,1
RIMONE_r2_Im289,0,r2,1,0.724310040473938,1
RIMONE_r2_Im290,0,r2,1,0.5656433701515198,1
RIMONE_r2_Im291,0,r2,1,0.8283382654190063,1
RIMONE_r2_Im292,0,r2,1,0.9553324580192566,1
RIMONE_r2_Im293,0,r2,1,0.6715666055679321,1
RIMONE_r2_Im294,0,r2,1,0.38284069299697876,0
RIMONE_r2_Im301,0,r2,1,0.7116035223007202,1
RIMONE_r2_Im302,0,r2,1,0.7076677083969116,1
RIMONE_r2_Im303,0,r2,1,0.6907293200492859,1
RIMONE_r2_Im305,0,r2,1,0.6697651743888855,1
RIMONE_r2_Im314,0,r2,1,0.7990555763244629,1
RIMONE_r2_Im315,0,r2,1,0.6116521954536438,1
RIMONE_r2_Im317,0,r2,1,0.6974879503250122,1
RIMONE_r2_Im318,0,r2,1,0.7849818468093872,1
RIMONE_r2_Im319,0,r2,1,0.5209092497825623,1
RIMONE_r2_Im320,0,r2,1,0.7811003923416138,1
RIMONE_r2_Im321,0,r2,1,0.4639502167701721,0
RIMONE_r2_Im324,0,r2,1,0.8076969385147095,1
RIMONE_r2_Im329,0,r2,1,0.8828949928283691,1
RIMONE_r2_Im330,0,r2,1,0.8252230882644653,1
RIMONE_r2_Im331,0,r2,1,0.6774227619171143,1
RIMONE_r2_Im332,0,r2,1,0.7825766205787659,1
RIMONE_r2_Im333,0,r2,1,0.7513075470924377,1
RIMONE_r2_Im334,0,r2,1,0.6974879503250122,1
RIMONE_r2_Im338,0,r2,1,0.6916969418525696,1
RIMONE_r2_Im339,0,r2,1,0.7947461605072021,1
RIMONE_r2_Im343,0,r2,1,0.4975186288356781,0
RIMONE_r2_Im344,0,r2,1,0.5526554584503174,1
RIMONE_r1_Im001,0,r1,0,0.6898268461227417,1
RIMONE_r1_Im003,0,r1,0,0.8828949928283691,1
RIMONE_r1_Im004,0,r1,0,0.877590000629425,1
RIMONE_r1_Im006,0,r1,0,0.9365105628967285,1
RIMONE_r1_Im008,0,r1,0,0.7920258045196533,1
RIMONE_r1_Im011,0,r1,0,0.79477459192276,1
RIMONE_r1_Im012,0,r1,0,0.8046571016311646,1
RIMONE_r1_Im014,0,r1,0,0.721176266670227,1
RIMONE_r1_Im015,0,r1,0,0.9040808081626892,1
RIMONE_r1_Im019,0,r1,0,0.6464888453483582,1
RIMONE_r1_Im020,0,r1,0,0.8012838959693909,1
RIMONE_r1_Im022,0,r1,0,0.7768023610115051,1
RIMONE_r1_Im023,0,r1,0,0.7768023610115051,1
RIMONE_r1_Im024,0,r1,0,0.8100298643112183,1
RIMONE_r1_Im025,0,r1,0,0.8714935183525085,1
RIMONE_r1_Im026,0,r1,0,0.6116521954536438,1
RIMONE_r1_Im027,0,r1,0,0.47418877482414246,0
RIMONE_r1_Im028,0,r1,0,0.8637455701828003,1
RIMONE_r1_Im029,0,r1,0,0.8989390730857849,1
RIMONE_r1_Im031,0,r1,0,0.8714935183525085,1
RIMONE_r1_Im032,0,r1,0,0.7066470980644226,1
RIMONE_r1_Im033,0,r1,0,0.8009998798370361,1
RIMONE_r1_Im036,0,r1,0,0.8174046874046326,1
RIMONE_r1_Im037,0,r1,0,0.8310952186584473,1
RIMONE_r1_Im040,0,r1,0,0.75620436668396,1
RIMONE_r1_Im041,0,r1,0,0.7110493779182434,1
RIMONE_r1_Im042,0,r1,0,0.6880807280540466,1
RIMONE_r1_Im046,0,r1,0,0.6916969418525696,1
RIMONE_r1_Im047,0,r1,0,0.7119957208633423,1
RIMONE_r1_Im050,0,r1,0,0.6577720642089844,1
RIMONE_r1_Im052,0,r1,0,0.6523866057395935,1
RIMONE_r1_Im054,0,r1,0,0.8340194225311279,1
RIMONE_r1_Im055,0,r1,0,0.8471662402153015,1
RIMONE_r1_Im056,0,r1,0,0.9233168959617615,1
RIMONE_r1_Im057,0,r1,0,0.8828949928283691,1
RIMONE_r1_Im058,0,r1,0,0.8224560618400574,1
RIMONE_r1_Im059,0,r1,0,0.79477459192276,1
RIMONE_r1_Im060,0,r1,0,0.8750345706939697,1
RIMONE_r1_Im061,0,r1,0,0.8669499158859253,1
RIMONE_r1_Im062,0,r1,0,0.8954387307167053,1
RIMONE_r1_Im063,0,r1,0,0.8418395519256592,1
RIMONE_r1_Im071,0,r1,0,0.9288223385810852,1
RIMONE_r1_Im072,0,r1,0,0.9429373145103455,1
RIMONE_r1_Im073,0,r1,0,0.9108498096466064,1
RIMONE_r1_Im080,0,r1,0,0.7077681422233582,1
RIMONE_r1_Im082,0,r1,0,0.912923276424408,1
RIMONE_r1_Im086,0,r1,0,0.7829919457435608,1
RIMONE_r1_Im087,0,r1,0,0.9018999934196472,1
RIMONE_r1_Im095,0,r1,0,0.7622138261795044,1
RIMONE_r1_Im107,0,r1,0,0.8400914669036865,1
RIMONE_r1_Im108,0,r1,0,0.9101033210754395,1
RIMONE_r1_Im115,0,r1,0,0.8950877785682678,1
RIMONE_r1_Im116,0,r1,0,0.9111571311950684,1
RIMONE_r1_Im119,0,r1,0,0.8710421323776245,1
RIMONE_r1_Im125,0,r1,0,0.8938572406768799,1
RIMONE_r1_Im127,0,r1,0,0.7790731191635132,1
RIMONE_r1_Im128,0,r1,0,0.7901518940925598,1
RIMONE_r1_Im129,0,r1,0,0.8117213249206543,1
RIMONE_r1_Im130,0,r1,0,0.7512437105178833,1
RIMONE_r1_Im131,0,r1,0,0.9761804938316345,1
RIMONE_r1_Im132,0,r1,0,0.6895949840545654,1
RIMONE_r1_Im133,0,r1,0,0.7462537884712219,1
RIMONE_r1_Im136,0,r1,0,0.8090300559997559,1
RIMONE_r1_Im137,0,r1,0,0.9316658973693848,1
RIMONE_r1_Im138,0,r1,0,0.9761804938316345,1
RIMONE_r1_Im142,0,r1,0,0.885826051235199,1
RIMONE_r1_Im143,0,r1,0,0.7622138261795044,1
RIMONE_r1_Im145,0,r1,0,0.9584215879440308,1
RIMONE_r1_Im146,0,r1,0,0.9282392859458923,1
RIMONE_r1_Im149,0,r1,0,0.9302676916122437,1
RIMONE_r1_Im150,0,r1,0,0.9029473066329956,1
RIMONE_r1_Im151,0,r1,0,0.7558319568634033,1
RIMONE_r1_Im152,0,r1,0,0.8931727409362793,1
RIMONE_r1_Im153,0,r1,0,0.8750207424163818,1
RIMONE_r1_Im154,0,r1,0,0.8255857229232788,1
RIMONE_r1_Im155,0,r1,0,0.9278247356414795,1
RIMONE_r1_Im156,0,r1,0,0.8282572031021118,1
RIMONE_r1_Im159,0,r1,0,0.8209739327430725,1
RIMONE_r1_Im161,0,r1,0,0.8975642919540405,1
RIMONE_r1_Im162,0,r1,0,0.9188138842582703,1
RIMONE_r1_Im163,0,r1,0,0.9191591739654541,1
RIMONE_r1_Im164,0,r1,0,0.943208634853363,1
RIMONE_r1_Im165,0,r1,0,0.9159793853759766,1
RIMONE_r1_Im166,0,r1,0,0.8581745624542236,1
RIMONE_r1_Im168,0,r1,0,0.8542490601539612,1
RIMONE_r1_Im169,0,r1,0,0.8589289784431458,1
RIMONE_r2_Im001,0,r2,0,0.6240975260734558,1
RIMONE_r2_Im002,0,r2,0,0.872012197971344,1
RIMONE_r2_Im003,0,r2,0,0.6699647307395935,1
RIMONE_r2_Im004,0,r2,0,0.8308124542236328,1
RIMONE_r2_Im005,0,r2,0,0.851292073726654,1
RIMONE_r2_Im006,0,r2,0,0.8061042428016663,1
RIMONE_r2_Im007,0,r2,0,0.8719220161437988,1
RIMONE_r2_Im009,0,r2,0,0.7242169380187988,1
RIMONE_r2_Im010,0,r2,0,0.7743974328041077,1
RIMONE_r2_Im011,0,r2,0,0.6644304990768433,1
RIMONE_r2_Im012,0,r2,0,0.7688955068588257,1
RIMONE_r2_Im013,0,r2,0,0.7700566053390503,1
RIMONE_r2_Im014,0,r2,0,0.8308124542236328,1
RIMONE_r2_Im015,0,r2,0,0.7723837494850159,1
RIMONE_r2_Im016,0,r2,0,0.6444631218910217,1
RIMONE_r2_Im017,0,r2,0,0.7811003923416138,1
RIMONE_r2_Im018,0,r2,0,0.595528781414032,1
RIMONE_r2_Im019,0,r2,0,0.830254077911377,1
RIMONE_r2_Im020,0,r2,0,0.7119957208633423,1
RIMONE_r2_Im021,0,r2,0,0.8032326698303223,1
RIMONE_r2_Im022,0,r2,0,0.9141164422035217,1
RIMONE_r2_Im023,0,r2,0,0.8357048630714417,1
RIMONE_r2_Im024,0,r2,0,0.7213088274002075,1
RIMONE_r2_Im025,0,r2,0,0.732316255569458,1
RIMONE_r2_Im026,0,r2,0,0.7667572498321533,1
RIMONE_r2_Im027,0,r2,0,0.7811003923416138,1
RIMONE_r2_Im028,0,r2,0,0.7768023610115051,1
RIMONE_r2_Im029,0,r2,0,0.8545346856117249,1
RIMONE_r2_Im030,0,r2,0,0.7094513177871704,1
RIMONE_r2_Im031,0,r2,0,0.6116521954536438,1
RIMONE_r2_Im032,0,r2,0,0.6523866057395935,1
RIMONE_r2_Im033,0,r2,0,0.7045590877532959,1
RIMONE_r2_Im347,0,r2,1,0.5421919822692871,1
RIMONE_r2_Im348,0,r2,1,0.79477459192276,1
RIMONE_r2_Im351,0,r2,1,0.6916969418525696,1
RIMONE_r2_Im352,0,r2,1,0.8270097374916077,1
RIMONE_r2_Im354,0,r2,1,0.5768802762031555,1
RIMONE_r2_Im355,0,r2,1,0.88298100233078,1
RIMONE_r2_Im356,0,r2,1,0.7947461605072021,1
RIMONE_r2_Im357,0,r2,1,0.8719220161437988,1
RIMONE_r2_Im358,0,r2,1,0.7954708337783813,1
RIMONE_r2_Im362,0,r2,1,0.9266613125801086,1
RIMONE_r2_Im365,0,r2,1,0.7797138690948486,1
RIMONE_r2_Im366,0,r2,1,0.7045590877532959,1
RIMONE_r2_Im369,0,r2,1,0.6259461045265198,1
RIMONE_r2_Im373,0,r2,1,0.8064020872116089,1
RIMONE_r2_Im376,0,r2,1,0.5586994290351868,1
RIMONE_r2_Im377,0,r2,1,0.5758467316627502,1
RIMONE_r2_Im383,0,r2,1,0.5735293626785278,1
RIMONE_r2_Im384,0,r2,1,0.8225845098495483,1
RIMONE_r2_Im385,0,r2,1,0.6523866057395935,1
RIMONE_r2_Im387,0,r2,1,0.7110493779182434,1
RIMONE_r2_Im388,0,r2,1,0.7710607647895813,1
RIMONE_r2_Im389,0,r2,1,0.8413113951683044,1
RIMONE_r2_Im390,0,r2,1,0.9206888675689697,1
RIMONE_r2_Im391,0,r2,1,0.7797138690948486,1
RIMONE_r2_Im392,0,r2,1,0.65855872631073,1
RIMONE_r2_Im393,0,r2,1,0.5968858003616333,1
RIMONE_r2_Im398,0,r2,1,0.7037920951843262,1
RIMONE_r2_Im399,0,r2,1,0.7907492518424988,1
RIMONE_r2_Im400,0,r2,1,0.7605635523796082,1
RIMONE_r2_Im401,0,r2,1,0.7986821532249451,1
RIMONE_r2_Im402,0,r2,1,0.9349233508110046,1
RIMONE_r2_Im403,0,r2,1,0.5995299220085144,1
RIMONE_r2_Im404,0,r2,1,0.9534950256347656,1
RIMONE_r2_Im406,0,r2,1,0.7590091228485107,1
RIMONE_r2_Im407,0,r2,1,0.7811003923416138,1
RIMONE_r2_Im408,0,r2,1,0.7119957208633423,1
RIMONE_r2_Im414,0,r2,1,0.8465589880943298,1
RIMONE_r2_Im415,0,r2,1,0.7920258045196533,1
RIMONE_r2_Im416,0,r2,1,0.7797138690948486,1
RIMONE_r2_Im418,0,r2,1,0.8100298643112183,1
RIMONE_r2_Im419,0,r2,1,0.7015654444694519,1
RIMONE_r2_Im420,0,r2,1,0.7920258045196533,1
RIMONE_r2_Im421,0,r2,1,0.7015654444694519,1
RIMONE_r2_Im422,0,r2,1,0.7219862937927246,1
RIMONE_r2_Im424,0,r2,1,0.8017964959144592,1
RIMONE_r2_Im427,0,r2,1,0.7792890667915344,1
RIMONE_r2_Im428,0,r2,1,0.9099172353744507,1
RIMONE_r2_Im429,0,r2,1,0.8659060597419739,1
RIMONE_r2_Im432,0,r2,1,0.6916969418525696,1
RIMONE_r2_Im433,0,r2,1,0.7321130037307739,1
RIMONE_r2_Im436,0,r2,1,0.7602279782295227,1
RIMONE_r2_Im439,0,r2,1,0.6413769721984863,1
RIMONE_r2_Im441,0,r2,1,0.7118293642997742,1
RIMONE_r2_Im442,0,r2,1,0.9307835102081299,1
RIMONE_r2_Im443,0,r2,1,0.8940557837486267,1
RIMONE_r2_Im444,0,r2,1,0.7364605069160461,1
RIMONE_r2_Im445,0,r2,1,0.7590091228485107,1
RIMONE_r2_Im448,0,r2,1,0.6916969418525696,1
RIMONE_r2_Im449,0,r2,1,0.6916969418525696,1
RIMONE_r2_Im450,0,r2,1,0.8258262872695923,1
RIMONE_r2_Im451,0,r2,1,0.6022821068763733,1
RIMONE_r2_Im453,0,r2,1,0.8519734144210815,1
RIMONE_r2_Im454,0,r2,1,0.6469148397445679,1
RIMONE_r2_Im455,0,r2,1,0.8648019433021545,1
RIMONE_r3_G-1-L_left_half,0,r3,1,0.7676929235458374,1
RIMONE_r3_G-10-L_left_half,0,r3,1,0.8881816864013672,1
RIMONE_r3_G-11-R_left_half,0,r3,1,0.9455909729003906,1
RIMONE_r3_G-12-L_left_half,0,r3,1,0.9448264837265015,1
RIMONE_r3_G-13-R_left_half,0,r3,1,0.7134153246879578,1
RIMONE_r3_G-14-R_left_half,0,r3,1,0.894245445728302,1
RIMONE_r3_G-15-L_left_half,0,r3,1,0.8615136742591858,1
RIMONE_r3_G-16-R_left_half,0,r3,1,0.5378071069717407,1
RIMONE_r3_G-17-L_left_half,0,r3,1,0.6632206439971924,1
RIMONE_r3_G-18-R_left_half,0,r3,1,0.7579038739204407,1
RIMONE_r3_G-2-R_left_half,0,r3,1,0.7682978510856628,1
RIMONE_r3_G-22-L_left_half,0,r3,1,0.953927755355835,1
RIMONE_r3_G-23-R_left_half,0,r3,1,0.7706254720687866,1
RIMONE_r3_G-25-L_left_half,0,r3,1,0.8946998119354248,1
RIMONE_r3_G-27-R_left_half,0,r3,1,0.8775383234024048,1
RIMONE_r3_G-29-R_left_half,0,r3,1,0.8834629654884338,1
RIMONE_r3_G-3-R_left_half,0,r3,1,0.8649681210517883,1
RIMONE_r3_G-30-L_left_half,0,r3,1,0.7491138577461243,1
RIMONE_r3_G-31-R_left_half,0,r3,1,0.9451144337654114,1
RIMONE_r3_G-32-L_left_half,0,r3,1,0.9348849058151245,1
RIMONE_r3_G-33-R_left_half,0,r3,1,0.925679624080658,1
RIMONE_r3_G-34-L_left_half,0,r3,1,0.4770730435848236,0
RIMONE_r3_G-35-R_left_half,0,r3,1,0.714865505695343,1
RIMONE_r3_G-37-R_left_half,0,r3,1,0.8394185304641724,1
RIMONE_r3_G-38-L_left_half,0,r3,1,0.827031672000885,1
RIMONE_r3_G-39-L_left_half,0,r3,1,0.7746192812919617,1
RIMONE_r3_G-6-L_left_half,0,r3,1,0.7912371754646301,1
RIMONE_r3_G-8-R_left_half,0,r3,1,0.6566544771194458,1
RIMONE_r3_G-9-R_left_half,0,r3,1,0.8195458054542542,1
RIMONE_r3_S-1-L_left_half,0,r3,1,0.7797138690948486,1
RIMONE_r3_S-10-R_left_half,0,r3,1,0.7564212679862976,1
RIMONE_r3_S-11-L_left_half,0,r3,1,0.91715008020401,1
RIMONE_r3_S-12-L_left_half,0,r3,1,0.6162078976631165,1
RIMONE_r3_S-13-R_left_half,0,r3,1,0.8905016779899597,1
RIMONE_r3_S-14-R_left_half,0,r3,1,0.9226937890052795,1
RIMONE_r3_S-18-L_left_half,0,r3,1,0.7869729995727539,1
RIMONE_r3_S-19-R_left_half,0,r3,1,0.8361364006996155,1
RIMONE_r3_S-2-L_left_half,0,r3,1,0.7938295602798462,1
RIMONE_r3_S-20-L_left_half,0,r3,1,0.9286391139030457,1
RIMONE_r3_S-21-R_left_half,0,r3,1,0.7995151877403259,1
RIMONE_r3_S-25-L_left_half,0,r3,1,0.9043019413948059,1
RIMONE_r3_S-26-R_left_half,0,r3,1,0.8596155047416687,1
RIMONE_r3_S-28-R_left_half,0,r3,1,0.9277421236038208,1
RIMONE_r3_S-29-R_left_half,0,r3,1,0.8963833451271057,1
RIMONE_r3_S-30-L_left_half,0,r3,1,0.9575337767601013,1
RIMONE_r3_S-31-L_left_half,0,r3,1,0.75148606300354,1
RIMONE_r3_S-32-L_left_half,0,r3,1,0.894787073135376,1
RIMONE_r3_S-33-R_left_half,0,r3,1,0.7867785096168518,1
RIMONE_r3_S-35-R_left_half,0,r3,1,0.9369766116142273,1
RIMONE_r3_S-4-L_left_half,0,r3,1,0.742988109588623,1
RIMONE_r3_S-6-R_left_half,0,r3,1,0.942864179611206,1
RIMONE_r3_S-9-L_left_half,0,r3,1,0.7275609970092773,1
RIMONE_r2_Im034,0,r2,0,0.6916302442550659,1
RIMONE_r2_Im036,0,r2,0,0.7768023610115051,1
RIMONE_r2_Im038,0,r2,0,0.7946329712867737,1
RIMONE_r2_Im040,0,r2,0,0.7633923888206482,1
RIMONE_r2_Im042,0,r2,0,0.7680953145027161,1
RIMONE_r2_Im044,0,r2,0,0.7486437559127808,1
RIMONE_r2_Im046,0,r2,0,0.6966058015823364,1
RIMONE_r2_Im048,0,r2,0,0.7167767882347107,1
RIMONE_r2_Im050,0,r2,0,0.7719413638114929,1
RIMONE_r2_Im052,0,r2,0,0.7887874841690063,1
RIMONE_r2_Im054,0,r2,0,0.7468057870864868,1
RIMONE_r2_Im056,0,r2,0,0.7991218566894531,1
RIMONE_r2_Im058,0,r2,0,0.7602279782295227,1
RIMONE_r2_Im060,0,r2,0,0.5586994290351868,1
RIMONE_r2_Im062,0,r2,0,0.8584609031677246,1
RIMONE_r2_Im064,0,r2,0,0.7768023610115051,1
RIMONE_r2_Im066,0,r2,0,0.69654780626297,1
RIMONE_r2_Im068,0,r2,0,0.889648973941803,1
RIMONE_r2_Im070,0,r2,0,0.7464733123779297,1
RIMONE_r2_Im072,0,r2,0,0.7119957208633423,1
RIMONE_r2_Im074,0,r2,0,0.8208066821098328,1
RIMONE_r2_Im076,0,r2,0,0.7119957208633423,1
RIMONE_r2_Im078,0,r2,0,0.7696928381919861,1
RIMONE_r2_Im080,0,r2,0,0.7015654444694519,1
RIMONE_r2_Im082,0,r2,0,0.8990767598152161,1
RIMONE_r2_Im084,0,r2,0,0.9009602069854736,1
RIMONE_r2_Im086,0,r2,0,0.7768023610115051,1
RIMONE_r2_Im088,0,r2,0,0.7066470980644226,1
RIMONE_r2_Im090,0,r2,0,0.6291042566299438,1
RIMONE_r2_Im092,0,r2,0,0.7920258045196533,1
RIMONE_r2_Im094,0,r2,0,0.8628087639808655,1
RIMONE_r2_Im096,0,r2,0,0.7946329712867737,1
RIMONE_r2_Im098,0,r2,0,0.7751442790031433,1
RIMONE_r2_Im100,0,r2,0,0.7411718368530273,1
RIMONE_r2_Im102,0,r2,0,0.7066470980644226,1
RIMONE_r2_Im104,0,r2,0,0.7938295602798462,1
RIMONE_r2_Im106,0,r2,0,0.7723837494850159,1
RIMONE_r2_Im108,0,r2,0,0.7486437559127808,1
RIMONE_r2_Im110,0,r2,0,0.877590000629425,1
RIMONE_r2_Im112,0,r2,0,0.7811003923416138,1
RIMONE_r2_Im114,0,r2,0,0.8009998798370361,1
RIMONE_r2_Im116,0,r2,0,0.7066470980644226,1
RIMONE_r2_Im118,0,r2,0,0.8584609031677246,1
RIMONE_r2_Im120,0,r2,0,0.7579038739204407,1
RIMONE_r2_Im122,0,r2,0,0.7702919244766235,1
RIMONE_r2_Im124,0,r2,0,0.7092134356498718,1
RIMONE_r2_Im126,0,r2,0,0.5084761381149292,1
RIMONE_r2_Im128,0,r2,0,0.5519055724143982,1
RIMONE_r2_Im130,0,r2,0,0.8989390730857849,1
RIMONE_r2_Im132,0,r2,0,0.7538430690765381,1
RIMONE_r2_Im134,0,r2,0,0.8881990313529968,1
RIMONE_r2_Im136,0,r2,0,0.8692747354507446,1
RIMONE_r2_Im138,0,r2,0,0.7946123480796814,1
RIMONE_r2_Im140,0,r2,0,0.7870959639549255,1
RIMONE_r2_Im142,0,r2,0,0.75148606300354,1
RIMONE_r2_Im144,0,r2,0,0.8009998798370361,1
RIMONE_r2_Im146,0,r2,0,0.8914539813995361,1
RIMONE_r2_Im148,0,r2,0,0.7768023610115051,1
RIMONE_r2_Im150,0,r2,0,0.7768023610115051,1
RIMONE_r2_Im152,0,r2,0,0.75148606300354,1
RIMONE_r2_Im154,0,r2,0,0.7119957208633423,1
RIMONE_r2_Im156,0,r2,0,0.7579038739204407,1
RIMONE_r2_Im158,0,r2,0,0.7768023610115051,1
RIMONE_r2_Im160,0,r2,0,0.7768023610115051,1
RIMONE_r2_Im162,0,r2,0,0.7119957208633423,1
RIMONE_r2_Im164,0,r2,0,0.6632206439971924,1
RIMONE_r2_Im166,0,r2,0,0.8009998798370361,1
RIMONE_r2_Im168,0,r2,0,0.7811003923416138,1
RIMONE_r2_Im170,0,r2,0,0.8828949928283691,1
RIMONE_r2_Im172,0,r2,0,0.6855769753456116,1
RIMONE_r2_Im174,0,r2,0,0.7579925656318665,1
RIMONE_r2_Im176,0,r2,0,0.8100298643112183,1
RIMONE_r2_Im178,0,r2,0,0.8724493980407715,1
RIMONE_r2_Im180,0,r2,0,0.7119957208633423,1
RIMONE_r2_Im182,0,r2,0,0.8828949928283691,1
RIMONE_r2_Im184,0,r2,0,0.7119957208633423,1
RIMONE_r2_Im186,0,r2,0,0.7946329712867737,1
RIMONE_r2_Im188,0,r2,0,0.860884964466095,1
RIMONE_r2_Im190,0,r2,0,0.7792890667915344,1
RIMONE_r2_Im192,0,r2,0,0.7462537884712219,1
RIMONE_r2_Im194,0,r2,0,0.7633923888206482,1
RIMONE_r2_Im196,0,r2,0,0.7768023610115051,1
RIMONE_r2_Im198,0,r2,0,0.7579038739204407,1
RIMONE_r2_Im200,0,r2,0,0.8828949928283691,1
RIMONE_r2_Im202,0,r2,0,0.9110695123672485,1
RIMONE_r2_Im206,0,r2,0,0.7946329712867737,1
RIMONE_r2_Im208,0,r2,0,0.877590000629425,1
RIMONE_r2_Im210,0,r2,0,0.6916302442550659,1
RIMONE_r2_Im212,0,r2,0,0.7464733123779297,1
RIMONE_r2_Im214,0,r2,0,0.7299897074699402,1
RIMONE_r2_Im216,0,r2,0,0.7870959639549255,1
RIMONE_r2_Im218,0,r2,0,0.7849818468093872,1
RIMONE_r2_Im220,0,r2,0,0.859345018863678,1
RIMONE_r2_Im222,0,r2,0,0.6083741784095764,1
RIMONE_r2_Im224,0,r2,0,0.9048304557800293,1
RIMONE_r2_Im226,0,r2,0,0.8745686411857605,1
RIMONE_r2_Im228,0,r2,0,0.8302901387214661,1
RIMONE_r2_Im230,0,r2,0,0.7037920951843262,1
RIMONE_r2_Im232,0,r2,0,0.8020542860031128,1
RIMONE_r2_Im234,0,r2,0,0.8750345706939697,1
RIMONE_r2_Im236,0,r2,0,0.9266613125801086,1
RIMONE_r2_Im238,0,r2,0,0.7719413638114929,1
RIMONE_r2_Im240,0,r2,0,0.8009998798370361,1
RIMONE_r2_Im242,0,r2,0,0.8714935183525085,1
RIMONE_r2_Im244,0,r2,0,0.7768023610115051,1
RIMONE_r2_Im246,0,r2,0,0.8061405420303345,1
RIMONE_r2_Im248,0,r2,0,0.8539116978645325,1
RIMONE_r2_Im250,0,r2,0,0.7423458099365234,1
RIMONE_r2_Im252,0,r2,0,0.7167767882347107,1
RIMONE_r2_Im254,0,r2,0,0.8567330241203308,1
RIMONE_r3_N-1-L_left_half,0,r3,0,0.9325087070465088,1
RIMONE_r3_N-10-R_left_half,0,r3,0,0.7475306391716003,1
RIMONE_r3_N-11-L_left_half,0,r3,0,0.8388932943344116,1
RIMONE_r3_N-12-R_left_half,0,r3,0,0.8053210973739624,1
RIMONE_r3_N-13-L_left_half,0,r3,0,0.9033454060554504,1
RIMONE_r3_N-14-R_left_half,0,r3,0,0.8869913220405579,1
RIMONE_r3_N-16-R_left_half,0,r3,0,0.7914087176322937,1
RIMONE_r3_N-17-L_left_half,0,r3,0,0.7512437105178833,1
RIMONE_r3_N-18-R_left_half,0,r3,0,0.9046522974967957,1
RIMONE_r3_N-2-R_left_half,0,r3,0,0.8839388489723206,1
RIMONE_r3_N-20-R_left_half,0,r3,0,0.8989390730857849,1
RIMONE_r3_N-21-L_left_half,0,r3,0,0.758445143699646,1
RIMONE_r3_N-22-R_left_half,0,r3,0,0.758445143699646,1
RIMONE_r3_N-23-L_left_half,0,r3,0,0.8229507207870483,1
RIMONE_r3_N-24-R_left_half,0,r3,0,0.905349612236023,1
RIMONE_r3_N-25-L_left_half,0,r3,0,0.9117608070373535,1
RIMONE_r3_N-26-R_left_half,0,r3,0,0.8770158886909485,1
RIMONE_r3_N-27-L_left_half,0,r3,0,0.8840445876121521,1
RIMONE_r3_N-28-R_left_half,0,r3,0,0.8923898935317993,1
RIMONE_r3_N-29-L_left_half,0,r3,0,0.898849368095398,1
RIMONE_r3_N-3-L_left_half,0,r3,0,0.937279999256134,1
RIMONE_r3_N-30-R_left_half,0,r3,0,0.8881990313529968,1
RIMONE_r3_N-31-L_left_half,0,r3,0,0.899228036403656,1
RIMONE_r3_N-32-R_left_half,0,r3,0,0.9159277081489563,1
RIMONE_r3_N-33-L_left_half,0,r3,0,0.9787130355834961,1
RIMONE_r3_N-34-R_left_half,0,r3,0,0.9272580742835999,1
RIMONE_r3_N-35-L_left_half,0,r3,0,0.9080281257629395,1
RIMONE_r3_N-36-R_left_half,0,r3,0,0.9346050024032593,1
RIMONE_r3_N-37-L_left_half,0,r3,0,0.8081092238426208,1
RIMONE_r3_N-38-R_left_half,0,r3,0,0.5446962714195251,1
RIMONE_r3_N-39-L_left_half,0,r3,0,0.9442670941352844,1
RIMONE_r3_N-4-R_left_half,0,r3,0,0.9046522974967957,1
RIMONE_r3_N-40-R_left_half,0,r3,0,0.9159209728240967,1
RIMONE_r3_N-41-L_left_half,0,r3,0,0.9018999934196472,1
RIMONE_r3_N-42-R_left_half,0,r3,0,0.7512437105178833,1
RIMONE_r3_N-43-L_left_half,0,r3,0,0.8802812695503235,1
RIMONE_r3_N-44-R_left_half,0,r3,0,0.930682897567749,1
RIMONE_r3_N-46-R_left_half,0,r3,0,0.7897422909736633,1
RIMONE_r3_N-47-L_left_half,0,r3,0,0.9123181104660034,1
RIMONE_r3_N-48-R_left_half,0,r3,0,0.8603243231773376,1
RIMONE_r3_N-49-L_left_half,0,r3,0,0.8963197469711304,1
RIMONE_r3_N-5-L_left_half,0,r3,0,0.7768023610115051,1
RIMONE_r3_N-50-R_left_half,0,r3,0,0.8716492056846619,1
RIMONE_r3_N-51-L_left_half,0,r3,0,0.7645927667617798,1
RIMONE_r3_N-52-R_left_half,0,r3,0,0.8372182846069336,1
RIMONE_r3_N-53-L_left_half,0,r3,0,0.7793589234352112,1
RIMONE_r3_N-54-R_left_half,0,r3,0,0.7866991758346558,1
RIMONE_r3_N-55-L_left_half,0,r3,0,0.9661354422569275,1
RIMONE_r3_N-56-R_left_half,0,r3,0,0.8131329417228699,1
RIMONE_r3_N-58-R_left_half,0,r3,0,0.953481137752533,1
RIMONE_r3_N-59-L_left_half,0,r3,0,0.8255170583724976,1
RIMONE_r3_N-6-R_left_half,0,r3,0,0.796877384185791,1
RIMONE_r3_N-61-L_left_half,0,r3,0,0.798475444316864,1
RIMONE_r3_N-62-R_left_half,0,r3,0,0.6175666451454163,1
RIMONE_r3_N-63-L_left_half,0,r3,0,0.9771857261657715,1
RIMONE_r3_N-64-R_left_half,0,r3,0,0.9573505520820618,1
RIMONE_r3_N-65-L_left_half,0,r3,0,0.8895413279533386,1
RIMONE_r3_N-66-R_left_half,0,r3,0,0.7237338423728943,1
RIMONE_r3_N-67-L_left_half,0,r3,0,0.7600597739219666,1
RIMONE_r3_N-68-R_left_half,0,r3,0,0.7737717628479004,1
RIMONE_r3_N-69-L_left_half,0,r3,0,0.881299614906311,1
RIMONE_r3_N-7-L_left_half,0,r3,0,0.7936702370643616,1
RIMONE_r3_N-70-R_left_half,0,r3,0,0.9327564239501953,1
RIMONE_r3_N-71-L_left_half,0,r3,0,0.8067840337753296,1
RIMONE_r3_N-72-R_left_half,0,r3,0,0.8418395519256592,1
RIMONE_r3_N-73-R_left_half,0,r3,0,0.7897469401359558,1
RIMONE_r3_N-74-L_left_half,0,r3,0,0.9046522974967957,1
RIMONE_r3_N-75-R_left_half,0,r3,0,0.9163326025009155,1
RIMONE_r3_N-76-R_left_half,0,r3,0,0.8695675134658813,1
RIMONE_r3_N-78-R_left_half,0,r3,0,0.948728621006012,1
RIMONE_r3_N-79-L_left_half,0,r3,0,0.6966058015823364,1
RIMONE_r3_N-8-L_left_half,0,r3,0,0.8596521019935608,1
RIMONE_r3_N-80-R_left_half,0,r3,0,0.7885624170303345,1
RIMONE_r3_N-81-L_left_half,0,r3,0,0.8461499810218811,1
RIMONE_r3_N-82-R_left_half,0,r3,0,0.9254552721977234,1
RIMONE_r3_N-83-L_left_half,0,r3,0,0.6987596154212952,1
RIMONE_r3_N-84-R_left_half,0,r3,0,0.900967001914978,1
RIMONE_r3_N-85-L_left_half,0,r3,0,0.8838678002357483,1
RIMONE_r3_N-86-R_left_half,0,r3,0,0.9595587849617004,1
RIMONE_r3_N-87-L_left_half,0,r3,0,0.7738140821456909,1
RIMONE_r3_N-88-R_left_half,0,r3,0,0.8781088590621948,1
RIMONE_r3_N-9-L_left_half,0,r3,0,0.889648973941803,1
RIMONE_r3_N-90-R_left_half,0,r3,0,0.9116366505622864,1
RIMONE_r3_N-91-L_left_half,0,r3,0,0.840882420539856,1
RIMONE_r3_N-92-R_left_half,0,r3,0,0.8279805779457092,1
RIMONE_r1_Im069,1,r1,1,0.7595009207725525,1
RIMONE_r1_Im103,1,r1,1,0.60582035779953,1
RIMONE_r1_Im113,1,r1,1,0.7602830529212952,1
RIMONE_r1_Im117,1,r1,1,0.6620254516601562,1
RIMONE_r1_Im118,1,r1,1,0.34218260645866394,0
RIMONE_r1_Im120,1,r1,1,0.46847501397132874,0
RIMONE_r1_Im121,1,r1,1,0.7570244073867798,1
RIMONE_r1_Im122,1,r1,1,0.5323132872581482,1
RIMONE_r1_Im135,1,r1,1,0.5510338544845581,1
RIMONE_r1_Im144,1,r1,1,0.28039413690567017,0
RIMONE_r1_Im158,1,r1,1,0.6000882983207703,1
RIMONE_r1_Im167,1,r1,1,0.6914216876029968,1
RIMONE_r2_Im257,1,r2,1,0.8809875845909119,1
RIMONE_r2_Im258,1,r2,1,0.6182032823562622,1
RIMONE_r2_Im260,1,r2,1,0.6001177430152893,1
RIMONE_r2_Im263,1,r2,1,0.4470616579055786,0
RIMONE_r2_Im264,1,r2,1,0.5208007097244263,1
RIMONE_r2_Im266,1,r2,1,0.7899347543716431,1
RIMONE_r2_Im267,1,r2,1,0.7334535121917725,1
RIMONE_r2_Im268,1,r2,1,0.6357764005661011,1
RIMONE_r2_Im269,1,r2,1,0.7919529676437378,1
RIMONE_r2_Im270,1,r2,1,0.7815982699394226,1
RIMONE_r2_Im273,1,r2,1,0.846068799495697,1
RIMONE_r2_Im275,1,r2,1,0.34445494413375854,0
RIMONE_r2_Im277,1,r2,1,0.6923945546150208,1
RIMONE_r2_Im281,1,r2,1,0.3343735635280609,0
RIMONE_r2_Im287,1,r2,1,0.8679107427597046,1
RIMONE_r2_Im288,1,r2,1,0.8421790599822998,1
RIMONE_r2_Im289,1,r2,1,0.7814406752586365,1
RIMONE_r2_Im290,1,r2,1,0.8085427284240723,1
RIMONE_r2_Im291,1,r2,1,0.6070435643196106,1
RIMONE_r2_Im292,1,r2,1,0.9183204174041748,1
RIMONE_r2_Im293,1,r2,1,0.917753279209137,1
RIMONE_r2_Im294,1,r2,1,0.668403148651123,1
RIMONE_r2_Im301,1,r2,1,0.7540594339370728,1
RIMONE_r2_Im302,1,r2,1,0.770453691482544,1
RIMONE_r2_Im303,1,r2,1,0.5885226726531982,1
RIMONE_r2_Im305,1,r2,1,0.6622492671012878,1
RIMONE_r2_Im314,1,r2,1,0.9371380805969238,1
RIMONE_r2_Im315,1,r2,1,0.5893740653991699,1
RIMONE_r2_Im317,1,r2,1,0.6651239991188049,1
RIMONE_r2_Im318,1,r2,1,0.6380035281181335,1
RIMONE_r2_Im319,1,r2,1,0.749225378036499,1
RIMONE_r2_Im320,1,r2,1,0.671432614326477,1
RIMONE_r2_Im321,1,r2,1,0.7829912304878235,1
RIMONE_r2_Im324,1,r2,1,0.7974060773849487,1
RIMONE_r2_Im329,1,r2,1,0.62639319896698,1
RIMONE_r2_Im330,1,r2,1,0.42189261317253113,0
RIMONE_r2_Im331,1,r2,1,0.5720432996749878,1
RIMONE_r2_Im332,1,r2,1,0.787739634513855,1
RIMONE_r2_Im333,1,r2,1,0.8394946455955505,1
RIMONE_r2_Im334,1,r2,1,0.6609406471252441,1
RIMONE_r2_Im338,1,r2,1,0.639283299446106,1
RIMONE_r2_Im339,1,r2,1,0.8624894022941589,1
RIMONE_r2_Im343,1,r2,1,0.6692606806755066,1
RIMONE_r2_Im344,1,r2,1,0.9206801652908325,1
RIMONE_r1_Im001,1,r1,0,0.6070257425308228,1
RIMONE_r1_Im003,1,r1,0,0.62639319896698,1
RIMONE_r1_Im004,1,r1,0,0.5853815078735352,1
RIMONE_r1_Im006,1,r1,0,0.5983046293258667,1
RIMONE_r1_Im008,1,r1,0,0.7250498533248901,1
RIMONE_r1_Im011,1,r1,0,0.5837584137916565,1
RIMONE_r1_Im012,1,r1,0,0.7218539714813232,1
RIMONE_r1_Im014,1,r1,0,0.5954451560974121,1
RIMONE_r1_Im015,1,r1,0,0.8314195275306702,1
RIMONE_r1_Im019,1,r1,0,0.9345369935035706,1
RIMONE_r1_Im020,1,r1,0,0.8545591235160828,1
RIMONE_r1_Im022,1,r1,0,0.6134557127952576,1
RIMONE_r1_Im023,1,r1,0,0.3912660777568817,0
RIMONE_r1_Im024,1,r1,0,0.5168328285217285,1
RIMONE_r1_Im025,1,r1,0,0.5522518157958984,1
RIMONE_r1_Im026,1,r1,0,0.7143948078155518,1
RIMONE_r1_Im027,1,r1,0,0.5893740653991699,1
RIMONE_r1_Im028,1,r1,0,0.7826282382011414,1
RIMONE_r1_Im029,1,r1,0,0.5452753305435181,1
RIMONE_r1_Im031,1,r1,0,0.5510131120681763,1
RIMONE_r1_Im032,1,r1,0,0.5800337195396423,1
RIMONE_r1_Im033,1,r1,0,0.7602830529212952,1
RIMONE_r1_Im036,1,r1,0,0.6523268818855286,1
RIMONE_r1_Im037,1,r1,0,0.6253975629806519,1
RIMONE_r1_Im040,1,r1,0,0.5703223347663879,1
RIMONE_r1_Im041,1,r1,0,0.6609406471252441,1
RIMONE_r1_Im042,1,r1,0,0.7746238708496094,1
RIMONE_r1_Im046,1,r1,0,0.639283299446106,1
RIMONE_r1_Im047,1,r1,0,0.5723294019699097,1
RIMONE_r1_Im050,1,r1,0,0.4134284257888794,0
RIMONE_r1_Im052,1,r1,0,0.7340623736381531,1
RIMONE_r1_Im054,1,r1,0,0.7899347543716431,1
RIMONE_r1_Im055,1,r1,0,0.6211350560188293,1
RIMONE_r1_Im056,1,r1,0,0.7640132904052734,1
RIMONE_r1_Im057,1,r1,0,0.6392462253570557,1
RIMONE_r1_Im058,1,r1,0,0.6668751835823059,1
RIMONE_r1_Im059,1,r1,0,0.7106649875640869,1
RIMONE_r1_Im060,1,r1,0,0.5853815078735352,1
RIMONE_r1_Im061,1,r1,0,0.6414707899093628,1
RIMONE_r1_Im062,1,r1,0,0.5415168404579163,1
RIMONE_r1_Im063,1,r1,0,0.3739966154098511,0
RIMONE_r1_Im071,1,r1,0,0.5973716378211975,1
RIMONE_r1_Im072,1,r1,0,0.5262381434440613,1
RIMONE_r1_Im073,1,r1,0,0.8135481476783752,1
RIMONE_r1_Im080,1,r1,0,0.6385239362716675,1
RIMONE_r1_Im082,1,r1,0,0.5659934878349304,1
RIMONE_r1_Im086,1,r1,0,0.42815783619880676,0
RIMONE_r1_Im087,1,r1,0,0.38125503063201904,0
RIMONE_r1_Im095,1,r1,0,0.4905758202075958,0
RIMONE_r1_Im107,1,r1,0,0.28138551115989685,0
RIMONE_r1_Im108,1,r1,0,0.7285767793655396,1
RIMONE_r1_Im115,1,r1,0,0.6050228476524353,1
RIMONE_r1_Im116,1,r1,0,0.5850585699081421,1
RIMONE_r1_Im119,1,r1,0,0.4496552348136902,0
RIMONE_r1_Im125,1,r1,0,0.614514946937561,1
RIMONE_r1_Im127,1,r1,0,0.5414015054702759,1
RIMONE_r1_Im128,1,r1,0,0.6186674237251282,1
RIMONE_r1_Im129,1,r1,0,0.37898266315460205,0
RIMONE_r1_Im130,1,r1,0,0.44502007961273193,0
RIMONE_r1_Im131,1,r1,0,0.7524002194404602,1
RIMONE_r1_Im132,1,r1,0,0.23460815846920013,0
RIMONE_r1_Im133,1,r1,0,0.4517943263053894,0
RIMONE_r1_Im136,1,r1,0,0.3857800364494324,0
RIMONE_r1_Im137,1,r1,0,0.44470351934432983,0
RIMONE_r1_Im138,1,r1,0,0.8018847703933716,1
RIMONE_r1_Im142,1,r1,0,0.474010705947876,0
RIMONE_r1_Im143,1,r1,0,0.4905758202075958,0
RIMONE_r1_Im145,1,r1,0,0.5256572961807251,1
RIMONE_r1_Im146,1,r1,0,0.7352776527404785,1
RIMONE_r1_Im149,1,r1,0,0.6507182121276855,1
RIMONE_r1_Im150,1,r1,0,0.33955514430999756,0
RIMONE_r1_Im151,1,r1,0,0.2868383526802063,0
RIMONE_r1_Im152,1,r1,0,0.5806190967559814,1
RIMONE_r1_Im153,1,r1,0,0.6071484088897705,1
RIMONE_r1_Im154,1,r1,0,0.37269648909568787,0
RIMONE_r1_Im155,1,r1,0,0.5108106732368469,1
RIMONE_r1_Im156,1,r1,0,0.46877822279930115,0
RIMONE_r1_Im159,1,r1,0,0.46834030747413635,0
RIMONE_r1_Im161,1,r1,0,0.8524153232574463,1
RIMONE_r1_Im162,1,r1,0,0.5108106732368469,1
RIMONE_r1_Im163,1,r1,0,0.43136000633239746,0
RIMONE_r1_Im164,1,r1,0,0.4797765910625458,0
RIMONE_r1_Im165,1,r1,0,0.7641181349754333,1
RIMONE_r1_Im166,1,r1,0,0.3896964192390442,0
RIMONE_r1_Im168,1,r1,0,0.6625017523765564,1
RIMONE_r1_Im169,1,r1,0,0.5609350800514221,1
RIMONE_r2_Im001,1,r2,0,0.6680198907852173,1
RIMONE_r2_Im002,1,r2,0,0.8916625380516052,1
RIMONE_r2_Im003,1,r2,0,0.8449947237968445,1
RIMONE_r2_Im004,1,r2,0,0.6972230672836304,1
RIMONE_r2_Im005,1,r2,0,0.7837282419204712,1
RIMONE_r2_Im006,1,r2,0,0.6972230672836304,1
RIMONE_r2_Im007,1,r2,0,0.8788487911224365,1
RIMONE_r2_Im009,1,r2,0,0.5701255798339844,1
RIMONE_r2_Im010,1,r2,0,0.8005253076553345,1
RIMONE_r2_Im011,1,r2,0,0.9104635715484619,1
RIMONE_r2_Im012,1,r2,0,0.6168935894966125,1
RIMONE_r2_Im013,1,r2,0,0.9204777479171753,1
RIMONE_r2_Im014,1,r2,0,0.625953197479248,1
RIMONE_r2_Im015,1,r2,0,0.6801928877830505,1
RIMONE_r2_Im016,1,r2,0,0.5105240345001221,1
RIMONE_r2_Im017,1,r2,0,0.671432614326477,1
RIMONE_r2_Im018,1,r2,0,0.7464246153831482,1
RIMONE_r2_Im019,1,r2,0,0.5392115712165833,1
RIMONE_r2_Im020,1,r2,0,0.5921086072921753,1
RIMONE_r2_Im021,1,r2,0,0.8407747149467468,1
RIMONE_r2_Im022,1,r2,0,0.696516215801239,1
RIMONE_r2_Im023,1,r2,0,0.7575995922088623,1
RIMONE_r2_Im024,1,r2,0,0.86798095703125,1
RIMONE_r2_Im025,1,r2,0,0.5277955532073975,1
RIMONE_r2_Im026,1,r2,0,0.7290339469909668,1
RIMONE_r2_Im027,1,r2,0,0.667288601398468,1
RIMONE_r2_Im028,1,r2,0,0.6134557127952576,1
RIMONE_r2_Im029,1,r2,0,0.8289147615432739,1
RIMONE_r2_Im030,1,r2,0,0.6853119730949402,1
RIMONE_r2_Im031,1,r2,0,0.7143948078155518,1
RIMONE_r2_Im032,1,r2,0,0.8470754623413086,1
RIMONE_r2_Im033,1,r2,0,0.8687607645988464,1
RIMONE_r2_Im347,1,r2,1,0.7346277236938477,1
RIMONE_r2_Im348,1,r2,1,0.6410657167434692,1
RIMONE_r2_Im351,1,r2,1,0.6349543333053589,1
RIMONE_r2_Im352,1,r2,1,0.625953197479248,1
RIMONE_r2_Im354,1,r2,1,0.512729287147522,1
RIMONE_r2_Im355,1,r2,1,0.7033451795578003,1
RIMONE_r2_Im356,1,r2,1,0.8624894022941589,1
RIMONE_r2_Im357,1,r2,1,0.8852123022079468,1
RIMONE_r2_Im358,1,r2,1,0.7813717722892761,1
RIMONE_r2_Im362,1,r2,1,0.7602830529212952,1
RIMONE_r2_Im365,1,r2,1,0.7288386821746826,1
RIMONE_r2_Im366,1,r2,1,0.8666110634803772,1
RIMONE_r2_Im369,1,r2,1,0.8081418871879578,1
RIMONE_r2_Im373,1,r2,1,0.8492723107337952,1
RIMONE_r2_Im376,1,r2,1,0.6379578709602356,1
RIMONE_r2_Im377,1,r2,1,0.6316211819648743,1
RIMONE_r2_Im383,1,r2,1,0.6043516993522644,1
RIMONE_r2_Im384,1,r2,1,0.7349401712417603,1
RIMONE_r2_Im385,1,r2,1,0.8470754623413086,1
RIMONE_r2_Im387,1,r2,1,0.6861149072647095,1
RIMONE_r2_Im388,1,r2,1,0.6168935894966125,1
RIMONE_r2_Im389,1,r2,1,0.8509514331817627,1
RIMONE_r2_Im390,1,r2,1,0.7862736582756042,1
RIMONE_r2_Im391,1,r2,1,0.7616225481033325,1
RIMONE_r2_Im392,1,r2,1,0.8200758695602417,1
RIMONE_r2_Im393,1,r2,1,0.7606140971183777,1
RIMONE_r2_Im398,1,r2,1,0.6459140181541443,1
RIMONE_r2_Im399,1,r2,1,0.6634868383407593,1
RIMONE_r2_Im400,1,r2,1,0.755660891532898,1
RIMONE_r2_Im401,1,r2,1,0.7168444991111755,1
RIMONE_r2_Im402,1,r2,1,0.5659694075584412,1
RIMONE_r2_Im403,1,r2,1,0.8006371259689331,1
RIMONE_r2_Im404,1,r2,1,0.9586900472640991,1
RIMONE_r2_Im406,1,r2,1,0.5277955532073975,1
RIMONE_r2_Im407,1,r2,1,0.671432614326477,1
RIMONE_r2_Im408,1,r2,1,0.6140145659446716,1
RIMONE_r2_Im414,1,r2,1,0.6559996008872986,1
RIMONE_r2_Im415,1,r2,1,0.7250498533248901,1
RIMONE_r2_Im416,1,r2,1,0.7264386415481567,1
RIMONE_r2_Im418,1,r2,1,0.49650728702545166,0
RIMONE_r2_Im419,1,r2,1,0.5725712180137634,1
RIMONE_r2_Im420,1,r2,1,0.7250498533248901,1
RIMONE_r2_Im421,1,r2,1,0.5725712180137634,1
RIMONE_r2_Im422,1,r2,1,0.7847111821174622,1
RIMONE_r2_Im424,1,r2,1,0.7066823244094849,1
RIMONE_r2_Im427,1,r2,1,0.5837584137916565,1
RIMONE_r2_Im428,1,r2,1,0.7085890769958496,1
RIMONE_r2_Im429,1,r2,1,0.8652386665344238,1
RIMONE_r2_Im432,1,r2,1,0.6349543333053589,1
RIMONE_r2_Im433,1,r2,1,0.916343629360199,1
RIMONE_r2_Im436,1,r2,1,0.6380035281181335,1
RIMONE_r2_Im439,1,r2,1,0.39819270372390747,0
RIMONE_r2_Im441,1,r2,1,0.6831856966018677,1
RIMONE_r2_Im442,1,r2,1,0.8934065103530884,1
RIMONE_r2_Im443,1,r2,1,0.7153455018997192,1
RIMONE_r2_Im444,1,r2,1,0.756070613861084,1
RIMONE_r2_Im445,1,r2,1,0.6804077625274658,1
RIMONE_r2_Im448,1,r2,1,0.6349543333053589,1
RIMONE_r2_Im449,1,r2,1,0.6349543333053589,1
RIMONE_r2_Im450,1,r2,1,0.6430314779281616,1
RIMONE_r2_Im451,1,r2,1,0.6378480792045593,1
RIMONE_r2_Im453,1,r2,1,0.7623478770256042,1
RIMONE_r2_Im454,1,r2,1,0.7758004665374756,1
RIMONE_r2_Im455,1,r2,1,0.8812627792358398,1
RIMONE_r3_G-1-L_left_half,1,r3,1,0.4410804808139801,0
RIMONE_r3_G-10-L_left_half,1,r3,1,0.8514536023139954,1
RIMONE_r3_G-11-R_left_half,1,r3,1,0.9180406928062439,1
RIMONE_r3_G-12-L_left_half,1,r3,1,0.5633397102355957,1
RIMONE_r3_G-13-R_left_half,1,r3,1,0.8567627668380737,1
RIMONE_r3_G-14-R_left_half,1,r3,1,0.8394472599029541,1
RIMONE_r3_G-15-L_left_half,1,r3,1,0.44699686765670776,0
RIMONE_r3_G-16-R_left_half,1,r3,1,0.2918129861354828,0
RIMONE_r3_G-17-L_left_half,1,r3,1,0.6170032024383545,1
RIMONE_r3_G-18-R_left_half,1,r3,1,0.6180267930030823,1
RIMONE_r3_G-2-R_left_half,1,r3,1,0.7507930994033813,1
RIMONE_r3_G-22-L_left_half,1,r3,1,0.9109826683998108,1
RIMONE_r3_G-23-R_left_half,1,r3,1,0.5621472597122192,1
RIMONE_r3_G-25-L_left_half,1,r3,1,0.724766194820404,1
RIMONE_r3_G-27-R_left_half,1,r3,1,0.49430808424949646,0
RIMONE_r3_G-29-R_left_half,1,r3,1,0.7242753505706787,1
RIMONE_r3_G-3-R_left_half,1,r3,1,0.7919791340827942,1
RIMONE_r3_G-30-L_left_half,1,r3,1,0.3115215599536896,0
RIMONE_r3_G-31-R_left_half,1,r3,1,0.9249338507652283,1
RIMONE_r3_G-32-L_left_half,1,r3,1,0.9321631789207458,1
RIMONE_r3_G-33-R_left_half,1,r3,1,0.5536890625953674,1
RIMONE_r3_G-34-L_left_half,1,r3,1,0.26040536165237427,0
RIMONE_r3_G-35-R_left_half,1,r3,1,0.7462405562400818,1
RIMONE_r3_G-37-R_left_half,1,r3,1,0.3724755346775055,0
RIMONE_r3_G-38-L_left_half,1,r3,1,0.5719389319419861,1
RIMONE_r3_G-39-L_left_half,1,r3,1,0.4094164967536926,0
RIMONE_r3_G-6-L_left_half,1,r3,1,0.4285803437232971,0
RIMONE_r3_G-8-R_left_half,1,r3,1,0.6600710153579712,1
RIMONE_r3_G-9-R_left_half,1,r3,1,0.5659010410308838,1
RIMONE_r3_S-1-L_left_half,1,r3,1,0.744609534740448,1
RIMONE_r3_S-10-R_left_half,1,r3,1,0.6460107564926147,1
RIMONE_r3_S-11-L_left_half,1,r3,1,0.5807139277458191,1
RIMONE_r3_S-12-L_left_half,1,r3,1,0.661997377872467,1
RIMONE_r3_S-13-R_left_half,1,r3,1,0.46159979701042175,0
RIMONE_r3_S-14-R_left_half,1,r3,1,0.7367019653320312,1
RIMONE_r3_S-18-L_left_half,1,r3,1,0.5487145781517029,1
RIMONE_r3_S-19-R_left_half,1,r3,1,0.5944531559944153,1
RIMONE_r3_S-2-L_left_half,1,r3,1,0.6339168548583984,1
RIMONE_r3_S-20-L_left_half,1,r3,1,0.7944799661636353,1
RIMONE_r3_S-21-R_left_half,1,r3,1,0.422119677066803,0
RIMONE_r3_S-25-L_left_half,1,r3,1,0.6646087765693665,1
RIMONE_r3_S-26-R_left_half,1,r3,1,0.7308651804924011,1
RIMONE_r3_S-28-R_left_half,1,r3,1,0.704953134059906,1
RIMONE_r3_S-29-R_left_half,1,r3,1,0.3438354432582855,0
RIMONE_r3_S-30-L_left_half,1,r3,1,0.43196529150009155,0
RIMONE_r3_S-31-L_left_half,1,r3,1,0.34445494413375854,0
RIMONE_r3_S-32-L_left_half,1,r3,1,0.4123689830303192,0
RIMONE_r3_S-33-R_left_half,1,r3,1,0.4962334930896759,0
RIMONE_r3_S-35-R_left_half,1,r3,1,0.7052819132804871,1
RIMONE_r3_S-4-L_left_half,1,r3,1,0.5626236200332642,1
RIMONE_r3_S-6-R_left_half,1,r3,1,0.9180406928062439,1
RIMONE_r3_S-9-L_left_half,1,r3,1,0.6551640629768372,1
RIMONE_r2_Im034,1,r2,0,0.5853815078735352,1
RIMONE_r2_Im036,1,r2,0,0.6134557127952576,1
RIMONE_r2_Im038,1,r2,0,0.35800424218177795,0
RIMONE_r2_Im040,1,r2,0,0.5804000496864319,1
RIMONE_r2_Im042,1,r2,0,0.6976191401481628,1
RIMONE_r2_Im044,1,r2,0,0.46724826097488403,0
RIMONE_r2_Im046,1,r2,0,0.5725712180137634,1
RIMONE_r2_Im048,1,r2,0,0.722973644733429,1
RIMONE_r2_Im050,1,r2,0,0.5777590870857239,1
RIMONE_r2_Im052,1,r2,0,0.7816942930221558,1
RIMONE_r2_Im054,1,r2,0,0.5633032917976379,1
RIMONE_r2_Im056,1,r2,0,0.5952367186546326,1
RIMONE_r2_Im058,1,r2,0,0.6380035281181335,1
RIMONE_r2_Im060,1,r2,0,0.625733494758606,1
RIMONE_r2_Im062,1,r2,0,0.5323132872581482,1
RIMONE_r2_Im064,1,r2,0,0.37784481048583984,0
RIMONE_r2_Im066,1,r2,0,0.6170032024383545,1
RIMONE_r2_Im068,1,r2,0,0.5638437271118164,1
RIMONE_r2_Im070,1,r2,0,0.6180267930030823,1
RIMONE_r2_Im072,1,r2,0,0.585141658782959,1
RIMONE_r2_Im074,1,r2,0,0.5952367186546326,1
RIMONE_r2_Im076,1,r2,0,0.5723294019699097,1
RIMONE_r2_Im078,1,r2,0,0.35800424218177795,0
RIMONE_r2_Im080,1,r2,0,0.5725712180137634,1
RIMONE_r2_Im082,1,r2,0,0.6363566517829895,1
RIMONE_r2_Im084,1,r2,0,0.6888064742088318,1
RIMONE_r2_Im086,1,r2,0,0.3912660777568817,0
RIMONE_r2_Im088,1,r2,0,0.5671803951263428,1
RIMONE_r2_Im090,1,r2,0,0.595189094543457,1
RIMONE_r2_Im092,1,r2,0,0.7250498533248901,1
RIMONE_r2_Im094,1,r2,0,0.5956505537033081,1
RIMONE_r2_Im096,1,r2,0,0.35800424218177795,0
RIMONE_r2_Im098,1,r2,0,0.7160919308662415,1
RIMONE_r2_Im100,1,r2,0,0.4141911268234253,0
RIMONE_r2_Im102,1,r2,0,0.5671803951263428,1
RIMONE_r2_Im104,1,r2,0,0.6339168548583984,1
RIMONE_r2_Im106,1,r2,0,0.6548370718955994,1
RIMONE_r2_Im108,1,r2,0,0.48854494094848633,0
RIMONE_r2_Im110,1,r2,0,0.5853815078735352,1
RIMONE_r2_Im112,1,r2,0,0.667288601398468,1
RIMONE_r2_Im114,1,r2,0,0.7505741119384766,1
RIMONE_r2_Im116,1,r2,0,0.5671803951263428,1
RIMONE_r2_Im118,1,r2,0,0.5323132872581482,1
RIMONE_r2_Im120,1,r2,0,0.35800424218177795,0
RIMONE_r2_Im122,1,r2,0,0.34445494413375854,0
RIMONE_r2_Im124,1,r2,0,0.5503348112106323,1
RIMONE_r2_Im126,1,r2,0,0.7462536096572876,1
RIMONE_r2_Im128,1,r2,0,0.5425716638565063,1
RIMONE_r2_Im130,1,r2,0,0.2382075935602188,0
RIMONE_r2_Im132,1,r2,0,0.37784481048583984,0
RIMONE_r2_Im134,1,r2,0,0.7333753108978271,1
RIMONE_r2_Im136,1,r2,0,0.5853815078735352,1
RIMONE_r2_Im138,1,r2,0,0.4335120916366577,0
RIMONE_r2_Im140,1,r2,0,0.5918300151824951,1
RIMONE_r2_Im142,1,r2,0,0.609308660030365,1
RIMONE_r2_Im144,1,r2,0,0.7505741119384766,1
RIMONE_r2_Im146,1,r2,0,0.5491679906845093,1
RIMONE_r2_Im148,1,r2,0,0.6379578709602356,1
RIMONE_r2_Im150,1,r2,0,0.6509515643119812,1
RIMONE_r2_Im152,1,r2,0,0.34445494413375854,0
RIMONE_r2_Im154,1,r2,0,0.5723294019699097,1
RIMONE_r2_Im156,1,r2,0,0.37572887539863586,0
RIMONE_r2_Im158,1,r2,0,0.6379578709602356,1
RIMONE_r2_Im160,1,r2,0,0.37784481048583984,0
RIMONE_r2_Im162,1,r2,0,0.6047375798225403,1
RIMONE_r2_Im164,1,r2,0,0.6170032024383545,1
RIMONE_r2_Im166,1,r2,0,0.7505741119384766,1
RIMONE_r2_Im168,1,r2,0,0.671432614326477,1
RIMONE_r2_Im170,1,r2,0,0.585141658782959,1
RIMONE_r2_Im172,1,r2,0,0.5853815078735352,1
RIMONE_r2_Im174,1,r2,0,0.6380035281181335,1
RIMONE_r2_Im176,1,r2,0,0.5396382212638855,1
RIMONE_r2_Im178,1,r2,0,0.5853815078735352,1
RIMONE_r2_Im180,1,r2,0,0.5441529154777527,1
RIMONE_r2_Im182,1,r2,0,0.585141658782959,1
RIMONE_r2_Im184,1,r2,0,0.6140145659446716,1
RIMONE_r2_Im186,1,r2,0,0.6233693957328796,1
RIMONE_r2_Im188,1,r2,0,0.6556100845336914,1
RIMONE_r2_Im190,1,r2,0,0.6410657167434692,1
RIMONE_r2_Im192,1,r2,0,0.5414015054702759,1
RIMONE_r2_Im194,1,r2,0,0.5931423902511597,1
RIMONE_r2_Im196,1,r2,0,0.6134557127952576,1
RIMONE_r2_Im198,1,r2,0,0.37572887539863586,0
RIMONE_r2_Im200,1,r2,0,0.62639319896698,1
RIMONE_r2_Im202,1,r2,0,0.792535662651062,1
RIMONE_r2_Im206,1,r2,0,0.6183174252510071,1
RIMONE_r2_Im208,1,r2,0,0.5853815078735352,1
RIMONE_r2_Im210,1,r2,0,0.5725712180137634,1
RIMONE_r2_Im212,1,r2,0,0.35800424218177795,0
RIMONE_r2_Im214,1,r2,0,0.6940470933914185,1
RIMONE_r2_Im216,1,r2,0,0.35685697197914124,0
RIMONE_r2_Im218,1,r2,0,0.6702687740325928,1
RIMONE_r2_Im220,1,r2,0,0.8238286972045898,1
RIMONE_r2_Im222,1,r2,0,0.43059203028678894,0
RIMONE_r2_Im224,1,r2,0,0.7568666338920593,1
RIMONE_r2_Im226,1,r2,0,0.8699552416801453,1
RIMONE_r2_Im228,1,r2,0,0.7205902934074402,1
RIMONE_r2_Im230,1,r2,0,0.6459140181541443,1
RIMONE_r2_Im232,1,r2,0,0.5897618532180786,1
RIMONE_r2_Im234,1,r2,0,0.5853815078735352,1
RIMONE_r2_Im236,1,r2,0,0.7763234376907349,1
RIMONE_r2_Im238,1,r2,0,0.5777590870857239,1
RIMONE_r2_Im240,1,r2,0,0.7763234376907349,1
RIMONE_r2_Im242,1,r2,0,0.5510131120681763,1
RIMONE_r2_Im244,1,r2,0,0.3912660777568817,0
RIMONE_r2_Im246,1,r2,0,0.592971682548523,1
RIMONE_r2_Im248,1,r2,0,0.830813467502594,1
RIMONE_r2_Im250,1,r2,0,0.7180644869804382,1
RIMONE_r2_Im252,1,r2,0,0.722973644733429,1
RIMONE_r2_Im254,1,r2,0,0.5853815078735352,1
RIMONE_r3_N-1-L_left_half,1,r3,0,0.49834397435188293,0
RIMONE_r3_N-10-R_left_half,1,r3,0,0.5208619236946106,1
RIMONE_r3_N-11-L_left_half,1,r3,0,0.5394885540008545,1
RIMONE_r3_N-12-R_left_half,1,r3,0,0.5937300324440002,1
RIMONE_r3_N-13-L_left_half,1,r3,0,0.6253228783607483,1
RIMONE_r3_N-14-R_left_half,1,r3,0,0.6499567627906799,1
RIMONE_r3_N-16-R_left_half,1,r3,0,0.30479738116264343,0
RIMONE_r3_N-17-L_left_half,1,r3,0,0.44243955612182617,0
RIMONE_r3_N-18-R_left_half,1,r3,0,0.5184820890426636,1
RIMONE_r3_N-2-R_left_half,1,r3,0,0.4541406035423279,0
RIMONE_r3_N-20-R_left_half,1,r3,0,0.2382075935602188,0
RIMONE_r3_N-21-L_left_half,1,r3,0,0.743280291557312,1
RIMONE_r3_N-22-R_left_half,1,r3,0,0.7381928563117981,1
RIMONE_r3_N-23-L_left_half,1,r3,0,0.4868018329143524,0
RIMONE_r3_N-24-R_left_half,1,r3,0,0.7177897095680237,1
RIMONE_r3_N-25-L_left_half,1,r3,0,0.8006371259689331,1
RIMONE_r3_N-26-R_left_half,1,r3,0,0.49570074677467346,0
RIMONE_r3_N-27-L_left_half,1,r3,0,0.36929717659950256,0
RIMONE_r3_N-28-R_left_half,1,r3,0,0.2382075935602188,0
RIMONE_r3_N-29-L_left_half,1,r3,0,0.607224702835083,1
RIMONE_r3_N-3-L_left_half,1,r3,0,0.8595517873764038,1
RIMONE_r3_N-30-R_left_half,1,r3,0,0.7333753108978271,1
RIMONE_r3_N-31-L_left_half,1,r3,0,0.5637964010238647,1
RIMONE_r3_N-32-R_left_half,1,r3,0,0.5414690971374512,1
RIMONE_r3_N-33-L_left_half,1,r3,0,0.7392035722732544,1
RIMONE_r3_N-34-R_left_half,1,r3,0,0.5461972951889038,1
RIMONE_r3_N-35-L_left_half,1,r3,0,0.7065008282661438,1
RIMONE_r3_N-36-R_left_half,1,r3,0,0.4242800772190094,0
RIMONE_r3_N-37-L_left_half,1,r3,0,0.41809985041618347,0
RIMONE_r3_N-38-R_left_half,1,r3,0,0.28838226199150085,0
RIMONE_r3_N-39-L_left_half,1,r3,0,0.912554919719696,1
RIMONE_r3_N-4-R_left_half,1,r3,0,0.5184820890426636,1
RIMONE_r3_N-40-R_left_half,1,r3,0,0.4464804232120514,0
RIMONE_r3_N-41-L_left_half,1,r3,0,0.3838959336280823,0
RIMONE_r3_N-42-R_left_half,1,r3,0,0.35411807894706726,0
RIMONE_r3_N-43-L_left_half,1,r3,0,0.7057618498802185,1
RIMONE_r3_N-44-R_left_half,1,r3,0,0.46519002318382263,0
RIMONE_r3_N-46-R_left_half,1,r3,0,0.3952663838863373,0
RIMONE_r3_N-47-L_left_half,1,r3,0,0.5001366138458252,1
RIMONE_r3_N-48-R_left_half,1,r3,0,0.6406950950622559,1
RIMONE_r3_N-49-L_left_half,1,r3,0,0.7603388428688049,1
RIMONE_r3_N-5-L_left_half,1,r3,0,0.37784481048583984,0
RIMONE_r3_N-50-R_left_half,1,r3,0,0.39411407709121704,0
RIMONE_r3_N-51-L_left_half,1,r3,0,0.5328264236450195,1
RIMONE_r3_N-52-R_left_half,1,r3,0,0.6349533200263977,1
RIMONE_r3_N-53-L_left_half,1,r3,0,0.7589370608329773,1
RIMONE_r3_N-54-R_left_half,1,r3,0,0.3140483796596527,0
RIMONE_r3_N-55-L_left_half,1,r3,0,0.5429677367210388,1
RIMONE_r3_N-56-R_left_half,1,r3,0,0.6326215863227844,1
RIMONE_r3_N-58-R_left_half,1,r3,0,0.6462914943695068,1
RIMONE_r3_N-59-L_left_half,1,r3,0,0.4452592730522156,0
RIMONE_r3_N-6-R_left_half,1,r3,0,0.3609423041343689,0
RIMONE_r3_N-61-L_left_half,1,r3,0,0.594414234161377,1
RIMONE_r3_N-62-R_left_half,1,r3,0,0.732243537902832,1
RIMONE_r3_N-63-L_left_half,1,r3,0,0.8932994604110718,1
RIMONE_r3_N-64-R_left_half,1,r3,0,0.45602574944496155,0
RIMONE_r3_N-65-L_left_half,1,r3,0,0.2935849726200104,0
RIMONE_r3_N-66-R_left_half,1,r3,0,0.6729117631912231,1
RIMONE_r3_N-67-L_left_half,1,r3,0,0.4042215943336487,0
RIMONE_r3_N-68-R_left_half,1,r3,0,0.4905758202075958,0
RIMONE_r3_N-69-L_left_half,1,r3,0,0.5317957997322083,1
RIMONE_r3_N-7-L_left_half,1,r3,0,0.30096012353897095,0
RIMONE_r3_N-70-R_left_half,1,r3,0,0.44470351934432983,0
RIMONE_r3_N-71-L_left_half,1,r3,0,0.7169886827468872,1
RIMONE_r3_N-72-R_left_half,1,r3,0,0.3739966154098511,0
RIMONE_r3_N-73-R_left_half,1,r3,0,0.41330480575561523,0
RIMONE_r3_N-74-L_left_half,1,r3,0,0.5184820890426636,1
RIMONE_r3_N-75-R_left_half,1,r3,0,0.6909175515174866,1
RIMONE_r3_N-76-R_left_half,1,r3,0,0.4652707278728485,0
RIMONE_r3_N-78-R_left_half,1,r3,0,0.9342912435531616,1
RIMONE_r3_N-79-L_left_half,1,r3,0,0.5725712180137634,1
RIMONE_r3_N-8-L_left_half,1,r3,0,0.5491679906845093,1
RIMONE_r3_N-80-R_left_half,1,r3,0,0.8659501671791077,1
RIMONE_r3_N-81-L_left_half,1,r3,0,0.6724246740341187,1
RIMONE_r3_N-82-R_left_half,1,r3,0,0.5762081742286682,1
RIMONE_r3_N-83-L_left_half,1,r3,0,0.3420395851135254,0
RIMONE_r3_N-84-R_left_half,1,r3,0,0.7762265205383301,1
RIMONE_r3_N-85-L_left_half,1,r3,0,0.5539593696594238,1
RIMONE_r3_N-86-R_left_half,1,r3,0,0.7420700788497925,1
RIMONE_r3_N-87-L_left_half,1,r3,0,0.35411807894706726,0
RIMONE_r3_N-88-R_left_half,1,r3,0,0.31179559230804443,0
RIMONE_r3_N-9-L_left_half,1,r3,0,0.5638437271118164,1
RIMONE_r3_N-90-R_left_half,1,r3,0,0.370608389377594,0
RIMONE_r3_N-91-L_left_half,1,r3,0,0.43949732184410095,0
RIMONE_r3_N-92-R_left_half,1,r3,0,0.3885885179042816,0
RIMONE_r1_Im069,2,r1,1,0.0884508565068245,0
RIMONE_r1_Im103,2,r1,1,0.39278745651245117,0
RIMONE_r1_Im113,2,r1,1,0.2316022366285324,0
RIMONE_r1_Im117,2,r1,1,0.4909187853336334,0
RIMONE_r1_Im118,2,r1,1,0.4268260896205902,0
RIMONE_r1_Im120,2,r1,1,0.5252454280853271,1
RIMONE_r1_Im121,2,r1,1,0.75880366563797,1
RIMONE_r1_Im122,2,r1,1,0.21296267211437225,0
RIMONE_r1_Im135,2,r1,1,0.702788770198822,1
RIMONE_r1_Im144,2,r1,1,0.2166576087474823,0
RIMONE_r1_Im158,2,r1,1,0.5582447648048401,1
RIMONE_r1_Im167,2,r1,1,0.7851253747940063,1
RIMONE_r2_Im257,2,r2,1,0.6178798675537109,1
RIMONE_r2_Im258,2,r2,1,0.3009031116962433,0
RIMONE_r2_Im260,2,r2,1,0.30662810802459717,0
RIMONE_r2_Im263,2,r2,1,0.20134547352790833,0
RIMONE_r2_Im264,2,r2,1,0.23380470275878906,0
RIMONE_r2_Im266,2,r2,1,0.3774195909500122,0
RIMONE_r2_Im267,2,r2,1,0.6734791398048401,1
RIMONE_r2_Im268,2,r2,1,0.28355613350868225,0
RIMONE_r2_Im269,2,r2,1,0.19185425341129303,0
RIMONE_r2_Im270,2,r2,1,0.4092240333557129,0
RIMONE_r2_Im273,2,r2,1,0.19837529957294464,0
RIMONE_r2_Im275,2,r2,1,0.11615604907274246,0
RIMONE_r2_Im277,2,r2,1,0.3113139271736145,0
RIMONE_r2_Im281,2,r2,1,0.4963770806789398,0
RIMONE_r2_Im287,2,r2,1,0.4834638237953186,0
RIMONE_r2_Im288,2,r2,1,0.3253762423992157,0
RIMONE_r2_Im289,2,r2,1,0.35651901364326477,0
RIMONE_r2_Im290,2,r2,1,0.37790846824645996,0
RIMONE_r2_Im291,2,r2,1,0.08976828306913376,0
RIMONE_r2_Im292,2,r2,1,0.49274158477783203,0
RIMONE_r2_Im293,2,r2,1,0.4980740547180176,0
RIMONE_r2_Im294,2,r2,1,0.6248645782470703,1
RIMONE_r2_Im301,2,r2,1,0.36994272470474243,0
RIMONE_r2_Im302,2,r2,1,0.34995320439338684,0
RIMONE_r2_Im303,2,r2,1,0.32435059547424316,0
RIMONE_r2_Im305,2,r2,1,0.29038795828819275,0
RIMONE_r2_Im314,2,r2,1,0.487224817276001,0
RIMONE_r2_Im315,2,r2,1,0.30300965905189514,0
RIMONE_r2_Im317,2,r2,1,0.3009031116962433,0
RIMONE_r2_Im318,2,r2,1,0.24577656388282776,0
RIMONE_r2_Im319,2,r2,1,0.194186732172966,0
RIMONE_r2_Im320,2,r2,1,0.2848970592021942,0
RIMONE_r2_Im321,2,r2,1,0.41553595662117004,0
RIMONE_r2_Im324,2,r2,1,0.3570307195186615,0
RIMONE_r2_Im329,2,r2,1,0.3196365535259247,0
RIMONE_r2_Im330,2,r2,1,0.18764111399650574,0
RIMONE_r2_Im331,2,r2,1,0.3009031116962433,0
RIMONE_r2_Im332,2,r2,1,0.43950265645980835,0
RIMONE_r2_Im333,2,r2,1,0.22796106338500977,0
RIMONE_r2_Im334,2,r2,1,0.3009031116962433,0
RIMONE_r2_Im338,2,r2,1,0.3009031116962433,0
RIMONE_r2_Im339,2,r2,1,0.19837529957294464,0
RIMONE_r2_Im343,2,r2,1,0.2863507866859436,0
RIMONE_r2_Im344,2,r2,1,0.542244553565979,1
RIMONE_r1_Im001,2,r1,0,0.30264854431152344,0
RIMONE_r1_Im003,2,r1,0,0.32809343934059143,0
RIMONE_r1_Im004,2,r1,0,0.22231018543243408,0
RIMONE_r1_Im006,2,r1,0,0.49442335963249207,0
RIMONE_r1_Im008,2,r1,0,0.23716525733470917,0
RIMONE_r1_Im011,2,r1,0,0.24577656388282776,0
RIMONE_r1_Im012,2,r1,0,0.2848970592021942,0
RIMONE_r1_Im014,2,r1,0,0.26038503646850586,0
RIMONE_r1_Im015,2,r1,0,0.39786627888679504,0
RIMONE_r1_Im019,2,r1,0,0.2619999945163727,0
RIMONE_r1_Im020,2,r1,0,0.42590779066085815,0
RIMONE_r1_Im022,2,r1,0,0.13358527421951294,0
RIMONE_r1_Im023,2,r1,0,0.12468884885311127,0
RIMONE_r1_Im024,2,r1,0,0.32768863439559937,0
RIMONE_r1_Im025,2,r1,0,0.31089138984680176,0
RIMONE_r1_Im026,2,r1,0,0.3720495402812958,0
RIMONE_r1_Im027,2,r1,0,0.2863507866859436,0
RIMONE_r1_Im028,2,r1,0,0.27842968702316284,0
RIMONE_r1_Im029,2,r1,0,0.20052854716777802,0
RIMONE_r1_Im031,2,r1,0,0.2681424915790558,0
RIMONE_r1_Im032,2,r1,0,0.22937090694904327,0
RIMONE_r1_Im033,2,r1,0,0.23716525733470917,0
RIMONE_r1_Im036,2,r1,0,0.227914497256279,0
RIMONE_r1_Im037,2,r1,0,0.4253339469432831,0
RIMONE_r1_Im040,2,r1,0,0.23505139350891113,0
RIMONE_r1_Im041,2,r1,0,0.3009031116962433,0
RIMONE_r1_Im042,2,r1,0,0.3692857623100281,0
RIMONE_r1_Im046,2,r1,0,0.3009031116962433,0
RIMONE_r1_Im047,2,r1,0,0.22630470991134644,0
RIMONE_r1_Im050,2,r1,0,0.5088821649551392,1
RIMONE_r1_Im052,2,r1,0,0.19098110496997833,0
RIMONE_r1_Im054,2,r1,0,0.3592696487903595,0
RIMONE_r1_Im055,2,r1,0,0.12604433298110962,0
RIMONE_r1_Im056,2,r1,0,0.3375348448753357,0
RIMONE_r1_Im057,2,r1,0,0.33575624227523804,0
RIMONE_r1_Im058,2,r1,0,0.37177520990371704,0
RIMONE_r1_Im059,2,r1,0,0.3005456328392029,0
RIMONE_r1_Im060,2,r1,0,0.22231018543243408,0
RIMONE_r1_Im061,2,r1,0,0.3547794818878174,0
RIMONE_r1_Im062,2,r1,0,0.21296267211437225,0
RIMONE_r1_Im063,2,r1,0,0.11615604907274246,0
RIMONE_r1_Im071,2,r1,0,0.662326455116272,1
RIMONE_r1_Im072,2,r1,0,0.6786291599273682,1
RIMONE_r1_Im073,2,r1,0,0.6552361249923706,1
RIMONE_r1_Im080,2,r1,0,0.749103307723999,1
RIMONE_r1_Im082,2,r1,0,0.43808987736701965,0
RIMONE_r1_Im086,2,r1,0,0.4591878056526184,0
RIMONE_r1_Im087,2,r1,0,0.5354002714157104,1
RIMONE_r1_Im095,2,r1,0,0.5027753710746765,1
RIMONE_r1_Im107,2,r1,0,0.6717780232429504,1
RIMONE_r1_Im108,2,r1,0,0.6730086803436279,1
RIMONE_r1_Im115,2,r1,0,0.5898113250732422,1
RIMONE_r1_Im116,2,r1,0,0.27643775939941406,0
RIMONE_r1_Im119,2,r1,0,0.6805945038795471,1
RIMONE_r1_Im125,2,r1,0,0.2799530327320099,0
RIMONE_r1_Im127,2,r1,0,0.1700710654258728,0
RIMONE_r1_Im128,2,r1,0,0.7012197971343994,1
RIMONE_r1_Im129,2,r1,0,0.4657093286514282,0
RIMONE_r1_Im130,2,r1,0,0.542823076248169,1
RIMONE_r1_Im131,2,r1,0,0.788820743560791,1
RIMONE_r1_Im132,2,r1,0,0.42410534620285034,0
RIMONE_r1_Im133,2,r1,0,0.14767740666866302,0
RIMONE_r1_Im136,2,r1,0,0.7437469959259033,1
RIMONE_r1_Im137,2,r1,0,0.48977822065353394,0
RIMONE_r1_Im138,2,r1,0,0.8034321069717407,1
RIMONE_r1_Im142,2,r1,0,0.5425742268562317,1
RIMONE_r1_Im143,2,r1,0,0.5027753710746765,1
RIMONE_r1_Im145,2,r1,0,0.424824982881546,0
RIMONE_r1_Im146,2,r1,0,0.7526581287384033,1
RIMONE_r1_Im149,2,r1,0,0.7845852375030518,1
RIMONE_r1_Im150,2,r1,0,0.6247100830078125,1
RIMONE_r1_Im151,2,r1,0,0.6244261860847473,1
RIMONE_r1_Im152,2,r1,0,0.7378381490707397,1
RIMONE_r1_Im153,2,r1,0,0.539186954498291,1
RIMONE_r1_Im154,2,r1,0,0.48204460740089417,0
RIMONE_r1_Im155,2,r1,0,0.4781629741191864,0
RIMONE_r1_Im156,2,r1,0,0.2974418103694916,0
RIMONE_r1_Im159,2,r1,0,0.6946184039115906,1
RIMONE_r1_Im161,2,r1,0,0.4053163230419159,0
RIMONE_r1_Im162,2,r1,0,0.4737354516983032,0
RIMONE_r1_Im163,2,r1,0,0.3144786059856415,0
RIMONE_r1_Im164,2,r1,0,0.4408581256866455,0
RIMONE_r1_Im165,2,r1,0,0.770359456539154,1
RIMONE_r1_Im166,2,r1,0,0.25317421555519104,0
RIMONE_r1_Im168,2,r1,0,0.5764129161834717,1
RIMONE_r1_Im169,2,r1,0,0.25105369091033936,0
RIMONE_r2_Im001,2,r2,0,0.33975186944007874,0
RIMONE_r2_Im002,2,r2,0,0.3592696487903595,0
RIMONE_r2_Im003,2,r2,0,0.23827682435512543,0
RIMONE_r2_Im004,2,r2,0,0.2802470624446869,0
RIMONE_r2_Im005,2,r2,0,0.3843521475791931,0
RIMONE_r2_Im006,2,r2,0,0.2848970592021942,0
RIMONE_r2_Im007,2,r2,0,0.42590779066085815,0
RIMONE_r2_Im009,2,r2,0,0.23303526639938354,0
RIMONE_r2_Im010,2,r2,0,0.22796106338500977,0
RIMONE_r2_Im011,2,r2,0,0.5156280398368835,1
RIMONE_r2_Im012,2,r2,0,0.2316022366285324,0
RIMONE_r2_Im013,2,r2,0,0.42590779066085815,0
RIMONE_r2_Im014,2,r2,0,0.2802470624446869,0
RIMONE_r2_Im015,2,r2,0,0.28614163398742676,0
RIMONE_r2_Im016,2,r2,0,0.1474006623029709,0
RIMONE_r2_Im017,2,r2,0,0.2848970592021942,0
RIMONE_r2_Im018,2,r2,0,0.3584480583667755,0
RIMONE_r2_Im019,2,r2,0,0.27583539485931396,0
RIMONE_r2_Im020,2,r2,0,0.23303526639938354,0
RIMONE_r2_Im021,2,r2,0,0.3099355399608612,0
RIMONE_r2_Im022,2,r2,0,0.3698227107524872,0
RIMONE_r2_Im023,2,r2,0,0.3253762423992157,0
RIMONE_r2_Im024,2,r2,0,0.26823553442955017,0
RIMONE_r2_Im025,2,r2,0,0.16661177575588226,0
RIMONE_r2_Im026,2,r2,0,0.26522883772850037,0
RIMONE_r2_Im027,2,r2,0,0.2848970592021942,0
RIMONE_r2_Im028,2,r2,0,0.12917809188365936,0
RIMONE_r2_Im029,2,r2,0,0.7293113470077515,1
RIMONE_r2_Im030,2,r2,0,0.3171471357345581,0
RIMONE_r2_Im031,2,r2,0,0.3720495402812958,0
RIMONE_r2_Im032,2,r2,0,0.1978057324886322,0
RIMONE_r2_Im033,2,r2,0,0.25637638568878174,0
RIMONE_r2_Im347,2,r2,1,0.284641832113266,0
RIMONE_r2_Im348,2,r2,1,0.27720022201538086,0
RIMONE_r2_Im351,2,r2,1,0.3009031116962433,0
RIMONE_r2_Im352,2,r2,1,0.3177248239517212,0
RIMONE_r2_Im354,2,r2,1,0.24195575714111328,0
RIMONE_r2_Im355,2,r2,1,0.4606393873691559,0
RIMONE_r2_Im356,2,r2,1,0.19837529957294464,0
RIMONE_r2_Im357,2,r2,1,0.42590779066085815,0
RIMONE_r2_Im358,2,r2,1,0.40218403935432434,0
RIMONE_r2_Im362,2,r2,1,0.32632458209991455,0
RIMONE_r2_Im365,2,r2,1,0.35920605063438416,0
RIMONE_r2_Im366,2,r2,1,0.25637638568878174,0
RIMONE_r2_Im369,2,r2,1,0.4423958659172058,0
RIMONE_r2_Im373,2,r2,1,0.43950265645980835,0
RIMONE_r2_Im376,2,r2,1,0.14445126056671143,0
RIMONE_r2_Im377,2,r2,1,0.3113139271736145,0
RIMONE_r2_Im383,2,r2,1,0.14445126056671143,0
RIMONE_r2_Im384,2,r2,1,0.4661996364593506,0
RIMONE_r2_Im385,2,r2,1,0.1978057324886322,0
RIMONE_r2_Im387,2,r2,1,0.3009031116962433,0
RIMONE_r2_Im388,2,r2,1,0.2316022366285324,0
RIMONE_r2_Im389,2,r2,1,0.3592696487903595,0
RIMONE_r2_Im390,2,r2,1,0.46345430612564087,0
RIMONE_r2_Im391,2,r2,1,0.36112135648727417,0
RIMONE_r2_Im392,2,r2,1,0.23102809488773346,0
RIMONE_r2_Im393,2,r2,1,0.3113139271736145,0
RIMONE_r2_Im398,2,r2,1,0.3113139271736145,0
RIMONE_r2_Im399,2,r2,1,0.2949877977371216,0
RIMONE_r2_Im400,2,r2,1,0.3099355399608612,0
RIMONE_r2_Im401,2,r2,1,0.25878170132637024,0
RIMONE_r2_Im402,2,r2,1,0.5722370743751526,1
RIMONE_r2_Im403,2,r2,1,0.1521446257829666,0
RIMONE_r2_Im404,2,r2,1,0.571578860282898,1
RIMONE_r2_Im406,2,r2,1,0.19457842409610748,0
RIMONE_r2_Im407,2,r2,1,0.2848970592021942,0
RIMONE_r2_Im408,2,r2,1,0.23303526639938354,0
RIMONE_r2_Im414,2,r2,1,0.42777225375175476,0
RIMONE_r2_Im415,2,r2,1,0.23716525733470917,0
RIMONE_r2_Im416,2,r2,1,0.3271424472332001,0
RIMONE_r2_Im418,2,r2,1,0.306856244802475,0
RIMONE_r2_Im419,2,r2,1,0.165056049823761,0
RIMONE_r2_Im420,2,r2,1,0.23716525733470917,0
RIMONE_r2_Im421,2,r2,1,0.165056049823761,0
RIMONE_r2_Im422,2,r2,1,0.22796106338500977,0
RIMONE_r2_Im424,2,r2,1,0.23716525733470917,0
RIMONE_r2_Im427,2,r2,1,0.24577656388282776,0
RIMONE_r2_Im428,2,r2,1,0.35383141040802,0
RIMONE_r2_Im429,2,r2,1,0.36643674969673157,0
RIMONE_r2_Im432,2,r2,1,0.3009031116962433,0
RIMONE_r2_Im433,2,r2,1,0.3314076364040375,0
RIMONE_r2_Im436,2,r2,1,0.2316022366285324,0
RIMONE_r2_Im439,2,r2,1,0.08218597620725632,0
RIMONE_r2_Im441,2,r2,1,0.1734812706708908,0
RIMONE_r2_Im442,2,r2,1,0.5010484457015991,1
RIMONE_r2_Im443,2,r2,1,0.3505649268627167,0
RIMONE_r2_Im444,2,r2,1,0.35651901364326477,0
RIMONE_r2_Im445,2,r2,1,0.1872655302286148,0
RIMONE_r2_Im448,2,r2,1,0.3009031116962433,0
RIMONE_r2_Im449,2,r2,1,0.3009031116962433,0
RIMONE_r2_Im450,2,r2,1,0.2902399003505707,0
RIMONE_r2_Im451,2,r2,1,0.2957911789417267,0
RIMONE_r2_Im453,2,r2,1,0.5312791466712952,1
RIMONE_r2_Im454,2,r2,1,0.38531747460365295,0
RIMONE_r2_Im455,2,r2,1,0.42590779066085815,0
RIMONE_r3_G-1-L_left_half,2,r3,1,0.20796599984169006,0
RIMONE_r3_G-10-L_left_half,2,r3,1,0.9160389304161072,1
RIMONE_r3_G-11-R_left_half,2,r3,1,0.8804988861083984,1
RIMONE_r3_G-12-L_left_half,2,r3,1,0.6270326972007751,1
RIMONE_r3_G-13-R_left_half,2,r3,1,0.8274217844009399,1
RIMONE_r3_G-14-R_left_half,2,r3,1,0.5589389204978943,1
RIMONE_r3_G-15-L_left_half,2,r3,1,0.22163541615009308,0
RIMONE_r3_G-16-R_left_half,2,r3,1,0.09264325350522995,0
RIMONE_r3_G-17-L_left_half,2,r3,1,0.24564258754253387,0
RIMONE_r3_G-18-R_left_half,2,r3,1,0.1840554028749466,0
RIMONE_r3_G-2-R_left_half,2,r3,1,0.25919145345687866,0
RIMONE_r3_G-22-L_left_half,2,r3,1,0.8780642747879028,1
RIMONE_r3_G-23-R_left_half,2,r3,1,0.77764493227005,1
RIMONE_r3_G-25-L_left_half,2,r3,1,0.7045713067054749,1
RIMONE_r3_G-27-R_left_half,2,r3,1,0.7855594754219055,1
RIMONE_r3_G-29-R_left_half,2,r3,1,0.41381198167800903,0
RIMONE_r3_G-3-R_left_half,2,r3,1,0.8330333232879639,1
RIMONE_r3_G-30-L_left_half,2,r3,1,0.5263357162475586,1
RIMONE_r3_G-31-R_left_half,2,r3,1,0.879372239112854,1
RIMONE_r3_G-32-L_left_half,2,r3,1,0.9361748695373535,1
RIMONE_r3_G-33-R_left_half,2,r3,1,0.19089503586292267,0
RIMONE_r3_G-34-L_left_half,2,r3,1,0.7664257287979126,1
RIMONE_r3_G-35-R_left_half,2,r3,1,0.07707034051418304,0
RIMONE_r3_G-37-R_left_half,2,r3,1,0.8163345456123352,1
RIMONE_r3_G-38-L_left_half,2,r3,1,0.6827949285507202,1
RIMONE_r3_G-39-L_left_half,2,r3,1,0.5134958624839783,1
RIMONE_r3_G-6-L_left_half,2,r3,1,0.18839435279369354,0
RIMONE_r3_G-8-R_left_half,2,r3,1,0.16735398769378662,0
RIMONE_r3_G-9-R_left_half,2,r3,1,0.36818090081214905,0
RIMONE_r3_S-1-L_left_half,2,r3,1,0.36112135648727417,0
RIMONE_r3_S-10-R_left_half,2,r3,1,0.7276393175125122,1
RIMONE_r3_S-11-L_left_half,2,r3,1,0.18952174484729767,0
RIMONE_r3_S-12-L_left_half,2,r3,1,0.834367036819458,1
RIMONE_r3_S-13-R_left_half,2,r3,1,0.5839349627494812,1
RIMONE_r3_S-14-R_left_half,2,r3,1,0.34089750051498413,0
RIMONE_r3_S-18-L_left_half,2,r3,1,0.12220686674118042,0
RIMONE_r3_S-19-R_left_half,2,r3,1,0.2774871587753296,0
RIMONE_r3_S-2-L_left_half,2,r3,1,0.1700710654258728,0
RIMONE_r3_S-20-L_left_half,2,r3,1,0.5767092704772949,1
RIMONE_r3_S-21-R_left_half,2,r3,1,0.6809474229812622,1
RIMONE_r3_S-25-L_left_half,2,r3,1,0.8140113353729248,1
RIMONE_r3_S-26-R_left_half,2,r3,1,0.7390853762626648,1
RIMONE_r3_S-28-R_left_half,2,r3,1,0.4394725561141968,0
RIMONE_r3_S-29-R_left_half,2,r3,1,0.1747198849916458,0
RIMONE_r3_S-30-L_left_half,2,r3,1,0.5265005230903625,1
RIMONE_r3_S-31-L_left_half,2,r3,1,0.10414544492959976,0
RIMONE_r3_S-32-L_left_half,2,r3,1,0.11615604907274246,0
RIMONE_r3_S-33-R_left_half,2,r3,1,0.15641874074935913,0
RIMONE_r3_S-35-R_left_half,2,r3,1,0.5867242217063904,1
RIMONE_r3_S-4-L_left_half,2,r3,1,0.8293350338935852,1
RIMONE_r3_S-6-R_left_half,2,r3,1,0.8804988861083984,1
RIMONE_r3_S-9-L_left_half,2,r3,1,0.7313709855079651,1
RIMONE_r2_Im034,2,r2,0,0.165056049823761,0
RIMONE_r2_Im036,2,r2,0,0.12917809188365936,0
RIMONE_r2_Im038,2,r2,0,0.12735745310783386,0
RIMONE_r2_Im040,2,r2,0,0.22937090694904327,0
RIMONE_r2_Im042,2,r2,0,0.2615267038345337,0
RIMONE_r2_Im044,2,r2,0,0.15343235433101654,0
RIMONE_r2_Im046,2,r2,0,0.165056049823761,0
RIMONE_r2_Im048,2,r2,0,0.2514324188232422,0
RIMONE_r2_Im050,2,r2,0,0.19146659970283508,0
RIMONE_r2_Im052,2,r2,0,0.3481496274471283,0
RIMONE_r2_Im054,2,r2,0,0.16191914677619934,0
RIMONE_r2_Im056,2,r2,0,0.22754529118537903,0
RIMONE_r2_Im058,2,r2,0,0.2316022366285324,0
RIMONE_r2_Im060,2,r2,0,0.14445126056671143,0
RIMONE_r2_Im062,2,r2,0,0.20892979204654694,0
RIMONE_r2_Im064,2,r2,0,0.13358527421951294,0
RIMONE_r2_Im066,2,r2,0,0.26038503646850586,0
RIMONE_r2_Im068,2,r2,0,0.21296267211437225,0
RIMONE_r2_Im070,2,r2,0,0.1840554028749466,0
RIMONE_r2_Im072,2,r2,0,0.22630470991134644,0
RIMONE_r2_Im074,2,r2,0,0.24786727130413055,0
RIMONE_r2_Im076,2,r2,0,0.23488596081733704,0
RIMONE_r2_Im078,2,r2,0,0.12735745310783386,0
RIMONE_r2_Im080,2,r2,0,0.171280175447464,0
RIMONE_r2_Im082,2,r2,0,0.3352699875831604,0
RIMONE_r2_Im084,2,r2,0,0.43647754192352295,0
RIMONE_r2_Im086,2,r2,0,0.13358527421951294,0
RIMONE_r2_Im088,2,r2,0,0.22937090694904327,0
RIMONE_r2_Im090,2,r2,0,0.16482600569725037,0
RIMONE_r2_Im092,2,r2,0,0.23716525733470917,0
RIMONE_r2_Im094,2,r2,0,0.18753989040851593,0
RIMONE_r2_Im096,2,r2,0,0.12735745310783386,0
RIMONE_r2_Im098,2,r2,0,0.12051896750926971,0
RIMONE_r2_Im100,2,r2,0,0.17399999499320984,0
RIMONE_r2_Im102,2,r2,0,0.22937090694904327,0
RIMONE_r2_Im104,2,r2,0,0.1700710654258728,0
RIMONE_r2_Im106,2,r2,0,0.32177993655204773,0
RIMONE_r2_Im108,2,r2,0,0.15648719668388367,0
RIMONE_r2_Im110,2,r2,0,0.23009832203388214,0
RIMONE_r2_Im112,2,r2,0,0.2848970592021942,0
RIMONE_r2_Im114,2,r2,0,0.23716525733470917,0
RIMONE_r2_Im116,2,r2,0,0.22937090694904327,0
RIMONE_r2_Im118,2,r2,0,0.20892979204654694,0
RIMONE_r2_Im120,2,r2,0,0.12468884885311127,0
RIMONE_r2_Im122,2,r2,0,0.10619678348302841,0
RIMONE_r2_Im124,2,r2,0,0.165056049823761,0
RIMONE_r2_Im126,2,r2,0,0.3535201847553253,0
RIMONE_r2_Im128,2,r2,0,0.1454537808895111,0
RIMONE_r2_Im130,2,r2,0,0.13075768947601318,0
RIMONE_r2_Im132,2,r2,0,0.10917958617210388,0
RIMONE_r2_Im134,2,r2,0,0.33488333225250244,0
RIMONE_r2_Im136,2,r2,0,0.22231018543243408,0
RIMONE_r2_Im138,2,r2,0,0.2745165228843689,0
RIMONE_r2_Im140,2,r2,0,0.12917809188365936,0
RIMONE_r2_Im142,2,r2,0,0.11087442189455032,0
RIMONE_r2_Im144,2,r2,0,0.23716525733470917,0
RIMONE_r2_Im146,2,r2,0,0.18278096616268158,0
RIMONE_r2_Im148,2,r2,0,0.1902175396680832,0
RIMONE_r2_Im150,2,r2,0,0.19623790681362152,0
RIMONE_r2_Im152,2,r2,0,0.11087442189455032,0
RIMONE_r2_Im154,2,r2,0,0.20731154084205627,0
RIMONE_r2_Im156,2,r2,0,0.12468884885311127,0
RIMONE_r2_Im158,2,r2,0,0.1902175396680832,0
RIMONE_r2_Im160,2,r2,0,0.12917809188365936,0
RIMONE_r2_Im162,2,r2,0,0.23303526639938354,0
RIMONE_r2_Im164,2,r2,0,0.24564258754253387,0
RIMONE_r2_Im166,2,r2,0,0.2316022366285324,0
RIMONE_r2_Im168,2,r2,0,0.2848970592021942,0
RIMONE_r2_Im170,2,r2,0,0.3072470724582672,0
RIMONE_r2_Im172,2,r2,0,0.165056049823761,0
RIMONE_r2_Im174,2,r2,0,0.2316022366285324,0
RIMONE_r2_Im176,2,r2,0,0.32768863439559937,0
RIMONE_r2_Im178,2,r2,0,0.21570459008216858,0
RIMONE_r2_Im180,2,r2,0,0.23303526639938354,0
RIMONE_r2_Im182,2,r2,0,0.28395384550094604,0
RIMONE_r2_Im184,2,r2,0,0.23303526639938354,0
RIMONE_r2_Im186,2,r2,0,0.12735745310783386,0
RIMONE_r2_Im188,2,r2,0,0.3668954372406006,0
RIMONE_r2_Im190,2,r2,0,0.27720022201538086,0
RIMONE_r2_Im192,2,r2,0,0.1594693511724472,0
RIMONE_r2_Im194,2,r2,0,0.22937090694904327,0
RIMONE_r2_Im196,2,r2,0,0.13358527421951294,0
RIMONE_r2_Im198,2,r2,0,0.12468884885311127,0
RIMONE_r2_Im200,2,r2,0,0.3196365535259247,0
RIMONE_r2_Im202,2,r2,0,0.4636630117893219,0
RIMONE_r2_Im206,2,r2,0,0.12735745310783386,0
RIMONE_r2_Im208,2,r2,0,0.21570459008216858,0
RIMONE_r2_Im210,2,r2,0,0.165056049823761,0
RIMONE_r2_Im212,2,r2,0,0.12468884885311127,0
RIMONE_r2_Im214,2,r2,0,0.3558395504951477,0
RIMONE_r2_Im216,2,r2,0,0.12917809188365936,0
RIMONE_r2_Im218,2,r2,0,0.2674548625946045,0
RIMONE_r2_Im220,2,r2,0,0.3322177529335022,0
RIMONE_r2_Im222,2,r2,0,0.16282249987125397,0
RIMONE_r2_Im224,2,r2,0,0.18999327719211578,0
RIMONE_r2_Im226,2,r2,0,0.42566797137260437,0
RIMONE_r2_Im228,2,r2,0,0.4609644114971161,0
RIMONE_r2_Im230,2,r2,0,0.3113139271736145,0
RIMONE_r2_Im232,2,r2,0,0.28239354491233826,0
RIMONE_r2_Im234,2,r2,0,0.21570459008216858,0
RIMONE_r2_Im236,2,r2,0,0.3430376946926117,0
RIMONE_r2_Im238,2,r2,0,0.19146659970283508,0
RIMONE_r2_Im240,2,r2,0,0.252448707818985,0
RIMONE_r2_Im242,2,r2,0,0.2681424915790558,0
RIMONE_r2_Im244,2,r2,0,0.13358527421951294,0
RIMONE_r2_Im246,2,r2,0,0.2724648118019104,0
RIMONE_r2_Im248,2,r2,0,0.21557050943374634,0
RIMONE_r2_Im250,2,r2,0,0.4649331867694855,0
RIMONE_r2_Im252,2,r2,0,0.24564258754253387,0
RIMONE_r2_Im254,2,r2,0,0.20462477207183838,0
RIMONE_r3_N-1-L_left_half,2,r3,0,0.43797752261161804,0
RIMONE_r3_N-10-R_left_half,2,r3,0,0.5183985829353333,1
RIMONE_r3_N-11-L_left_half,2,r3,0,0.789398193359375,1
RIMONE_r3_N-12-R_left_half,2,r3,0,0.7081445455551147,1
RIMONE_r3_N-13-L_left_half,2,r3,0,0.8301675319671631,1
RIMONE_r3_N-14-R_left_half,2,r3,0,0.19837424159049988,0
RIMONE_r3_N-16-R_left_half,2,r3,0,0.11198794096708298,0
RIMONE_r3_N-17-L_left_half,2,r3,0,0.5423091650009155,1
RIMONE_r3_N-18-R_left_half,2,r3,0,0.5562529563903809,1
RIMONE_r3_N-2-R_left_half,2,r3,0,0.5414659380912781,1
RIMONE_r3_N-20-R_left_half,2,r3,0,0.13075768947601318,0
RIMONE_r3_N-21-L_left_half,2,r3,0,0.7962963581085205,1
RIMONE_r3_N-22-R_left_half,2,r3,0,0.7775368690490723,1
RIMONE_r3_N-23-L_left_half,2,r3,0,0.23618084192276,0
RIMONE_r3_N-24-R_left_half,2,r3,0,0.8310949802398682,1
RIMONE_r3_N-25-L_left_half,2,r3,0,0.3429577946662903,0
RIMONE_r3_N-26-R_left_half,2,r3,0,0.13641422986984253,0
RIMONE_r3_N-27-L_left_half,2,r3,0,0.13358165323734283,0
RIMONE_r3_N-28-R_left_half,2,r3,0,0.13248063623905182,0
RIMONE_r3_N-29-L_left_half,2,r3,0,0.27292400598526,0
RIMONE_r3_N-3-L_left_half,2,r3,0,0.7336767911911011,1
RIMONE_r3_N-30-R_left_half,2,r3,0,0.3435399532318115,0
RIMONE_r3_N-31-L_left_half,2,r3,0,0.5562529563903809,1
RIMONE_r3_N-32-R_left_half,2,r3,0,0.5505840182304382,1
RIMONE_r3_N-33-L_left_half,2,r3,0,0.6996649503707886,1
RIMONE_r3_N-34-R_left_half,2,r3,0,0.7716999053955078,1
RIMONE_r3_N-35-L_left_half,2,r3,0,0.7978491187095642,1
RIMONE_r3_N-36-R_left_half,2,r3,0,0.30615705251693726,0
RIMONE_r3_N-37-L_left_half,2,r3,0,0.6975365281105042,1
RIMONE_r3_N-38-R_left_half,2,r3,0,0.6981114149093628,1
RIMONE_r3_N-39-L_left_half,2,r3,0,0.5340380072593689,1
RIMONE_r3_N-4-R_left_half,2,r3,0,0.5562529563903809,1
RIMONE_r3_N-40-R_left_half,2,r3,0,0.32676374912261963,0
RIMONE_r3_N-41-L_left_half,2,r3,0,0.5354002714157104,1
RIMONE_r3_N-42-R_left_half,2,r3,0,0.5654773116111755,1
RIMONE_r3_N-43-L_left_half,2,r3,0,0.39561665058135986,0
RIMONE_r3_N-44-R_left_half,2,r3,0,0.4071383774280548,0
RIMONE_r3_N-46-R_left_half,2,r3,0,0.6762498617172241,1
RIMONE_r3_N-47-L_left_half,2,r3,0,0.188786119222641,0
RIMONE_r3_N-48-R_left_half,2,r3,0,0.8107309341430664,1
RIMONE_r3_N-49-L_left_half,2,r3,0,0.6377575397491455,1
RIMONE_r3_N-5-L_left_half,2,r3,0,0.12917809188365936,0
RIMONE_r3_N-50-R_left_half,2,r3,0,0.44519150257110596,0
RIMONE_r3_N-51-L_left_half,2,r3,0,0.9023181200027466,1
RIMONE_r3_N-52-R_left_half,2,r3,0,0.8358708024024963,1
RIMONE_r3_N-53-L_left_half,2,r3,0,0.17222055792808533,0
RIMONE_r3_N-54-R_left_half,2,r3,0,0.2837388813495636,0
RIMONE_r3_N-55-L_left_half,2,r3,0,0.5824466943740845,1
RIMONE_r3_N-56-R_left_half,2,r3,0,0.39652618765830994,0
RIMONE_r3_N-58-R_left_half,2,r3,0,0.21932265162467957,0
RIMONE_r3_N-59-L_left_half,2,r3,0,0.6585359573364258,1
RIMONE_r3_N-6-R_left_half,2,r3,0,0.48622092604637146,0
RIMONE_r3_N-61-L_left_half,2,r3,0,0.7603083848953247,1
RIMONE_r3_N-62-R_left_half,2,r3,0,0.7807625532150269,1
RIMONE_r3_N-63-L_left_half,2,r3,0,0.8813155293464661,1
RIMONE_r3_N-64-R_left_half,2,r3,0,0.40004730224609375,0
RIMONE_r3_N-65-L_left_half,2,r3,0,0.4408581256866455,0
RIMONE_r3_N-66-R_left_half,2,r3,0,0.8271616101264954,1
RIMONE_r3_N-67-L_left_half,2,r3,0,0.4488767087459564,0
RIMONE_r3_N-68-R_left_half,2,r3,0,0.6342137455940247,1
RIMONE_r3_N-69-L_left_half,2,r3,0,0.7414266467094421,1
RIMONE_r3_N-7-L_left_half,2,r3,0,0.27186140418052673,0
RIMONE_r3_N-70-R_left_half,2,r3,0,0.4942147731781006,0
RIMONE_r3_N-71-L_left_half,2,r3,0,0.670895516872406,1
RIMONE_r3_N-72-R_left_half,2,r3,0,0.11615604907274246,0
RIMONE_r3_N-73-R_left_half,2,r3,0,0.5322777628898621,1
RIMONE_r3_N-74-L_left_half,2,r3,0,0.5383291840553284,1
RIMONE_r3_N-75-R_left_half,2,r3,0,0.657841682434082,1
RIMONE_r3_N-76-R_left_half,2,r3,0,0.27267587184906006,0
RIMONE_r3_N-78-R_left_half,2,r3,0,0.8842552900314331,1
RIMONE_r3_N-79-L_left_half,2,r3,0,0.165056049823761,0
RIMONE_r3_N-8-L_left_half,2,r3,0,0.17506997287273407,0
RIMONE_r3_N-80-R_left_half,2,r3,0,0.7849262952804565,1
RIMONE_r3_N-81-L_left_half,2,r3,0,0.7683056592941284,1
RIMONE_r3_N-82-R_left_half,2,r3,0,0.791487455368042,1
RIMONE_r3_N-83-L_left_half,2,r3,0,0.5254368782043457,1
RIMONE_r3_N-84-R_left_half,2,r3,0,0.5066274404525757,1
RIMONE_r3_N-85-L_left_half,2,r3,0,0.2974418103694916,0
RIMONE_r3_N-86-R_left_half,2,r3,0,0.7588567137718201,1
RIMONE_r3_N-87-L_left_half,2,r3,0,0.5038149952888489,1
RIMONE_r3_N-88-R_left_half,2,r3,0,0.4967879354953766,0
RIMONE_r3_N-9-L_left_half,2,r3,0,0.21296267211437225,0
RIMONE_r3_N-90-R_left_half,2,r3,0,0.43062907457351685,0
RIMONE_r3_N-91-L_left_half,2,r3,0,0.5348808765411377,1
RIMONE_r3_N-92-R_left_half,2,r3,0,0.5185476541519165,1
RIMONE_r1_Im069,3,r1,1,0.6110009551048279,1
RIMONE_r1_Im103,3,r1,1,0.962073028087616,1
RIMONE_r1_Im113,3,r1,1,0.7602913975715637,1
RIMONE_r1_Im117,3,r1,1,0.8577433228492737,1
RIMONE_r1_Im118,3,r1,1,0.809065043926239,1
RIMONE_r1_Im120,3,r1,1,0.9525853991508484,1
RIMONE_r1_Im121,3,r1,1,0.8240696787834167,1
RIMONE_r1_Im122,3,r1,1,0.9468583464622498,1
RIMONE_r1_Im135,3,r1,1,0.9705243706703186,1
RIMONE_r1_Im144,3,r1,1,0.8470386862754822,1
RIMONE_r1_Im158,3,r1,1,0.9568367600440979,1
RIMONE_r1_Im167,3,r1,1,0.9738933444023132,1
RIMONE_r2_Im257,3,r2,1,0.7252241969108582,1
RIMONE_r2_Im258,3,r2,1,0.6433214545249939,1
RIMONE_r2_Im260,3,r2,1,0.6433214545249939,1
RIMONE_r2_Im263,3,r2,1,0.7331840395927429,1
RIMONE_r2_Im264,3,r2,1,0.741878867149353,1
RIMONE_r2_Im266,3,r2,1,0.7602913975715637,1
RIMONE_r2_Im267,3,r2,1,0.6558839678764343,1
RIMONE_r2_Im268,3,r2,1,0.38795655965805054,0
RIMONE_r2_Im269,3,r2,1,0.7707638740539551,1
RIMONE_r2_Im270,3,r2,1,0.7785996794700623,1
RIMONE_r2_Im273,3,r2,1,0.8283320665359497,1
RIMONE_r2_Im275,3,r2,1,0.5654007792472839,1
RIMONE_r2_Im277,3,r2,1,0.6433214545249939,1
RIMONE_r2_Im281,3,r2,1,0.2523149847984314,0
RIMONE_r2_Im287,3,r2,1,0.6520318984985352,1
RIMONE_r2_Im288,3,r2,1,0.7602913975715637,1
RIMONE_r2_Im289,3,r2,1,0.8416724801063538,1
RIMONE_r2_Im290,3,r2,1,0.6433214545249939,1
RIMONE_r2_Im291,3,r2,1,0.9637997150421143,1
RIMONE_r2_Im292,3,r2,1,0.9496101140975952,1
RIMONE_r2_Im293,3,r2,1,0.37834301590919495,0
RIMONE_r2_Im294,3,r2,1,0.389188289642334,0
RIMONE_r2_Im301,3,r2,1,0.776300311088562,1
RIMONE_r2_Im302,3,r2,1,0.776300311088562,1
RIMONE_r2_Im303,3,r2,1,0.776300311088562,1
RIMONE_r2_Im305,3,r2,1,0.776300311088562,1
RIMONE_r2_Im314,3,r2,1,0.48867759108543396,0
RIMONE_r2_Im315,3,r2,1,0.6433214545249939,1
RIMONE_r2_Im317,3,r2,1,0.6433214545249939,1
RIMONE_r2_Im318,3,r2,1,0.7602913975715637,1
RIMONE_r2_Im319,3,r2,1,0.7707638740539551,1
RIMONE_r2_Im320,3,r2,1,0.6433214545249939,1
RIMONE_r2_Im321,3,r2,1,0.5696735978126526,1
RIMONE_r2_Im324,3,r2,1,0.776300311088562,1
RIMONE_r2_Im329,3,r2,1,0.9498446583747864,1
RIMONE_r2_Im330,3,r2,1,0.8895952105522156,1
RIMONE_r2_Im331,3,r2,1,0.6433214545249939,1
RIMONE_r2_Im332,3,r2,1,0.6433214545249939,1
RIMONE_r2_Im333,3,r2,1,0.7240148186683655,1
RIMONE_r2_Im334,3,r2,1,0.6433214545249939,1
RIMONE_r2_Im338,3,r2,1,0.6433214545249939,1
RIMONE_r2_Im339,3,r2,1,0.8283320665359497,1
RIMONE_r2_Im343,3,r2,1,0.6433214545249939,1
RIMONE_r2_Im344,3,r2,1,0.6525464653968811,1
RIMONE_r1_Im001,3,r1,0,0.6433214545249939,1
RIMONE_r1_Im003,3,r1,0,0.9498446583747864,1
RIMONE_r1_Im004,3,r1,0,0.9456312656402588,1
RIMONE_r1_Im006,3,r1,0,0.9716950058937073,1
RIMONE_r1_Im008,3,r1,0,0.7602913975715637,1
RIMONE_r1_Im011,3,r1,0,0.7602913975715637,1
RIMONE_r1_Im012,3,r1,0,0.7602913975715637,1
RIMONE_r1_Im014,3,r1,0,0.7602913975715637,1
RIMONE_r1_Im015,3,r1,0,0.9592064023017883,1
RIMONE_r1_Im019,3,r1,0,0.5867342948913574,1
RIMONE_r1_Im020,3,r1,0,0.6384598612785339,1
RIMONE_r1_Im022,3,r1,0,0.7669158577919006,1
RIMONE_r1_Im023,3,r1,0,0.5030364990234375,1
RIMONE_r1_Im024,3,r1,0,0.9498446583747864,1
RIMONE_r1_Im025,3,r1,0,0.9498446583747864,1
RIMONE_r1_Im026,3,r1,0,0.6433214545249939,1
RIMONE_r1_Im027,3,r1,0,0.6433214545249939,1
RIMONE_r1_Im028,3,r1,0,0.8150603771209717,1
RIMONE_r1_Im029,3,r1,0,0.5231155753135681,1
RIMONE_r1_Im031,3,r1,0,0.9498446583747864,1
RIMONE_r1_Im032,3,r1,0,0.7665324807167053,1
RIMONE_r1_Im033,3,r1,0,0.7602913975715637,1
RIMONE_r1_Im036,3,r1,0,0.8150603771209717,1
RIMONE_r1_Im037,3,r1,0,0.5231155753135681,1
RIMONE_r1_Im040,3,r1,0,0.7665324807167053,1
RIMONE_r1_Im041,3,r1,0,0.6433214545249939,1
RIMONE_r1_Im042,3,r1,0,0.6311289072036743,1
RIMONE_r1_Im046,3,r1,0,0.6433214545249939,1
RIMONE_r1_Im047,3,r1,0,0.7665324807167053,1
RIMONE_r1_Im050,3,r1,0,0.9429041147232056,1
RIMONE_r1_Im052,3,r1,0,0.7646012306213379,1
RIMONE_r1_Im054,3,r1,0,0.7602913975715637,1
RIMONE_r1_Im055,3,r1,0,0.9637997150421143,1
RIMONE_r1_Im056,3,r1,0,0.958842396736145,1
RIMONE_r1_Im057,3,r1,0,0.9498446583747864,1
RIMONE_r1_Im058,3,r1,0,0.9605373740196228,1
RIMONE_r1_Im059,3,r1,0,0.7602913975715637,1
RIMONE_r1_Im060,3,r1,0,0.9456312656402588,1
RIMONE_r1_Im061,3,r1,0,0.9481725692749023,1
RIMONE_r1_Im062,3,r1,0,0.9571816921234131,1
RIMONE_r1_Im063,3,r1,0,0.5654007792472839,1
RIMONE_r1_Im071,3,r1,0,0.8470386862754822,1
RIMONE_r1_Im072,3,r1,0,0.9626123309135437,1
RIMONE_r1_Im073,3,r1,0,0.9626123309135437,1
RIMONE_r1_Im080,3,r1,0,0.969035267829895,1
RIMONE_r1_Im082,3,r1,0,0.8577433228492737,1
RIMONE_r1_Im086,3,r1,0,0.9683085680007935,1
RIMONE_r1_Im087,3,r1,0,0.9626123309135437,1
RIMONE_r1_Im095,3,r1,0,0.9683085680007935,1
RIMONE_r1_Im107,3,r1,0,0.8905905485153198,1
RIMONE_r1_Im108,3,r1,0,0.8639757037162781,1
RIMONE_r1_Im115,3,r1,0,0.8577433228492737,1
RIMONE_r1_Im116,3,r1,0,0.5231155753135681,1
RIMONE_r1_Im119,3,r1,0,0.9705243706703186,1
RIMONE_r1_Im125,3,r1,0,0.9605373740196228,1
RIMONE_r1_Im127,3,r1,0,0.8087552785873413,1
RIMONE_r1_Im128,3,r1,0,0.952160120010376,1
RIMONE_r1_Im129,3,r1,0,0.9726012349128723,1
RIMONE_r1_Im130,3,r1,0,0.9693520665168762,1
RIMONE_r1_Im131,3,r1,0,0.959425687789917,1
RIMONE_r1_Im132,3,r1,0,0.959425687789917,1
RIMONE_r1_Im133,3,r1,0,0.8895952105522156,1
RIMONE_r1_Im136,3,r1,0,0.8899267315864563,1
RIMONE_r1_Im137,3,r1,0,0.9626123309135437,1
RIMONE_r1_Im138,3,r1,0,0.959425687789917,1
RIMONE_r1_Im142,3,r1,0,0.9626123309135437,1
RIMONE_r1_Im143,3,r1,0,0.9683085680007935,1
RIMONE_r1_Im145,3,r1,0,0.9716950058937073,1
RIMONE_r1_Im146,3,r1,0,0.957434356212616,1
RIMONE_r1_Im149,3,r1,0,0.8577433228492737,1
RIMONE_r1_Im150,3,r1,0,0.9626123309135437,1
RIMONE_r1_Im151,3,r1,0,0.8944425582885742,1
RIMONE_r1_Im152,3,r1,0,0.9544039964675903,1
RIMONE_r1_Im153,3,r1,0,0.9683085680007935,1
RIMONE_r1_Im154,3,r1,0,0.973105788230896,1
RIMONE_r1_Im155,3,r1,0,0.9716950058937073,1
RIMONE_r1_Im156,3,r1,0,0.9605373740196228,1
RIMONE_r1_Im159,3,r1,0,0.9525853991508484,1
RIMONE_r1_Im161,3,r1,0,0.9592064023017883,1
RIMONE_r1_Im162,3,r1,0,0.9716950058937073,1
RIMONE_r1_Im163,3,r1,0,0.8470386862754822,1
RIMONE_r1_Im164,3,r1,0,0.8503659963607788,1
RIMONE_r1_Im165,3,r1,0,0.9626123309135437,1
RIMONE_r1_Im166,3,r1,0,0.9605373740196228,1
RIMONE_r1_Im168,3,r1,0,0.8577433228492737,1
RIMONE_r1_Im169,3,r1,0,0.9605373740196228,1
RIMONE_r2_Im001,3,r2,0,0.776300311088562,1
RIMONE_r2_Im002,3,r2,0,0.7646012306213379,1
RIMONE_r2_Im003,3,r2,0,0.7709202766418457,1
RIMONE_r2_Im004,3,r2,0,0.6433214545249939,1
RIMONE_r2_Im005,3,r2,0,0.6433214545249939,1
RIMONE_r2_Im006,3,r2,0,0.6433214545249939,1
RIMONE_r2_Im007,3,r2,0,0.6384598612785339,1
RIMONE_r2_Im009,3,r2,0,0.7665324807167053,1
RIMONE_r2_Im010,3,r2,0,0.7240148186683655,1
RIMONE_r2_Im011,3,r2,0,0.6525464653968811,1
RIMONE_r2_Im012,3,r2,0,0.7602913975715637,1
RIMONE_r2_Im013,3,r2,0,0.48867759108543396,0
RIMONE_r2_Im014,3,r2,0,0.6433214545249939,1
RIMONE_r2_Im015,3,r2,0,0.7665324807167053,1
RIMONE_r2_Im016,3,r2,0,0.3027949929237366,0
RIMONE_r2_Im017,3,r2,0,0.6433214545249939,1
RIMONE_r2_Im018,3,r2,0,0.4939567744731903,0
RIMONE_r2_Im019,3,r2,0,0.7602913975715637,1
RIMONE_r2_Im020,3,r2,0,0.7665324807167053,1
RIMONE_r2_Im021,3,r2,0,0.8416724801063538,1
RIMONE_r2_Im022,3,r2,0,0.948459267616272,1
RIMONE_r2_Im023,3,r2,0,0.7602913975715637,1
RIMONE_r2_Im024,3,r2,0,0.7646012306213379,1
RIMONE_r2_Im025,3,r2,0,0.7509570717811584,1
RIMONE_r2_Im026,3,r2,0,0.7509570717811584,1
RIMONE_r2_Im027,3,r2,0,0.6433214545249939,1
RIMONE_r2_Im028,3,r2,0,0.7669158577919006,1
RIMONE_r2_Im029,3,r2,0,0.7236483097076416,1
RIMONE_r2_Im030,3,r2,0,0.6433214545249939,1
RIMONE_r2_Im031,3,r2,0,0.6433214545249939,1
RIMONE_r2_Im032,3,r2,0,0.7709202766418457,1
RIMONE_r2_Im033,3,r2,0,0.6384598612785339,1
RIMONE_r2_Im347,3,r2,1,0.4939567744731903,0
RIMONE_r2_Im348,3,r2,1,0.7602913975715637,1
RIMONE_r2_Im351,3,r2,1,0.6433214545249939,1
RIMONE_r2_Im352,3,r2,1,0.6433214545249939,1
RIMONE_r2_Im354,3,r2,1,0.8462232947349548,1
RIMONE_r2_Im355,3,r2,1,0.962073028087616,1
RIMONE_r2_Im356,3,r2,1,0.8283320665359497,1
RIMONE_r2_Im357,3,r2,1,0.6384598612785339,1
RIMONE_r2_Im358,3,r2,1,0.6433214545249939,1
RIMONE_r2_Im362,3,r2,1,0.9481725692749023,1
RIMONE_r2_Im365,3,r2,1,0.7665324807167053,1
RIMONE_r2_Im366,3,r2,1,0.6384598612785339,1
RIMONE_r2_Im369,3,r2,1,0.6525464653968811,1
RIMONE_r2_Im373,3,r2,1,0.6487627625465393,1
RIMONE_r2_Im376,3,r2,1,0.5139319896697998,1
RIMONE_r2_Im377,3,r2,1,0.6311289072036743,1
RIMONE_r2_Im383,3,r2,1,0.5139319896697998,1
RIMONE_r2_Im384,3,r2,1,0.9685660004615784,1
RIMONE_r2_Im385,3,r2,1,0.7709202766418457,1
RIMONE_r2_Im387,3,r2,1,0.6433214545249939,1
RIMONE_r2_Im388,3,r2,1,0.7602913975715637,1
RIMONE_r2_Im389,3,r2,1,0.7646012306213379,1
RIMONE_r2_Im390,3,r2,1,0.948459267616272,1
RIMONE_r2_Im391,3,r2,1,0.7665324807167053,1
RIMONE_r2_Im392,3,r2,1,0.6487627625465393,1
RIMONE_r2_Im393,3,r2,1,0.6311289072036743,1
RIMONE_r2_Im398,3,r2,1,0.6433214545249939,1
RIMONE_r2_Im399,3,r2,1,0.6433214545249939,1
RIMONE_r2_Im400,3,r2,1,0.8416724801063538,1
RIMONE_r2_Im401,3,r2,1,0.8416724801063538,1
RIMONE_r2_Im402,3,r2,1,0.8470386862754822,1
RIMONE_r2_Im403,3,r2,1,0.7509570717811584,1
RIMONE_r2_Im404,3,r2,1,0.9616785049438477,1
RIMONE_r2_Im406,3,r2,1,0.7665324807167053,1
RIMONE_r2_Im407,3,r2,1,0.6433214545249939,1
RIMONE_r2_Im408,3,r2,1,0.7665324807167053,1
RIMONE_r2_Im414,3,r2,1,0.9481725692749023,1
RIMONE_r2_Im415,3,r2,1,0.7602913975715637,1
RIMONE_r2_Im416,3,r2,1,0.7665324807167053,1
RIMONE_r2_Im418,3,r2,1,0.9498446583747864,1
RIMONE_r2_Im419,3,r2,1,0.7509570717811584,1
RIMONE_r2_Im420,3,r2,1,0.7602913975715637,1
RIMONE_r2_Im421,3,r2,1,0.7509570717811584,1
RIMONE_r2_Im422,3,r2,1,0.7240148186683655,1
RIMONE_r2_Im424,3,r2,1,0.7602913975715637,1
RIMONE_r2_Im427,3,r2,1,0.7602913975715637,1
RIMONE_r2_Im428,3,r2,1,0.9501225352287292,1
RIMONE_r2_Im429,3,r2,1,0.7602913975715637,1
RIMONE_r2_Im432,3,r2,1,0.6433214545249939,1
RIMONE_r2_Im433,3,r2,1,0.5867342948913574,1
RIMONE_r2_Im436,3,r2,1,0.7602913975715637,1
RIMONE_r2_Im439,3,r2,1,0.5585793256759644,1
RIMONE_r2_Im441,3,r2,1,0.8331902623176575,1
RIMONE_r2_Im442,3,r2,1,0.9496101140975952,1
RIMONE_r2_Im443,3,r2,1,0.9481725692749023,1
RIMONE_r2_Im444,3,r2,1,0.8416724801063538,1
RIMONE_r2_Im445,3,r2,1,0.7509570717811584,1
RIMONE_r2_Im448,3,r2,1,0.6433214545249939,1
RIMONE_r2_Im449,3,r2,1,0.6433214545249939,1
RIMONE_r2_Im450,3,r2,1,0.6433214545249939,1
RIMONE_r2_Im451,3,r2,1,0.8462232947349548,1
RIMONE_r2_Im453,3,r2,1,0.9359813928604126,1
RIMONE_r2_Im454,3,r2,1,0.776300311088562,1
RIMONE_r2_Im455,3,r2,1,0.6384598612785339,1
RIMONE_r3_G-1-L_left_half,3,r3,1,0.9379982352256775,1
RIMONE_r3_G-10-L_left_half,3,r3,1,0.952160120010376,1
RIMONE_r3_G-11-R_left_half,3,r3,1,0.8230670690536499,1
RIMONE_r3_G-12-L_left_half,3,r3,1,0.853474497795105,1
RIMONE_r3_G-13-R_left_half,3,r3,1,0.7030156850814819,1
RIMONE_r3_G-14-R_left_half,3,r3,1,0.9629318714141846,1
RIMONE_r3_G-15-L_left_half,3,r3,1,0.8478908538818359,1
RIMONE_r3_G-16-R_left_half,3,r3,1,0.48283636569976807,0
RIMONE_r3_G-17-L_left_half,3,r3,1,0.7602913975715637,1
RIMONE_r3_G-18-R_left_half,3,r3,1,0.7669158577919006,1
RIMONE_r3_G-2-R_left_half,3,r3,1,0.9512381553649902,1
RIMONE_r3_G-22-L_left_half,3,r3,1,0.8230670690536499,1
RIMONE_r3_G-23-R_left_half,3,r3,1,0.8097507953643799,1
RIMONE_r3_G-25-L_left_half,3,r3,1,0.9596542119979858,1
RIMONE_r3_G-27-R_left_half,3,r3,1,0.7229424715042114,1
RIMONE_r3_G-29-R_left_half,3,r3,1,0.962073028087616,1
RIMONE_r3_G-3-R_left_half,3,r3,1,0.8512784242630005,1
RIMONE_r3_G-30-L_left_half,3,r3,1,0.809065043926239,1
RIMONE_r3_G-31-R_left_half,3,r3,1,0.8469365835189819,1
RIMONE_r3_G-32-L_left_half,3,r3,1,0.8196533918380737,1
RIMONE_r3_G-33-R_left_half,3,r3,1,0.9571816921234131,1
RIMONE_r3_G-34-L_left_half,3,r3,1,0.7985180020332336,1
RIMONE_r3_G-35-R_left_half,3,r3,1,0.834343671798706,1
RIMONE_r3_G-37-R_left_half,3,r3,1,0.9525853991508484,1
RIMONE_r3_G-38-L_left_half,3,r3,1,0.9726184010505676,1
RIMONE_r3_G-39-L_left_half,3,r3,1,0.7236483097076416,1
RIMONE_r3_G-6-L_left_half,3,r3,1,0.9385534524917603,1
RIMONE_r3_G-8-R_left_half,3,r3,1,0.3027949929237366,0
RIMONE_r3_G-9-R_left_half,3,r3,1,0.8725763559341431,1
RIMONE_r3_S-1-L_left_half,3,r3,1,0.7665324807167053,1
RIMONE_r3_S-10-R_left_half,3,r3,1,0.7066124677658081,1
RIMONE_r3_S-11-L_left_half,3,r3,1,0.9605373740196228,1
RIMONE_r3_S-12-L_left_half,3,r3,1,0.6643657684326172,1
RIMONE_r3_S-13-R_left_half,3,r3,1,0.9716829657554626,1
RIMONE_r3_S-14-R_left_half,3,r3,1,0.9481725692749023,1
RIMONE_r3_S-18-L_left_half,3,r3,1,0.7669158577919006,1
RIMONE_r3_S-19-R_left_half,3,r3,1,0.8935858011245728,1
RIMONE_r3_S-2-L_left_half,3,r3,1,0.8087552785873413,1
RIMONE_r3_S-20-L_left_half,3,r3,1,0.9606733322143555,1
RIMONE_r3_S-21-R_left_half,3,r3,1,0.9525853991508484,1
RIMONE_r3_S-25-L_left_half,3,r3,1,0.952160120010376,1
RIMONE_r3_S-26-R_left_half,3,r3,1,0.9494755864143372,1
RIMONE_r3_S-28-R_left_half,3,r3,1,0.9719332456588745,1
RIMONE_r3_S-29-R_left_half,3,r3,1,0.5231155753135681,1
RIMONE_r3_S-30-L_left_half,3,r3,1,0.661476194858551,1
RIMONE_r3_S-31-L_left_half,3,r3,1,0.5654007792472839,1
RIMONE_r3_S-32-L_left_half,3,r3,1,0.5654007792472839,1
RIMONE_r3_S-33-R_left_half,3,r3,1,0.8087552785873413,1
RIMONE_r3_S-35-R_left_half,3,r3,1,0.9389879107475281,1
RIMONE_r3_S-4-L_left_half,3,r3,1,0.952160120010376,1
RIMONE_r3_S-6-R_left_half,3,r3,1,0.8230670690536499,1
RIMONE_r3_S-9-L_left_half,3,r3,1,0.7024264335632324,1
RIMONE_r2_Im034,3,r2,0,0.7509570717811584,1
RIMONE_r2_Im036,3,r2,0,0.7669158577919006,1
RIMONE_r2_Im038,3,r2,0,0.5654007792472839,1
RIMONE_r2_Im040,3,r2,0,0.7665324807167053,1
RIMONE_r2_Im042,3,r2,0,0.7665324807167053,1
RIMONE_r2_Im044,3,r2,0,0.7669158577919006,1
RIMONE_r2_Im046,3,r2,0,0.7509570717811584,1
RIMONE_r2_Im048,3,r2,0,0.7602913975715637,1
RIMONE_r2_Im050,3,r2,0,0.7669158577919006,1
RIMONE_r2_Im052,3,r2,0,0.7707638740539551,1
RIMONE_r2_Im054,3,r2,0,0.7509570717811584,1
RIMONE_r2_Im056,3,r2,0,0.7602913975715637,1
RIMONE_r2_Im058,3,r2,0,0.7602913975715637,1
RIMONE_r2_Im060,3,r2,0,0.5139319896697998,1
RIMONE_r2_Im062,3,r2,0,0.9456312656402588,1
RIMONE_r2_Im064,3,r2,0,0.5030364990234375,1
RIMONE_r2_Im066,3,r2,0,0.7602913975715637,1
RIMONE_r2_Im068,3,r2,0,0.9571816921234131,1
RIMONE_r2_Im070,3,r2,0,0.7669158577919006,1
RIMONE_r2_Im072,3,r2,0,0.7665324807167053,1
RIMONE_r2_Im074,3,r2,0,0.7602913975715637,1
RIMONE_r2_Im076,3,r2,0,0.7665324807167053,1
RIMONE_r2_Im078,3,r2,0,0.5090665817260742,1
RIMONE_r2_Im080,3,r2,0,0.7665324807167053,1
RIMONE_r2_Im082,3,r2,0,0.9481725692749023,1
RIMONE_r2_Im084,3,r2,0,0.9592064023017883,1
RIMONE_r2_Im086,3,r2,0,0.5030364990234375,1
RIMONE_r2_Im088,3,r2,0,0.7665324807167053,1
RIMONE_r2_Im090,3,r2,0,0.5139319896697998,1
RIMONE_r2_Im092,3,r2,0,0.7602913975715637,1
RIMONE_r2_Im094,3,r2,0,0.9605373740196228,1
RIMONE_r2_Im096,3,r2,0,0.5654007792472839,1
RIMONE_r2_Im098,3,r2,0,0.5193929672241211,1
RIMONE_r2_Im100,3,r2,0,0.7669158577919006,1
RIMONE_r2_Im102,3,r2,0,0.7665324807167053,1
RIMONE_r2_Im104,3,r2,0,0.8087552785873413,1
RIMONE_r2_Im106,3,r2,0,0.7665324807167053,1
RIMONE_r2_Im108,3,r2,0,0.8624332547187805,1
RIMONE_r2_Im110,3,r2,0,0.9498446583747864,1
RIMONE_r2_Im112,3,r2,0,0.6433214545249939,1
RIMONE_r2_Im114,3,r2,0,0.7602913975715637,1
RIMONE_r2_Im116,3,r2,0,0.7665324807167053,1
RIMONE_r2_Im118,3,r2,0,0.9456312656402588,1
RIMONE_r2_Im120,3,r2,0,0.5030364990234375,1
RIMONE_r2_Im122,3,r2,0,0.5654007792472839,1
RIMONE_r2_Im124,3,r2,0,0.7509570717811584,1
RIMONE_r2_Im126,3,r2,0,0.6433214545249939,1
RIMONE_r2_Im128,3,r2,0,0.5139319896697998,1
RIMONE_r2_Im130,3,r2,0,0.2523149847984314,0
RIMONE_r2_Im132,3,r2,0,0.5030364990234375,1
RIMONE_r2_Im134,3,r2,0,0.9481725692749023,1
RIMONE_r2_Im136,3,r2,0,0.9456312656402588,1
RIMONE_r2_Im138,3,r2,0,0.9605373740196228,1
RIMONE_r2_Im140,3,r2,0,0.7669158577919006,1
RIMONE_r2_Im142,3,r2,0,0.8087552785873413,1
RIMONE_r2_Im144,3,r2,0,0.7602913975715637,1
RIMONE_r2_Im146,3,r2,0,0.9571816921234131,1
RIMONE_r2_Im148,3,r2,0,0.7669158577919006,1
RIMONE_r2_Im150,3,r2,0,0.7669158577919006,1
RIMONE_r2_Im152,3,r2,0,0.5654007792472839,1
RIMONE_r2_Im154,3,r2,0,0.7665324807167053,1
RIMONE_r2_Im156,3,r2,0,0.5030364990234375,1
RIMONE_r2_Im158,3,r2,0,0.7669158577919006,1
RIMONE_r2_Im160,3,r2,0,0.5030364990234375,1
RIMONE_r2_Im162,3,r2,0,0.7665324807167053,1
RIMONE_r2_Im164,3,r2,0,0.7602913975715637,1
RIMONE_r2_Im166,3,r2,0,0.7602913975715637,1
RIMONE_r2_Im168,3,r2,0,0.6433214545249939,1
RIMONE_r2_Im170,3,r2,0,0.9498446583747864,1
RIMONE_r2_Im172,3,r2,0,0.7509570717811584,1
RIMONE_r2_Im174,3,r2,0,0.7602913975715637,1
RIMONE_r2_Im176,3,r2,0,0.9498446583747864,1
RIMONE_r2_Im178,3,r2,0,0.9456312656402588,1
RIMONE_r2_Im180,3,r2,0,0.7665324807167053,1
RIMONE_r2_Im182,3,r2,0,0.9498446583747864,1
RIMONE_r2_Im184,3,r2,0,0.7665324807167053,1
RIMONE_r2_Im186,3,r2,0,0.8087552785873413,1
RIMONE_r2_Im188,3,r2,0,0.9501225352287292,1
RIMONE_r2_Im190,3,r2,0,0.7602913975715637,1
RIMONE_r2_Im192,3,r2,0,0.8087552785873413,1
RIMONE_r2_Im194,3,r2,0,0.7665324807167053,1
RIMONE_r2_Im196,3,r2,0,0.7669158577919006,1
RIMONE_r2_Im198,3,r2,0,0.5030364990234375,1
RIMONE_r2_Im200,3,r2,0,0.9498446583747864,1
RIMONE_r2_Im202,3,r2,0,0.9512381553649902,1
RIMONE_r2_Im206,3,r2,0,0.8087552785873413,1
RIMONE_r2_Im208,3,r2,0,0.9456312656402588,1
RIMONE_r2_Im210,3,r2,0,0.7509570717811584,1
RIMONE_r2_Im212,3,r2,0,0.5030364990234375,1
RIMONE_r2_Im214,3,r2,0,0.9592064023017883,1
RIMONE_r2_Im216,3,r2,0,0.5030364990234375,1
RIMONE_r2_Im218,3,r2,0,0.7602913975715637,1
RIMONE_r2_Im220,3,r2,0,0.7602913975715637,1
RIMONE_r2_Im222,3,r2,0,0.6631550788879395,1
RIMONE_r2_Im224,3,r2,0,0.8087552785873413,1
RIMONE_r2_Im226,3,r2,0,0.7646012306213379,1
RIMONE_r2_Im228,3,r2,0,0.960791826248169,1
RIMONE_r2_Im230,3,r2,0,0.6433214545249939,1
RIMONE_r2_Im232,3,r2,0,0.9605373740196228,1
RIMONE_r2_Im234,3,r2,0,0.9456312656402588,1
RIMONE_r2_Im236,3,r2,0,0.9481725692749023,1
RIMONE_r2_Im238,3,r2,0,0.7669158577919006,1
RIMONE_r2_Im240,3,r2,0,0.7602913975715637,1
RIMONE_r2_Im242,3,r2,0,0.9498446583747864,1
RIMONE_r2_Im244,3,r2,0,0.5030364990234375,1
RIMONE_r2_Im246,3,r2,0,0.9605373740196228,1
RIMONE_r2_Im248,3,r2,0,0.8150603771209717,1
RIMONE_r2_Im250,3,r2,0,0.9123081564903259,1
RIMONE_r2_Im252,3,r2,0,0.7602913975715637,1
RIMONE_r2_Im254,3,r2,0,0.9456312656402588,1
RIMONE_r3_N-1-L_left_half,3,r3,0,0.8470386862754822,1
RIMONE_r3_N-10-R_left_half,3,r3,0,0.9491660594940186,1
RIMONE_r3_N-11-L_left_half,3,r3,0,0.7229424715042114,1
RIMONE_r3_N-12-R_left_half,3,r3,0,0.7229424715042114,1
RIMONE_r3_N-13-L_left_half,3,r3,0,0.952160120010376,1
RIMONE_r3_N-14-R_left_half,3,r3,0,0.5755179524421692,1
RIMONE_r3_N-16-R_left_half,3,r3,0,0.5654007792472839,1
RIMONE_r3_N-17-L_left_half,3,r3,0,0.9714970588684082,1
RIMONE_r3_N-18-R_left_half,3,r3,0,0.661476194858551,1
RIMONE_r3_N-2-R_left_half,3,r3,0,0.9683085680007935,1
RIMONE_r3_N-20-R_left_half,3,r3,0,0.2523149847984314,0
RIMONE_r3_N-21-L_left_half,3,r3,0,0.7229424715042114,1
RIMONE_r3_N-22-R_left_half,3,r3,0,0.7229424715042114,1
RIMONE_r3_N-23-L_left_half,3,r3,0,0.5334047675132751,1
RIMONE_r3_N-24-R_left_half,3,r3,0,0.952160120010376,1
RIMONE_r3_N-25-L_left_half,3,r3,0,0.9459311366081238,1
RIMONE_r3_N-26-R_left_half,3,r3,0,0.5755179524421692,1
RIMONE_r3_N-27-L_left_half,3,r3,0,0.5755179524421692,1
RIMONE_r3_N-28-R_left_half,3,r3,0,0.2523149847984314,0
RIMONE_r3_N-29-L_left_half,3,r3,0,0.9605373740196228,1
RIMONE_r3_N-3-L_left_half,3,r3,0,0.8639757037162781,1
RIMONE_r3_N-30-R_left_half,3,r3,0,0.9481725692749023,1
RIMONE_r3_N-31-L_left_half,3,r3,0,0.661476194858551,1
RIMONE_r3_N-32-R_left_half,3,r3,0,0.661476194858551,1
RIMONE_r3_N-33-L_left_half,3,r3,0,0.959425687789917,1
RIMONE_r3_N-34-R_left_half,3,r3,0,0.9741655588150024,1
RIMONE_r3_N-35-L_left_half,3,r3,0,0.8577433228492737,1
RIMONE_r3_N-36-R_left_half,3,r3,0,0.8470386862754822,1
RIMONE_r3_N-37-L_left_half,3,r3,0,0.8871289491653442,1
RIMONE_r3_N-38-R_left_half,3,r3,0,0.7985180020332336,1
RIMONE_r3_N-39-L_left_half,3,r3,0,0.9606733322143555,1
RIMONE_r3_N-4-R_left_half,3,r3,0,0.661476194858551,1
RIMONE_r3_N-40-R_left_half,3,r3,0,0.8470386862754822,1
RIMONE_r3_N-41-L_left_half,3,r3,0,0.9626123309135437,1
RIMONE_r3_N-42-R_left_half,3,r3,0,0.9714970588684082,1
RIMONE_r3_N-43-L_left_half,3,r3,0,0.9605373740196228,1
RIMONE_r3_N-44-R_left_half,3,r3,0,0.8503659963607788,1
RIMONE_r3_N-46-R_left_half,3,r3,0,0.9525853991508484,1
RIMONE_r3_N-47-L_left_half,3,r3,0,0.5231155753135681,1
RIMONE_r3_N-48-R_left_half,3,r3,0,0.7229424715042114,1
RIMONE_r3_N-49-L_left_half,3,r3,0,0.959425687789917,1
RIMONE_r3_N-5-L_left_half,3,r3,0,0.5030364990234375,1
RIMONE_r3_N-50-R_left_half,3,r3,0,0.959425687789917,1
RIMONE_r3_N-51-L_left_half,3,r3,0,0.7970057129859924,1
RIMONE_r3_N-52-R_left_half,3,r3,0,0.952160120010376,1
RIMONE_r3_N-53-L_left_half,3,r3,0,0.9674133062362671,1
RIMONE_r3_N-54-R_left_half,3,r3,0,0.8725763559341431,1
RIMONE_r3_N-55-L_left_half,3,r3,0,0.9613485336303711,1
RIMONE_r3_N-56-R_left_half,3,r3,0,0.9738933444023132,1
RIMONE_r3_N-58-R_left_half,3,r3,0,0.958842396736145,1
RIMONE_r3_N-59-L_left_half,3,r3,0,0.8871289491653442,1
RIMONE_r3_N-6-R_left_half,3,r3,0,0.9683085680007935,1
RIMONE_r3_N-61-L_left_half,3,r3,0,0.7229424715042114,1
RIMONE_r3_N-62-R_left_half,3,r3,0,0.7066124677658081,1
RIMONE_r3_N-63-L_left_half,3,r3,0,0.9648854732513428,1
RIMONE_r3_N-64-R_left_half,3,r3,0,0.661476194858551,1
RIMONE_r3_N-65-L_left_half,3,r3,0,0.8911351561546326,1
RIMONE_r3_N-66-R_left_half,3,r3,0,0.9505512118339539,1
RIMONE_r3_N-67-L_left_half,3,r3,0,0.9680073261260986,1
RIMONE_r3_N-68-R_left_half,3,r3,0,0.9683085680007935,1
RIMONE_r3_N-69-L_left_half,3,r3,0,0.9709188938140869,1
RIMONE_r3_N-7-L_left_half,3,r3,0,0.5231155753135681,1
RIMONE_r3_N-70-R_left_half,3,r3,0,0.9626123309135437,1
RIMONE_r3_N-71-L_left_half,3,r3,0,0.9659016132354736,1
RIMONE_r3_N-72-R_left_half,3,r3,0,0.5654007792472839,1
RIMONE_r3_N-73-R_left_half,3,r3,0,0.9720214009284973,1
RIMONE_r3_N-74-L_left_half,3,r3,0,0.661476194858551,1
RIMONE_r3_N-75-R_left_half,3,r3,0,0.8240696787834167,1
RIMONE_r3_N-76-R_left_half,3,r3,0,0.9605373740196228,1
RIMONE_r3_N-78-R_left_half,3,r3,0,0.8512784242630005,1
RIMONE_r3_N-79-L_left_half,3,r3,0,0.7509570717811584,1
RIMONE_r3_N-8-L_left_half,3,r3,0,0.9571816921234131,1
RIMONE_r3_N-80-R_left_half,3,r3,0,0.7194664478302002,1
RIMONE_r3_N-81-L_left_half,3,r3,0,0.8577433228492737,1
RIMONE_r3_N-82-R_left_half,3,r3,0,0.8950766324996948,1
RIMONE_r3_N-83-L_left_half,3,r3,0,0.9043096899986267,1
RIMONE_r3_N-84-R_left_half,3,r3,0,0.9606733322143555,1
RIMONE_r3_N-85-L_left_half,3,r3,0,0.9605373740196228,1
RIMONE_r3_N-86-R_left_half,3,r3,0,0.9626123309135437,1
RIMONE_r3_N-87-L_left_half,3,r3,0,0.9714970588684082,1
RIMONE_r3_N-88-R_left_half,3,r3,0,0.959425687789917,1
RIMONE_r3_N-9-L_left_half,3,r3,0,0.9571816921234131,1
RIMONE_r3_N-90-R_left_half,3,r3,0,0.959425687789917,1
RIMONE_r3_N-91-L_left_half,3,r3,0,0.973105788230896,1
RIMONE_r3_N-92-R_left_half,3,r3,0,0.9726012349128723,1
RIMONE_r1_Im069,4,r1,1,0.4889141023159027,0
RIMONE_r1_Im103,4,r1,1,0.7409737706184387,1
RIMONE_r1_Im113,4,r1,1,0.7892192006111145,1
RIMONE_r1_Im117,4,r1,1,0.435669869184494,0
RIMONE_r1_Im118,4,r1,1,0.4143797755241394,0
RIMONE_r1_Im120,4,r1,1,0.6628948450088501,1
RIMONE_r1_Im121,4,r1,1,0.7068081498146057,1
RIMONE_r1_Im122,4,r1,1,0.8018231987953186,1
RIMONE_r1_Im135,4,r1,1,0.7380052208900452,1
RIMONE_r1_Im144,4,r1,1,0.40771186351776123,0
RIMONE_r1_Im158,4,r1,1,0.8028271794319153,1
RIMONE_r1_Im167,4,r1,1,0.7810593843460083,1
RIMONE_r2_Im257,4,r2,1,0.6271025538444519,1
RIMONE_r2_Im258,4,r2,1,0.7701461911201477,1
RIMONE_r2_Im260,4,r2,1,0.7195509076118469,1
RIMONE_r2_Im263,4,r2,1,0.2690463960170746,0
RIMONE_r2_Im264,4,r2,1,0.3537001609802246,0
RIMONE_r2_Im266,4,r2,1,0.8000922203063965,1
RIMONE_r2_Im267,4,r2,1,0.5594907402992249,1
RIMONE_r2_Im268,4,r2,1,0.5750692486763,1
RIMONE_r2_Im269,4,r2,1,0.7049072980880737,1
RIMONE_r2_Im270,4,r2,1,0.8169096112251282,1
RIMONE_r2_Im273,4,r2,1,0.5887667536735535,1
RIMONE_r2_Im275,4,r2,1,0.7369253635406494,1
RIMONE_r2_Im277,4,r2,1,0.7650776505470276,1
RIMONE_r2_Im281,4,r2,1,0.5798077583312988,1
RIMONE_r2_Im287,4,r2,1,0.5288923978805542,1
RIMONE_r2_Im288,4,r2,1,0.7925035953521729,1
RIMONE_r2_Im289,4,r2,1,0.45727822184562683,0
RIMONE_r2_Im290,4,r2,1,0.7457108497619629,1
RIMONE_r2_Im291,4,r2,1,0.5846015810966492,1
RIMONE_r2_Im292,4,r2,1,0.8498682975769043,1
RIMONE_r2_Im293,4,r2,1,0.7401423454284668,1
RIMONE_r2_Im294,4,r2,1,0.6506451964378357,1
RIMONE_r2_Im301,4,r2,1,0.5433192849159241,1
RIMONE_r2_Im302,4,r2,1,0.46296775341033936,0
RIMONE_r2_Im303,4,r2,1,0.49036601185798645,0
RIMONE_r2_Im305,4,r2,1,0.40486013889312744,0
RIMONE_r2_Im314,4,r2,1,0.7827734351158142,1
RIMONE_r2_Im315,4,r2,1,0.7310552000999451,1
RIMONE_r2_Im317,4,r2,1,0.7593228220939636,1
RIMONE_r2_Im318,4,r2,1,0.7968971729278564,1
RIMONE_r2_Im319,4,r2,1,0.5902365446090698,1
RIMONE_r2_Im320,4,r2,1,0.7967831492424011,1
RIMONE_r2_Im321,4,r2,1,0.5294026136398315,1
RIMONE_r2_Im324,4,r2,1,0.6118165254592896,1
RIMONE_r2_Im329,4,r2,1,0.8428769111633301,1
RIMONE_r2_Im330,4,r2,1,0.7653141617774963,1
RIMONE_r2_Im331,4,r2,1,0.7126486897468567,1
RIMONE_r2_Im332,4,r2,1,0.7736425995826721,1
RIMONE_r2_Im333,4,r2,1,0.5998103022575378,1
RIMONE_r2_Im334,4,r2,1,0.7593228220939636,1
RIMONE_r2_Im338,4,r2,1,0.7701461911201477,1
RIMONE_r2_Im339,4,r2,1,0.5887667536735535,1
RIMONE_r2_Im343,4,r2,1,0.7711249589920044,1
RIMONE_r2_Im344,4,r2,1,0.686830461025238,1
RIMONE_r1_Im001,4,r1,0,0.7259135246276855,1
RIMONE_r1_Im003,4,r1,0,0.8428769111633301,1
RIMONE_r1_Im004,4,r1,0,0.8314037919044495,1
RIMONE_r1_Im006,4,r1,0,0.7963771224021912,1
RIMONE_r1_Im008,4,r1,0,0.7892192006111145,1
RIMONE_r1_Im011,4,r1,0,0.7968971729278564,1
RIMONE_r1_Im012,4,r1,0,0.7968971729278564,1
RIMONE_r1_Im014,4,r1,0,0.7702708840370178,1
RIMONE_r1_Im015,4,r1,0,0.7390933632850647,1
RIMONE_r1_Im019,4,r1,0,0.6107660531997681,1
RIMONE_r1_Im020,4,r1,0,0.8153318762779236,1
RIMONE_r1_Im022,4,r1,0,0.8192844986915588,1
RIMONE_r1_Im023,4,r1,0,0.8192844986915588,1
RIMONE_r1_Im024,4,r1,0,0.7991953492164612,1
RIMONE_r1_Im025,4,r1,0,0.8232385516166687,1
RIMONE_r1_Im026,4,r1,0,0.7469640374183655,1
RIMONE_r1_Im027,4,r1,0,0.7259135246276855,1
RIMONE_r1_Im028,4,r1,0,0.7457132339477539,1
RIMONE_r1_Im029,4,r1,0,0.44595766067504883,0
RIMONE_r1_Im031,4,r1,0,0.8106534481048584,1
RIMONE_r1_Im032,4,r1,0,0.7892192006111145,1
RIMONE_r1_Im033,4,r1,0,0.7892192006111145,1
RIMONE_r1_Im036,4,r1,0,0.763676106929779,1
RIMONE_r1_Im037,4,r1,0,0.4329255521297455,0
RIMONE_r1_Im040,4,r1,0,0.7924244999885559,1
RIMONE_r1_Im041,4,r1,0,0.7667286992073059,1
RIMONE_r1_Im042,4,r1,0,0.7320011258125305,1
RIMONE_r1_Im046,4,r1,0,0.7701461911201477,1
RIMONE_r1_Im047,4,r1,0,0.7748744487762451,1
RIMONE_r1_Im050,4,r1,0,0.7337945103645325,1
RIMONE_r1_Im052,4,r1,0,0.5902365446090698,1
RIMONE_r1_Im054,4,r1,0,0.7925035953521729,1
RIMONE_r1_Im055,4,r1,0,0.6110495328903198,1
RIMONE_r1_Im056,4,r1,0,0.8211447596549988,1
RIMONE_r1_Im057,4,r1,0,0.8428769111633301,1
RIMONE_r1_Im058,4,r1,0,0.7446586489677429,1
RIMONE_r1_Im059,4,r1,0,0.7968971729278564,1
RIMONE_r1_Im060,4,r1,0,0.835745632648468,1
RIMONE_r1_Im061,4,r1,0,0.7659084796905518,1
RIMONE_r1_Im062,4,r1,0,0.8067759871482849,1
RIMONE_r1_Im063,4,r1,0,0.7336035370826721,1
RIMONE_r1_Im071,4,r1,0,0.5047733187675476,1
RIMONE_r1_Im072,4,r1,0,0.7320376634597778,1
RIMONE_r1_Im073,4,r1,0,0.7333471179008484,1
RIMONE_r1_Im080,4,r1,0,0.7289232611656189,1
RIMONE_r1_Im082,4,r1,0,0.4069952964782715,0
RIMONE_r1_Im086,4,r1,0,0.6745093464851379,1
RIMONE_r1_Im087,4,r1,0,0.7324110269546509,1
RIMONE_r1_Im095,4,r1,0,0.6951029896736145,1
RIMONE_r1_Im107,4,r1,0,0.5396199226379395,1
RIMONE_r1_Im108,4,r1,0,0.721705436706543,1
RIMONE_r1_Im115,4,r1,0,0.44931578636169434,0
RIMONE_r1_Im116,4,r1,0,0.4593386650085449,0
RIMONE_r1_Im119,4,r1,0,0.7380052208900452,1
RIMONE_r1_Im125,4,r1,0,0.7587093710899353,1
RIMONE_r1_Im127,4,r1,0,0.7056538462638855,1
RIMONE_r1_Im128,4,r1,0,0.7102507948875427,1
RIMONE_r1_Im129,4,r1,0,0.7324110269546509,1
RIMONE_r1_Im130,4,r1,0,0.7023971080780029,1
RIMONE_r1_Im131,4,r1,0,0.7406854629516602,1
RIMONE_r1_Im132,4,r1,0,0.6949343681335449,1
RIMONE_r1_Im133,4,r1,0,0.7185212969779968,1
RIMONE_r1_Im136,4,r1,0,0.5461732745170593,1
RIMONE_r1_Im137,4,r1,0,0.7245455384254456,1
RIMONE_r1_Im138,4,r1,0,0.7333471179008484,1
RIMONE_r1_Im142,4,r1,0,0.742682695388794,1
RIMONE_r1_Im143,4,r1,0,0.6907800436019897,1
RIMONE_r1_Im145,4,r1,0,0.7977567911148071,1
RIMONE_r1_Im146,4,r1,0,0.8270469307899475,1
RIMONE_r1_Im149,4,r1,0,0.5087907910346985,1
RIMONE_r1_Im150,4,r1,0,0.7402569651603699,1
RIMONE_r1_Im151,4,r1,0,0.5606488585472107,1
RIMONE_r1_Im152,4,r1,0,0.7084687948226929,1
RIMONE_r1_Im153,4,r1,0,0.6951029896736145,1
RIMONE_r1_Im154,4,r1,0,0.7324110269546509,1
RIMONE_r1_Im155,4,r1,0,0.8010556101799011,1
RIMONE_r1_Im156,4,r1,0,0.7049884796142578,1
RIMONE_r1_Im159,4,r1,0,0.6997407078742981,1
RIMONE_r1_Im161,4,r1,0,0.7390933632850647,1
RIMONE_r1_Im162,4,r1,0,0.8010556101799011,1
RIMONE_r1_Im163,4,r1,0,0.4343686103820801,0
RIMONE_r1_Im164,4,r1,0,0.4960882365703583,0
RIMONE_r1_Im165,4,r1,0,0.7406854629516602,1
RIMONE_r1_Im166,4,r1,0,0.6959190964698792,1
RIMONE_r1_Im168,4,r1,0,0.4990300238132477,0
RIMONE_r1_Im169,4,r1,0,0.7287806272506714,1
RIMONE_r2_Im001,4,r2,0,0.4834306240081787,0
RIMONE_r2_Im002,4,r2,0,0.7925035953521729,1
RIMONE_r2_Im003,4,r2,0,0.6015027761459351,1
RIMONE_r2_Im004,4,r2,0,0.8033348917961121,1
RIMONE_r2_Im005,4,r2,0,0.799979567527771,1
RIMONE_r2_Im006,4,r2,0,0.7968971729278564,1
RIMONE_r2_Im007,4,r2,0,0.8153318762779236,1
RIMONE_r2_Im009,4,r2,0,0.7892192006111145,1
RIMONE_r2_Im010,4,r2,0,0.6055300235748291,1
RIMONE_r2_Im011,4,r2,0,0.6433574557304382,1
RIMONE_r2_Im012,4,r2,0,0.7892192006111145,1
RIMONE_r2_Im013,4,r2,0,0.7827734351158142,1
RIMONE_r2_Im014,4,r2,0,0.7982334494590759,1
RIMONE_r2_Im015,4,r2,0,0.7783195376396179,1
RIMONE_r2_Im016,4,r2,0,0.7720980048179626,1
RIMONE_r2_Im017,4,r2,0,0.7967831492424011,1
RIMONE_r2_Im018,4,r2,0,0.7897582054138184,1
RIMONE_r2_Im019,4,r2,0,0.8000152707099915,1
RIMONE_r2_Im020,4,r2,0,0.7892192006111145,1
RIMONE_r2_Im021,4,r2,0,0.5608488917350769,1
RIMONE_r2_Im022,4,r2,0,0.8237547874450684,1
RIMONE_r2_Im023,4,r2,0,0.7928353548049927,1
RIMONE_r2_Im024,4,r2,0,0.7314019203186035,1
RIMONE_r2_Im025,4,r2,0,0.7835912108421326,1
RIMONE_r2_Im026,4,r2,0,0.7836728096008301,1
RIMONE_r2_Im027,4,r2,0,0.7967831492424011,1
RIMONE_r2_Im028,4,r2,0,0.8192844986915588,1
RIMONE_r2_Im029,4,r2,0,0.8102930784225464,1
RIMONE_r2_Im030,4,r2,0,0.7711249589920044,1
RIMONE_r2_Im031,4,r2,0,0.7469640374183655,1
RIMONE_r2_Im032,4,r2,0,0.5902365446090698,1
RIMONE_r2_Im033,4,r2,0,0.7253495454788208,1
RIMONE_r2_Im347,4,r2,1,0.6924065351486206,1
RIMONE_r2_Im348,4,r2,1,0.7968971729278564,1
RIMONE_r2_Im351,4,r2,1,0.7701461911201477,1
RIMONE_r2_Im352,4,r2,1,0.7933813333511353,1
RIMONE_r2_Im354,4,r2,1,0.3801394999027252,0
RIMONE_r2_Im355,4,r2,1,0.7860981822013855,1
RIMONE_r2_Im356,4,r2,1,0.5887667536735535,1
RIMONE_r2_Im357,4,r2,1,0.8153318762779236,1
RIMONE_r2_Im358,4,r2,1,0.7857827544212341,1
RIMONE_r2_Im362,4,r2,1,0.8428769111633301,1
RIMONE_r2_Im365,4,r2,1,0.7730069756507874,1
RIMONE_r2_Im366,4,r2,1,0.7253495454788208,1
RIMONE_r2_Im369,4,r2,1,0.6397865414619446,1
RIMONE_r2_Im373,4,r2,1,0.7864863276481628,1
RIMONE_r2_Im376,4,r2,1,0.7303228974342346,1
RIMONE_r2_Im377,4,r2,1,0.7261490821838379,1
RIMONE_r2_Im383,4,r2,1,0.7303228974342346,1
RIMONE_r2_Im384,4,r2,1,0.37310853600502014,0
RIMONE_r2_Im385,4,r2,1,0.5902365446090698,1
RIMONE_r2_Im387,4,r2,1,0.7773167490959167,1
RIMONE_r2_Im388,4,r2,1,0.7895548343658447,1
RIMONE_r2_Im389,4,r2,1,0.7980259656906128,1
RIMONE_r2_Im390,4,r2,1,0.775846540927887,1
RIMONE_r2_Im391,4,r2,1,0.7925035953521729,1
RIMONE_r2_Im392,4,r2,1,0.611111581325531,1
RIMONE_r2_Im393,4,r2,1,0.7281829714775085,1
RIMONE_r2_Im398,4,r2,1,0.7757187485694885,1
RIMONE_r2_Im399,4,r2,1,0.8009616136550903,1
RIMONE_r2_Im400,4,r2,1,0.5608488917350769,1
RIMONE_r2_Im401,4,r2,1,0.5887667536735535,1
RIMONE_r2_Im402,4,r2,1,0.47275835275650024,0
RIMONE_r2_Im403,4,r2,1,0.711375892162323,1
RIMONE_r2_Im404,4,r2,1,0.7735198140144348,1
RIMONE_r2_Im406,4,r2,1,0.7782365083694458,1
RIMONE_r2_Im407,4,r2,1,0.7967831492424011,1
RIMONE_r2_Im408,4,r2,1,0.7892192006111145,1
RIMONE_r2_Im414,4,r2,1,0.7436262369155884,1
RIMONE_r2_Im415,4,r2,1,0.7892192006111145,1
RIMONE_r2_Im416,4,r2,1,0.7925035953521729,1
RIMONE_r2_Im418,4,r2,1,0.7853448390960693,1
RIMONE_r2_Im419,4,r2,1,0.7748744487762451,1
RIMONE_r2_Im420,4,r2,1,0.7892192006111145,1
RIMONE_r2_Im421,4,r2,1,0.7748744487762451,1
RIMONE_r2_Im422,4,r2,1,0.5998103022575378,1
RIMONE_r2_Im424,4,r2,1,0.7892192006111145,1
RIMONE_r2_Im427,4,r2,1,0.7901869416236877,1
RIMONE_r2_Im428,4,r2,1,0.8454260230064392,1
RIMONE_r2_Im429,4,r2,1,0.7925035953521729,1
RIMONE_r2_Im432,4,r2,1,0.7701461911201477,1
RIMONE_r2_Im433,4,r2,1,0.7326638102531433,1
RIMONE_r2_Im436,4,r2,1,0.7895548343658447,1
RIMONE_r2_Im439,4,r2,1,0.3244933485984802,0
RIMONE_r2_Im441,4,r2,1,0.5682430863380432,1
RIMONE_r2_Im442,4,r2,1,0.8286935687065125,1
RIMONE_r2_Im443,4,r2,1,0.820923924446106,1
RIMONE_r2_Im444,4,r2,1,0.45727822184562683,0
RIMONE_r2_Im445,4,r2,1,0.7782365083694458,1
RIMONE_r2_Im448,4,r2,1,0.7701461911201477,1
RIMONE_r2_Im449,4,r2,1,0.7701461911201477,1
RIMONE_r2_Im450,4,r2,1,0.8009616136550903,1
RIMONE_r2_Im451,4,r2,1,0.4345274567604065,0
RIMONE_r2_Im453,4,r2,1,0.7955725193023682,1
RIMONE_r2_Im454,4,r2,1,0.5318154692649841,1
RIMONE_r2_Im455,4,r2,1,0.8153318762779236,1
RIMONE_r3_G-1-L_left_half,4,r3,1,0.4652444124221802,0
RIMONE_r3_G-10-L_left_half,4,r3,1,0.816362738609314,1
RIMONE_r3_G-11-R_left_half,4,r3,1,0.8666781187057495,1
RIMONE_r3_G-12-L_left_half,4,r3,1,0.551153838634491,1
RIMONE_r3_G-13-R_left_half,4,r3,1,0.8557306528091431,1
RIMONE_r3_G-14-R_left_half,4,r3,1,0.7511741518974304,1
RIMONE_r3_G-15-L_left_half,4,r3,1,0.14293043315410614,0
RIMONE_r3_G-16-R_left_half,4,r3,1,0.08977030962705612,0
RIMONE_r3_G-17-L_left_half,4,r3,1,0.7618871927261353,1
RIMONE_r3_G-18-R_left_half,4,r3,1,0.7710908055305481,1
RIMONE_r3_G-2-R_left_half,4,r3,1,0.6735992431640625,1
RIMONE_r3_G-22-L_left_half,4,r3,1,0.8666781187057495,1
RIMONE_r3_G-23-R_left_half,4,r3,1,0.3968784213066101,0
RIMONE_r3_G-25-L_left_half,4,r3,1,0.8374972939491272,1
RIMONE_r3_G-27-R_left_half,4,r3,1,0.7596685290336609,1
RIMONE_r3_G-29-R_left_half,4,r3,1,0.7579655647277832,1
RIMONE_r3_G-3-R_left_half,4,r3,1,0.8221807479858398,1
RIMONE_r3_G-30-L_left_half,4,r3,1,0.5237458944320679,1
RIMONE_r3_G-31-R_left_half,4,r3,1,0.8878551125526428,1
RIMONE_r3_G-32-L_left_half,4,r3,1,0.8876953125,1
RIMONE_r3_G-33-R_left_half,4,r3,1,0.731584906578064,1
RIMONE_r3_G-34-L_left_half,4,r3,1,0.4938998222351074,0
RIMONE_r3_G-35-R_left_half,4,r3,1,0.42631635069847107,0
RIMONE_r3_G-37-R_left_half,4,r3,1,0.7541524171829224,1
RIMONE_r3_G-38-L_left_half,4,r3,1,0.7448686361312866,1
RIMONE_r3_G-39-L_left_half,4,r3,1,0.780247151851654,1
RIMONE_r3_G-6-L_left_half,4,r3,1,0.454557329416275,0
RIMONE_r3_G-8-R_left_half,4,r3,1,0.7780114412307739,1
RIMONE_r3_G-9-R_left_half,4,r3,1,0.1482355296611786,0
RIMONE_r3_S-1-L_left_half,4,r3,1,0.7925035953521729,1
RIMONE_r3_S-10-R_left_half,4,r3,1,0.8188380599021912,1
RIMONE_r3_S-11-L_left_half,4,r3,1,0.7587093710899353,1
RIMONE_r3_S-12-L_left_half,4,r3,1,0.7162618637084961,1
RIMONE_r3_S-13-R_left_half,4,r3,1,0.6757758259773254,1
RIMONE_r3_S-14-R_left_half,4,r3,1,0.8232385516166687,1
RIMONE_r3_S-18-L_left_half,4,r3,1,0.7773602604866028,1
RIMONE_r3_S-19-R_left_half,4,r3,1,0.6471312046051025,1
RIMONE_r3_S-2-L_left_half,4,r3,1,0.7056538462638855,1
RIMONE_r3_S-20-L_left_half,4,r3,1,0.7973334193229675,1
RIMONE_r3_S-21-R_left_half,4,r3,1,0.6628948450088501,1
RIMONE_r3_S-25-L_left_half,4,r3,1,0.7758562564849854,1
RIMONE_r3_S-26-R_left_half,4,r3,1,0.7705487012863159,1
RIMONE_r3_S-28-R_left_half,4,r3,1,0.6146782636642456,1
RIMONE_r3_S-29-R_left_half,4,r3,1,0.4388072192668915,0
RIMONE_r3_S-30-L_left_half,4,r3,1,0.7893710732460022,1
RIMONE_r3_S-31-L_left_half,4,r3,1,0.7420793771743774,1
RIMONE_r3_S-32-L_left_half,4,r3,1,0.7336035370826721,1
RIMONE_r3_S-33-R_left_half,4,r3,1,0.7045677304267883,1
RIMONE_r3_S-35-R_left_half,4,r3,1,0.8028271794319153,1
RIMONE_r3_S-4-L_left_half,4,r3,1,0.7317103147506714,1
RIMONE_r3_S-6-R_left_half,4,r3,1,0.8739262223243713,1
RIMONE_r3_S-9-L_left_half,4,r3,1,0.7966939210891724,1
RIMONE_r2_Im034,4,r2,0,0.7802874445915222,1
RIMONE_r2_Im036,4,r2,0,0.8192844986915588,1
RIMONE_r2_Im038,4,r2,0,0.7828458547592163,1
RIMONE_r2_Im040,4,r2,0,0.7892192006111145,1
RIMONE_r2_Im042,4,r2,0,0.7924244999885559,1
RIMONE_r2_Im044,4,r2,0,0.7811917662620544,1
RIMONE_r2_Im046,4,r2,0,0.7802874445915222,1
RIMONE_r2_Im048,4,r2,0,0.7618871927261353,1
RIMONE_r2_Im050,4,r2,0,0.7950807213783264,1
RIMONE_r2_Im052,4,r2,0,0.7841166257858276,1
RIMONE_r2_Im054,4,r2,0,0.7748744487762451,1
RIMONE_r2_Im056,4,r2,0,0.7841919660568237,1
RIMONE_r2_Im058,4,r2,0,0.7895548343658447,1
RIMONE_r2_Im060,4,r2,0,0.7303228974342346,1
RIMONE_r2_Im062,4,r2,0,0.7968026995658875,1
RIMONE_r2_Im064,4,r2,0,0.8192844986915588,1
RIMONE_r2_Im066,4,r2,0,0.7702708840370178,1
RIMONE_r2_Im068,4,r2,0,0.8067759871482849,1
RIMONE_r2_Im070,4,r2,0,0.7552198767662048,1
RIMONE_r2_Im072,4,r2,0,0.7748744487762451,1
RIMONE_r2_Im074,4,r2,0,0.8000152707099915,1
RIMONE_r2_Im076,4,r2,0,0.7695037126541138,1
RIMONE_r2_Im078,4,r2,0,0.7828458547592163,1
RIMONE_r2_Im080,4,r2,0,0.7748744487762451,1
RIMONE_r2_Im082,4,r2,0,0.8022868633270264,1
RIMONE_r2_Im084,4,r2,0,0.7531986236572266,1
RIMONE_r2_Im086,4,r2,0,0.8192844986915588,1
RIMONE_r2_Im088,4,r2,0,0.7892192006111145,1
RIMONE_r2_Im090,4,r2,0,0.7341219782829285,1
RIMONE_r2_Im092,4,r2,0,0.7892192006111145,1
RIMONE_r2_Im094,4,r2,0,0.7635735869407654,1
RIMONE_r2_Im096,4,r2,0,0.7828458547592163,1
RIMONE_r2_Im098,4,r2,0,0.8033837676048279,1
RIMONE_r2_Im100,4,r2,0,0.749821662902832,1
RIMONE_r2_Im102,4,r2,0,0.7892192006111145,1
RIMONE_r2_Im104,4,r2,0,0.7056538462638855,1
RIMONE_r2_Im106,4,r2,0,0.7730069756507874,1
RIMONE_r2_Im108,4,r2,0,0.7872852683067322,1
RIMONE_r2_Im110,4,r2,0,0.8314037919044495,1
RIMONE_r2_Im112,4,r2,0,0.7967831492424011,1
RIMONE_r2_Im114,4,r2,0,0.7892192006111145,1
RIMONE_r2_Im116,4,r2,0,0.7892192006111145,1
RIMONE_r2_Im118,4,r2,0,0.7968026995658875,1
RIMONE_r2_Im120,4,r2,0,0.7974060773849487,1
RIMONE_r2_Im122,4,r2,0,0.7663682103157043,1
RIMONE_r2_Im124,4,r2,0,0.7802874445915222,1
RIMONE_r2_Im126,4,r2,0,0.7400641441345215,1
RIMONE_r2_Im128,4,r2,0,0.7303228974342346,1
RIMONE_r2_Im130,4,r2,0,0.4846704304218292,0
RIMONE_r2_Im132,4,r2,0,0.8066370487213135,1
RIMONE_r2_Im134,4,r2,0,0.820923924446106,1
RIMONE_r2_Im136,4,r2,0,0.835745632648468,1
RIMONE_r2_Im138,4,r2,0,0.6844964623451233,1
RIMONE_r2_Im140,4,r2,0,0.8192844986915588,1
RIMONE_r2_Im142,4,r2,0,0.7420793771743774,1
RIMONE_r2_Im144,4,r2,0,0.7892192006111145,1
RIMONE_r2_Im146,4,r2,0,0.7643928527832031,1
RIMONE_r2_Im148,4,r2,0,0.7950807213783264,1
RIMONE_r2_Im150,4,r2,0,0.7950807213783264,1
RIMONE_r2_Im152,4,r2,0,0.7420793771743774,1
RIMONE_r2_Im154,4,r2,0,0.7748744487762451,1
RIMONE_r2_Im156,4,r2,0,0.7974060773849487,1
RIMONE_r2_Im158,4,r2,0,0.7950807213783264,1
RIMONE_r2_Im160,4,r2,0,0.8192844986915588,1
RIMONE_r2_Im162,4,r2,0,0.7892192006111145,1
RIMONE_r2_Im164,4,r2,0,0.7618871927261353,1
RIMONE_r2_Im166,4,r2,0,0.7892192006111145,1
RIMONE_r2_Im168,4,r2,0,0.7967831492424011,1
RIMONE_r2_Im170,4,r2,0,0.8314037919044495,1
RIMONE_r2_Im172,4,r2,0,0.7802874445915222,1
RIMONE_r2_Im174,4,r2,0,0.7892192006111145,1
RIMONE_r2_Im176,4,r2,0,0.7991953492164612,1
RIMONE_r2_Im178,4,r2,0,0.835745632648468,1
RIMONE_r2_Im180,4,r2,0,0.7695037126541138,1
RIMONE_r2_Im182,4,r2,0,0.8314037919044495,1
RIMONE_r2_Im184,4,r2,0,0.7892192006111145,1
RIMONE_r2_Im186,4,r2,0,0.7828458547592163,1
RIMONE_r2_Im188,4,r2,0,0.8237547874450684,1
RIMONE_r2_Im190,4,r2,0,0.7901869416236877,1
RIMONE_r2_Im192,4,r2,0,0.7111804485321045,1
RIMONE_r2_Im194,4,r2,0,0.7892192006111145,1
RIMONE_r2_Im196,4,r2,0,0.8192844986915588,1
RIMONE_r2_Im198,4,r2,0,0.7974060773849487,1
RIMONE_r2_Im200,4,r2,0,0.8428769111633301,1
RIMONE_r2_Im202,4,r2,0,0.8292735815048218,1
RIMONE_r2_Im206,4,r2,0,0.7828458547592163,1
RIMONE_r2_Im208,4,r2,0,0.8314037919044495,1
RIMONE_r2_Im210,4,r2,0,0.7802874445915222,1
RIMONE_r2_Im212,4,r2,0,0.7828458547592163,1
RIMONE_r2_Im214,4,r2,0,0.7471252083778381,1
RIMONE_r2_Im216,4,r2,0,0.8192844986915588,1
RIMONE_r2_Im218,4,r2,0,0.7968971729278564,1
RIMONE_r2_Im220,4,r2,0,0.7925035953521729,1
RIMONE_r2_Im222,4,r2,0,0.7410920262336731,1
RIMONE_r2_Im224,4,r2,0,0.7074941396713257,1
RIMONE_r2_Im226,4,r2,0,0.8054622411727905,1
RIMONE_r2_Im228,4,r2,0,0.7701598405838013,1
RIMONE_r2_Im230,4,r2,0,0.7757187485694885,1
RIMONE_r2_Im232,4,r2,0,0.7574243545532227,1
RIMONE_r2_Im234,4,r2,0,0.835745632648468,1
RIMONE_r2_Im236,4,r2,0,0.8428769111633301,1
RIMONE_r2_Im238,4,r2,0,0.7950807213783264,1
RIMONE_r2_Im240,4,r2,0,0.7892192006111145,1
RIMONE_r2_Im242,4,r2,0,0.8106534481048584,1
RIMONE_r2_Im244,4,r2,0,0.8192844986915588,1
RIMONE_r2_Im246,4,r2,0,0.7574243545532227,1
RIMONE_r2_Im248,4,r2,0,0.8110659122467041,1
RIMONE_r2_Im250,4,r2,0,0.7996813654899597,1
RIMONE_r2_Im252,4,r2,0,0.7618871927261353,1
RIMONE_r2_Im254,4,r2,0,0.835745632648468,1
RIMONE_r3_N-1-L_left_half,4,r3,0,0.43501779437065125,0
RIMONE_r3_N-10-R_left_half,4,r3,0,0.6531446576118469,1
RIMONE_r3_N-11-L_left_half,4,r3,0,0.7686526775360107,1
RIMONE_r3_N-12-R_left_half,4,r3,0,0.7580249905586243,1
RIMONE_r3_N-13-L_left_half,4,r3,0,0.7870834469795227,1
RIMONE_r3_N-14-R_left_half,4,r3,0,0.7770248651504517,1
RIMONE_r3_N-16-R_left_half,4,r3,0,0.757125973701477,1
RIMONE_r3_N-17-L_left_half,4,r3,0,0.6657215356826782,1
RIMONE_r3_N-18-R_left_half,4,r3,0,0.721705436706543,1
RIMONE_r3_N-2-R_left_half,4,r3,0,0.6896008253097534,1
RIMONE_r3_N-20-R_left_half,4,r3,0,0.4846704304218292,0
RIMONE_r3_N-21-L_left_half,4,r3,0,0.7999842166900635,1
RIMONE_r3_N-22-R_left_half,4,r3,0,0.7999842166900635,1
RIMONE_r3_N-23-L_left_half,4,r3,0,0.3397578001022339,0
RIMONE_r3_N-24-R_left_half,4,r3,0,0.7865161299705505,1
RIMONE_r3_N-25-L_left_half,4,r3,0,0.8429951667785645,1
RIMONE_r3_N-26-R_left_half,4,r3,0,0.7654293179512024,1
RIMONE_r3_N-27-L_left_half,4,r3,0,0.7623514533042908,1
RIMONE_r3_N-28-R_left_half,4,r3,0,0.46319806575775146,0
RIMONE_r3_N-29-L_left_half,4,r3,0,0.801849901676178,1
RIMONE_r3_N-3-L_left_half,4,r3,0,0.6891869306564331,1
RIMONE_r3_N-30-R_left_half,4,r3,0,0.820923924446106,1
RIMONE_r3_N-31-L_left_half,4,r3,0,0.7094615697860718,1
RIMONE_r3_N-32-R_left_half,4,r3,0,0.7094615697860718,1
RIMONE_r3_N-33-L_left_half,4,r3,0,0.7487305402755737,1
RIMONE_r3_N-34-R_left_half,4,r3,0,0.7550203800201416,1
RIMONE_r3_N-35-L_left_half,4,r3,0,0.5487648248672485,1
RIMONE_r3_N-36-R_left_half,4,r3,0,0.4148576259613037,0
RIMONE_r3_N-37-L_left_half,4,r3,0,0.5397189259529114,1
RIMONE_r3_N-38-R_left_half,4,r3,0,0.48672544956207275,0
RIMONE_r3_N-39-L_left_half,4,r3,0,0.8034558892250061,1
RIMONE_r3_N-4-R_left_half,4,r3,0,0.721705436706543,1
RIMONE_r3_N-40-R_left_half,4,r3,0,0.39882752299308777,0
RIMONE_r3_N-41-L_left_half,4,r3,0,0.7324110269546509,1
RIMONE_r3_N-42-R_left_half,4,r3,0,0.6826338768005371,1
RIMONE_r3_N-43-L_left_half,4,r3,0,0.7214535474777222,1
RIMONE_r3_N-44-R_left_half,4,r3,0,0.474575936794281,0
RIMONE_r3_N-46-R_left_half,4,r3,0,0.7082756757736206,1
RIMONE_r3_N-47-L_left_half,4,r3,0,0.42247265577316284,0
RIMONE_r3_N-48-R_left_half,4,r3,0,0.7840722799301147,1
RIMONE_r3_N-49-L_left_half,4,r3,0,0.7333471179008484,1
RIMONE_r3_N-5-L_left_half,4,r3,0,0.8192844986915588,1
RIMONE_r3_N-50-R_left_half,4,r3,0,0.7168514132499695,1
RIMONE_r3_N-51-L_left_half,4,r3,0,0.611560583114624,1
RIMONE_r3_N-52-R_left_half,4,r3,0,0.7325413227081299,1
RIMONE_r3_N-53-L_left_half,4,r3,0,0.4220968782901764,0
RIMONE_r3_N-54-R_left_half,4,r3,0,0.10425041615962982,0
RIMONE_r3_N-55-L_left_half,4,r3,0,0.742682695388794,1
RIMONE_r3_N-56-R_left_half,4,r3,0,0.5089271068572998,1
RIMONE_r3_N-58-R_left_half,4,r3,0,0.7922306060791016,1
RIMONE_r3_N-59-L_left_half,4,r3,0,0.5353988409042358,1
RIMONE_r3_N-6-R_left_half,4,r3,0,0.697340726852417,1
RIMONE_r3_N-61-L_left_half,4,r3,0,0.777056872844696,1
RIMONE_r3_N-62-R_left_half,4,r3,0,0.8262811899185181,1
RIMONE_r3_N-63-L_left_half,4,r3,0,0.7550938129425049,1
RIMONE_r3_N-64-R_left_half,4,r3,0,0.7893710732460022,1
RIMONE_r3_N-65-L_left_half,4,r3,0,0.5060297250747681,1
RIMONE_r3_N-66-R_left_half,4,r3,0,0.7735638618469238,1
RIMONE_r3_N-67-L_left_half,4,r3,0,0.6719762086868286,1
RIMONE_r3_N-68-R_left_half,4,r3,0,0.6907800436019897,1
RIMONE_r3_N-69-L_left_half,4,r3,0,0.7247487902641296,1
RIMONE_r3_N-7-L_left_half,4,r3,0,0.32672980427742004,0
RIMONE_r3_N-70-R_left_half,4,r3,0,0.7245455384254456,1
RIMONE_r3_N-71-L_left_half,4,r3,0,0.7098574042320251,1
RIMONE_r3_N-72-R_left_half,4,r3,0,0.7336035370826721,1
RIMONE_r3_N-73-R_left_half,4,r3,0,0.7373840808868408,1
RIMONE_r3_N-74-L_left_half,4,r3,0,0.7196547389030457,1
RIMONE_r3_N-75-R_left_half,4,r3,0,0.7367759943008423,1
RIMONE_r3_N-76-R_left_half,4,r3,0,0.6749570965766907,1
RIMONE_r3_N-78-R_left_half,4,r3,0,0.8803986310958862,1
RIMONE_r3_N-79-L_left_half,4,r3,0,0.7802874445915222,1
RIMONE_r3_N-8-L_left_half,4,r3,0,0.7691773176193237,1
RIMONE_r3_N-80-R_left_half,4,r3,0,0.774473249912262,1
RIMONE_r3_N-81-L_left_half,4,r3,0,0.5161169171333313,1
RIMONE_r3_N-82-R_left_half,4,r3,0,0.6101882457733154,1
RIMONE_r3_N-83-L_left_half,4,r3,0,0.7733950018882751,1
RIMONE_r3_N-84-R_left_half,4,r3,0,0.8020504713058472,1
RIMONE_r3_N-85-L_left_half,4,r3,0,0.7014268040657043,1
RIMONE_r3_N-86-R_left_half,4,r3,0,0.7337606549263,1
RIMONE_r3_N-87-L_left_half,4,r3,0,0.7190147042274475,1
RIMONE_r3_N-88-R_left_half,4,r3,0,0.7324110269546509,1
RIMONE_r3_N-9-L_left_half,4,r3,0,0.8067759871482849,1
RIMONE_r3_N-90-R_left_half,4,r3,0,0.7245455384254456,1
RIMONE_r3_N-91-L_left_half,4,r3,0,0.7502087950706482,1
RIMONE_r3_N-92-R_left_half,4,r3,0,0.7324110269546509,1
RIMONE_r1_Im069,pooled,r1,1,0.504640519618988,1
RIMONE_r1_Im103,pooled,r1,1,0.7080668210983276,1
RIMONE_r1_Im113,pooled,r1,1,0.6684790849685669,1
RIMONE_r1_Im117,pooled,r1,1,0.6749508380889893,1
RIMONE_r1_Im118,pooled,r1,1,0.5196871757507324,1
RIMONE_r1_Im120,pooled,r1,1,0.6840879321098328,1
RIMONE_r1_Im121,pooled,r1,1,0.7909717559814453,1
RIMONE_r1_Im122,pooled,r1,1,0.672365128993988,1
RIMONE_r1_Im135,pooled,r1,1,0.767978310585022,1
RIMONE_r1_Im144,pooled,r1,1,0.5326897501945496,1
RIMONE_r1_Im158,pooled,r1,1,0.7632809281349182,1
RIMONE_r1_Im167,pooled,r1,1,0.8308984637260437,1
RIMONE_r2_Im257,pooled,r2,1,0.6910824179649353,1
RIMONE_r2_Im258,pooled,r2,1,0.6073991656303406,1
RIMONE_r2_Im260,pooled,r2,1,0.5894081592559814,1
RIMONE_r2_Im263,pooled,r2,1,0.4125334620475769,0
RIMONE_r2_Im264,pooled,r2,1,0.47030287981033325,0
RIMONE_r2_Im266,pooled,r2,1,0.7163798809051514,1
RIMONE_r2_Im267,pooled,r2,1,0.6335380673408508,1
RIMONE_r2_Im268,pooled,r2,1,0.4302118718624115,0
RIMONE_r2_Im269,pooled,r2,1,0.6110718846321106,1
RIMONE_r2_Im270,pooled,r2,1,0.7360354661941528,1
RIMONE_r2_Im273,pooled,r2,1,0.6494216918945312,1
RIMONE_r2_Im275,pooled,r2,1,0.5113533735275269,1
RIMONE_r2_Im277,pooled,r2,1,0.6268462538719177,1
RIMONE_r2_Im281,pooled,r2,1,0.5142830014228821,1
RIMONE_r2_Im287,pooled,r2,1,0.6128989458084106,1
RIMONE_r2_Im288,pooled,r2,1,0.7172512412071228,1
RIMONE_r2_Im289,pooled,r2,1,0.6322440505027771,1
RIMONE_r2_Im290,pooled,r2,1,0.6282253861427307,1
RIMONE_r2_Im291,pooled,r2,1,0.61471027135849,1
RIMONE_r2_Im292,pooled,r2,1,0.8331745862960815,1
RIMONE_r2_Im293,pooled,r2,1,0.6411758661270142,1
RIMONE_r2_Im294,pooled,r2,1,0.5431883931159973,1
RIMONE_r2_Im301,pooled,r2,1,0.6310450434684753,1
RIMONE_r2_Im302,pooled,r2,1,0.6134685277938843,1
RIMONE_r2_Im303,pooled,r2,1,0.5740537643432617,1
RIMONE_r2_Im305,pooled,r2,1,0.5607125163078308,1
RIMONE_r2_Im314,pooled,r2,1,0.6989738941192627,1
RIMONE_r2_Im315,pooled,r2,1,0.575682520866394,1
RIMONE_r2_Im317,pooled,r2,1,0.613231897354126,1
RIMONE_r2_Im318,pooled,r2,1,0.6451901197433472,1
RIMONE_r2_Im319,pooled,r2,1,0.5650643110275269,1
RIMONE_r2_Im320,pooled,r2,1,0.6355069875717163,1
RIMONE_r2_Im321,pooled,r2,1,0.5523107647895813,1
RIMONE_r2_Im324,pooled,r2,1,0.6700501441955566,1
RIMONE_r2_Im329,pooled,r2,1,0.7243292927742004,1
RIMONE_r2_Im330,pooled,r2,1,0.6179332137107849,1
RIMONE_r2_Im331,pooled,r2,1,0.5812678337097168,1
RIMONE_r2_Im332,pooled,r2,1,0.685356616973877,1
RIMONE_r2_Im333,pooled,r2,1,0.6285176873207092,1
RIMONE_r2_Im334,pooled,r2,1,0.612395167350769,1
RIMONE_r2_Im338,pooled,r2,1,0.6090701818466187,1
RIMONE_r2_Im339,pooled,r2,1,0.6545419692993164,1
RIMONE_r2_Im343,pooled,r2,1,0.5735152959823608,1
RIMONE_r2_Im344,pooled,r2,1,0.6709914207458496,1
RIMONE_r1_Im001,pooled,r1,0,0.5937472581863403,1
RIMONE_r1_Im003,pooled,r1,0,0.7260206341743469,1
RIMONE_r1_Im004,pooled,r1,0,0.6924632787704468,1
RIMONE_r1_Im006,pooled,r1,0,0.7594621181488037,1
RIMONE_r1_Im008,pooled,r1,0,0.6607502698898315,1
RIMONE_r1_Im011,pooled,r1,0,0.6362996101379395,1
RIMONE_r1_Im012,pooled,r1,0,0.6737193465232849,1
RIMONE_r1_Im014,pooled,r1,0,0.6215137243270874,1
RIMONE_r1_Im015,pooled,r1,0,0.7663332223892212,1
RIMONE_r1_Im019,pooled,r1,0,0.6081051826477051,1
RIMONE_r1_Im020,pooled,r1,0,0.7071085572242737,1
RIMONE_r1_Im022,pooled,r1,0,0.6220086812973022,1
RIMONE_r1_Im023,pooled,r1,0,0.5230156183242798,1
RIMONE_r1_Im024,pooled,r1,0,0.6807182431221008,1
RIMONE_r1_Im025,pooled,r1,0,0.7015439867973328,1
RIMONE_r1_Im026,pooled,r1,0,0.6176763772964478,1
RIMONE_r1_Im027,pooled,r1,0,0.5438297390937805,1
RIMONE_r1_Im028,pooled,r1,0,0.697115421295166,1
RIMONE_r1_Im029,pooled,r1,0,0.522763192653656,1
RIMONE_r1_Im031,pooled,r1,0,0.6902294158935547,1
RIMONE_r1_Im032,pooled,r1,0,0.6143606901168823,1
RIMONE_r1_Im033,pooled,r1,0,0.6695917248725891,1
RIMONE_r1_Im036,pooled,r1,0,0.6552764773368835,1
RIMONE_r1_Im037,pooled,r1,0,0.5675735473632812,1
RIMONE_r1_Im040,pooled,r1,0,0.6241070032119751,1
RIMONE_r1_Im041,pooled,r1,0,0.6165886521339417,1
RIMONE_r1_Im042,pooled,r1,0,0.6390241384506226,1
RIMONE_r1_Im046,pooled,r1,0,0.6090701818466187,1
RIMONE_r1_Im047,pooled,r1,0,0.6104073524475098,1
RIMONE_r1_Im050,pooled,r1,0,0.6513562798500061,1
RIMONE_r1_Im052,pooled,r1,0,0.5864536166191101,1
RIMONE_r1_Im054,pooled,r1,0,0.70720374584198,1
RIMONE_r1_Im055,pooled,r1,0,0.633838951587677,1
RIMONE_r1_Im056,pooled,r1,0,0.7609704732894897,1
RIMONE_r1_Im057,pooled,r1,0,0.7301238179206848,1
RIMONE_r1_Im058,pooled,r1,0,0.7132605314254761,1
RIMONE_r1_Im059,pooled,r1,0,0.6726347208023071,1
RIMONE_r1_Im060,pooled,r1,0,0.6928206086158752,1
RIMONE_r1_Im061,pooled,r1,0,0.7154562473297119,1
RIMONE_r1_Im062,pooled,r1,0,0.6827751994132996,1
RIMONE_r1_Im063,pooled,r1,0,0.5261992812156677,1
RIMONE_r1_Im071,pooled,r1,0,0.7080665230751038,1
RIMONE_r1_Im072,pooled,r1,0,0.7684909701347351,1
RIMONE_r1_Im073,pooled,r1,0,0.815118670463562,1
RIMONE_r1_Im080,pooled,r1,0,0.7586708068847656,1
RIMONE_r1_Im082,pooled,r1,0,0.636349081993103,1
RIMONE_r1_Im086,pooled,r1,0,0.662631094455719,1
RIMONE_r1_Im087,pooled,r1,0,0.7027156949043274,1
RIMONE_r1_Im095,pooled,r1,0,0.6837953329086304,1
RIMONE_r1_Im107,pooled,r1,0,0.6446930766105652,1
RIMONE_r1_Im108,pooled,r1,0,0.7794740200042725,1
RIMONE_r1_Im115,pooled,r1,0,0.6793962121009827,1
RIMONE_r1_Im116,pooled,r1,0,0.5510215163230896,1
RIMONE_r1_Im119,pooled,r1,0,0.7419642210006714,1
RIMONE_r1_Im125,pooled,r1,0,0.7015143632888794,1
RIMONE_r1_Im127,pooled,r1,0,0.6009910106658936,1
RIMONE_r1_Im128,pooled,r1,0,0.7544900178909302,1
RIMONE_r1_Im129,pooled,r1,0,0.6722850799560547,1
RIMONE_r1_Im130,pooled,r1,0,0.6821671724319458,1
RIMONE_r1_Im131,pooled,r1,0,0.8435025215148926,1
RIMONE_r1_Im132,pooled,r1,0,0.6005337238311768,1
RIMONE_r1_Im133,pooled,r1,0,0.5907684564590454,1
RIMONE_r1_Im136,pooled,r1,0,0.6749314069747925,1
RIMONE_r1_Im137,pooled,r1,0,0.7106611132621765,1
RIMONE_r1_Im138,pooled,r1,0,0.8548539876937866,1
RIMONE_r1_Im142,pooled,r1,0,0.7215412259101868,1
RIMONE_r1_Im143,pooled,r1,0,0.6829307675361633,1
RIMONE_r1_Im145,pooled,r1,0,0.7356711626052856,1
RIMONE_r1_Im146,pooled,r1,0,0.8401312828063965,1
RIMONE_r1_Im149,pooled,r1,0,0.7464209794998169,1
RIMONE_r1_Im150,pooled,r1,0,0.7140163779258728,1
RIMONE_r1_Im151,pooled,r1,0,0.6244375705718994,1
RIMONE_r1_Im152,pooled,r1,0,0.7749005556106567,1
RIMONE_r1_Im153,pooled,r1,0,0.7369534969329834,1
RIMONE_r1_Im154,pooled,r1,0,0.6771687269210815,1
RIMONE_r1_Im155,pooled,r1,0,0.7379097938537598,1
RIMONE_r1_Im156,pooled,r1,0,0.6520006060600281,1
RIMONE_r1_Im159,pooled,r1,0,0.7272517681121826,1
RIMONE_r1_Im161,pooled,r1,0,0.7707191109657288,1
RIMONE_r1_Im162,pooled,r1,0,0.7352221608161926,1
RIMONE_r1_Im163,pooled,r1,0,0.5892810225486755,1
RIMONE_r1_Im164,pooled,r1,0,0.6420595049858093,1
RIMONE_r1_Im165,pooled,r1,0,0.8307510614395142,1
RIMONE_r1_Im166,pooled,r1,0,0.6315003037452698,1
RIMONE_r1_Im168,pooled,r1,0,0.6899874210357666,1
RIMONE_r1_Im169,pooled,r1,0,0.6720471382141113,1
RIMONE_r2_Im001,pooled,r2,0,0.5783200263977051,1
RIMONE_r2_Im002,pooled,r2,0,0.7360098361968994,1
RIMONE_r2_Im003,pooled,r2,0,0.6251319050788879,1
RIMONE_r2_Im004,pooled,r2,0,0.6509878039360046,1
RIMONE_r2_Im005,pooled,r2,0,0.6925347447395325,1
RIMONE_r2_Im006,pooled,r2,0,0.6456886529922485,1
RIMONE_r2_Im007,pooled,r2,0,0.726094126701355,1
RIMONE_r2_Im009,pooled,r2,0,0.6166259050369263,1
RIMONE_r2_Im010,pooled,r2,0,0.6264857053756714,1
RIMONE_r2_Im011,pooled,r2,0,0.6772851943969727,1
RIMONE_r2_Im012,pooled,r2,0,0.6333803534507751,1
RIMONE_r2_Im013,pooled,r2,0,0.6775786280632019,1
RIMONE_r2_Im014,pooled,r2,0,0.635713517665863,1
RIMONE_r2_Im015,pooled,r2,0,0.6567140817642212,1
RIMONE_r2_Im016,pooled,r2,0,0.4754561483860016,0
RIMONE_r2_Im017,pooled,r2,0,0.6355069875717163,1
RIMONE_r2_Im018,pooled,r2,0,0.5968232750892639,1
RIMONE_r2_Im019,pooled,r2,0,0.641121506690979,1
RIMONE_r2_Im020,pooled,r2,0,0.6185782551765442,1
RIMONE_r2_Im021,pooled,r2,0,0.6712929010391235,1
RIMONE_r2_Im022,pooled,r2,0,0.7505338788032532,1
RIMONE_r2_Im023,pooled,r2,0,0.6943615078926086,1
RIMONE_r2_Im024,pooled,r2,0,0.6707056760787964,1
RIMONE_r2_Im025,pooled,r2,0,0.5922544002532959,1
RIMONE_r2_Im026,pooled,r2,0,0.6591299772262573,1
RIMONE_r2_Im027,pooled,r2,0,0.6346781849861145,1
RIMONE_r2_Im028,pooled,r2,0,0.6211272478103638,1
RIMONE_r2_Im029,pooled,r2,0,0.7893403768539429,1
RIMONE_r2_Im030,pooled,r2,0,0.6252713203430176,1
RIMONE_r2_Im031,pooled,r2,0,0.6176763772964478,1
RIMONE_r2_Im032,pooled,r2,0,0.6116849780082703,1
RIMONE_r2_Im033,pooled,r2,0,0.6387011408805847,1
RIMONE_r2_Im347,pooled,r2,1,0.5495649576187134,1
RIMONE_r2_Im348,pooled,r2,1,0.654045820236206,1
RIMONE_r2_Im351,pooled,r2,1,0.6082044243812561,1
RIMONE_r2_Im352,pooled,r2,1,0.6414780616760254,1
RIMONE_r2_Im354,pooled,r2,1,0.5115856528282166,1
RIMONE_r2_Im355,pooled,r2,1,0.759027361869812,1
RIMONE_r2_Im356,pooled,r2,1,0.6545419692993164,1
RIMONE_r2_Im357,pooled,r2,1,0.7273668050765991,1
RIMONE_r2_Im358,pooled,r2,1,0.6816262006759644,1
RIMONE_r2_Im362,pooled,r2,1,0.7608636617660522,1
RIMONE_r2_Im365,pooled,r2,1,0.6814596056938171,1
RIMONE_r2_Im366,pooled,r2,1,0.638271152973175,1
RIMONE_r2_Im369,pooled,r2,1,0.6337633728981018,1
RIMONE_r2_Im373,pooled,r2,1,0.7060852646827698,1
RIMONE_r2_Im376,pooled,r2,1,0.5170726776123047,1
RIMONE_r2_Im377,pooled,r2,1,0.5752120018005371,1
RIMONE_r2_Im383,pooled,r2,1,0.5133174657821655,1
RIMONE_r2_Im384,pooled,r2,1,0.673079788684845,1
RIMONE_r2_Im385,pooled,r2,1,0.6116849780082703,1
RIMONE_r2_Im387,pooled,r2,1,0.6237411499023438,1
RIMONE_r2_Im388,pooled,r2,1,0.6338805556297302,1
RIMONE_r2_Im389,pooled,r2,1,0.7228319048881531,1
RIMONE_r2_Im390,pooled,r2,1,0.7789444923400879,1
RIMONE_r2_Im391,pooled,r2,1,0.6922987699508667,1
RIMONE_r2_Im392,pooled,r2,1,0.5939074158668518,1
RIMONE_r2_Im393,pooled,r2,1,0.6056250929832458,1
RIMONE_r2_Im398,pooled,r2,1,0.6160120368003845,1
RIMONE_r2_Im399,pooled,r2,1,0.638701319694519,1
RIMONE_r2_Im400,pooled,r2,1,0.6457362771034241,1
RIMONE_r2_Im401,pooled,r2,1,0.640949547290802,1
RIMONE_r2_Im402,pooled,r2,1,0.678585410118103,1
RIMONE_r2_Im403,pooled,r2,1,0.6029289364814758,1
RIMONE_r2_Im404,pooled,r2,1,0.8437924385070801,1
RIMONE_r2_Im406,pooled,r2,1,0.605230450630188,1
RIMONE_r2_Im407,pooled,r2,1,0.6355069875717163,1
RIMONE_r2_Im408,pooled,r2,1,0.6229594349861145,1
RIMONE_r2_Im414,pooled,r2,1,0.7244259119033813,1
RIMONE_r2_Im415,pooled,r2,1,0.6607502698898315,1
RIMONE_r2_Im416,pooled,r2,1,0.6784662008285522,1
RIMONE_r2_Im418,pooled,r2,1,0.6697165966033936,1
RIMONE_r2_Im419,pooled,r2,1,0.5930048227310181,1
RIMONE_r2_Im420,pooled,r2,1,0.6607502698898315,1
RIMONE_r2_Im421,pooled,r2,1,0.5930048227310181,1
RIMONE_r2_Im422,pooled,r2,1,0.611696720123291,1
RIMONE_r2_Im424,pooled,r2,1,0.6590309143066406,1
RIMONE_r2_Im427,pooled,r2,1,0.6318604350090027,1
RIMONE_r2_Im428,pooled,r2,1,0.7535772919654846,1
RIMONE_r2_Im429,pooled,r2,1,0.7300752401351929,1
RIMONE_r2_Im432,pooled,r2,1,0.6082044243812561,1
RIMONE_r2_Im433,pooled,r2,1,0.6598524451255798,1
RIMONE_r2_Im436,pooled,r2,1,0.6359359622001648,1
RIMONE_r2_Im439,pooled,r2,1,0.4009656310081482,0
RIMONE_r2_Im441,pooled,r2,1,0.593985915184021,1
RIMONE_r2_Im442,pooled,r2,1,0.8207083940505981,1
RIMONE_r2_Im443,pooled,r2,1,0.7458125352859497,1
RIMONE_r2_Im444,pooled,r2,1,0.6296001672744751,1
RIMONE_r2_Im445,pooled,r2,1,0.6311752200126648,1
RIMONE_r2_Im448,pooled,r2,1,0.6082044243812561,1
RIMONE_r2_Im449,pooled,r2,1,0.6082044243812561,1
RIMONE_r2_Im450,pooled,r2,1,0.6406761407852173,1
RIMONE_r2_Im451,pooled,r2,1,0.5633344054222107,1
RIMONE_r2_Im453,pooled,r2,1,0.7754307985305786,1
RIMONE_r2_Im454,pooled,r2,1,0.6232296824455261,1
RIMONE_r2_Im455,pooled,r2,1,0.725152850151062,1
RIMONE_r3_G-1-L_left_half,pooled,r3,1,0.563996434211731,1
RIMONE_r3_G-10-L_left_half,pooled,r3,1,0.8848394155502319,1
RIMONE_r3_G-11-R_left_half,pooled,r3,1,0.8867751955986023,1
RIMONE_r3_G-12-L_left_half,pooled,r3,1,0.7079654335975647,1
RIMONE_r3_G-13-R_left_half,pooled,r3,1,0.7912691831588745,1
RIMONE_r3_G-14-R_left_half,pooled,r3,1,0.801347553730011,1
RIMONE_r3_G-15-L_left_half,pooled,r3,1,0.5041934847831726,1
RIMONE_r3_G-16-R_left_half,pooled,r3,1,0.29897400736808777,0
RIMONE_r3_G-17-L_left_half,pooled,r3,1,0.6096090078353882,1
RIMONE_r3_G-18-R_left_half,pooled,r3,1,0.6195985078811646,1
RIMONE_r3_G-2-R_left_half,pooled,r3,1,0.6806239485740662,1
RIMONE_r3_G-22-L_left_half,pooled,r3,1,0.8865440487861633,1
RIMONE_r3_G-23-R_left_half,pooled,r3,1,0.6634093523025513,1
RIMONE_r3_G-25-L_left_half,pooled,r3,1,0.8242377042770386,1
RIMONE_r3_G-27-R_left_half,pooled,r3,1,0.7280033826828003,1
RIMONE_r3_G-29-R_left_half,pooled,r3,1,0.7483177781105042,1
RIMONE_r3_G-3-R_left_half,pooled,r3,1,0.8326879739761353,1
RIMONE_r3_G-30-L_left_half,pooled,r3,1,0.5839564204216003,1
RIMONE_r3_G-31-R_left_half,pooled,r3,1,0.8968424797058105,1
RIMONE_r3_G-32-L_left_half,pooled,r3,1,0.9021142721176147,1
RIMONE_r3_G-33-R_left_half,pooled,r3,1,0.6718060374259949,1
RIMONE_r3_G-34-L_left_half,pooled,r3,1,0.5592643618583679,1
RIMONE_r3_G-35-R_left_half,pooled,r3,1,0.5597672462463379,1
RIMONE_r3_G-37-R_left_half,pooled,r3,1,0.7469932436943054,1
RIMONE_r3_G-38-L_left_half,pooled,r3,1,0.7598505020141602,1
RIMONE_r3_G-39-L_left_half,pooled,r3,1,0.6402854323387146,1
RIMONE_r3_G-6-L_left_half,pooled,r3,1,0.560264527797699,1
RIMONE_r3_G-8-R_left_half,pooled,r3,1,0.5129772424697876,1
RIMONE_r3_G-9-R_left_half,pooled,r3,1,0.5548878908157349,1
RIMONE_r3_S-1-L_left_half,pooled,r3,1,0.6888961791992188,1
RIMONE_r3_S-10-R_left_half,pooled,r3,1,0.7311043739318848,1
RIMONE_r3_S-11-L_left_half,pooled,r3,1,0.6813265085220337,1
RIMONE_r3_S-12-L_left_half,pooled,r3,1,0.698639988899231,1
RIMONE_r3_S-13-R_left_half,pooled,r3,1,0.7166990041732788,1
RIMONE_r3_S-14-R_left_half,pooled,r3,1,0.7543408870697021,1
RIMONE_r3_S-18-L_left_half,pooled,r3,1,0.6004341244697571,1
RIMONE_r3_S-19-R_left_half,pooled,r3,1,0.6497587561607361,1
RIMONE_r3_S-2-L_left_half,pooled,r3,1,0.6224453449249268,1
RIMONE_r3_S-20-L_left_half,pooled,r3,1,0.8115670084953308,1
RIMONE_r3_S-21-R_left_half,pooled,r3,1,0.7036125063896179,1
RIMONE_r3_S-25-L_left_half,pooled,r3,1,0.8221877217292786,1
RIMONE_r3_S-26-R_left_half,pooled,r3,1,0.8099180459976196,1
RIMONE_r3_S-28-R_left_half,pooled,r3,1,0.7317559123039246,1
RIMONE_r3_S-29-R_left_half,pooled,r3,1,0.475372314453125,0
RIMONE_r3_S-30-L_left_half,pooled,r3,1,0.6733693480491638,1
RIMONE_r3_S-31-L_left_half,pooled,r3,1,0.5015133023262024,1
RIMONE_r3_S-32-L_left_half,pooled,r3,1,0.5444632768630981,1
RIMONE_r3_S-33-R_left_half,pooled,r3,1,0.5905507802963257,1
RIMONE_r3_S-35-R_left_half,pooled,r3,1,0.7941595315933228,1
RIMONE_r3_S-4-L_left_half,pooled,r3,1,0.763763427734375,1
RIMONE_r3_S-6-R_left_half,pooled,r3,1,0.887679398059845,1
RIMONE_r3_S-9-L_left_half,pooled,r3,1,0.722643256187439,1
RIMONE_r2_Im034,pooled,r2,0,0.5946624875068665,1
RIMONE_r2_Im036,pooled,r2,0,0.6211272478103638,1
RIMONE_r2_Im038,pooled,r2,0,0.525648295879364,1
RIMONE_r2_Im040,pooled,r2,0,0.6257830262184143,1
RIMONE_r2_Im042,pooled,r2,0,0.6572396159172058,1
RIMONE_r2_Im044,pooled,r2,0,0.5834864377975464,1
RIMONE_r2_Im046,pooled,r2,0,0.5930954813957214,1
RIMONE_r2_Im048,pooled,r2,0,0.6426722407341003,1
RIMONE_r2_Im050,pooled,r2,0,0.6206327080726624,1
RIMONE_r2_Im052,pooled,r2,0,0.6947024464607239,1
RIMONE_r2_Im054,pooled,r2,0,0.599571943283081,1
RIMONE_r2_Im056,pooled,r2,0,0.633277416229248,1
RIMONE_r2_Im058,pooled,r2,0,0.6359359622001648,1
RIMONE_r2_Im060,pooled,r2,0,0.5146278142929077,1
RIMONE_r2_Im062,pooled,r2,0,0.668427586555481,1
RIMONE_r2_Im064,pooled,r2,0,0.522110641002655,1
RIMONE_r2_Im066,pooled,r2,0,0.6208996176719666,1
RIMONE_r2_Im068,pooled,r2,0,0.6860826015472412,1
RIMONE_r2_Im070,pooled,r2,0,0.6141382455825806,1
RIMONE_r2_Im072,pooled,r2,0,0.6129697561264038,1
RIMONE_r2_Im074,pooled,r2,0,0.6448434591293335,1
RIMONE_r2_Im076,pooled,r2,0,0.611049473285675,1
RIMONE_r2_Im078,pooled,r2,0,0.5093933939933777,1
RIMONE_r2_Im080,pooled,r2,0,0.5973647832870483,1
RIMONE_r2_Im082,pooled,r2,0,0.72423255443573,1
RIMONE_r2_Im084,pooled,r2,0,0.7477298378944397,1
RIMONE_r2_Im086,pooled,r2,0,0.5247949361801147,1
RIMONE_r2_Im088,pooled,r2,0,0.6117900609970093,1
RIMONE_r2_Im090,pooled,r2,0,0.5274347066879272,1
RIMONE_r2_Im092,pooled,r2,0,0.6607502698898315,1
RIMONE_r2_Im094,pooled,r2,0,0.6740220785140991,1
RIMONE_r2_Im096,pooled,r2,0,0.525648295879364,1
RIMONE_r2_Im098,pooled,r2,0,0.586906373500824,1
RIMONE_r2_Im100,pooled,r2,0,0.5692201256752014,1
RIMONE_r2_Im102,pooled,r2,0,0.6117900609970093,1
RIMONE_r2_Im104,pooled,r2,0,0.6224453449249268,1
RIMONE_r2_Im106,pooled,r2,0,0.6577080488204956,1
RIMONE_r2_Im108,pooled,r2,0,0.608678936958313,1
RIMONE_r2_Im110,pooled,r2,0,0.6948636770248413,1
RIMONE_r2_Im112,pooled,r2,0,0.6346781849861145,1
RIMONE_r2_Im114,pooled,r2,0,0.6676499247550964,1
RIMONE_r2_Im116,pooled,r2,0,0.6117900609970093,1
RIMONE_r2_Im118,pooled,r2,0,0.668427586555481,1
RIMONE_r2_Im120,pooled,r2,0,0.5082079172134399,1
RIMONE_r2_Im122,pooled,r2,0,0.5105425119400024,1
RIMONE_r2_Im124,pooled,r2,0,0.5911697149276733,1
RIMONE_r2_Im126,pooled,r2,0,0.598327100276947,1
RIMONE_r2_Im128,pooled,r2,0,0.49683719873428345,0
RIMONE_r2_Im130,pooled,r2,0,0.4009779393672943,0
RIMONE_r2_Im132,pooled,r2,0,0.5101081728935242,1
RIMONE_r2_Im134,pooled,r2,0,0.745110809803009,1
RIMONE_r2_Im136,pooled,r2,0,0.6916686296463013,1
RIMONE_r2_Im138,pooled,r2,0,0.6295349597930908,1
RIMONE_r2_Im140,pooled,r2,0,0.6188608407974243,1
RIMONE_r2_Im142,pooled,r2,0,0.6045007705688477,1
RIMONE_r2_Im144,pooled,r2,0,0.6676499247550964,1
RIMONE_r2_Im146,pooled,r2,0,0.6689954996109009,1
RIMONE_r2_Im148,pooled,r2,0,0.6333948373794556,1
RIMONE_r2_Im150,pooled,r2,0,0.6371976733207703,1
RIMONE_r2_Im152,pooled,r2,0,0.5028591156005859,1
RIMONE_r2_Im154,pooled,r2,0,0.6066087484359741,1
RIMONE_r2_Im156,pooled,r2,0,0.5117528438568115,1
RIMONE_r2_Im158,pooled,r2,0,0.6333948373794556,1
RIMONE_r2_Im160,pooled,r2,0,0.5212292075157166,1
RIMONE_r2_Im162,pooled,r2,0,0.6211040616035461,1
RIMONE_r2_Im164,pooled,r2,0,0.6096090078353882,1
RIMONE_r2_Im166,pooled,r2,0,0.666537344455719,1
RIMONE_r2_Im168,pooled,r2,0,0.6355069875717163,1
RIMONE_r2_Im170,pooled,r2,0,0.7113064527511597,1
RIMONE_r2_Im172,pooled,r2,0,0.5934517979621887,1
RIMONE_r2_Im174,pooled,r2,0,0.6354217529296875,1
RIMONE_r2_Im176,pooled,r2,0,0.6852793097496033,1
RIMONE_r2_Im178,pooled,r2,0,0.690982460975647,1
RIMONE_r2_Im180,pooled,r2,0,0.6050440073013306,1
RIMONE_r2_Im182,pooled,r2,0,0.7066477537155151,1
RIMONE_r2_Im184,pooled,r2,0,0.6229594349861145,1
RIMONE_r2_Im186,pooled,r2,0,0.6273921728134155,1
RIMONE_r2_Im188,pooled,r2,0,0.731453537940979,1
RIMONE_r2_Im190,pooled,r2,0,0.6496066451072693,1
RIMONE_r2_Im192,pooled,r2,0,0.5934120416641235,1
RIMONE_r2_Im194,pooled,r2,0,0.6283314824104309,1
RIMONE_r2_Im196,pooled,r2,0,0.6220086812973022,1
RIMONE_r2_Im198,pooled,r2,0,0.5117528438568115,1
RIMONE_r2_Im200,pooled,r2,0,0.7243292927742004,1
RIMONE_r2_Im202,pooled,r2,0,0.7895560264587402,1
RIMONE_r2_Im206,pooled,r2,0,0.6263817548751831,1
RIMONE_r2_Im208,pooled,r2,0,0.691142201423645,1
RIMONE_r2_Im210,pooled,r2,0,0.5921003818511963,1
RIMONE_r2_Im212,pooled,r2,0,0.5030097365379333,1
RIMONE_r2_Im214,pooled,r2,0,0.6972415447235107,1
RIMONE_r2_Im216,pooled,r2,0,0.5190904140472412,1
RIMONE_r2_Im218,pooled,r2,0,0.655978798866272,1
RIMONE_r2_Im220,pooled,r2,0,0.7136372327804565,1
RIMONE_r2_Im222,pooled,r2,0,0.5212071537971497,1
RIMONE_r2_Im224,pooled,r2,0,0.6735879778862,1
RIMONE_r2_Im226,pooled,r2,0,0.7480510473251343,1
RIMONE_r2_Im228,pooled,r2,0,0.748559296131134,1
RIMONE_r2_Im230,pooled,r2,0,0.6160120368003845,1
RIMONE_r2_Im232,pooled,r2,0,0.6784342527389526,1
RIMONE_r2_Im234,pooled,r2,0,0.6914994716644287,1
RIMONE_r2_Im236,pooled,r2,0,0.767414391040802,1
RIMONE_r2_Im238,pooled,r2,0,0.6206327080726624,1
RIMONE_r2_Im240,pooled,r2,0,0.6758564710617065,1
RIMONE_r2_Im242,pooled,r2,0,0.6902294158935547,1
RIMONE_r2_Im244,pooled,r2,0,0.5247949361801147,1
RIMONE_r2_Im246,pooled,r2,0,0.6779077649116516,1
RIMONE_r2_Im248,pooled,r2,0,0.7052844166755676,1
RIMONE_r2_Im250,pooled,r2,0,0.7274666428565979,1
RIMONE_r2_Im252,pooled,r2,0,0.6415143013000488,1
RIMONE_r2_Im254,pooled,r2,0,0.6856232285499573,1
RIMONE_r3_N-1-L_left_half,pooled,r3,0,0.63017737865448,1
RIMONE_r3_N-10-R_left_half,pooled,r3,0,0.6778203248977661,1
RIMONE_r3_N-11-L_left_half,pooled,r3,0,0.7318750023841858,1
RIMONE_r3_N-12-R_left_half,pooled,r3,0,0.7176326513290405,1
RIMONE_r3_N-13-L_left_half,pooled,r3,0,0.8196158409118652,1
RIMONE_r3_N-14-R_left_half,pooled,r3,0,0.617573082447052,1
RIMONE_r3_N-16-R_left_half,pooled,r3,0,0.5061441659927368,1
RIMONE_r3_N-17-L_left_half,pooled,r3,0,0.6746422052383423,1
RIMONE_r3_N-18-R_left_half,pooled,r3,0,0.6725137829780579,1
RIMONE_r3_N-2-R_left_half,pooled,r3,0,0.7074910402297974,1
RIMONE_r3_N-20-R_left_half,pooled,r3,0,0.4009779393672943,0
RIMONE_r3_N-21-L_left_half,pooled,r3,0,0.7641896605491638,1
RIMONE_r3_N-22-R_left_half,pooled,r3,0,0.7594203352928162,1
RIMONE_r3_N-23-L_left_half,pooled,r3,0,0.4838191866874695,0
RIMONE_r3_N-24-R_left_half,pooled,r3,0,0.8385821580886841,1
RIMONE_r3_N-25-L_left_half,pooled,r3,0,0.768856406211853,1
RIMONE_r3_N-26-R_left_half,pooled,r3,0,0.5700156092643738,1
RIMONE_r3_N-27-L_left_half,pooled,r3,0,0.5449585914611816,1
RIMONE_r3_N-28-R_left_half,pooled,r3,0,0.39571821689605713,0
RIMONE_r3_N-29-L_left_half,pooled,r3,0,0.7082771062850952,1
RIMONE_r3_N-3-L_left_half,pooled,r3,0,0.8167341947555542,1
RIMONE_r3_N-30-R_left_half,pooled,r3,0,0.7468422055244446,1
RIMONE_r3_N-31-L_left_half,pooled,r3,0,0.678043007850647,1
RIMONE_r3_N-32-R_left_half,pooled,r3,0,0.6757837533950806,1
RIMONE_r3_N-33-L_left_half,pooled,r3,0,0.8251475095748901,1
RIMONE_r3_N-34-R_left_half,pooled,r3,0,0.7948682308197021,1
RIMONE_r3_N-35-L_left_half,pooled,r3,0,0.7637772560119629,1
RIMONE_r3_N-36-R_left_half,pooled,r3,0,0.5853877067565918,1
RIMONE_r3_N-37-L_left_half,pooled,r3,0,0.6701186895370483,1
RIMONE_r3_N-38-R_left_half,pooled,r3,0,0.5632866621017456,1
RIMONE_r3_N-39-L_left_half,pooled,r3,0,0.8309978246688843,1
RIMONE_r3_N-4-R_left_half,pooled,r3,0,0.6725137829780579,1
RIMONE_r3_N-40-R_left_half,pooled,r3,0,0.5870062708854675,1
RIMONE_r3_N-41-L_left_half,pooled,r3,0,0.7032439112663269,1
RIMONE_r3_N-42-R_left_half,pooled,r3,0,0.6649940013885498,1
RIMONE_r3_N-43-L_left_half,pooled,r3,0,0.7327300906181335,1
RIMONE_r3_N-44-R_left_half,pooled,r3,0,0.6255906820297241,1
RIMONE_r3_N-46-R_left_half,pooled,r3,0,0.7044239044189453,1
RIMONE_r3_N-47-L_left_half,pooled,r3,0,0.5093658566474915,1
RIMONE_r3_N-48-R_left_half,pooled,r3,0,0.7637530565261841,1
RIMONE_r3_N-49-L_left_half,pooled,r3,0,0.7974377870559692,1
RIMONE_r3_N-5-L_left_half,pooled,r3,0,0.5212292075157166,1
RIMONE_r3_N-50-R_left_half,pooled,r3,0,0.6774464249610901,1
RIMONE_r3_N-51-L_left_half,pooled,r3,0,0.7216607332229614,1
RIMONE_r3_N-52-R_left_half,pooled,r3,0,0.7985487580299377,1
RIMONE_r3_N-53-L_left_half,pooled,r3,0,0.6200053691864014,1
RIMONE_r3_N-54-R_left_half,pooled,r3,0,0.4722626805305481,0
RIMONE_r3_N-55-L_left_half,pooled,r3,0,0.7591162323951721,1
RIMONE_r3_N-56-R_left_half,pooled,r3,0,0.665020227432251,1
RIMONE_r3_N-58-R_left_half,pooled,r3,0,0.7140337228775024,1
RIMONE_r3_N-59-L_left_half,pooled,r3,0,0.6703680157661438,1
RIMONE_r3_N-6-R_left_half,pooled,r3,0,0.6619380116462708,1
RIMONE_r3_N-61-L_left_half,pooled,r3,0,0.7306395173072815,1
RIMONE_r3_N-62-R_left_half,pooled,r3,0,0.7326933145523071,1
RIMONE_r3_N-63-L_left_half,pooled,r3,0,0.8943559527397156,1
RIMONE_r3_N-64-R_left_half,pooled,r3,0,0.6528541445732117,1
RIMONE_r3_N-65-L_left_half,pooled,r3,0,0.6042298078536987,1
RIMONE_r3_N-66-R_left_half,pooled,r3,0,0.7895844578742981,1
RIMONE_r3_N-67-L_left_half,pooled,r3,0,0.6506282687187195,1
RIMONE_r3_N-68-R_left_half,pooled,r3,0,0.7115300297737122,1
RIMONE_r3_N-69-L_left_half,pooled,r3,0,0.7700380086898804,1
RIMONE_r3_N-7-L_left_half,pooled,r3,0,0.44326743483543396,0
RIMONE_r3_N-70-R_left_half,pooled,r3,0,0.7117665410041809,1
RIMONE_r3_N-71-L_left_half,pooled,r3,0,0.7740854620933533,1
RIMONE_r3_N-72-R_left_half,pooled,r3,0,0.5261992812156677,1
RIMONE_r3_N-73-R_left_half,pooled,r3,0,0.6889470219612122,1
RIMONE_r3_N-74-L_left_half,pooled,r3,0,0.6685189008712769,1
RIMONE_r3_N-75-R_left_half,pooled,r3,0,0.7651875615119934,1
RIMONE_r3_N-76-R_left_half,pooled,r3,0,0.6486017107963562,1
RIMONE_r3_N-78-R_left_half,pooled,r3,0,0.8997904658317566,1
RIMONE_r3_N-79-L_left_half,pooled,r3,0,0.5930954813957214,1
RIMONE_r3_N-8-L_left_half,pooled,r3,0,0.6620498895645142,1
RIMONE_r3_N-80-R_left_half,pooled,r3,0,0.7866756916046143,1
RIMONE_r3_N-81-L_left_half,pooled,r3,0,0.7321481108665466,1
RIMONE_r3_N-82-R_left_half,pooled,r3,0,0.7596831917762756,1
RIMONE_r3_N-83-L_left_half,pooled,r3,0,0.6487881541252136,1
RIMONE_r3_N-84-R_left_half,pooled,r3,0,0.7893089056015015,1
RIMONE_r3_N-85-L_left_half,pooled,r3,0,0.6794465780258179,1
RIMONE_r3_N-86-R_left_half,pooled,r3,0,0.8313717842102051,1
RIMONE_r3_N-87-L_left_half,pooled,r3,0,0.6644517779350281,1
RIMONE_r3_N-88-R_left_half,pooled,r3,0,0.6757057905197144,1
RIMONE_r3_N-9-L_left_half,pooled,r3,0,0.6860826015472412,1
RIMONE_r3_N-90-R_left_half,pooled,r3,0,0.6793690919876099,1
RIMONE_r3_N-91-L_left_half,pooled,r3,0,0.7077150344848633,1
RIMONE_r3_N-92-R_left_half,pooled,r3,0,0.6880257725715637,1
