image_id,dataset,patient_id,label,class_name,source_path,processed_path,split,fold,hospital,source_partition,discordant_patient,glcm_contrast_mean,glcm_contrast_std,glcm_dissimilarity_mean,glcm_dissimilarity_std,glcm_homogeneity_mean,glcm_homogeneity_std,glcm_energy_mean,glcm_energy_std,glcm_asm_mean,glcm_asm_std,glcm_correlation_mean,glcm_correlation_std,glrlm_sre,glrlm_lre,glrlm_gln,glrlm_rln,glrlm_rp,glrlm_lglre,glrlm_hglre,glrlm_srlgle,glrlm_srhgle,glrlm_lrlgle,glrlm_lrhgle
drishtiGS_002,DRISHTI,1167573,1,Glaucoma,C:/Users/TRIPU/OneDrive/Documents/ML/end sem project/Drishti-GS1_files\Drishti-GS1_files\Drishti-GS1_files\Training\Images\drishtiGS_002.png,C:/Users/TRIPU/.gemini/antigravity/scratch/glaucoma_detection\data\processed\DRISHTI\glaucoma\drishtiGS_002.png,development,4,,DRISHTI_training,False,0.34366130297093883,0.1922045685039717,0.19922185602408915,0.06694861797865503,0.9136014650362204,0.022547975298287552,0.47402740099678514,0.013995272349123079,0.22489784454389308,0.013180276292173712,0.943603614585717,0.03177171059819025,0.44982806816542475,269.84384984051684,1470.990055592345,1240.4667182234216,0.12847277582908162,0.1533715168028944,23.79955257801588,0.04024531378779285,13.391620255327894,136.7960538980604,2182.1147530185413
drishtiGS_004,DRISHTI,1393265,1,Glaucoma,C:/Users/TRIPU/OneDrive/Documents/ML/end sem project/Drishti-GS1_files\Drishti-GS1_files\Drishti-GS1_files\Training\Images\drishtiGS_004.png,C:/Users/TRIPU/.gemini/antigravity/scratch/glaucoma_detection\data\processed\DRISHTI\glaucoma\drishtiGS_004.png,development,2,,DRISHTI_training,False,3.697084333520649,2.3669178508045228,0.7777906859954614,0.2850242640570905,0.7485042452261208,0.05768881178874624,0.2833018051137686,0.015641526898963854,0.08050457014445077,0.008766070766635076,0.9467685717012168,0.03459472330145474,0.5805890376720744,55.45889437860806,2003.269236043353,5616.681847634857,0.34487603635204084,0.03985578188054082,195.6737716372233,0.00726046811898777,118.80518713638259,45.290509810311214,1669.336972201015
drishtiGS_008,DRISHTI,1558499,0,Normal,C:/Users/TRIPU/OneDrive/Documents/ML/end sem project/Drishti-GS1_files\Drishti-GS1_files\Drishti-GS1_files\Training\Images\drishtiGS_008.png,C:/Users/TRIPU/.gemini/antigravity/scratch/glaucoma_detection\data\processed\DRISHTI\normal\drishtiGS_008.png,development,1,,DRISHTI_training,False,3.193938497306212,2.07481949503136,0.5763287951336342,0.2432492419665321,0.8191533387017138,0.05350656331822328,0.32020265877413556,0.0187660937218315,0.1028819089596021,0.011860511280965748,0.9445166178071046,0.036502694269631805,0.47950661481714657,92.01417757462423,1400.2505873966206,2728.4507095154177,0.2386748644770408,0.05710325821511627,148.19567376353675,0.009644381301742916,72.80683409965776,67.7401013563581,3523.9599572784073
drishtiGS_010,DRISHTI,1566239,1,Glaucoma,C:/Users/TRIPU/OneDrive/Documents/ML/end sem project/Drishti-GS1_files\Drishti-GS1_files\Drishti-GS1_files\Training\Images\drishtiGS_010.png,C:/Users/TRIPU/.gemini/antigravity/scratch/glaucoma_detection\data\processed\DRISHTI\glaucoma\drishtiGS_010.png,development,1,,DRISHTI_training,False,1.7225521298238666,1.0548878948240628,0.5303781395559269,0.18988637827971044,0.8136049834469797,0.04415393634462113,0.32032100998471785,0.015194295916230945,0.10283641606601973,0.009623347851324323,0.9525168093439432,0.029239626393660807,0.5438850370262294,95.99443687783085,1272.4713320548742,3598.8623228066244,0.2564522879464286,0.06486626316535339,93.81211747673181,0.014472518841634101,59.77359882755154,75.9733611612971,1302.1492443683608
drishtiGS_012,DRISHTI,1731185,1,Glaucoma,C:/Users/TRIPU/OneDrive/Documents/ML/end sem project/Drishti-GS1_files\Drishti-GS1_files\Drishti-GS1_files\Training\Images\drishtiGS_012.png,C:/Users/TRIPU/.gemini/antigravity/scratch/glaucoma_detection\data\processed\DRISHTI\glaucoma\drishtiGS_012.png,development,4,,DRISHTI_training,False,1.5135264010069405,0.95466237888127,0.5346830148784355,0.18810543882414393,0.7995248600745501,0.04885208847265592,0.2955252852334726,0.016346498055655644,0.08760240221100889,0.009549794327078597,0.9558814089788625,0.02813855603736359,0.5164192525966957,73.744517282671,1563.9556975599542,3637.440490912019,0.27931680484693877,0.056606396437131515,93.71275148734158,0.012707412522103988,53.04340376674462,57.974416992175044,1238.4063559943827
drishtiGS_015,DRISHTI,1976679,1,Glaucoma,C:/Users/TRIPU/OneDrive/Documents/ML/end sem project/Drishti-GS1_files\Drishti-GS1_files\Drishti-GS1_files\Training\Images\drishtiGS_015.png,C:/Users/TRIPU/.gemini/antigravity/scratch/glaucoma_detection\data\processed\DRISHTI\glaucoma\drishtiGS_015.png,development,4,,DRISHTI_training,False,1.4721682642464724,0.8475410700725456,0.543654558869994,0.18846624399133216,0.7964178269002175,0.05066831636706706,0.3023994368286832,0.017217768590712057,0.09174187094954804,0.01028692588739792,0.9578600916395166,0.02449765951642651,0.5299394709846532,75.55740304452786,1473.5941427275918,3773.920137332613,0.2778469786352041,0.058049303470138265,94.67102338506254,0.013581201800584487,56.71217731583198,58.67051910176578,1251.312694582864
drishtiGS_016,DRISHTI,1976679,1,Glaucoma,C:/Users/TRIPU/OneDrive/Documents/ML/end sem project/Drishti-GS1_files\Drishti-GS1_files\Drishti-GS1_files\Training\Images\drishtiGS_016.png,C:/Users/TRIPU/.gemini/antigravity/scratch/glaucoma_detection\data\processed\DRISHTI\glaucoma\drishtiGS_016.png,development,4,,DRISHTI_training,False,2.4952701610306307,1.4690267563055344,0.7190125440822918,0.2553335373004558,0.7507218334517684,0.05981735409321464,0.2982941475366185,0.017319878929841742,0.08927937666074227,0.010220987349227311,0.9491397119594481,0.030414744054746073,0.5710721730105864,57.8764236251099,1974.3355210355094,5262.101125262413,0.33558872767857145,0.04436802318279612,133.29503231321638,0.009664987278091215,79.29324646878153,48.20534035255307,1249.2108752557924
drishtiGS_017,DRISHTI,2009791,0,Normal,C:/Users/TRIPU/OneDrive/Documents/ML/end sem project/Drishti-GS1_files\Drishti-GS1_files\Drishti-GS1_files\Training\Images\drishtiGS_017.png,C:/Users/TRIPU/.gemini/antigravity/scratch/glaucoma_detection\data\processed\DRISHTI\normal\drishtiGS_017.png,development,1,,DRISHTI_training,False,1.5627421174777245,0.8934612354489723,0.5374847248075333,0.19170468801703036,0.806092323938472,0.048825939007744755,0.28518401914862745,0.014634285961995602,0.08154408710338218,0.008234685526565557,0.9612139699606764,0.02232115241140696,0.5453177563024308,85.21160910385113,1050.6758101943094,3664.223169720117,0.26045320471938777,0.06271416494310411,100.48438381735046,0.014809118432840537,59.482874330605824,63.44577002842013,1447.034514563069
drishtiGS_018,DRISHTI,2009791,0,Normal,C:/Users/TRIPU/OneDrive/Documents/ML/end sem project/Drishti-GS1_files\Drishti-GS1_files\Drishti-GS1_files\Training\Images\drishtiGS_018.png,C:/Users/TRIPU/.gemini/antigravity/scratch/glaucoma_detection\data\processed\DRISHTI\normal\drishtiGS_018.png,development,1,,DRISHTI_training,False,0.8868559030301867,0.4948151330436662,0.38120231018499773,0.12947481596954982,0.8494231571968283,0.037852103663187156,0.31873966212051064,0.015587501805332263,0.10183794242122851,0.009822919441540743,0.9555889945295194,0.025011490606226105,0.5020208197465666,117.88278929546718,1324.1231289922002,2561.401958714615,0.21226781728316324,0.0808961215309439,56.017958327809254,0.01975143157165761,30.37715089206734,79.16895092368446,1555.5136516402404
drishtiGS_022,DRISHTI,2070741,1,Glaucoma,C:/Users/TRIPU/OneDrive/Documents/ML/end sem project/Drishti-GS1_files\Drishti-GS1_files\Drishti-GS1_files\Training\Images\drishtiGS_022.png,C:/Users/TRIPU/.gemini/antigravity/scratch/glaucoma_detection\data\processed\DRISHTI\glaucoma\drishtiGS_022.png,development,4,,DRISHTI_training,False,1.728712222454057,1.0620610616287562,0.4893712940605583,0.18832145006411385,0.8243072080422978,0.0492446030610371,0.31448793965779165,0.018048623636531206,0.09922841700537594,0.01122694363731785,0.9273433354673811,0.045101188129601656,0.4790889876575227,94.8759736541756,1515.523751326379,2711.008366992959,0.23729970503826528,0.06888466841489982,68.48074042674108,0.015393121475946115,35.52629217863732,69.12444165698516,1345.9658312337478
drishtiGS_024,DRISHTI,2071112,1,Glaucoma,C:/Users/TRIPU/OneDrive/Documents/ML/end sem project/Drishti-GS1_files\Drishti-GS1_files\Drishti-GS1_files\Training\Images\drishtiGS_024.png,C:/Users/TRIPU/.gemini/antigravity/scratch/glaucoma_detection\data\processed\DRISHTI\glaucoma\drishtiGS_024.png,development,3,,DRISHTI_training,False,1.2327333834314418,0.792188342887584,0.4186206518632951,0.16098865669427306,0.8471079912709593,0.04110115755515274,0.3017418359030315,0.01472023295164327,0.09126482079228261,0.00876714419785274,0.968811169281281,0.020153249668394834,0.49334575837805045,120.29200340108862,926.7209722249775,2446.0685904549364,0.2094128667091837,0.07274583004354139,105.24270677190592,0.015170034545093053,60.36720997193331,78.54959608767676,2426.3385745696287
drishtiGS_026,DRISHTI,2222807,1,Glaucoma,C:/Users/TRIPU/OneDrive/Documents/ML/end sem project/Drishti-GS1_files\Drishti-GS1_files\Drishti-GS1_files\Training\Images\drishtiGS_026.png,C:/Users/TRIPU/.gemini/antigravity/scratch/glaucoma_detection\data\processed\DRISHTI\glaucoma\drishtiGS_026.png,development,4,,DRISHTI_training,False,1.9059446164973692,1.1791940289395766,0.514587255708063,0.1846182202212437,0.8229426561442477,0.041703919636978184,0.33015955621471377,0.017126459171467375,0.10929864816364865,0.011191125240364046,0.9433875904281165,0.035562948119379996,0.519776547180109,87.82716257889211,1716.436689327096,3197.197031079527,0.2474838568239796,0.05994865112361182,96.2889885994147,0.012497872499309573,53.51759651387925,64.04924902089616,2158.7019493851444
drishtiGS_031,DRISHTI,2330992,1,Glaucoma,C:/Users/TRIPU/OneDrive/Documents/ML/end sem project/Drishti-GS1_files\Drishti-GS1_files\Drishti-GS1_files\Training\Images\drishtiGS_031.png,C:/Users/TRIPU/.gemini/antigravity/scratch/glaucoma_detection\data\processed\DRISHTI\glaucoma\drishtiGS_031.png,development,0,,DRISHTI_training,False,1.3722333933004156,0.8704566398883055,0.40052469414466235,0.14998497365725155,0.8593537494012428,0.035289182191112045,0.3425623792036538,0.014954324516798645,0.11757261546742163,0.010136264583558428,0.9607784269340741,0.02515836215249483,0.4899458808490511,140.64850325913682,1130.338870451888,2268.0470168552365,0.19722078284438777,0.07457324592659886,90.70435064991611,0.013184834612184178,46.72026468347186,101.32036039331541,3346.2683656474946
drishtiGS_032,DRISHTI,2344972,1,Glaucoma,C:/Users/TRIPU/OneDrive/Documents/ML/end sem project/Drishti-GS1_files\Drishti-GS1_files\Drishti-GS1_files\Training\Images\drishtiGS_032.png,C:/Users/TRIPU/.gemini/antigravity/scratch/glaucoma_detection\data\processed\DRISHTI\glaucoma\drishtiGS_032.png,development,3,,DRISHTI_training,True,2.9310171595828454,1.7935691028787573,0.7665556217293258,0.27450811516846724,0.7540648177696981,0.053492316367054454,0.2833081791259813,0.014647423025794866,0.08047807136097568,0.008194218211648849,0.9540334322348735,0.028398210186056923,0.5977699298645791,59.78065133988477,1429.380129604442,5583.878191647236,0.33181202168367346,0.0441414094784026,158.30243160648394,0.009464916491052577,99.77464871621038,48.62250987881265,1479.3560397532274
drishtiGS_033,DRISHTI,2344972,0,Normal,C:/Users/TRIPU/OneDrive/Documents/ML/end sem project/Drishti-GS1_files\Drishti-GS1_files\Drishti-GS1_files\Training\Images\drishtiGS_033.png,C:/Users/TRIPU/.gemini/antigravity/scratch/glaucoma_detection\data\processed\DRISHTI\normal\drishtiGS_033.png,development,3,,DRISHTI_training,True,2.462670438853833,1.555182688292425,0.6617671300145682,0.24917133149771564,0.7810905655466996,0.052904019946681875,0.2833544180514043,0.014902833760831437,0.080511820683353,0.008332042620186357,0.9615549587252666,0.02452390114719995,0.5635940935837268,70.60153904547047,1163.2991975957875,4421.231759838267,0.29385064572704084,0.04852991086687542,162.50893048191017,0.009634711225527191,96.9878112832271,55.20406138616141,2032.6166070590882
drishtiGS_035,DRISHTI,2356217,0,Normal,C:/Users/TRIPU/OneDrive/Documents/ML/end sem project/Drishti-GS1_files\Drishti-GS1_files\Drishti-GS1_files\Training\Images\drishtiGS_035.png,C:/Users/TRIPU/.gemini/antigravity/scratch/glaucoma_detection\data\processed\DRISHTI\normal\drishtiGS_035.png,development,4,,DRISHTI_training,True,3.9963723291702586,2.5933664432083727,0.764435960049065,0.29465230418417443,0.7757831277229905,0.05202999552891825,0.31496585107461444,0.01801543056613748,0.09952804308163953,0.01122210351748533,0.9500294793546175,0.03295035844707769,0.5746850923677711,68.05197970922244,1919.9082669340653,4598.599663781834,0.2955347177933674,0.04571705671092374,212.64269013326768,0.008037343036475372,122.17394885356806,52.813670474052,3471.087868828126
drishtiGS_036,DRISHTI,2360136,0,Normal,C:/Users/TRIPU/OneDrive/Documents/ML/end sem project/Drishti-GS1_files\Drishti-GS1_files\Drishti-GS1_files\Training\Images\drishtiGS_036.png,C:/Users/TRIPU/.gemini/antigravity/scratch/glaucoma_detection\data\processed\DRISHTI\normal\drishtiGS_036.png,development,0,,DRISHTI_training,False,2.0772635465317273,1.3573171281041216,0.5231376495668819,0.2063442291003019,0.8232457590851654,0.0480179116476235,0.29231656404095696,0.014421858543914964,0.0856569636165716,0.008318938968708455,0.9475261758317223,0.034398815496620765,0.5195032363528196,101.20394060474175,855.5175888452978,3034.424537139128,0.23593949298469385,0.07192196403169376,92.35317182111584,0.01731554989534547,53.823299614103924,71.23214002798224,1692.391532402802
drishtiGS_037,DRISHTI,2362130,0,Normal,C:/Users/TRIPU/OneDrive/Documents/ML/end sem project/Drishti-GS1_files\Drishti-GS1_files\Drishti-GS1_files\Training\Images\drishtiGS_037.png,C:/Users/TRIPU/.gemini/antigravity/scratch/glaucoma_detection\data\processed\DRISHTI\normal\drishtiGS_037.png,development,0,,DRISHTI_training,True,3.0395577635198676,1.922814986954785,0.5687603808556149,0.2339634544021976,0.8244228662385092,0.04983229896880289,0.3256226936607359,0.018724179819488162,0.10638073353678597,0.012049539503818206,0.92968205002211,0.04516240853290254,0.48608824010331875,96.6313984587037,1543.8891479648726,2701.8482818829366,0.23280552455357145,0.05951911250245842,124.07386775878336,0.010323336042027136,64.80105108077528,69.27468342779312,2963.4153571445877
drishtiGS_038,DRISHTI,2362130,1,Glaucoma,C:/Users/TRIPU/OneDrive/Documents/ML/end sem project/Drishti-GS1_files\Drishti-GS1_files\Drishti-GS1_files\Training\Images\drishtiGS_038.png,C:/Users/TRIPU/.gemini/antigravity/scratch/glaucoma_detection\data\processed\DRISHTI\glaucoma\drishtiGS_038.png,development,0,,DRISHTI_training,True,2.963471859315367,1.848256127300573,0.5802537366648103,0.23476758763019284,0.8176998103399448,0.051280473674309913,0.29575862714834694,0.016286148123733007,0.08773840415338308,0.009510563808926552,0.9317133098996546,0.04320138805648025,0.49686342597410027,89.3269687797767,1218.060525507321,2907.120093177962,0.2424914301658163,0.05985159317072411,111.90110892636346,0.011552522011334823,56.92293840541008,64.98246938954534,2490.7995070819857
drishtiGS_040,DRISHTI,2396691,1,Glaucoma,C:/Users/TRIPU/OneDrive/Documents/ML/end sem project/Drishti-GS1_files\Drishti-GS1_files\Drishti-GS1_files\Training\Images\drishtiGS_040.png,C:/Users/TRIPU/.gemini/antigravity/scratch/glaucoma_detection\data\processed\DRISHTI\glaucoma\drishtiGS_040.png,development,4,,DRISHTI_training,False,2.0309370389797863,1.2397623934271293,0.6204065212626412,0.2270510044779265,0.78165612465572,0.05392422922863821,0.28733475339809406,0.015283027953645245,0.08279483145377543,0.008669440746530248,0.9586900800832762,0.0254712207032669,0.5569518082804772,70.33100010672543,1155.964706224741,4389.485999356959,0.2957738759566327,0.05052428010605971,131.97286635822095,0.01076048124345709,79.72204210814587,55.23360286755747,1488.655610172298
drishtiGS_041,DRISHTI,2399380,0,Normal,C:/Users/TRIPU/OneDrive/Documents/ML/end sem project/Drishti-GS1_files\Drishti-GS1_files\Drishti-GS1_files\Training\Images\drishtiGS_041.png,C:/Users/TRIPU/.gemini/antigravity/scratch/glaucoma_detection\data\processed\DRISHTI\normal\drishtiGS_041.png,development,0,,DRISHTI_training,False,3.521037627965949,2.102354037082759,0.8108236046548266,0.2828878212513944,0.7448402763904817,0.05352599660251988,0.2851543169800435,0.014693536102738316,0.0815288844955576,0.008277044284773855,0.9484162822832142,0.03122152039425875,0.607702267022789,56.92325461660974,1567.9732017614538,6012.655088913325,0.34564333545918363,0.041045698296821975,178.53297279343744,0.008366489455140015,111.4628824265765,47.41449692415716,1608.8765686326772
drishtiGS_042,DRISHTI,2399380,0,Normal,C:/Users/TRIPU/OneDrive/Documents/ML/end sem project/Drishti-GS1_files\Drishti-GS1_files\Drishti-GS1_files\Training\Images\drishtiGS_042.png,C:/Users/TRIPU/.gemini/antigravity/scratch/glaucoma_detection\data\processed\DRISHTI\normal\drishtiGS_042.png,development,0,,DRISHTI_training,False,2.900191537357056,1.6394013443204571,0.7730567140801777,0.25256204884047956,0.7486930452999063,0.04929554561256954,0.28933579776896584,0.014381226107127264,0.08392202353494822,0.00822423509982656,0.9532715704281407,0.02678519719588191,0.6151516492421066,56.73958808498223,1590.432153362676,6133.544834576119,0.3456433354591837,0.041860489050932835,162.30694480147818,0.008941928547024086,103.73853011580114,47.08027425138494,1468.1536108715036
drishtiGS_044,DRISHTI,2477980,1,Glaucoma,C:/Users/TRIPU/OneDrive/Documents/ML/end sem project/Drishti-GS1_files\Drishti-GS1_files\Drishti-GS1_files\Training\Images\drishtiGS_044.png,C:/Users/TRIPU/.gemini/antigravity/scratch/glaucoma_detection\data\processed\DRISHTI\glaucoma\drishtiGS_044.png,development,0,,DRISHTI_training,False,0.9234736255272334,0.5863919384431132,0.32395850762205364,0.12352276703642642,0.8789236290920868,0.03296728891428293,0.3286099586507781,0.01497244858614415,0.10820867914113079,0.009722362840366424,0.9565147904949759,0.027837179623064465,0.46518909246201423,161.159048838968,951.8211214183251,1760.5005837014091,0.17008629623724492,0.09462077351219506,59.940303398304415,0.020801664502925237,31.461094292665294,95.84830299410008,2858.35251684908
drishtiGS_045,DRISHTI,2489693,1,Glaucoma,C:/Users/TRIPU/OneDrive/Documents/ML/end sem project/Drishti-GS1_files\Drishti-GS1_files\Drishti-GS1_files\Training\Images\drishtiGS_045.png,C:/Users/TRIPU/.gemini/antigravity/scratch/glaucoma_detection\data\processed\DRISHTI\glaucoma\drishtiGS_045.png,development,3,,DRISHTI_training,False,1.0660768850517341,0.6179455806084265,0.40865645370581394,0.14930254602943752,0.8424035074376532,0.0425892242382517,0.32693596522677587,0.01802427437084026,0.10721199982535895,0.01163724189485909,0.9429450678060305,0.03359486679971936,0.48531985097701497,106.33934590849967,1501.3961749216182,2516.6951365610867,0.21952228156887754,0.07702317249337631,55.783001817214306,0.018183012889536238,29.92473313074678,73.77719031241854,1499.2959331806785
drishtiGS_046,DRISHTI,2508068,0,Normal,C:/Users/TRIPU/OneDrive/Documents/ML/end sem project/Drishti-GS1_files\Drishti-GS1_files\Drishti-GS1_files\Training\Images\drishtiGS_046.png,C:/Users/TRIPU/.gemini/antigravity/scratch/glaucoma_detection\data\processed\DRISHTI\normal\drishtiGS_046.png,development,3,,DRISHTI_training,False,2.320698089942845,1.3966282812533364,0.6207493504208016,0.2306022534198468,0.7899556571677456,0.05237540899726312,0.2869896081778101,0.015415032018677988,0.08260065841418983,0.008729330514607218,0.9577543948264283,0.02573498709675923,0.5446110991224569,74.89709779284958,1196.9221052357539,4019.529911966477,0.2833227040816326,0.0505867287037341,141.4572045849155,0.009954888270895558,80.70901190376284,58.55496510423626,2079.205854274838
drishtiGS_047,DRISHTI,2508068,0,Normal,C:/Users/TRIPU/OneDrive/Documents/ML/end sem project/Drishti-GS1_files\Drishti-GS1_files\Drishti-GS1_files\Training\Images\drishtiGS_047.png,C:/Users/TRIPU/.gemini/antigravity/scratch/glaucoma_detection\data\processed\DRISHTI\normal\drishtiGS_047.png,development,3,,DRISHTI_training,False,1.6107457253858397,0.9585031956457702,0.4992403137729567,0.1760421286370928,0.8209563835169439,0.04301248071088057,0.3037705529708022,0.015432434068746545,0.09251470887347317,0.009265073602106383,0.9603472321421284,0.02391852282481487,0.5229252706733338,89.49159504181162,1354.9434458071744,3278.308596403903,0.25022421077806123,0.05848447746750307,108.9586298438257,0.011864887477808929,59.46669019324359,65.83961068812978,2366.2350322312736
drishtiGS_049,DRISHTI,2520061,1,Glaucoma,C:/Users/TRIPU/OneDrive/Documents/ML/end sem project/Drishti-GS1_files\Drishti-GS1_files\Drishti-GS1_files\Training\Images\drishtiGS_049.png,C:/Users/TRIPU/.gemini/antigravity/scratch/glaucoma_detection\data\processed\DRISHTI\glaucoma\drishtiGS_049.png,development,1,,DRISHTI_training,False,1.826012943223012,1.1221869125202746,0.48369269963512324,0.18685513121860525,0.8326470911024136,0.04547399667498581,0.3056146042561005,0.01571375098328698,0.09364720830457764,0.009481880161628601,0.9535722427675345,0.028882591615168266,0.4885239292072849,101.18442611564345,1053.5461717150522,2673.8248113656755,0.22879962531887754,0.0638542393866581,109.03449909818407,0.012440812159541736,57.77569366186323,71.29683023398486,2502.7666017287806
drishtiGS_051,DRISHTI,2564907,1,Glaucoma,C:/Users/TRIPU/OneDrive/Documents/ML/end sem project/Drishti-GS1_files\Drishti-GS1_files\Drishti-GS1_files\Training\Images\drishtiGS_051.png,C:/Users/TRIPU/.gemini/antigravity/scratch/glaucoma_detection\data\processed\DRISHTI\glaucoma\drishtiGS_051.png,development,2,,DRISHTI_training,False,1.6155050192275988,1.0048590023397903,0.5322687762265175,0.20089730175035425,0.8088730486019827,0.050402566582073885,0.2853500260106664,0.015590106189831789,0.08166768875529822,0.008777023502131704,0.9602487038817484,0.024964587377806144,0.5348357929880593,86.06096775879035,1165.3453838675453,3449.158221644793,0.25412049585459184,0.0610928919692566,104.15872035353553,0.013731139762460565,58.253230643913085,62.85783906906925,1843.1705466284534
drishtiGS_057,DRISHTI,2617454,0,Normal,C:/Users/TRIPU/OneDrive/Documents/ML/end sem project/Drishti-GS1_files\Drishti-GS1_files\Drishti-GS1_files\Training\Images\drishtiGS_057.png,C:/Users/TRIPU/.gemini/antigravity/scratch/glaucoma_detection\data\processed\DRISHTI\normal\drishtiGS_057.png,development,2,,DRISHTI_training,True,1.571171985569518,0.9292722654119207,0.5171350386961299,0.18216688923603985,0.8122328352862683,0.04577983372048704,0.303880413357563,0.01635363654711412,0.0926107470506785,0.009824531266621708,0.948715041424305,0.03072846362281517,0.5316892019912249,84.14020788229668,1619.6409509130951,3496.2771893881923,0.25860969387755106,0.06112667162577219,83.1958408361187,0.014248583813333543,45.310673475133896,61.91160464051275,1601.5761129124398
drishtiGS_058,DRISHTI,2639071,1,Glaucoma,C:/Users/TRIPU/OneDrive/Documents/ML/end sem project/Drishti-GS1_files\Drishti-GS1_files\Drishti-GS1_files\Training\Images\drishtiGS_058.png,C:/Users/TRIPU/.gemini/antigravity/scratch/glaucoma_detection\data\processed\DRISHTI\glaucoma\drishtiGS_058.png,development,1,,DRISHTI_training,False,2.1259877083109457,1.271197565046485,0.6059657040462121,0.2146744408184031,0.7926498530965579,0.04869922216341592,0.29657142478356835,0.016006375636340324,0.08821081405916738,0.009379464197254335,0.9501443180543484,0.030186086750635388,0.550858703378372,73.53642833366847,1554.5876892891151,4065.0555470334,0.28207708864795916,0.05302781656126335,115.33367360195095,0.01137321695758825,66.9077998992982,56.64194803305246,1696.127916372725
drishtiGS_060,DRISHTI,2682713,1,Glaucoma,C:/Users/TRIPU/OneDrive/Documents/ML/end sem project/Drishti-GS1_files\Drishti-GS1_files\Drishti-GS1_files\Training\Images\drishtiGS_060.png,C:/Users/TRIPU/.gemini/antigravity/scratch/glaucoma_detection\data\processed\DRISHTI\glaucoma\drishtiGS_060.png,development,3,,DRISHTI_training,False,2.6053923975171593,1.677645850376411,0.6313370687722873,0.2427990812790072,0.7928622578941723,0.05182425978363855,0.30196026001510806,0.016785919649684074,0.09146176572687732,0.010019719298452575,0.9609647462510623,0.025470195955953446,0.5335542065882487,75.25135748324128,1408.6061914358033,3841.1096674653395,0.2798001036352041,0.0488105814981275,176.65780502005788,0.008695411539639222,99.72528189698548,59.12060322237837,2710.660546076414
drishtiGS_061,DRISHTI,2694008,1,Glaucoma,C:/Users/TRIPU/OneDrive/Documents/ML/end sem project/Drishti-GS1_files\Drishti-GS1_files\Drishti-GS1_files\Training\Images\drishtiGS_061.png,C:/Users/TRIPU/.gemini/antigravity/scratch/glaucoma_detection\data\processed\DRISHTI\glaucoma\drishtiGS_061.png,development,0,,DRISHTI_training,False,1.7718898355868997,1.191482502347039,0.5211947569144817,0.21443184598132803,0.8159486666848302,0.05388971540666458,0.30578150386010267,0.014056387162848896,0.09369991012301787,0.008487950267395038,0.9704594301939568,0.01994909804755318,0.5008009594649513,108.43669195687481,813.8993442349231,2957.984399354639,0.24116609534438777,0.06258360991376788,142.43131143493994,0.011233916310836325,78.95677028862904,82.46693772165551,2014.0344050792778
drishtiGS_062,DRISHTI,2694008,1,Glaucoma,C:/Users/TRIPU/OneDrive/Documents/ML/end sem project/Drishti-GS1_files\Drishti-GS1_files\Drishti-GS1_files\Training\Images\drishtiGS_062.png,C:/Users/TRIPU/.gemini/antigravity/scratch/glaucoma_detection\data\processed\DRISHTI\glaucoma\drishtiGS_062.png,development,0,,DRISHTI_training,False,1.2326507916941292,0.7576378884104334,0.4906904740133356,0.18540202544286027,0.8109392010514532,0.05339657775430253,0.2838770629491075,0.015385356215480797,0.08082289605448874,0.008606978802543271,0.9712634400068126,0.01776187006982321,0.51299937910451,87.53899544379179,871.6310145078778,3224.513290324296,0.25271045918367346,0.06335845940595006,111.29484013654225,0.014013732643945634,64.60112691171672,64.3017909069049,1432.0395593707283
drishtiGS_063,DRISHTI,2695077,1,Glaucoma,C:/Users/TRIPU/OneDrive/Documents/ML/end sem project/Drishti-GS1_files\Drishti-GS1_files\Drishti-GS1_files\Training\Images\drishtiGS_063.png,C:/Users/TRIPU/.gemini/antigravity/scratch/glaucoma_detection\data\processed\DRISHTI\glaucoma\drishtiGS_063.png,development,1,,DRISHTI_training,False,1.219866736930641,0.7407974934621593,0.467574020982693,0.15972441777420365,0.8231655070729814,0.040835197104006654,0.32003961047429735,0.015292971908467205,0.10265922726233316,0.009685577818756386,0.9632126081804785,0.02233619640676008,0.5449249690062036,92.00666968037483,1246.549446306237,3485.8448025093167,0.24823122608418366,0.07679257386738565,80.75236945671409,0.021638990428825354,54.264073518061664,65.62778908896573,1058.1060329856696
drishtiGS_064,DRISHTI,2708535,1,Glaucoma,C:/Users/TRIPU/OneDrive/Documents/ML/end sem project/Drishti-GS1_files\Drishti-GS1_files\Drishti-GS1_files\Training\Images\drishtiGS_064.png,C:/Users/TRIPU/.gemini/antigravity/scratch/glaucoma_detection\data\processed\DRISHTI\glaucoma\drishtiGS_064.png,development,1,,DRISHTI_training,False,1.2883112066360427,0.6998048459993929,0.47218956297984555,0.15566272647145415,0.823563521190907,0.041820572997896426,0.2944819183176439,0.014369734058420375,0.08692608947294926,0.008360867403106759,0.9569931728821018,0.023490518784999796,0.5382861552023042,98.60636873711489,1147.352048243194,3344.1494106612718,0.2433085538903061,0.07221333837687788,76.57570952350216,0.018451579396018335,46.46829617015641,68.29282827631833,1275.8905199474746
drishtiGS_066,DRISHTI,2711113,1,Glaucoma,C:/Users/TRIPU/OneDrive/Documents/ML/end sem project/Drishti-GS1_files\Drishti-GS1_files\Drishti-GS1_files\Training\Images\drishtiGS_066.png,C:/Users/TRIPU/.gemini/antigravity/scratch/glaucoma_detection\data\processed\DRISHTI\glaucoma\drishtiGS_066.png,development,4,,DRISHTI_training,False,2.795437159959899,1.7786785688479732,0.647720384956889,0.2477303213191608,0.7832030241015366,0.05466536805327782,0.28904504884581933,0.015613507901789716,0.08379082189128133,0.008908429450808629,0.9308616685634054,0.044434556487464964,0.5674995618731096,72.45569783416045,1296.669673843279,4446.357157456611,0.2892269212372449,0.056053925986658815,102.4199428537215,0.013605481559796608,63.240282978521186,55.88825691807771,1214.4911035833381
drishtiGS_068,DRISHTI,2745345,1,Glaucoma,C:/Users/TRIPU/OneDrive/Documents/ML/end sem project/Drishti-GS1_files\Drishti-GS1_files\Drishti-GS1_files\Training\Images\drishtiGS_068.png,C:/Users/TRIPU/.gemini/antigravity/scratch/glaucoma_detection\data\processed\DRISHTI\glaucoma\drishtiGS_068.png,development,0,,DRISHTI_training,False,1.0133780398591496,0.6135619449686528,0.38004588793491245,0.12937824790926028,0.8550164108204211,0.03427736184352223,0.37850941599231347,0.014601714032893164,0.14348258804754063,0.010970501705803402,0.9563940155626495,0.02634827672105749,0.5263804504930333,130.89419030573987,1268.5580942006716,2689.9918478578966,0.20528738839285712,0.0995793708184408,63.93506676372395,0.028945834540002303,43.29767122468303,82.1151511578208,1166.087915844208
drishtiGS_069,DRISHTI,2745345,1,Glaucoma,C:/Users/TRIPU/OneDrive/Documents/ML/end sem project/Drishti-GS1_files\Drishti-GS1_files\Drishti-GS1_files\Training\Images\drishtiGS_069.png,C:/Users/TRIPU/.gemini/antigravity/scratch/glaucoma_detection\data\processed\DRISHTI\glaucoma\drishtiGS_069.png,development,0,,DRISHTI_training,False,1.6328144704212448,0.9509796021491274,0.5628626820795021,0.1864990952540435,0.7968335793512554,0.04379442104532257,0.2979759902027769,0.014793223514521833,0.08900853019927597,0.008713956378391934,0.9526550471512752,0.02770327023831204,0.5742629726775844,76.36932691950797,1576.2117989621902,4395.253336200055,0.28306859853316324,0.06212909439829605,85.28360197571101,0.016749794814994237,54.692792369600824,56.9297976181112,1003.9917820445573
drishtiGS_075,DRISHTI,2803745,1,Glaucoma,C:/Users/TRIPU/OneDrive/Documents/ML/end sem project/Drishti-GS1_files\Drishti-GS1_files\Drishti-GS1_files\Training\Images\drishtiGS_075.png,C:/Users/TRIPU/.gemini/antigravity/scratch/glaucoma_detection\data\processed\DRISHTI\glaucoma\drishtiGS_075.png,development,3,,DRISHTI_training,False,2.3186900073242853,1.5338344415847067,0.6218176214554845,0.2556220638719473,0.7912798964523744,0.059108425860957894,0.3167533416309936,0.01674459934841912,0.10061306104173999,0.010477151301858157,0.9665961397197248,0.022315498198407512,0.5235080061159261,89.02969776474414,1232.6160790261893,3593.6737795948497,0.27060247927295916,0.0514233939670369,172.33653282013012,0.007971317535313653,94.96456423175061,74.05384909392967,2385.758663283793
drishtiGS_076,DRISHTI,2804213,1,Glaucoma,C:/Users/TRIPU/OneDrive/Documents/ML/end sem project/Drishti-GS1_files\Drishti-GS1_files\Drishti-GS1_files\Training\Images\drishtiGS_076.png,C:/Users/TRIPU/.gemini/antigravity/scratch/glaucoma_detection\data\processed\DRISHTI\glaucoma\drishtiGS_076.png,development,3,,DRISHTI_training,False,0.9024304776145745,0.5421128128740362,0.3734426617532998,0.13484583161937572,0.8536910433416396,0.03882686424322217,0.30973245919418974,0.014927179251631832,0.09615701695889077,0.009133635984484335,0.9661352849681727,0.02042262654357044,0.49154330637709687,127.16310953263911,1002.2468779982478,2364.3979094860524,0.20371791294642858,0.08330457842855718,72.81502983632,0.01951206865508556,43.02694819709339,82.52637837390962,1699.8548776222224
drishtiGS_080,DRISHTI,2826276,1,Glaucoma,C:/Users/TRIPU/OneDrive/Documents/ML/end sem project/Drishti-GS1_files\Drishti-GS1_files\Drishti-GS1_files\Training\Images\drishtiGS_080.png,C:/Users/TRIPU/.gemini/antigravity/scratch/glaucoma_detection\data\processed\DRISHTI\glaucoma\drishtiGS_080.png,development,2,,DRISHTI_training,False,1.1225067647784244,0.6898363890298447,0.4342989825230099,0.15647310280219237,0.8348223538858833,0.04212788430575897,0.3155337183022781,0.015409278768990401,0.09979897325784186,0.00961131961615407,0.9545060936998581,0.028010580882463068,0.5258442852749514,106.70453845145963,1138.810564410202,3001.1198608472664,0.22811204559948978,0.09049830576197351,62.11610303294003,0.026821977482780958,37.91557069282175,72.52132795064986,1222.6941498564624
drishtiGS_081,DRISHTI,2827617,1,Glaucoma,C:/Users/TRIPU/OneDrive/Documents/ML/end sem project/Drishti-GS1_files\Drishti-GS1_files\Drishti-GS1_files\Training\Images\drishtiGS_081.png,C:/Users/TRIPU/.gemini/antigravity/scratch/glaucoma_detection\data\processed\DRISHTI\glaucoma\drishtiGS_081.png,development,1,,DRISHTI_training,False,1.3121970970486316,0.8119329857962649,0.4506464451486292,0.16847012193707744,0.8357915919931065,0.04261987019953172,0.3149534242352077,0.01647611167379577,0.09946712169337013,0.010252144317943544,0.9535754098568914,0.02905601299659908,0.5160946028965754,106.55255197830738,1322.1696866420696,2870.0577830221046,0.2256606744260204,0.06868048293454444,78.46124046115935,0.015265766136023227,43.6878736509598,74.28856629179867,2204.3744218986276
drishtiGS_084,DRISHTI,2829822,1,Glaucoma,C:/Users/TRIPU/OneDrive/Documents/ML/end sem project/Drishti-GS1_files\Drishti-GS1_files\Drishti-GS1_files\Training\Images\drishtiGS_084.png,C:/Users/TRIPU/.gemini/antigravity/scratch/glaucoma_detection\data\processed\DRISHTI\glaucoma\drishtiGS_084.png,development,1,,DRISHTI_training,True,2.0903409376401427,1.2658368366761952,0.6030046423805627,0.217287871087765,0.7947396595228242,0.048665360212297934,0.29202016120850943,0.015443986630382298,0.08551429127528326,0.008905646739038499,0.9595329389742476,0.02481869706044639,0.5587248423441953,78.79400880832947,1272.7987539961464,4100.242355901308,0.2771593989158163,0.05161949196724884,137.43450766824245,0.010421349421614129,80.01629204592899,59.89615706925791,2225.1806213006203
drishtiGS_088,DRISHTI,2842932,1,Glaucoma,C:/Users/TRIPU/OneDrive/Documents/ML/end sem project/Drishti-GS1_files\Drishti-GS1_files\Drishti-GS1_files\Training\Images\drishtiGS_088.png,C:/Users/TRIPU/.gemini/antigravity/scratch/glaucoma_detection\data\processed\DRISHTI\glaucoma\drishtiGS_088.png,development,0,,DRISHTI_training,False,1.3836531188340508,0.8670046514416024,0.4324963846620624,0.16886922644523583,0.8421912692342554,0.045005645071723895,0.28889077651983786,0.01490635415283691,0.08368008015236468,0.008496510291423011,0.9649068330180358,0.022170986026743215,0.47739653562860984,109.84024986882032,830.9896062046416,2354.6390379880095,0.21310487085459182,0.07219095681342735,96.70778496401991,0.015135597189130243,48.17948422455814,75.08851598335161,2548.5231928381695
drishtiGS_089,DRISHTI,2864585,0,Normal,C:/Users/TRIPU/OneDrive/Documents/ML/end sem project/Drishti-GS1_files\Drishti-GS1_files\Drishti-GS1_files\Training\Images\drishtiGS_089.png,C:/Users/TRIPU/.gemini/antigravity/scratch/glaucoma_detection\data\processed\DRISHTI\normal\drishtiGS_089.png,development,3,,DRISHTI_training,False,1.986584245274609,1.20072578853349,0.6247902460294047,0.22908755199239103,0.7819183426983859,0.05360913282726802,0.2869931786092204,0.015588475145271933,0.08260808512557864,0.0088283450858181,0.9571011358081768,0.026212834018003086,0.5599296411324629,70.88269516140481,1297.0316975982864,4371.051255926897,0.2929538026147959,0.05137641295852666,120.96699288786124,0.011121444569232494,71.10488623596225,55.86638300895438,1531.944310079657
drishtiGS_090,DRISHTI,2864585,0,Normal,C:/Users/TRIPU/OneDrive/Documents/ML/end sem project/Drishti-GS1_files\Drishti-GS1_files\Drishti-GS1_files\Training\Images\drishtiGS_090.png,C:/Users/TRIPU/.gemini/antigravity/scratch/glaucoma_detection\data\processed\DRISHTI\normal\drishtiGS_090.png,development,3,,DRISHTI_training,False,2.7617026257441535,1.7078061725917715,0.7222140972416892,0.2713089774984221,0.7634703562451803,0.057418482308298054,0.28711113761342094,0.015909179836840905,0.0826859073447537,0.009020520753092284,0.9577526148644583,0.026484565803976227,0.5670066665004387,63.94640831094162,1394.8739176766928,4793.443750268514,0.31332210618622447,0.04453710824155455,170.74516267799385,0.008465137696596207,99.59929383789881,52.10983977594048,1953.616226566319
drishtiGS_092,DRISHTI,2864754,0,Normal,C:/Users/TRIPU/OneDrive/Documents/ML/end sem project/Drishti-GS1_files\Drishti-GS1_files\Drishti-GS1_files\Training\Images\drishtiGS_092.png,C:/Users/TRIPU/.gemini/antigravity/scratch/glaucoma_detection\data\processed\DRISHTI\normal\drishtiGS_092.png,development,2,,DRISHTI_training,False,2.40598323415878,1.4688389586052797,0.6233282246600582,0.2238963268520829,0.7899776949903764,0.048075103426069944,0.28413376779146304,0.014147648048973492,0.08093215394469067,0.007936780699513181,0.955355818077429,0.027526024560054263,0.5643289898279048,74.33155771734275,1035.409330639366,4381.216895633317,0.2897401147959183,0.050865431626337,140.91493937472796,0.010508817312538301,86.34007382109996,57.31703337820561,1724.5435025106426
drishtiGS_094,DRISHTI,2864781,0,Normal,C:/Users/TRIPU/OneDrive/Documents/ML/end sem project/Drishti-GS1_files\Drishti-GS1_files\Drishti-GS1_files\Training\Images\drishtiGS_094.png,C:/Users/TRIPU/.gemini/antigravity/scratch/glaucoma_detection\data\processed\DRISHTI\normal\drishtiGS_094.png,development,4,,DRISHTI_training,False,2.61685476554392,1.472488610404136,0.7276941503408428,0.23937681832147473,0.7570320278888394,0.050538827505084,0.2972370703490288,0.015582795717332005,0.08859269951204157,0.00915746082995214,0.937318994462414,0.0357698159403801,0.5999987324588134,59.83281318559205,1874.5861193682967,5657.690474132932,0.3337302694515306,0.04593161687865231,115.25615903828607,0.010641653971790992,72.68120154315554,48.984278665716225,1101.946777880023
drishtiGS_098,DRISHTI,2864821,0,Normal,C:/Users/TRIPU/OneDrive/Documents/ML/end sem project/Drishti-GS1_files\Drishti-GS1_files\Drishti-GS1_files\Training\Images\drishtiGS_098.png,C:/Users/TRIPU/.gemini/antigravity/scratch/glaucoma_detection\data\processed\DRISHTI\normal\drishtiGS_098.png,development,2,,DRISHTI_training,False,1.52371162614168,0.9351603232571661,0.47893186491107437,0.18489918802376598,0.8288539850117372,0.04687961220010718,0.2932203310248452,0.014885902063495634,0.0861997526065638,0.008614218905099474,0.9591074865404366,0.025273470084980237,0.5215951323377033,105.76238007478409,928.9111286613968,2959.143360743403,0.22854053730867346,0.0700101678988541,90.38055738090576,0.01603266785887441,50.51453329854722,73.13230921427643,2278.164864475195
drishtiGS_101,DRISHTI,2864841,0,Normal,C:/Users/TRIPU/OneDrive/Documents/ML/end sem project/Drishti-GS1_files\Drishti-GS1_files\Drishti-GS1_files\Training\Images\drishtiGS_101.png,C:/Users/TRIPU/.gemini/antigravity/scratch/glaucoma_detection\data\processed\DRISHTI\normal\drishtiGS_101.png,development,0,,DRISHTI_training,False,2.3114915366271798,1.297231700562664,0.6475713498919816,0.2231217213622605,0.7813148437997555,0.05079749565744477,0.2976371027994044,0.01576621162463965,0.08883641839181618,0.009266467802827857,0.9516255990109187,0.027507513386174628,0.5635216585269415,69.63037839603331,1378.4348996933977,4473.594061993921,0.29690987723214285,0.049177279683485856,129.3557949602585,0.009992472027566434,77.74301769341534,54.86956763961888,1580.8255839164785
drishtiGS_001,DRISHTI,1077987,1,Glaucoma,C:/Users/TRIPU/OneDrive/Documents/ML/end sem project/Drishti-GS1_files\Drishti-GS1_files\Drishti-GS1_files\Test\Images\drishtiGS_001.png,C:/Users/TRIPU/.gemini/antigravity/scratch/glaucoma_detection\data\processed\DRISHTI\glaucoma\drishtiGS_001.png,development,4,,DRISHTI_test,False,3.5306397176488233,2.422409132368844,0.5608305648845203,0.2525003314179519,0.8334202536597258,0.04869792284010114,0.33100695137804054,0.017079482532691172,0.10985731058416905,0.01117154849732348,0.9209505818135136,0.05457897261355545,0.5137132390615705,111.81716783887104,1111.2766891537076,2811.2908051982913,0.22129603794642858,0.06634140986830386,115.16621992682556,0.012857112193760779,67.49608019529717,76.1908998359228,2810.901905122305
drishtiGS_003,DRISHTI,1393265,1,Glaucoma,C:/Users/TRIPU/OneDrive/Documents/ML/end sem project/Drishti-GS1_files\Drishti-GS1_files\Drishti-GS1_files\Test\Images\drishtiGS_003.png,C:/Users/TRIPU/.gemini/antigravity/scratch/glaucoma_detection\data\processed\DRISHTI\glaucoma\drishtiGS_003.png,development,2,,DRISHTI_test,False,0.9803749351226707,0.5430440495311194,0.44348528962925254,0.148040255657485,0.8212569328602929,0.04462701806368284,0.3153618128709625,0.01623516150802058,0.09971665348645146,0.010137885026231565,0.9466758154136851,0.029750949858923778,0.5030116433459507,92.29654627302506,1660.1027398194678,3156.070676772846,0.25166912468112246,0.07485731274778915,52.950784042464406,0.02007672545960519,29.92841988308528,66.43514225378983,848.7270395023205
drishtiGS_005,DRISHTI,1481925,1,Glaucoma,C:/Users/TRIPU/OneDrive/Documents/ML/end sem project/Drishti-GS1_files\Drishti-GS1_files\Drishti-GS1_files\Test\Images\drishtiGS_005.png,C:/Users/TRIPU/.gemini/antigravity/scratch/glaucoma_detection\data\processed\DRISHTI\glaucoma\drishtiGS_005.png,development,4,,DRISHTI_test,False,1.19889695384994,0.779867605083655,0.456810068747723,0.1815256613436593,0.8285661934830973,0.04860850322114121,0.2939221803242363,0.01473563699872267,0.08660738708431097,0.00854559297718802,0.9737249450580617,0.01710895117067433,0.5121123592110529,105.65474193023715,809.7410986395873,2872.858269327368,0.22896404655612246,0.07389666866271521,110.77199774758192,0.017599126481287822,67.49747815219888,72.79589623792518,1584.5062207898452
drishtiGS_006,DRISHTI,1514781,1,Glaucoma,C:/Users/TRIPU/OneDrive/Documents/ML/end sem project/Drishti-GS1_files\Drishti-GS1_files\Drishti-GS1_files\Test\Images\drishtiGS_006.png,C:/Users/TRIPU/.gemini/antigravity/scratch/glaucoma_detection\data\processed\DRISHTI\glaucoma\drishtiGS_006.png,development,3,,DRISHTI_test,True,1.5311687241981782,0.9049090121518433,0.5262901787240003,0.18779416975724417,0.8109868494120079,0.04648420846122506,0.28996814152634603,0.014451370548713068,0.08429036521097928,0.008265386415796931,0.9552097821646148,0.026666713493023905,0.5491203704045684,89.39989366651751,1053.4817027684521,3633.9416083151245,0.2550422512755102,0.06385392743231086,88.53476465677335,0.015353935273592354,51.78799201784579,63.52964108000675,1458.1295648611977
drishtiGS_007,DRISHTI,1514781,0,Normal,C:/Users/TRIPU/OneDrive/Documents/ML/end sem project/Drishti-GS1_files\Drishti-GS1_files\Drishti-GS1_files\Test\Images\drishtiGS_007.png,C:/Users/TRIPU/.gemini/antigravity/scratch/glaucoma_detection\data\processed\DRISHTI\normal\drishtiGS_007.png,development,3,,DRISHTI_test,True,2.819315279914665,1.8286189243627482,0.6359884987845055,0.25351765573249535,0.7979878934326452,0.05314435703360256,0.28395526574661295,0.01557357594402619,0.08087312921291394,0.008724678097166387,0.9607007338683725,0.025785058831265088,0.5326482811795231,81.25881598494162,1028.6532814704065,3611.691114485508,0.265869140625,0.05135597759517285,181.91628019436712,0.008934986372028848,101.52042369716835,61.25565471963543,3252.8199510692557
drishtiGS_009,DRISHTI,1558499,0,Normal,C:/Users/TRIPU/OneDrive/Documents/ML/end sem project/Drishti-GS1_files\Drishti-GS1_files\Drishti-GS1_files\Test\Images\drishtiGS_009.png,C:/Users/TRIPU/.gemini/antigravity/scratch/glaucoma_detection\data\processed\DRISHTI\normal\drishtiGS_009.png,development,1,,DRISHTI_test,False,1.4018946836033475,0.8807286857348557,0.4350898635166656,0.1636109762376221,0.8410406262765787,0.04129619985976909,0.3539135019942114,0.017804102164465006,0.12557175294768944,0.012475395683534216,0.9410562584455165,0.03745281036129957,0.5085409174144845,106.67969369115693,1710.0408890504261,2742.7512461420874,0.22116649394132654,0.07089666934834932,69.9220305563629,0.015636513793382052,38.54335764459917,72.38173079892589,2059.6383481017224
drishtiGS_011,DRISHTI,1731185,1,Glaucoma,C:/Users/TRIPU/OneDrive/Documents/ML/end sem project/Drishti-GS1_files\Drishti-GS1_files\Drishti-GS1_files\Test\Images\drishtiGS_011.png,C:/Users/TRIPU/.gemini/antigravity/scratch/glaucoma_detection\data\processed\DRISHTI\glaucoma\drishtiGS_011.png,development,4,,DRISHTI_test,False,1.6156785203718866,0.9993770351724944,0.5318987039998111,0.19317739705148385,0.8046037000482693,0.049643867778725814,0.2953426604334904,0.016716655330372268,0.0875067336373665,0.00975234174979157,0.9618331632744977,0.02393744107352793,0.5064436109864113,77.28050646894124,1500.6380327200427,3402.700233583591,0.27065230389030615,0.054524582345048894,115.80605040938659,0.011245260943210642,61.533959416302274,60.10922058801331,1813.138857813065
drishtiGS_013,DRISHTI,1895846,0,Normal,C:/Users/TRIPU/OneDrive/Documents/ML/end sem project/Drishti-GS1_files\Drishti-GS1_files\Drishti-GS1_files\Test\Images\drishtiGS_013.png,C:/Users/TRIPU/.gemini/antigravity/scratch/glaucoma_detection\data\processed\DRISHTI\normal\drishtiGS_013.png,development,2,,DRISHTI_test,False,0.5677780688225416,0.3276419830013841,0.30171770810844206,0.10668160612119547,0.8723198571799675,0.035375929665851194,0.3241623141473104,0.01602314363375477,0.10533794704524745,0.0102736869946991,0.9582746430611292,0.02419708206170485,0.460387087832177,139.75517901418002,1113.3493046464705,1867.8057298910664,0.18097795758928573,0.12045000892843655,41.8319539726586,0.0362021543258861,23.161977610521678,76.36537275732744,1403.3574730170544
drishtiGS_014,DRISHTI,1972140,1,Glaucoma,C:/Users/TRIPU/OneDrive/Documents/ML/end sem project/Drishti-GS1_files\Drishti-GS1_files\Drishti-GS1_files\Test\Images\drishtiGS_014.png,C:/Users/TRIPU/.gemini/antigravity/scratch/glaucoma_detection\data\processed\DRISHTI\glaucoma\drishtiGS_014.png,development,2,,DRISHTI_test,False,2.827444419088915,1.8302037142511354,0.5567023238744162,0.23266735926396157,0.8183987148499724,0.05314224307175053,0.3222664581869834,0.017896135016490525,0.1041759417209112,0.011399254542826812,0.9349005874297261,0.042584877399171966,0.4854167836551009,92.55895034288855,1388.5457550012243,2830.742268188106,0.24133051658163268,0.061084118217170774,115.775313811898,0.011994684726760112,62.00278945526782,67.37659569886617,2210.8058222075842
drishtiGS_019,DRISHTI,2020775,1,Glaucoma,C:/Users/TRIPU/OneDrive/Documents/ML/end sem project/Drishti-GS1_files\Drishti-GS1_files\Drishti-GS1_files\Test\Images\drishtiGS_019.png,C:/Users/TRIPU/.gemini/antigravity/scratch/glaucoma_detection\data\processed\DRISHTI\glaucoma\drishtiGS_019.png,development,1,,DRISHTI_test,False,2.8171892970900614,1.7493527102586206,0.7682321682934751,0.2813846815948746,0.7475079740754683,0.05798638648466468,0.2866045477212276,0.015877092469679038,0.08239424883978018,0.008989371141891774,0.9518559570633999,0.030184535343394808,0.5915932289983128,58.70815060474404,1620.9679224445306,5548.122869860673,0.3352150430484694,0.04511993836365509,142.53186623750804,0.01034223303942287,89.72775310481772,48.69170162421827,1298.7138108036365
drishtiGS_020,DRISHTI,2030682,1,Glaucoma,C:/Users/TRIPU/OneDrive/Documents/ML/end sem project/Drishti-GS1_files\Drishti-GS1_files\Drishti-GS1_files\Test\Images\drishtiGS_020.png,C:/Users/TRIPU/.gemini/antigravity/scratch/glaucoma_detection\data\processed\DRISHTI\glaucoma\drishtiGS_020.png,development,2,,DRISHTI_test,False,1.4252186972241667,0.9158824607115102,0.43757674596200885,0.169739528781287,0.8418741398974419,0.04368703758549099,0.29648839964680035,0.015053736139560564,0.08813198609688029,0.008804897527903897,0.9610502647680274,0.025129352997129217,0.493601306969693,113.0727656732042,850.7467815313553,2526.625444729334,0.21550641741071427,0.07567672653751578,94.41066656397382,0.016930721684763072,55.231679540423876,77.4549154883991,1966.525850235835
drishtiGS_021,DRISHTI,2040729,1,Glaucoma,C:/Users/TRIPU/OneDrive/Documents/ML/end sem project/Drishti-GS1_files\Drishti-GS1_files\Drishti-GS1_files\Test\Images\drishtiGS_021.png,C:/Users/TRIPU/.gemini/antigravity/scratch/glaucoma_detection\data\processed\DRISHTI\glaucoma\drishtiGS_021.png,development,1,,DRISHTI_test,False,1.077044729345147,0.6782691339272799,0.44061700419552324,0.1676580835003712,0.8274363570409369,0.0485891097615192,0.29481242406664004,0.016112430866668248,0.08717397581248158,0.009383916399502827,0.9666474117015836,0.021109792908487062,0.48259481189920894,96.35870619340409,1156.4570123404962,2716.380475783975,0.23589465082908165,0.07266288651262198,82.67869213761226,0.017202080576670536,46.21450955306682,67.9062837783305,1369.791217844091
drishtiGS_023,DRISHTI,2070741,1,Glaucoma,C:/Users/TRIPU/OneDrive/Documents/ML/end sem project/Drishti-GS1_files\Drishti-GS1_files\Drishti-GS1_files\Test\Images\drishtiGS_023.png,C:/Users/TRIPU/.gemini/antigravity/scratch/glaucoma_detection\data\processed\DRISHTI\glaucoma\drishtiGS_023.png,development,4,,DRISHTI_test,False,2.3839680322952534,1.4462661936705772,0.588468287758222,0.2115919274735387,0.8009402349221274,0.047585862451680463,0.2929306572442261,0.015102787821767948,0.08603646415352366,0.008740230111101411,0.946339999823454,0.03298386394876888,0.5329308519805575,78.03773871650041,1297.1164748682697,3767.983960313398,0.27478774713010207,0.05329887534935072,117.96481513325058,0.010751544368374354,65.51217340878313,59.07541051571669,2018.2724801858371
drishtiGS_025,DRISHTI,2209395,1,Glaucoma,C:/Users/TRIPU/OneDrive/Documents/ML/end sem project/Drishti-GS1_files\Drishti-GS1_files\Drishti-GS1_files\Test\Images\drishtiGS_025.png,C:/Users/TRIPU/.gemini/antigravity/scratch/glaucoma_detection\data\processed\DRISHTI\glaucoma\drishtiGS_025.png,development,0,,DRISHTI_test,False,1.0284060797217134,0.6497382631069657,0.3791457785962429,0.13642199527915277,0.8567939249279033,0.0357099978665724,0.34433459514020837,0.015054297854867433,0.11879294529427424,0.01025986201972977,0.9624942365605772,0.023740405063898226,0.5075257577146057,137.60371615728144,1091.0673153566904,2469.228479406415,0.20195412149234693,0.08829214433508725,75.14015701007405,0.020543086931945273,49.042166282954895,99.76297793760568,1704.9123967734563
drishtiGS_027,DRISHTI,2248277,1,Glaucoma,C:/Users/TRIPU/OneDrive/Documents/ML/end sem project/Drishti-GS1_files\Drishti-GS1_files\Drishti-GS1_files\Test\Images\drishtiGS_027.png,C:/Users/TRIPU/.gemini/antigravity/scratch/glaucoma_detection\data\processed\DRISHTI\glaucoma\drishtiGS_027.png,development,2,,DRISHTI_test,False,3.2069930148733667,2.0203094654121965,0.7390950573712965,0.2729727152734398,0.766582826115883,0.053245959310254276,0.2832019916322362,0.015130417051121203,0.08043229758460604,0.008462450929555181,0.9553517011567644,0.028517944578551117,0.5762373667232477,64.57773616713025,1375.7524821145576,4883.408770586026,0.31107003348214285,0.04469130018628405,181.43494566896084,0.00858619462395074,105.6419013103702,52.21109272987638,2336.891580637273
drishtiGS_028,DRISHTI,2248277,1,Glaucoma,C:/Users/TRIPU/OneDrive/Documents/ML/end sem project/Drishti-GS1_files\Drishti-GS1_files\Drishti-GS1_files\Test\Images\drishtiGS_028.png,C:/Users/TRIPU/.gemini/antigravity/scratch/glaucoma_detection\data\processed\DRISHTI\glaucoma\drishtiGS_028.png,development,2,,DRISHTI_test,False,1.8235408907237858,1.144362200942267,0.5521403481845458,0.2016127465511204,0.807773946277095,0.045774630015757836,0.30047697330749373,0.015559860271632177,0.09052852073970503,0.009241118440303155,0.9532635575082625,0.029714145922225536,0.5557286025784052,83.3876776347381,1395.395663059477,3807.951303297559,0.26153938137755106,0.05709243927627485,104.65494895654464,0.012558387700104564,59.565753973908016,60.472148411518766,2206.745385699267
drishtiGS_029,DRISHTI,2292498,1,Glaucoma,C:/Users/TRIPU/OneDrive/Documents/ML/end sem project/Drishti-GS1_files\Drishti-GS1_files\Drishti-GS1_files\Test\Images\drishtiGS_029.png,C:/Users/TRIPU/.gemini/antigravity/scratch/glaucoma_detection\data\processed\DRISHTI\glaucoma\drishtiGS_029.png,development,1,,DRISHTI_test,False,1.1212571942091596,0.7215630155950261,0.38551610943439824,0.152532945329455,0.8588115432285135,0.03980024924343941,0.33236592860882685,0.016481345898121034,0.11073874526262133,0.010823935570940427,0.9623757297664897,0.024492154797573343,0.4729206127172628,137.02729124511592,1125.8582318924527,2086.74322297815,0.19261698820153064,0.07568931270711365,88.4606744173589,0.014829750145161753,45.52856517121877,84.8651884926911,3419.2086193215814
drishtiGS_030,DRISHTI,2292498,1,Glaucoma,C:/Users/TRIPU/OneDrive/Documents/ML/end sem project/Drishti-GS1_files\Drishti-GS1_files\Drishti-GS1_files\Test\Images\drishtiGS_030.png,C:/Users/TRIPU/.gemini/antigravity/scratch/glaucoma_detection\data\processed\DRISHTI\glaucoma\drishtiGS_030.png,development,1,,DRISHTI_test,False,1.140932506480083,0.710660566518865,0.3836093066221642,0.14640329859438428,0.8589903108299802,0.03821711252577953,0.31630005704863773,0.015858799120515004,0.10029722759851634,0.009909050818808654,0.960320351707161,0.024978531661390652,0.4788593021725429,127.1682760500158,1057.5129903761983,2155.2174724541655,0.19552176339285715,0.07786713632815448,80.20924475477533,0.016196129831077814,42.68440202519415,83.67574975331095,2760.072254258104
drishtiGS_034,DRISHTI,2356217,1,Glaucoma,C:/Users/TRIPU/OneDrive/Documents/ML/end sem project/Drishti-GS1_files\Drishti-GS1_files\Drishti-GS1_files\Test\Images\drishtiGS_034.png,C:/Users/TRIPU/.gemini/antigravity/scratch/glaucoma_detection\data\processed\DRISHTI\glaucoma\drishtiGS_034.png,development,4,,DRISHTI_test,True,2.0661194442178843,1.3028856715304706,0.5772328532050038,0.2226001758824865,0.8048831284222447,0.050782724598215874,0.30204936427974033,0.016913444343600464,0.09151988306135937,0.010089695818884581,0.9547499153239993,0.028892202652427586,0.5353504623504882,83.4410185582972,1324.0679335430218,3509.2486331257587,0.25802674585459184,0.056180917878095434,121.12968149577354,0.011362292835079224,68.31891231596103,62.54124071103224,2429.429713653329
drishtiGS_039,DRISHTI,2396691,1,Glaucoma,C:/Users/TRIPU/OneDrive/Documents/ML/end sem project/Drishti-GS1_files\Drishti-GS1_files\Drishti-GS1_files\Test\Images\drishtiGS_039.png,C:/Users/TRIPU/.gemini/antigravity/scratch/glaucoma_detection\data\processed\DRISHTI\glaucoma\drishtiGS_039.png,development,4,,DRISHTI_test,False,1.6744712508031367,1.0722035002661692,0.5335627600431982,0.20808125876130118,0.8089315370276355,0.0520204228477706,0.29051127634965584,0.015628769342904324,0.0846410601174798,0.008960438269443005,0.9615466425725293,0.024859265580819696,0.5258808117548166,87.82902201967283,1083.993221209484,3385.1054662352217,0.2551817602040816,0.058559048957294524,115.66686106041114,0.012147179520533853,65.99692213294585,64.10346564432162,2069.18354820548
drishtiGS_043,DRISHTI,2477980,1,Glaucoma,C:/Users/TRIPU/OneDrive/Documents/ML/end sem project/Drishti-GS1_files\Drishti-GS1_files\Drishti-GS1_files\Test\Images\drishtiGS_043.png,C:/Users/TRIPU/.gemini/antigravity/scratch/glaucoma_detection\data\processed\DRISHTI\glaucoma\drishtiGS_043.png,development,0,,DRISHTI_test,False,0.9931382664419438,0.5994357367784245,0.3348051766351498,0.12158989629061165,0.8762127143027519,0.031735229800866994,0.319987073821937,0.014026146273570178,0.10258846019241331,0.008870323279348617,0.9596886436658734,0.024602319698818178,0.4756379828607809,155.9109263522995,953.2497590468561,1904.0013215840631,0.17604532047193877,0.08734552008871924,68.16260387046731,0.0186420433341889,34.708750371240654,92.65268530280312,3266.5545278012296
drishtiGS_048,DRISHTI,2520061,1,Glaucoma,C:/Users/TRIPU/OneDrive/Documents/ML/end sem project/Drishti-GS1_files\Drishti-GS1_files\Drishti-GS1_files\Test\Images\drishtiGS_048.png,C:/Users/TRIPU/.gemini/antigravity/scratch/glaucoma_detection\data\processed\DRISHTI\glaucoma\drishtiGS_048.png,development,1,,DRISHTI_test,False,2.134543540033472,1.4432909785792671,0.4616980278079608,0.19727711593146036,0.8535975482740051,0.04219302749627984,0.3355760932226534,0.017533991865776505,0.11291875521332805,0.011616115150766685,0.9487486339685819,0.03507419290752922,0.48148513868567067,131.5094339887196,1117.31192668747,2214.8108350432367,0.19632892219387754,0.06956652980064289,124.95632095490069,0.011932444455665103,66.90484737236702,83.53447460996135,4666.384450055121
drishtiGS_050,DRISHTI,2564907,1,Glaucoma,C:/Users/TRIPU/OneDrive/Documents/ML/end sem project/Drishti-GS1_files\Drishti-GS1_files\Drishti-GS1_files\Test\Images\drishtiGS_050.png,C:/Users/TRIPU/.gemini/antigravity/scratch/glaucoma_detection\data\processed\DRISHTI\glaucoma\drishtiGS_050.png,development,2,,DRISHTI_test,False,1.8899880098727249,1.2033912074410502,0.5551456983775939,0.21416493601035597,0.8071040782780968,0.05136132194192747,0.283490501760059,0.015511879602039211,0.08060748299695823,0.008671382339448377,0.9634287826561695,0.023541420821206263,0.5252705977633243,84.61921712308548,1100.269930558414,3381.3015852731824,0.25686084980867346,0.05671810255744006,130.21837116097078,0.011554747729126177,70.7180276021174,62.71383503535066,2366.995976236216
drishtiGS_052,DRISHTI,2575322,1,Glaucoma,C:/Users/TRIPU/OneDrive/Documents/ML/end sem project/Drishti-GS1_files\Drishti-GS1_files\Drishti-GS1_files\Test\Images\drishtiGS_052.png,C:/Users/TRIPU/.gemini/antigravity/scratch/glaucoma_detection\data\processed\DRISHTI\glaucoma\drishtiGS_052.png,development,0,,DRISHTI_test,False,0.8257081868826667,0.4988473479779864,0.35979845364858853,0.12484468683326941,0.857274667249046,0.0351655647067303,0.3579433883200005,0.01576084569583639,0.12837187349905063,0.011170567687239225,0.9538690284309735,0.027982769486743202,0.5051183886513154,126.00649187425375,1473.3896356745804,2491.842898912169,0.2045001594387755,0.08952823928391654,52.72544611222803,0.023532369430247876,31.384556705777094,81.24236305235165,1366.1635756057112
drishtiGS_053,DRISHTI,2575322,1,Glaucoma,C:/Users/TRIPU/OneDrive/Documents/ML/end sem project/Drishti-GS1_files\Drishti-GS1_files\Drishti-GS1_files\Test\Images\drishtiGS_053.png,C:/Users/TRIPU/.gemini/antigravity/scratch/glaucoma_detection\data\processed\DRISHTI\glaucoma\drishtiGS_053.png,development,0,,DRISHTI_test,False,2.0861821272189363,1.2778842420214633,0.6204815349715228,0.21991094058387117,0.7849155908688666,0.049296217029860374,0.2969899482111641,0.015777744659826443,0.08845196656502063,0.009258075576010686,0.9577682745625705,0.02617747574602399,0.5627763142753047,69.09390692489322,1447.321080903601,4437.6305074220645,0.29544005102040816,0.05009196491223778,129.7875605122667,0.010697164668532827,77.94595467024496,54.580850414435176,1684.4224756423105
drishtiGS_054,DRISHTI,2598343,1,Glaucoma,C:/Users/TRIPU/OneDrive/Documents/ML/end sem project/Drishti-GS1_files\Drishti-GS1_files\Drishti-GS1_files\Test\Images\drishtiGS_054.png,C:/Users/TRIPU/.gemini/antigravity/scratch/glaucoma_detection\data\processed\DRISHTI\glaucoma\drishtiGS_054.png,development,2,,DRISHTI_test,False,2.3523637053377904,1.4538282708791137,0.6145031007444639,0.22399289621937968,0.7912921564107634,0.04963993546602949,0.2892129541188029,0.015347056060909121,0.08387966495986145,0.008771810346339306,0.9496427520124122,0.03150168030207057,0.5564317321819436,73.97768001008251,1349.3778150231615,4192.8079332961215,0.28475765306122447,0.0514672656308185,127.25623473155821,0.010663293059533422,75.02473738410605,57.00362313445737,1764.6188182851033
drishtiGS_055,DRISHTI,2598343,1,Glaucoma,C:/Users/TRIPU/OneDrive/Documents/ML/end sem project/Drishti-GS1_files\Drishti-GS1_files\Drishti-GS1_files\Test\Images\drishtiGS_055.png,C:/Users/TRIPU/.gemini/antigravity/scratch/glaucoma_detection\data\processed\DRISHTI\glaucoma\drishtiGS_055.png,development,2,,DRISHTI_test,False,1.882135101118071,1.2406302576702066,0.42696381558774327,0.1767510608280614,0.8621702148998508,0.038537314456565386,0.4388727574937397,0.014339190386407453,0.19281490965109657,0.012484952503346526,0.9666566210250188,0.022051873830877148,0.477409229236076,209.2263631359662,1278.9587587940864,2057.5798619089765,0.1858806999362245,0.07089828006653838,129.9987111663918,0.010048000505106153,66.81364678256719,182.50294809968045,3583.242419584031
drishtiGS_056,DRISHTI,2617454,1,Glaucoma,C:/Users/TRIPU/OneDrive/Documents/ML/end sem project/Drishti-GS1_files\Drishti-GS1_files\Drishti-GS1_files\Test\Images\drishtiGS_056.png,C:/Users/TRIPU/.gemini/antigravity/scratch/glaucoma_detection\data\processed\DRISHTI\glaucoma\drishtiGS_056.png,development,2,,DRISHTI_test,True,1.8087353408041364,1.122526138611513,0.5263343545766612,0.19982052763785652,0.8159157404871854,0.04863539443924959,0.30686466667751017,0.017176582808498982,0.09446095865207664,0.01040802502067507,0.9489286711511475,0.03213540034752045,0.5140713094478072,89.21998632658965,1473.3761873544122,3167.156406761782,0.24916294642857145,0.0600190418955283,96.05719933949773,0.012714883959220585,50.40497588714171,66.55510734073852,2076.597219589555
drishtiGS_059,DRISHTI,2682713,1,Glaucoma,C:/Users/TRIPU/OneDrive/Documents/ML/end sem project/Drishti-GS1_files\Drishti-GS1_files\Drishti-GS1_files\Test\Images\drishtiGS_059.png,C:/Users/TRIPU/.gemini/antigravity/scratch/glaucoma_detection\data\processed\DRISHTI\glaucoma\drishtiGS_059.png,development,3,,DRISHTI_test,False,1.1086839859335964,0.6833344916908595,0.3955153819072204,0.14636970409007136,0.8524039921055433,0.03840079829917359,0.31074228637545576,0.015039241577252458,0.09678694732906468,0.009234051958287927,0.9639141951825652,0.022485777719970144,0.4959183327036096,122.87688777495353,1041.216260067255,2436.127080258649,0.20628388073979592,0.07306040068911795,85.13206936758723,0.015437870113089383,45.32000241678308,80.37634566069072,2713.1702705791786
drishtiGS_065,DRISHTI,2708535,1,Glaucoma,C:/Users/TRIPU/OneDrive/Documents/ML/end sem project/Drishti-GS1_files\Drishti-GS1_files\Drishti-GS1_files\Test\Images\drishtiGS_065.png,C:/Users/TRIPU/.gemini/antigravity/scratch/glaucoma_detection\data\processed\DRISHTI\glaucoma\drishtiGS_065.png,development,1,,DRISHTI_test,False,0.9000953827169117,0.4997920616338245,0.41369653781800103,0.1374175116498244,0.8335629943977639,0.04090763955538033,0.30128527291061924,0.01498677368314229,0.09099741905825602,0.008919198823311362,0.9590593268136991,0.022814628780710826,0.5202392878708184,98.9310761075748,1124.6858465606801,3030.1116001301825,0.2344497369260204,0.08848221938925799,57.0598172314989,0.025424122370295753,34.239161597365936,69.84394478632966,1017.2372066703148
drishtiGS_067,DRISHTI,2737392,1,Glaucoma,C:/Users/TRIPU/OneDrive/Documents/ML/end sem project/Drishti-GS1_files\Drishti-GS1_files\Drishti-GS1_files\Test\Images\drishtiGS_067.png,C:/Users/TRIPU/.gemini/antigravity/scratch/glaucoma_detection\data\processed\DRISHTI\glaucoma\drishtiGS_067.png,development,0,,DRISHTI_test,False,2.5677344022305904,1.6222214292222081,0.5806524939114475,0.22677075641293298,0.8063527723553395,0.05075317761882882,0.31299438548257813,0.016919249502950488,0.09825174634735978,0.010464421887008747,0.9286955628658302,0.04547893510711368,0.5277565818582434,82.7515578927467,1426.4092118829908,3577.130961656292,0.2638462611607143,0.05877682979556655,99.12782940801753,0.012941832789951209,57.50671220389334,61.65564291304322,1585.7172185642062
drishtiGS_070,DRISHTI,2763334,1,Glaucoma,C:/Users/TRIPU/OneDrive/Documents/ML/end sem project/Drishti-GS1_files\Drishti-GS1_files\Drishti-GS1_files\Test\Images\drishtiGS_070.png,C:/Users/TRIPU/.gemini/antigravity/scratch/glaucoma_detection\data\processed\DRISHTI\glaucoma\drishtiGS_070.png,development,3,,DRISHTI_test,False,2.145089634684551,1.3556008255830874,0.579370742238701,0.2252137551884583,0.8067411055313928,0.05070092783185681,0.32009338299609796,0.018896905763847373,0.10281686688533441,0.01194350520848734,0.9410747258713368,0.037750606975555163,0.5326039512290305,84.17328062379656,1709.8096888742482,3447.2683342036703,0.25600386639030615,0.05830955220819954,100.7383883314545,0.012468185594568365,56.67695745419306,62.50456124747581,2116.3519979615794
drishtiGS_071,DRISHTI,2763334,1,Glaucoma,C:/Users/TRIPU/OneDrive/Documents/ML/end sem project/Drishti-GS1_files\Drishti-GS1_files\Drishti-GS1_files\Test\Images\drishtiGS_071.png,C:/Users/TRIPU/.gemini/antigravity/scratch/glaucoma_detection\data\processed\DRISHTI\glaucoma\drishtiGS_071.png,development,3,,DRISHTI_test,False,2.6418294396424584,1.6555294619830614,0.6174543129624405,0.24644758091763225,0.7960952727036522,0.05633495548937509,0.29836367652919654,0.01653072264291821,0.0892941482631161,0.009737334820870169,0.9322494750607476,0.04286603000403775,0.5271754158367531,81.33128418201842,1232.3641013678123,3597.1477993727576,0.26712472098214285,0.05845265597089763,101.52801853566316,0.013121730116791873,57.18402908780731,60.613224779797584,1571.1534201958207
drishtiGS_072,DRISHTI,2769581,0,Normal,C:/Users/TRIPU/OneDrive/Documents/ML/end sem project/Drishti-GS1_files\Drishti-GS1_files\Drishti-GS1_files\Test\Images\drishtiGS_072.png,C:/Users/TRIPU/.gemini/antigravity/scratch/glaucoma_detection\data\processed\DRISHTI\normal\drishtiGS_072.png,development,4,,DRISHTI_test,False,1.331018423858703,0.8321582658312399,0.4586327275798821,0.1664168988708091,0.8313774410754134,0.04194205452648271,0.329217165501359,0.016598278431134924,0.10865944490762665,0.010812495016218041,0.9534072716884393,0.029537934892211657,0.5217256054106623,97.7634352447198,1477.193121915099,3040.755997307614,0.23433514030612243,0.06473120793973733,81.85048624900526,0.014014858622984922,44.43258045460404,67.50517718181923,2251.5188952170574
drishtiGS_073,DRISHTI,2796817,1,Glaucoma,C:/Users/TRIPU/OneDrive/Documents/ML/end sem project/Drishti-GS1_files\Drishti-GS1_files\Drishti-GS1_files\Test\Images\drishtiGS_073.png,C:/Users/TRIPU/.gemini/antigravity/scratch/glaucoma_detection\data\processed\DRISHTI\glaucoma\drishtiGS_073.png,development,3,,DRISHTI_test,False,2.7713255312292886,1.7594526129985755,0.6460802092840496,0.2377226248987259,0.7947512260777173,0.04563747439544064,0.31221915653441706,0.014842833609002152,0.09770111141660731,0.0091603223849119,0.9613855161162567,0.024798763734076537,0.5669191530152357,83.05267975803508,1278.07746968696,4288.762689817483,0.2822514748086734,0.049371361213162476,184.06432499429465,0.007959257490393192,109.64839126276054,67.39753550203525,2572.373181236274
drishtiGS_074,DRISHTI,2797768,1,Glaucoma,C:/Users/TRIPU/OneDrive/Documents/ML/end sem project/Drishti-GS1_files\Drishti-GS1_files\Drishti-GS1_files\Test\Images\drishtiGS_074.png,C:/Users/TRIPU/.gemini/antigravity/scratch/glaucoma_detection\data\processed\DRISHTI\glaucoma\drishtiGS_074.png,development,3,,DRISHTI_test,False,2.050952783804979,1.340767429582517,0.4626493085674943,0.19042861756990304,0.8514982920705699,0.042411858445138326,0.3454613725727586,0.01912143434376057,0.11970918919121709,0.01305338651575091,0.9487136246974095,0.034003425792975606,0.4508192392480556,118.78654033959569,1361.389953872039,1992.1703322177423,0.19960738201530612,0.06909354300467234,112.49007714495738,0.011870967771854783,54.09286237516118,81.18657272400085,4023.721074428845
drishtiGS_077,DRISHTI,2804213,1,Glaucoma,C:/Users/TRIPU/OneDrive/Documents/ML/end sem project/Drishti-GS1_files\Drishti-GS1_files\Drishti-GS1_files\Test\Images\drishtiGS_077.png,C:/Users/TRIPU/.gemini/antigravity/scratch/glaucoma_detection\data\processed\DRISHTI\glaucoma\drishtiGS_077.png,development,3,,DRISHTI_test,False,1.4405132645523215,0.8723964253332605,0.510740636434349,0.18495812874594753,0.8133076962329905,0.04654261075024983,0.30269152742479716,0.01574270339125112,0.09186999348482167,0.009417075025683093,0.9619682879209731,0.02321112060991753,0.5373218175139599,89.24577269001405,1175.4412374444005,3484.427288538875,0.2532934072066327,0.06176745576562148,101.64071462846888,0.013962732711464676,61.674036734843234,64.97944869858104,1722.6393862437162
drishtiGS_078,DRISHTI,2804233,0,Normal,C:/Users/TRIPU/OneDrive/Documents/ML/end sem project/Drishti-GS1_files\Drishti-GS1_files\Drishti-GS1_files\Test\Images\drishtiGS_078.png,C:/Users/TRIPU/.gemini/antigravity/scratch/glaucoma_detection\data\processed\DRISHTI\normal\drishtiGS_078.png,development,2,,DRISHTI_test,False,1.5030809490372297,0.8545808098251089,0.5608043574998641,0.19478039229364608,0.7921311732452855,0.0511336218113573,0.2877123746870483,0.015425379807843642,0.08301635289027669,0.008765064685803311,0.9583149193460341,0.023913598400424455,0.5521914198149145,75.49598015118525,1248.1014098845371,4074.7148825643008,0.2804378587372449,0.05852404195924902,94.54612471980407,0.01438814321549572,56.4740620105066,57.04619284683035,1251.693109833202
drishtiGS_079,DRISHTI,2816193,1,Glaucoma,C:/Users/TRIPU/OneDrive/Documents/ML/end sem project/Drishti-GS1_files\Drishti-GS1_files\Drishti-GS1_files\Test\Images\drishtiGS_079.png,C:/Users/TRIPU/.gemini/antigravity/scratch/glaucoma_detection\data\processed\DRISHTI\glaucoma\drishtiGS_079.png,development,2,,DRISHTI_test,False,3.6770352415160628,2.326137147908627,0.6723225830290427,0.26244803309326387,0.8000697062287981,0.0506880420989236,0.30981780037492007,0.01686409905215309,0.09627146726599466,0.010328119861389718,0.9339611657193144,0.04238361441944289,0.5255932920441058,79.50278820234598,1601.7557342632929,3550.9085034171603,0.26779735331632654,0.05153572868814191,150.01471263518994,0.009239955804680886,82.40167080209476,59.91145299741586,2694.0633619189684
drishtiGS_082,DRISHTI,2827617,1,Glaucoma,C:/Users/TRIPU/OneDrive/Documents/ML/end sem project/Drishti-GS1_files\Drishti-GS1_files\Drishti-GS1_files\Test\Images\drishtiGS_082.png,C:/Users/TRIPU/.gemini/antigravity/scratch/glaucoma_detection\data\processed\DRISHTI\glaucoma\drishtiGS_082.png,development,1,,DRISHTI_test,False,1.1713544243912755,0.7054497939311182,0.40051823329704944,0.14247896879709332,0.8531732347073819,0.03584365398692819,0.3813434026746112,0.017497043924069738,0.1457289373095315,0.013216996555082147,0.9518449503626668,0.029388569064423452,0.4920417761892908,115.50770835327224,1772.247872669439,2427.6603482512323,0.20920858577806123,0.07307214486160338,74.2725573805802,0.015464665226888606,41.52357207425436,78.6204656716421,2315.0876888454245
drishtiGS_083,DRISHTI,2828224,1,Glaucoma,C:/Users/TRIPU/OneDrive/Documents/ML/end sem project/Drishti-GS1_files\Drishti-GS1_files\Drishti-GS1_files\Test\Images\drishtiGS_083.png,C:/Users/TRIPU/.gemini/antigravity/scratch/glaucoma_detection\data\processed\DRISHTI\glaucoma\drishtiGS_083.png,development,2,,DRISHTI_test,False,1.528907457380404,0.915118932403845,0.49872946980651345,0.1714184544937254,0.8210896872838398,0.0401978655676063,0.3021283822909051,0.014426121815639044,0.09148967237635897,0.00861582931955413,0.9643521371197404,0.02153401965544996,0.5428971647690284,90.13865871593929,1169.8230597866736,3522.910876802892,0.25191326530612246,0.05946773196068611,115.07272952635408,0.012637262143802674,68.62134648463805,64.8802194744788,2068.7413915818747
drishtiGS_085,DRISHTI,2829822,0,Normal,C:/Users/TRIPU/OneDrive/Documents/ML/end sem project/Drishti-GS1_files\Drishti-GS1_files\Drishti-GS1_files\Test\Images\drishtiGS_085.png,C:/Users/TRIPU/.gemini/antigravity/scratch/glaucoma_detection\data\processed\DRISHTI\normal\drishtiGS_085.png,development,1,,DRISHTI_test,True,2.2225547626753523,1.3991681473027893,0.6095426165954034,0.22387349445927912,0.7974171402114775,0.04648342735158756,0.3062569141215356,0.015462897131972193,0.09403239863495959,0.009363102365998058,0.9566741270997235,0.027587993073826984,0.5667888461707014,78.21609661296162,1384.3417218971454,4178.767555557586,0.2755749760841837,0.0525388978822224,139.48772078241214,0.01096284154445954,84.13653959836165,57.893308543262776,2247.5043738813647
drishtiGS_086,DRISHTI,2835701,1,Glaucoma,C:/Users/TRIPU/OneDrive/Documents/ML/end sem project/Drishti-GS1_files\Drishti-GS1_files\Drishti-GS1_files\Test\Images\drishtiGS_086.png,C:/Users/TRIPU/.gemini/antigravity/scratch/glaucoma_detection\data\processed\DRISHTI\glaucoma\drishtiGS_086.png,development,3,,DRISHTI_test,False,1.9967858558359664,1.1498285552227863,0.6114454065007944,0.2128865948606951,0.7873114038901048,0.05037796975006769,0.277714368907893,0.01385916267019624,0.07731734708782824,0.007594255841680067,0.9616625257645111,0.02222666025301133,0.5644582583502848,73.8873315979119,1098.7245709970553,4331.53382896083,0.2869897959183674,0.05563809864219375,123.83405454893686,0.012945126954792328,75.28080013939004,56.02485305122208,1383.6104237071736
drishtiGS_087,DRISHTI,2839795,1,Glaucoma,C:/Users/TRIPU/OneDrive/Documents/ML/end sem project/Drishti-GS1_files\Drishti-GS1_files\Drishti-GS1_files\Test\Images\drishtiGS_087.png,C:/Users/TRIPU/.gemini/antigravity/scratch/glaucoma_detection\data\processed\DRISHTI\glaucoma\drishtiGS_087.png,development,0,,DRISHTI_test,False,1.372608927875822,0.8380843275441859,0.4895225481461533,0.1764606229280964,0.8186079207061607,0.045060879008387976,0.3038014488434802,0.016194777520642658,0.09255759113834083,0.009718150881933727,0.9656751778304139,0.021185744193585803,0.5174061722534659,86.1116506963038,1317.938300278812,3228.737034199208,0.2515196508290817,0.060135537106249075,106.14590417351312,0.012872415062868629,60.37946757984925,63.7376200684679,2043.7012807128995
drishtiGS_091,DRISHTI,2864740,0,Normal,C:/Users/TRIPU/OneDrive/Documents/ML/end sem project/Drishti-GS1_files\Drishti-GS1_files\Drishti-GS1_files\Test\Images\drishtiGS_091.png,C:/Users/TRIPU/.gemini/antigravity/scratch/glaucoma_detection\data\processed\DRISHTI\normal\drishtiGS_091.png,development,4,,DRISHTI_test,False,1.5971422379414377,0.8832643415658067,0.5195258520851224,0.17165366670040608,0.8115836279989969,0.04320756173732362,0.28704861114595626,0.013906118586013979,0.08259028529495069,0.007879676290112676,0.9599534922127315,0.022331701218654777,0.5479438768718492,83.3722135947056,1075.3156506615335,3738.198481331251,0.26332808514030615,0.06237294716884367,98.61135716205641,0.014984833377966165,58.262416134466775,62.18119930268732,1482.375683230793
drishtiGS_093,DRISHTI,2864766,0,Normal,C:/Users/TRIPU/OneDrive/Documents/ML/end sem project/Drishti-GS1_files\Drishti-GS1_files\Drishti-GS1_files\Test\Images\drishtiGS_093.png,C:/Users/TRIPU/.gemini/antigravity/scratch/glaucoma_detection\data\processed\DRISHTI\normal\drishtiGS_093.png,development,3,,DRISHTI_test,False,1.927763387720548,1.121522853004079,0.5393375265509232,0.19159816514450398,0.8107676024247569,0.046816949668461665,0.28031115025098247,0.013245607496687416,0.07874978707298518,0.0073230829864649885,0.9632885517013497,0.02148205186952024,0.5505619092380485,91.3492373836206,912.7739196586549,3715.064503984031,0.2588837292729592,0.06086259151774309,124.2542166661252,0.01365518531127502,73.2757217924914,64.48712786150529,1749.5591699809788
drishtiGS_095,DRISHTI,2864781,0,Normal,C:/Users/TRIPU/OneDrive/Documents/ML/end sem project/Drishti-GS1_files\Drishti-GS1_files\Drishti-GS1_files\Test\Images\drishtiGS_095.png,C:/Users/TRIPU/.gemini/antigravity/scratch/glaucoma_detection\data\processed\DRISHTI\normal\drishtiGS_095.png,development,4,,DRISHTI_test,False,1.9186369120979414,1.0797070847134205,0.6015508294655315,0.20516132818225782,0.7887710056379293,0.04917390853520321,0.2872200272042937,0.014570138407989656,0.08270763296046317,0.008263608809960368,0.9546499977601436,0.025748657016706013,0.5614853018163076,73.271741306729,1135.6782294818054,4298.107325234343,0.28761260363520413,0.054519751266867575,110.28076037497576,0.012441650121033779,67.47812941150202,56.81172777850194,1307.6627592829207
drishtiGS_096,DRISHTI,2864804,0,Normal,C:/Users/TRIPU/OneDrive/Documents/ML/end sem project/Drishti-GS1_files\Drishti-GS1_files\Drishti-GS1_files\Test\Images\drishtiGS_096.png,C:/Users/TRIPU/.gemini/antigravity/scratch/glaucoma_detection\data\processed\DRISHTI\normal\drishtiGS_096.png,development,1,,DRISHTI_test,False,1.76930414806262,1.0944857993331685,0.472106461142471,0.17782828035590337,0.8389973604956754,0.04145749760897024,0.32837042523138166,0.017008613937839617,0.1081164291147249,0.011041580272616402,0.9480025458083975,0.03265120361143,0.4976257366329838,106.48233079015807,1525.906481876503,2655.04811662405,0.22309968909438777,0.06409126744793997,96.66761462195626,0.012155782943790296,49.924015369157004,75.26671275090727,2782.3126669413878
drishtiGS_097,DRISHTI,2864821,0,Normal,C:/Users/TRIPU/OneDrive/Documents/ML/end sem project/Drishti-GS1_files\Drishti-GS1_files\Drishti-GS1_files\Test\Images\drishtiGS_097.png,C:/Users/TRIPU/.gemini/antigravity/scratch/glaucoma_detection\data\processed\DRISHTI\normal\drishtiGS_097.png,development,2,,DRISHTI_test,False,2.1113915423487355,1.2238036303116375,0.622223854413598,0.21636511771321457,0.7874269451882804,0.04819399229721455,0.2859365255218936,0.014119033674846921,0.08195904373944395,0.007971017199566407,0.9545264510764921,0.0265725197346472,0.5808945144149879,76.01768448855054,1165.4518616328246,4582.568817826003,0.2884097975127551,0.05347513640696128,119.0307067574285,0.01200253991570642,74.88590603624628,57.140421545554105,1478.0004615137896
drishtiGS_099,DRISHTI,2864831,0,Normal,C:/Users/TRIPU/OneDrive/Documents/ML/end sem project/Drishti-GS1_files\Drishti-GS1_files\Drishti-GS1_files\Test\Images\drishtiGS_099.png,C:/Users/TRIPU/.gemini/antigravity/scratch/glaucoma_detection\data\processed\DRISHTI\normal\drishtiGS_099.png,development,4,,DRISHTI_test,False,1.2985614401482637,0.7555910578352463,0.49163931743239675,0.17226201419601617,0.813728326070217,0.0465142145798918,0.296622981988469,0.015261474725391262,0.08821810605452539,0.008942069934914004,0.9556793037101173,0.02594012212895309,0.5345163411078827,88.23467115725995,1296.0624426426368,3514.096111535504,0.2573142538265306,0.06853144116528274,75.14379552828609,0.017338700611439602,45.01359297141845,64.68861843717953,1142.7072667656266
drishtiGS_100,DRISHTI,2864841,0,Normal,C:/Users/TRIPU/OneDrive/Documents/ML/end sem project/Drishti-GS1_files\Drishti-GS1_files\Drishti-GS1_files\Test\Images\drishtiGS_100.png,C:/Users/TRIPU/.gemini/antigravity/scratch/glaucoma_detection\data\processed\DRISHTI\normal\drishtiGS_100.png,development,0,,DRISHTI_test,False,2.3534706566422754,1.332652593902344,0.689235052507016,0.23762069434932148,0.7660545077141464,0.052735569830473526,0.281894763734105,0.014330401067210166,0.07967001821545398,0.007973093368156594,0.9528800538625779,0.02692870781301451,0.5862401651990387,64.31449337991683,1185.7530832363373,5133.776767169347,0.31667032047193877,0.049119464220188105,125.8408085064499,0.011405743526869312,78.59315836910632,51.690583127804096,1240.2678861594588
HRF_01_g,HRF,HRF_01,1,Glaucoma,C:/Users/TRIPU/OneDrive/Documents/ML/end sem project/HRF Dataset\images\01_g.jpg,C:/Users/TRIPU/.gemini/antigravity/scratch/glaucoma_detection\data\processed\HRF\glaucoma\HRF_01_g.png,external_test,-1,,HRF_primary,False,3.254633912566782,1.9159501990712307,0.6247714079200247,0.22473371703565095,0.8100253440749112,0.04386646766795067,0.4039009520776406,0.013182197616016966,0.1633097494232122,0.0105484069696007,0.9615833963596034,0.022744624942671637,0.5434826963722763,141.79849006595487,1453.3777498168483,3607.098190876296,0.2548080755739796,0.0516053671980559,187.85325939726158,0.005124078971409471,105.39298720163904,130.32021769886398,2347.2801949018613
HRF_01_h,HRF,HRF_01,0,Normal,C:/Users/TRIPU/OneDrive/Documents/ML/end sem project/HRF Dataset\images\01_h.jpg,C:/Users/TRIPU/.gemini/antigravity/scratch/glaucoma_detection\data\processed\HRF\normal\HRF_01_h.png,external_test,-1,,HRF_primary,False,4.098640071668069,2.152482856557286,0.8115385153570162,0.25801450289867134,0.7646431110539053,0.04564548231792038,0.3942083730449519,0.011935998913751723,0.155542709448817,0.009318065370314217,0.9617678366383634,0.020187320014113337,0.6279373817266044,111.13206175242192,1275.7699932557516,5796.454291407928,0.31350147480867346,0.04235437274278333,235.9404893909078,0.004678535402365413,154.29683837325467,104.14502899011609,1670.8303003545375
HRF_02_g,HRF,HRF_02,1,Glaucoma,C:/Users/TRIPU/OneDrive/Documents/ML/end sem project/HRF Dataset\images\02_g.jpg,C:/Users/TRIPU/.gemini/antigravity/scratch/glaucoma_detection\data\processed\HRF\glaucoma\HRF_02_g.png,external_test,-1,,HRF_primary,False,3.2300028344653327,1.8978863192967836,0.6520771756747493,0.231096734296151,0.8000673333371066,0.04514429526369414,0.4016293930657548,0.012977310023624565,0.16147457994981576,0.010324478030400501,0.9616747952262603,0.02264379995313547,0.5654990075659652,134.2895209545812,1446.1952385335262,4055.8001590971257,0.2666962292729592,0.049871222152888986,184.38188596619295,0.005395049364256388,105.83772421598965,123.63782134760422,2174.2915488796552
HRF_02_h,HRF,HRF_02,0,Normal,C:/Users/TRIPU/OneDrive/Documents/ML/end sem project/HRF Dataset\images\02_h.jpg,C:/Users/TRIPU/.gemini/antigravity/scratch/glaucoma_detection\data\processed\HRF\normal\HRF_02_h.png,external_test,-1,,HRF_primary,False,4.587285564541379,2.449217549229289,0.8948832845977228,0.2784164259762776,0.7426822360737253,0.04596092203658613,0.3934176844541832,0.011755304830756087,0.15491566163295523,0.009161379035158432,0.9586129431354643,0.02222415027193551,0.6529712877663834,100.6474724932489,1498.109596117946,6867.0406410756805,0.3431371572066326,0.03885731097409967,242.43207536727357,0.004514110935134848,163.14611652313476,95.36328468193936,1371.5173565306789
HRF_03_g,HRF,HRF_03,1,Glaucoma,C:/Users/TRIPU/OneDrive/Documents/ML/end sem project/HRF Dataset\images\03_g.jpg,C:/Users/TRIPU/.gemini/antigravity/scratch/glaucoma_detection\data\processed\HRF\glaucoma\HRF_03_g.png,external_test,-1,,HRF_primary,False,2.7773737847631215,1.6935411405660632,0.5008933715742783,0.19952902634297434,0.8498004653194674,0.03994417725102166,0.41147986458648633,0.013826862523094698,0.1695068610873457,0.011267968700474194,0.9686017057894388,0.019254611771100074,0.4787160264879776,188.8443249393384,1153.5956989461233,2249.117748552102,0.20112703284438777,0.06366538262413252,192.73269322034196,0.005224250566181213,96.31564609090765,167.4342257242105,4549.741178488188
HRF_03_h,HRF,HRF_03,0,Normal,C:/Users/TRIPU/OneDrive/Documents/ML/end sem project/HRF Dataset\images\03_h.jpg,C:/Users/TRIPU/.gemini/antigravity/scratch/glaucoma_detection\data\processed\HRF\normal\HRF_03_h.png,external_test,-1,,HRF_primary,False,2.9460472848956667,1.594260209697952,0.699615550316461,0.23107892924624707,0.7811005862273387,0.04642143237474121,0.39473454859079177,0.012070639046228368,0.15596106417816044,0.009433258380939462,0.9665387941482954,0.01818562705379312,0.6067886858362945,121.07001310220966,1104.065778363283,5040.910878716282,0.29141920440051017,0.04666261030074663,197.27838306431033,0.00561616539526946,127.4350390822312,112.31438981970382,1601.7408071627724
HRF_04_g,HRF,HRF_04,1,Glaucoma,C:/Users/TRIPU/OneDrive/Documents/ML/end sem project/HRF Dataset\images\04_g.jpg,C:/Users/TRIPU/.gemini/antigravity/scratch/glaucoma_detection\data\processed\HRF\glaucoma\HRF_04_g.png,external_test,-1,,HRF_primary,False,2.777691368572199,1.69237598487019,0.5641237288209201,0.21089945258337695,0.8233049767300228,0.04343046271585978,0.40421511142180955,0.01314590609876242,0.16356267114890338,0.010527074680085815,0.9705556664540481,0.018037034284625844,0.513755907505176,152.95005862704312,1335.7320171589004,3049.8990958620225,0.23805703922193877,0.05446429732606062,204.20447817707299,0.004905502097567768,108.14486536530265,139.8453971920429,2995.8766502795384
HRF_04_h,HRF,HRF_04,0,Normal,C:/Users/TRIPU/OneDrive/Documents/ML/end sem project/HRF Dataset\images\04_h.jpg,C:/Users/TRIPU/.gemini/antigravity/scratch/glaucoma_detection\data\processed\HRF\normal\HRF_04_h.png,external_test,-1,,HRF_primary,False,3.056847714576403,1.663273185698465,0.731714859697977,0.24249284756264072,0.7701927948268632,0.04904007138639169,0.39240233627974036,0.011792533852391058,0.15411865737245825,0.009161850249255823,0.9681385135419532,0.017408809969873703,0.6133232282837241,115.09493629339512,1093.3903709333952,5386.595579578325,0.30448820153061223,0.044673634324238376,211.91171872748475,0.0054193112186736,137.8709640948291,107.69208350547905,1503.619380866735
HRF_05_g,HRF,HRF_05,1,Glaucoma,C:/Users/TRIPU/OneDrive/Documents/ML/end sem project/HRF Dataset\images\05_g.jpg,C:/Users/TRIPU/.gemini/antigravity/scratch/glaucoma_detection\data\processed\HRF\glaucoma\HRF_05_g.png,external_test,-1,,HRF_primary,False,2.507380574257074,1.4564518233129455,0.561622358016502,0.2052610617502398,0.8231266420581392,0.044206947411558534,0.4018272438493087,0.013075811505485842,0.16163611074605877,0.010403937806739497,0.9682333182562988,0.018547480416192436,0.5207684414990008,156.5868545510082,1130.314999847081,3047.68271410561,0.2334881218112245,0.056681624819991644,174.03135151977006,0.005715048354671482,94.29722938859285,141.95262412655768,2681.252369445873
HRF_05_h,HRF,HRF_05,0,Normal,C:/Users/TRIPU/OneDrive/Documents/ML/end sem project/HRF Dataset\images\05_h.jpg,C:/Users/TRIPU/.gemini/antigravity/scratch/glaucoma_detection\data\processed\HRF\normal\HRF_05_h.png,external_test,-1,,HRF_primary,False,2.8031068313058856,1.6049475485243274,0.6259889000416906,0.22385079547391454,0.8042976477172874,0.047819502300480626,0.39656304249163093,0.012584300945635929,0.15742061130050952,0.009881243998730117,0.9690722530690142,0.017793244535481097,0.5417423031779764,141.52107954375296,1083.997678707896,3586.2843934719394,0.254753268494898,0.05194091523924155,196.8604261538674,0.005318592759090828,110.71719484224435,129.99456173666135,2353.240025426431
HRF_06_g,HRF,HRF_06,1,Glaucoma,C:/Users/TRIPU/OneDrive/Documents/ML/end sem project/HRF Dataset\images\06_g.jpg,C:/Users/TRIPU/.gemini/antigravity/scratch/glaucoma_detection\data\processed\HRF\glaucoma\HRF_06_g.png,external_test,-1,,HRF_primary,False,2.860922738109188,1.695214211515863,0.6113081537468924,0.2237437336666443,0.810078455647962,0.047143956705114363,0.39765749802174377,0.012711055638834743,0.15829305666836666,0.010009071638028217,0.9678509764844252,0.019141249763213655,0.5346047019620097,145.19139524824465,1106.2812166366302,3405.07195972334,0.2484604193239796,0.05313158070412097,194.66896823421322,0.005331965023924106,108.08677493493391,132.98175551906266,2463.3455176393886
HRF_06_h,HRF,HRF_06,0,Normal,C:/Users/TRIPU/OneDrive/Documents/ML/end sem project/HRF Dataset\images\06_h.jpg,C:/Users/TRIPU/.gemini/antigravity/scratch/glaucoma_detection\data\processed\HRF\normal\HRF_06_h.png,external_test,-1,,HRF_primary,False,3.213839942161203,1.775903550651873,0.7200572189251425,0.23806110376523992,0.778586468206894,0.04763464335032907,0.3953491510294873,0.012173272602906512,0.15644913978560096,0.00953064740102065,0.9656099450031154,0.01910243233140721,0.5929186081926956,121.15910046034675,1316.4243850187472,4830.523044624999,0.291259765625,0.04609506931240393,199.7939540560323,0.005314303071674674,120.77083885883354,113.07647982892975,1823.0575600618959
HRF_07_g,HRF,HRF_07,1,Glaucoma,C:/Users/TRIPU/OneDrive/Documents/ML/end sem project/HRF Dataset\images\07_g.jpg,C:/Users/TRIPU/.gemini/antigravity/scratch/glaucoma_detection\data\processed\HRF\glaucoma\HRF_07_g.png,external_test,-1,,HRF_primary,False,3.2959305347419963,1.8803821200075228,0.7140916199564834,0.24283462337193298,0.77734584653821,0.047660300975458474,0.3953790573998686,0.012205736161050027,0.1564735790256418,0.009558678854370218,0.9639990936755422,0.02064479360223616,0.5949130166922897,117.29572160055355,1379.8226007779447,5056.217528662743,0.2998445471938776,0.044727350490753534,202.2181240861142,0.005077032736321938,124.6512705029925,109.63424895684237,1614.6726666167237
HRF_07_h,HRF,HRF_07,0,Normal,C:/Users/TRIPU/OneDrive/Documents/ML/end sem project/HRF Dataset\images\07_h.jpg,C:/Users/TRIPU/.gemini/antigravity/scratch/glaucoma_detection\data\processed\HRF\normal\HRF_07_h.png,external_test,-1,,HRF_primary,False,2.9818221643073017,1.7307403550493656,0.6291713717115267,0.2218728766353078,0.8044372893343752,0.04437370538579735,0.3986879539252604,0.012517917819415136,0.15910878287164423,0.00988347186406827,0.9701384416595622,0.017423021188710686,0.559215325947754,135.97056213019397,1201.831747682463,3925.7923593383134,0.26333805006377553,0.04986744545412854,217.72063552252325,0.005018827985948236,126.61549436126998,125.18095315106693,2476.9354564730475
HRF_08_g,HRF,HRF_08,1,Glaucoma,C:/Users/TRIPU/OneDrive/Documents/ML/end sem project/HRF Dataset\images\08_g.jpg,C:/Users/TRIPU/.gemini/antigravity/scratch/glaucoma_detection\data\processed\HRF\glaucoma\HRF_08_g.png,external_test,-1,,HRF_primary,False,4.105691280713219,2.4212106908138393,0.8148259836327755,0.27653678067958976,0.7523095111130944,0.05053058790460121,0.3953390255647245,0.012132867544583571,0.15644015160932034,0.009502162561679897,0.961577472390342,0.02277816391464487,0.6267248301509406,104.08398659345752,1598.1446633509663,6160.7403295434215,0.33115931919642855,0.04021443511584142,234.58760701622936,0.004520768267382088,152.02697723095764,98.44487549652096,1444.4613470597137
HRF_08_h,HRF,HRF_08,0,Normal,C:/Users/TRIPU/OneDrive/Documents/ML/end sem project/HRF Dataset\images\08_h.jpg,C:/Users/TRIPU/.gemini/antigravity/scratch/glaucoma_detection\data\processed\HRF\normal\HRF_08_h.png,external_test,-1,,HRF_primary,False,3.0164319251993628,1.724609940986417,0.6649622264886834,0.2259308579702306,0.7917224090319471,0.045522089386675825,0.39717350891270486,0.012284553493276566,0.15789770643655973,0.00966262857646885,0.969852400672206,0.017326613740371356,0.5805018951232287,126.17099338881042,1300.9503129257382,4446.935356711101,0.27925203284438777,0.04746503784832817,215.55654506032113,0.005068105255579261,128.8956046125426,116.9905095542231,2187.649541625256
HRF_09_g,HRF,HRF_09,1,Glaucoma,C:/Users/TRIPU/OneDrive/Documents/ML/end sem project/HRF Dataset\images\09_g.jpg,C:/Users/TRIPU/.gemini/antigravity/scratch/glaucoma_detection\data\processed\HRF\glaucoma\HRF_09_g.png,external_test,-1,,HRF_primary,False,2.435124513561562,1.3737875501419443,0.5828885088872945,0.1951683955737499,0.8111846160912428,0.04134711408985463,0.3992002124421201,0.012376024059368412,0.1595139755853519,0.009785068810737544,0.9691732358937863,0.017481329313871665,0.5478635516553406,138.39132705686862,1253.9084132279613,3698.434355093012,0.2579868861607143,0.05232518323207997,171.97598974479536,0.005962314728856112,96.78396966061455,127.43084141895349,2054.989683422893
HRF_09_h,HRF,HRF_09,0,Normal,C:/Users/TRIPU/OneDrive/Documents/ML/end sem project/HRF Dataset\images\09_h.jpg,C:/Users/TRIPU/.gemini/antigravity/scratch/glaucoma_detection\data\processed\HRF\normal\HRF_09_h.png,external_test,-1,,HRF_primary,False,3.5639311782928442,2.124709266715952,0.6597959712226633,0.2398284750999832,0.8038827095431555,0.04421132749778291,0.3994882713695511,0.01266539364012053,0.1597512911578913,0.0100199737979792,0.9647088963655238,0.021155148473813983,0.5626851700246509,133.45897556825054,1286.623177816772,4007.3057588487636,0.26611328125,0.04932994129143039,224.0079256462733,0.004973975137240461,131.11528493009385,122.88472250533732,2443.145088066882
HRF_10_g,HRF,HRF_10,1,Glaucoma,C:/Users/TRIPU/OneDrive/Documents/ML/end sem project/HRF Dataset\images\10_g.jpg,C:/Users/TRIPU/.gemini/antigravity/scratch/glaucoma_detection\data\processed\HRF\glaucoma\HRF_10_g.png,external_test,-1,,HRF_primary,False,3.4720870103072516,1.9427613334725802,0.7012810737238809,0.2358195048998209,0.7873149047438033,0.04576762733130889,0.39488522771605633,0.012036746716673957,0.156079226339883,0.009412584033381138,0.9692745695410993,0.01728322706100132,0.5755002091460847,122.4594055892764,1176.5869977026387,4507.773971323713,0.2859733737244898,0.04591416544622522,241.4816531355026,0.004642927064716238,142.98860700764007,114.13688803585708,2161.846615357575
HRF_10_h,HRF,HRF_10,0,Normal,C:/Users/TRIPU/OneDrive/Documents/ML/end sem project/HRF Dataset\images\10_h.jpg,C:/Users/TRIPU/.gemini/antigravity/scratch/glaucoma_detection\data\processed\HRF\normal\HRF_10_h.png,external_test,-1,,HRF_primary,False,3.205798640966485,1.9343797335467474,0.6651535341278909,0.23193520434357165,0.7913880093031286,0.046478153225299614,0.3952387750011292,0.012186042492723492,0.1563621888960277,0.009537701273036662,0.9669261337372581,0.020049390278962378,0.571823060326663,125.45347831277017,1196.0838753031367,4382.194651369753,0.2810756138392857,0.047609470716425954,210.93622689718174,0.005334428473490001,125.00304774331872,116.65008480298233,1965.9704687443696
HRF_11_g,HRF,HRF_11,1,Glaucoma,C:/Users/TRIPU/OneDrive/Documents/ML/end sem project/HRF Dataset\images\11_g.jpg,C:/Users/TRIPU/.gemini/antigravity/scratch/glaucoma_detection\data\processed\HRF\glaucoma\HRF_11_g.png,external_test,-1,,HRF_primary,False,3.1450326052074242,1.7916093485142022,0.6896653624237303,0.23713081038405595,0.7838857447880487,0.04857655576886067,0.39729491443636794,0.012479607487586296,0.15799898964004516,0.00982137272621094,0.9665170078843787,0.019174892360630264,0.5758250504447162,122.45056921051079,1375.6215631192986,4552.628976741149,0.28730867346938777,0.04629795293434879,206.37559737963664,0.0049711944022287,122.56001183921572,114.12650089756325,1806.0551095697836
HRF_11_h,HRF,HRF_11,0,Normal,C:/Users/TRIPU/OneDrive/Documents/ML/end sem project/HRF Dataset\images\11_h.jpg,C:/Users/TRIPU/.gemini/antigravity/scratch/glaucoma_detection\data\processed\HRF\normal\HRF_11_h.png,external_test,-1,,HRF_primary,False,2.6325215030503606,1.3866620332593123,0.6527158264553163,0.21200262263259076,0.7930075216418069,0.044134591713432154,0.39912341942488233,0.012617002258040761,0.15945869267939003,0.009972715690965294,0.9616634226387387,0.020296283064059693,0.5818124474206372,128.41251636512328,1331.4296588848974,4421.812228874198,0.2766810825892857,0.05011955461799782,152.61665535039216,0.006508940432959795,92.30029570103831,118.96450514380751,1535.6671369419914
HRF_12_g,HRF,HRF_12,1,Glaucoma,C:/Users/TRIPU/OneDrive/Documents/ML/end sem project/HRF Dataset\images\12_g.jpg,C:/Users/TRIPU/.gemini/antigravity/scratch/glaucoma_detection\data\processed\HRF\glaucoma\HRF_12_g.png,external_test,-1,,HRF_primary,False,3.7524545185843263,2.120838094450838,0.7722603073985109,0.259942878086786,0.7670089045916985,0.049939955424608426,0.3961886096264739,0.012343253551637106,0.15711777030599855,0.009686793124449047,0.9640626168323013,0.020424757856855977,0.6073993176020246,114.09681418370232,1433.098033150106,5322.631197932568,0.3054747289540816,0.043369484104133764,225.9922759731824,0.004715888973302399,140.64464159996731,106.93112690721165,1800.3217732890848
HRF_12_h,HRF,HRF_12,0,Normal,C:/Users/TRIPU/OneDrive/Documents/ML/end sem project/HRF Dataset\images\12_h.jpg,C:/Users/TRIPU/.gemini/antigravity/scratch/glaucoma_detection\data\processed\HRF\normal\HRF_12_h.png,external_test,-1,,HRF_primary,False,3.0203108643872323,1.5821422699396053,0.7224893062247406,0.2307595262386184,0.776630629029753,0.04604602159413009,0.39636084746029954,0.012237321316422847,0.15725167343244825,0.009605633975270367,0.9618708878107523,0.02007827950356883,0.6048427113710413,119.17264215455717,1322.099486310957,5065.643501189004,0.29481226084183676,0.04682221740331285,171.16494384019035,0.006173674995274822,105.75906209868666,111.06198828535878,1534.703547641358
HRF_13_g,HRF,HRF_13,1,Glaucoma,C:/Users/TRIPU/OneDrive/Documents/ML/end sem project/HRF Dataset\images\13_g.jpg,C:/Users/TRIPU/.gemini/antigravity/scratch/glaucoma_detection\data\processed\HRF\glaucoma\HRF_13_g.png,external_test,-1,,HRF_primary,False,2.7547146488109946,1.561580144238564,0.6236934826269416,0.21125291078691322,0.800863752586861,0.042346709532199524,0.4015160837982638,0.012761285755876758,0.16137801596283755,0.01015302113306508,0.9632184570909624,0.020963982973477954,0.5690078064998643,130.47092499083666,1429.0538430093843,4223.916669032899,0.273322903380102,0.0496731493964583,170.1729644731194,0.005844430273148304,101.50515891741533,120.6106644321622,1724.649355145355
HRF_13_h,HRF,HRF_13,0,Normal,C:/Users/TRIPU/OneDrive/Documents/ML/end sem project/HRF Dataset\images\13_h.jpg,C:/Users/TRIPU/.gemini/antigravity/scratch/glaucoma_detection\data\processed\HRF\normal\HRF_13_h.png,external_test,-1,,HRF_primary,False,2.620925049190453,1.3752373651721777,0.6689391833232358,0.2142409910956937,0.7839985487153952,0.04579482354062737,0.395461441983525,0.012119038427216068,0.15653662318808925,0.009490353254751652,0.9656074987464013,0.018125942584621222,0.5986780463310188,121.61721998673596,1183.6816986882152,4899.6635490974795,0.2902283960459183,0.04789641090485,170.35087135669406,0.0063368560050440165,107.87506411283998,113.11898218420015,1410.1168452755426
HRF_14_g,HRF,HRF_14,1,Glaucoma,C:/Users/TRIPU/OneDrive/Documents/ML/end sem project/HRF Dataset\images\14_g.jpg,C:/Users/TRIPU/.gemini/antigravity/scratch/glaucoma_detection\data\processed\HRF\glaucoma\HRF_14_g.png,external_test,-1,,HRF_primary,False,2.2083177044089197,1.2385118692563997,0.6010094113937646,0.1969706880150947,0.7946045718020511,0.044234566035627594,0.39817063298215705,0.012385806507948289,0.1586932611722639,0.00977066206450726,0.9667495260173773,0.01873355264871457,0.5761529540203276,125.10355789388777,1304.197801537422,4495.135211968105,0.282829440369898,0.04953753699344413,154.09892992223948,0.006575916285912399,94.77470803927604,115.93592165321228,1340.7813773019898
HRF_14_h,HRF,HRF_14,0,Normal,C:/Users/TRIPU/OneDrive/Documents/ML/end sem project/HRF Dataset\images\14_h.jpg,C:/Users/TRIPU/.gemini/antigravity/scratch/glaucoma_detection\data\processed\HRF\normal\HRF_14_h.png,external_test,-1,,HRF_primary,False,2.3590941201861653,1.2460061116708823,0.6587787092422467,0.21076140736673082,0.7804647577415214,0.04827190812741828,0.3937595857899449,0.0119262384654836,0.15518884656540455,0.009299316917977316,0.9691573583448432,0.016350491961479315,0.5923392468644293,121.6584731333634,1097.2518339801477,4825.633356549183,0.290771484375,0.04838172046383843,169.9381544572144,0.006563714885603466,107.66038480176036,113.31345770142285,1359.2149071000808
HRF_15_g,HRF,HRF_15,1,Glaucoma,C:/Users/TRIPU/OneDrive/Documents/ML/end sem project/HRF Dataset\images\15_g.jpg,C:/Users/TRIPU/.gemini/antigravity/scratch/glaucoma_detection\data\processed\HRF\glaucoma\HRF_15_g.png,external_test,-1,,HRF_primary,False,2.909884406366428,1.7491526810318274,0.6230155991859777,0.22451410629155186,0.8022185762154465,0.04676067150210307,0.39828255435390353,0.012564823915498558,0.15878686790269764,0.00991187137012859,0.9705645645782218,0.01778213951180821,0.5498185081993606,135.48646561127455,1220.7136100777623,3850.604385045631,0.2649473852040816,0.04953353901494089,214.8145024212145,0.004869991571279002,123.282707947717,125.06873450859611,2419.0943114069546
HRF_15_h,HRF,HRF_15,0,Normal,C:/Users/TRIPU/OneDrive/Documents/ML/end sem project/HRF Dataset\images\15_h.jpg,C:/Users/TRIPU/.gemini/antigravity/scratch/glaucoma_detection\data\processed\HRF\normal\HRF_15_h.png,external_test,-1,,HRF_primary,False,3.0409407294450532,1.7803632811059764,0.6227960129522582,0.22651902633005064,0.8061856556584148,0.04613095817086664,0.400182523108038,0.012778813621972925,0.1603093498787004,0.01012601255317486,0.9599145033194317,0.023582252957057258,0.5542792070194652,140.01528538307457,1193.3576520767929,3790.1891077034797,0.2587043606505102,0.05218190612826115,169.93211060960988,0.005934685967075257,98.88779712425051,128.7139145775506,1967.5322532000205
RIMONE_r1_Im069,RIM-ONE,RIMONE_r1_Im069,1,Glaucoma,C:/Users/TRIPU/OneDrive/Documents/ML/end sem project/RIM-ONE_DL_images\RIM-ONE_DL_images\partitioned_by_hospital\test_set\glaucoma\r1_Im069.png,C:/Users/TRIPU/.gemini/antigravity/scratch/glaucoma_detection\data\processed\RIM-ONE\glaucoma\RIMONE_r1_Im069.png,external_test,-1,r1,partitioned_by_hospital/test_set,False,2.154907520278901,1.7131034241388698,0.8485311482198048,0.3774023727481493,0.676200934564079,0.09563598506826637,0.1439772021287074,0.020510486763518524,0.021150114800087137,0.0057984774796152935,0.9563674880702709,0.034705579236043636,0.5680683099820303,10.270234274081659,1350.206795139572,6716.159271629234,0.427295918367347,0.0036655938077752113,353.5320604762811,0.0020541943759023523,200.1915172156521,0.03903075432836479,3633.985797772809
RIMONE_r1_Im103,RIM-ONE,RIMONE_r1_Im103,1,Glaucoma,C:/Users/TRIPU/OneDrive/Documents/ML/end sem project/RIM-ONE_DL_images\RIM-ONE_DL_images\partitioned_by_hospital\test_set\glaucoma\r1_Im103.png,C:/Users/TRIPU/.gemini/antigravity/scratch/glaucoma_detection\data\processed\RIM-ONE\glaucoma\RIMONE_r1_Im103.png,external_test,-1,r1,partitioned_by_hospital/test_set,False,0.9652693886665699,0.6027169953246571,0.5804751196932657,0.20629440480720632,0.7450865922251122,0.06817601183784941,0.2120257148466476,0.017499777782764445,0.04526114597867806,0.0073383080245946275,0.9697098922266408,0.018830011299459715,0.5250015005713028,15.608030265261156,1518.1621504574591,5071.549135424733,0.3690609056122449,0.009280874376616184,162.55226116071677,0.0046731491715157735,88.65339381069319,0.17590642083296426,1977.7694468048785
RIMONE_r1_Im113,RIM-ONE,RIMONE_r1_Im113,1,Glaucoma,C:/Users/TRIPU/OneDrive/Documents/ML/end sem project/RIM-ONE_DL_images\RIM-ONE_DL_images\partitioned_by_hospital\test_set\glaucoma\r1_Im113.png,C:/Users/TRIPU/.gemini/antigravity/scratch/glaucoma_detection\data\processed\RIM-ONE\glaucoma\RIMONE_r1_Im113.png,external_test,-1,r1,partitioned_by_hospital/test_set,False,0.9026885169369511,0.5457827886993449,0.6078441012980652,0.21735975873794225,0.7244259121273341,0.07784618551860215,0.18339981169701366,0.021014503424969962,0.03407710028469813,0.007610317855429247,0.9631481782085154,0.022249853835456797,0.5096042996813608,11.535745283477699,1859.2111029572015,5393.928276957611,0.3977748325892857,0.005229395578060904,232.08608273873955,0.002669389324968475,117.6575985012185,0.05860629405612381,2822.866048688005
RIMONE_r1_Im117,RIM-ONE,RIMONE_r1_Im117,1,Glaucoma,C:/Users/TRIPU/OneDrive/Documents/ML/end sem project/RIM-ONE_DL_images\RIM-ONE_DL_images\partitioned_by_hospital\test_set\glaucoma\r1_Im117.png,C:/Users/TRIPU/.gemini/antigravity/scratch/glaucoma_detection\data\processed\RIM-ONE\glaucoma\RIMONE_r1_Im117.png,external_test,-1,r1,partitioned_by_hospital/test_set,False,0.9812836063298968,0.5755910308113563,0.6117298702311426,0.20385643073663418,0.7284783403327558,0.06860844066437322,0.19570875699773418,0.01948858208392972,0.038681722397240235,0.0075061834373360194,0.9497668399657596,0.029451922725159924,0.5359042494683983,11.67106815705896,1941.8222220727628,5712.531018791686,0.4013073979591837,0.009503085420221106,140.00647714975304,0.0049823427312518315,76.05683279992843,0.11965812638932419,1513.9016191470178
RIMONE_r1_Im118,RIM-ONE,RIMONE_r1_Im118,1,Glaucoma,C:/Users/TRIPU/OneDrive/Documents/ML/end sem project/RIM-ONE_DL_images\RIM-ONE_DL_images\partitioned_by_hospital\test_set\glaucoma\r1_Im118.png,C:/Users/TRIPU/.gemini/antigravity/scratch/glaucoma_detection\data\processed\RIM-ONE\glaucoma\RIMONE_r1_Im118.png,external_test,-1,r1,partitioned_by_hospital/test_set,False,0.8033453744001114,0.49594221222848967,0.5288265692290383,0.19218974374273218,0.7611665460784468,0.0686256964048756,0.2008946440519419,0.021191829086715193,0.04080775162879698,0.008381617018050657,0.95760750957397,0.02613852311333323,0.4911804797387187,17.73682464037927,1686.782280014643,4267.911966752793,0.34508529974489793,0.015642080634966988,97.21406758532194,0.007473991680144138,48.290087652029555,0.3153583353314093,1570.5987858092722
RIMONE_r1_Im120,RIM-ONE,RIMONE_r1_Im120,1,Glaucoma,C:/Users/TRIPU/OneDrive/Documents/ML/end sem project/RIM-ONE_DL_images\RIM-ONE_DL_images\partitioned_by_hospital\test_set\glaucoma\r1_Im120.png,C:/Users/TRIPU/.gemini/antigravity/scratch/glaucoma_detection\data\processed\RIM-ONE\glaucoma\RIMONE_r1_Im120.png,external_test,-1,r1,partitioned_by_hospital/test_set,False,0.6875915299964256,0.373436283583277,0.4975815690467918,0.1673322779149612,0.7693121394039449,0.06451164310815075,0.22561990941739998,0.022602455685505052,0.051415214528531004,0.010072765167325684,0.9485468682200615,0.027907906103319884,0.470435776536568,17.806502651577745,1915.5479808087457,3941.5652172962155,0.3375269052933674,0.02082506354329613,72.98500490923196,0.00966580105118264,35.09402820820477,0.42663868151680817,1089.091901030351
RIMONE_r1_Im121,RIM-ONE,RIMONE_r1_Im121,1,Glaucoma,C:/Users/TRIPU/OneDrive/Documents/ML/end sem project/RIM-ONE_DL_images\RIM-ONE_DL_images\partitioned_by_hospital\test_set\glaucoma\r1_Im121.png,C:/Users/TRIPU/.gemini/antigravity/scratch/glaucoma_detection\data\processed\RIM-ONE\glaucoma\RIMONE_r1_Im121.png,external_test,-1,r1,partitioned_by_hospital/test_set,False,1.7730630957341642,1.2966952765029052,0.8120273035380762,0.3378831024296862,0.6739294146764084,0.09447571115710426,0.15987384911419045,0.023005838467074147,0.02608891623416004,0.007229640550915264,0.9361777689631968,0.04667488921753769,0.5701772572798575,9.579455701963468,1740.0636226800855,7004.310572539975,0.4390844228316326,0.009183130930877465,159.12174956219613,0.0050119610787650384,93.42303488870836,0.09898405165149467,1378.001034713023
RIMONE_r1_Im122,RIM-ONE,RIMONE_r1_Im122,1,Glaucoma,C:/Users/TRIPU/OneDrive/Documents/ML/end sem project/RIM-ONE_DL_images\RIM-ONE_DL_images\partitioned_by_hospital\test_set\glaucoma\r1_Im122.png,C:/Users/TRIPU/.gemini/antigravity/scratch/glaucoma_detection\data\processed\RIM-ONE\glaucoma\RIMONE_r1_Im122.png,external_test,-1,r1,partitioned_by_hospital/test_set,False,1.485187645497532,1.1000493219712801,0.7037219592862022,0.28343952548032275,0.7130885936299519,0.07912225760262359,0.18528285406001002,0.020463528241608804,0.03474849199671809,0.007455418044029771,0.95159678475938,0.03579281058817953,0.5550833276042852,12.62902391564671,1695.3904126763418,5991.109737191603,0.3993891501913266,0.007390137542319951,184.99315945626782,0.003980547349114626,103.97621754729647,0.09961364094507542,2230.9931419370214
RIMONE_r1_Im135,RIM-ONE,RIMONE_r1_Im135,1,Glaucoma,C:/Users/TRIPU/OneDrive/Documents/ML/end sem project/RIM-ONE_DL_images\RIM-ONE_DL_images\partitioned_by_hospital\test_set\glaucoma\r1_Im135.png,C:/Users/TRIPU/.gemini/antigravity/scratch/glaucoma_detection\data\processed\RIM-ONE\glaucoma\RIMONE_r1_Im135.png,external_test,-1,r1,partitioned_by_hospital/test_set,False,1.0137765753485237,0.6905308658779041,0.5708258405944742,0.22071105458501175,0.7524915064226794,0.07216367782943922,0.24602736607420664,0.024246959803698623,0.061117379917133875,0.011752809939456628,0.9568582583441722,0.029233662127540135,0.5020289191319146,17.179809403456275,1987.6549368996536,4458.250653001229,0.3492904974489796,0.015104112258796008,107.17937331533886,0.007102208859114171,58.701532971644184,0.3066610472464386,1353.9124384001077
RIMONE_r1_Im144,RIM-ONE,RIMONE_r1_Im144,1,Glaucoma,C:/Users/TRIPU/OneDrive/Documents/ML/end sem project/RIM-ONE_DL_images\RIM-ONE_DL_images\partitioned_by_hospital\test_set\glaucoma\r1_Im144.png,C:/Users/TRIPU/.gemini/antigravity/scratch/glaucoma_detection\data\processed\RIM-ONE\glaucoma\RIMONE_r1_Im144.png,external_test,-1,r1,partitioned_by_hospital/test_set,False,1.25195827000398,0.7848488894024923,0.7092021482971983,0.2542197456289003,0.6952914408062968,0.08034663704135872,0.1782137448318349,0.02215963385796208,0.0322511882197053,0.007790937897142081,0.9254629377025531,0.046486252106616034,0.5565020426961198,9.607734272721327,2152.0581914501126,6650.441636368119,0.4334990832270408,0.007096714077288654,171.91128101938259,0.0039209518331254955,95.68564918340061,0.06957565704693093,1619.3931941452133
RIMONE_r1_Im158,RIM-ONE,RIMONE_r1_Im158,1,Glaucoma,C:/Users/TRIPU/OneDrive/Documents/ML/end sem project/RIM-ONE_DL_images\RIM-ONE_DL_images\partitioned_by_hospital\test_set\glaucoma\r1_Im158.png,C:/Users/TRIPU/.gemini/antigravity/scratch/glaucoma_detection\data\processed\RIM-ONE\glaucoma\RIMONE_r1_Im158.png,external_test,-1,r1,partitioned_by_hospital/test_set,False,0.8135559530675948,0.48581071819124233,0.5272082253212946,0.18283006475210448,0.7626292056426137,0.0645883882495726,0.20944199155113952,0.021530286121433297,0.04432950104537838,0.008874674637102046,0.9450954485214041,0.032705892192438364,0.4971598276678709,17.443127027852015,1875.9148573187254,4361.477688048942,0.347641302614796,0.01094061425474012,119.06789006995038,0.005346040863677492,60.15280320972313,0.2238401120895812,1809.164543618292
RIMONE_r1_Im167,RIM-ONE,RIMONE_r1_Im167,1,Glaucoma,C:/Users/TRIPU/OneDrive/Documents/ML/end sem project/RIM-ONE_DL_images\RIM-ONE_DL_images\partitioned_by_hospital\test_set\glaucoma\r1_Im167.png,C:/Users/TRIPU/.gemini/antigravity/scratch/glaucoma_detection\data\processed\RIM-ONE\glaucoma\RIMONE_r1_Im167.png,external_test,-1,r1,partitioned_by_hospital/test_set,False,0.9540615361709034,0.6347313797591827,0.5618768505783877,0.21284550961476198,0.7547644908066206,0.0694699302510231,0.220352582059583,0.017956133617626845,0.048877683154819336,0.007824545769478306,0.9712159846864878,0.019085592275512153,0.5143174871322012,18.271047306621313,1427.4173316028337,4626.89684359147,0.34943000637755106,0.017678227532101173,112.28436664873632,0.008446971688853626,61.48646389991279,0.43470308284708703,1394.4742532302034
RIMONE_r2_Im257,RIM-ONE,RIMONE_r2_Im257,1,Glaucoma,C:/Users/TRIPU/OneDrive/Documents/ML/end sem project/RIM-ONE_DL_images\RIM-ONE_DL_images\partitioned_by_hospital\test_set\glaucoma\r2_Im257.png,C:/Users/TRIPU/.gemini/antigravity/scratch/glaucoma_detection\data\processed\RIM-ONE\glaucoma\RIMONE_r2_Im257.png,external_test,-1,r2,partitioned_by_hospital/test_set,False,0.6416420174991985,0.4343558489312994,0.45665089109237716,0.2094008120287032,0.7895382300575853,0.0834754891781261,0.2125113462585699,0.029136885860795936,0.04601003040629483,0.01213287990548916,0.9734024836768951,0.01799519774330544,0.36562705906710197,29.614243021713847,1238.8048720410407,2315.2195806690775,0.2673190369897959,0.00803044656594093,164.13249687871087,0.002810480182877323,61.704193934887684,0.2542226174932185,4698.951354160705
RIMONE_r2_Im258,RIM-ONE,RIMONE_r2_Im258,1,Glaucoma,C:/Users/TRIPU/OneDrive/Documents/ML/end sem project/RIM-ONE_DL_images\RIM-ONE_DL_images\partitioned_by_hospital\test_set\glaucoma\r2_Im258.png,C:/Users/TRIPU/.gemini/antigravity/scratch/glaucoma_detection\data\processed\RIM-ONE\glaucoma\RIMONE_r2_Im258.png,external_test,-1,r2,partitioned_by_hospital/test_set,False,1.009363664767661,0.7140286708675624,0.5956776233190916,0.2670715301057881,0.7404866096745321,0.09345790985735035,0.19350882037606185,0.0288711433935385,0.03827920648418525,0.010989332876481798,0.9396309677714342,0.04268231881133298,0.4579739311616545,18.624928333075157,1649.2267730253243,3809.565114741897,0.3319814253826531,0.005437976097847049,214.55414011460778,0.002438347103712284,98.76785972199004,0.10327795025765127,3958.0074356121186
RIMONE_r2_Im260,RIM-ONE,RIMONE_r2_Im260,1,Glaucoma,C:/Users/TRIPU/OneDrive/Documents/ML/end sem project/RIM-ONE_DL_images\RIM-ONE_DL_images\partitioned_by_hospital\test_set\glaucoma\r2_Im260.png,C:/Users/TRIPU/.gemini/antigravity/scratch/glaucoma_detection\data\processed\RIM-ONE\glaucoma\RIMONE_r2_Im260.png,external_test,-1,r2,partitioned_by_hospital/test_set,False,1.0589602523846589,0.7611897942191239,0.6003315744871276,0.26978229321692115,0.7416942275998859,0.09170140496436642,0.19997703467158826,0.029520787256689673,0.04086229127629635,0.01160518603479291,0.9365318884546195,0.045538981360900024,0.47046200388270265,19.19980029601188,1751.9446042618433,3886.624955696555,0.3312938456632653,0.007397298409827542,164.01785518125848,0.003351917570968448,78.3164694988241,0.14790123110529502,3094.5964476317895
RIMONE_r2_Im263,RIM-ONE,RIMONE_r2_Im263,1,Glaucoma,C:/Users/TRIPU/OneDrive/Documents/ML/end sem project/RIM-ONE_DL_images\RIM-ONE_DL_images\partitioned_by_hospital\test_set\glaucoma\r2_Im263.png,C:/Users/TRIPU/.gemini/antigravity/scratch/glaucoma_detection\data\processed\RIM-ONE\glaucoma\RIMONE_r2_Im263.png,external_test,-1,r2,partitioned_by_hospital/test_set,False,1.1984963489795888,0.907462713233094,0.6003578077704972,0.2743664726718189,0.7502718334049918,0.08722448886318163,0.18696231345263492,0.022352075585040432,0.03545452193452067,0.008233413619654559,0.9855179926115656,0.01093797348659174,0.4762120693638422,23.538539434840374,970.9514215094932,3790.9942087575055,0.3188426737882653,0.012428197778437006,189.30050972147356,0.005277083970115146,86.93793574216832,0.39558633570136714,4253.7339535802685
RIMONE_r2_Im264,RIM-ONE,RIMONE_r2_Im264,1,Glaucoma,C:/Users/TRIPU/OneDrive/Documents/ML/end sem project/RIM-ONE_DL_images\RIM-ONE_DL_images\partitioned_by_hospital\test_set\glaucoma\r2_Im264.png,C:/Users/TRIPU/.gemini/antigravity/scratch/glaucoma_detection\data\processed\RIM-ONE\glaucoma\RIMONE_r2_Im264.png,external_test,-1,r2,partitioned_by_hospital/test_set,False,1.2093689319023169,0.9003405283827635,0.5820917518263269,0.2590272924703377,0.7608421085920588,0.07995090783091169,0.21863574999239999,0.023141850544894108,0.04833713642138145,0.009999004653946108,0.9839211878114823,0.011924251133984867,0.48284268914281336,26.004376415625824,1056.6556416674114,3685.225071363813,0.3085439253826531,0.013004229199437346,176.72229260614364,0.005468572886541316,84.622665611529,0.4637172057237763,3844.5153753308423
RIMONE_r2_Im266,RIM-ONE,RIMONE_r2_Im266,1,Glaucoma,C:/Users/TRIPU/OneDrive/Documents/ML/end sem project/RIM-ONE_DL_images\RIM-ONE_DL_images\partitioned_by_hospital\test_set\glaucoma\r2_Im266.png,C:/Users/TRIPU/.gemini/antigravity/scratch/glaucoma_detection\data\processed\RIM-ONE\glaucoma\RIMONE_r2_Im266.png,external_test,-1,r2,partitioned_by_hospital/test_set,False,1.368898997768616,1.0423701568835688,0.6863731573398096,0.3171357255858238,0.7159152118551425,0.09896708987625016,0.1693745922462062,0.026843479802418656,0.029408324906471467,0.008952150266985481,0.9507228947157875,0.037414486258878006,0.49562554583514706,15.618272174212349,1498.5033217235055,4626.236474868893,0.36175163424744894,0.004677509130145046,264.7923097703099,0.002220388978905679,135.027209653744,0.07770851674890611,3927.244899138082
RIMONE_r2_Im267,RIM-ONE,RIMONE_r2_Im267,1,Glaucoma,C:/Users/TRIPU/OneDrive/Documents/ML/end sem project/RIM-ONE_DL_images\RIM-ONE_DL_images\partitioned_by_hospital\test_set\glaucoma\r2_Im267.png,C:/Users/TRIPU/.gemini/antigravity/scratch/glaucoma_detection\data\processed\RIM-ONE\glaucoma\RIMONE_r2_Im267.png,external_test,-1,r2,partitioned_by_hospital/test_set,False,0.1681921695659395,0.07056816080924544,0.16457765487056736,0.06595740266205131,0.9180719078436166,0.03252102879071769,0.4478403974530724,0.025930125480597303,0.20123339299836537,0.02294854721497462,0.960160050042245,0.01653109840035482,0.2120529069210365,205.8246966131079,1252.4413654493367,410.3224364338836,0.11021205357142858,0.004267833098506424,244.19645018061627,0.0009024772447965971,51.97930836777899,0.9161096695029108,47290.29728197437
RIMONE_r2_Im268,RIM-ONE,RIMONE_r2_Im268,1,Glaucoma,C:/Users/TRIPU/OneDrive/Documents/ML/end sem project/RIM-ONE_DL_images\RIM-ONE_DL_images\partitioned_by_hospital\test_set\glaucoma\r2_Im268.png,C:/Users/TRIPU/.gemini/antigravity/scratch/glaucoma_detection\data\processed\RIM-ONE\glaucoma\RIMONE_r2_Im268.png,external_test,-1,r2,partitioned_by_hospital/test_set,False,0.21703832081888255,0.0961216599254026,0.20963872915858658,0.08560649498610791,0.8959205945867365,0.04176142034527581,0.4422741302655436,0.029735281861624798,0.19649059328953322,0.025952176158446198,0.9493502246325493,0.02226015229786544,0.22256070021221924,132.6584517051936,1534.3901343804491,615.5447201335678,0.13822345344387754,0.004715736296413936,221.48628094001273,0.0010628891221912547,48.55573890209805,0.6591524233514304,27337.832489789063
RIMONE_r2_Im269,RIM-ONE,RIMONE_r2_Im269,1,Glaucoma,C:/Users/TRIPU/OneDrive/Documents/ML/end sem project/RIM-ONE_DL_images\RIM-ONE_DL_images\partitioned_by_hospital\test_set\glaucoma\r2_Im269.png,C:/Users/TRIPU/.gemini/antigravity/scratch/glaucoma_detection\data\processed\RIM-ONE\glaucoma\RIMONE_r2_Im269.png,external_test,-1,r2,partitioned_by_hospital/test_set,False,1.9304700004129316,1.6349653067185859,0.7969177908082993,0.3927982709987471,0.6917750905539631,0.10601939745666696,0.16355880302501183,0.02630624560502995,0.027443500604806773,0.008467311672486986,0.9444505796701391,0.04695031635350547,0.540335686509159,14.644145091545855,1401.4226871323876,5653.224503035091,0.3850247130102041,0.0054434524597831,245.99606782615348,0.002824171457009672,135.82841491247538,0.08875489390008927,3175.629264460743
RIMONE_r2_Im270,RIM-ONE,RIMONE_r2_Im270,1,Glaucoma,C:/Users/TRIPU/OneDrive/Documents/ML/end sem project/RIM-ONE_DL_images\RIM-ONE_DL_images\partitioned_by_hospital\test_set\glaucoma\r2_Im270.png,C:/Users/TRIPU/.gemini/antigravity/scratch/glaucoma_detection\data\processed\RIM-ONE\glaucoma\RIMONE_r2_Im270.png,external_test,-1,r2,partitioned_by_hospital/test_set,False,1.6560531662348812,1.2894663435549847,0.7733301836037096,0.35822720801598373,0.6882372581709019,0.10493217094209335,0.15761033371485553,0.02525365136517137,0.02547876420098175,0.007838238423472504,0.9573199303901737,0.03315778587299208,0.5320538206705152,12.448638635994651,1444.5268319785368,5693.070588860942,0.3976104113520408,0.0063583710694130385,222.37305452783568,0.0033476555003595374,117.60042708327545,0.08137715432060967,2774.18814927906
RIMONE_r2_Im273,RIM-ONE,RIMONE_r2_Im273,1,Glaucoma,C:/Users/TRIPU/OneDrive/Documents/ML/end sem project/RIM-ONE_DL_images\RIM-ONE_DL_images\partitioned_by_hospital\test_set\glaucoma\r2_Im273.png,C:/Users/TRIPU/.gemini/antigravity/scratch/glaucoma_detection\data\processed\RIM-ONE\glaucoma\RIMONE_r2_Im273.png,external_test,-1,r2,partitioned_by_hospital/test_set,False,1.379614710573442,1.0457273024746778,0.7264408265240525,0.3331018206747844,0.6959986570525544,0.10457269877523637,0.14490031043163354,0.024305258826585383,0.021586845569811077,0.006934035092852906,0.9607029457296274,0.029839598498727412,0.5184267099499439,12.939720735781767,1330.9876890651517,5415.043537283863,0.390266262755102,0.004709583182877637,276.883254100362,0.0023576568776952633,144.28569700000173,0.06339415766823742,3590.555405344837
RIMONE_r2_Im275,RIM-ONE,RIMONE_r2_Im275,1,Glaucoma,C:/Users/TRIPU/OneDrive/Documents/ML/end sem project/RIM-ONE_DL_images\RIM-ONE_DL_images\partitioned_by_hospital\test_set\glaucoma\r2_Im275.png,C:/Users/TRIPU/.gemini/antigravity/scratch/glaucoma_detection\data\processed\RIM-ONE\glaucoma\RIMONE_r2_Im275.png,external_test,-1,r2,partitioned_by_hospital/test_set,False,1.3282665315307762,0.6525359955735045,0.7735480991399705,0.2130093641605673,0.6654348480459306,0.06726091979911233,0.170285740681503,0.017834861940351554,0.029315315779879475,0.006109408797878189,0.9125059928909329,0.042913424763741846,0.6040160468105084,6.996047856653773,2587.347422213819,8854.446846276063,0.49501753826530615,0.004413470196141721,255.47454821286823,0.002682920968884008,152.91689483328378,0.029881890917356237,1855.3588689757162
RIMONE_r2_Im277,RIM-ONE,RIMONE_r2_Im277,1,Glaucoma,C:/Users/TRIPU/OneDrive/Documents/ML/end sem project/RIM-ONE_DL_images\RIM-ONE_DL_images\partitioned_by_hospital\test_set\glaucoma\r2_Im277.png,C:/Users/TRIPU/.gemini/antigravity/scratch/glaucoma_detection\data\processed\RIM-ONE\glaucoma\RIMONE_r2_Im277.png,external_test,-1,r2,partitioned_by_hospital/test_set,False,0.8672347060462057,0.5738123120685595,0.5473391242295776,0.2277568933936449,0.7562616377430351,0.0826315585440931,0.21210561249161872,0.028481455997398458,0.04579998418617645,0.011916074082908486,0.9491466725983102,0.03351935542417749,0.44706853103023764,19.517457000970396,1722.5512010797797,3584.3666639163066,0.3242287149234694,0.006671985083230275,180.45300072010065,0.0028785973964531838,82.88390595824136,0.13587979209537054,3364.3972823456506
RIMONE_r2_Im281,RIM-ONE,RIMONE_r2_Im281,1,Glaucoma,C:/Users/TRIPU/OneDrive/Documents/ML/end sem project/RIM-ONE_DL_images\RIM-ONE_DL_images\partitioned_by_hospital\test_set\glaucoma\r2_Im281.png,C:/Users/TRIPU/.gemini/antigravity/scratch/glaucoma_detection\data\processed\RIM-ONE\glaucoma\RIMONE_r2_Im281.png,external_test,-1,r2,partitioned_by_hospital/test_set,False,1.5084082812149135,0.8423968029196668,0.798251241372125,0.22140558038094837,0.6630952302258188,0.06026807543052655,0.15654044801189754,0.013326960152525422,0.02468251973067258,0.004130563247018915,0.9395487616958794,0.033792344476352806,0.6341707683499904,6.241869847231227,2134.6204569349857,9906.379356033864,0.517219387755102,0.005289560710540483,233.84774083582766,0.0033513481423777954,147.90498588981757,0.033842218477549674,1442.6736630235202
RIMONE_r2_Im287,RIM-ONE,RIMONE_r2_Im287,1,Glaucoma,C:/Users/TRIPU/OneDrive/Documents/ML/end sem project/RIM-ONE_DL_images\RIM-ONE_DL_images\partitioned_by_hospital\test_set\glaucoma\r2_Im287.png,C:/Users/TRIPU/.gemini/antigravity/scratch/glaucoma_detection\data\processed\RIM-ONE\glaucoma\RIMONE_r2_Im287.png,external_test,-1,r2,partitioned_by_hospital/test_set,False,0.5264729650333255,0.33025608052799565,0.4036911117873981,0.18093249591102067,0.810229445600236,0.07600852900879335,0.2365688394466432,0.02961921047091499,0.056842113426052006,0.013753886858347079,0.9620642403140525,0.023869212606151432,0.3322539850964188,38.783143111339825,1374.7724969843857,1876.2822434484297,0.24174904336734696,0.0069409917732573675,167.16545243015057,0.002258484042624153,56.04450645563027,0.30677046590440216,5988.558824493908
RIMONE_r2_Im288,RIM-ONE,RIMONE_r2_Im288,1,Glaucoma,C:/Users/TRIPU/OneDrive/Documents/ML/end sem project/RIM-ONE_DL_images\RIM-ONE_DL_images\partitioned_by_hospital\test_set\glaucoma\r2_Im288.png,C:/Users/TRIPU/.gemini/antigravity/scratch/glaucoma_detection\data\processed\RIM-ONE\glaucoma\RIMONE_r2_Im288.png,external_test,-1,r2,partitioned_by_hospital/test_set,False,1.4651840202130682,1.1356384757486142,0.7156241602542751,0.3326549575576396,0.7068998280011546,0.10096999247723124,0.16626297110225946,0.0264779299538287,0.028344456334390627,0.008660289705320479,0.9464584894513921,0.04135633555596588,0.5069742892111468,14.25300224418394,1502.59735031249,4939.577735774461,0.3735202088647959,0.005428835195283593,233.45921802280955,0.002693050593286337,119.1322738257578,0.07991478871905755,3224.0910194337243
RIMONE_r2_Im289,RIM-ONE,RIMONE_r2_Im289,1,Glaucoma,C:/Users/TRIPU/OneDrive/Documents/ML/end sem project/RIM-ONE_DL_images\RIM-ONE_DL_images\partitioned_by_hospital\test_set\glaucoma\r2_Im289.png,C:/Users/TRIPU/.gemini/antigravity/scratch/glaucoma_detection\data\processed\RIM-ONE\glaucoma\RIMONE_r2_Im289.png,external_test,-1,r2,partitioned_by_hospital/test_set,False,1.5176921041478646,1.197971451768349,0.6904155179124777,0.3309930753489104,0.7227304711890344,0.09872496297844145,0.17120716143390435,0.02683507432614515,0.030032013340344724,0.009021224296287858,0.9546085625162869,0.03573139909808179,0.4964078649326737,18.359559871032125,1265.8248253727895,4454.727673270269,0.34664979272959184,0.0058067749598361895,232.40514928426992,0.0026740855903390056,120.9531724169168,0.12924315198666875,3510.3872717827926
RIMONE_r2_Im290,RIM-ONE,RIMONE_r2_Im290,1,Glaucoma,C:/Users/TRIPU/OneDrive/Documents/ML/end sem project/RIM-ONE_DL_images\RIM-ONE_DL_images\partitioned_by_hospital\test_set\glaucoma\r2_Im290.png,C:/Users/TRIPU/.gemini/antigravity/scratch/glaucoma_detection\data\processed\RIM-ONE\glaucoma\RIMONE_r2_Im290.png,external_test,-1,r2,partitioned_by_hospital/test_set,False,0.8726620859436003,0.6192514426595284,0.5286971466193392,0.2387223072271042,0.7670558608023824,0.08580808462226891,0.225980146888508,0.030510137339275482,0.051997895268213135,0.013556653194363185,0.9554501432141741,0.03152706716505112,0.42561660761537223,24.00062793061786,1528.423182434604,3060.638911038922,0.2986338089923469,0.008370530536533693,156.53102138519347,0.0033125411791595652,71.78330800507325,0.22689728592247294,3147.2982683854852
RIMONE_r2_Im291,RIM-ONE,RIMONE_r2_Im291,1,Glaucoma,C:/Users/TRIPU/OneDrive/Documents/ML/end sem project/RIM-ONE_DL_images\RIM-ONE_DL_images\partitioned_by_hospital\test_set\glaucoma\r2_Im291.png,C:/Users/TRIPU/.gemini/antigravity/scratch/glaucoma_detection\data\processed\RIM-ONE\glaucoma\RIMONE_r2_Im291.png,external_test,-1,r2,partitioned_by_hospital/test_set,False,1.9567397197583627,1.532292332378995,0.8186531757352196,0.37992774609501434,0.6837716593837831,0.10240740869778868,0.15629553513253433,0.024804265258090624,0.025043545877359002,0.007624807881658271,0.9538943962125154,0.03605602822631485,0.550678205722301,12.729564195101855,1339.315269191432,5981.668023095725,0.40018634406887754,0.008205973519656604,194.22650495142565,0.004218836664804236,109.79205125081482,0.1266901934462466,2088.018593563077
RIMONE_r2_Im292,RIM-ONE,RIMONE_r2_Im292,1,Glaucoma,C:/Users/TRIPU/OneDrive/Documents/ML/end sem project/RIM-ONE_DL_images\RIM-ONE_DL_images\partitioned_by_hospital\test_set\glaucoma\r2_Im292.png,C:/Users/TRIPU/.gemini/antigravity/scratch/glaucoma_detection\data\processed\RIM-ONE\glaucoma\RIMONE_r2_Im292.png,external_test,-1,r2,partitioned_by_hospital/test_set,False,1.2337745476336737,0.909601017038766,0.6667191069350632,0.29123021187811726,0.7177780779708575,0.09219204015531553,0.18229810806127986,0.02371094428316899,0.033794809081521604,0.008530352087717127,0.9674428073057343,0.023949997031460776,0.5091529926042512,14.383104617180585,1446.724527571758,4986.476222328118,0.3732312260841837,0.007356579146466327,195.44947149560596,0.0035722524042698317,100.7172559018223,0.12092604737370426,2560.7781950759113
RIMONE_r2_Im293,RIM-ONE,RIMONE_r2_Im293,1,Glaucoma,C:/Users/TRIPU/OneDrive/Documents/ML/end sem project/RIM-ONE_DL_images\RIM-ONE_DL_images\partitioned_by_hospital\test_set\glaucoma\r2_Im293.png,C:/Users/TRIPU/.gemini/antigravity/scratch/glaucoma_detection\data\processed\RIM-ONE\glaucoma\RIMONE_r2_Im293.png,external_test,-1,r2,partitioned_by_hospital/test_set,False,0.4787010746292302,0.2891502798735707,0.3807159418236002,0.16904680727993274,0.81933115562519,0.07281057434290444,0.2534744575748877,0.031548751629278386,0.06524462437224943,0.015694853753762204,0.9599176724101199,0.024198076545246104,0.31633719388894477,42.20398254179242,1430.3297231599595,1690.4076383318638,0.23047871492346939,0.004998961427820801,223.29251452905982,0.001599789673551804,69.68569891223973,0.21378585108683518,9090.948758772047
RIMONE_r2_Im294,RIM-ONE,RIMONE_r2_Im294,1,Glaucoma,C:/Users/TRIPU/OneDrive/Documents/ML/end sem project/RIM-ONE_DL_images\RIM-ONE_DL_images\partitioned_by_hospital\test_set\glaucoma\r2_Im294.png,C:/Users/TRIPU/.gemini/antigravity/scratch/glaucoma_detection\data\processed\RIM-ONE\glaucoma\RIMONE_r2_Im294.png,external_test,-1,r2,partitioned_by_hospital/test_set,False,0.4209485528085717,0.23326641934301537,0.34626450357260974,0.1434793869214549,0.8342635116513323,0.06295729878860842,0.2845491379512019,0.03014195543721431,0.08187674938635112,0.016885344254086766,0.9576778558789815,0.023399099295152714,0.31718399118824103,49.885220108085434,1448.052962274063,1553.3845124909947,0.21791294642857142,0.013927068653572704,90.76720359816589,0.004270257917023574,29.595107852534163,0.7934082313383618,3766.619463992191
RIMONE_r2_Im301,RIM-ONE,RIMONE_r2_Im301,1,Glaucoma,C:/Users/TRIPU/OneDrive/Documents/ML/end sem project/RIM-ONE_DL_images\RIM-ONE_DL_images\partitioned_by_hospital\test_set\glaucoma\r2_Im301.png,C:/Users/TRIPU/.gemini/antigravity/scratch/glaucoma_detection\data\processed\RIM-ONE\glaucoma\RIMONE_r2_Im301.png,external_test,-1,r2,partitioned_by_hospital/test_set,False,0.8812597614910992,0.6139155748992875,0.534891998286511,0.23426795584620824,0.7647201984055605,0.08307192632921945,0.20706047331937252,0.027012389716891197,0.043603708809459796,0.010990877530292011,0.9643470568643716,0.02488335723578309,0.4454453132830658,24.524990613001698,1287.4172155520225,3337.6999867646823,0.30661571269132654,0.008312145811801208,167.56118249559933,0.003427607345322505,79.17608663642453,0.23690440570207782,3444.8925505716284
RIMONE_r2_Im302,RIM-ONE,RIMONE_r2_Im302,1,Glaucoma,C:/Users/TRIPU/OneDrive/Documents/ML/end sem project/RIM-ONE_DL_images\RIM-ONE_DL_images\partitioned_by_hospital\test_set\glaucoma\r2_Im302.png,C:/Users/TRIPU/.gemini/antigravity/scratch/glaucoma_detection\data\processed\RIM-ONE\glaucoma\RIMONE_r2_Im302.png,external_test,-1,r2,partitioned_by_hospital/test_set,False,1.1621547614688108,0.9140273361036471,0.6055614968174288,0.284332757459026,0.7458643938031005,0.0907055195241809,0.18426501645507554,0.02584308367636442,0.03462146126309284,0.009352574854154437,0.9635364384521529,0.02876629132413686,0.4744138392253644,21.269687343871873,1261.2563772002586,3872.2001965854406,0.3249362244897959,0.006252044779109053,212.90306036662116,0.002838075698892605,100.83600144246924,0.13466961091861382,4794.383218481344
RIMONE_r2_Im303,RIM-ONE,RIMONE_r2_Im303,1,Glaucoma,C:/Users/TRIPU/OneDrive/Documents/ML/end sem project/RIM-ONE_DL_images\RIM-ONE_DL_images\partitioned_by_hospital\test_set\glaucoma\r2_Im303.png,C:/Users/TRIPU/.gemini/antigravity/scratch/glaucoma_detection\data\processed\RIM-ONE\glaucoma\RIMONE_r2_Im303.png,external_test,-1,r2,partitioned_by_hospital/test_set,False,0.9236230860924742,0.7308105830882307,0.5437932635579945,0.2672420771727711,0.7628139173585664,0.09305995471107117,0.17746002076973963,0.02639038128574098,0.032188511196003196,0.009170316126412949,0.9690973485585124,0.024520815914931965,0.4280448450934139,25.33133522238366,1112.1307733911062,3149.847340998806,0.2985889668367347,0.0038448333994199335,313.8055351443403,0.0015507026906839698,139.0309311536759,0.1078962260504724,7412.943831519235
RIMONE_r2_Im305,RIM-ONE,RIMONE_r2_Im305,1,Glaucoma,C:/Users/TRIPU/OneDrive/Documents/ML/end sem project/RIM-ONE_DL_images\RIM-ONE_DL_images\partitioned_by_hospital\test_set\glaucoma\r2_Im305.png,C:/Users/TRIPU/.gemini/antigravity/scratch/glaucoma_detection\data\processed\RIM-ONE\glaucoma\RIMONE_r2_Im305.png,external_test,-1,r2,partitioned_by_hospital/test_set,False,1.0855001846591097,0.8404034209946978,0.6097392200666095,0.2900090382816037,0.7377916550770899,0.09776300271052317,0.17162574269154895,0.02582795678286918,0.030122478906003516,0.008704507166471288,0.9681622224240454,0.02468278534386449,0.45627168183901246,18.886399765245013,1169.669557195841,3825.7866168083447,0.3326939174107143,0.004023080571788016,309.98444243747815,0.0017322459355290634,147.15544200704898,0.08438030001838648,5310.341078559733
RIMONE_r2_Im314,RIM-ONE,RIMONE_r2_Im314,1,Glaucoma,C:/Users/TRIPU/OneDrive/Documents/ML/end sem project/RIM-ONE_DL_images\RIM-ONE_DL_images\partitioned_by_hospital\test_set\glaucoma\r2_Im314.png,C:/Users/TRIPU/.gemini/antigravity/scratch/glaucoma_detection\data\processed\RIM-ONE\glaucoma\RIMONE_r2_Im314.png,external_test,-1,r2,partitioned_by_hospital/test_set,False,0.7936310919066013,0.5668971687871949,0.4940509519419302,0.22813362465026907,0.7809580507468925,0.08323993404234069,0.22711817497540743,0.03056553109146988,0.05251691709506339,0.013617308908845134,0.9561855595605316,0.031141887625546275,0.4175127381245442,28.558954475914977,1461.337404912921,2733.2007731971694,0.2789032605229592,0.0045269377094048855,255.7459207513456,0.0018248833179346244,110.19541773094306,0.1363906653005931,6714.735259047446
RIMONE_r2_Im315,RIM-ONE,RIMONE_r2_Im315,1,Glaucoma,C:/Users/TRIPU/OneDrive/Documents/ML/end sem project/RIM-ONE_DL_images\RIM-ONE_DL_images\partitioned_by_hospital\test_set\glaucoma\r2_Im315.png,C:/Users/TRIPU/.gemini/antigravity/scratch/glaucoma_detection\data\processed\RIM-ONE\glaucoma\RIMONE_r2_Im315.png,external_test,-1,r2,partitioned_by_hospital/test_set,False,0.7358952507569502,0.45048566617883234,0.5061515538992599,0.20106419091104388,0.7687862073219315,0.07740512135271652,0.21647577630791923,0.0276130149879625,0.04762424032484173,0.01181296045704417,0.9595464135646653,0.02469031337646126,0.4260492755262409,21.231386937606256,1698.9186398533418,3252.755826725005,0.3119569116709183,0.007682862458131577,162.83827007102536,0.0032224408991212393,70.1698375472518,0.1685182148771254,3256.9593539335087
RIMONE_r2_Im317,RIM-ONE,RIMONE_r2_Im317,1,Glaucoma,C:/Users/TRIPU/OneDrive/Documents/ML/end sem project/RIM-ONE_DL_images\RIM-ONE_DL_images\partitioned_by_hospital\test_set\glaucoma\r2_Im317.png,C:/Users/TRIPU/.gemini/antigravity/scratch/glaucoma_detection\data\processed\RIM-ONE\glaucoma\RIMONE_r2_Im317.png,external_test,-1,r2,partitioned_by_hospital/test_set,False,0.8957368319589417,0.5986225413547538,0.5675879785555503,0.2340242155356201,0.7470337068311341,0.08391905261834287,0.20938162765630566,0.02668045630196119,0.0445525127484847,0.011032140744354229,0.953530457881766,0.030953358712995357,0.4597388811399631,17.48948348496153,1719.5407868989307,3956.535207369538,0.34054627710459184,0.006840174525523567,179.6021612212932,0.0030700113356439654,83.74444752079823,0.12814715040486171,2902.61850767304
RIMONE_r2_Im318,RIM-ONE,RIMONE_r2_Im318,1,Glaucoma,C:/Users/TRIPU/OneDrive/Documents/ML/end sem project/RIM-ONE_DL_images\RIM-ONE_DL_images\partitioned_by_hospital\test_set\glaucoma\r2_Im318.png,C:/Users/TRIPU/.gemini/antigravity/scratch/glaucoma_detection\data\processed\RIM-ONE\glaucoma\RIMONE_r2_Im318.png,external_test,-1,r2,partitioned_by_hospital/test_set,False,1.3110498720561379,1.004257896283493,0.681958504460118,0.3137164875272679,0.7145422833881812,0.0990900457350648,0.1923595384709962,0.02928067278057548,0.03785954983925781,0.0111102258572469,0.9283204628802224,0.05473969779098587,0.4924395066977879,14.748104561873483,1823.7697469456427,4710.414969794845,0.36692342952806123,0.005318561263826292,221.9125577333793,0.0025632875934501823,110.70858444476605,0.08185956320875955,3099.470087008767
RIMONE_r2_Im319,RIM-ONE,RIMONE_r2_Im319,1,Glaucoma,C:/Users/TRIPU/OneDrive/Documents/ML/end sem project/RIM-ONE_DL_images\RIM-ONE_DL_images\partitioned_by_hospital\test_set\glaucoma\r2_Im319.png,C:/Users/TRIPU/.gemini/antigravity/scratch/glaucoma_detection\data\processed\RIM-ONE\glaucoma\RIMONE_r2_Im319.png,external_test,-1,r2,partitioned_by_hospital/test_set,False,1.5990598166382828,1.2769449957080703,0.7495077509881733,0.3554595271167374,0.6971849248650388,0.10459980896993044,0.155683491800498,0.02487302751086801,0.02485601711675213,0.007610462412719198,0.950461274326952,0.039643578672923306,0.5265257074099734,14.262233361584249,1392.1229180406897,5383.048206564498,0.3833555883290816,0.003932393032012542,312.27477695275394,0.002073483391438836,160.42621604256448,0.05109521698824196,5031.64498886347
RIMONE_r2_Im320,RIM-ONE,RIMONE_r2_Im320,1,Glaucoma,C:/Users/TRIPU/OneDrive/Documents/ML/end sem project/RIM-ONE_DL_images\RIM-ONE_DL_images\partitioned_by_hospital\test_set\glaucoma\r2_Im320.png,C:/Users/TRIPU/.gemini/antigravity/scratch/glaucoma_detection\data\processed\RIM-ONE\glaucoma\RIMONE_r2_Im320.png,external_test,-1,r2,partitioned_by_hospital/test_set,False,0.9588953897238729,0.6729818322926271,0.5869221127116034,0.26196216457947774,0.7416845235767188,0.09320074230600672,0.19273632881669242,0.029175816762001403,0.037998520729466044,0.011054083366209866,0.9400488624081906,0.042136994763981285,0.44998049511796434,18.075781040010035,1671.4620920057098,3745.6569468336806,0.3331273915816327,0.003720800386986606,299.57411634382186,0.0016813526878194864,133.21567535895156,0.06545368785709679,5560.140217101118
RIMONE_r2_Im321,RIM-ONE,RIMONE_r2_Im321,1,Glaucoma,C:/Users/TRIPU/OneDrive/Documents/ML/end sem project/RIM-ONE_DL_images\RIM-ONE_DL_images\partitioned_by_hospital\test_set\glaucoma\r2_Im321.png,C:/Users/TRIPU/.gemini/antigravity/scratch/glaucoma_detection\data\processed\RIM-ONE\glaucoma\RIMONE_r2_Im321.png,external_test,-1,r2,partitioned_by_hospital/test_set,False,0.5448620296461767,0.3710912320117476,0.4083560599091054,0.1955999516160965,0.8092521191823855,0.08086085757716632,0.21753115239491108,0.027176223910472492,0.04805834940829019,0.011564843047619573,0.981566018263471,0.012563956657336305,0.3242044859195458,39.68296635592735,980.4933311821708,1850.0187521044554,0.2376584422831633,0.004737515560317495,258.8420616685256,0.0014730584388734733,85.128047308451,0.21072849270346278,9573.34770021778
RIMONE_r2_Im324,RIM-ONE,RIMONE_r2_Im324,1,Glaucoma,C:/Users/TRIPU/OneDrive/Documents/ML/end sem project/RIM-ONE_DL_images\RIM-ONE_DL_images\partitioned_by_hospital\test_set\glaucoma\r2_Im324.png,C:/Users/TRIPU/.gemini/antigravity/scratch/glaucoma_detection\data\processed\RIM-ONE\glaucoma\RIMONE_r2_Im324.png,external_test,-1,r2,partitioned_by_hospital/test_set,False,0.9983518348120803,0.7218256642871566,0.5728715141585913,0.2577581881105848,0.7518946990704438,0.08870010322476209,0.18290760868579758,0.026027435151836163,0.03413262069573989,0.009365620154192901,0.9678280277098751,0.023261711136648378,0.4529723036894251,20.95420724472732,1284.9824922018474,3575.9072348952513,0.31947046396683676,0.004087958358472641,295.7489496227329,0.0018092202140375874,134.3525177423447,0.08557315115959592,6410.361312155335
RIMONE_r2_Im329,RIM-ONE,RIMONE_r2_Im329,1,Glaucoma,C:/Users/TRIPU/OneDrive/Documents/ML/end sem project/RIM-ONE_DL_images\RIM-ONE_DL_images\partitioned_by_hospital\test_set\glaucoma\r2_Im329.png,C:/Users/TRIPU/.gemini/antigravity/scratch/glaucoma_detection\data\processed\RIM-ONE\glaucoma\RIMONE_r2_Im329.png,external_test,-1,r2,partitioned_by_hospital/test_set,False,1.3677325397429314,0.9539685801067678,0.6985683564511462,0.2867627698682081,0.7094512501679914,0.08789240131543263,0.16769004221067088,0.02343061372958713,0.0286689439163617,0.007760762792562458,0.9491008924276693,0.03541302938813858,0.5256214136773221,12.962932746412228,1711.3695945519273,5441.237146814277,0.38949896364795916,0.006287271789303234,202.37459429521337,0.0032519385445682835,105.93196974433775,0.08359857739109045,2696.9593968965823
RIMONE_r2_Im330,RIM-ONE,RIMONE_r2_Im330,1,Glaucoma,C:/Users/TRIPU/OneDrive/Documents/ML/end sem project/RIM-ONE_DL_images\RIM-ONE_DL_images\partitioned_by_hospital\test_set\glaucoma\r2_Im330.png,C:/Users/TRIPU/.gemini/antigravity/scratch/glaucoma_detection\data\processed\RIM-ONE\glaucoma\RIMONE_r2_Im330.png,external_test,-1,r2,partitioned_by_hospital/test_set,False,1.8047940125522624,1.318266043098044,0.7905453862319248,0.3213747871063098,0.6865889065416882,0.08715418939238231,0.15553151927072356,0.021279871630575316,0.024642886423273214,0.00654001347459664,0.9411841642284796,0.04292500068567165,0.5629704584310764,10.51305514711165,1581.3681799957576,6634.44696605298,0.42513352997448983,0.0061817537676605045,216.66218346279783,0.0033713517475243288,123.62090049394811,0.06986370534115184,2155.3766885902032
RIMONE_r2_Im331,RIM-ONE,RIMONE_r2_Im331,1,Glaucoma,C:/Users/TRIPU/OneDrive/Documents/ML/end sem project/RIM-ONE_DL_images\RIM-ONE_DL_images\partitioned_by_hospital\test_set\glaucoma\r2_Im331.png,C:/Users/TRIPU/.gemini/antigravity/scratch/glaucoma_detection\data\processed\RIM-ONE\glaucoma\RIMONE_r2_Im331.png,external_test,-1,r2,partitioned_by_hospital/test_set,False,1.1325959585766936,0.8143701428925664,0.6082889841215918,0.2686490752806406,0.7422476671404071,0.08827487957087862,0.197702958377541,0.02849295314750109,0.03989830813029741,0.011106599776411857,0.9403956487897583,0.042814741053559285,0.4774613794087874,19.640419579058324,1669.461973115665,4014.4591189281286,0.3328483737244898,0.007427913225305212,169.46280378834814,0.0034110985829419083,83.10348090880213,0.15500687926603207,3081.595787109257
RIMONE_r2_Im332,RIM-ONE,RIMONE_r2_Im332,1,Glaucoma,C:/Users/TRIPU/OneDrive/Documents/ML/end sem project/RIM-ONE_DL_images\RIM-ONE_DL_images\partitioned_by_hospital\test_set\glaucoma\r2_Im332.png,C:/Users/TRIPU/.gemini/antigravity/scratch/glaucoma_detection\data\processed\RIM-ONE\glaucoma\RIMONE_r2_Im332.png,external_test,-1,r2,partitioned_by_hospital/test_set,False,1.1671699596854772,0.8655787906123596,0.6318177668188925,0.28943369874382974,0.7316333730265862,0.09578931046256563,0.18250079829631471,0.028187229061789013,0.03410106126097392,0.010113003783135488,0.951732325412094,0.03572974718050716,0.46988165391826087,17.27705759418166,1489.2990580862593,4066.4074826063825,0.3424495774872449,0.007141899544412564,181.02684356175993,0.00315243700583944,87.33150808679878,0.13332389392375044,3008.7611891120696
RIMONE_r2_Im333,RIM-ONE,RIMONE_r2_Im333,1,Glaucoma,C:/Users/TRIPU/OneDrive/Documents/ML/end sem project/RIM-ONE_DL_images\RIM-ONE_DL_images\partitioned_by_hospital\test_set\glaucoma\r2_Im333.png,C:/Users/TRIPU/.gemini/antigravity/scratch/glaucoma_detection\data\processed\RIM-ONE\glaucoma\RIMONE_r2_Im333.png,external_test,-1,r2,partitioned_by_hospital/test_set,False,1.0114780668273398,0.7088585579368707,0.5916328793597426,0.25926513955016095,0.7429589641116782,0.08942869373086129,0.17993738138095108,0.02562016783748339,0.03303385421825465,0.009075525952286832,0.9655364096973541,0.024155551964781544,0.46628506950421555,18.847533513544434,1371.3825377129824,3918.1175394008665,0.3345623405612245,0.005488142403885676,230.7017410776537,0.0024478986516466555,108.80330812152154,0.10848641715961999,4380.216550965929
RIMONE_r2_Im334,RIM-ONE,RIMONE_r2_Im334,1,Glaucoma,C:/Users/TRIPU/OneDrive/Documents/ML/end sem project/RIM-ONE_DL_images\RIM-ONE_DL_images\partitioned_by_hospital\test_set\glaucoma\r2_Im334.png,C:/Users/TRIPU/.gemini/antigravity/scratch/glaucoma_detection\data\processed\RIM-ONE\glaucoma\RIMONE_r2_Im334.png,external_test,-1,r2,partitioned_by_hospital/test_set,False,1.0263556716692903,0.7266105171652151,0.6039973668730277,0.2596032008497292,0.7368192249692526,0.08829377928266048,0.1911657641161433,0.026292753353054837,0.037235658248993525,0.009915121532540662,0.9530602289505357,0.03317639616707913,0.47626948687090986,16.205501936807845,1676.44992004683,4222.4022148542945,0.34980867346938777,0.007260358382856555,176.26670623634217,0.0034278901713907786,83.76772570011362,0.11769605208914626,2798.6994851339955
RIMONE_r2_Im338,RIM-ONE,RIMONE_r2_Im338,1,Glaucoma,C:/Users/TRIPU/OneDrive/Documents/ML/end sem project/RIM-ONE_DL_images\RIM-ONE_DL_images\partitioned_by_hospital\test_set\glaucoma\r2_Im338.png,C:/Users/TRIPU/.gemini/antigravity/scratch/glaucoma_detection\data\processed\RIM-ONE\glaucoma\RIMONE_r2_Im338.png,external_test,-1,r2,partitioned_by_hospital/test_set,False,0.9773020129169758,0.6806189076756792,0.5793305597387931,0.2504634037475476,0.7471229457948204,0.08696166090696558,0.21010382949776418,0.029347855647810596,0.0450049158007503,0.012164707621890192,0.9189305327741639,0.05649905068714435,0.46319633319959574,19.074029108603405,1931.7422095359098,3821.178541670654,0.3311792490433673,0.005306000736023756,211.7717683211007,0.0024664257207292965,96.8462065705404,0.09772959461727015,4225.1385158900675
RIMONE_r2_Im339,RIM-ONE,RIMONE_r2_Im339,1,Glaucoma,C:/Users/TRIPU/OneDrive/Documents/ML/end sem project/RIM-ONE_DL_images\RIM-ONE_DL_images\partitioned_by_hospital\test_set\glaucoma\r2_Im339.png,C:/Users/TRIPU/.gemini/antigravity/scratch/glaucoma_detection\data\processed\RIM-ONE\glaucoma\RIMONE_r2_Im339.png,external_test,-1,r2,partitioned_by_hospital/test_set,False,1.4507591945685798,1.1027141436640808,0.7127044955043352,0.31960010810405204,0.707365160641959,0.09599205072325337,0.1613757165431054,0.024002146195110253,0.02661822491177214,0.007622416325714473,0.962045976790111,0.02890755009621023,0.5163828034027151,13.586362634923137,1342.369054210606,5185.351321538988,0.380729830994898,0.005911651995811257,233.5322539607921,0.0029148189685629542,120.98651958943151,0.08763065236460495,3078.6556361123507
RIMONE_r2_Im343,RIM-ONE,RIMONE_r2_Im343,1,Glaucoma,C:/Users/TRIPU/OneDrive/Documents/ML/end sem project/RIM-ONE_DL_images\RIM-ONE_DL_images\partitioned_by_hospital\test_set\glaucoma\r2_Im343.png,C:/Users/TRIPU/.gemini/antigravity/scratch/glaucoma_detection\data\processed\RIM-ONE\glaucoma\RIMONE_r2_Im343.png,external_test,-1,r2,partitioned_by_hospital/test_set,False,0.8369802278838785,0.6205485425231805,0.5309858603205878,0.2530677121280353,0.7635689790088299,0.09271609412115282,0.22461212057093516,0.03328906570767392,0.05155876660306216,0.014667229233500804,0.9245473618889836,0.055899322075129286,0.4178075309032091,24.495210276653125,1813.2724764361296,3038.194199617121,0.29838468590561223,0.006327792664390022,179.310455431167,0.0026815179167541687,72.87795754035602,0.14736964729422541,4594.1178370531825
RIMONE_r2_Im344,RIM-ONE,RIMONE_r2_Im344,1,Glaucoma,C:/Users/TRIPU/OneDrive/Documents/ML/end sem project/RIM-ONE_DL_images\RIM-ONE_DL_images\partitioned_by_hospital\test_set\glaucoma\r2_Im344.png,C:/Users/TRIPU/.gemini/antigravity/scratch/glaucoma_detection\data\processed\RIM-ONE\glaucoma\RIMONE_r2_Im344.png,external_test,-1,r2,partitioned_by_hospital/test_set,False,0.6270611697536604,0.43366917284183704,0.44859218873786166,0.21405662966456315,0.7929686904712523,0.0862545042134995,0.21251960095686007,0.030414353264063124,0.046089613675334255,0.01264116339037736,0.9637125953771092,0.025092000034313243,0.34248572105468955,32.36864782169504,1230.5283818613766,2108.750842560574,0.2571996572066326,0.00466419239490909,248.02490168176593,0.00161058474626897,83.86480383672992,0.15185620637910938,7890.920668702765
RIMONE_r1_Im001,RIM-ONE,RIMONE_r1_Im001,0,Normal,C:/Users/TRIPU/OneDrive/Documents/ML/end sem project/RIM-ONE_DL_images\RIM-ONE_DL_images\partitioned_by_hospital\test_set\normal\r1_Im001.png,C:/Users/TRIPU/.gemini/antigravity/scratch/glaucoma_detection\data\processed\RIM-ONE\normal\RIMONE_r1_Im001.png,external_test,-1,r1,partitioned_by_hospital/test_set,False,0.9090179047220587,0.6252247605806961,0.5354247251466645,0.23305467373413036,0.7660442403449169,0.08241226895515207,0.2239756886111225,0.03007882606604702,0.051069844866338,0.013298155629740552,0.9401479917626624,0.04097740748927129,0.4412863632856452,23.877439409684552,1733.94740483162,3263.239919473247,0.303955078125,0.007475424562051824,163.9074985191994,0.003142558816523117,76.03625402550864,0.1932244699939108,3471.6418783655618
RIMONE_r1_Im003,RIM-ONE,RIMONE_r1_Im003,0,Normal,C:/Users/TRIPU/OneDrive/Documents/ML/end sem project/RIM-ONE_DL_images\RIM-ONE_DL_images\partitioned_by_hospital\test_set\normal\r1_Im003.png,C:/Users/TRIPU/.gemini/antigravity/scratch/glaucoma_detection\data\processed\RIM-ONE\normal\RIMONE_r1_Im003.png,external_test,-1,r1,partitioned_by_hospital/test_set,False,1.6432362864652055,1.2020613439707768,0.748344702770502,0.3195110012644658,0.6988211720082452,0.09300777036086323,0.186553610758824,0.025330277984659644,0.03544387266993495,0.00935215061618723,0.944852339075919,0.04022949423661876,0.5258613537659382,12.276339428797094,1787.7689990604208,5508.602695771678,0.3941127232142857,0.006545963161659348,202.64170527610025,0.0033990608006000686,106.90063672292395,0.07803459324116523,2530.0921650748905
RIMONE_r1_Im004,RIM-ONE,RIMONE_r1_Im004,0,Normal,C:/Users/TRIPU/OneDrive/Documents/ML/end sem project/RIM-ONE_DL_images\RIM-ONE_DL_images\partitioned_by_hospital\test_set\normal\r1_Im004.png,C:/Users/TRIPU/.gemini/antigravity/scratch/glaucoma_detection\data\processed\RIM-ONE\normal\RIMONE_r1_Im004.png,external_test,-1,r1,partitioned_by_hospital/test_set,False,1.6487381352273778,1.2349376890324757,0.7601158908656483,0.3229077369487811,0.6939663417846971,0.09149581891066166,0.1615148393696341,0.022887901145441134,0.026610899355442193,0.007288496942052849,0.9478808499094183,0.03897812836815209,0.5456568459053404,11.45998244851651,1671.492070963709,6014.203804047926,0.4081134406887755,0.006646561109182332,201.8557870276121,0.0035998889977499424,108.77749599413988,0.07397040848886188,2448.4515639854226
RIMONE_r1_Im006,RIM-ONE,RIMONE_r1_Im006,0,Normal,C:/Users/TRIPU/OneDrive/Documents/ML/end sem project/RIM-ONE_DL_images\RIM-ONE_DL_images\partitioned_by_hospital\test_set\normal\r1_Im006.png,C:/Users/TRIPU/.gemini/antigravity/scratch/glaucoma_detection\data\processed\RIM-ONE\normal\RIMONE_r1_Im006.png,external_test,-1,r1,partitioned_by_hospital/test_set,False,0.9087544298908347,0.5973737005822928,0.5751145002148389,0.22199630360205355,0.7433357520368203,0.07742551059978703,0.21026893119093218,0.025052056105355113,0.044840628939282846,0.010357912813118509,0.9398918926952887,0.03933225018049705,0.49725692224880363,14.862936515889096,2102.1490579943475,4605.205611642936,0.3625388632015306,0.009814303400185975,127.68658776993831,0.004808899643856196,63.87010992166384,0.14915608051826656,1862.7676397924959
RIMONE_r1_Im008,RIM-ONE,RIMONE_r1_Im008,0,Normal,C:/Users/TRIPU/OneDrive/Documents/ML/end sem project/RIM-ONE_DL_images\RIM-ONE_DL_images\partitioned_by_hospital\test_set\normal\r1_Im008.png,C:/Users/TRIPU/.gemini/antigravity/scratch/glaucoma_detection\data\processed\RIM-ONE\normal\RIMONE_r1_Im008.png,external_test,-1,r1,partitioned_by_hospital/test_set,False,1.1664519956767487,0.7807465919606836,0.6577067777205966,0.25750561007514833,0.7169200039248463,0.08375565016758657,0.1927303088012989,0.02435208150353686,0.03773799580419893,0.00924442585654669,0.930551213756586,0.04638124352601857,0.5183397224634415,12.195894611689893,2100.1537171151645,5334.268889976986,0.39132752710459184,0.004699261536706335,241.9201143474039,0.0024368938912074827,124.59100530307403,0.056243225737413145,3051.4416628297263
RIMONE_r1_Im011,RIM-ONE,RIMONE_r1_Im011,0,Normal,C:/Users/TRIPU/OneDrive/Documents/ML/end sem project/RIM-ONE_DL_images\RIM-ONE_DL_images\partitioned_by_hospital\test_set\normal\r1_Im011.png,C:/Users/TRIPU/.gemini/antigravity/scratch/glaucoma_detection\data\processed\RIM-ONE\normal\RIMONE_r1_Im011.png,external_test,-1,r1,partitioned_by_hospital/test_set,False,1.2283423122807433,0.8711102604820024,0.6510125420696115,0.27613325403676936,0.7250381992489223,0.08877858174895337,0.19128536750176428,0.026870882419108073,0.03731213614226655,0.010156444389744182,0.9277257364497995,0.05119243129607023,0.48952527412765123,14.935739808573093,1855.8954778458708,4541.8106066722485,0.3622797751913265,0.00476913987942969,240.9543466134005,0.002325346360940635,117.64986503231296,0.06955074374557267,3696.203871313131
RIMONE_r1_Im012,RIM-ONE,RIMONE_r1_Im012,0,Normal,C:/Users/TRIPU/OneDrive/Documents/ML/end sem project/RIM-ONE_DL_images\RIM-ONE_DL_images\partitioned_by_hospital\test_set\normal\r1_Im012.png,C:/Users/TRIPU/.gemini/antigravity/scratch/glaucoma_detection\data\processed\RIM-ONE\normal\RIMONE_r1_Im012.png,external_test,-1,r1,partitioned_by_hospital/test_set,False,0.9663776724620585,0.6300879495561206,0.5767448784054713,0.22203506650047067,0.7467842628450367,0.07567218037565115,0.207428360664323,0.024024523021885062,0.043603702514317534,0.009868466250536985,0.9442974893537741,0.03620267830804694,0.49100493201019635,16.220475621719316,1895.51884927644,4408.530603858886,0.3522450972576531,0.005372591636413017,217.282634953649,0.0026266773028521236,106.73541609920007,0.08771796857329991,3461.799494332138
RIMONE_r1_Im014,RIM-ONE,RIMONE_r1_Im014,0,Normal,C:/Users/TRIPU/OneDrive/Documents/ML/end sem project/RIM-ONE_DL_images\RIM-ONE_DL_images\partitioned_by_hospital\test_set\normal\r1_Im014.png,C:/Users/TRIPU/.gemini/antigravity/scratch/glaucoma_detection\data\processed\RIM-ONE\normal\RIMONE_r1_Im014.png,external_test,-1,r1,partitioned_by_hospital/test_set,False,1.152821290138178,0.8293894742108086,0.6367893144966886,0.27470843235973724,0.7276981315105758,0.09014896875901898,0.19267568738917232,0.02620354088703444,0.03781054606590855,0.00996761080904619,0.9597137210822234,0.028830019860095996,0.4910854859178443,15.560318260634952,1628.9036259266973,4527.878390671106,0.35860770089285715,0.006744708392123973,196.7703718669175,0.003239361636009805,98.57454786204727,0.1078277469021991,2918.796167353599
RIMONE_r1_Im015,RIM-ONE,RIMONE_r1_Im015,0,Normal,C:/Users/TRIPU/OneDrive/Documents/ML/end sem project/RIM-ONE_DL_images\RIM-ONE_DL_images\partitioned_by_hospital\test_set\normal\r1_Im015.png,C:/Users/TRIPU/.gemini/antigravity/scratch/glaucoma_detection\data\processed\RIM-ONE\normal\RIMONE_r1_Im015.png,external_test,-1,r1,partitioned_by_hospital/test_set,False,1.2288459407759331,0.8462969025008931,0.6299494804444851,0.2516598441436012,0.7349126010712778,0.07967790572780313,0.2031514335165935,0.024068692633491182,0.04184980690493239,0.009665998011496906,0.9539611894530879,0.031561637311688116,0.5052148827295468,16.744138387161552,1698.0209938590383,4688.677119429999,0.3587422273596939,0.010795194343885716,139.90164301918048,0.005107613430863947,76.18609353966998,0.21820935017010082,1789.5224464103837
RIMONE_r1_Im019,RIM-ONE,RIMONE_r1_Im019,0,Normal,C:/Users/TRIPU/OneDrive/Documents/ML/end sem project/RIM-ONE_DL_images\RIM-ONE_DL_images\partitioned_by_hospital\test_set\normal\r1_Im019.png,C:/Users/TRIPU/.gemini/antigravity/scratch/glaucoma_detection\data\processed\RIM-ONE\normal\RIMONE_r1_Im019.png,external_test,-1,r1,partitioned_by_hospital/test_set,False,0.783872394281467,0.5641231097686293,0.4784391409193536,0.21934228128482142,0.7890225504839062,0.07883540900737537,0.23226837336645104,0.02943317370247011,0.05481490898049688,0.013413606617388564,0.960080124711694,0.028679824649998537,0.42276912066917194,32.055246035967876,1362.052806236937,2662.321342835574,0.2701839524872449,0.004576719759401991,252.2819578791854,0.0018313639145039104,111.00125484938499,0.15461780478482193,7730.661615583568
RIMONE_r1_Im020,RIM-ONE,RIMONE_r1_Im020,0,Normal,C:/Users/TRIPU/OneDrive/Documents/ML/end sem project/RIM-ONE_DL_images\RIM-ONE_DL_images\partitioned_by_hospital\test_set\normal\r1_Im020.png,C:/Users/TRIPU/.gemini/antigravity/scratch/glaucoma_detection\data\processed\RIM-ONE\normal\RIMONE_r1_Im020.png,external_test,-1,r1,partitioned_by_hospital/test_set,False,0.8921215508908645,0.6502233101689474,0.520410014480343,0.23659838436817468,0.7731839252032819,0.08277297663910368,0.20908222195406667,0.028301425733059594,0.044516346235773496,0.011628926782459463,0.9511753253629721,0.035535100957859174,0.43037534712182257,25.276762618660324,1454.7835597056996,2957.22646320246,0.291324537627551,0.004346559033970991,262.3583753504005,0.0018250831507302485,114.15987048045798,0.1114865028864148,6603.70277635517
RIMONE_r1_Im022,RIM-ONE,RIMONE_r1_Im022,0,Normal,C:/Users/TRIPU/OneDrive/Documents/ML/end sem project/RIM-ONE_DL_images\RIM-ONE_DL_images\partitioned_by_hospital\test_set\normal\r1_Im022.png,C:/Users/TRIPU/.gemini/antigravity/scratch/glaucoma_detection\data\processed\RIM-ONE\normal\RIMONE_r1_Im022.png,external_test,-1,r1,partitioned_by_hospital/test_set,False,2.042023642426869,1.5245757156321667,0.884718456219815,0.38297897601016556,0.6544198446648518,0.10292655213662101,0.15471467855602522,0.024403966408902647,0.02453218533718107,0.007478375424949315,0.9236851099383223,0.05685581114518044,0.5768350925311969,9.04938538139223,1921.4480743319364,7333.986701914628,0.4488251355229592,0.004747524031953578,256.66589653729113,0.0027755268643777616,144.8064129496753,0.04018824742045315,2538.4325242591444
RIMONE_r1_Im023,RIM-ONE,RIMONE_r1_Im023,0,Normal,C:/Users/TRIPU/OneDrive/Documents/ML/end sem project/RIM-ONE_DL_images\RIM-ONE_DL_images\partitioned_by_hospital\test_set\normal\r1_Im023.png,C:/Users/TRIPU/.gemini/antigravity/scratch/glaucoma_detection\data\processed\RIM-ONE\normal\RIMONE_r1_Im023.png,external_test,-1,r1,partitioned_by_hospital/test_set,False,2.1437459366548013,1.637528779030459,0.8899401525919285,0.38682035793217096,0.6575944635424745,0.10004476730722572,0.14792998565042315,0.023096166884601914,0.02241671357929578,0.006767335049575108,0.9277126638508983,0.0551484115653236,0.5812214889637578,9.326214309440509,1791.0882349572612,7368.083026862461,0.44668267697704084,0.005356869187454358,236.63560099820006,0.003120363999421668,135.22685816221468,0.04790261734297722,2382.924490985834
RIMONE_r1_Im024,RIM-ONE,RIMONE_r1_Im024,0,Normal,C:/Users/TRIPU/OneDrive/Documents/ML/end sem project/RIM-ONE_DL_images\RIM-ONE_DL_images\partitioned_by_hospital\test_set\normal\r1_Im024.png,C:/Users/TRIPU/.gemini/antigravity/scratch/glaucoma_detection\data\processed\RIM-ONE\normal\RIMONE_r1_Im024.png,external_test,-1,r1,partitioned_by_hospital/test_set,False,1.259899866414391,0.8722335915321688,0.6613684184828847,0.2628069738773904,0.721726586421176,0.08075200641684957,0.21264124163656975,0.0247260767173037,0.045827676514572036,0.01038905305826745,0.9316611764244969,0.04705111649799248,0.5302330874576557,13.6981008998026,2179.568397717409,5376.627230644451,0.3833107461734694,0.007027659125481338,173.74642871697841,0.003697795374114391,92.38841424517213,0.09578501934777721,2324.857734207162
RIMONE_r1_Im025,RIM-ONE,RIMONE_r1_Im025,0,Normal,C:/Users/TRIPU/OneDrive/Documents/ML/end sem project/RIM-ONE_DL_images\RIM-ONE_DL_images\partitioned_by_hospital\test_set\normal\r1_Im025.png,C:/Users/TRIPU/.gemini/antigravity/scratch/glaucoma_detection\data\processed\RIM-ONE\normal\RIMONE_r1_Im025.png,external_test,-1,r1,partitioned_by_hospital/test_set,False,1.5892634504167067,1.1592011707443823,0.73605215818566,0.3154605323376281,0.7026687314307655,0.09214351916336999,0.18397276351856898,0.025995828551250114,0.0345217608187253,0.009444602169406001,0.9313493751103982,0.04989212170285239,0.5314804245823388,13.156015788238204,1843.5795181831952,5538.883120751071,0.39058514030612246,0.006628215279245446,192.98702651376985,0.00346604836194714,104.20821255604639,0.09087480259183532,2334.4841513437545
RIMONE_r1_Im026,RIM-ONE,RIMONE_r1_Im026,0,Normal,C:/Users/TRIPU/OneDrive/Documents/ML/end sem project/RIM-ONE_DL_images\RIM-ONE_DL_images\partitioned_by_hospital\test_set\normal\r1_Im026.png,C:/Users/TRIPU/.gemini/antigravity/scratch/glaucoma_detection\data\processed\RIM-ONE\normal\RIMONE_r1_Im026.png,external_test,-1,r1,partitioned_by_hospital/test_set,False,0.8408685772131949,0.553005400146968,0.530976178444509,0.2214752467039219,0.763487707492987,0.08069444182633574,0.23217731560334187,0.02979929785725738,0.05479430403355937,0.013655327500979607,0.9167324666720528,0.05465843148788255,0.4371328080969084,21.007427576906707,1968.0152721532745,3327.9505554510215,0.3131626674107143,0.0073191671254869434,156.2247980409067,0.003145104594666559,68.85334081732813,0.1559488424660577,3204.9379617178283
RIMONE_r1_Im027,RIM-ONE,RIMONE_r1_Im027,0,Normal,C:/Users/TRIPU/OneDrive/Documents/ML/end sem project/RIM-ONE_DL_images\RIM-ONE_DL_images\partitioned_by_hospital\test_set\normal\r1_Im027.png,C:/Users/TRIPU/.gemini/antigravity/scratch/glaucoma_detection\data\processed\RIM-ONE\normal\RIMONE_r1_Im027.png,external_test,-1,r1,partitioned_by_hospital/test_set,False,0.8731885771254037,0.5981061435453111,0.5465043817791737,0.23635374650681815,0.7571769070980959,0.08567600916558084,0.22589237067116893,0.030513024614041005,0.05195840779853788,0.013591433859993547,0.9317173030122569,0.0466801066065288,0.4361464437298711,20.30464777090736,1918.4029513291534,3391.5887371699873,0.317691725127551,0.006937896294616178,167.18951714308017,0.0029989076560648542,72.807763606018,0.14543274012067525,3262.1642941259283
RIMONE_r1_Im028,RIM-ONE,RIMONE_r1_Im028,0,Normal,C:/Users/TRIPU/OneDrive/Documents/ML/end sem project/RIM-ONE_DL_images\RIM-ONE_DL_images\partitioned_by_hospital\test_set\normal\r1_Im028.png,C:/Users/TRIPU/.gemini/antigravity/scratch/glaucoma_detection\data\processed\RIM-ONE\normal\RIMONE_r1_Im028.png,external_test,-1,r1,partitioned_by_hospital/test_set,False,1.7188120846561301,1.1810213971936663,0.7953533293182656,0.30366955468740237,0.6795902479844353,0.08403592714501286,0.14663260084928606,0.018441779375835726,0.02184121885837304,0.005367104597574979,0.9572578132871966,0.02937954504358498,0.5707279788202526,9.593690001997862,1490.2365766683463,7063.258704825737,0.44047452965561223,0.006806936249599042,216.90591207723054,0.0037182920312611397,126.15621663295886,0.0774001072055779,1841.3798340848089
RIMONE_r1_Im029,RIM-ONE,RIMONE_r1_Im029,0,Normal,C:/Users/TRIPU/OneDrive/Documents/ML/end sem project/RIM-ONE_DL_images\RIM-ONE_DL_images\partitioned_by_hospital\test_set\normal\r1_Im029.png,C:/Users/TRIPU/.gemini/antigravity/scratch/glaucoma_detection\data\processed\RIM-ONE\normal\RIMONE_r1_Im029.png,external_test,-1,r1,partitioned_by_hospital/test_set,False,1.7491240987754917,1.195935662875249,0.8063999573053723,0.3084347135037788,0.67544104085488,0.08568432087674058,0.16030701621588941,0.020544486840528214,0.026120415387582068,0.0065432336976748,0.9512373291480883,0.03330777699122729,0.5713448391530869,9.256020404407362,1680.789980511654,7169.333432215359,0.4451929209183674,0.007947243230644462,187.06408034768248,0.004389835777467299,108.56571261846842,0.07873675248154019,1604.722092944114
RIMONE_r1_Im031,RIM-ONE,RIMONE_r1_Im031,0,Normal,C:/Users/TRIPU/OneDrive/Documents/ML/end sem project/RIM-ONE_DL_images\RIM-ONE_DL_images\partitioned_by_hospital\test_set\normal\r1_Im031.png,C:/Users/TRIPU/.gemini/antigravity/scratch/glaucoma_detection\data\processed\RIM-ONE\normal\RIMONE_r1_Im031.png,external_test,-1,r1,partitioned_by_hospital/test_set,False,1.3242678732877409,0.8891584731013781,0.6985862198972668,0.26755275461128564,0.7062801371693372,0.08145162924737394,0.20436009361814989,0.023332889249558078,0.042307471584351115,0.009439627653425313,0.9279213592161603,0.048208627920145616,0.5409161031061404,11.284425209846031,2259.9248039737254,5926.1062665833615,0.4074756855867347,0.0055344582709698185,212.74339500238847,0.002952488312772829,116.20945924017714,0.0632738310279761,2361.5500558997105
RIMONE_r1_Im032,RIM-ONE,RIMONE_r1_Im032,0,Normal,C:/Users/TRIPU/OneDrive/Documents/ML/end sem project/RIM-ONE_DL_images\RIM-ONE_DL_images\partitioned_by_hospital\test_set\normal\r1_Im032.png,C:/Users/TRIPU/.gemini/antigravity/scratch/glaucoma_detection\data\processed\RIM-ONE\normal\RIMONE_r1_Im032.png,external_test,-1,r1,partitioned_by_hospital/test_set,False,1.4600870882587857,1.071444061661325,0.7379930294490427,0.3273326929941534,0.6955076237629217,0.10019731713224832,0.1913548062611432,0.028840146672839156,0.037448415939350534,0.010899323553012147,0.905162618628283,0.06942291660377188,0.5233800318426707,12.320377039766155,2132.5536371513153,5459.482423350775,0.3931859853316327,0.005125531113327619,224.12359943581455,0.002726689849756787,114.38929715701686,0.06118061465305233,2852.532423201166
RIMONE_r1_Im033,RIM-ONE,RIMONE_r1_Im033,0,Normal,C:/Users/TRIPU/OneDrive/Documents/ML/end sem project/RIM-ONE_DL_images\RIM-ONE_DL_images\partitioned_by_hospital\test_set\normal\r1_Im033.png,C:/Users/TRIPU/.gemini/antigravity/scratch/glaucoma_detection\data\processed\RIM-ONE\normal\RIMONE_r1_Im033.png,external_test,-1,r1,partitioned_by_hospital/test_set,False,1.3821542122603396,1.0201228743539703,0.7206111075443825,0.3205881939193814,0.6992311541280483,0.10027295889995615,0.1904879701797434,0.028905168666067745,0.037121175558812634,0.010854518288438683,0.9116436422695232,0.06509812501042378,0.5154906888478136,12.496778911383663,2034.8378793510515,5286.246000849246,0.38880640146683676,0.005190761281742349,223.48844185148272,0.0026890683748048544,114.43147589947735,0.06403476411555313,2786.4418685298115
RIMONE_r1_Im036,RIM-ONE,RIMONE_r1_Im036,0,Normal,C:/Users/TRIPU/OneDrive/Documents/ML/end sem project/RIM-ONE_DL_images\RIM-ONE_DL_images\partitioned_by_hospital\test_set\normal\r1_Im036.png,C:/Users/TRIPU/.gemini/antigravity/scratch/glaucoma_detection\data\processed\RIM-ONE\normal\RIMONE_r1_Im036.png,external_test,-1,r1,partitioned_by_hospital/test_set,False,2.007785720483602,1.5296676385628674,0.8266697671735687,0.35320650203817855,0.6798896819718768,0.09182135367566363,0.16270898373778234,0.02096126883062772,0.02691358817997176,0.006761999958995169,0.968955458067185,0.02357975653318273,0.5658623801823419,10.99364566536035,1516.8115266757577,6643.196464280232,0.4230707908163265,0.010252202186228227,183.71085443596093,0.0055566877276400604,103.62422155570768,0.1213075096146308,2099.100442276402
RIMONE_r1_Im037,RIM-ONE,RIMONE_r1_Im037,0,Normal,C:/Users/TRIPU/OneDrive/Documents/ML/end sem project/RIM-ONE_DL_images\RIM-ONE_DL_images\partitioned_by_hospital\test_set\normal\r1_Im037.png,C:/Users/TRIPU/.gemini/antigravity/scratch/glaucoma_detection\data\processed\RIM-ONE\normal\RIMONE_r1_Im037.png,external_test,-1,r1,partitioned_by_hospital/test_set,False,2.2129797558701667,1.652034337125064,0.8638226019747398,0.35671688030553433,0.6718952616450746,0.08838200505787985,0.172219796058641,0.0215681503840959,0.030124843265470866,0.007372643042774461,0.9554847551828384,0.033106241280394945,0.5793762990089641,9.996418274332871,1703.0198532774623,7152.865078091046,0.4377491230867347,0.011030063936267856,160.53662383958442,0.006038492254970724,95.09696492101573,0.12540551578531658,1487.2196111581488
RIMONE_r1_Im040,RIM-ONE,RIMONE_r1_Im040,0,Normal,C:/Users/TRIPU/OneDrive/Documents/ML/end sem project/RIM-ONE_DL_images\RIM-ONE_DL_images\partitioned_by_hospital\test_set\normal\r1_Im040.png,C:/Users/TRIPU/.gemini/antigravity/scratch/glaucoma_detection\data\processed\RIM-ONE\normal\RIMONE_r1_Im040.png,external_test,-1,r1,partitioned_by_hospital/test_set,False,1.5490889802571586,1.140454423500491,0.7108147253331177,0.3110098081995249,0.7150724807133869,0.09037763184988296,0.19161618607219744,0.026978533942622927,0.03744460405854825,0.010214249269697594,0.949892057235084,0.036702564757528325,0.5237531380944624,15.546868920962055,1588.226850394437,5076.585737176412,0.369255221619898,0.0053103573637001186,243.02212094805438,0.0026763131410276596,131.69231609601496,0.08835493852985801,3450.7171723241704
RIMONE_r1_Im041,RIM-ONE,RIMONE_r1_Im041,0,Normal,C:/Users/TRIPU/OneDrive/Documents/ML/end sem project/RIM-ONE_DL_images\RIM-ONE_DL_images\partitioned_by_hospital\test_set\normal\r1_Im041.png,C:/Users/TRIPU/.gemini/antigravity/scratch/glaucoma_detection\data\processed\RIM-ONE\normal\RIMONE_r1_Im041.png,external_test,-1,r1,partitioned_by_hospital/test_set,False,1.1906313669064905,0.8153213226255717,0.6223687357235704,0.2560555122538516,0.7377836909946289,0.08254625641581466,0.20602033826517244,0.02650092217572658,0.04314667865505999,0.010807048857669211,0.9483012662469084,0.035239405553918385,0.4850499598564096,16.963248379535806,1781.124493724882,4259.255306466626,0.3472128109056123,0.007358384175041906,173.13285809273162,0.003493794999006647,84.6477259299032,0.12939852056717066,2801.439920687831
RIMONE_r1_Im042,RIM-ONE,RIMONE_r1_Im042,0,Normal,C:/Users/TRIPU/OneDrive/Documents/ML/end sem project/RIM-ONE_DL_images\RIM-ONE_DL_images\partitioned_by_hospital\test_set\normal\r1_Im042.png,C:/Users/TRIPU/.gemini/antigravity/scratch/glaucoma_detection\data\processed\RIM-ONE\normal\RIMONE_r1_Im042.png,external_test,-1,r1,partitioned_by_hospital/test_set,False,0.7515321096687217,0.5075923457169019,0.4832790952412809,0.20961869133691158,0.783557864945927,0.07762121697024293,0.2401151991855516,0.029567363048658875,0.05852953783756829,0.013979222734494081,0.9536872373177929,0.031190389980524577,0.4186573667262734,27.937091286757166,1583.4200413517008,2799.112134332715,0.2827845982142857,0.0056289002941691995,206.32898651104057,0.0022836202436236994,88.41805424099357,0.16414091255985738,5439.021488577249
RIMONE_r1_Im046,RIM-ONE,RIMONE_r1_Im046,0,Normal,C:/Users/TRIPU/OneDrive/Documents/ML/end sem project/RIM-ONE_DL_images\RIM-ONE_DL_images\partitioned_by_hospital\test_set\normal\r1_Im046.png,C:/Users/TRIPU/.gemini/antigravity/scratch/glaucoma_detection\data\processed\RIM-ONE\normal\RIMONE_r1_Im046.png,external_test,-1,r1,partitioned_by_hospital/test_set,False,1.0880950005913077,0.7876643918337293,0.6010263326678681,0.26546281435529034,0.7432072825173776,0.08821250843374275,0.20972354138743962,0.02872921714954519,0.04480933173011481,0.011901739769184605,0.9476149416187507,0.037864612708062885,0.4707679199385495,19.540605515782403,1689.8955748524302,3949.480182514976,0.3329928651147959,0.006293225331382084,193.22529047774398,0.0028555065689812482,92.80099999077832,0.12986680038314596,3607.1379083096967
RIMONE_r1_Im047,RIM-ONE,RIMONE_r1_Im047,0,Normal,C:/Users/TRIPU/OneDrive/Documents/ML/end sem project/RIM-ONE_DL_images\RIM-ONE_DL_images\partitioned_by_hospital\test_set\normal\r1_Im047.png,C:/Users/TRIPU/.gemini/antigravity/scratch/glaucoma_detection\data\processed\RIM-ONE\normal\RIMONE_r1_Im047.png,external_test,-1,r1,partitioned_by_hospital/test_set,False,1.4701560752222598,1.0092426250691802,0.756663593470493,0.3115244761932905,0.6858261271677913,0.09618032578814388,0.17826535115361966,0.02610974369371326,0.032460254137674734,0.009228835427607001,0.9163660776271746,0.05726829999006858,0.5380659956475136,10.911255893345102,2204.0806535252564,6079.036495820766,0.4144810267857143,0.004296535721080512,262.7813229198324,0.0023490677855782078,137.8325908997848,0.04403159995794162,3086.181769925178
RIMONE_r1_Im050,RIM-ONE,RIMONE_r1_Im050,0,Normal,C:/Users/TRIPU/OneDrive/Documents/ML/end sem project/RIM-ONE_DL_images\RIM-ONE_DL_images\partitioned_by_hospital\test_set\normal\r1_Im050.png,C:/Users/TRIPU/.gemini/antigravity/scratch/glaucoma_detection\data\processed\RIM-ONE\normal\RIMONE_r1_Im050.png,external_test,-1,r1,partitioned_by_hospital/test_set,False,0.7917372600053438,0.5198764674019768,0.49540112627925276,0.196303430382415,0.7795931070135365,0.0692558838990376,0.2316161446094267,0.02371357976875745,0.05420837230918408,0.010812744664922188,0.9575444266400185,0.027739822620368636,0.4660111229615491,24.1140142003322,1595.9025908049196,3433.2849896789003,0.30509107940051017,0.015898235673250025,95.42766882375732,0.007129993327165112,46.12516511761922,0.4505561364869397,1863.642981229426
RIMONE_r1_Im052,RIM-ONE,RIMONE_r1_Im052,0,Normal,C:/Users/TRIPU/OneDrive/Documents/ML/end sem project/RIM-ONE_DL_images\RIM-ONE_DL_images\partitioned_by_hospital\test_set\normal\r1_Im052.png,C:/Users/TRIPU/.gemini/antigravity/scratch/glaucoma_detection\data\processed\RIM-ONE\normal\RIMONE_r1_Im052.png,external_test,-1,r1,partitioned_by_hospital/test_set,False,1.6427062832766044,1.365632580543748,0.7403056094924182,0.3536634235284177,0.704321052086405,0.1005785812077537,0.17841997449538818,0.027095228280344743,0.03256783869449897,0.009523431174551806,0.9620786961484477,0.03146820188124498,0.5195284468154084,14.430087972698958,1389.7660692112568,5145.267180930057,0.37467115752551017,0.006748974000884001,217.0120506810337,0.0032893831336527845,116.12970899362344,0.10284634848743959,3004.8565299119014
RIMONE_r1_Im054,RIM-ONE,RIMONE_r1_Im054,0,Normal,C:/Users/TRIPU/OneDrive/Documents/ML/end sem project/RIM-ONE_DL_images\RIM-ONE_DL_images\partitioned_by_hospital\test_set\normal\r1_Im054.png,C:/Users/TRIPU/.gemini/antigravity/scratch/glaucoma_detection\data\processed\RIM-ONE\normal\RIMONE_r1_Im054.png,external_test,-1,r1,partitioned_by_hospital/test_set,False,1.3545771529848165,1.0021511777338383,0.6555298547192048,0.28333292320799,0.7309299581757712,0.08539673837212979,0.20356711130548932,0.02490468983887984,0.04205981238123228,0.009993802599080448,0.9578140650081594,0.031112413510709643,0.5093029621208909,16.645942255667467,1501.2777397952493,4653.793393772267,0.355712890625,0.00620673615394045,214.90328963583178,0.00299913006115726,112.83868871637048,0.11771621548550809,3116.191838446087
RIMONE_r1_Im055,RIM-ONE,RIMONE_r1_Im055,0,Normal,C:/Users/TRIPU/OneDrive/Documents/ML/end sem project/RIM-ONE_DL_images\RIM-ONE_DL_images\partitioned_by_hospital\test_set\normal\r1_Im055.png,C:/Users/TRIPU/.gemini/antigravity/scratch/glaucoma_detection\data\processed\RIM-ONE\normal\RIMONE_r1_Im055.png,external_test,-1,r1,partitioned_by_hospital/test_set,False,1.5884756221738163,1.184545107021357,0.7261768423214474,0.300853473360998,0.7070483719378666,0.0844852957139322,0.16383314209870117,0.020153432777471943,0.027247459302649296,0.0064880127638367304,0.9610937009681133,0.029017203252344935,0.5482035951498612,12.660804405516878,1347.293214538919,5887.038482043621,0.3987364477040817,0.007599495604125068,202.74280546476174,0.003962751023790184,113.12657131640638,0.11674387341621256,2190.4442337907317
RIMONE_r1_Im056,RIM-ONE,RIMONE_r1_Im056,0,Normal,C:/Users/TRIPU/OneDrive/Documents/ML/end sem project/RIM-ONE_DL_images\RIM-ONE_DL_images\partitioned_by_hospital\test_set\normal\r1_Im056.png,C:/Users/TRIPU/.gemini/antigravity/scratch/glaucoma_detection\data\processed\RIM-ONE\normal\RIMONE_r1_Im056.png,external_test,-1,r1,partitioned_by_hospital/test_set,False,1.623777068984631,1.1733434055546212,0.7372053171548677,0.2940885597328558,0.7036468514904293,0.08186052963000906,0.1670000935447947,0.01991887154004023,0.028285792687398798,0.006551292293184064,0.9589596754616654,0.029595021476629877,0.5490002266075438,11.604560469723523,1433.1741256213218,6013.527124042826,0.4063496492346939,0.006854279589076397,214.57249045421423,0.003585928746769146,120.94920994039799,0.0917722659686857,2207.236739225854
RIMONE_r1_Im057,RIM-ONE,RIMONE_r1_Im057,0,Normal,C:/Users/TRIPU/OneDrive/Documents/ML/end sem project/RIM-ONE_DL_images\RIM-ONE_DL_images\partitioned_by_hospital\test_set\normal\r1_Im057.png,C:/Users/TRIPU/.gemini/antigravity/scratch/glaucoma_detection\data\processed\RIM-ONE\normal\RIMONE_r1_Im057.png,external_test,-1,r1,partitioned_by_hospital/test_set,False,1.4742980394950032,1.0296562267244735,0.7269182543839716,0.29728389496592456,0.701214069522133,0.08907198065371,0.19243843337260702,0.02598435262736747,0.0377077372203667,0.009921553731986568,0.9028234430219283,0.06768909653278905,0.5296992986772989,12.053034598713282,2180.6910765684015,5637.841590000582,0.39801399075255106,0.006081482943472335,192.20194054656343,0.0032282540370412553,100.975366448736,0.07212840353274873,2371.5993891802586
RIMONE_r1_Im058,RIM-ONE,RIMONE_r1_Im058,0,Normal,C:/Users/TRIPU/OneDrive/Documents/ML/end sem project/RIM-ONE_DL_images\RIM-ONE_DL_images\partitioned_by_hospital\test_set\normal\r1_Im058.png,C:/Users/TRIPU/.gemini/antigravity/scratch/glaucoma_detection\data\processed\RIM-ONE\normal\RIMONE_r1_Im058.png,external_test,-1,r1,partitioned_by_hospital/test_set,False,1.450637532427874,1.065537275597372,0.7031649316944139,0.2963091750872807,0.712314927063327,0.08670697590509402,0.2014455497114979,0.02608988690292873,0.041260991697175176,0.010427428463895877,0.9194827098491429,0.058864036539407756,0.5261375483280273,13.559152764335593,2092.3954350451404,5350.529474880924,0.38308155293367346,0.008073034233919066,155.2993617135148,0.004174947496425638,82.85087533588357,0.10816682759445567,2092.6455839511264
RIMONE_r1_Im059,RIM-ONE,RIMONE_r1_Im059,0,Normal,C:/Users/TRIPU/OneDrive/Documents/ML/end sem project/RIM-ONE_DL_images\RIM-ONE_DL_images\partitioned_by_hospital\test_set\normal\r1_Im059.png,C:/Users/TRIPU/.gemini/antigravity/scratch/glaucoma_detection\data\processed\RIM-ONE\normal\RIMONE_r1_Im059.png,external_test,-1,r1,partitioned_by_hospital/test_set,False,1.297233603726551,0.971576007052451,0.6608070856110061,0.2973058989247052,0.7245881276168514,0.0934189865431281,0.19549458454559196,0.028571592881982417,0.039034468506467336,0.011014102235678612,0.9328703066007593,0.0500436176257373,0.4921664829709408,16.049585728913094,1837.6248538663986,4463.725758006985,0.3551249601403061,0.005924013001980622,202.7486707443723,0.0028809859213912484,100.15873208079037,0.0958238374812012,3200.002525399721
RIMONE_r1_Im060,RIM-ONE,RIMONE_r1_Im060,0,Normal,C:/Users/TRIPU/OneDrive/Documents/ML/end sem project/RIM-ONE_DL_images\RIM-ONE_DL_images\partitioned_by_hospital\test_set\normal\r1_Im060.png,C:/Users/TRIPU/.gemini/antigravity/scratch/glaucoma_detection\data\processed\RIM-ONE\normal\RIMONE_r1_Im060.png,external_test,-1,r1,partitioned_by_hospital/test_set,False,1.753627812616373,1.29183606597928,0.808612089708419,0.35313813494720425,0.6770277607702013,0.10050305101916382,0.16000996596398098,0.024819231857206733,0.02621918347777615,0.007861004696124798,0.9384933601521687,0.04515860264267412,0.5511056592014745,10.997845726262824,1700.646422626183,6340.580480885447,0.4182079081632653,0.005748086711207987,225.59046174783657,0.0031268111520501686,124.57338264194742,0.06470930588085708,2438.433110012065
RIMONE_r1_Im061,RIM-ONE,RIMONE_r1_Im061,0,Normal,C:/Users/TRIPU/OneDrive/Documents/ML/end sem project/RIM-ONE_DL_images\RIM-ONE_DL_images\partitioned_by_hospital\test_set\normal\r1_Im061.png,C:/Users/TRIPU/.gemini/antigravity/scratch/glaucoma_detection\data\processed\RIM-ONE\normal\RIMONE_r1_Im061.png,external_test,-1,r1,partitioned_by_hospital/test_set,False,1.2371464634627911,0.9108906341505928,0.6429033583591047,0.2840442368589217,0.730457911533294,0.0900700546627516,0.19474078103177817,0.027790816166372957,0.03869630126006011,0.010692617940800729,0.9347776400934675,0.047947040256044585,0.49067196297144133,16.65497751896877,1743.7017620205675,4406.776398119078,0.3508649553571429,0.007348775456358645,170.40202452644488,0.003511204961583001,85.05282410830742,0.12500085666921149,2736.985316377477
RIMONE_r1_Im062,RIM-ONE,RIMONE_r1_Im062,0,Normal,C:/Users/TRIPU/OneDrive/Documents/ML/end sem project/RIM-ONE_DL_images\RIM-ONE_DL_images\partitioned_by_hospital\test_set\normal\r1_Im062.png,C:/Users/TRIPU/.gemini/antigravity/scratch/glaucoma_detection\data\processed\RIM-ONE\normal\RIMONE_r1_Im062.png,external_test,-1,r1,partitioned_by_hospital/test_set,False,1.6136334216671486,1.0897621591845508,0.7808068835448396,0.30424510867388493,0.6809896783226326,0.08921383999448014,0.1494432567622586,0.021128630020181473,0.02277970599824006,0.00624549474441499,0.950127437559135,0.033651915668725864,0.5556573430098004,9.688931313883327,1659.6817103113776,6643.6562859440555,0.4328762755102041,0.006075810682941556,219.04255397348888,0.003351722880361683,120.10889244081224,0.06089803260830498,2133.7422885038886
RIMONE_r1_Im063,RIM-ONE,RIMONE_r1_Im063,0,Normal,C:/Users/TRIPU/OneDrive/Documents/ML/end sem project/RIM-ONE_DL_images\RIM-ONE_DL_images\partitioned_by_hospital\test_set\normal\r1_Im063.png,C:/Users/TRIPU/.gemini/antigravity/scratch/glaucoma_detection\data\processed\RIM-ONE\normal\RIMONE_r1_Im063.png,external_test,-1,r1,partitioned_by_hospital/test_set,False,1.9976181468616152,1.3348193937990922,0.8824680179890622,0.33182939765480224,0.6516698833312705,0.0887938154274933,0.16076439767796927,0.021338938475787484,0.0263005418560337,0.006803449367218285,0.9159444316767001,0.05605680710072223,0.5927528475294106,7.617613809097574,2218.273926460517,8130.949116626063,0.47567562181122447,0.005529200628812148,221.02254777833403,0.0032957986131432627,129.36304224007762,0.040802826648521126,1757.3451418283792
RIMONE_r1_Im071,RIM-ONE,RIMONE_r1_Im071,0,Normal,C:/Users/TRIPU/OneDrive/Documents/ML/end sem project/RIM-ONE_DL_images\RIM-ONE_DL_images\partitioned_by_hospital\test_set\normal\r1_Im071.png,C:/Users/TRIPU/.gemini/antigravity/scratch/glaucoma_detection\data\processed\RIM-ONE\normal\RIMONE_r1_Im071.png,external_test,-1,r1,partitioned_by_hospital/test_set,False,1.3883553170545877,1.0058637546671787,0.7221152413870612,0.29345585414940173,0.6968679078169632,0.08813502574579392,0.17784400027182093,0.02369587094540032,0.03218998273254452,0.008292372775237521,0.9390892271229255,0.044000461553156324,0.5463715217362042,10.47112204277847,1932.0391681644794,6219.0054240193185,0.41856664540816324,0.00938025585445949,146.6830114913089,0.0049947405661073235,81.62881990652541,0.10279405519060657,1450.3607050728772
RIMONE_r1_Im072,RIM-ONE,RIMONE_r1_Im072,0,Normal,C:/Users/TRIPU/OneDrive/Documents/ML/end sem project/RIM-ONE_DL_images\RIM-ONE_DL_images\partitioned_by_hospital\test_set\normal\r1_Im072.png,C:/Users/TRIPU/.gemini/antigravity/scratch/glaucoma_detection\data\processed\RIM-ONE\normal\RIMONE_r1_Im072.png,external_test,-1,r1,partitioned_by_hospital/test_set,False,1.0658600546899073,0.6218140469336558,0.6585043153979008,0.22296056239947934,0.7085555811316105,0.07595158231125151,0.2187632466652535,0.024434822052121056,0.04845441862024138,0.010609707270102948,0.8937266729619567,0.061717741018243885,0.5320688072118778,10.127018239495674,2892.7341988741,6046.650405326244,0.4196827168367347,0.009164624831209198,127.9626570631283,0.004806986679078162,69.13907584027164,0.09371169991793464,1277.909367939947
RIMONE_r1_Im073,RIM-ONE,RIMONE_r1_Im073,0,Normal,C:/Users/TRIPU/OneDrive/Documents/ML/end sem project/RIM-ONE_DL_images\RIM-ONE_DL_images\partitioned_by_hospital\test_set\normal\r1_Im073.png,C:/Users/TRIPU/.gemini/antigravity/scratch/glaucoma_detection\data\processed\RIM-ONE\normal\RIMONE_r1_Im073.png,external_test,-1,r1,partitioned_by_hospital/test_set,False,1.1316853236599973,0.6883372085838882,0.6887718422205596,0.23811773013700668,0.6967285316058649,0.07917136976723507,0.20789344580146019,0.024220389886284815,0.04380631209344832,0.009978013208273441,0.8793245921727445,0.07315858348415231,0.5435598878731251,9.055525462713108,2850.376248851835,6544.1411390239045,0.43686722735969385,0.008778166750431127,132.66975246616724,0.004710110050440138,72.96945013999151,0.08192673911063424,1159.5290639821756
RIMONE_r1_Im080,RIM-ONE,RIMONE_r1_Im080,0,Normal,C:/Users/TRIPU/OneDrive/Documents/ML/end sem project/RIM-ONE_DL_images\RIM-ONE_DL_images\partitioned_by_hospital\test_set\normal\r1_Im080.png,C:/Users/TRIPU/.gemini/antigravity/scratch/glaucoma_detection\data\processed\RIM-ONE\normal\RIMONE_r1_Im080.png,external_test,-1,r1,partitioned_by_hospital/test_set,False,1.0294882729867403,0.702030037360075,0.5794955690179826,0.22094244536091628,0.7499492723098858,0.06987214804343363,0.2138252727815809,0.01885736677746382,0.04607684756189729,0.007943924541299439,0.9622256968196156,0.025701280491767176,0.523434878724014,18.194510111181515,1475.9125676763563,4871.517697511478,0.3572624362244898,0.022972173151295332,91.13493576248993,0.011212728322699225,51.42340413789905,0.6342077909551317,1045.51000425465
RIMONE_r1_Im082,RIM-ONE,RIMONE_r1_Im082,0,Normal,C:/Users/TRIPU/OneDrive/Documents/ML/end sem project/RIM-ONE_DL_images\RIM-ONE_DL_images\partitioned_by_hospital\test_set\normal\r1_Im082.png,C:/Users/TRIPU/.gemini/antigravity/scratch/glaucoma_detection\data\processed\RIM-ONE\normal\RIMONE_r1_Im082.png,external_test,-1,r1,partitioned_by_hospital/test_set,False,1.2053713884228712,0.7871922623645411,0.6626431582036051,0.24370969802297254,0.7168761753190264,0.07634970839711189,0.17310355374976663,0.020917907324546254,0.030402399167636655,0.007154806783272523,0.9448646960179469,0.03604313791490541,0.5318985263640902,11.764216927169777,1751.6116404017048,5675.273788121028,0.4000866948341837,0.009732119911589012,142.52033476555718,0.0049487541196027995,77.5606541547992,0.12673729826749808,1570.139167794146
RIMONE_r1_Im086,RIM-ONE,RIMONE_r1_Im086,0,Normal,C:/Users/TRIPU/OneDrive/Documents/ML/end sem project/RIM-ONE_DL_images\RIM-ONE_DL_images\partitioned_by_hospital\test_set\normal\r1_Im086.png,C:/Users/TRIPU/.gemini/antigravity/scratch/glaucoma_detection\data\processed\RIM-ONE\normal\RIMONE_r1_Im086.png,external_test,-1,r1,partitioned_by_hospital/test_set,False,0.9221420101800741,0.5858145480240252,0.5540794706868434,0.19884749326924464,0.7552147428438136,0.06702894109777399,0.2268566711145902,0.02255097283042113,0.05197249560479173,0.01007852320554175,0.9517148090466464,0.030523448444552934,0.5022229400775708,16.72793861724593,1889.972769236932,4534.2423470858475,0.35387436224489793,0.019065483706214515,86.08810847150639,0.009002611678208448,46.88406220989897,0.3819023891009324,1118.2405659669555
RIMONE_r1_Im087,RIM-ONE,RIMONE_r1_Im087,0,Normal,C:/Users/TRIPU/OneDrive/Documents/ML/end sem project/RIM-ONE_DL_images\RIM-ONE_DL_images\partitioned_by_hospital\test_set\normal\r1_Im087.png,C:/Users/TRIPU/.gemini/antigravity/scratch/glaucoma_detection\data\processed\RIM-ONE\normal\RIMONE_r1_Im087.png,external_test,-1,r1,partitioned_by_hospital/test_set,False,1.322151037856502,0.9235747662358136,0.6750389404807337,0.25496964722319976,0.7168944490370871,0.07534650890525914,0.19729102108690535,0.021083258925237998,0.03936825080842237,0.008220293788417748,0.9559635317936751,0.030636556195949967,0.5397647322991799,12.001606999696993,1813.720472003401,5786.135588720329,0.4001365194515306,0.014303494677405895,117.18021645956449,0.007251347641004737,66.71380115165186,0.20191474950382426,1162.6059198140692
RIMONE_r1_Im095,RIM-ONE,RIMONE_r1_Im095,0,Normal,C:/Users/TRIPU/OneDrive/Documents/ML/end sem project/RIM-ONE_DL_images\RIM-ONE_DL_images\partitioned_by_hospital\test_set\normal\r1_Im095.png,C:/Users/TRIPU/.gemini/antigravity/scratch/glaucoma_detection\data\processed\RIM-ONE\normal\RIMONE_r1_Im095.png,external_test,-1,r1,partitioned_by_hospital/test_set,False,0.8135717982780536,0.42902635876912293,0.5527160438709285,0.1719959801404006,0.7481881537433339,0.06263714647460936,0.24906370977673764,0.02275693467169186,0.06255060960340265,0.011255657352559198,0.9234004075581123,0.04018107560402101,0.502357172963021,13.527841898347258,2751.145484559671,4845.874286045793,0.3741081393494898,0.012765172717689982,96.80944673037526,0.006330820395742563,49.44980533841543,0.17902892276593485,1231.3130708478295
RIMONE_r1_Im107,RIM-ONE,RIMONE_r1_Im107,0,Normal,C:/Users/TRIPU/OneDrive/Documents/ML/end sem project/RIM-ONE_DL_images\RIM-ONE_DL_images\partitioned_by_hospital\test_set\normal\r1_Im107.png,C:/Users/TRIPU/.gemini/antigravity/scratch/glaucoma_detection\data\processed\RIM-ONE\normal\RIMONE_r1_Im107.png,external_test,-1,r1,partitioned_by_hospital/test_set,False,0.826256759034207,0.47913893960160886,0.5642694975492296,0.19632189760703997,0.7429634558787322,0.07174610168542683,0.22807925725182632,0.023264624279555293,0.052561390331413625,0.01051907080250116,0.9533503344672352,0.026921977565359214,0.4895124879305669,13.570305133852106,2198.576116614579,4689.3952198519655,0.3716368383290816,0.011940570617981781,111.83234458751194,0.005722395409657485,55.59135497763022,0.17066297475520634,1459.7601493393056
RIMONE_r1_Im108,RIM-ONE,RIMONE_r1_Im108,0,Normal,C:/Users/TRIPU/OneDrive/Documents/ML/end sem project/RIM-ONE_DL_images\RIM-ONE_DL_images\partitioned_by_hospital\test_set\normal\r1_Im108.png,C:/Users/TRIPU/.gemini/antigravity/scratch/glaucoma_detection\data\processed\RIM-ONE\normal\RIMONE_r1_Im108.png,external_test,-1,r1,partitioned_by_hospital/test_set,False,1.507395826825773,0.9782888633346709,0.7858147493599534,0.2858548704292256,0.6712584768868105,0.08500522622867689,0.18188069073167856,0.022400690900118578,0.03358237661383516,0.008074741021547429,0.9226656492734264,0.05002914470836091,0.5749189885275862,8.121376045573339,2478.9587433977463,7517.643410755702,0.4609823421556123,0.008034151578184174,156.57874035151283,0.004534857287056667,90.93809352703941,0.06692755309648939,1262.7265950711908
RIMONE_r1_Im115,RIM-ONE,RIMONE_r1_Im115,0,Normal,C:/Users/TRIPU/OneDrive/Documents/ML/end sem project/RIM-ONE_DL_images\RIM-ONE_DL_images\partitioned_by_hospital\test_set\normal\r1_Im115.png,C:/Users/TRIPU/.gemini/antigravity/scratch/glaucoma_detection\data\processed\RIM-ONE\normal\RIMONE_r1_Im115.png,external_test,-1,r1,partitioned_by_hospital/test_set,False,1.0753084298361217,0.6798852447331877,0.6213579050479376,0.22037971597936754,0.7301045860617227,0.0708169569541578,0.19150267053534173,0.019823869029938546,0.03706625860548379,0.007500440477875696,0.9441831315718271,0.03526927080617763,0.5321962385684252,13.000843893254897,1831.831829565207,5486.772541732866,0.3899374202806123,0.01035402219731239,130.8019254019116,0.005372223442185169,70.57367489621411,0.15477621043885176,1514.3900025692096
RIMONE_r1_Im116,RIM-ONE,RIMONE_r1_Im116,0,Normal,C:/Users/TRIPU/OneDrive/Documents/ML/end sem project/RIM-ONE_DL_images\RIM-ONE_DL_images\partitioned_by_hospital\test_set\normal\r1_Im116.png,C:/Users/TRIPU/.gemini/antigravity/scratch/glaucoma_detection\data\processed\RIM-ONE\normal\RIMONE_r1_Im116.png,external_test,-1,r1,partitioned_by_hospital/test_set,False,1.4243081634793018,0.9005688899058917,0.7409134610448435,0.2568690808877342,0.6894067774969664,0.07613093737664497,0.17838044863061317,0.019884443539571178,0.032214975548537216,0.007032333617679606,0.9410415823997208,0.03726193054934314,0.5698509223977869,9.099538639082265,2021.815006908986,7068.949834523128,0.44386758609693877,0.007207856064133679,180.8330340551288,0.003996603315640146,104.9946894372713,0.07101125552656554,1525.732796422666
RIMONE_r1_Im119,RIM-ONE,RIMONE_r1_Im119,0,Normal,C:/Users/TRIPU/OneDrive/Documents/ML/end sem project/RIM-ONE_DL_images\RIM-ONE_DL_images\partitioned_by_hospital\test_set\normal\r1_Im119.png,C:/Users/TRIPU/.gemini/antigravity/scratch/glaucoma_detection\data\processed\RIM-ONE\normal\RIMONE_r1_Im119.png,external_test,-1,r1,partitioned_by_hospital/test_set,False,0.9378837089647755,0.613444065906765,0.5550853266395425,0.20264238251599573,0.7564381794543394,0.06650103403621713,0.2563502443562422,0.019473639942313374,0.06609467043410797,0.009879603284817476,0.9628110827563439,0.02421871501649999,0.5102288774433972,17.702497687387446,1854.5812224256097,4600.491535388781,0.3516820790816326,0.01627570449081016,101.87142821296908,0.007873126329475682,54.61774224537839,0.36438381585039026,1337.3411860578512
RIMONE_r1_Im125,RIM-ONE,RIMONE_r1_Im125,0,Normal,C:/Users/TRIPU/OneDrive/Documents/ML/end sem project/RIM-ONE_DL_images\RIM-ONE_DL_images\partitioned_by_hospital\test_set\normal\r1_Im125.png,C:/Users/TRIPU/.gemini/antigravity/scratch/glaucoma_detection\data\processed\RIM-ONE\normal\RIMONE_r1_Im125.png,external_test,-1,r1,partitioned_by_hospital/test_set,False,1.013813041829385,0.584075093842925,0.6417712808955834,0.21122314354110802,0.7139776058095499,0.07191422003615441,0.18576980037010724,0.020190093996612386,0.03491805862514154,0.007432243815514811,0.9587021139725497,0.0236367944383849,0.5371611781670677,10.162623742754802,2130.18533115582,6115.047220263498,0.41936882174744894,0.006810017531990896,186.380513858866,0.003632598497407365,100.31836515179984,0.06919981562102479,1898.3992629939269
RIMONE_r1_Im127,RIM-ONE,RIMONE_r1_Im127,0,Normal,C:/Users/TRIPU/OneDrive/Documents/ML/end sem project/RIM-ONE_DL_images\RIM-ONE_DL_images\partitioned_by_hospital\test_set\normal\r1_Im127.png,C:/Users/TRIPU/.gemini/antigravity/scratch/glaucoma_detection\data\processed\RIM-ONE\normal\RIMONE_r1_Im127.png,external_test,-1,r1,partitioned_by_hospital/test_set,False,1.3984512055556637,0.898245104122554,0.7376908154817103,0.25841187431843177,0.6888839556618168,0.07702527361875763,0.17767010229628596,0.020688791496926578,0.031994691343576014,0.007265189087825055,0.9161838976808055,0.05380784396361514,0.5673949168679256,8.830834832698647,2221.8472465186787,7057.837964852362,0.4460349569515306,0.005453135904186749,214.9682635187442,0.0030902880153798836,121.77616024652355,0.048212113331650194,1904.8452710280744
RIMONE_r1_Im128,RIM-ONE,RIMONE_r1_Im128,0,Normal,C:/Users/TRIPU/OneDrive/Documents/ML/end sem project/RIM-ONE_DL_images\RIM-ONE_DL_images\partitioned_by_hospital\test_set\normal\r1_Im128.png,C:/Users/TRIPU/.gemini/antigravity/scratch/glaucoma_detection\data\processed\RIM-ONE\normal\RIMONE_r1_Im128.png,external_test,-1,r1,partitioned_by_hospital/test_set,False,0.7056655082787503,0.3811897501928286,0.4931385729940352,0.1606336821884421,0.7731529978870518,0.06060938467338469,0.2361063507887601,0.02345893550070606,0.05629653053761131,0.010937445123237913,0.9296381546331628,0.03801706095880722,0.47377933846125153,18.143818743295515,2209.649679488101,3907.4355648674796,0.3346370774872449,0.02493469312070826,59.303754766489334,0.011624966730572972,28.875751560540493,0.51802352550411,942.2118144640391
RIMONE_r1_Im129,RIM-ONE,RIMONE_r1_Im129,0,Normal,C:/Users/TRIPU/OneDrive/Documents/ML/end sem project/RIM-ONE_DL_images\RIM-ONE_DL_images\partitioned_by_hospital\test_set\normal\r1_Im129.png,C:/Users/TRIPU/.gemini/antigravity/scratch/glaucoma_detection\data\processed\RIM-ONE\normal\RIMONE_r1_Im129.png,external_test,-1,r1,partitioned_by_hospital/test_set,False,1.3067553690511389,0.8651792946477351,0.6874369172666377,0.25597081319658566,0.7105704057512982,0.07749080870312085,0.17741187470420264,0.020693220074088012,0.03190318264309434,0.007249395856368875,0.9498013135411515,0.033211643052421115,0.5402955213406785,11.262212527802768,1788.055535633798,5920.27237183959,0.4078045280612245,0.01475806855382073,110.58971956233685,0.007651649453757273,60.765942638702526,0.1978184531326355,1077.9818456545004
RIMONE_r1_Im130,RIM-ONE,RIMONE_r1_Im130,0,Normal,C:/Users/TRIPU/OneDrive/Documents/ML/end sem project/RIM-ONE_DL_images\RIM-ONE_DL_images\partitioned_by_hospital\test_set\normal\r1_Im130.png,C:/Users/TRIPU/.gemini/antigravity/scratch/glaucoma_detection\data\processed\RIM-ONE\normal\RIMONE_r1_Im130.png,external_test,-1,r1,partitioned_by_hospital/test_set,False,1.056746298293288,0.6371506333361207,0.6206316931146899,0.2136013355013704,0.728955779423185,0.07051625802439827,0.22815163211177125,0.023109537242500703,0.05258721794682753,0.01046157463042448,0.9433501136601045,0.033961608667284746,0.524953884753691,12.785309705745718,2370.320873650555,5413.3715279971375,0.3893843670280613,0.015289289264702832,96.88758101919679,0.007782151557619696,53.57628603816975,0.21461983723462844,1046.147183101958
RIMONE_r1_Im131,RIM-ONE,RIMONE_r1_Im131,0,Normal,C:/Users/TRIPU/OneDrive/Documents/ML/end sem project/RIM-ONE_DL_images\RIM-ONE_DL_images\partitioned_by_hospital\test_set\normal\r1_Im131.png,C:/Users/TRIPU/.gemini/antigravity/scratch/glaucoma_detection\data\processed\RIM-ONE\normal\RIMONE_r1_Im131.png,external_test,-1,r1,partitioned_by_hospital/test_set,False,1.4601739310655415,0.9945803473092553,0.6962209968529404,0.25884965655382214,0.7135364708659582,0.07434440798620588,0.20021416296108396,0.02037728186476814,0.0405009446664037,0.008070682439778912,0.954664564093366,0.030757079648093023,0.5475842353902993,11.895787477301981,1848.4101859764005,5992.594828535108,0.4052036830357143,0.01236639397811223,132.47873493444524,0.006463609766265772,76.42357563020761,0.16712231413523065,1294.507051905031
RIMONE_r1_Im132,RIM-ONE,RIMONE_r1_Im132,0,Normal,C:/Users/TRIPU/OneDrive/Documents/ML/end sem project/RIM-ONE_DL_images\RIM-ONE_DL_images\partitioned_by_hospital\test_set\normal\r1_Im132.png,C:/Users/TRIPU/.gemini/antigravity/scratch/glaucoma_detection\data\processed\RIM-ONE\normal\RIMONE_r1_Im132.png,external_test,-1,r1,partitioned_by_hospital/test_set,False,1.4071433150989472,0.9230243538776904,0.7553869253309641,0.2761878796610127,0.6802888044625162,0.08418263008737704,0.18493190949212815,0.022942826169856288,0.03472618442106492,0.008400076745650591,0.9172955680635758,0.054135175855090374,0.560388393093979,8.54875846817577,2385.4775734270406,7058.388245326167,0.4497518734056123,0.010964863715642335,120.7024938418842,0.005987828900453458,68.68896844833698,0.09939509805371338,982.185780118585
RIMONE_r1_Im133,RIM-ONE,RIMONE_r1_Im133,0,Normal,C:/Users/TRIPU/OneDrive/Documents/ML/end sem project/RIM-ONE_DL_images\RIM-ONE_DL_images\partitioned_by_hospital\test_set\normal\r1_Im133.png,C:/Users/TRIPU/.gemini/antigravity/scratch/glaucoma_detection\data\processed\RIM-ONE\normal\RIMONE_r1_Im133.png,external_test,-1,r1,partitioned_by_hospital/test_set,False,1.633008655902514,1.1840511151657442,0.7828527827387739,0.3187452170949,0.6807612703188511,0.09045007017208238,0.15760792981986949,0.022210741135464653,0.02533357656389153,0.006881758839690096,0.9273189696951568,0.05286662007490529,0.5622069202335696,9.322896313834136,1833.2326782461028,6805.766874290026,0.4375597895408163,0.005953771317130066,210.23464327004245,0.0033263678822039577,117.24676659959883,0.056040970073911026,1982.0196375679393
RIMONE_r1_Im136,RIM-ONE,RIMONE_r1_Im136,0,Normal,C:/Users/TRIPU/OneDrive/Documents/ML/end sem project/RIM-ONE_DL_images\RIM-ONE_DL_images\partitioned_by_hospital\test_set\normal\r1_Im136.png,C:/Users/TRIPU/.gemini/antigravity/scratch/glaucoma_detection\data\processed\RIM-ONE\normal\RIMONE_r1_Im136.png,external_test,-1,r1,partitioned_by_hospital/test_set,False,0.8185878410122581,0.5028709121551315,0.5484406756622434,0.1991787161453989,0.7511740206188652,0.07187398318865255,0.21104010908289664,0.02218296170060913,0.0450300114315316,0.00922618312561498,0.9593236830305857,0.024939708474931325,0.486326737212152,15.13716652320129,1770.9629066425216,4416.922238790023,0.35812938456632654,0.013983437469165682,107.54647913680505,0.006590267056572532,54.27684427718627,0.2354541367357468,1405.8042485812418
RIMONE_r1_Im137,RIM-ONE,RIMONE_r1_Im137,0,Normal,C:/Users/TRIPU/OneDrive/Documents/ML/end sem project/RIM-ONE_DL_images\RIM-ONE_DL_images\partitioned_by_hospital\test_set\normal\r1_Im137.png,C:/Users/TRIPU/.gemini/antigravity/scratch/glaucoma_detection\data\processed\RIM-ONE\normal\RIMONE_r1_Im137.png,external_test,-1,r1,partitioned_by_hospital/test_set,False,1.1722990350988718,0.7839156396358005,0.6454420700379716,0.24035410740756216,0.7239465527775151,0.07443511198037511,0.2198813060743515,0.021102756953083678,0.04879311511198356,0.009178699564502403,0.9654295813596804,0.023011747777949423,0.5350648676669032,12.782366871294434,1871.9162286696646,5590.774720349979,0.39260303730867346,0.015116689030901947,121.5111651628461,0.0075162050260700166,71.04926293315145,0.22888741415243505,1156.2117219181255
RIMONE_r1_Im138,RIM-ONE,RIMONE_r1_Im138,0,Normal,C:/Users/TRIPU/OneDrive/Documents/ML/end sem project/RIM-ONE_DL_images\RIM-ONE_DL_images\partitioned_by_hospital\test_set\normal\r1_Im138.png,C:/Users/TRIPU/.gemini/antigravity/scratch/glaucoma_detection\data\processed\RIM-ONE\normal\RIMONE_r1_Im138.png,external_test,-1,r1,partitioned_by_hospital/test_set,False,1.3646568133472075,0.9150519203440695,0.6874601188280928,0.24654756146470588,0.7125596567317487,0.07187703317684399,0.2103185779367831,0.01951032987571247,0.04461455719720983,0.008151341894435688,0.9648039645777926,0.02349952384458683,0.5483057262956706,11.551099236619109,1880.814057104535,6121.271301487076,0.41073919802295916,0.012995178494585641,137.28976007023607,0.006703477471527977,80.34280715081249,0.17757051264979345,1250.899443280878
RIMONE_r1_Im142,RIM-ONE,RIMONE_r1_Im142,0,Normal,C:/Users/TRIPU/OneDrive/Documents/ML/end sem project/RIM-ONE_DL_images\RIM-ONE_DL_images\partitioned_by_hospital\test_set\normal\r1_Im142.png,C:/Users/TRIPU/.gemini/antigravity/scratch/glaucoma_detection\data\processed\RIM-ONE\normal\RIMONE_r1_Im142.png,external_test,-1,r1,partitioned_by_hospital/test_set,False,1.1806497568091292,0.7523513935206109,0.6525879264791994,0.23764260355678227,0.7201844899833737,0.07595263673178139,0.19697501185063662,0.0215321084474807,0.039262786987752506,0.008388877844376832,0.9683254422663442,0.020080343858335337,0.5275891827182108,12.222110414273974,1741.4140707375575,5522.188398134166,0.3948551100127551,0.015680188277075412,120.76163693655896,0.0077412563782036665,67.96317813716793,0.22539607639861134,1176.517472035639
RIMONE_r1_Im143,RIM-ONE,RIMONE_r1_Im143,0,Normal,C:/Users/TRIPU/OneDrive/Documents/ML/end sem project/RIM-ONE_DL_images\RIM-ONE_DL_images\partitioned_by_hospital\test_set\normal\r1_Im143.png,C:/Users/TRIPU/.gemini/antigravity/scratch/glaucoma_detection\data\processed\RIM-ONE\normal\RIMONE_r1_Im143.png,external_test,-1,r1,partitioned_by_hospital/test_set,False,0.9113585712858615,0.5582578623776546,0.5785244513348652,0.203805560898976,0.7414917737542576,0.07047700886631371,0.22538507056821513,0.02197463686894345,0.051281314700561235,0.009792213246818539,0.9649883063037645,0.0213335123806442,0.5025188666376361,13.761001180954807,2058.6286947669614,4850.893136465548,0.37398357780612246,0.017935257302402606,95.45799401665454,0.008744584347008331,49.60073880206049,0.2738205259919481,1103.3510830300327
RIMONE_r1_Im145,RIM-ONE,RIMONE_r1_Im145,0,Normal,C:/Users/TRIPU/OneDrive/Documents/ML/end sem project/RIM-ONE_DL_images\RIM-ONE_DL_images\partitioned_by_hospital\test_set\normal\r1_Im145.png,C:/Users/TRIPU/.gemini/antigravity/scratch/glaucoma_detection\data\processed\RIM-ONE\normal\RIMONE_r1_Im145.png,external_test,-1,r1,partitioned_by_hospital/test_set,False,0.8905756991140127,0.5830509774643043,0.5546504434127826,0.2090219400617149,0.7535697122308425,0.07132278057590542,0.2215456663481675,0.020279841978521708,0.04949375426832737,0.008866912904829164,0.9716587050637004,0.01849577283974302,0.4999221265626266,17.051883350418613,1608.1630417600118,4485.173698738487,0.352165377869898,0.013673804025704756,122.81019190269387,0.006583216328595362,63.056711264188394,0.27826433231150755,1676.9827095229316
RIMONE_r1_Im146,RIM-ONE,RIMONE_r1_Im146,0,Normal,C:/Users/TRIPU/OneDrive/Documents/ML/end sem project/RIM-ONE_DL_images\RIM-ONE_DL_images\partitioned_by_hospital\test_set\normal\r1_Im146.png,C:/Users/TRIPU/.gemini/antigravity/scratch/glaucoma_detection\data\processed\RIM-ONE\normal\RIMONE_r1_Im146.png,external_test,-1,r1,partitioned_by_hospital/test_set,False,0.7075923309880685,0.4197502749717947,0.5035010573072506,0.18454911466746776,0.7677449175500816,0.07025795401029201,0.20240877252352432,0.02096458964050571,0.04140882521327462,0.008344653929274484,0.9732573119708672,0.015856472053078673,0.4631926494019945,18.49095834044435,1413.2219571086855,3806.3676100179227,0.33285335618622447,0.013494885192371756,120.61584559549101,0.006104809257880567,57.184294303311404,0.28751595457564416,1850.4456258140976
RIMONE_r1_Im149,RIM-ONE,RIMONE_r1_Im149,0,Normal,C:/Users/TRIPU/OneDrive/Documents/ML/end sem project/RIM-ONE_DL_images\RIM-ONE_DL_images\partitioned_by_hospital\test_set\normal\r1_Im149.png,C:/Users/TRIPU/.gemini/antigravity/scratch/glaucoma_detection\data\processed\RIM-ONE\normal\RIMONE_r1_Im149.png,external_test,-1,r1,partitioned_by_hospital/test_set,False,1.326726478216963,0.9242154037964867,0.6920248610695797,0.270902830240924,0.7095769342142786,0.08137622021277635,0.18055634066001994,0.021467026483341315,0.03306142537857364,0.00764190699018315,0.9595032039211121,0.02816416849124929,0.5427089364594544,11.805027774439747,1643.7800680031498,5924.7598020713285,0.4045659279336734,0.011640052086536958,141.27867822947934,0.005938568188278526,81.41032320262303,0.15758944859622848,1408.9303594331
RIMONE_r1_Im150,RIM-ONE,RIMONE_r1_Im150,0,Normal,C:/Users/TRIPU/OneDrive/Documents/ML/end sem project/RIM-ONE_DL_images\RIM-ONE_DL_images\partitioned_by_hospital\test_set\normal\r1_Im150.png,C:/Users/TRIPU/.gemini/antigravity/scratch/glaucoma_detection\data\processed\RIM-ONE\normal\RIMONE_r1_Im150.png,external_test,-1,r1,partitioned_by_hospital/test_set,False,1.088231211349144,0.6991547460420194,0.6161464438297998,0.21695850505799172,0.7338351767816379,0.06761677049450447,0.18360075365203088,0.018870289370307203,0.03406532456251287,0.006815122004449805,0.9607520467338474,0.02518822605350202,0.5393810239410948,13.166209227750073,1590.0053741051352,5578.285599423167,0.3895786830357143,0.014254994641381729,120.53923080671126,0.00728165548091946,68.74066179656889,0.2349930508392321,1250.8379048776453
RIMONE_r1_Im151,RIM-ONE,RIMONE_r1_Im151,0,Normal,C:/Users/TRIPU/OneDrive/Documents/ML/end sem project/RIM-ONE_DL_images\RIM-ONE_DL_images\partitioned_by_hospital\test_set\normal\r1_Im151.png,C:/Users/TRIPU/.gemini/antigravity/scratch/glaucoma_detection\data\processed\RIM-ONE\normal\RIMONE_r1_Im151.png,external_test,-1,r1,partitioned_by_hospital/test_set,False,1.1521781820927297,0.7528081402347637,0.6220492036607009,0.2270757313396594,0.7355963638489836,0.07003370219517242,0.20578164935123544,0.021223995303827993,0.042796545186371736,0.008629682213865397,0.9380446773405836,0.040419394085683166,0.5300602722433767,14.504083562521654,1853.6791337470622,5232.999147571494,0.3762157206632653,0.01259986474430104,112.1526596667943,0.0063500157421860805,61.28048984041736,0.20167669706739128,1466.6800266430946
RIMONE_r1_Im152,RIM-ONE,RIMONE_r1_Im152,0,Normal,C:/Users/TRIPU/OneDrive/Documents/ML/end sem project/RIM-ONE_DL_images\RIM-ONE_DL_images\partitioned_by_hospital\test_set\normal\r1_Im152.png,C:/Users/TRIPU/.gemini/antigravity/scratch/glaucoma_detection\data\processed\RIM-ONE\normal\RIMONE_r1_Im152.png,external_test,-1,r1,partitioned_by_hospital/test_set,False,0.8327534476049664,0.5186299716226329,0.5338039719412293,0.1914783134089681,0.7605327710820173,0.06679680073125363,0.2256388257069566,0.021126540911221306,0.05135921039728785,0.009389549651128544,0.9649723654804877,0.02172989466217945,0.4958731080140948,17.165153060593543,1719.3789075850702,4360.221179190862,0.34803491709183676,0.017250838876975892,98.91035748107328,0.008154328017938988,52.133134064320494,0.3537717161151179,1274.2854693926865
RIMONE_r1_Im153,RIM-ONE,RIMONE_r1_Im153,0,Normal,C:/Users/TRIPU/OneDrive/Documents/ML/end sem project/RIM-ONE_DL_images\RIM-ONE_DL_images\partitioned_by_hospital\test_set\normal\r1_Im153.png,C:/Users/TRIPU/.gemini/antigravity/scratch/glaucoma_detection\data\processed\RIM-ONE\normal\RIMONE_r1_Im153.png,external_test,-1,r1,partitioned_by_hospital/test_set,False,0.9983166757469405,0.5955850552362263,0.6104557553625553,0.20684484901126843,0.7295976954247055,0.07018547908268977,0.2179164130996637,0.022857055951279903,0.04801000810498323,0.009878680168487254,0.914659155379053,0.0507512071765986,0.5183253223402042,12.250193055802372,2430.938844483793,5365.177834325532,0.392578125,0.012756353039860129,100.23172969638995,0.006533430628108365,52.72939940005781,0.16434855851815008,1143.8543431122719
RIMONE_r1_Im154,RIM-ONE,RIMONE_r1_Im154,0,Normal,C:/Users/TRIPU/OneDrive/Documents/ML/end sem project/RIM-ONE_DL_images\RIM-ONE_DL_images\partitioned_by_hospital\test_set\normal\r1_Im154.png,C:/Users/TRIPU/.gemini/antigravity/scratch/glaucoma_detection\data\processed\RIM-ONE\normal\RIMONE_r1_Im154.png,external_test,-1,r1,partitioned_by_hospital/test_set,False,1.2123952161884222,0.7675732156058384,0.6528688780199866,0.22798420092049537,0.7224264822288565,0.06977965518449686,0.19860851910041102,0.01999440022791138,0.03984511989973224,0.007869828988961144,0.9472954492438949,0.03327925681042422,0.5429214310923807,12.729297240485717,1954.611910000182,5814.2978402342105,0.39892578125,0.013104414167971833,114.68606090601996,0.006835797674101007,64.73033688878134,0.2043219467178534,1184.786763995864
RIMONE_r1_Im155,RIM-ONE,RIMONE_r1_Im155,0,Normal,C:/Users/TRIPU/OneDrive/Documents/ML/end sem project/RIM-ONE_DL_images\RIM-ONE_DL_images\partitioned_by_hospital\test_set\normal\r1_Im155.png,C:/Users/TRIPU/.gemini/antigravity/scratch/glaucoma_detection\data\processed\RIM-ONE\normal\RIMONE_r1_Im155.png,external_test,-1,r1,partitioned_by_hospital/test_set,False,0.9159671215402675,0.5781474008589126,0.5656827428015382,0.20713143942227816,0.748911504333431,0.07118231249116884,0.2006859291582529,0.022839215592815654,0.04079647193100642,0.009024486776383305,0.9379421293620381,0.03926904245386368,0.5029339720167746,15.551127904404064,1890.8259648246421,4607.939547862716,0.3596241230867347,0.010257317932835082,125.33192668040186,0.005010333510185766,64.3836472856687,0.1791735319777807,1773.9573318244088
RIMONE_r1_Im156,RIM-ONE,RIMONE_r1_Im156,0,Normal,C:/Users/TRIPU/OneDrive/Documents/ML/end sem project/RIM-ONE_DL_images\RIM-ONE_DL_images\partitioned_by_hospital\test_set\normal\r1_Im156.png,C:/Users/TRIPU/.gemini/antigravity/scratch/glaucoma_detection\data\processed\RIM-ONE\normal\RIMONE_r1_Im156.png,external_test,-1,r1,partitioned_by_hospital/test_set,False,1.1618483050803277,0.7573997018931672,0.6697716368325755,0.25216329771744184,0.709957552136435,0.08195239495185748,0.18625225138294846,0.023488596983019847,0.03524161533344775,0.008636681708955431,0.9303231169393432,0.045408988870259355,0.5282084746084217,11.002357887283853,2169.1937520760002,5750.992356777675,0.4072963169642857,0.00705062404645208,171.43645135914852,0.003696651305073663,90.36368474141841,0.07683488225332377,1929.7649440753942
RIMONE_r1_Im159,RIM-ONE,RIMONE_r1_Im159,0,Normal,C:/Users/TRIPU/OneDrive/Documents/ML/end sem project/RIM-ONE_DL_images\RIM-ONE_DL_images\partitioned_by_hospital\test_set\normal\r1_Im159.png,C:/Users/TRIPU/.gemini/antigravity/scratch/glaucoma_detection\data\processed\RIM-ONE\normal\RIMONE_r1_Im159.png,external_test,-1,r1,partitioned_by_hospital/test_set,False,0.6460924724134046,0.3529607754339443,0.4806958514129387,0.1645931408380186,0.7755308285718092,0.06453657543655927,0.2446236121616979,0.02425648402301727,0.06042908864419569,0.01167426835778932,0.945934365370364,0.029503166301272112,0.45804783796121007,18.507319459174433,2106.051920099053,3679.7580745757487,0.3288424744897959,0.018203070646171587,76.69254075341111,0.008166833932403549,36.18783372072076,0.36480558652172546,1250.7384405494727
RIMONE_r1_Im161,RIM-ONE,RIMONE_r1_Im161,0,Normal,C:/Users/TRIPU/OneDrive/Documents/ML/end sem project/RIM-ONE_DL_images\RIM-ONE_DL_images\partitioned_by_hospital\test_set\normal\r1_Im161.png,C:/Users/TRIPU/.gemini/antigravity/scratch/glaucoma_detection\data\processed\RIM-ONE\normal\RIMONE_r1_Im161.png,external_test,-1,r1,partitioned_by_hospital/test_set,False,1.0129553924261079,0.6331728735385661,0.5943602610374819,0.20960063938019405,0.7399825065948898,0.06898500486136062,0.19348147383357087,0.02015333416590095,0.03784123759481326,0.007699743084023726,0.9543379211838672,0.02859145547474934,0.5164068710040515,13.902333931016921,1717.0091079025983,5045.939623509394,0.37594168526785715,0.00949073690556348,144.93207354306566,0.004736312617840022,76.96815656618332,0.14576742544632484,1845.7550007016807
RIMONE_r1_Im162,RIM-ONE,RIMONE_r1_Im162,0,Normal,C:/Users/TRIPU/OneDrive/Documents/ML/end sem project/RIM-ONE_DL_images\RIM-ONE_DL_images\partitioned_by_hospital\test_set\normal\r1_Im162.png,C:/Users/TRIPU/.gemini/antigravity/scratch/glaucoma_detection\data\processed\RIM-ONE\normal\RIMONE_r1_Im162.png,external_test,-1,r1,partitioned_by_hospital/test_set,False,0.9223320214313168,0.5881360956501879,0.56385884011824,0.2016302404170679,0.7507704186443496,0.06722412064599231,0.21326093375649913,0.020867941847710694,0.04591569686365333,0.008779995308418819,0.950389592660091,0.03171144415968215,0.5120410036662604,15.567899022325015,1863.1235022927722,4758.487027271627,0.36186124840561223,0.010989975731204197,122.66290631683711,0.005463821384965498,63.939961604588234,0.18827192213155525,1770.7845180866493
RIMONE_r1_Im163,RIM-ONE,RIMONE_r1_Im163,0,Normal,C:/Users/TRIPU/OneDrive/Documents/ML/end sem project/RIM-ONE_DL_images\RIM-ONE_DL_images\partitioned_by_hospital\test_set\normal\r1_Im163.png,C:/Users/TRIPU/.gemini/antigravity/scratch/glaucoma_detection\data\processed\RIM-ONE\normal\RIMONE_r1_Im163.png,external_test,-1,r1,partitioned_by_hospital/test_set,False,1.4292514881993645,0.9864142311907558,0.7033743611159902,0.26785613862253066,0.7101177704723667,0.07704071364723307,0.19776737992031404,0.021817971252458677,0.03958796043011896,0.008524861732187347,0.9404980555551052,0.04090521829518021,0.5488809532947009,11.881191348813026,1939.0154125604554,6025.183948525128,0.4055325255102041,0.008635560681068036,156.7870149257146,0.004545640166998793,88.93479526884694,0.11571744367508435,1646.842275250126
RIMONE_r1_Im164,RIM-ONE,RIMONE_r1_Im164,0,Normal,C:/Users/TRIPU/OneDrive/Documents/ML/end sem project/RIM-ONE_DL_images\RIM-ONE_DL_images\partitioned_by_hospital\test_set\normal\r1_Im164.png,C:/Users/TRIPU/.gemini/antigravity/scratch/glaucoma_detection\data\processed\RIM-ONE\normal\RIMONE_r1_Im164.png,external_test,-1,r1,partitioned_by_hospital/test_set,False,0.9400660026415525,0.5779161976164516,0.5779881520520153,0.20141305139451357,0.7444055221173854,0.06743921608716846,0.19541330886545163,0.020188208576929132,0.03859392504729002,0.007796705191314878,0.9485216518412786,0.03163629159555676,0.5152028823474288,14.47315788718498,1786.5876011572773,4956.421157766588,0.3712033641581633,0.010945478489954943,124.03579363100873,0.005454393039868105,65.08528525647876,0.18425077083211303,1613.865463562145
RIMONE_r1_Im165,RIM-ONE,RIMONE_r1_Im165,0,Normal,C:/Users/TRIPU/OneDrive/Documents/ML/end sem project/RIM-ONE_DL_images\RIM-ONE_DL_images\partitioned_by_hospital\test_set\normal\r1_Im165.png,C:/Users/TRIPU/.gemini/antigravity/scratch/glaucoma_detection\data\processed\RIM-ONE\normal\RIMONE_r1_Im165.png,external_test,-1,r1,partitioned_by_hospital/test_set,False,1.2780321452020005,0.8495766961567448,0.6930736067436024,0.2603989270039958,0.7051137506826443,0.08087509281986342,0.1846402117655448,0.021289685667344176,0.03454525851663954,0.007774821527617001,0.9584438023750748,0.02746148119709476,0.5406848146957784,10.756592651999945,1933.2475622542397,6030.658469865697,0.4134944993622449,0.011698630360951413,131.58634488151267,0.006111396242595098,72.73072573343339,0.13705248689083,1307.3338946548872
RIMONE_r1_Im166,RIM-ONE,RIMONE_r1_Im166,0,Normal,C:/Users/TRIPU/OneDrive/Documents/ML/end sem project/RIM-ONE_DL_images\RIM-ONE_DL_images\partitioned_by_hospital\test_set\normal\r1_Im166.png,C:/Users/TRIPU/.gemini/antigravity/scratch/glaucoma_detection\data\processed\RIM-ONE\normal\RIMONE_r1_Im166.png,external_test,-1,r1,partitioned_by_hospital/test_set,False,1.3939589214276988,1.0458635322679037,0.702211515463606,0.29376247584129367,0.7080784397331236,0.08638735153954889,0.17275598199541356,0.021136305197037682,0.030291372712581987,0.007194340727100836,0.9668266585069989,0.024799460073847455,0.538518441969335,11.916412388157731,1586.2332990638179,5770.244703297964,0.4003457828443877,0.009544226929055972,165.4397387147576,0.004905174191071676,90.5665295809058,0.12713295857090004,1893.7860353930623
RIMONE_r1_Im168,RIM-ONE,RIMONE_r1_Im168,0,Normal,C:/Users/TRIPU/OneDrive/Documents/ML/end sem project/RIM-ONE_DL_images\RIM-ONE_DL_images\partitioned_by_hospital\test_set\normal\r1_Im168.png,C:/Users/TRIPU/.gemini/antigravity/scratch/glaucoma_detection\data\processed\RIM-ONE\normal\RIMONE_r1_Im168.png,external_test,-1,r1,partitioned_by_hospital/test_set,False,1.1064813717676263,0.7384967262368418,0.6312479002901689,0.23402622059204645,0.7267544147706307,0.074339242646274,0.23600933043126315,0.021757946677676086,0.05617381229424174,0.010171722638488818,0.9518458122647,0.03204459078066812,0.5284113601672557,12.598798702797898,2333.532149747997,5440.771605006998,0.39041075414540816,0.01063650230536436,130.53735435696908,0.005451077276953966,71.26811470958869,0.14076235579685392,1524.0581438316326
RIMONE_r1_Im169,RIM-ONE,RIMONE_r1_Im169,0,Normal,C:/Users/TRIPU/OneDrive/Documents/ML/end sem project/RIM-ONE_DL_images\RIM-ONE_DL_images\partitioned_by_hospital\test_set\normal\r1_Im169.png,C:/Users/TRIPU/.gemini/antigravity/scratch/glaucoma_detection\data\processed\RIM-ONE\normal\RIMONE_r1_Im169.png,external_test,-1,r1,partitioned_by_hospital/test_set,False,1.3468853930441878,0.930605310820288,0.7003702939800109,0.2647065876918046,0.7050920189707868,0.07892355625831027,0.2089232330415757,0.02050647416977412,0.044069432787420156,0.008513040484928517,0.9506721918634417,0.03402161206515864,0.5431609326400278,10.630875025853047,2156.65092793192,6142.194996844725,0.4165138711734694,0.007673936580774608,174.97828345791322,0.0040320298606020665,97.93102400287572,0.08362004470187621,1816.0764431471423
RIMONE_r2_Im001,RIM-ONE,RIMONE_r2_Im001,0,Normal,C:/Users/TRIPU/OneDrive/Documents/ML/end sem project/RIM-ONE_DL_images\RIM-ONE_DL_images\partitioned_by_hospital\test_set\normal\r2_Im001.png,C:/Users/TRIPU/.gemini/antigravity/scratch/glaucoma_detection\data\processed\RIM-ONE\normal\RIMONE_r2_Im001.png,external_test,-1,r2,partitioned_by_hospital/test_set,False,0.9004905990107931,0.7313079430903149,0.5365389771480705,0.26994802475033414,0.7652674408357235,0.09463183829736985,0.17774935471236072,0.02753035621882651,0.032352753614196116,0.009610745121914578,0.9677851052459895,0.026277169457485938,0.42239246263535235,27.053674626358067,1168.9409885235195,3091.0908842518247,0.2938207509566327,0.0045735762318025,265.6999013151086,0.0018956887021614904,111.36148899924679,0.11873974407232166,7841.216709085647
RIMONE_r2_Im002,RIM-ONE,RIMONE_r2_Im002,0,Normal,C:/Users/TRIPU/OneDrive/Documents/ML/end sem project/RIM-ONE_DL_images\RIM-ONE_DL_images\partitioned_by_hospital\test_set\normal\r2_Im002.png,C:/Users/TRIPU/.gemini/antigravity/scratch/glaucoma_detection\data\processed\RIM-ONE\normal\RIMONE_r2_Im002.png,external_test,-1,r2,partitioned_by_hospital/test_set,False,1.4955650711694994,1.2156952143483932,0.7234532399520472,0.3501717721984488,0.7045813044461927,0.10561361495952555,0.16024094885125673,0.026851516003440313,0.02639816560043409,0.008510558456372674,0.9469926815169853,0.043261898294167135,0.5028700945283048,15.064681729131014,1476.3327588684856,4979.646969569183,0.372264628507653,0.004012538361905563,298.08610702243163,0.0020026913825981975,147.5029507388701,0.05841859491632386,4810.293398458089
RIMONE_r2_Im003,RIM-ONE,RIMONE_r2_Im003,0,Normal,C:/Users/TRIPU/OneDrive/Documents/ML/end sem project/RIM-ONE_DL_images\RIM-ONE_DL_images\partitioned_by_hospital\test_set\normal\r2_Im003.png,C:/Users/TRIPU/.gemini/antigravity/scratch/glaucoma_detection\data\processed\RIM-ONE\normal\RIMONE_r2_Im003.png,external_test,-1,r2,partitioned_by_hospital/test_set,False,1.4956908954876507,1.181253420255505,0.6918080906419903,0.32807938441581425,0.720547598884734,0.09809507697257912,0.1698154313761215,0.02651277373230883,0.02954020790443884,0.008862850599898234,0.9396015952257883,0.04782089859937318,0.490105597013584,16.6720222119701,1386.161293578432,4404.458465372229,0.3511439732142857,0.0036072172719367693,327.0048011700364,0.0017743482201077237,158.7164705598983,0.05731697284065946,5636.826984584241
RIMONE_r2_Im004,RIM-ONE,RIMONE_r2_Im004,0,Normal,C:/Users/TRIPU/OneDrive/Documents/ML/end sem project/RIM-ONE_DL_images\RIM-ONE_DL_images\partitioned_by_hospital\test_set\normal\r2_Im004.png,C:/Users/TRIPU/.gemini/antigravity/scratch/glaucoma_detection\data\processed\RIM-ONE\normal\RIMONE_r2_Im004.png,external_test,-1,r2,partitioned_by_hospital/test_set,False,1.3440293103398917,1.0400727161430448,0.6583017548091307,0.3078924357325432,0.7293767038939327,0.0948617754374376,0.18712125647908698,0.027556529903993664,0.03577372696666195,0.010164194212506816,0.9317898611554631,0.05296194957671765,0.49215090235616,18.930143148821738,1608.843638819187,4336.893414893187,0.3433314732142857,0.00438740648695805,263.87449561738765,0.002124381079093104,129.83153824945248,0.07823956003486952,5375.829480280847
RIMONE_r2_Im005,RIM-ONE,RIMONE_r2_Im005,0,Normal,C:/Users/TRIPU/OneDrive/Documents/ML/end sem project/RIM-ONE_DL_images\RIM-ONE_DL_images\partitioned_by_hospital\test_set\normal\r2_Im005.png,C:/Users/TRIPU/.gemini/antigravity/scratch/glaucoma_detection\data\processed\RIM-ONE\normal\RIMONE_r2_Im005.png,external_test,-1,r2,partitioned_by_hospital/test_set,False,1.0253679429024907,0.7772787440414571,0.5897114531607458,0.2792462553189757,0.7453949626248403,0.09518236901809775,0.1845962818266784,0.02808610094429476,0.03486461633048759,0.010184045463321136,0.9539673774224972,0.034920205099917535,0.46129262090580136,21.154654316761153,1514.0453301964333,3734.5486142381824,0.323306959502551,0.004458388153915145,259.7150983525918,0.00201606710673215,118.74761620951804,0.09039265536554121,5974.093019277946
RIMONE_r2_Im006,RIM-ONE,RIMONE_r2_Im006,0,Normal,C:/Users/TRIPU/OneDrive/Documents/ML/end sem project/RIM-ONE_DL_images\RIM-ONE_DL_images\partitioned_by_hospital\test_set\normal\r2_Im006.png,C:/Users/TRIPU/.gemini/antigravity/scratch/glaucoma_detection\data\processed\RIM-ONE\normal\RIMONE_r2_Im006.png,external_test,-1,r2,partitioned_by_hospital/test_set,False,1.2986634892394813,1.069635533377943,0.6636231755819074,0.3309576664238434,0.7245657629014723,0.10317962324308223,0.17855677014887147,0.029336976840706647,0.03274317837614908,0.010289150321673986,0.934595020758683,0.05404544680516263,0.4918259959000766,18.21002857815491,1634.1876557174667,4372.563589947787,0.3450404575892857,0.00387396302706762,292.844034585426,0.0018916674618415497,142.3855993244418,0.06667179322842022,5744.521471698123
RIMONE_r2_Im007,RIM-ONE,RIMONE_r2_Im007,0,Normal,C:/Users/TRIPU/OneDrive/Documents/ML/end sem project/RIM-ONE_DL_images\RIM-ONE_DL_images\partitioned_by_hospital\test_set\normal\r2_Im007.png,C:/Users/TRIPU/.gemini/antigravity/scratch/glaucoma_detection\data\processed\RIM-ONE\normal\RIMONE_r2_Im007.png,external_test,-1,r2,partitioned_by_hospital/test_set,False,1.1266825499378774,0.8985061643165766,0.5952534440212495,0.2907108302279814,0.7493119696397676,0.09438391492231042,0.1938026225932299,0.0285510205168955,0.038374617296570074,0.01084477284722243,0.9395759309311925,0.04840678612292711,0.4655410487222395,22.957737510917923,1459.2087149963036,3583.353738958721,0.31387515943877553,0.003825638848256732,297.45721714139023,0.001788003582821859,135.49466187639922,0.08473590197139907,7100.1005284484745
RIMONE_r2_Im009,RIM-ONE,RIMONE_r2_Im009,0,Normal,C:/Users/TRIPU/OneDrive/Documents/ML/end sem project/RIM-ONE_DL_images\RIM-ONE_DL_images\partitioned_by_hospital\test_set\normal\r2_Im009.png,C:/Users/TRIPU/.gemini/antigravity/scratch/glaucoma_detection\data\processed\RIM-ONE\normal\RIMONE_r2_Im009.png,external_test,-1,r2,partitioned_by_hospital/test_set,False,1.429493789523858,1.0993070506730804,0.7102812119077647,0.3265890069321223,0.7087593958944057,0.09797610486417999,0.1696379761360082,0.025876031092670115,0.029446611932629724,0.008654974696674865,0.9354514111628713,0.049637184902632234,0.5282300939604635,15.436121561183947,1629.5200208879594,5251.351290741015,0.3738291214923469,0.0030393489207717556,368.89479711174715,0.0016325485512906188,189.02040906220034,0.041988910778262896,6440.921457503677
RIMONE_r2_Im010,RIM-ONE,RIMONE_r2_Im010,0,Normal,C:/Users/TRIPU/OneDrive/Documents/ML/end sem project/RIM-ONE_DL_images\RIM-ONE_DL_images\partitioned_by_hospital\test_set\normal\r2_Im010.png,C:/Users/TRIPU/.gemini/antigravity/scratch/glaucoma_detection\data\processed\RIM-ONE\normal\RIMONE_r2_Im010.png,external_test,-1,r2,partitioned_by_hospital/test_set,False,1.0557240844072833,0.8011285791174441,0.596909540926236,0.28418536282017925,0.743791859183276,0.0959057283198953,0.1695769122192384,0.02695344756087699,0.029482817493228227,0.008966929905368298,0.9582171630119607,0.031714767097596186,0.4659040077954232,20.811633019979958,1344.2467739911806,3784.4249886907564,0.32419882015306123,0.0051025690193999395,240.34960205440592,0.0023141547630706094,111.4132745283927,0.10134304682238862,5430.142761410541
RIMONE_r2_Im011,RIM-ONE,RIMONE_r2_Im011,0,Normal,C:/Users/TRIPU/OneDrive/Documents/ML/end sem project/RIM-ONE_DL_images\RIM-ONE_DL_images\partitioned_by_hospital\test_set\normal\r2_Im011.png,C:/Users/TRIPU/.gemini/antigravity/scratch/glaucoma_detection\data\processed\RIM-ONE\normal\RIMONE_r2_Im011.png,external_test,-1,r2,partitioned_by_hospital/test_set,False,0.7210385053604189,0.5221438696609314,0.4845660220439776,0.2333488732028699,0.7804837115245156,0.08946195478253176,0.195893371834575,0.029112427438914717,0.039221746560105124,0.011155464211336839,0.9642021577076741,0.02597615237247226,0.38387954569059896,28.82478290063343,1230.1639951361988,2540.1734302572113,0.2756248007015306,0.003988295535499124,288.55387957995026,0.0015555315062483004,107.99433565134376,0.11004673866538256,8745.903529474645
RIMONE_r2_Im012,RIM-ONE,RIMONE_r2_Im012,0,Normal,C:/Users/TRIPU/OneDrive/Documents/ML/end sem project/RIM-ONE_DL_images\RIM-ONE_DL_images\partitioned_by_hospital\test_set\normal\r2_Im012.png,C:/Users/TRIPU/.gemini/antigravity/scratch/glaucoma_detection\data\processed\RIM-ONE\normal\RIMONE_r2_Im012.png,external_test,-1,r2,partitioned_by_hospital/test_set,False,1.3387063871122067,1.022262694952538,0.6721758124875366,0.30686855036727123,0.7219951555766212,0.09447839684122887,0.1827960938339186,0.02661878060349222,0.03412297140175561,0.009593842341029382,0.9309408500090339,0.05293048780649738,0.5034250553925368,16.423608780115234,1644.2562783699423,4648.730892487396,0.3578254544005102,0.0027983128467986155,394.23214768756816,0.0014149461385312577,195.38840781744204,0.04289367536419576,6965.581214755098
RIMONE_r2_Im013,RIM-ONE,RIMONE_r2_Im013,0,Normal,C:/Users/TRIPU/OneDrive/Documents/ML/end sem project/RIM-ONE_DL_images\RIM-ONE_DL_images\partitioned_by_hospital\test_set\normal\r2_Im013.png,C:/Users/TRIPU/.gemini/antigravity/scratch/glaucoma_detection\data\processed\RIM-ONE\normal\RIMONE_r2_Im013.png,external_test,-1,r2,partitioned_by_hospital/test_set,False,0.7885689123015892,0.5865765675990258,0.5089377043465587,0.2458848372399198,0.7719843091823178,0.09178512687043482,0.20119797338310275,0.030643733460431342,0.04141966289386168,0.012090236238484766,0.9529785539537262,0.0351288531277658,0.3929919182113576,26.347775585054695,1439.4553842749879,2722.891398930451,0.28550003985969385,0.0036921615756098742,300.92204209253515,0.001445545905099972,117.09675209990007,0.09598970020974343,8133.423765535168
RIMONE_r2_Im014,RIM-ONE,RIMONE_r2_Im014,0,Normal,C:/Users/TRIPU/OneDrive/Documents/ML/end sem project/RIM-ONE_DL_images\RIM-ONE_DL_images\partitioned_by_hospital\test_set\normal\r2_Im014.png,C:/Users/TRIPU/.gemini/antigravity/scratch/glaucoma_detection\data\processed\RIM-ONE\normal\RIMONE_r2_Im014.png,external_test,-1,r2,partitioned_by_hospital/test_set,False,1.1446839136082665,0.8640332320480142,0.6274586689589349,0.28921219819165284,0.7331087695744601,0.09476853453869125,0.18082276904643413,0.027831520377543283,0.03347146733214567,0.009921018668145062,0.9419707830000551,0.04398780970066583,0.48317574898708154,18.104161743692334,1590.9173250758295,4244.283874307021,0.3430325255102041,0.0035285233486824926,320.2952309884761,0.0017081540869797007,152.96054575771012,0.06085444061165389,6104.45374650758
RIMONE_r2_Im015,RIM-ONE,RIMONE_r2_Im015,0,Normal,C:/Users/TRIPU/OneDrive/Documents/ML/end sem project/RIM-ONE_DL_images\RIM-ONE_DL_images\partitioned_by_hospital\test_set\normal\r2_Im015.png,C:/Users/TRIPU/.gemini/antigravity/scratch/glaucoma_detection\data\processed\RIM-ONE\normal\RIMONE_r2_Im015.png,external_test,-1,r2,partitioned_by_hospital/test_set,False,1.6064570181314093,1.2097937302863173,0.7613380173296718,0.33890496915980345,0.6923348562438911,0.09844827272580632,0.15402317795190248,0.024228925546967588,0.02431018017956391,0.007374051451665203,0.9417102079172177,0.04393664790945587,0.5405343836936265,12.843117812357153,1518.1355981623294,5847.538338717425,0.39811363998724486,0.0031725037902143797,367.44096092871996,0.0017340003649299431,194.54898685636033,0.03709858766652076,5215.002761902444
RIMONE_r2_Im016,RIM-ONE,RIMONE_r2_Im016,0,Normal,C:/Users/TRIPU/OneDrive/Documents/ML/end sem project/RIM-ONE_DL_images\RIM-ONE_DL_images\partitioned_by_hospital\test_set\normal\r2_Im016.png,C:/Users/TRIPU/.gemini/antigravity/scratch/glaucoma_detection\data\processed\RIM-ONE\normal\RIMONE_r2_Im016.png,external_test,-1,r2,partitioned_by_hospital/test_set,False,2.1750570935875984,1.726899233508176,0.8900769941543323,0.39944308908988946,0.6598889707829431,0.10092031473000487,0.14922797458105114,0.022183033832207745,0.02276107538756372,0.006549466920328922,0.9447047027932096,0.04405111039791518,0.5862057347001319,10.303459682918373,1510.2327623835681,7405.818178594358,0.44106744260204084,0.0035258049393261815,351.64665926173836,0.0020671480346769753,201.79091266076063,0.032572404421388736,4215.08858044596
RIMONE_r2_Im017,RIM-ONE,RIMONE_r2_Im017,0,Normal,C:/Users/TRIPU/OneDrive/Documents/ML/end sem project/RIM-ONE_DL_images\RIM-ONE_DL_images\partitioned_by_hospital\test_set\normal\r2_Im017.png,C:/Users/TRIPU/.gemini/antigravity/scratch/glaucoma_detection\data\processed\RIM-ONE\normal\RIMONE_r2_Im017.png,external_test,-1,r2,partitioned_by_hospital/test_set,False,1.1176775901439902,0.8576998907153536,0.6048628173371914,0.2816391578341434,0.7430168038263957,0.09239750455160993,0.20257132073232917,0.028301514580240248,0.041836115710775716,0.011311514735053407,0.927855864186265,0.05552068836646335,0.46923902033647946,20.97653380788225,1664.2668400964963,3893.547398332337,0.3284538424744898,0.0033178907766903735,331.28265060793836,0.0015343752540319428,156.05342148864221,0.06780923503564376,7143.081704093551
RIMONE_r2_Im018,RIM-ONE,RIMONE_r2_Im018,0,Normal,C:/Users/TRIPU/OneDrive/Documents/ML/end sem project/RIM-ONE_DL_images\RIM-ONE_DL_images\partitioned_by_hospital\test_set\normal\r2_Im018.png,C:/Users/TRIPU/.gemini/antigravity/scratch/glaucoma_detection\data\processed\RIM-ONE\normal\RIMONE_r2_Im018.png,external_test,-1,r2,partitioned_by_hospital/test_set,False,0.6637139721971188,0.44817070110524043,0.4501061319782171,0.20051498340713403,0.7951111094979549,0.07750728500477817,0.25630416534799966,0.032003368580847256,0.0667160407752563,0.016150652572291577,0.9259292959054767,0.05011757960189155,0.3845891548143258,32.301203050102295,1795.4855974062648,2366.668623836049,0.2642348931760204,0.005164872461383866,212.32916431550368,0.001972586898736791,81.88023347180676,0.1626766268504503,6971.7814436971075
RIMONE_r2_Im019,RIM-ONE,RIMONE_r2_Im019,0,Normal,C:/Users/TRIPU/OneDrive/Documents/ML/end sem project/RIM-ONE_DL_images\RIM-ONE_DL_images\partitioned_by_hospital\test_set\normal\r2_Im019.png,C:/Users/TRIPU/.gemini/antigravity/scratch/glaucoma_detection\data\processed\RIM-ONE\normal\RIMONE_r2_Im019.png,external_test,-1,r2,partitioned_by_hospital/test_set,False,1.1657511845250474,0.866415167678446,0.6479777116219072,0.2863779386801281,0.7226087401574475,0.09400959707483164,0.17028095466882073,0.025509872764350072,0.029646357131378306,0.008579793376963409,0.9524711552231592,0.035390378490969335,0.48892485067411173,15.064840942397518,1558.6963861196423,4606.921539219114,0.36283282844387754,0.004566511115064087,261.06351190831805,0.0022164255071667836,126.55419992604715,0.06553777768919793,4219.351243008753
RIMONE_r2_Im020,RIM-ONE,RIMONE_r2_Im020,0,Normal,C:/Users/TRIPU/OneDrive/Documents/ML/end sem project/RIM-ONE_DL_images\RIM-ONE_DL_images\partitioned_by_hospital\test_set\normal\r2_Im020.png,C:/Users/TRIPU/.gemini/antigravity/scratch/glaucoma_detection\data\processed\RIM-ONE\normal\RIMONE_r2_Im020.png,external_test,-1,r2,partitioned_by_hospital/test_set,False,1.5486033819863108,1.157437792674364,0.7460426878559843,0.3251087805947846,0.6956117091790698,0.09585570835985037,0.1632293343625733,0.02467822457424434,0.0272528303645856,0.00796445213990286,0.9315048614029622,0.05137254234242323,0.5301599842353656,12.227959381060876,1718.339208684957,5664.264002945156,0.3979940609056122,0.004837634069934709,247.5139500000808,0.0025609947577567064,129.65571862352385,0.05538239851501088,3305.760184715182
RIMONE_r2_Im021,RIM-ONE,RIMONE_r2_Im021,0,Normal,C:/Users/TRIPU/OneDrive/Documents/ML/end sem project/RIM-ONE_DL_images\RIM-ONE_DL_images\partitioned_by_hospital\test_set\normal\r2_Im021.png,C:/Users/TRIPU/.gemini/antigravity/scratch/glaucoma_detection\data\processed\RIM-ONE\normal\RIMONE_r2_Im021.png,external_test,-1,r2,partitioned_by_hospital/test_set,False,1.382003771486163,1.0788844892790088,0.7028249357651982,0.32788171986331016,0.7083065976870987,0.10135864859923138,0.15208280869488286,0.02437815075189315,0.02372347493460636,0.007303152646642545,0.9674753055205271,0.0253739954499339,0.5085033836255708,14.375944683554106,1291.5296866873675,4990.587415548189,0.3731714365433674,0.006064774691584541,233.1372297630915,0.0030064786132180626,116.7694521804882,0.08998376485747535,3442.6394840791727
RIMONE_r2_Im022,RIM-ONE,RIMONE_r2_Im022,0,Normal,C:/Users/TRIPU/OneDrive/Documents/ML/end sem project/RIM-ONE_DL_images\RIM-ONE_DL_images\partitioned_by_hospital\test_set\normal\r2_Im022.png,C:/Users/TRIPU/.gemini/antigravity/scratch/glaucoma_detection\data\processed\RIM-ONE\normal\RIMONE_r2_Im022.png,external_test,-1,r2,partitioned_by_hospital/test_set,False,1.2535886655114772,0.8996873013814255,0.6862894360159911,0.2967636936610232,0.7083225197870342,0.09587554526916184,0.17242932709655542,0.024768963987168238,0.030345374419968537,0.008453918458571236,0.9679664420012553,0.022939186520071167,0.5063842949942355,13.459527517278087,1544.7911584889077,5144.775516077705,0.382583306760204,0.0073440068360086765,195.30275940929178,0.0036003946039469287,99.66081138375414,0.10044358035034631,2639.9026944589327
RIMONE_r2_Im023,RIM-ONE,RIMONE_r2_Im023,0,Normal,C:/Users/TRIPU/OneDrive/Documents/ML/end sem project/RIM-ONE_DL_images\RIM-ONE_DL_images\partitioned_by_hospital\test_set\normal\r2_Im023.png,C:/Users/TRIPU/.gemini/antigravity/scratch/glaucoma_detection\data\processed\RIM-ONE\normal\RIMONE_r2_Im023.png,external_test,-1,r2,partitioned_by_hospital/test_set,False,1.4357242917471655,1.1156140609737022,0.6994964688933182,0.3167736552174124,0.7122601380410286,0.09612729899154046,0.16448314098790007,0.02475902902795444,0.0276677131876525,0.008037979668801784,0.957186956488167,0.03324682925224029,0.5009858170212642,14.318105735767297,1512.6400285308107,4826.114608169719,0.37135782047193877,0.003936309853171928,305.8616768489175,0.0019792597057026362,148.6292279889899,0.05326509945077102,4842.446755834208
RIMONE_r2_Im024,RIM-ONE,RIMONE_r2_Im024,0,Normal,C:/Users/TRIPU/OneDrive/Documents/ML/end sem project/RIM-ONE_DL_images\RIM-ONE_DL_images\partitioned_by_hospital\test_set\normal\r2_Im024.png,C:/Users/TRIPU/.gemini/antigravity/scratch/glaucoma_detection\data\processed\RIM-ONE\normal\RIMONE_r2_Im024.png,external_test,-1,r2,partitioned_by_hospital/test_set,False,1.2777904970693403,0.9807791811032733,0.6658579893182776,0.3116291969772689,0.7209291968460222,0.09963653818834664,0.16247338998427507,0.0251723741762252,0.027031250874650223,0.00804281533325953,0.9603185338335001,0.030519483821250755,0.4862250590298508,16.91833398134669,1408.0438950061684,4429.820700722612,0.35415836256377553,0.003563979786016594,330.21374815608107,0.0017405748839450714,156.41717702971067,0.052522381444134146,6773.917407479423
RIMONE_r2_Im025,RIM-ONE,RIMONE_r2_Im025,0,Normal,C:/Users/TRIPU/OneDrive/Documents/ML/end sem project/RIM-ONE_DL_images\RIM-ONE_DL_images\partitioned_by_hospital\test_set\normal\r2_Im025.png,C:/Users/TRIPU/.gemini/antigravity/scratch/glaucoma_detection\data\processed\RIM-ONE\normal\RIMONE_r2_Im025.png,external_test,-1,r2,partitioned_by_hospital/test_set,False,1.7948563301945146,1.3873022753195705,0.8172359677858553,0.36860881620533403,0.6746327273770457,0.10305964673931653,0.149163361342812,0.023852388528882038,0.022818644805619046,0.007025176010278173,0.9393533531726438,0.04687088579352092,0.5579728936883843,11.15551416032158,1588.0254370289078,6497.1121215004,0.4204799107142857,0.003695268835887738,324.46696971419715,0.0020897607593808242,176.23341063867946,0.036975078907940016,4082.911711380687
RIMONE_r2_Im026,RIM-ONE,RIMONE_r2_Im026,0,Normal,C:/Users/TRIPU/OneDrive/Documents/ML/end sem project/RIM-ONE_DL_images\RIM-ONE_DL_images\partitioned_by_hospital\test_set\normal\r2_Im026.png,C:/Users/TRIPU/.gemini/antigravity/scratch/glaucoma_detection\data\processed\RIM-ONE\normal\RIMONE_r2_Im026.png,external_test,-1,r2,partitioned_by_hospital/test_set,False,1.9033913769098358,1.501076647683897,0.8301617284000719,0.3902666723177771,0.675413922020839,0.10726588207768112,0.14219461594769803,0.024397356920485027,0.020814539829218878,0.006830786820694987,0.9421648198832209,0.04578237180838807,0.5521582512946244,11.93435177934847,1484.4731260887365,6183.211670892862,0.4090551259566326,0.0038690671138110495,317.25928653859876,0.002156082131190778,170.00072733222223,0.041543909094781714,4348.514506558956
RIMONE_r2_Im027,RIM-ONE,RIMONE_r2_Im027,0,Normal,C:/Users/TRIPU/OneDrive/Documents/ML/end sem project/RIM-ONE_DL_images\RIM-ONE_DL_images\partitioned_by_hospital\test_set\normal\r2_Im027.png,C:/Users/TRIPU/.gemini/antigravity/scratch/glaucoma_detection\data\processed\RIM-ONE\normal\RIMONE_r2_Im027.png,external_test,-1,r2,partitioned_by_hospital/test_set,False,1.180969875756121,0.8808740674375898,0.6475723795321194,0.29660800353715056,0.7239311043320931,0.09814729139256066,0.18146531903292942,0.02820767845962635,0.03372533513580452,0.010086831102570783,0.9353037112056302,0.04821465938692932,0.47516341326018896,16.120701366683736,1667.9108189709884,4287.599284429551,0.35325155452806123,0.004090182239935169,279.72642982354034,0.001983181759236373,129.24781553870233,0.06088616259217103,4904.0944630805025
RIMONE_r2_Im028,RIM-ONE,RIMONE_r2_Im028,0,Normal,C:/Users/TRIPU/OneDrive/Documents/ML/end sem project/RIM-ONE_DL_images\RIM-ONE_DL_images\partitioned_by_hospital\test_set\normal\r2_Im028.png,C:/Users/TRIPU/.gemini/antigravity/scratch/glaucoma_detection\data\processed\RIM-ONE\normal\RIMONE_r2_Im028.png,external_test,-1,r2,partitioned_by_hospital/test_set,False,2.0410885693051486,1.5322657097385919,0.8811427417654092,0.3766842112581996,0.6556232197410853,0.0997790253143574,0.15196519501360795,0.02322657715967765,0.023632894382078357,0.007021719508796927,0.9133854989932514,0.06518576003197046,0.5758886309261702,8.926653285860187,1860.9655857903674,7425.4637367224495,0.45234773596938777,0.00455495469456629,265.8192630996026,0.0026578418931729867,148.90568004530132,0.03793795397096912,2580.2187272174156
RIMONE_r2_Im029,RIM-ONE,RIMONE_r2_Im029,0,Normal,C:/Users/TRIPU/OneDrive/Documents/ML/end sem project/RIM-ONE_DL_images\RIM-ONE_DL_images\partitioned_by_hospital\test_set\normal\r2_Im029.png,C:/Users/TRIPU/.gemini/antigravity/scratch/glaucoma_detection\data\processed\RIM-ONE\normal\RIMONE_r2_Im029.png,external_test,-1,r2,partitioned_by_hospital/test_set,False,0.7273038541729197,0.4620365804205312,0.4924787836033933,0.20447549612413832,0.7762977437555292,0.07814563642419059,0.206725557148819,0.02728274961660032,0.04347980440513172,0.011100648235040403,0.9565817740940755,0.027615984288610756,0.4211798657017554,24.60739137423035,1509.7727198542877,2986.831431811059,0.29648636798469385,0.009674532341055536,133.94117359612258,0.0038812960128509566,57.97309916892662,0.2749128004485031,2940.0070628338635
RIMONE_r2_Im030,RIM-ONE,RIMONE_r2_Im030,0,Normal,C:/Users/TRIPU/OneDrive/Documents/ML/end sem project/RIM-ONE_DL_images\RIM-ONE_DL_images\partitioned_by_hospital\test_set\normal\r2_Im030.png,C:/Users/TRIPU/.gemini/antigravity/scratch/glaucoma_detection\data\processed\RIM-ONE\normal\RIMONE_r2_Im030.png,external_test,-1,r2,partitioned_by_hospital/test_set,False,0.8590700995734238,0.6019158038684935,0.5292592600736249,0.23649161019383308,0.7662899507519757,0.08505380933168376,0.21676837303353416,0.03037431083746716,0.047911126306456504,0.012965464589687503,0.9304630514457953,0.04887373847675179,0.43305258821638865,24.05476131793601,1816.2822665851224,3159.005913520337,0.3009656010841837,0.0062137900742167745,183.21219056827888,0.002669630189494767,78.5894269407878,0.15171731006829037,4434.9417614219
RIMONE_r2_Im031,RIM-ONE,RIMONE_r2_Im031,0,Normal,C:/Users/TRIPU/OneDrive/Documents/ML/end sem project/RIM-ONE_DL_images\RIM-ONE_DL_images\partitioned_by_hospital\test_set\normal\r2_Im031.png,C:/Users/TRIPU/.gemini/antigravity/scratch/glaucoma_detection\data\processed\RIM-ONE\normal\RIMONE_r2_Im031.png,external_test,-1,r2,partitioned_by_hospital/test_set,False,0.9076424574957621,0.6435186418865466,0.5459575829246286,0.24459104019496886,0.7604010105232989,0.08675489425672311,0.2054848863589933,0.029312269790377234,0.04308324768223224,0.011860133765681449,0.9466920662871742,0.03784154372444607,0.4363419521694244,22.0385435037566,1674.0117373872624,3296.2367963572397,0.3092464524872449,0.007983347825068725,154.85522658419094,0.0033408624807135896,68.78451753318359,0.19237164792593406,3183.6943975988593
RIMONE_r2_Im032,RIM-ONE,RIMONE_r2_Im032,0,Normal,C:/Users/TRIPU/OneDrive/Documents/ML/end sem project/RIM-ONE_DL_images\RIM-ONE_DL_images\partitioned_by_hospital\test_set\normal\r2_Im032.png,C:/Users/TRIPU/.gemini/antigravity/scratch/glaucoma_detection\data\processed\RIM-ONE\normal\RIMONE_r2_Im032.png,external_test,-1,r2,partitioned_by_hospital/test_set,False,1.5849559262959325,1.2312435748023765,0.7309378841286057,0.3412780035244873,0.7065277350600311,0.10011513444312306,0.1548664773680735,0.024952877365508944,0.024606271901214144,0.007599555144361548,0.9486895422246752,0.03996078816871869,0.5184425972529577,15.190644098009685,1388.3791918384713,5038.770677068118,0.3707898198341837,0.0035186155963682804,338.40660211587215,0.0018231694071571569,172.24045622916992,0.04912792249526246,5712.917533868892
RIMONE_r2_Im033,RIM-ONE,RIMONE_r2_Im033,0,Normal,C:/Users/TRIPU/OneDrive/Documents/ML/end sem project/RIM-ONE_DL_images\RIM-ONE_DL_images\partitioned_by_hospital\test_set\normal\r2_Im033.png,C:/Users/TRIPU/.gemini/antigravity/scratch/glaucoma_detection\data\processed\RIM-ONE\normal\RIMONE_r2_Im033.png,external_test,-1,r2,partitioned_by_hospital/test_set,False,1.1751408042462037,0.8908312992772368,0.6275864489193863,0.2905206758858383,0.7338805929319957,0.09564331369948291,0.1733054866322197,0.026703560191168197,0.03074787182371383,0.009088323063071465,0.9549582359272533,0.03417241107348934,0.4651417420232453,17.40948232910991,1402.8958974052853,3932.6693263272937,0.3386678890306123,0.005032745108808382,245.9897655861846,0.0022797205939099514,115.03872296383236,0.08759823341077312,4335.766196808198
RIMONE_r2_Im347,RIM-ONE,RIMONE_r2_Im347,1,Glaucoma,C:/Users/TRIPU/OneDrive/Documents/ML/end sem project/RIM-ONE_DL_images\RIM-ONE_DL_images\partitioned_by_hospital\training_set\glaucoma\r2_Im347.png,C:/Users/TRIPU/.gemini/antigravity/scratch/glaucoma_detection\data\processed\RIM-ONE\glaucoma\RIMONE_r2_Im347.png,external_test,-1,r2,partitioned_by_hospital/training_set,False,0.32651429960487577,0.07133887362013693,0.3154072809637513,0.05905221472139123,0.8434070613822366,0.028312933709662053,0.3904338985325993,0.01563216039052536,0.1526829935618392,0.012189685273065281,0.9449284936739009,0.011834708239406562,0.44714115478610184,34.09928219641546,2942.334245651767,2675.696665328586,0.262760084502551,0.004717627008401638,222.4062378873423,0.002148711876432373,97.63845705497548,0.15716445739075408,7727.285797689079
RIMONE_r2_Im348,RIM-ONE,RIMONE_r2_Im348,1,Glaucoma,C:/Users/TRIPU/OneDrive/Documents/ML/end sem project/RIM-ONE_DL_images\RIM-ONE_DL_images\partitioned_by_hospital\training_set\glaucoma\r2_Im348.png,C:/Users/TRIPU/.gemini/antigravity/scratch/glaucoma_detection\data\processed\RIM-ONE\glaucoma\RIMONE_r2_Im348.png,external_test,-1,r2,partitioned_by_hospital/training_set,False,0.894131647411756,0.5754317525722843,0.5807957600441307,0.22909415466720376,0.7395869123078825,0.08218156924505414,0.18985933341372166,0.024900839910068067,0.03666661831252958,0.009309673411522893,0.9523846189232175,0.030556900085500917,0.4840425331239959,15.11958860724194,1858.5799467783677,4463.0969679879,0.35983836894132654,0.004325602882811709,262.6803799207136,0.0021153354529391496,124.73137124094245,0.060968787274687054,4333.06056845987
RIMONE_r2_Im351,RIM-ONE,RIMONE_r2_Im351,1,Glaucoma,C:/Users/TRIPU/OneDrive/Documents/ML/end sem project/RIM-ONE_DL_images\RIM-ONE_DL_images\partitioned_by_hospital\training_set\glaucoma\r2_Im351.png,C:/Users/TRIPU/.gemini/antigravity/scratch/glaucoma_detection\data\processed\RIM-ONE\glaucoma\RIMONE_r2_Im351.png,external_test,-1,r2,partitioned_by_hospital/training_set,False,0.8177033952721571,0.5390462003153867,0.5439866681099438,0.2139228020642801,0.7539879600529374,0.07703109638313452,0.20573541775519014,0.023292098773892943,0.04286958398419539,0.00942384603219351,0.9589131166663054,0.02695743386908141,0.4788785927431651,16.66056674930004,1841.2580042183376,4185.869624738847,0.34714803890306123,0.005626648996215058,209.97074558930262,0.0027357489544384468,97.60088891721412,0.09185480189164755,3603.383338997257
RIMONE_r2_Im352,RIM-ONE,RIMONE_r2_Im352,1,Glaucoma,C:/Users/TRIPU/OneDrive/Documents/ML/end sem project/RIM-ONE_DL_images\RIM-ONE_DL_images\partitioned_by_hospital\training_set\glaucoma\r2_Im352.png,C:/Users/TRIPU/.gemini/antigravity/scratch/glaucoma_detection\data\processed\RIM-ONE\glaucoma\RIMONE_r2_Im352.png,external_test,-1,r2,partitioned_by_hospital/training_set,False,0.9107551999786739,0.6171166595214312,0.5783183428510524,0.23743266384649966,0.7420031605713581,0.08403120794260197,0.1823579682149131,0.023385070238888223,0.03380129008154898,0.008366154058807317,0.9612827063917003,0.02626993363329642,0.48224781588214105,15.966843131425064,1559.0641290306098,4371.770853304009,0.35532425860969385,0.0046945891116728766,253.99069370555438,0.0022753796181099045,120.47915962863381,0.07350797484053968,4217.3652257888525
RIMONE_r2_Im354,RIM-ONE,RIMONE_r2_Im354,1,Glaucoma,C:/Users/TRIPU/OneDrive/Documents/ML/end sem project/RIM-ONE_DL_images\RIM-ONE_DL_images\partitioned_by_hospital\training_set\glaucoma\r2_Im354.png,C:/Users/TRIPU/.gemini/antigravity/scratch/glaucoma_detection\data\processed\RIM-ONE\glaucoma\RIMONE_r2_Im354.png,external_test,-1,r2,partitioned_by_hospital/training_set,False,1.4210262368622117,1.0799536258370612,0.7118285564253646,0.316054422331107,0.7053671057460388,0.09547458983771624,0.14960491724715685,0.02097364366456214,0.02282152499309668,0.006175855707655259,0.9744821926258275,0.01935744470816807,0.5235108698691457,13.042211184652425,1194.421204284648,5399.318733393266,0.38844268176020413,0.007309603317891907,223.587589153635,0.0037064449678205318,115.34213098851312,0.10024624926861903,3056.878326887807
RIMONE_r2_Im355,RIM-ONE,RIMONE_r2_Im355,1,Glaucoma,C:/Users/TRIPU/OneDrive/Documents/ML/end sem project/RIM-ONE_DL_images\RIM-ONE_DL_images\partitioned_by_hospital\training_set\glaucoma\r2_Im355.png,C:/Users/TRIPU/.gemini/antigravity/scratch/glaucoma_detection\data\processed\RIM-ONE\glaucoma\RIMONE_r2_Im355.png,external_test,-1,r2,partitioned_by_hospital/training_set,False,1.4065233658910314,1.0619314696332398,0.7200473524128038,0.3113943748435353,0.6998099355285275,0.09352197074995529,0.16060800479486825,0.021599211527236102,0.02626145714278671,0.006837216747750801,0.9692132124875524,0.023159240424162807,0.5358618633250998,11.767556385337588,1492.0845384844156,5857.153398830495,0.40463069993622447,0.008466384378871818,184.5406254040446,0.004381569592819729,97.90366823231804,0.10712458933542826,2212.4536767931772
RIMONE_r2_Im356,RIM-ONE,RIMONE_r2_Im356,1,Glaucoma,C:/Users/TRIPU/OneDrive/Documents/ML/end sem project/RIM-ONE_DL_images\RIM-ONE_DL_images\partitioned_by_hospital\training_set\glaucoma\r2_Im356.png,C:/Users/TRIPU/.gemini/antigravity/scratch/glaucoma_detection\data\processed\RIM-ONE\glaucoma\RIMONE_r2_Im356.png,external_test,-1,r2,partitioned_by_hospital/training_set,False,1.2386657616198704,0.9385750247100153,0.6650653285880888,0.29581595377889897,0.7181809265768431,0.09385642475052845,0.1616786676670663,0.023327496262903313,0.02668416366049343,0.007384509449804405,0.9638049584726792,0.027539183452904015,0.5091824561797993,14.236853248659443,1352.6404747439315,4968.582084554298,0.37408322704081637,0.003951662066490459,314.0366313870528,0.002038034810733321,155.20119106904184,0.05376116170701886,4749.354239829846
RIMONE_r2_Im357,RIM-ONE,RIMONE_r2_Im357,1,Glaucoma,C:/Users/TRIPU/OneDrive/Documents/ML/end sem project/RIM-ONE_DL_images\RIM-ONE_DL_images\partitioned_by_hospital\training_set\glaucoma\r2_Im357.png,C:/Users/TRIPU/.gemini/antigravity/scratch/glaucoma_detection\data\processed\RIM-ONE\glaucoma\RIMONE_r2_Im357.png,external_test,-1,r2,partitioned_by_hospital/training_set,False,0.7916218415515219,0.5195931889416265,0.5300967351131901,0.2196311614624912,0.7599226923055861,0.08194945727444691,0.1877196812334161,0.02456015223104065,0.03584187979998726,0.009033707527323086,0.9661003736758419,0.02232085525214156,0.448848284861051,19.16551211795399,1425.8889922655476,3556.46313005544,0.32485650510204084,0.003113578373132242,363.3699268739188,0.0014241642056961052,158.85819928101716,0.05661540608005547,7409.644195462083
RIMONE_r2_Im358,RIM-ONE,RIMONE_r2_Im358,1,Glaucoma,C:/Users/TRIPU/OneDrive/Documents/ML/end sem project/RIM-ONE_DL_images\RIM-ONE_DL_images\partitioned_by_hospital\training_set\glaucoma\r2_Im358.png,C:/Users/TRIPU/.gemini/antigravity/scratch/glaucoma_detection\data\processed\RIM-ONE\glaucoma\RIMONE_r2_Im358.png,external_test,-1,r2,partitioned_by_hospital/training_set,False,0.647027855424162,0.36629131059253095,0.487087816461003,0.1773620799967609,0.7720765728583802,0.07052869176219805,0.19623150700134087,0.021853626615982814,0.0389843853362881,0.008427226638329515,0.968981014218242,0.017673566459657397,0.44697710063215107,19.027581375767298,1525.1781100479632,3584.7437316144296,0.32613699776785715,0.00577437525014101,208.9492944743337,0.0026409146723390033,90.89281312817018,0.09980979520445493,4511.260668385626
RIMONE_r2_Im362,RIM-ONE,RIMONE_r2_Im362,1,Glaucoma,C:/Users/TRIPU/OneDrive/Documents/ML/end sem project/RIM-ONE_DL_images\RIM-ONE_DL_images\partitioned_by_hospital\training_set\glaucoma\r2_Im362.png,C:/Users/TRIPU/.gemini/antigravity/scratch/glaucoma_detection\data\processed\RIM-ONE\glaucoma\RIMONE_r2_Im362.png,external_test,-1,r2,partitioned_by_hospital/training_set,False,1.0928248548243442,0.7710245803184888,0.6472833408204893,0.26640100688313584,0.7173676480555132,0.08868304819353012,0.18630798755567934,0.024782283670268947,0.03532482781096084,0.009082679722168467,0.9494975088373688,0.03546578424462883,0.5076774518150813,12.284840155120406,1921.778012791197,5207.543589450067,0.3882633131377551,0.006154273042763578,199.91470203722878,0.0030915319036148403,101.80486749410125,0.07488821305014517,2520.8908076507096
RIMONE_r2_Im365,RIM-ONE,RIMONE_r2_Im365,1,Glaucoma,C:/Users/TRIPU/OneDrive/Documents/ML/end sem project/RIM-ONE_DL_images\RIM-ONE_DL_images\partitioned_by_hospital\training_set\glaucoma\r2_Im365.png,C:/Users/TRIPU/.gemini/antigravity/scratch/glaucoma_detection\data\processed\RIM-ONE\glaucoma\RIMONE_r2_Im365.png,external_test,-1,r2,partitioned_by_hospital/training_set,False,1.3219379921909147,0.96033789316966,0.6793112478826111,0.28210842713398226,0.7166922164200503,0.08463671140476746,0.17317029386841062,0.02055343635218204,0.030410394424354892,0.007025488165774717,0.9613349920144901,0.02809769520440669,0.5333136498248778,13.528338326205823,1487.7331147731625,5495.398708655297,0.3864795918367347,0.005290946239168753,244.7347378880457,0.0027636277959362603,130.29957875455523,0.0762512349293179,3281.210198362062
RIMONE_r2_Im366,RIM-ONE,RIMONE_r2_Im366,1,Glaucoma,C:/Users/TRIPU/OneDrive/Documents/ML/end sem project/RIM-ONE_DL_images\RIM-ONE_DL_images\partitioned_by_hospital\training_set\glaucoma\r2_Im366.png,C:/Users/TRIPU/.gemini/antigravity/scratch/glaucoma_detection\data\processed\RIM-ONE\glaucoma\RIMONE_r2_Im366.png,external_test,-1,r2,partitioned_by_hospital/training_set,False,0.7713772438439185,0.47201412078047444,0.5251263984127307,0.19408972949624895,0.7608577261595765,0.07134262364714267,0.1903023861077505,0.01922080214399824,0.03658443739336207,0.007210837272374585,0.9754812453746337,0.015058368465405947,0.47877882039537034,17.835072247851013,1406.320464947056,4104.909601883196,0.34200613839285715,0.005717680641071227,226.01958737888336,0.0027452298594106894,106.64638709912269,0.1008419354903817,4313.269228106595
RIMONE_r2_Im369,RIM-ONE,RIMONE_r2_Im369,1,Glaucoma,C:/Users/TRIPU/OneDrive/Documents/ML/end sem project/RIM-ONE_DL_images\RIM-ONE_DL_images\partitioned_by_hospital\training_set\glaucoma\r2_Im369.png,C:/Users/TRIPU/.gemini/antigravity/scratch/glaucoma_detection\data\processed\RIM-ONE\glaucoma\RIMONE_r2_Im369.png,external_test,-1,r2,partitioned_by_hospital/training_set,False,0.4261865341080755,0.18262510775160906,0.38294755161517435,0.12595367820159695,0.8128429519027898,0.05741628771700188,0.19142792333149694,0.017994545101324325,0.03696845348441307,0.006774345722423891,0.9871970446012694,0.005520210306868635,0.3948084677021686,27.22761615386955,1130.5517767998522,2446.1197583402004,0.27450374681122447,0.0042819803886807225,287.8846807081508,0.0017753900330291141,108.4604235295912,0.10540450011658199,8929.289237412095
RIMONE_r2_Im373,RIM-ONE,RIMONE_r2_Im373,1,Glaucoma,C:/Users/TRIPU/OneDrive/Documents/ML/end sem project/RIM-ONE_DL_images\RIM-ONE_DL_images\partitioned_by_hospital\training_set\glaucoma\r2_Im373.png,C:/Users/TRIPU/.gemini/antigravity/scratch/glaucoma_detection\data\processed\RIM-ONE\glaucoma\RIMONE_r2_Im373.png,external_test,-1,r2,partitioned_by_hospital/training_set,False,0.8636856201861418,0.562763345477923,0.5518988869462363,0.21150955618303266,0.7528726135703252,0.07438736197074934,0.18549790290948634,0.019446784061946654,0.03478764939416921,0.007112055179488124,0.9776826965237428,0.014523282304219396,0.48400063322899833,16.446808896510078,1433.4196307404825,4251.955062729645,0.3490662866709184,0.007414689684498011,189.86040693919463,0.003530909407106076,91.22314427368423,0.12160274937268933,3506.933556216283
RIMONE_r2_Im376,RIM-ONE,RIMONE_r2_Im376,1,Glaucoma,C:/Users/TRIPU/OneDrive/Documents/ML/end sem project/RIM-ONE_DL_images\RIM-ONE_DL_images\partitioned_by_hospital\training_set\glaucoma\r2_Im376.png,C:/Users/TRIPU/.gemini/antigravity/scratch/glaucoma_detection\data\processed\RIM-ONE\glaucoma\RIMONE_r2_Im376.png,external_test,-1,r2,partitioned_by_hospital/training_set,False,1.767386297617831,1.3575884908166838,0.834292330616827,0.3735381950955405,0.6641423579378362,0.10532975988863846,0.15673864400180348,0.025851022020793455,0.025235277863043633,0.007977770294171259,0.9156338144947754,0.06482709920456672,0.5682547818470151,9.533059556633754,2023.1703057579193,7080.573984614737,0.44182975924744894,0.004094938897191546,281.79797170746906,0.002332041045317013,157.85660732552958,0.03808043858944995,2822.953416684823
RIMONE_r2_Im377,RIM-ONE,RIMONE_r2_Im377,1,Glaucoma,C:/Users/TRIPU/OneDrive/Documents/ML/end sem project/RIM-ONE_DL_images\RIM-ONE_DL_images\partitioned_by_hospital\training_set\glaucoma\r2_Im377.png,C:/Users/TRIPU/.gemini/antigravity/scratch/glaucoma_detection\data\processed\RIM-ONE\glaucoma\RIMONE_r2_Im377.png,external_test,-1,r2,partitioned_by_hospital/training_set,False,0.47116895367975437,0.20834782697781912,0.41031440685966536,0.13304972553892816,0.8009173576347419,0.05911891688082372,0.23352926799154208,0.022749684015656885,0.05505346713147772,0.010461916018753004,0.9653493734840556,0.015345139636661165,0.4094488594350266,23.51701718149922,1771.4234404555973,2799.524765534412,0.2928441884566326,0.004590890753723611,241.44858537257008,0.0019202457598805965,96.49731662999262,0.10248414048179347,6005.07760487541
RIMONE_r2_Im383,RIM-ONE,RIMONE_r2_Im383,1,Glaucoma,C:/Users/TRIPU/OneDrive/Documents/ML/end sem project/RIM-ONE_DL_images\RIM-ONE_DL_images\partitioned_by_hospital\training_set\glaucoma\r2_Im383.png,C:/Users/TRIPU/.gemini/antigravity/scratch/glaucoma_detection\data\processed\RIM-ONE\glaucoma\RIMONE_r2_Im383.png,external_test,-1,r2,partitioned_by_hospital/training_set,False,1.743281206198823,1.309207706538837,0.8245537604175586,0.35782423392864093,0.667572544544684,0.10091135650673767,0.14418390037003617,0.022833769986459303,0.02131037817771104,0.006489282135644099,0.9401310233600549,0.045147445661298434,0.5706699123681431,9.588636289995392,1637.1309565992083,7071.681525496289,0.44039481026785715,0.004067587348509646,300.52340644393485,0.0023060295265555555,170.56804232134425,0.03872108549583476,2969.060824242585
RIMONE_r2_Im384,RIM-ONE,RIMONE_r2_Im384,1,Glaucoma,C:/Users/TRIPU/OneDrive/Documents/ML/end sem project/RIM-ONE_DL_images\RIM-ONE_DL_images\partitioned_by_hospital\training_set\glaucoma\r2_Im384.png,C:/Users/TRIPU/.gemini/antigravity/scratch/glaucoma_detection\data\processed\RIM-ONE\glaucoma\RIMONE_r2_Im384.png,external_test,-1,r2,partitioned_by_hospital/training_set,False,0.9962604241622027,0.6823158692687209,0.5922001237372718,0.24053982690727405,0.7410819255434168,0.08097739436454522,0.1623356544569625,0.01978024507543641,0.026744122803214653,0.00632102134882399,0.9811518286347601,0.012909802696388984,0.49373451046703387,16.180088586152905,1159.5861302011033,4479.640505119829,0.3554139429209184,0.012572817868541702,159.08985146257606,0.005824995271351715,78.36531731210742,0.26414129489208094,2391.2530764410562
RIMONE_r2_Im385,RIM-ONE,RIMONE_r2_Im385,1,Glaucoma,C:/Users/TRIPU/OneDrive/Documents/ML/end sem project/RIM-ONE_DL_images\RIM-ONE_DL_images\partitioned_by_hospital\training_set\glaucoma\r2_Im385.png,C:/Users/TRIPU/.gemini/antigravity/scratch/glaucoma_detection\data\processed\RIM-ONE\glaucoma\RIMONE_r2_Im385.png,external_test,-1,r2,partitioned_by_hospital/training_set,False,1.0948428119930498,0.7098591376754774,0.6277527157819768,0.23692243442012556,0.7285654452686982,0.07731507224796016,0.1606292628139964,0.019743003337077854,0.026191546252935783,0.006246480340110516,0.9706810048440083,0.01901692273092279,0.5170970012901317,13.340509930846261,1387.7722099468876,5116.9886567157155,0.38008211096938777,0.006096626366718204,224.8660710735357,0.003110808754338967,115.14526943021666,0.08243640056729316,3071.7390921585375
RIMONE_r2_Im387,RIM-ONE,RIMONE_r2_Im387,1,Glaucoma,C:/Users/TRIPU/OneDrive/Documents/ML/end sem project/RIM-ONE_DL_images\RIM-ONE_DL_images\partitioned_by_hospital\training_set\glaucoma\r2_Im387.png,C:/Users/TRIPU/.gemini/antigravity/scratch/glaucoma_detection\data\processed\RIM-ONE\glaucoma\RIMONE_r2_Im387.png,external_test,-1,r2,partitioned_by_hospital/training_set,False,0.8394072201594742,0.5265736240979696,0.5428083448212299,0.20028028029490508,0.7561673285019815,0.07077406727131039,0.24615102524814517,0.02005067908132487,0.06099235696233531,0.009766949006309766,0.9686213922580041,0.019622811240279567,0.4907015680651889,17.109288830082807,1856.9790243124248,4331.21315811614,0.34867267219387754,0.007024884672616862,183.46355710961114,0.003403773529491362,89.9204694153608,0.12841167443808219,3026.9160488493
RIMONE_r2_Im388,RIM-ONE,RIMONE_r2_Im388,1,Glaucoma,C:/Users/TRIPU/OneDrive/Documents/ML/end sem project/RIM-ONE_DL_images\RIM-ONE_DL_images\partitioned_by_hospital\training_set\glaucoma\r2_Im388.png,C:/Users/TRIPU/.gemini/antigravity/scratch/glaucoma_detection\data\processed\RIM-ONE\glaucoma\RIMONE_r2_Im388.png,external_test,-1,r2,partitioned_by_hospital/training_set,False,0.969831946323945,0.6598787292129966,0.5865133066510642,0.22958250658270338,0.7414172455369638,0.07741181108657762,0.1970976792245651,0.02074961263921175,0.039278041580386884,0.008062703683766947,0.969984367640258,0.020395462286332867,0.4995985714380896,14.928803061037533,1622.1872925489095,4661.270224323635,0.3640186543367347,0.006422986255746743,205.98583659121059,0.00314691049749336,103.6897516745214,0.09920295167306821,3104.417605959708
RIMONE_r2_Im389,RIM-ONE,RIMONE_r2_Im389,1,Glaucoma,C:/Users/TRIPU/OneDrive/Documents/ML/end sem project/RIM-ONE_DL_images\RIM-ONE_DL_images\partitioned_by_hospital\training_set\glaucoma\r2_Im389.png,C:/Users/TRIPU/.gemini/antigravity/scratch/glaucoma_detection\data\processed\RIM-ONE\glaucoma\RIMONE_r2_Im389.png,external_test,-1,r2,partitioned_by_hospital/training_set,False,1.0882839844397714,0.7686707703081666,0.606476003290892,0.24802415551825627,0.7392933004669414,0.08021131371060626,0.18812248573250878,0.02023005061910253,0.03579932458622943,0.007500610030066526,0.9751670508742869,0.01756767631494382,0.5060863693816262,16.599658798402608,1434.0540521949567,4669.689822588634,0.35888173628826536,0.006425505854811258,221.54504066534312,0.003256834861490007,107.36076605364786,0.09983730065411718,4241.011563937585
RIMONE_r2_Im390,RIM-ONE,RIMONE_r2_Im390,1,Glaucoma,C:/Users/TRIPU/OneDrive/Documents/ML/end sem project/RIM-ONE_DL_images\RIM-ONE_DL_images\partitioned_by_hospital\training_set\glaucoma\r2_Im390.png,C:/Users/TRIPU/.gemini/antigravity/scratch/glaucoma_detection\data\processed\RIM-ONE\glaucoma\RIMONE_r2_Im390.png,external_test,-1,r2,partitioned_by_hospital/training_set,False,1.1271603519068347,0.7920769916961703,0.6441475157715194,0.2662064836638428,0.7221957342553135,0.08675775344197237,0.18069483132766342,0.021907987501023383,0.033130581984877734,0.007803125425399869,0.9733377176365954,0.01870880560057096,0.5143269481693834,13.999171703765294,1502.844272061175,5106.615723801206,0.378482740752551,0.00929599396977054,166.02560886847766,0.004623308080798907,84.1429575066836,0.137203436232117,2548.3104863977537
RIMONE_r2_Im391,RIM-ONE,RIMONE_r2_Im391,1,Glaucoma,C:/Users/TRIPU/OneDrive/Documents/ML/end sem project/RIM-ONE_DL_images\RIM-ONE_DL_images\partitioned_by_hospital\training_set\glaucoma\r2_Im391.png,C:/Users/TRIPU/.gemini/antigravity/scratch/glaucoma_detection\data\processed\RIM-ONE\glaucoma\RIMONE_r2_Im391.png,external_test,-1,r2,partitioned_by_hospital/training_set,False,1.2024547144378683,0.8493216767820596,0.6589964159805334,0.2672008837358573,0.7193010218407644,0.08368123550158045,0.17248610188284608,0.020084907314508453,0.03015485884457195,0.006825090913934622,0.9689123102674312,0.021949075251822957,0.5239123314757673,12.886083465510644,1488.3139046097501,5346.605641393808,0.3872767857142857,0.005835466550129049,231.97006779092118,0.0030011572184029207,120.99907280435302,0.07510584834123467,3183.1127100720296
RIMONE_r2_Im392,RIM-ONE,RIMONE_r2_Im392,1,Glaucoma,C:/Users/TRIPU/OneDrive/Documents/ML/end sem project/RIM-ONE_DL_images\RIM-ONE_DL_images\partitioned_by_hospital\training_set\glaucoma\r2_Im392.png,C:/Users/TRIPU/.gemini/antigravity/scratch/glaucoma_detection\data\processed\RIM-ONE\glaucoma\RIMONE_r2_Im392.png,external_test,-1,r2,partitioned_by_hospital/training_set,False,0.9818024208755131,0.73913664624363,0.5753688985429475,0.24655871349544572,0.7485256543976506,0.08184553595682025,0.19371682023874584,0.021270118292554537,0.037978624375589846,0.00811039818587635,0.9724153798019435,0.020779188815892583,0.4884912694212622,17.626690706592242,1392.6727562373483,4302.621970636995,0.3463657924107143,0.004613294717420303,274.89871672354843,0.002234239934119182,134.13880362346023,0.08123851978507918,4992.426783823601
RIMONE_r2_Im393,RIM-ONE,RIMONE_r2_Im393,1,Glaucoma,C:/Users/TRIPU/OneDrive/Documents/ML/end sem project/RIM-ONE_DL_images\RIM-ONE_DL_images\partitioned_by_hospital\training_set\glaucoma\r2_Im393.png,C:/Users/TRIPU/.gemini/antigravity/scratch/glaucoma_detection\data\processed\RIM-ONE\glaucoma\RIMONE_r2_Im393.png,external_test,-1,r2,partitioned_by_hospital/training_set,False,0.43106199139710605,0.16997114454999449,0.38187045023387595,0.11035574704759522,0.8139716678424908,0.04932309374956943,0.2461260604097971,0.020059059637535997,0.060980403486389306,0.009740327496419145,0.9737106895463897,0.010366784370172171,0.42718748502894915,25.832259404928536,1833.6130668829578,2782.0771092541263,0.28459821428571425,0.005260155137414172,215.91664120784463,0.0023046995755364344,89.98760365709866,0.12629451366084735,6136.191796207003
RIMONE_r2_Im398,RIM-ONE,RIMONE_r2_Im398,1,Glaucoma,C:/Users/TRIPU/OneDrive/Documents/ML/end sem project/RIM-ONE_DL_images\RIM-ONE_DL_images\partitioned_by_hospital\training_set\glaucoma\r2_Im398.png,C:/Users/TRIPU/.gemini/antigravity/scratch/glaucoma_detection\data\processed\RIM-ONE\glaucoma\RIMONE_r2_Im398.png,external_test,-1,r2,partitioned_by_hospital/training_set,False,0.5704464347851612,0.28753703254079227,0.46069020790541065,0.1582646063396515,0.7804303627089001,0.06674885665042782,0.2210258825437416,0.024575193053917234,0.04945638086787713,0.010690378240667112,0.9505987805200821,0.024929491195984307,0.4294426367974007,19.095137606732003,1866.2852492554703,3282.7850338790804,0.3173927774234694,0.005399139817623834,207.76914177204833,0.0023454224182906116,88.06114705409189,0.09734585771294019,4230.870543888461
RIMONE_r2_Im399,RIM-ONE,RIMONE_r2_Im399,1,Glaucoma,C:/Users/TRIPU/OneDrive/Documents/ML/end sem project/RIM-ONE_DL_images\RIM-ONE_DL_images\partitioned_by_hospital\training_set\glaucoma\r2_Im399.png,C:/Users/TRIPU/.gemini/antigravity/scratch/glaucoma_detection\data\processed\RIM-ONE\glaucoma\RIMONE_r2_Im399.png,external_test,-1,r2,partitioned_by_hospital/training_set,False,0.6146110905695304,0.34740294816668127,0.4752961357384673,0.17972856672048776,0.776126721830372,0.07363213352734711,0.2261742291408949,0.026530100650757615,0.05185862816801735,0.011789872251362314,0.9440011967854565,0.03179034837043858,0.4206267795100595,20.233774776785825,1826.9183012417288,3197.351827732837,0.31285375478316324,0.004223716079278142,259.9386494143448,0.0018187570358592562,106.91291363099359,0.07885694480328588,5631.195255782409
RIMONE_r2_Im400,RIM-ONE,RIMONE_r2_Im400,1,Glaucoma,C:/Users/TRIPU/OneDrive/Documents/ML/end sem project/RIM-ONE_DL_images\RIM-ONE_DL_images\partitioned_by_hospital\training_set\glaucoma\r2_Im400.png,C:/Users/TRIPU/.gemini/antigravity/scratch/glaucoma_detection\data\processed\RIM-ONE\glaucoma\RIMONE_r2_Im400.png,external_test,-1,r2,partitioned_by_hospital/training_set,False,1.1033984175281228,0.7819727664742018,0.6228719742855392,0.25556060058691044,0.7314847751378503,0.08302136080160318,0.1680667798983879,0.02042429075133115,0.02866359415810808,0.006751839736855448,0.9739449171110018,0.018517657476048843,0.5097444595561809,14.69986935254901,1294.78409990296,4859.639697118762,0.3690908003826531,0.006956076657266339,211.3054577261138,0.0034910680985976044,106.05994066477744,0.10079162556606372,3401.9123435807883
RIMONE_r2_Im401,RIM-ONE,RIMONE_r2_Im401,1,Glaucoma,C:/Users/TRIPU/OneDrive/Documents/ML/end sem project/RIM-ONE_DL_images\RIM-ONE_DL_images\partitioned_by_hospital\training_set\glaucoma\r2_Im401.png,C:/Users/TRIPU/.gemini/antigravity/scratch/glaucoma_detection\data\processed\RIM-ONE\glaucoma\RIMONE_r2_Im401.png,external_test,-1,r2,partitioned_by_hospital/training_set,False,1.1973790197327725,0.8445624878274139,0.6769750653789443,0.2826862330901231,0.7090457945061917,0.09194255664181956,0.1464181672594688,0.02084887225741741,0.021872955178027897,0.0059908765084001475,0.9697500268049057,0.021478790135203808,0.5200617909139813,12.430794220303785,1319.697069721491,5446.899293870916,0.39412268813775514,0.005236717424901579,258.6309521554185,0.0027216507154308287,131.41279842517463,0.05962645588245397,3695.88388501307
RIMONE_r2_Im402,RIM-ONE,RIMONE_r2_Im402,1,Glaucoma,C:/Users/TRIPU/OneDrive/Documents/ML/end sem project/RIM-ONE_DL_images\RIM-ONE_DL_images\partitioned_by_hospital\training_set\glaucoma\r2_Im402.png,C:/Users/TRIPU/.gemini/antigravity/scratch/glaucoma_detection\data\processed\RIM-ONE\glaucoma\RIMONE_r2_Im402.png,external_test,-1,r2,partitioned_by_hospital/training_set,False,0.9980596104971166,0.5480497714002674,0.6409348279457632,0.19190471387822886,0.7122452994156475,0.06516282699346805,0.20700697442546478,0.018430003118214758,0.04319155247572245,0.007555550777074234,0.9529301789389534,0.025726540004391407,0.5519484906734212,9.089444132672106,2619.9874354410285,6606.798169309709,0.43676259566326536,0.007721950877758345,161.80379903070994,0.004240391364038737,89.22051596275192,0.07101041867516282,1487.0094578913681
RIMONE_r2_Im403,RIM-ONE,RIMONE_r2_Im403,1,Glaucoma,C:/Users/TRIPU/OneDrive/Documents/ML/end sem project/RIM-ONE_DL_images\RIM-ONE_DL_images\partitioned_by_hospital\training_set\glaucoma\r2_Im403.png,C:/Users/TRIPU/.gemini/antigravity/scratch/glaucoma_detection\data\processed\RIM-ONE\glaucoma\RIMONE_r2_Im403.png,external_test,-1,r2,partitioned_by_hospital/training_set,False,1.59968460887575,1.1676974006538057,0.7574378963113587,0.31603255927702856,0.6918663616156927,0.09105627857796163,0.1510917212401883,0.020131406772412243,0.023233981765959102,0.005986625565097435,0.9676972097452116,0.023524062045219556,0.550068698550858,10.868734554168622,1404.3527184167663,6219.900163476961,0.41592095822704084,0.005567199857605675,257.842995970311,0.003033325048715389,139.18274907215007,0.060711695449263206,2890.5865092533263
RIMONE_r2_Im404,RIM-ONE,RIMONE_r2_Im404,1,Glaucoma,C:/Users/TRIPU/OneDrive/Documents/ML/end sem project/RIM-ONE_DL_images\RIM-ONE_DL_images\partitioned_by_hospital\training_set\glaucoma\r2_Im404.png,C:/Users/TRIPU/.gemini/antigravity/scratch/glaucoma_detection\data\processed\RIM-ONE\glaucoma\RIMONE_r2_Im404.png,external_test,-1,r2,partitioned_by_hospital/training_set,False,1.1524133842362836,0.8030299978323729,0.6469804712013741,0.2616127155162231,0.7216971437315222,0.08456233879609364,0.16735690292679398,0.021308780512640686,0.028462397084184243,0.007022698663101499,0.9713794652751192,0.019891514170301477,0.5133565532597845,13.326506219111998,1431.5728008686974,5139.5037351760375,0.3824089205994898,0.01106401652316751,152.67997272837889,0.005430179130161784,79.72473360725478,0.1756202543500303,1804.7018610511657
RIMONE_r2_Im406,RIM-ONE,RIMONE_r2_Im406,1,Glaucoma,C:/Users/TRIPU/OneDrive/Documents/ML/end sem project/RIM-ONE_DL_images\RIM-ONE_DL_images\partitioned_by_hospital\training_set\glaucoma\r2_Im406.png,C:/Users/TRIPU/.gemini/antigravity/scratch/glaucoma_detection\data\processed\RIM-ONE\glaucoma\RIMONE_r2_Im406.png,external_test,-1,r2,partitioned_by_hospital/training_set,False,1.4792676931596305,1.1035563876751406,0.7458838495425488,0.32694216805288306,0.6920102638032138,0.09783291961682411,0.15375895335786913,0.023019871047662697,0.024171730200758395,0.00693871083371515,0.956846682496087,0.03230759626850766,0.5452476687362408,11.60787409559327,1560.3511451162265,6029.017054484945,0.4084024234693877,0.005506563438601891,234.4761418745027,0.002957528087809612,125.34649680539985,0.06276350964830957,3007.6702022981626
RIMONE_r2_Im407,RIM-ONE,RIMONE_r2_Im407,1,Glaucoma,C:/Users/TRIPU/OneDrive/Documents/ML/end sem project/RIM-ONE_DL_images\RIM-ONE_DL_images\partitioned_by_hospital\training_set\glaucoma\r2_Im407.png,C:/Users/TRIPU/.gemini/antigravity/scratch/glaucoma_detection\data\processed\RIM-ONE\glaucoma\RIMONE_r2_Im407.png,external_test,-1,r2,partitioned_by_hospital/training_set,False,0.8648768418568046,0.5775495479974002,0.5563338881948712,0.2271122408559657,0.7509153419659095,0.08141880895598644,0.19661738385915187,0.02499836858226909,0.03928331406739206,0.009665946856973263,0.9549998425473903,0.030027374675192866,0.46774876814902,17.315670776800403,1718.2069862458447,3995.1397818745677,0.340526347257653,0.0036206411557412658,309.14495570822754,0.0017077473517735668,141.79934385525553,0.06032238742752254,5606.6375811124
RIMONE_r2_Im408,RIM-ONE,RIMONE_r2_Im408,1,Glaucoma,C:/Users/TRIPU/OneDrive/Documents/ML/end sem project/RIM-ONE_DL_images\RIM-ONE_DL_images\partitioned_by_hospital\training_set\glaucoma\r2_Im408.png,C:/Users/TRIPU/.gemini/antigravity/scratch/glaucoma_detection\data\processed\RIM-ONE\glaucoma\RIMONE_r2_Im408.png,external_test,-1,r2,partitioned_by_hospital/training_set,False,1.2812819496404984,0.9202107578655924,0.6916661364618416,0.2917745653359561,0.7071317413639817,0.09194588713502518,0.1856830287071121,0.025013483289042713,0.03510386149609743,0.00914399704236587,0.9348727457161208,0.04707587652001971,0.5243085245839572,12.57811774591708,1761.1223100906502,5476.7934782015145,0.39293686224489793,0.00376842283528382,307.5264315211521,0.002043329457019866,154.5994962560972,0.04163215614832745,4358.363641970796
RIMONE_r2_Im414,RIM-ONE,RIMONE_r2_Im414,1,Glaucoma,C:/Users/TRIPU/OneDrive/Documents/ML/end sem project/RIM-ONE_DL_images\RIM-ONE_DL_images\partitioned_by_hospital\training_set\glaucoma\r2_Im414.png,C:/Users/TRIPU/.gemini/antigravity/scratch/glaucoma_detection\data\processed\RIM-ONE\glaucoma\RIMONE_r2_Im414.png,external_test,-1,r2,partitioned_by_hospital/training_set,False,0.9752698850808382,0.6502746112200288,0.5913547582120807,0.22948146443634782,0.7395503425106243,0.07762201744814388,0.1955137315354372,0.02259807925376041,0.03873629240487025,0.0086892855559057,0.9524439376403276,0.031800272009532046,0.5038242239699678,15.28285059468919,1689.2727303189304,4775.845294273677,0.3663155691964286,0.008005418740611944,161.0785330197441,0.00388876150165361,83.18450400299061,0.13668794225887626,2261.470523182866
RIMONE_r2_Im415,RIM-ONE,RIMONE_r2_Im415,1,Glaucoma,C:/Users/TRIPU/OneDrive/Documents/ML/end sem project/RIM-ONE_DL_images\RIM-ONE_DL_images\partitioned_by_hospital\training_set\glaucoma\r2_Im415.png,C:/Users/TRIPU/.gemini/antigravity/scratch/glaucoma_detection\data\processed\RIM-ONE\glaucoma\RIMONE_r2_Im415.png,external_test,-1,r2,partitioned_by_hospital/training_set,False,1.1967562236838258,0.8598878190331384,0.6748075214346546,0.2879402717098924,0.7105001466628278,0.09322572747344414,0.16847778109265188,0.024860775460241152,0.029002820878388055,0.008214107673920615,0.9422035922525595,0.041737920093790355,0.5180968574434548,12.44762458886498,1706.9930883556704,5359.737890302758,0.39051040338010207,0.004838875917774144,245.56857607866425,0.00252268582389436,124.6461184063088,0.05679848927266207,3279.003079275602
RIMONE_r2_Im416,RIM-ONE,RIMONE_r2_Im416,1,Glaucoma,C:/Users/TRIPU/OneDrive/Documents/ML/end sem project/RIM-ONE_DL_images\RIM-ONE_DL_images\partitioned_by_hospital\training_set\glaucoma\r2_Im416.png,C:/Users/TRIPU/.gemini/antigravity/scratch/glaucoma_detection\data\processed\RIM-ONE\glaucoma\RIMONE_r2_Im416.png,external_test,-1,r2,partitioned_by_hospital/training_set,False,1.2627668266997898,0.934293240216498,0.6925477238887264,0.3003263144883699,0.7050312584932721,0.09537467210455712,0.15358161529812875,0.0228668574407754,0.024110205726799158,0.006877304019465548,0.9592248152017439,0.030240244602652445,0.5259419416009051,11.9470825446018,1510.0404193310897,5567.473265194991,0.3974559550382653,0.005438904234017579,236.00975393248973,0.002891636418319044,120.18493504328873,0.06252313981121727,3108.658637057838
RIMONE_r2_Im418,RIM-ONE,RIMONE_r2_Im418,1,Glaucoma,C:/Users/TRIPU/OneDrive/Documents/ML/end sem project/RIM-ONE_DL_images\RIM-ONE_DL_images\partitioned_by_hospital\training_set\glaucoma\r2_Im418.png,C:/Users/TRIPU/.gemini/antigravity/scratch/glaucoma_detection\data\processed\RIM-ONE\glaucoma\RIMONE_r2_Im418.png,external_test,-1,r2,partitioned_by_hospital/training_set,False,1.2553366908270156,0.8683119789779283,0.6887778816361537,0.2724654801582226,0.7063261597373506,0.085301137538515,0.16922374496488035,0.021587325154447768,0.029102688467262706,0.007207375853116548,0.9625907142067595,0.025773794767582674,0.536464453986695,11.583524681263338,1782.8999961114548,5901.768908402765,0.4071767378826531,0.007455512239290243,181.56408855466566,0.003922718409429498,96.3691554789687,0.08653745630170989,2323.7173717997935
RIMONE_r2_Im419,RIM-ONE,RIMONE_r2_Im419,1,Glaucoma,C:/Users/TRIPU/OneDrive/Documents/ML/end sem project/RIM-ONE_DL_images\RIM-ONE_DL_images\partitioned_by_hospital\training_set\glaucoma\r2_Im419.png,C:/Users/TRIPU/.gemini/antigravity/scratch/glaucoma_detection\data\processed\RIM-ONE\glaucoma\RIMONE_r2_Im419.png,external_test,-1,r2,partitioned_by_hospital/training_set,False,1.5626324205055486,1.1639951877073733,0.7519502431120415,0.3260210191622532,0.6935102275667062,0.09526730671077728,0.19892518972377848,0.027430335407545192,0.04032365440721169,0.01073481200546207,0.919161896750484,0.06098014214247519,0.54897663100019,12.050135313590806,2066.642356769097,6037.878283477057,0.4054827008928571,0.003378688997283232,350.63216305108915,0.00191543662841571,184.65739197448255,0.03621271403802026,4697.141939472832
RIMONE_r2_Im420,RIM-ONE,RIMONE_r2_Im420,1,Glaucoma,C:/Users/TRIPU/OneDrive/Documents/ML/end sem project/RIM-ONE_DL_images\RIM-ONE_DL_images\partitioned_by_hospital\training_set\glaucoma\r2_Im420.png,C:/Users/TRIPU/.gemini/antigravity/scratch/glaucoma_detection\data\processed\RIM-ONE\glaucoma\RIMONE_r2_Im420.png,external_test,-1,r2,partitioned_by_hospital/training_set,False,1.1897560428899587,0.8568331238402085,0.675526855573796,0.28990644014282524,0.7094445861843063,0.09463322989973734,0.17533923683522143,0.02564331850109556,0.031401427757706504,0.008814039912300986,0.9401418090329909,0.04314031962208349,0.516875803997685,12.556869722322558,1822.3901416272192,5359.523380883615,0.39081433354591844,0.005084421700597058,232.23517976651277,0.002624870092135999,118.8478938310103,0.06261628863601974,3020.7575711839045
RIMONE_r2_Im421,RIM-ONE,RIMONE_r2_Im421,1,Glaucoma,C:/Users/TRIPU/OneDrive/Documents/ML/end sem project/RIM-ONE_DL_images\RIM-ONE_DL_images\partitioned_by_hospital\training_set\glaucoma\r2_Im421.png,C:/Users/TRIPU/.gemini/antigravity/scratch/glaucoma_detection\data\processed\RIM-ONE\glaucoma\RIMONE_r2_Im421.png,external_test,-1,r2,partitioned_by_hospital/training_set,False,1.5361133831051064,1.1602126095325345,0.7530275457993035,0.3291726190288989,0.6916576356780878,0.09647850366897287,0.17113867785701634,0.02537206189390934,0.029932188583395983,0.00854392112195099,0.9214532950980802,0.05925660042736301,0.5456657898204441,11.473236184817058,1839.957022931218,6044.854756532173,0.4083376514668367,0.003408726951403414,332.3556848769262,0.0018967449639949179,176.76384551760594,0.03653629655174215,4058.42164768602
RIMONE_r2_Im422,RIM-ONE,RIMONE_r2_Im422,1,Glaucoma,C:/Users/TRIPU/OneDrive/Documents/ML/end sem project/RIM-ONE_DL_images\RIM-ONE_DL_images\partitioned_by_hospital\training_set\glaucoma\r2_Im422.png,C:/Users/TRIPU/.gemini/antigravity/scratch/glaucoma_detection\data\processed\RIM-ONE\glaucoma\RIMONE_r2_Im422.png,external_test,-1,r2,partitioned_by_hospital/training_set,False,0.7935418562262905,0.5097309897309654,0.5182162441477265,0.19985282788342654,0.7665427923262724,0.07194806178742605,0.1822299669865128,0.020310183105243296,0.033620264405674054,0.007276041230658462,0.970513291822531,0.019071515893546883,0.4751919607092836,20.28272897116652,1359.4506950357825,3860.878235285365,0.3284289301658163,0.004898314488642522,249.07903301140047,0.0023759642646636447,114.72859182765364,0.08544522248183654,6066.14203102727
RIMONE_r2_Im424,RIM-ONE,RIMONE_r2_Im424,1,Glaucoma,C:/Users/TRIPU/OneDrive/Documents/ML/end sem project/RIM-ONE_DL_images\RIM-ONE_DL_images\partitioned_by_hospital\training_set\glaucoma\r2_Im424.png,C:/Users/TRIPU/.gemini/antigravity/scratch/glaucoma_detection\data\processed\RIM-ONE\glaucoma\RIMONE_r2_Im424.png,external_test,-1,r2,partitioned_by_hospital/training_set,False,1.1571010329222717,0.8302784533130169,0.6687353874736076,0.286714512827643,0.711034522826619,0.09426582265708136,0.16876865646577577,0.0245011776144237,0.029083167109756596,0.00810892131035432,0.9485839691240757,0.03714342651557328,0.5181635077735525,12.946028115974332,1638.610459308481,5366.591734807162,0.3898377710459184,0.005348251860365535,229.9375566742205,0.002764978996625805,117.64146561356154,0.06604188165066732,3188.4285698464573
RIMONE_r2_Im427,RIM-ONE,RIMONE_r2_Im427,1,Glaucoma,C:/Users/TRIPU/OneDrive/Documents/ML/end sem project/RIM-ONE_DL_images\RIM-ONE_DL_images\partitioned_by_hospital\training_set\glaucoma\r2_Im427.png,C:/Users/TRIPU/.gemini/antigravity/scratch/glaucoma_detection\data\processed\RIM-ONE\glaucoma\RIMONE_r2_Im427.png,external_test,-1,r2,partitioned_by_hospital/training_set,False,0.7261511071942376,0.39034649550764267,0.5405418382799855,0.18247695472331046,0.7480016147472441,0.07111777527795145,0.19829644530789547,0.02234091095719364,0.03982059652414442,0.008721281480695918,0.9511649161243828,0.026161496775601787,0.4813515617955111,13.760540252535288,1996.1126250479929,4551.046318379784,0.3688366948341837,0.004819110630373506,233.49838305485673,0.002341818508773753,110.95612489637648,0.06732405527490164,3237.370131422013
RIMONE_r2_Im428,RIM-ONE,RIMONE_r2_Im428,1,Glaucoma,C:/Users/TRIPU/OneDrive/Documents/ML/end sem project/RIM-ONE_DL_images\RIM-ONE_DL_images\partitioned_by_hospital\training_set\glaucoma\r2_Im428.png,C:/Users/TRIPU/.gemini/antigravity/scratch/glaucoma_detection\data\processed\RIM-ONE\glaucoma\RIMONE_r2_Im428.png,external_test,-1,r2,partitioned_by_hospital/training_set,False,1.3904480465888478,1.0475701295770057,0.6968848863622815,0.2903718912051578,0.7101167615054701,0.08611848082379747,0.1654046625056361,0.02113927194884947,0.027805571197130802,0.0068900773154764935,0.9649863181242377,0.02637081214031207,0.5292116176357943,12.02179335989186,1536.122685089968,5574.148816699111,0.39603595344387754,0.006779355762741909,208.71830045009406,0.0035021423717906917,110.29503694898219,0.08112997103397898,2681.471345504004
RIMONE_r2_Im429,RIM-ONE,RIMONE_r2_Im429,1,Glaucoma,C:/Users/TRIPU/OneDrive/Documents/ML/end sem project/RIM-ONE_DL_images\RIM-ONE_DL_images\partitioned_by_hospital\training_set\glaucoma\r2_Im429.png,C:/Users/TRIPU/.gemini/antigravity/scratch/glaucoma_detection\data\processed\RIM-ONE\glaucoma\RIMONE_r2_Im429.png,external_test,-1,r2,partitioned_by_hospital/training_set,False,1.197728655074958,0.9055200974813677,0.6723031699784746,0.30122661250479016,0.7119149554952631,0.0973654897646174,0.1585635440035135,0.024085613865973115,0.025722514282254926,0.007480974816862172,0.9585665801099567,0.03145729516959813,0.513228009704844,13.545347339809474,1484.0403562082474,5224.281110665789,0.3835648517219388,0.004236373287280073,286.21938709498363,0.00218947579494926,143.33010130576668,0.053138027276458125,4341.149265292132
RIMONE_r2_Im432,RIM-ONE,RIMONE_r2_Im432,1,Glaucoma,C:/Users/TRIPU/OneDrive/Documents/ML/end sem project/RIM-ONE_DL_images\RIM-ONE_DL_images\partitioned_by_hospital\training_set\glaucoma\r2_Im432.png,C:/Users/TRIPU/.gemini/antigravity/scratch/glaucoma_detection\data\processed\RIM-ONE\glaucoma\RIMONE_r2_Im432.png,external_test,-1,r2,partitioned_by_hospital/training_set,False,0.7422227010344904,0.4475271361567644,0.5246669715466507,0.1890117595176709,0.7586473396569016,0.07042207708373524,0.22628490938939202,0.02467245249773643,0.05181359012961844,0.011024513220441632,0.9412454409790292,0.035355400524234186,0.47763208518765254,16.313615437354276,2368.821780064324,4228.110305750228,0.34971400669642855,0.0057070540154241685,195.52768146936347,0.0027442074426945605,91.98309834637263,0.08929115694892471,3374.826537350318
RIMONE_r2_Im433,RIM-ONE,RIMONE_r2_Im433,1,Glaucoma,C:/Users/TRIPU/OneDrive/Documents/ML/end sem project/RIM-ONE_DL_images\RIM-ONE_DL_images\partitioned_by_hospital\training_set\glaucoma\r2_Im433.png,C:/Users/TRIPU/.gemini/antigravity/scratch/glaucoma_detection\data\processed\RIM-ONE\glaucoma\RIMONE_r2_Im433.png,external_test,-1,r2,partitioned_by_hospital/training_set,False,0.4655724413406755,0.2370393926719338,0.3899784410357949,0.14163966326028404,0.8125353440437434,0.061427640583880304,0.21439271070605026,0.023239214853099613,0.04650429551087667,0.009762701128832407,0.9744493718753681,0.013049535006798292,0.39524535079249734,30.48162356830332,1339.1452183838508,2392.7590235592343,0.2673389668367347,0.003043232582455807,360.8348649453151,0.001213103354420082,141.86581377001573,0.08551655199788626,12109.391064307649
RIMONE_r2_Im436,RIM-ONE,RIMONE_r2_Im436,1,Glaucoma,C:/Users/TRIPU/OneDrive/Documents/ML/end sem project/RIM-ONE_DL_images\RIM-ONE_DL_images\partitioned_by_hospital\training_set\glaucoma\r2_Im436.png,C:/Users/TRIPU/.gemini/antigravity/scratch/glaucoma_detection\data\processed\RIM-ONE\glaucoma\RIMONE_r2_Im436.png,external_test,-1,r2,partitioned_by_hospital/training_set,False,1.0995503058010505,0.7950199083592437,0.6311768840557433,0.27096227426530495,0.727180401929944,0.08937074232294485,0.18574365851784527,0.025537134048743335,0.03515285189501741,0.009317117058414674,0.9439319935706408,0.04042776687942824,0.4989435496519883,14.364379925507393,1812.6332526807123,4740.525169778601,0.3684032206632653,0.0037332178635363705,302.1479330034882,0.0018847542490746825,147.58990741107482,0.05075385388212836,4616.491633184328
RIMONE_r2_Im439,RIM-ONE,RIMONE_r2_Im439,1,Glaucoma,C:/Users/TRIPU/OneDrive/Documents/ML/end sem project/RIM-ONE_DL_images\RIM-ONE_DL_images\partitioned_by_hospital\training_set\glaucoma\r2_Im439.png,C:/Users/TRIPU/.gemini/antigravity/scratch/glaucoma_detection\data\processed\RIM-ONE\glaucoma\RIMONE_r2_Im439.png,external_test,-1,r2,partitioned_by_hospital/training_set,False,1.9026685512499084,1.4513079580870942,0.8223120060702512,0.3525004871064225,0.6783853772790639,0.09195193814985779,0.16128617818017918,0.01878289959408229,0.02636602858912988,0.006001857810372752,0.9653435011103783,0.026510455072788115,0.5826580244872291,11.320246456184085,1223.5960248191998,7077.6669438783865,0.42857641103316324,0.009045140335113607,209.84869000469348,0.004592067697894191,131.52577187310095,0.150099237601482,1707.6365275744922
RIMONE_r2_Im441,RIM-ONE,RIMONE_r2_Im441,1,Glaucoma,C:/Users/TRIPU/OneDrive/Documents/ML/end sem project/RIM-ONE_DL_images\RIM-ONE_DL_images\partitioned_by_hospital\training_set\glaucoma\r2_Im441.png,C:/Users/TRIPU/.gemini/antigravity/scratch/glaucoma_detection\data\processed\RIM-ONE\glaucoma\RIMONE_r2_Im441.png,external_test,-1,r2,partitioned_by_hospital/training_set,False,1.3826489433382791,1.0241282639223375,0.693909767266398,0.2912545678760128,0.7122856167634409,0.08671430077585,0.15926244397406694,0.020517572714588494,0.025785496850691248,0.006426649270498625,0.9674063262541844,0.024161646554674922,0.5368296473617612,13.135186182819789,1343.3847774966703,5578.434081639243,0.3898577008928571,0.007143953505760555,207.08299844349233,0.003712681763615213,111.02730951142013,0.09415509036309358,2962.200528838036
RIMONE_r2_Im442,RIM-ONE,RIMONE_r2_Im442,1,Glaucoma,C:/Users/TRIPU/OneDrive/Documents/ML/end sem project/RIM-ONE_DL_images\RIM-ONE_DL_images\partitioned_by_hospital\training_set\glaucoma\r2_Im442.png,C:/Users/TRIPU/.gemini/antigravity/scratch/glaucoma_detection\data\processed\RIM-ONE\glaucoma\RIMONE_r2_Im442.png,external_test,-1,r2,partitioned_by_hospital/training_set,False,1.1917502089048126,0.8623271107460472,0.6346640595888241,0.25949439210535324,0.7304828613243419,0.08093252652552704,0.18130794460191438,0.021293118982038246,0.03332596769175409,0.007597526239059161,0.9682201043160159,0.022917452252618972,0.5140226366516403,14.328372997595949,1461.6484281036137,4967.832409307657,0.372314453125,0.00782687553924213,186.62416851254306,0.00385130589433249,98.1571031217306,0.12303506418130422,2494.3679822372383
RIMONE_r2_Im443,RIM-ONE,RIMONE_r2_Im443,1,Glaucoma,C:/Users/TRIPU/OneDrive/Documents/ML/end sem project/RIM-ONE_DL_images\RIM-ONE_DL_images\partitioned_by_hospital\training_set\glaucoma\r2_Im443.png,C:/Users/TRIPU/.gemini/antigravity/scratch/glaucoma_detection\data\processed\RIM-ONE\glaucoma\RIMONE_r2_Im443.png,external_test,-1,r2,partitioned_by_hospital/training_set,False,1.1046842619841382,0.7852995168429364,0.6238307166577283,0.25239832751797975,0.7308353892743206,0.08095142761585383,0.19948090216096667,0.021609877337909228,0.04025961712551264,0.008506549319289604,0.9722279644276982,0.01969117815785522,0.5132526169936764,14.068570684919079,1657.4938278893956,4996.385511193324,0.37418287627551017,0.008045910574288342,181.33324097053907,0.003969099633042018,94.28515341359302,0.12103262534497285,2534.126033152124
RIMONE_r2_Im444,RIM-ONE,RIMONE_r2_Im444,1,Glaucoma,C:/Users/TRIPU/OneDrive/Documents/ML/end sem project/RIM-ONE_DL_images\RIM-ONE_DL_images\partitioned_by_hospital\training_set\glaucoma\r2_Im444.png,C:/Users/TRIPU/.gemini/antigravity/scratch/glaucoma_detection\data\processed\RIM-ONE\glaucoma\RIMONE_r2_Im444.png,external_test,-1,r2,partitioned_by_hospital/training_set,False,1.005098615780702,0.7287010674792196,0.5934893325544248,0.25223065522213,0.7403542998186824,0.08491622233308134,0.17152995778176772,0.02120531202251341,0.02987219167458716,0.007134395483689454,0.9751125074350693,0.018058114824617926,0.4870596770360793,15.954954724751836,1249.9262823657796,4392.2243603706065,0.3539192044005102,0.006465398835969217,220.007783917396,0.0030782738955726675,106.26957778067518,0.1107343268338018,3541.5694946098124
RIMONE_r2_Im445,RIM-ONE,RIMONE_r2_Im445,1,Glaucoma,C:/Users/TRIPU/OneDrive/Documents/ML/end sem project/RIM-ONE_DL_images\RIM-ONE_DL_images\partitioned_by_hospital\training_set\glaucoma\r2_Im445.png,C:/Users/TRIPU/.gemini/antigravity/scratch/glaucoma_detection\data\processed\RIM-ONE\glaucoma\RIMONE_r2_Im445.png,external_test,-1,r2,partitioned_by_hospital/training_set,False,1.4783569091231137,1.1281304051420118,0.7283611667593073,0.31783794557612877,0.7006386498376864,0.09239752802375104,0.1696367836369084,0.022223588266227064,0.029270526238102067,0.007409112548237495,0.9607951310946167,0.029930082708886148,0.547089446200882,12.17114922826454,1529.3532851737298,5969.537529016242,0.4024832589285714,0.004346047571406771,291.9691626046255,0.002334516879160448,159.04152898368812,0.053974195753954735,3654.8386825424423
RIMONE_r2_Im448,RIM-ONE,RIMONE_r2_Im448,1,Glaucoma,C:/Users/TRIPU/OneDrive/Documents/ML/end sem project/RIM-ONE_DL_images\RIM-ONE_DL_images\partitioned_by_hospital\training_set\glaucoma\r2_Im448.png,C:/Users/TRIPU/.gemini/antigravity/scratch/glaucoma_detection\data\processed\RIM-ONE\glaucoma\RIMONE_r2_Im448.png,external_test,-1,r2,partitioned_by_hospital/training_set,False,0.7917425493063194,0.5062851787372453,0.546762785683579,0.2171700878231211,0.7502259842092425,0.08128209244490633,0.20513396830434294,0.023222492234610453,0.042619229097873725,0.009357581679592403,0.9698891359298466,0.01920231320847832,0.46527724560815503,16.31896782539147,1750.2527453074445,4092.5898828925883,0.34768614477040816,0.005646942436807562,216.82764220752892,0.0026420921015782696,98.64660469126828,0.08994376135280377,3777.353607656253
RIMONE_r2_Im449,RIM-ONE,RIMONE_r2_Im449,1,Glaucoma,C:/Users/TRIPU/OneDrive/Documents/ML/end sem project/RIM-ONE_DL_images\RIM-ONE_DL_images\partitioned_by_hospital\training_set\glaucoma\r2_Im449.png,C:/Users/TRIPU/.gemini/antigravity/scratch/glaucoma_detection\data\processed\RIM-ONE\glaucoma\RIMONE_r2_Im449.png,external_test,-1,r2,partitioned_by_hospital/training_set,False,0.7455233747174289,0.45523231001773273,0.5288872342132881,0.20046370949077869,0.7564983448524822,0.0761318044816468,0.21993493297167468,0.02040411855207161,0.04878770279514203,0.008854610888280818,0.9738183791942713,0.015946435042365693,0.4631909290533622,16.578739904712442,1715.4095071816403,4029.558851784187,0.3447813695790817,0.006316078363256204,202.6088034315424,0.002927055564399635,92.10751385053047,0.10719287620428425,3395.316252450582
RIMONE_r2_Im450,RIM-ONE,RIMONE_r2_Im450,1,Glaucoma,C:/Users/TRIPU/OneDrive/Documents/ML/end sem project/RIM-ONE_DL_images\RIM-ONE_DL_images\partitioned_by_hospital\training_set\glaucoma\r2_Im450.png,C:/Users/TRIPU/.gemini/antigravity/scratch/glaucoma_detection\data\processed\RIM-ONE\glaucoma\RIMONE_r2_Im450.png,external_test,-1,r2,partitioned_by_hospital/training_set,False,0.6266815318090232,0.36088265988419027,0.4779655347224184,0.18166798656394056,0.7756990480677194,0.07338453341474158,0.2048819963427504,0.024551160935451892,0.042579391928669254,0.009859121689680492,0.9616987612937976,0.02211610744724617,0.4323166878198037,20.0540772929195,1604.3938509407883,3298.9885220213105,0.315070950255102,0.0044439688368626325,254.8949965992098,0.0019493710619596931,108.0491786068592,0.08586620598759843,5311.065874040424
RIMONE_r2_Im451,RIM-ONE,RIMONE_r2_Im451,1,Glaucoma,C:/Users/TRIPU/OneDrive/Documents/ML/end sem project/RIM-ONE_DL_images\RIM-ONE_DL_images\partitioned_by_hospital\training_set\glaucoma\r2_Im451.png,C:/Users/TRIPU/.gemini/antigravity/scratch/glaucoma_detection\data\processed\RIM-ONE\glaucoma\RIMONE_r2_Im451.png,external_test,-1,r2,partitioned_by_hospital/training_set,False,1.1393594244816174,0.8603718865736999,0.6335712147213204,0.2743102755975069,0.729284310568718,0.08589805769411506,0.1868776129950751,0.019952999615057955,0.03532136443237557,0.007357105470555929,0.9803265906242591,0.014849610831192399,0.5226500947591948,16.11704249702448,1233.365876669162,5136.499374825174,0.3695940290178571,0.008368624399614149,209.2523412993865,0.004039205830526223,112.66124241537356,0.172055923895166,2938.9977194517564
RIMONE_r2_Im453,RIM-ONE,RIMONE_r2_Im453,1,Glaucoma,C:/Users/TRIPU/OneDrive/Documents/ML/end sem project/RIM-ONE_DL_images\RIM-ONE_DL_images\partitioned_by_hospital\training_set\glaucoma\r2_Im453.png,C:/Users/TRIPU/.gemini/antigravity/scratch/glaucoma_detection\data\processed\RIM-ONE\glaucoma\RIMONE_r2_Im453.png,external_test,-1,r2,partitioned_by_hospital/training_set,False,0.6352567945149232,0.3408666610780058,0.47600943767806464,0.16135775951371478,0.7771679428176385,0.0641655260360979,0.26912854286511534,0.025822526002047014,0.0730969754338266,0.013803099472418378,0.9263148431892715,0.039372040413537715,0.43956418913569234,19.07873142567606,2484.676131423562,3465.3200928827705,0.322395169005102,0.008090242746390433,140.7824877464237,0.0035665908235039314,61.563199317605736,0.1498104132982448,2725.9235639577014
RIMONE_r2_Im454,RIM-ONE,RIMONE_r2_Im454,1,Glaucoma,C:/Users/TRIPU/OneDrive/Documents/ML/end sem project/RIM-ONE_DL_images\RIM-ONE_DL_images\partitioned_by_hospital\training_set\glaucoma\r2_Im454.png,C:/Users/TRIPU/.gemini/antigravity/scratch/glaucoma_detection\data\processed\RIM-ONE\glaucoma\RIMONE_r2_Im454.png,external_test,-1,r2,partitioned_by_hospital/training_set,False,0.5251952938975935,0.25401791510194316,0.43995785538378535,0.1489621475261985,0.7885219344499038,0.06416486717776583,0.19023538325090417,0.019244263045233925,0.03655984270077254,0.0072151667549597955,0.9786503639286469,0.010472063623144644,0.41766545074171146,20.709790477607118,1237.51526731638,3063.9548671825605,0.3071886957908163,0.005773499757392605,220.338707640532,0.002482169672741379,90.240741110839,0.1217966396933474,4482.716759039115
RIMONE_r2_Im455,RIM-ONE,RIMONE_r2_Im455,1,Glaucoma,C:/Users/TRIPU/OneDrive/Documents/ML/end sem project/RIM-ONE_DL_images\RIM-ONE_DL_images\partitioned_by_hospital\training_set\glaucoma\r2_Im455.png,C:/Users/TRIPU/.gemini/antigravity/scratch/glaucoma_detection\data\processed\RIM-ONE\glaucoma\RIMONE_r2_Im455.png,external_test,-1,r2,partitioned_by_hospital/training_set,False,0.5493411286483288,0.29598412596550966,0.45189700898651286,0.17172302524874583,0.7837665933555655,0.07364746556417147,0.198015045246876,0.024180814616389438,0.03979466993963454,0.009376533462265305,0.9713253101394996,0.015608105043596325,0.39685194395198664,21.189843415831607,1447.2287423491366,2870.8883600943245,0.3017428651147959,0.003955132789690995,286.8017497475865,0.0015981358364633002,111.58345978464868,0.0781864975364726,6611.926273520781
RIMONE_r3_G-1-L_left_half,RIM-ONE,RIMONE_r3_G-1-L_left_half,1,Glaucoma,C:/Users/TRIPU/OneDrive/Documents/ML/end sem project/RIM-ONE_DL_images\RIM-ONE_DL_images\partitioned_by_hospital\training_set\glaucoma\r3_G-1-L_left_half.png,C:/Users/TRIPU/.gemini/antigravity/scratch/glaucoma_detection\data\processed\RIM-ONE\glaucoma\RIMONE_r3_G-1-L_left_half.png,external_test,-1,r3,partitioned_by_hospital/training_set,False,1.5517082116054188,1.170394355181253,0.7471195370543509,0.32026705530172017,0.6953234781593064,0.09137236966479802,0.16089019491691184,0.01844562354296878,0.026225895848290808,0.005823827777999301,0.975839289139259,0.018251745475608948,0.5547416069087372,11.317537969460298,1234.6368246016273,6243.472461202389,0.4128368144132653,0.009444887757727583,207.5461164738421,0.004820348027066688,117.61367115408883,0.13399510035058615,2166.7040828373947
RIMONE_r3_G-10-L_left_half,RIM-ONE,RIMONE_r3_G-10-L_left_half,1,Glaucoma,C:/Users/TRIPU/OneDrive/Documents/ML/end sem project/RIM-ONE_DL_images\RIM-ONE_DL_images\partitioned_by_hospital\training_set\glaucoma\r3_G-10-L_left_half.png,C:/Users/TRIPU/.gemini/antigravity/scratch/glaucoma_detection\data\processed\RIM-ONE\glaucoma\RIMONE_r3_G-10-L_left_half.png,external_test,-1,r3,partitioned_by_hospital/training_set,False,0.49604306025634787,0.24030382632280617,0.3934642698130572,0.12278847362289144,0.8131678186050811,0.050259242143205304,0.30198332332438166,0.020217522581091062,0.09160267578535493,0.01206608408839926,0.9786499691712992,0.010253855843517692,0.44684147631289517,28.76721859119234,1868.5207350496244,2924.136838001891,0.2823710538903061,0.03013175140328341,67.33185084585551,0.01316456633174467,31.50050321163706,1.0795130651509695,1328.2531815893904
RIMONE_r3_G-11-R_left_half,RIM-ONE,RIMONE_r3_G-11-R_left_half,1,Glaucoma,C:/Users/TRIPU/OneDrive/Documents/ML/end sem project/RIM-ONE_DL_images\RIM-ONE_DL_images\partitioned_by_hospital\training_set\glaucoma\r3_G-11-R_left_half.png,C:/Users/TRIPU/.gemini/antigravity/scratch/glaucoma_detection\data\processed\RIM-ONE\glaucoma\RIMONE_r3_G-11-R_left_half.png,external_test,-1,r3,partitioned_by_hospital/training_set,False,0.34162447826740006,0.12750475630864036,0.3050603578997706,0.08352295302851798,0.8511001785126978,0.0374715329798386,0.39304123359843374,0.018970570052310325,0.1548412938366882,0.014775091359714686,0.9649557891512187,0.012918284968285705,0.4259227391317187,50.319646679538536,2108.244216832254,2183.135994332488,0.23313436702806123,0.09536465784464415,26.25310735453658,0.042662374206586834,11.320398304712112,5.431097857230062,763.7234384246891
RIMONE_r3_G-12-L_left_half,RIM-ONE,RIMONE_r3_G-12-L_left_half,1,Glaucoma,C:/Users/TRIPU/OneDrive/Documents/ML/end sem project/RIM-ONE_DL_images\RIM-ONE_DL_images\partitioned_by_hospital\training_set\glaucoma\r3_G-12-L_left_half.png,C:/Users/TRIPU/.gemini/antigravity/scratch/glaucoma_detection\data\processed\RIM-ONE\glaucoma\RIMONE_r3_G-12-L_left_half.png,external_test,-1,r3,partitioned_by_hospital/training_set,False,1.0386483979385155,0.706323248656062,0.6229120687445097,0.24766217911580726,0.7270695740424854,0.08271362409372003,0.18625902546076908,0.022461130808548644,0.03519692696279415,0.008200498401136883,0.9614871393873478,0.02620096144290714,0.5164409508060082,13.703476376316376,1603.8282285015478,5164.605966843032,0.38132274394132654,0.012255660610612083,126.9546485336434,0.0060283670962672856,67.60628947035947,0.21011175767009874,1452.3390338923061
RIMONE_r3_G-13-R_left_half,RIM-ONE,RIMONE_r3_G-13-R_left_half,1,Glaucoma,C:/Users/TRIPU/OneDrive/Documents/ML/end sem project/RIM-ONE_DL_images\RIM-ONE_DL_images\partitioned_by_hospital\training_set\glaucoma\r3_G-13-R_left_half.png,C:/Users/TRIPU/.gemini/antigravity/scratch/glaucoma_detection\data\processed\RIM-ONE\glaucoma\RIMONE_r3_G-13-R_left_half.png,external_test,-1,r3,partitioned_by_hospital/training_set,False,0.39556833073158576,0.1604327417699389,0.3400505066316543,0.09580118500715967,0.8354409254102247,0.04162909780719761,0.34052081861132216,0.020124977258511468,0.11635944261738056,0.013561706364960418,0.9660110054883105,0.013646956672176757,0.4340603374651842,38.1493636826199,1999.6293058227488,2495.3547518450478,0.2550771285076531,0.06378241716737384,36.36015244813251,0.027873308475755407,16.76718471133608,2.9534135901764405,817.6945826106992
RIMONE_r3_G-14-R_left_half,RIM-ONE,RIMONE_r3_G-14-R_left_half,1,Glaucoma,C:/Users/TRIPU/OneDrive/Documents/ML/end sem project/RIM-ONE_DL_images\RIM-ONE_DL_images\partitioned_by_hospital\training_set\glaucoma\r3_G-14-R_left_half.png,C:/Users/TRIPU/.gemini/antigravity/scratch/glaucoma_detection\data\processed\RIM-ONE\glaucoma\RIMONE_r3_G-14-R_left_half.png,external_test,-1,r3,partitioned_by_hospital/training_set,False,1.44153844404253,1.017418300194768,0.6549537662866681,0.26107128298014115,0.7353820905897765,0.07496080112352847,0.20125668318974954,0.021578932328958838,0.04096990284899699,0.008534286278500457,0.9587091074197703,0.02905963678739303,0.5331209781661977,17.16819153894851,1471.1592547176265,5046.231747969983,0.36223991549744894,0.011630949944084132,142.04689154924893,0.005826463509295176,77.70897782676795,0.2684372355412655,1820.3583608551264
RIMONE_r3_G-15-L_left_half,RIM-ONE,RIMONE_r3_G-15-L_left_half,1,Glaucoma,C:/Users/TRIPU/OneDrive/Documents/ML/end sem project/RIM-ONE_DL_images\RIM-ONE_DL_images\partitioned_by_hospital\training_set\glaucoma\r3_G-15-L_left_half.png,C:/Users/TRIPU/.gemini/antigravity/scratch/glaucoma_detection\data\processed\RIM-ONE\glaucoma\RIMONE_r3_G-15-L_left_half.png,external_test,-1,r3,partitioned_by_hospital/training_set,False,1.350497208544918,1.0177913345701715,0.6443575219334595,0.26959871205636254,0.7373980243293191,0.07558397702693262,0.23315965132211225,0.018096062874315786,0.05469089049620016,0.008309887537601939,0.978049507440451,0.016502998519768212,0.54872816753778,18.586679997672984,1278.5596147698184,5293.2689597744475,0.362369459502551,0.019219646342683406,140.93807589227805,0.009453917834495375,79.60215313400442,0.5227582698624812,1644.9665931307013
RIMONE_r3_G-16-R_left_half,RIM-ONE,RIMONE_r3_G-16-R_left_half,1,Glaucoma,C:/Users/TRIPU/OneDrive/Documents/ML/end sem project/RIM-ONE_DL_images\RIM-ONE_DL_images\partitioned_by_hospital\training_set\glaucoma\r3_G-16-R_left_half.png,C:/Users/TRIPU/.gemini/antigravity/scratch/glaucoma_detection\data\processed\RIM-ONE\glaucoma\RIMONE_r3_G-16-R_left_half.png,external_test,-1,r3,partitioned_by_hospital/training_set,False,1.8117926276585632,1.3611118277470076,0.765998952042335,0.3237667342396649,0.7019122155254701,0.08400113561245295,0.17906728939730202,0.018555110744965568,0.03240938626685505,0.006533506929429838,0.9721405466179872,0.02091282738329048,0.5749765743980715,13.615391390753192,1219.8811307276515,6375.256300544592,0.40143694196428575,0.014925730431145916,163.65892300322108,0.007503107762016877,98.04429801092277,0.3241242117384672,1591.4076322360497
RIMONE_r3_G-17-L_left_half,RIM-ONE,RIMONE_r3_G-17-L_left_half,1,Glaucoma,C:/Users/TRIPU/OneDrive/Documents/ML/end sem project/RIM-ONE_DL_images\RIM-ONE_DL_images\partitioned_by_hospital\training_set\glaucoma\r3_G-17-L_left_half.png,C:/Users/TRIPU/.gemini/antigravity/scratch/glaucoma_detection\data\processed\RIM-ONE\glaucoma\RIMONE_r3_G-17-L_left_half.png,external_test,-1,r3,partitioned_by_hospital/training_set,False,0.9557182928031439,0.6128782552892146,0.5992913750798134,0.2303603166071492,0.7336342118026837,0.08041775455309082,0.1812211180961466,0.022532806254187885,0.0333488210017063,0.008001836671196206,0.9607025043392051,0.02512628654433398,0.5038701747241938,13.693090058090862,1702.386611130241,4856.605586100005,0.37437719228316324,0.0062910681985000536,198.51611973457776,0.0031647359602042183,98.58615574162087,0.0866533522272707,2801.376035297924
RIMONE_r3_G-18-R_left_half,RIM-ONE,RIMONE_r3_G-18-R_left_half,1,Glaucoma,C:/Users/TRIPU/OneDrive/Documents/ML/end sem project/RIM-ONE_DL_images\RIM-ONE_DL_images\partitioned_by_hospital\training_set\glaucoma\r3_G-18-R_left_half.png,C:/Users/TRIPU/.gemini/antigravity/scratch/glaucoma_detection\data\processed\RIM-ONE\glaucoma\RIMONE_r3_G-18-R_left_half.png,external_test,-1,r3,partitioned_by_hospital/training_set,False,1.55411328364118,1.071282297480874,0.7847545017909653,0.3053613832296621,0.6749140822440319,0.0895320812177435,0.14568598797410753,0.020261487208395792,0.021634934955887794,0.0058040642993216285,0.9493109066044793,0.035028962154564115,0.5690288974029138,8.768408761327319,1711.0752960716711,7170.045029108998,0.44978176817602045,0.005287480861132464,240.86468129961207,0.002983199817811895,135.79156653187974,0.044830660571211704,2318.821745542976
RIMONE_r3_G-2-R_left_half,RIM-ONE,RIMONE_r3_G-2-R_left_half,1,Glaucoma,C:/Users/TRIPU/OneDrive/Documents/ML/end sem project/RIM-ONE_DL_images\RIM-ONE_DL_images\partitioned_by_hospital\training_set\glaucoma\r3_G-2-R_left_half.png,C:/Users/TRIPU/.gemini/antigravity/scratch/glaucoma_detection\data\processed\RIM-ONE\glaucoma\RIMONE_r3_G-2-R_left_half.png,external_test,-1,r3,partitioned_by_hospital/training_set,False,1.1112747853672953,0.78121272544288,0.6303863859762807,0.25363141264026406,0.7279721107891431,0.08133076657643773,0.17303990829645555,0.020245180287297982,0.030352677188110952,0.006865460091679676,0.9702455853992173,0.020892883388140177,0.5242702252772435,13.683349914081031,1389.5605489839274,5235.062619173091,0.38082948022959184,0.007063340925333032,203.3453331829909,0.0035601503156238007,108.70969298390287,0.11038039667872485,2617.8254756830593
RIMONE_r3_G-22-L_left_half,RIM-ONE,RIMONE_r3_G-22-L_left_half,1,Glaucoma,C:/Users/TRIPU/OneDrive/Documents/ML/end sem project/RIM-ONE_DL_images\RIM-ONE_DL_images\partitioned_by_hospital\training_set\glaucoma\r3_G-22-L_left_half.png,C:/Users/TRIPU/.gemini/antigravity/scratch/glaucoma_detection\data\processed\RIM-ONE\glaucoma\RIMONE_r3_G-22-L_left_half.png,external_test,-1,r3,partitioned_by_hospital/training_set,False,0.3209107426390532,0.11957471025937079,0.2902707367114691,0.07877279610298794,0.8579073134051325,0.03540715982177901,0.33463917042673313,0.01567586262164752,0.11222910705282495,0.010386479510123905,0.9750525013481303,0.009230795775630322,0.4309532288156568,58.85807719017141,1609.0421024124007,2140.635730722653,0.22549127072704084,0.09264889796163372,30.99722546141014,0.041652924783108766,13.531654806522853,8.293532009464133,982.1338411640334
RIMONE_r3_G-23-R_left_half,RIM-ONE,RIMONE_r3_G-23-R_left_half,1,Glaucoma,C:/Users/TRIPU/OneDrive/Documents/ML/end sem project/RIM-ONE_DL_images\RIM-ONE_DL_images\partitioned_by_hospital\training_set\glaucoma\r3_G-23-R_left_half.png,C:/Users/TRIPU/.gemini/antigravity/scratch/glaucoma_detection\data\processed\RIM-ONE\glaucoma\RIMONE_r3_G-23-R_left_half.png,external_test,-1,r3,partitioned_by_hospital/training_set,False,0.5908935661158998,0.32619563839578214,0.44423609508565853,0.15470937761587839,0.7921343026865003,0.061005407664341614,0.21931433899805333,0.01863980509766918,0.04844622162423216,0.008036912466982517,0.9862614412443488,0.007546866835222944,0.4581355668779787,24.633588464741543,1239.2845879856989,3354.2385553129943,0.305534518494898,0.029178214408286926,93.49541072398364,0.013145949394681578,43.033972256139144,1.0334800600255858,1647.8340819497425
RIMONE_r3_G-25-L_left_half,RIM-ONE,RIMONE_r3_G-25-L_left_half,1,Glaucoma,C:/Users/TRIPU/OneDrive/Documents/ML/end sem project/RIM-ONE_DL_images\RIM-ONE_DL_images\partitioned_by_hospital\training_set\glaucoma\r3_G-25-L_left_half.png,C:/Users/TRIPU/.gemini/antigravity/scratch/glaucoma_detection\data\processed\RIM-ONE\glaucoma\RIMONE_r3_G-25-L_left_half.png,external_test,-1,r3,partitioned_by_hospital/training_set,False,0.7015886534782942,0.39267683349269733,0.4973581746985524,0.16904930521998204,0.770892428208452,0.06349435004991179,0.19165738818829323,0.01924129658846687,0.037102781941563454,0.007237124265798968,0.9745478320948558,0.014254322579627986,0.48346634707234193,17.800677897812452,1432.7659267613194,4046.0406730942077,0.33866788903061223,0.014220198064494833,114.32241221762638,0.0067243507881880465,55.96779931222693,0.2801229515425887,2001.1005937118762
RIMONE_r3_G-27-R_left_half,RIM-ONE,RIMONE_r3_G-27-R_left_half,1,Glaucoma,C:/Users/TRIPU/OneDrive/Documents/ML/end sem project/RIM-ONE_DL_images\RIM-ONE_DL_images\partitioned_by_hospital\training_set\glaucoma\r3_G-27-R_left_half.png,C:/Users/TRIPU/.gemini/antigravity/scratch/glaucoma_detection\data\processed\RIM-ONE\glaucoma\RIMONE_r3_G-27-R_left_half.png,external_test,-1,r3,partitioned_by_hospital/training_set,False,0.7239182103411667,0.42984118727856324,0.4885224912937049,0.1700783815384515,0.7777696281459395,0.06143988200108479,0.25071631410978684,0.01786201912568395,0.06317772188804359,0.008842229837090985,0.9648933886221385,0.020842954380059033,0.4892842187204517,21.611825172951672,1601.732414966132,3969.43754808395,0.32734773596938777,0.030825181291214226,68.16045110180531,0.014860298660723375,34.13862721323913,0.9252353306867672,993.3474558530232
RIMONE_r3_G-29-R_left_half,RIM-ONE,RIMONE_r3_G-29-R_left_half,1,Glaucoma,C:/Users/TRIPU/OneDrive/Documents/ML/end sem project/RIM-ONE_DL_images\RIM-ONE_DL_images\partitioned_by_hospital\training_set\glaucoma\r3_G-29-R_left_half.png,C:/Users/TRIPU/.gemini/antigravity/scratch/glaucoma_detection\data\processed\RIM-ONE\glaucoma\RIMONE_r3_G-29-R_left_half.png,external_test,-1,r3,partitioned_by_hospital/training_set,False,1.2377768065965915,0.8497765175102016,0.6707061958544176,0.2621287386448782,0.7142722814832348,0.0820462061901972,0.17264903891102215,0.019930813331340762,0.030204927956948402,0.00676532081504575,0.9640248510669899,0.02468276136018398,0.5345776973955164,11.877121666374734,1488.3687667276904,5692.573773529624,0.39987244897959184,0.008498426808834,175.40187488103157,0.004393387936803789,95.07264387682379,0.11750084574259202,1854.0810268715807
RIMONE_r3_G-3-R_left_half,RIM-ONE,RIMONE_r3_G-3-R_left_half,1,Glaucoma,C:/Users/TRIPU/OneDrive/Documents/ML/end sem project/RIM-ONE_DL_images\RIM-ONE_DL_images\partitioned_by_hospital\training_set\glaucoma\r3_G-3-R_left_half.png,C:/Users/TRIPU/.gemini/antigravity/scratch/glaucoma_detection\data\processed\RIM-ONE\glaucoma\RIMONE_r3_G-3-R_left_half.png,external_test,-1,r3,partitioned_by_hospital/training_set,False,0.4652114096868593,0.22630036884935537,0.3718458993883664,0.11834500160597758,0.823104833460116,0.048966240517974595,0.32330603290605037,0.016531999275160518,0.10480009791348203,0.01059910234102692,0.9690367364389832,0.014995863889381057,0.4366357991372157,37.8185246467924,1735.6210878821223,2673.192001057881,0.26564991230867346,0.0871221532982144,36.0944253974488,0.03887107286515069,16.13986964667084,4.245217608153789,785.6153394806086
RIMONE_r3_G-30-L_left_half,RIM-ONE,RIMONE_r3_G-30-L_left_half,1,Glaucoma,C:/Users/TRIPU/OneDrive/Documents/ML/end sem project/RIM-ONE_DL_images\RIM-ONE_DL_images\partitioned_by_hospital\training_set\glaucoma\r3_G-30-L_left_half.png,C:/Users/TRIPU/.gemini/antigravity/scratch/glaucoma_detection\data\processed\RIM-ONE\glaucoma\RIMONE_r3_G-30-L_left_half.png,external_test,-1,r3,partitioned_by_hospital/training_set,False,0.700019239008336,0.4191293207224113,0.49220045544090035,0.17608627747745553,0.7737963633249906,0.06525030877238164,0.24697458386711846,0.019389530808269936,0.06137239898130118,0.009420571965172183,0.9737086805603364,0.0156669391366785,0.48287350599633244,19.325165579465274,1615.2713413332817,3968.601291487984,0.33223553093112246,0.017232176825391868,101.56939661262483,0.008081193633558467,50.573872328179505,0.4064696595657851,1505.6207657002212
RIMONE_r3_G-31-R_left_half,RIM-ONE,RIMONE_r3_G-31-R_left_half,1,Glaucoma,C:/Users/TRIPU/OneDrive/Documents/ML/end sem project/RIM-ONE_DL_images\RIM-ONE_DL_images\partitioned_by_hospital\training_set\glaucoma\r3_G-31-R_left_half.png,C:/Users/TRIPU/.gemini/antigravity/scratch/glaucoma_detection\data\processed\RIM-ONE\glaucoma\RIMONE_r3_G-31-R_left_half.png,external_test,-1,r3,partitioned_by_hospital/training_set,False,0.42582414725146994,0.20308511530681403,0.34291728721927656,0.10668422513461036,0.8366287221129382,0.044134453585132516,0.28977837750861396,0.018980861463307224,0.08433178117341401,0.010861610884558072,0.9532838770098802,0.022191112421207866,0.440945074502229,51.07895934510958,1682.078918003498,2485.918480189949,0.24817143654336732,0.07223734231549192,30.674729204869696,0.03296959021237962,14.093282182125066,6.96728643303947,830.8477092687446
RIMONE_r3_G-32-L_left_half,RIM-ONE,RIMONE_r3_G-32-L_left_half,1,Glaucoma,C:/Users/TRIPU/OneDrive/Documents/ML/end sem project/RIM-ONE_DL_images\RIM-ONE_DL_images\partitioned_by_hospital\training_set\glaucoma\r3_G-32-L_left_half.png,C:/Users/TRIPU/.gemini/antigravity/scratch/glaucoma_detection\data\processed\RIM-ONE\glaucoma\RIMONE_r3_G-32-L_left_half.png,external_test,-1,r3,partitioned_by_hospital/training_set,False,0.364008333044302,0.17476260007592404,0.29241169961755437,0.09163316137476654,0.8607532546184066,0.0378792110373802,0.45911733411745836,0.014371568067462691,0.2109952684558396,0.013097156879445168,0.9536755708465017,0.022066918739472287,0.43886971488058785,80.55554383293969,1549.8264038280786,2080.938407917648,0.21227279974489796,0.07557604061484853,30.140284355034577,0.03574917230886891,13.921782010782625,8.005110364872124,1096.6570961564537
RIMONE_r3_G-33-R_left_half,RIM-ONE,RIMONE_r3_G-33-R_left_half,1,Glaucoma,C:/Users/TRIPU/OneDrive/Documents/ML/end sem project/RIM-ONE_DL_images\RIM-ONE_DL_images\partitioned_by_hospital\training_set\glaucoma\r3_G-33-R_left_half.png,C:/Users/TRIPU/.gemini/antigravity/scratch/glaucoma_detection\data\processed\RIM-ONE\glaucoma\RIMONE_r3_G-33-R_left_half.png,external_test,-1,r3,partitioned_by_hospital/training_set,False,1.4171100720727452,0.9686856318074369,0.749482859393804,0.2928331412673331,0.685028537991117,0.08908274690438442,0.15802832088722288,0.02184610745122467,0.025450202613205537,0.00679081200662258,0.9417980300047476,0.0396222600751187,0.556199541367052,9.304350334800601,1812.039109652855,6664.800218059837,0.435302734375,0.007477630556919596,178.54171836110416,0.004173614803734935,97.49109344740815,0.06866858877445248,1694.527212552249
RIMONE_r3_G-34-L_left_half,RIM-ONE,RIMONE_r3_G-34-L_left_half,1,Glaucoma,C:/Users/TRIPU/OneDrive/Documents/ML/end sem project/RIM-ONE_DL_images\RIM-ONE_DL_images\partitioned_by_hospital\training_set\glaucoma\r3_G-34-L_left_half.png,C:/Users/TRIPU/.gemini/antigravity/scratch/glaucoma_detection\data\processed\RIM-ONE\glaucoma\RIMONE_r3_G-34-L_left_half.png,external_test,-1,r3,partitioned_by_hospital/training_set,False,0.4909160356306954,0.2344472904829916,0.39355038561800765,0.11771922544910911,0.8126001655951453,0.047948448715966464,0.28392417191484237,0.016266578085606602,0.0808775369601441,0.009128334501683138,0.9669618583419345,0.015728768918423546,0.4630540293442519,30.067399698564277,1639.5040838077716,3179.8890912081188,0.2900390625,0.022476590204090305,71.56513657711086,0.010487242482382328,33.88649815070555,0.8971145985202889,1459.810811536238
RIMONE_r3_G-35-R_left_half,RIM-ONE,RIMONE_r3_G-35-R_left_half,1,Glaucoma,C:/Users/TRIPU/OneDrive/Documents/ML/end sem project/RIM-ONE_DL_images\RIM-ONE_DL_images\partitioned_by_hospital\training_set\glaucoma\r3_G-35-R_left_half.png,C:/Users/TRIPU/.gemini/antigravity/scratch/glaucoma_detection\data\processed\RIM-ONE\glaucoma\RIMONE_r3_G-35-R_left_half.png,external_test,-1,r3,partitioned_by_hospital/training_set,False,1.8821929756639013,1.5757740162945044,0.8170807266791117,0.3835879628690369,0.6794390382191636,0.10192501758940037,0.1386575662913708,0.021921057578344137,0.019706453455198964,0.005943839814291589,0.9600352171582602,0.03347644053818441,0.5681990801239545,11.261958417258295,1339.9727451317267,6595.16981815958,0.41941366390306123,0.009908905364941399,176.21408812115254,0.005211353107872997,100.02193968102762,0.1540006627309064,1906.4649247680177
RIMONE_r3_G-37-R_left_half,RIM-ONE,RIMONE_r3_G-37-R_left_half,1,Glaucoma,C:/Users/TRIPU/OneDrive/Documents/ML/end sem project/RIM-ONE_DL_images\RIM-ONE_DL_images\partitioned_by_hospital\training_set\glaucoma\r3_G-37-R_left_half.png,C:/Users/TRIPU/.gemini/antigravity/scratch/glaucoma_detection\data\processed\RIM-ONE\glaucoma\RIMONE_r3_G-37-R_left_half.png,external_test,-1,r3,partitioned_by_hospital/training_set,False,0.5411380880026678,0.26660865331827055,0.43016936182092347,0.13636219957340034,0.7958542488221579,0.05564141872386017,0.2365931325799736,0.018949787659902777,0.056335404836360375,0.008830069697215559,0.969080347404068,0.01521164246259442,0.45875729325595943,24.295734336747117,1582.184540468625,3376.366509850948,0.3075623804209184,0.023428910418370703,73.07533907605689,0.010592238714688215,34.401067852047824,0.8429488940041336,1273.2040195005552
RIMONE_r3_G-38-L_left_half,RIM-ONE,RIMONE_r3_G-38-L_left_half,1,Glaucoma,C:/Users/TRIPU/OneDrive/Documents/ML/end sem project/RIM-ONE_DL_images\RIM-ONE_DL_images\partitioned_by_hospital\training_set\glaucoma\r3_G-38-L_left_half.png,C:/Users/TRIPU/.gemini/antigravity/scratch/glaucoma_detection\data\processed\RIM-ONE\glaucoma\RIMONE_r3_G-38-L_left_half.png,external_test,-1,r3,partitioned_by_hospital/training_set,False,0.9987668912111078,0.6273833824874561,0.6101216622443979,0.22064322325118438,0.7306100275082447,0.07442489303589012,0.18142583587201133,0.019530305203069784,0.033296766743183055,0.006937357848937529,0.9717867838644746,0.017727261443663305,0.5299402095231822,13.277416316735124,1485.818109472412,5447.4414641923395,0.3894142617984694,0.019007257906750997,106.55768832580014,0.009487946436560613,57.94429354775619,0.3580459576716989,1174.851916711397
RIMONE_r3_G-39-L_left_half,RIM-ONE,RIMONE_r3_G-39-L_left_half,1,Glaucoma,C:/Users/TRIPU/OneDrive/Documents/ML/end sem project/RIM-ONE_DL_images\RIM-ONE_DL_images\partitioned_by_hospital\training_set\glaucoma\r3_G-39-L_left_half.png,C:/Users/TRIPU/.gemini/antigravity/scratch/glaucoma_detection\data\processed\RIM-ONE\glaucoma\RIMONE_r3_G-39-L_left_half.png,external_test,-1,r3,partitioned_by_hospital/training_set,False,0.42259026210043776,0.13716487559578805,0.3782254279428719,0.08538828399553475,0.8152783524229016,0.03764399070204545,0.25620633746989635,0.014586127475978204,0.06585444247448392,0.00738956958263796,0.9741871176151204,0.008356125094964362,0.4762245946470161,23.566650805969886,1874.318557774877,3442.809279622802,0.3038105867346939,0.010245677140019047,124.84184470455733,0.005007749798870184,58.38471961797327,0.24188976995116596,2924.623214988495
RIMONE_r3_G-6-L_left_half,RIM-ONE,RIMONE_r3_G-6-L_left_half,1,Glaucoma,C:/Users/TRIPU/OneDrive/Documents/ML/end sem project/RIM-ONE_DL_images\RIM-ONE_DL_images\partitioned_by_hospital\training_set\glaucoma\r3_G-6-L_left_half.png,C:/Users/TRIPU/.gemini/antigravity/scratch/glaucoma_detection\data\processed\RIM-ONE\glaucoma\RIMONE_r3_G-6-L_left_half.png,external_test,-1,r3,partitioned_by_hospital/training_set,False,1.3206333698794117,1.075944950601606,0.6072450705377818,0.2670714832791906,0.7553389719444642,0.0723769688523179,0.24906620191800136,0.015705574875662123,0.06228063802003364,0.007733345186355728,0.9817173494680991,0.014861254959851045,0.5535537848914243,26.12612364460709,1162.7042982316707,4954.869715767889,0.3362513950892857,0.01407459516683718,177.39401093187516,0.006973129379761444,101.59737100854566,0.6056622442194223,2698.5427407435036
RIMONE_r3_G-8-R_left_half,RIM-ONE,RIMONE_r3_G-8-R_left_half,1,Glaucoma,C:/Users/TRIPU/OneDrive/Documents/ML/end sem project/RIM-ONE_DL_images\RIM-ONE_DL_images\partitioned_by_hospital\training_set\glaucoma\r3_G-8-R_left_half.png,C:/Users/TRIPU/.gemini/antigravity/scratch/glaucoma_detection\data\processed\RIM-ONE\glaucoma\RIMONE_r3_G-8-R_left_half.png,external_test,-1,r3,partitioned_by_hospital/training_set,False,3.0427228881597306,2.318710851448557,1.0519762049569,0.45323513257387593,0.6259066701572452,0.0995684341741961,0.12578079296742808,0.019646400287179316,0.016206788923759086,0.0048761967170436035,0.9362619897405663,0.048743218088483246,0.6333223234545853,8.39917807996087,1436.3643563202786,9175.436569164976,0.4826709980867347,0.0031331167076624686,412.39245486134405,0.0019756001117461714,255.6353176594959,0.023572527911039566,3991.8965632052323
RIMONE_r3_G-9-R_left_half,RIM-ONE,RIMONE_r3_G-9-R_left_half,1,Glaucoma,C:/Users/TRIPU/OneDrive/Documents/ML/end sem project/RIM-ONE_DL_images\RIM-ONE_DL_images\partitioned_by_hospital\training_set\glaucoma\r3_G-9-R_left_half.png,C:/Users/TRIPU/.gemini/antigravity/scratch/glaucoma_detection\data\processed\RIM-ONE\glaucoma\RIMONE_r3_G-9-R_left_half.png,external_test,-1,r3,partitioned_by_hospital/training_set,False,1.0594417676555927,0.7204497938918135,0.608517574409258,0.23602209945180527,0.736216556929829,0.07626669853233424,0.18707940762878603,0.01779282903662721,0.035315289523864125,0.006539442986642318,0.9784776544663375,0.014605393268617073,0.5234731983143832,14.744527759636284,1264.2009000087,5107.31514675315,0.373908840880102,0.013573548283242455,150.93133732392693,0.00662848134960217,82.13372413010973,0.2796375907551336,1643.4429097125178
RIMONE_r3_S-1-L_left_half,RIM-ONE,RIMONE_r3_S-1-L_left_half,1,Glaucoma,C:/Users/TRIPU/OneDrive/Documents/ML/end sem project/RIM-ONE_DL_images\RIM-ONE_DL_images\partitioned_by_hospital\training_set\glaucoma\r3_S-1-L_left_half.png,C:/Users/TRIPU/.gemini/antigravity/scratch/glaucoma_detection\data\processed\RIM-ONE\glaucoma\RIMONE_r3_S-1-L_left_half.png,external_test,-1,r3,partitioned_by_hospital/training_set,False,1.39231540174798,1.054291079318885,0.7130401695363281,0.31603401267035647,0.7029351583075965,0.09670745677523584,0.1520946526746155,0.022566650350880502,0.023642037080270826,0.006720912633963545,0.9600046471158888,0.030206863189365284,0.5294832157672269,12.500168285776816,1497.376168637013,5546.112651413792,0.3940878109056122,0.003940078225112358,309.8187689812409,0.0021409449582777775,156.1923379159064,0.043695346697917775,4545.493542466852
RIMONE_r3_S-10-R_left_half,RIM-ONE,RIMONE_r3_S-10-R_left_half,1,Glaucoma,C:/Users/TRIPU/OneDrive/Documents/ML/end sem project/RIM-ONE_DL_images\RIM-ONE_DL_images\partitioned_by_hospital\training_set\glaucoma\r3_S-10-R_left_half.png,C:/Users/TRIPU/.gemini/antigravity/scratch/glaucoma_detection\data\processed\RIM-ONE\glaucoma\RIMONE_r3_S-10-R_left_half.png,external_test,-1,r3,partitioned_by_hospital/training_set,False,0.807665108501113,0.5353484205460199,0.46507433256319697,0.1689843673572388,0.7963377339921531,0.055506841080102454,0.32649950362812435,0.019913170692241956,0.10699846023642995,0.012873294431694054,0.9652008432532343,0.022904344191132665,0.49022674039293057,29.7862594471764,1851.173600130662,3535.564919732742,0.29582370057397955,0.05371292355533279,58.813958294750734,0.024211631282005368,34.69653070353627,2.230291625932835,762.3622881508455
RIMONE_r3_S-11-L_left_half,RIM-ONE,RIMONE_r3_S-11-L_left_half,1,Glaucoma,C:/Users/TRIPU/OneDrive/Documents/ML/end sem project/RIM-ONE_DL_images\RIM-ONE_DL_images\partitioned_by_hospital\training_set\glaucoma\r3_S-11-L_left_half.png,C:/Users/TRIPU/.gemini/antigravity/scratch/glaucoma_detection\data\processed\RIM-ONE\glaucoma\RIMONE_r3_S-11-L_left_half.png,external_test,-1,r3,partitioned_by_hospital/training_set,False,1.2311777936906128,0.8100975058241233,0.7174637275064019,0.2733725600361959,0.6889915357493622,0.08864208417843855,0.17498430369221993,0.022617919772459735,0.03113107683348448,0.007786725350311187,0.9483086344284514,0.03389573494462416,0.5450328587458669,9.0491552180658,2176.2852581906136,6530.719130918593,0.4364188058035714,0.006543725376314,191.77557531592004,0.0035725086871251097,103.02399077365496,0.06000300922259306,1771.3057284087913
RIMONE_r3_S-12-L_left_half,RIM-ONE,RIMONE_r3_S-12-L_left_half,1,Glaucoma,C:/Users/TRIPU/OneDrive/Documents/ML/end sem project/RIM-ONE_DL_images\RIM-ONE_DL_images\partitioned_by_hospital\training_set\glaucoma\r3_S-12-L_left_half.png,C:/Users/TRIPU/.gemini/antigravity/scratch/glaucoma_detection\data\processed\RIM-ONE\glaucoma\RIMONE_r3_S-12-L_left_half.png,external_test,-1,r3,partitioned_by_hospital/training_set,False,0.5434130739300422,0.30446617611765175,0.3997683640267369,0.14156470085946815,0.8139829042981656,0.055332887722754506,0.3023718001642315,0.01724147406564897,0.0917259739625144,0.010299894915219024,0.984488978216501,0.008644618742299562,0.45444955546789295,40.14963289528353,1321.8300944959371,2908.9975460875235,0.2710409359056123,0.044130619621191566,75.47404285608576,0.019398652785327493,35.7556268574432,2.9145311811297825,1353.2228189577625
RIMONE_r3_S-13-R_left_half,RIM-ONE,RIMONE_r3_S-13-R_left_half,1,Glaucoma,C:/Users/TRIPU/OneDrive/Documents/ML/end sem project/RIM-ONE_DL_images\RIM-ONE_DL_images\partitioned_by_hospital\training_set\glaucoma\r3_S-13-R_left_half.png,C:/Users/TRIPU/.gemini/antigravity/scratch/glaucoma_detection\data\processed\RIM-ONE\glaucoma\RIMONE_r3_S-13-R_left_half.png,external_test,-1,r3,partitioned_by_hospital/training_set,False,1.044928165730721,0.7215766504035173,0.5717840410452565,0.2228856295166956,0.7552484482703231,0.07032438251493157,0.23378585115351902,0.021011727603915977,0.055097316896476546,0.009669668501217197,0.9693873476532734,0.02104180730952343,0.5193153111064978,19.942676374324968,1549.8313782218374,4612.800219775528,0.34508031728316324,0.021279728783508048,98.96179597549532,0.010043993765628284,55.618667804758104,0.6565341986947024,1212.6315696767624
RIMONE_r3_S-14-R_left_half,RIM-ONE,RIMONE_r3_S-14-R_left_half,1,Glaucoma,C:/Users/TRIPU/OneDrive/Documents/ML/end sem project/RIM-ONE_DL_images\RIM-ONE_DL_images\partitioned_by_hospital\training_set\glaucoma\r3_S-14-R_left_half.png,C:/Users/TRIPU/.gemini/antigravity/scratch/glaucoma_detection\data\processed\RIM-ONE\glaucoma\RIMONE_r3_S-14-R_left_half.png,external_test,-1,r3,partitioned_by_hospital/training_set,False,1.0278634246420217,0.6445321734350704,0.6349195358946993,0.23676158278902398,0.719266702523428,0.08145480972601585,0.17407154577536313,0.022047868462005005,0.03078701155234222,0.007538662838515339,0.9548664526430328,0.028319625380957145,0.5155306054439414,11.678931053629931,1737.169381052149,5366.539374633941,0.3954131457270408,0.006353550363865962,197.08336038575865,0.0032352659198094927,101.48849678086998,0.07570926407452362,2321.233274486033
RIMONE_r3_S-18-L_left_half,RIM-ONE,RIMONE_r3_S-18-L_left_half,1,Glaucoma,C:/Users/TRIPU/OneDrive/Documents/ML/end sem project/RIM-ONE_DL_images\RIM-ONE_DL_images\partitioned_by_hospital\training_set\glaucoma\r3_S-18-L_left_half.png,C:/Users/TRIPU/.gemini/antigravity/scratch/glaucoma_detection\data\processed\RIM-ONE\glaucoma\RIMONE_r3_S-18-L_left_half.png,external_test,-1,r3,partitioned_by_hospital/training_set,False,1.943492463978185,1.4419316581590778,0.834177515265313,0.3450563241088292,0.6733926049186033,0.08991867948009903,0.14971394474490152,0.020224682139311476,0.022823303018715605,0.005965659253779289,0.9610474601029769,0.02882698788572496,0.5793930479276044,9.47250924885727,1595.958210819578,7262.46929852123,0.44416653380102045,0.00687024581309025,217.83553193202846,0.003865818942852906,125.29176686953836,0.06524471183684341,2305.319194957874
RIMONE_r3_S-19-R_left_half,RIM-ONE,RIMONE_r3_S-19-R_left_half,1,Glaucoma,C:/Users/TRIPU/OneDrive/Documents/ML/end sem project/RIM-ONE_DL_images\RIM-ONE_DL_images\partitioned_by_hospital\training_set\glaucoma\r3_S-19-R_left_half.png,C:/Users/TRIPU/.gemini/antigravity/scratch/glaucoma_detection\data\processed\RIM-ONE\glaucoma\RIMONE_r3_S-19-R_left_half.png,external_test,-1,r3,partitioned_by_hospital/training_set,False,1.7286063387957924,1.3317962967449832,0.7604087364692522,0.32136565861032224,0.6983422210306164,0.08528438635706276,0.16741841045633943,0.019968735636419325,0.02842767456264453,0.00658285054047524,0.9641212306613549,0.02759146565805836,0.5634816788457498,11.883764057019457,1468.682352662068,6383.9679228017085,0.41148656728316324,0.010320035822477626,169.2902300600675,0.005388631439276222,98.75194359267654,0.1627107034598763,1699.2374214178803
RIMONE_r3_S-2-L_left_half,RIM-ONE,RIMONE_r3_S-2-L_left_half,1,Glaucoma,C:/Users/TRIPU/OneDrive/Documents/ML/end sem project/RIM-ONE_DL_images\RIM-ONE_DL_images\partitioned_by_hospital\training_set\glaucoma\r3_S-2-L_left_half.png,C:/Users/TRIPU/.gemini/antigravity/scratch/glaucoma_detection\data\processed\RIM-ONE\glaucoma\RIMONE_r3_S-2-L_left_half.png,external_test,-1,r3,partitioned_by_hospital/training_set,False,1.6631094951964809,1.2152308763018735,0.8066403692567133,0.32752039935071603,0.6699484854206675,0.09272095021330366,0.14184934540554087,0.0203561356905112,0.020535609052230938,0.005674227277328697,0.9544241785684111,0.03320659830541718,0.5720440405189583,8.510113476842148,1672.342822029814,7302.242409321238,0.4534488600127551,0.006730594867677459,208.31624013966388,0.003811335360358761,117.24626253391767,0.05682101986038544,1915.8838192592002
RIMONE_r3_S-20-L_left_half,RIM-ONE,RIMONE_r3_S-20-L_left_half,1,Glaucoma,C:/Users/TRIPU/OneDrive/Documents/ML/end sem project/RIM-ONE_DL_images\RIM-ONE_DL_images\partitioned_by_hospital\training_set\glaucoma\r3_S-20-L_left_half.png,C:/Users/TRIPU/.gemini/antigravity/scratch/glaucoma_detection\data\processed\RIM-ONE\glaucoma\RIMONE_r3_S-20-L_left_half.png,external_test,-1,r3,partitioned_by_hospital/training_set,False,0.8771059159203123,0.5497550238031117,0.5766017939649243,0.21127076441753134,0.7399848247997948,0.07484451607150212,0.19454837491517774,0.022196716984727558,0.03834176442703665,0.008493469758060536,0.974050516319472,0.016183770939204548,0.49970702316812776,13.478823985282546,1885.2096179555065,4825.856481474182,0.3743423150510204,0.011305555239404264,134.01097155521362,0.005546025669430613,66.69732294622871,0.1650283391861822,1795.6410688512456
RIMONE_r3_S-21-R_left_half,RIM-ONE,RIMONE_r3_S-21-R_left_half,1,Glaucoma,C:/Users/TRIPU/OneDrive/Documents/ML/end sem project/RIM-ONE_DL_images\RIM-ONE_DL_images\partitioned_by_hospital\training_set\glaucoma\r3_S-21-R_left_half.png,C:/Users/TRIPU/.gemini/antigravity/scratch/glaucoma_detection\data\processed\RIM-ONE\glaucoma\RIMONE_r3_S-21-R_left_half.png,external_test,-1,r3,partitioned_by_hospital/training_set,False,0.6458462823856129,0.3551180355703648,0.4659873716869573,0.15082784114212952,0.7840158165979694,0.056718171316041066,0.2535877799314461,0.01952286087579048,0.06468790422733502,0.009770058197488078,0.9746573512274357,0.013837500837618932,0.4823447736375931,20.839003220313582,1813.3711264342119,3864.286526594129,0.32517538265306123,0.0205024960075463,89.16142283631372,0.00974942462528595,45.19901716878224,0.528942940406758,1295.1333703056036
RIMONE_r3_S-25-L_left_half,RIM-ONE,RIMONE_r3_S-25-L_left_half,1,Glaucoma,C:/Users/TRIPU/OneDrive/Documents/ML/end sem project/RIM-ONE_DL_images\RIM-ONE_DL_images\partitioned_by_hospital\training_set\glaucoma\r3_S-25-L_left_half.png,C:/Users/TRIPU/.gemini/antigravity/scratch/glaucoma_detection\data\processed\RIM-ONE\glaucoma\RIMONE_r3_S-25-L_left_half.png,external_test,-1,r3,partitioned_by_hospital/training_set,False,0.771259715567561,0.4837837311980519,0.48476261816661853,0.17634585057629276,0.7837793207717426,0.06113052576503701,0.297839692284351,0.02095568584968757,0.0891476230694677,0.012318405024558776,0.9714630109729853,0.017783253776918723,0.48889750698593826,24.575376483345476,1689.9769920912556,3755.9394098785333,0.31205656090561223,0.030650611473550193,78.08279577173721,0.013971942259158631,42.33963639551838,0.9553815683462065,1097.0237030728063
RIMONE_r3_S-26-R_left_half,RIM-ONE,RIMONE_r3_S-26-R_left_half,1,Glaucoma,C:/Users/TRIPU/OneDrive/Documents/ML/end sem project/RIM-ONE_DL_images\RIM-ONE_DL_images\partitioned_by_hospital\training_set\glaucoma\r3_S-26-R_left_half.png,C:/Users/TRIPU/.gemini/antigravity/scratch/glaucoma_detection\data\processed\RIM-ONE\glaucoma\RIMONE_r3_S-26-R_left_half.png,external_test,-1,r3,partitioned_by_hospital/training_set,False,0.8652215051718918,0.5639566940948328,0.511476836545235,0.1923362340019022,0.7755066617646831,0.06492685003174695,0.26254110565501027,0.021529138761391297,0.06939133597436253,0.011139855073333557,0.9683350650806973,0.020531793650812355,0.494823514942739,25.117042311991437,1569.7444643635852,3937.9460059269227,0.31895228794642855,0.027096623516416084,82.84387693838455,0.012223969171774726,45.09910454901588,1.0305982396583522,1112.3475817913438
RIMONE_r3_S-28-R_left_half,RIM-ONE,RIMONE_r3_S-28-R_left_half,1,Glaucoma,C:/Users/TRIPU/OneDrive/Documents/ML/end sem project/RIM-ONE_DL_images\RIM-ONE_DL_images\partitioned_by_hospital\training_set\glaucoma\r3_S-28-R_left_half.png,C:/Users/TRIPU/.gemini/antigravity/scratch/glaucoma_detection\data\processed\RIM-ONE\glaucoma\RIMONE_r3_S-28-R_left_half.png,external_test,-1,r3,partitioned_by_hospital/training_set,False,0.7849282825615894,0.4594284189779972,0.5228793391969884,0.18095244058066176,0.7632855781129501,0.06496604007197021,0.19873710454430446,0.01745420116302191,0.039801085860893044,0.006843415579019865,0.9802061044003084,0.011555297152371365,0.49845340296041807,17.92161108035011,1297.3515237920024,4359.287753063967,0.34641063456632654,0.01614568828369782,123.13556686763054,0.007743730384132511,62.77455105818767,0.38323484393222795,1773.9462063826968
RIMONE_r3_S-29-R_left_half,RIM-ONE,RIMONE_r3_S-29-R_left_half,1,Glaucoma,C:/Users/TRIPU/OneDrive/Documents/ML/end sem project/RIM-ONE_DL_images\RIM-ONE_DL_images\partitioned_by_hospital\training_set\glaucoma\r3_S-29-R_left_half.png,C:/Users/TRIPU/.gemini/antigravity/scratch/glaucoma_detection\data\processed\RIM-ONE\glaucoma\RIMONE_r3_S-29-R_left_half.png,external_test,-1,r3,partitioned_by_hospital/training_set,False,1.6089137116724752,1.1772402892212606,0.7594253948106232,0.3078867186151188,0.691659445308212,0.0860421772938424,0.18375656623664974,0.02052916056490162,0.03418792206858376,0.007437369010717497,0.9679110806606629,0.02340658307903128,0.5637836168007369,10.555299070542565,1669.1628283204707,6585.950203746243,0.42380819515306123,0.009848289105665441,176.8649787446825,0.00523577575457003,103.42984245485482,0.121409187101592,1657.8159282721779
RIMONE_r3_S-30-L_left_half,RIM-ONE,RIMONE_r3_S-30-L_left_half,1,Glaucoma,C:/Users/TRIPU/OneDrive/Documents/ML/end sem project/RIM-ONE_DL_images\RIM-ONE_DL_images\partitioned_by_hospital\training_set\glaucoma\r3_S-30-L_left_half.png,C:/Users/TRIPU/.gemini/antigravity/scratch/glaucoma_detection\data\processed\RIM-ONE\glaucoma\RIMONE_r3_S-30-L_left_half.png,external_test,-1,r3,partitioned_by_hospital/training_set,False,1.8959917075771096,1.3016384502504699,0.8598273162800153,0.33311610905373296,0.6580109195333942,0.0899720891796485,0.1512501999003973,0.02097578648736613,0.023316606588673707,0.006248955655782026,0.9199502955799795,0.054994656057865424,0.5916736895223896,8.050896586124155,1932.6503253427677,7923.130607732839,0.46762396364795916,0.007972001801521612,172.38173526119806,0.004594351164317027,102.99199158856875,0.07396244519154702,1272.6274867519521
RIMONE_r3_S-31-L_left_half,RIM-ONE,RIMONE_r3_S-31-L_left_half,1,Glaucoma,C:/Users/TRIPU/OneDrive/Documents/ML/end sem project/RIM-ONE_DL_images\RIM-ONE_DL_images\partitioned_by_hospital\training_set\glaucoma\r3_S-31-L_left_half.png,C:/Users/TRIPU/.gemini/antigravity/scratch/glaucoma_detection\data\processed\RIM-ONE\glaucoma\RIMONE_r3_S-31-L_left_half.png,external_test,-1,r3,partitioned_by_hospital/training_set,False,2.1199539653983144,1.5713101814042383,0.9110718295179082,0.36349085804257397,0.6429076492245566,0.09201481224479058,0.13737587902931267,0.018289390018802223,0.01920663392633621,0.0049468147557443064,0.9588620972370626,0.030423958748919084,0.616543809517243,7.182564114797837,1780.145022237953,8962.278484966897,0.4922971141581633,0.005911464330658948,244.7865891199122,0.003626198276515073,148.24578205516718,0.04019915798014871,2046.0107880519356
RIMONE_r3_S-32-L_left_half,RIM-ONE,RIMONE_r3_S-32-L_left_half,1,Glaucoma,C:/Users/TRIPU/OneDrive/Documents/ML/end sem project/RIM-ONE_DL_images\RIM-ONE_DL_images\partitioned_by_hospital\training_set\glaucoma\r3_S-32-L_left_half.png,C:/Users/TRIPU/.gemini/antigravity/scratch/glaucoma_detection\data\processed\RIM-ONE\glaucoma\RIMONE_r3_S-32-L_left_half.png,external_test,-1,r3,partitioned_by_hospital/training_set,False,2.3062269327233182,1.6751677631447217,0.9438099560591424,0.37836425358826586,0.6368287318196749,0.09446491070931211,0.14280255193747807,0.018732155340528082,0.020743462483557795,0.005283759042058725,0.9524643486338479,0.034529971051107604,0.6092600600145591,6.993353305193506,1709.2725567723382,8836.459863076781,0.49294981664540816,0.006268196432750622,235.71824663351998,0.003719110335437873,144.0738515637717,0.045492463998156124,1699.7800826981245
RIMONE_r3_S-33-R_left_half,RIM-ONE,RIMONE_r3_S-33-R_left_half,1,Glaucoma,C:/Users/TRIPU/OneDrive/Documents/ML/end sem project/RIM-ONE_DL_images\RIM-ONE_DL_images\partitioned_by_hospital\training_set\glaucoma\r3_S-33-R_left_half.png,C:/Users/TRIPU/.gemini/antigravity/scratch/glaucoma_detection\data\processed\RIM-ONE\glaucoma\RIMONE_r3_S-33-R_left_half.png,external_test,-1,r3,partitioned_by_hospital/training_set,False,1.5737102106404495,1.0898927367013123,0.7752776844065621,0.3005686235811549,0.6808241550219368,0.08658662131549491,0.15059876882895865,0.01953478504067017,0.02306159699938332,0.005792790415935324,0.9652164476181779,0.024069640877185425,0.5664566410747436,9.154299802513595,1594.0104733463859,7005.96092677312,0.44328463807397955,0.00675158715491842,217.93041324106258,0.0037574375558371053,122.36237720140738,0.06564195385878106,2030.340528337475
RIMONE_r3_S-35-R_left_half,RIM-ONE,RIMONE_r3_S-35-R_left_half,1,Glaucoma,C:/Users/TRIPU/OneDrive/Documents/ML/end sem project/RIM-ONE_DL_images\RIM-ONE_DL_images\partitioned_by_hospital\training_set\glaucoma\r3_S-35-R_left_half.png,C:/Users/TRIPU/.gemini/antigravity/scratch/glaucoma_detection\data\processed\RIM-ONE\glaucoma\RIMONE_r3_S-35-R_left_half.png,external_test,-1,r3,partitioned_by_hospital/training_set,False,0.8190838090767482,0.49704180072313237,0.5411564391154672,0.19667788241640305,0.7555252038139302,0.07095884795793313,0.20383574402172858,0.022710671888571867,0.04206478515852203,0.009096557324638453,0.9617053075223233,0.023119934492493277,0.4907324267289823,16.37851801496024,1749.7499507352643,4330.680730300308,0.35044642857142855,0.010838801253615582,129.60293339745778,0.005157810762351526,65.36873925553621,0.1965844465020603,1869.7423540450204
RIMONE_r3_S-4-L_left_half,RIM-ONE,RIMONE_r3_S-4-L_left_half,1,Glaucoma,C:/Users/TRIPU/OneDrive/Documents/ML/end sem project/RIM-ONE_DL_images\RIM-ONE_DL_images\partitioned_by_hospital\training_set\glaucoma\r3_S-4-L_left_half.png,C:/Users/TRIPU/.gemini/antigravity/scratch/glaucoma_detection\data\processed\RIM-ONE\glaucoma\RIMONE_r3_S-4-L_left_half.png,external_test,-1,r3,partitioned_by_hospital/training_set,False,0.4384491329764775,0.16384282122683136,0.38183586270893244,0.09801540876377353,0.8146730681330162,0.04262586627209435,0.2907031358003867,0.01757085556151089,0.08481704812934156,0.010120381644280724,0.9728374178308566,0.010048020723470337,0.4573299496106135,25.86114442564393,2036.1847210780793,3167.891444509585,0.29444854113520413,0.02488931183630512,66.55216550779622,0.011449688943505086,30.86552938579356,0.7447078385805271,1293.5437248682586
RIMONE_r3_S-6-R_left_half,RIM-ONE,RIMONE_r3_S-6-R_left_half,1,Glaucoma,C:/Users/TRIPU/OneDrive/Documents/ML/end sem project/RIM-ONE_DL_images\RIM-ONE_DL_images\partitioned_by_hospital\training_set\glaucoma\r3_S-6-R_left_half.png,C:/Users/TRIPU/.gemini/antigravity/scratch/glaucoma_detection\data\processed\RIM-ONE\glaucoma\RIMONE_r3_S-6-R_left_half.png,external_test,-1,r3,partitioned_by_hospital/training_set,False,0.32521887185539056,0.12016460009683103,0.28975056947241257,0.07892586257684225,0.8586364832911278,0.035423935710400846,0.3990690058491853,0.019563680146100926,0.15963880901031607,0.01545304845935605,0.9294912200330923,0.0259099612084514,0.42770898796513623,59.6624914609284,2048.78181861569,2071.8960941361674,0.2219188456632653,0.07967416349842502,22.431371571055447,0.03712871370669083,9.592457897712146,5.3128021520431545,900.6579889546947
RIMONE_r3_S-9-L_left_half,RIM-ONE,RIMONE_r3_S-9-L_left_half,1,Glaucoma,C:/Users/TRIPU/OneDrive/Documents/ML/end sem project/RIM-ONE_DL_images\RIM-ONE_DL_images\partitioned_by_hospital\training_set\glaucoma\r3_S-9-L_left_half.png,C:/Users/TRIPU/.gemini/antigravity/scratch/glaucoma_detection\data\processed\RIM-ONE\glaucoma\RIMONE_r3_S-9-L_left_half.png,external_test,-1,r3,partitioned_by_hospital/training_set,False,0.8757675281233078,0.5919137520268417,0.48646199744023916,0.18368089127795803,0.7899657849211931,0.05910384292317396,0.31554970406639155,0.0188891354851341,0.099928415175763,0.01178495143872558,0.969681050539483,0.020360664334277034,0.5006141639873103,31.734247629816032,1525.4358438294048,3728.9005886071445,0.29989437181122447,0.05133720178646478,69.17873976600207,0.02311390412900866,41.55211864561497,2.631999124735719,785.3147026659352
RIMONE_r2_Im034,RIM-ONE,RIMONE_r2_Im034,0,Normal,C:/Users/TRIPU/OneDrive/Documents/ML/end sem project/RIM-ONE_DL_images\RIM-ONE_DL_images\partitioned_by_hospital\training_set\normal\r2_Im034.png,C:/Users/TRIPU/.gemini/antigravity/scratch/glaucoma_detection\data\processed\RIM-ONE\normal\RIMONE_r2_Im034.png,external_test,-1,r2,partitioned_by_hospital/training_set,False,1.7415790506715538,1.2926880385910575,0.7965837254551742,0.33715179775230153,0.6801554331713731,0.09496182891432363,0.1614384791381096,0.023498983344414918,0.026614584764646936,0.007493336286345906,0.9306297447932189,0.05145755586088882,0.5557373140599637,10.44075560034445,1867.4818562803666,6523.805310135994,0.4253527582908163,0.004922790156348127,245.92433118352432,0.0027355557653172663,135.17907448479994,0.047426705601781,2843.015721104678
RIMONE_r2_Im036,RIM-ONE,RIMONE_r2_Im036,0,Normal,C:/Users/TRIPU/OneDrive/Documents/ML/end sem project/RIM-ONE_DL_images\RIM-ONE_DL_images\partitioned_by_hospital\training_set\normal\r2_Im036.png,C:/Users/TRIPU/.gemini/antigravity/scratch/glaucoma_detection\data\processed\RIM-ONE\normal\RIMONE_r2_Im036.png,external_test,-1,r2,partitioned_by_hospital/training_set,False,1.781395258058961,1.307537702840007,0.8234001297249685,0.33688102806787484,0.6692677359123694,0.09226703527867627,0.1456001735868848,0.02069676816593882,0.021627766761045608,0.005959313446277691,0.9459058056641682,0.039762497036726324,0.5789742362711201,9.2893799968341,1734.5114913247749,7410.784606923513,0.44904934630102045,0.005140832159626119,248.7236435972794,0.0029708790392497806,141.30719656727555,0.043976393953497284,2656.6498200206356
RIMONE_r2_Im038,RIM-ONE,RIMONE_r2_Im038,0,Normal,C:/Users/TRIPU/OneDrive/Documents/ML/end sem project/RIM-ONE_DL_images\RIM-ONE_DL_images\partitioned_by_hospital\training_set\normal\r2_Im038.png,C:/Users/TRIPU/.gemini/antigravity/scratch/glaucoma_detection\data\processed\RIM-ONE\normal\RIMONE_r2_Im038.png,external_test,-1,r2,partitioned_by_hospital/training_set,False,2.3046211093568614,1.6715191785938788,0.9410370301879564,0.38880207093037833,0.6407366892880443,0.09800057668780868,0.14187604997369058,0.021414685984466726,0.02058740233195046,0.005995220829843696,0.9157042098198613,0.06138969048689654,0.6004044678792728,7.754684513541111,1838.045480901453,8331.203542496683,0.47729990433673464,0.004973029566400256,252.68820400700668,0.0030430172038724093,147.00299748042545,0.03470665617147244,2194.94671205717
RIMONE_r2_Im040,RIM-ONE,RIMONE_r2_Im040,0,Normal,C:/Users/TRIPU/OneDrive/Documents/ML/end sem project/RIM-ONE_DL_images\RIM-ONE_DL_images\partitioned_by_hospital\training_set\normal\r2_Im040.png,C:/Users/TRIPU/.gemini/antigravity/scratch/glaucoma_detection\data\processed\RIM-ONE\normal\RIMONE_r2_Im040.png,external_test,-1,r2,partitioned_by_hospital/training_set,False,1.150906717241779,0.8193884283610571,0.6537079472019653,0.26697143269514234,0.7183600333653807,0.0857690239363262,0.1694444042889679,0.022419333512325054,0.02921403265998006,0.007481566761525981,0.957030809121547,0.03060218229111366,0.5203843162723171,13.034523660873392,1660.4876017876923,5357.564970437579,0.38845264668367346,0.006098913265432848,207.61183927020636,0.0031746408927210063,105.93544124324431,0.07419845391037999,3026.0895182084864
RIMONE_r2_Im042,RIM-ONE,RIMONE_r2_Im042,0,Normal,C:/Users/TRIPU/OneDrive/Documents/ML/end sem project/RIM-ONE_DL_images\RIM-ONE_DL_images\partitioned_by_hospital\training_set\normal\r2_Im042.png,C:/Users/TRIPU/.gemini/antigravity/scratch/glaucoma_detection\data\processed\RIM-ONE\normal\RIMONE_r2_Im042.png,external_test,-1,r2,partitioned_by_hospital/training_set,False,1.3453947885453337,0.9295551582074869,0.6870517544861684,0.27335971719896496,0.7130949672515633,0.08343895073492975,0.16145221582596264,0.020278429975664276,0.026478032717391135,0.006455324323852556,0.9662242386786906,0.02333598099834592,0.5294613779750631,12.535922488923914,1542.6966440138967,5517.53826304772,0.39328563456632654,0.005713317603316646,233.54229053849392,0.0030474306921123473,119.42001949682594,0.06433841464048405,3484.000842937149
RIMONE_r2_Im044,RIM-ONE,RIMONE_r2_Im044,0,Normal,C:/Users/TRIPU/OneDrive/Documents/ML/end sem project/RIM-ONE_DL_images\RIM-ONE_DL_images\partitioned_by_hospital\training_set\normal\r2_Im044.png,C:/Users/TRIPU/.gemini/antigravity/scratch/glaucoma_detection\data\processed\RIM-ONE\normal\RIMONE_r2_Im044.png,external_test,-1,r2,partitioned_by_hospital/training_set,False,1.6971209138964702,1.2487857201881876,0.8017334535327473,0.33492048162237853,0.6764665711727275,0.09365005205911063,0.17816355060746422,0.025071229820531244,0.03237081732977235,0.008822727981484799,0.8789831176897395,0.0891957003627365,0.5643494960586104,9.586181760852627,2286.0165612020155,6818.68585465806,0.4350486288265306,0.004070888517379717,273.6562058326945,0.0023225648277140384,152.0379198498857,0.03707782323934599,2758.9429093106937
RIMONE_r2_Im046,RIM-ONE,RIMONE_r2_Im046,0,Normal,C:/Users/TRIPU/OneDrive/Documents/ML/end sem project/RIM-ONE_DL_images\RIM-ONE_DL_images\partitioned_by_hospital\training_set\normal\r2_Im046.png,C:/Users/TRIPU/.gemini/antigravity/scratch/glaucoma_detection\data\processed\RIM-ONE\normal\RIMONE_r2_Im046.png,external_test,-1,r2,partitioned_by_hospital/training_set,False,1.5954781750564901,1.194188081476592,0.7933387868520891,0.34762413872537623,0.6739643676201116,0.10286138250999477,0.17285685909611115,0.02674663596048464,0.03059487627177551,0.009112064880081762,0.9011775212617139,0.07405858739672824,0.5512500664239641,9.824166289183102,2147.1876596731654,6587.037590427204,0.4312071508290816,0.003327512697079171,331.550286034044,0.0018487234341324136,180.46094053448562,0.03145404772247027,3375.1822447003665
RIMONE_r2_Im048,RIM-ONE,RIMONE_r2_Im048,0,Normal,C:/Users/TRIPU/OneDrive/Documents/ML/end sem project/RIM-ONE_DL_images\RIM-ONE_DL_images\partitioned_by_hospital\training_set\normal\r2_Im048.png,C:/Users/TRIPU/.gemini/antigravity/scratch/glaucoma_detection\data\processed\RIM-ONE\normal\RIMONE_r2_Im048.png,external_test,-1,r2,partitioned_by_hospital/training_set,False,0.9975985573365992,0.6604292394788857,0.6061342670052036,0.22874489928694208,0.7331455235770545,0.07628746744800831,0.18909337450805377,0.0215553460532561,0.03622093722631871,0.008048374032595085,0.9639188957492723,0.02389062340148486,0.5130792691466337,13.714255139260956,1834.7244626335423,5081.883297159677,0.3785823899872449,0.0067783501111941405,188.39147123953592,0.003428224297028807,96.32915949803574,0.0869661741569706,2974.5965092497963
RIMONE_r2_Im050,RIM-ONE,RIMONE_r2_Im050,0,Normal,C:/Users/TRIPU/OneDrive/Documents/ML/end sem project/RIM-ONE_DL_images\RIM-ONE_DL_images\partitioned_by_hospital\training_set\normal\r2_Im050.png,C:/Users/TRIPU/.gemini/antigravity/scratch/glaucoma_detection\data\processed\RIM-ONE\normal\RIMONE_r2_Im050.png,external_test,-1,r2,partitioned_by_hospital/training_set,False,1.6940524461452533,1.1932066655801077,0.79738690844554,0.31802244623674547,0.6772279692761879,0.090314297104299,0.15385735230017908,0.021512202573980056,0.024134859716405364,0.006533920027207912,0.9354661909234628,0.04554117446898735,0.5652629006937205,9.566095818222438,1764.1115016497256,6897.269087183274,0.43783880739795916,0.004967983910592492,247.95577953535795,0.0028103399435338624,138.3439320725609,0.04496822266469308,2549.333214790996
RIMONE_r2_Im052,RIM-ONE,RIMONE_r2_Im052,0,Normal,C:/Users/TRIPU/OneDrive/Documents/ML/end sem project/RIM-ONE_DL_images\RIM-ONE_DL_images\partitioned_by_hospital\training_set\normal\r2_Im052.png,C:/Users/TRIPU/.gemini/antigravity/scratch/glaucoma_detection\data\processed\RIM-ONE\normal\RIMONE_r2_Im052.png,external_test,-1,r2,partitioned_by_hospital/training_set,False,1.4689990845459302,1.1133078690194917,0.7221415387648463,0.311650079328488,0.7024146905771111,0.09193773543057136,0.15285010158791396,0.022140310601903558,0.023853346908984385,0.006652541375233564,0.9563700323537403,0.03311084772924599,0.5381663390646938,12.131007238189278,1463.645242056335,5790.037421887315,0.40029595822704084,0.004938520788008521,260.75450727236233,0.002632694779777473,138.87164166151283,0.05473840996507283,3597.809667453953
RIMONE_r2_Im054,RIM-ONE,RIMONE_r2_Im054,0,Normal,C:/Users/TRIPU/OneDrive/Documents/ML/end sem project/RIM-ONE_DL_images\RIM-ONE_DL_images\partitioned_by_hospital\training_set\normal\r2_Im054.png,C:/Users/TRIPU/.gemini/antigravity/scratch/glaucoma_detection\data\processed\RIM-ONE\normal\RIMONE_r2_Im054.png,external_test,-1,r2,partitioned_by_hospital/training_set,False,1.6429354510451566,1.1959434738211325,0.7599925478768043,0.3065770068510638,0.692525961061918,0.08595813982645968,0.1631377746391773,0.021080229337783495,0.02705830958315655,0.006789827040290762,0.9515336612517524,0.03539731129306546,0.5476376624562744,10.449431864821879,1618.8417373870186,6283.174964883059,0.4201560507015306,0.004976117633493489,258.2786409715202,0.0026813748925784936,140.8929656143854,0.05120213145239275,2864.270977752282
RIMONE_r2_Im056,RIM-ONE,RIMONE_r2_Im056,0,Normal,C:/Users/TRIPU/OneDrive/Documents/ML/end sem project/RIM-ONE_DL_images\RIM-ONE_DL_images\partitioned_by_hospital\training_set\normal\r2_Im056.png,C:/Users/TRIPU/.gemini/antigravity/scratch/glaucoma_detection\data\processed\RIM-ONE\normal\RIMONE_r2_Im056.png,external_test,-1,r2,partitioned_by_hospital/training_set,False,1.1026928699013332,0.8483673050054297,0.6102313070423401,0.2581715624671642,0.7371647348202033,0.0822395305980559,0.1784827575612551,0.02251061126538754,0.032362822366211165,0.007920801504103467,0.9564551158175417,0.03361302089562376,0.5000515934842378,15.172297960242226,1594.7424251122025,4730.123359337002,0.36470623405612246,0.004855361474787397,248.42505535285304,0.002450000450172725,121.43282276855058,0.06883122216037744,4158.385802431941
RIMONE_r2_Im058,RIM-ONE,RIMONE_r2_Im058,0,Normal,C:/Users/TRIPU/OneDrive/Documents/ML/end sem project/RIM-ONE_DL_images\RIM-ONE_DL_images\partitioned_by_hospital\training_set\normal\r2_Im058.png,C:/Users/TRIPU/.gemini/antigravity/scratch/glaucoma_detection\data\processed\RIM-ONE\normal\RIMONE_r2_Im058.png,external_test,-1,r2,partitioned_by_hospital/training_set,False,0.935608069867814,0.6015325935756365,0.5777639278067962,0.21699353484910533,0.7440317453921899,0.0745077767901839,0.19860302591937173,0.023555125774947727,0.039998005854604265,0.009220029267811755,0.9341810932133335,0.04240748243905942,0.49841619419228683,14.948915995458218,1958.8331661716422,4586.4437071426455,0.3613879145408163,0.004991234526262693,226.77600548805177,0.0025180144883439346,110.76546205927676,0.06919711692001503,3678.032759009906
RIMONE_r2_Im060,RIM-ONE,RIMONE_r2_Im060,0,Normal,C:/Users/TRIPU/OneDrive/Documents/ML/end sem project/RIM-ONE_DL_images\RIM-ONE_DL_images\partitioned_by_hospital\training_set\normal\r2_Im060.png,C:/Users/TRIPU/.gemini/antigravity/scratch/glaucoma_detection\data\processed\RIM-ONE\normal\RIMONE_r2_Im060.png,external_test,-1,r2,partitioned_by_hospital/training_set,False,1.7253827096438474,1.2338977115789262,0.8020591281452089,0.3237076345510348,0.6771411241909456,0.09029248099639492,0.1671267947450629,0.022509059233878966,0.028438023269352658,0.007428983732760734,0.9272712421558227,0.05225742190782549,0.5685654387340437,9.629088596646326,1886.918693233798,6950.596743453017,0.4374402104591837,0.0039561841907349024,296.8611643259695,0.0022686052190200364,165.65595292989994,0.035909728593630674,3057.942308107335
RIMONE_r2_Im062,RIM-ONE,RIMONE_r2_Im062,0,Normal,C:/Users/TRIPU/OneDrive/Documents/ML/end sem project/RIM-ONE_DL_images\RIM-ONE_DL_images\partitioned_by_hospital\training_set\normal\r2_Im062.png,C:/Users/TRIPU/.gemini/antigravity/scratch/glaucoma_detection\data\processed\RIM-ONE\normal\RIMONE_r2_Im062.png,external_test,-1,r2,partitioned_by_hospital/training_set,False,1.3627151115266827,0.9258182212791267,0.7140117270588102,0.273896892966511,0.700194632353146,0.08273421446865396,0.1719490855312581,0.02212512241982318,0.030056009057128085,0.007504429131041586,0.9378281109883067,0.04219955927859545,0.5454507292237717,10.59536957722094,1965.2381274672648,6196.380693044875,0.4176498724489796,0.0057916869491790235,209.50090805819323,0.0031334753453525007,113.94738862531239,0.06123730167047049,2295.1329250308363
RIMONE_r2_Im064,RIM-ONE,RIMONE_r2_Im064,0,Normal,C:/Users/TRIPU/OneDrive/Documents/ML/end sem project/RIM-ONE_DL_images\RIM-ONE_DL_images\partitioned_by_hospital\training_set\normal\r2_Im064.png,C:/Users/TRIPU/.gemini/antigravity/scratch/glaucoma_detection\data\processed\RIM-ONE\normal\RIMONE_r2_Im064.png,external_test,-1,r2,partitioned_by_hospital/training_set,False,1.7826686492336155,1.2625965165904336,0.843564563326814,0.3411969734933362,0.6598288483214868,0.09522744210480708,0.1461021727116417,0.02159684905668637,0.021812268760239683,0.006224311564884751,0.9371080484618542,0.04456583190622981,0.5841356151607692,8.513318899733719,1848.0091642479435,7646.641943292816,0.4591189014668367,0.004604594243884753,265.23519262447735,0.0026913382111771987,152.32881852049687,0.03636985558198225,2521.251790469828
RIMONE_r2_Im066,RIM-ONE,RIMONE_r2_Im066,0,Normal,C:/Users/TRIPU/OneDrive/Documents/ML/end sem project/RIM-ONE_DL_images\RIM-ONE_DL_images\partitioned_by_hospital\training_set\normal\r2_Im066.png,C:/Users/TRIPU/.gemini/antigravity/scratch/glaucoma_detection\data\processed\RIM-ONE\normal\RIMONE_r2_Im066.png,external_test,-1,r2,partitioned_by_hospital/training_set,False,0.8852249725397273,0.5476415776450508,0.5871821481573842,0.21939546590002368,0.7347460310350243,0.07933555067682195,0.1824470653162115,0.02304401868677667,0.03381795843973445,0.008268024807622731,0.9555733991612904,0.0275003159386536,0.493477134947242,13.420055923404007,1849.2557157274832,4786.660207419269,0.3752491230867347,0.006328117971220161,191.59843726156254,0.0031398654830374767,92.96997696025895,0.07907829158507207,2833.7254176806773
RIMONE_r2_Im068,RIM-ONE,RIMONE_r2_Im068,0,Normal,C:/Users/TRIPU/OneDrive/Documents/ML/end sem project/RIM-ONE_DL_images\RIM-ONE_DL_images\partitioned_by_hospital\training_set\normal\r2_Im068.png,C:/Users/TRIPU/.gemini/antigravity/scratch/glaucoma_detection\data\processed\RIM-ONE\normal\RIMONE_r2_Im068.png,external_test,-1,r2,partitioned_by_hospital/training_set,False,1.4389769951737763,0.9706358830712734,0.7467455872263139,0.28649853221153343,0.687243755556401,0.08660820960691876,0.16062831080796017,0.021871424503204652,0.026279813442818035,0.006936609164626522,0.9400415034408874,0.04034304665427241,0.5526706228705567,9.602224441623417,1965.6500402659221,6612.245614118798,0.4332549426020408,0.006175652402642097,200.6367235814769,0.003397873003591497,109.50872669228347,0.05644449439527628,2130.118608589399
RIMONE_r2_Im070,RIM-ONE,RIMONE_r2_Im070,0,Normal,C:/Users/TRIPU/OneDrive/Documents/ML/end sem project/RIM-ONE_DL_images\RIM-ONE_DL_images\partitioned_by_hospital\training_set\normal\r2_Im070.png,C:/Users/TRIPU/.gemini/antigravity/scratch/glaucoma_detection\data\processed\RIM-ONE\normal\RIMONE_r2_Im070.png,external_test,-1,r2,partitioned_by_hospital/training_set,False,1.667894470567191,1.1793955524900204,0.8038696119658116,0.3224059587694451,0.6730477424780789,0.09127128825486491,0.1570755872542899,0.022112991823273167,0.025161724518656187,0.006861840585419153,0.9351947725588993,0.045871112534198275,0.571421717722061,9.115367039737082,1895.4374423427425,7150.352640428851,0.44559650031887754,0.00525154842254805,234.21297956653933,0.0029774162852966397,133.3314573451865,0.04593029657710393,2294.790520194897
RIMONE_r2_Im072,RIM-ONE,RIMONE_r2_Im072,0,Normal,C:/Users/TRIPU/OneDrive/Documents/ML/end sem project/RIM-ONE_DL_images\RIM-ONE_DL_images\partitioned_by_hospital\training_set\normal\r2_Im072.png,C:/Users/TRIPU/.gemini/antigravity/scratch/glaucoma_detection\data\processed\RIM-ONE\normal\RIMONE_r2_Im072.png,external_test,-1,r2,partitioned_by_hospital/training_set,False,1.366529603455259,1.0138416816018836,0.7114095206745578,0.30210750164941746,0.7018945728844129,0.09151193168093388,0.16524832022425504,0.0232821832287814,0.027849067392836487,0.007563215184609439,0.9499691125160927,0.0371224225165791,0.5370329974586491,11.595861338350055,1693.2480730811328,5840.575540447288,0.40381357621173475,0.005614429397168451,223.21004515321735,0.0029829986532169915,118.62610706777302,0.06230793638547994,2814.8615439181253
RIMONE_r2_Im074,RIM-ONE,RIMONE_r2_Im074,0,Normal,C:/Users/TRIPU/OneDrive/Documents/ML/end sem project/RIM-ONE_DL_images\RIM-ONE_DL_images\partitioned_by_hospital\training_set\normal\r2_Im074.png,C:/Users/TRIPU/.gemini/antigravity/scratch/glaucoma_detection\data\processed\RIM-ONE\normal\RIMONE_r2_Im074.png,external_test,-1,r2,partitioned_by_hospital/training_set,False,1.0872614421071052,0.8129593307094212,0.6241007935439147,0.27669591131638643,0.7303439268891642,0.09131199095781597,0.17557199360902853,0.025514878112838705,0.03147653394496178,0.008771188523311949,0.9486622307610991,0.0385704856412431,0.49631188218357003,15.621427376096484,1580.8777435909751,4616.746022248481,0.36048110650510207,0.004055957447446824,285.6742325952488,0.0020547090809770263,137.1456061566584,0.05893293425737977,4899.845500335663
RIMONE_r2_Im076,RIM-ONE,RIMONE_r2_Im076,0,Normal,C:/Users/TRIPU/OneDrive/Documents/ML/end sem project/RIM-ONE_DL_images\RIM-ONE_DL_images\partitioned_by_hospital\training_set\normal\r2_Im076.png,C:/Users/TRIPU/.gemini/antigravity/scratch/glaucoma_detection\data\processed\RIM-ONE\normal\RIMONE_r2_Im076.png,external_test,-1,r2,partitioned_by_hospital/training_set,False,1.250932699608901,0.8465331157646812,0.6722296964328799,0.2609649531461731,0.7149891179681797,0.08137925917691785,0.17701170683358214,0.022925644085236695,0.03185872951286097,0.008013025850948725,0.9330727284152315,0.045293341683504074,0.5334283643536517,12.753418608010845,1931.8372424463469,5633.623515904327,0.39488002232142855,0.004272669319334587,266.6576384424869,0.0022941494345738674,140.26089358509049,0.050055462193487894,3728.012684025423
RIMONE_r2_Im078,RIM-ONE,RIMONE_r2_Im078,0,Normal,C:/Users/TRIPU/OneDrive/Documents/ML/end sem project/RIM-ONE_DL_images\RIM-ONE_DL_images\partitioned_by_hospital\training_set\normal\r2_Im078.png,C:/Users/TRIPU/.gemini/antigravity/scratch/glaucoma_detection\data\processed\RIM-ONE\normal\RIMONE_r2_Im078.png,external_test,-1,r2,partitioned_by_hospital/training_set,False,1.9286475889422483,1.418054145935905,0.843355280461612,0.33508266660576164,0.6655752303381522,0.08826163466470573,0.15326220640121455,0.020341966765133015,0.023903099522842267,0.006177091319122945,0.9393953451616311,0.04457596985000429,0.583348868784338,8.499836986797384,1841.4693866809337,7673.014253830897,0.45949756855867346,0.005200530098254995,244.7430548970161,0.0029890114509373996,142.58640893552308,0.04315301290358109,2239.825742721291
RIMONE_r2_Im080,RIM-ONE,RIMONE_r2_Im080,0,Normal,C:/Users/TRIPU/OneDrive/Documents/ML/end sem project/RIM-ONE_DL_images\RIM-ONE_DL_images\partitioned_by_hospital\training_set\normal\r2_Im080.png,C:/Users/TRIPU/.gemini/antigravity/scratch/glaucoma_detection\data\processed\RIM-ONE\normal\RIMONE_r2_Im080.png,external_test,-1,r2,partitioned_by_hospital/training_set,False,1.4381472666489994,1.0523264616667287,0.7259511846009256,0.3011391675700565,0.6989464256640572,0.089246257830095,0.17081716436317798,0.023039961056673833,0.029709343446570016,0.007757710629012053,0.947053420751509,0.03860578488372157,0.5446211150432335,11.544486026653784,1800.5832172882538,6033.213652276009,0.4086664939413265,0.00491169124975603,247.19207102396814,0.002654073074112729,133.61357914321047,0.052785572590765405,3200.2755874589266
RIMONE_r2_Im082,RIM-ONE,RIMONE_r2_Im082,0,Normal,C:/Users/TRIPU/OneDrive/Documents/ML/end sem project/RIM-ONE_DL_images\RIM-ONE_DL_images\partitioned_by_hospital\training_set\normal\r2_Im082.png,C:/Users/TRIPU/.gemini/antigravity/scratch/glaucoma_detection\data\processed\RIM-ONE\normal\RIMONE_r2_Im082.png,external_test,-1,r2,partitioned_by_hospital/training_set,False,1.1512308999627876,0.7960139518200638,0.6540635678513806,0.26116628637489564,0.7175316712418628,0.08481552187357418,0.1741552591996148,0.02159008977526579,0.03079618628338905,0.007416192112701177,0.9690843350320577,0.021336898758295832,0.517030103282466,12.46663368808938,1582.427557995493,5337.177418080026,0.3904655612244898,0.0077516445558124866,186.95557109538373,0.00389892738119906,96.95649600629577,0.10015985891744707,2362.3301871063572
RIMONE_r2_Im084,RIM-ONE,RIMONE_r2_Im084,0,Normal,C:/Users/TRIPU/OneDrive/Documents/ML/end sem project/RIM-ONE_DL_images\RIM-ONE_DL_images\partitioned_by_hospital\training_set\normal\r2_Im084.png,C:/Users/TRIPU/.gemini/antigravity/scratch/glaucoma_detection\data\processed\RIM-ONE\normal\RIMONE_r2_Im084.png,external_test,-1,r2,partitioned_by_hospital/training_set,False,1.0341536147884856,0.7071285460332152,0.6051498655535491,0.23665436270348586,0.7366537525676341,0.07754516477950933,0.18859903936026048,0.02132819200435646,0.03602448942178777,0.007930346426775958,0.9662731152524001,0.023060036230419696,0.505993291139622,14.452676748382913,1570.168333128756,4821.091865100522,0.3687519929846939,0.00885714542660482,160.38544389970068,0.004324932821297912,82.04389865607666,0.1416792523266044,2207.4247691981404
RIMONE_r2_Im086,RIM-ONE,RIMONE_r2_Im086,0,Normal,C:/Users/TRIPU/OneDrive/Documents/ML/end sem project/RIM-ONE_DL_images\RIM-ONE_DL_images\partitioned_by_hospital\training_set\normal\r2_Im086.png,C:/Users/TRIPU/.gemini/antigravity/scratch/glaucoma_detection\data\processed\RIM-ONE\normal\RIMONE_r2_Im086.png,external_test,-1,r2,partitioned_by_hospital/training_set,False,2.173321789521047,1.5732150455234672,0.9160262036145085,0.36674699516176473,0.6453687737174886,0.09274612655666245,0.13629682254835138,0.019353285271055672,0.018951373487559642,0.0052181332110064725,0.9447296926029257,0.04001501502130935,0.6065236201712569,7.862931708566876,1672.0983659609014,8513.93189307894,0.4787697305484694,0.005143686972766129,260.3569143009347,0.003131798141889979,153.32009701294103,0.036275705875758395,2407.7740331376804
RIMONE_r2_Im088,RIM-ONE,RIMONE_r2_Im088,0,Normal,C:/Users/TRIPU/OneDrive/Documents/ML/end sem project/RIM-ONE_DL_images\RIM-ONE_DL_images\partitioned_by_hospital\training_set\normal\r2_Im088.png,C:/Users/TRIPU/.gemini/antigravity/scratch/glaucoma_detection\data\processed\RIM-ONE\normal\RIMONE_r2_Im088.png,external_test,-1,r2,partitioned_by_hospital/training_set,False,1.2312591944885816,0.8858103273546185,0.6696982623845863,0.2763825703203266,0.7145491682900031,0.08746312351562387,0.1726151678068737,0.023154151952607546,0.030332110909639595,0.007859510838681987,0.9447833880836187,0.0397950019537665,0.5226978246778387,12.536049585970302,1727.8067551360161,5391.448986782141,0.3904755261479592,0.005170268641310972,233.94861264265927,0.002744819635106483,118.51331677578617,0.05982315603728837,3234.8917242060265
RIMONE_r2_Im090,RIM-ONE,RIMONE_r2_Im090,0,Normal,C:/Users/TRIPU/OneDrive/Documents/ML/end sem project/RIM-ONE_DL_images\RIM-ONE_DL_images\partitioned_by_hospital\training_set\normal\r2_Im090.png,C:/Users/TRIPU/.gemini/antigravity/scratch/glaucoma_detection\data\processed\RIM-ONE\normal\RIMONE_r2_Im090.png,external_test,-1,r2,partitioned_by_hospital/training_set,False,1.8038894614432863,1.3254721283476572,0.8192499494798163,0.33956956486164813,0.6733160539953565,0.0925439952343175,0.14183439601600314,0.020122751766401402,0.02052192103187662,0.00563529350865668,0.9514447494784507,0.03577979673035092,0.5724996921406513,9.72813402359443,1563.534536633447,7095.287339610977,0.4407585299744898,0.005294117975264003,250.17409012344234,0.0030283646201357418,139.67396729063458,0.04673076983562948,2885.4142942004373
RIMONE_r2_Im092,RIM-ONE,RIMONE_r2_Im092,0,Normal,C:/Users/TRIPU/OneDrive/Documents/ML/end sem project/RIM-ONE_DL_images\RIM-ONE_DL_images\partitioned_by_hospital\training_set\normal\r2_Im092.png,C:/Users/TRIPU/.gemini/antigravity/scratch/glaucoma_detection\data\processed\RIM-ONE\normal\RIMONE_r2_Im092.png,external_test,-1,r2,partitioned_by_hospital/training_set,False,1.0728282355136478,0.6794000163207665,0.643494440124049,0.23900375632472526,0.7177937289737787,0.0805946004922779,0.18699391071230656,0.023200130152207055,0.03550496868256144,0.008576769155038442,0.9317715278333747,0.043250631788011945,0.5176744580104895,11.934092912838961,2060.227872402668,5430.8449949728665,0.3960558832908163,0.004309159459274797,261.0443781085931,0.002243218873749264,133.41296814218003,0.049497843974840076,3271.5261474922886
RIMONE_r2_Im094,RIM-ONE,RIMONE_r2_Im094,0,Normal,C:/Users/TRIPU/OneDrive/Documents/ML/end sem project/RIM-ONE_DL_images\RIM-ONE_DL_images\partitioned_by_hospital\training_set\normal\r2_Im094.png,C:/Users/TRIPU/.gemini/antigravity/scratch/glaucoma_detection\data\processed\RIM-ONE\normal\RIMONE_r2_Im094.png,external_test,-1,r2,partitioned_by_hospital/training_set,False,1.3163219762737168,0.8705379195993594,0.7124711735056196,0.26790695016033156,0.6973316302103655,0.0833912793448614,0.17226278640865036,0.021221936670641955,0.03012483817732504,0.007226872740503014,0.9503059206306559,0.032801125155632556,0.5440997715463454,10.273152798532635,1924.4752431253187,6302.781173971959,0.4228964046556123,0.006614173960790369,194.75472010035995,0.0035920415566321156,104.8303226337246,0.06716550092990445,2053.786929712713
RIMONE_r2_Im096,RIM-ONE,RIMONE_r2_Im096,0,Normal,C:/Users/TRIPU/OneDrive/Documents/ML/end sem project/RIM-ONE_DL_images\RIM-ONE_DL_images\partitioned_by_hospital\training_set\normal\r2_Im096.png,C:/Users/TRIPU/.gemini/antigravity/scratch/glaucoma_detection\data\processed\RIM-ONE\normal\RIMONE_r2_Im096.png,external_test,-1,r2,partitioned_by_hospital/training_set,False,2.1273193130249557,1.5760358201124955,0.910434917063686,0.3735569514748871,0.6455507361742681,0.09608049101936555,0.14387143082677906,0.021199854002491303,0.021148422417871616,0.006024069335180745,0.9207364064842448,0.05876468529350286,0.5966948190743759,7.704280581617215,1876.5325446220904,8218.643508382082,0.4758799027423469,0.004848271611586684,256.6960195884025,0.00290745347678665,150.78318474198647,0.03501331546023459,2157.6371084146544
RIMONE_r2_Im098,RIM-ONE,RIMONE_r2_Im098,0,Normal,C:/Users/TRIPU/OneDrive/Documents/ML/end sem project/RIM-ONE_DL_images\RIM-ONE_DL_images\partitioned_by_hospital\training_set\normal\r2_Im098.png,C:/Users/TRIPU/.gemini/antigravity/scratch/glaucoma_detection\data\processed\RIM-ONE\normal\RIMONE_r2_Im098.png,external_test,-1,r2,partitioned_by_hospital/training_set,False,1.9306502287426517,1.5021118691819713,0.8440231314023211,0.3582089029774014,0.6667409387867648,0.09411018276701488,0.14827608712112542,0.02036624296690691,0.022400581864538655,0.005959704196233305,0.9616134977309594,0.02992445674054522,0.5785829814705921,9.362598727799998,1542.885538302597,7419.671896450467,0.44973692602040816,0.0058891194453680965,246.11749270538877,0.0032909044608290996,142.58543232893575,0.05165329506721775,2765.1994472309975
RIMONE_r2_Im100,RIM-ONE,RIMONE_r2_Im100,0,Normal,C:/Users/TRIPU/OneDrive/Documents/ML/end sem project/RIM-ONE_DL_images\RIM-ONE_DL_images\partitioned_by_hospital\training_set\normal\r2_Im100.png,C:/Users/TRIPU/.gemini/antigravity/scratch/glaucoma_detection\data\processed\RIM-ONE\normal\RIMONE_r2_Im100.png,external_test,-1,r2,partitioned_by_hospital/training_set,False,1.5588622350243442,1.0687250490288438,0.783875014734822,0.3016582552688062,0.675456687391334,0.08868106325674156,0.15834279196292936,0.020936590896899237,0.025510780604999648,0.006552032547645122,0.9498446275312958,0.034390165480364776,0.5642775092223553,8.804283809312086,1922.742075531072,7048.359700443467,0.4470912388392857,0.005617536234786122,227.06083560495435,0.003186947667087236,125.12981274621696,0.045719213639990534,2259.485347234381
RIMONE_r2_Im102,RIM-ONE,RIMONE_r2_Im102,0,Normal,C:/Users/TRIPU/OneDrive/Documents/ML/end sem project/RIM-ONE_DL_images\RIM-ONE_DL_images\partitioned_by_hospital\training_set\normal\r2_Im102.png,C:/Users/TRIPU/.gemini/antigravity/scratch/glaucoma_detection\data\processed\RIM-ONE\normal\RIMONE_r2_Im102.png,external_test,-1,r2,partitioned_by_hospital/training_set,False,1.220601229167092,0.8709129996752507,0.6613315558804267,0.272897929786112,0.7193979829579558,0.08528085964233575,0.18589755352708934,0.025000798690814393,0.03518294034253567,0.009147463850743966,0.9209053332459846,0.05650055497704143,0.523116527090837,13.41803320115828,1934.6531907147173,5262.043373526047,0.3830666055484694,0.0038559221073608562,288.66407784395227,0.002037634226014692,148.21065902587043,0.04913540053151991,4092.9658861819216
RIMONE_r2_Im104,RIM-ONE,RIMONE_r2_Im104,0,Normal,C:/Users/TRIPU/OneDrive/Documents/ML/end sem project/RIM-ONE_DL_images\RIM-ONE_DL_images\partitioned_by_hospital\training_set\normal\r2_Im104.png,C:/Users/TRIPU/.gemini/antigravity/scratch/glaucoma_detection\data\processed\RIM-ONE\normal\RIMONE_r2_Im104.png,external_test,-1,r2,partitioned_by_hospital/training_set,False,1.7394484260081697,1.2052614717037358,0.8228467598756505,0.3271793450654838,0.6672843562247097,0.09285210514051463,0.15803231670998574,0.022348614871798424,0.02547367371141321,0.0069763610267839235,0.9276308608004501,0.050214237414297876,0.5717255921603107,8.784911588222633,1967.3914379340224,7261.527107282009,0.4505739795918367,0.006219130146340835,202.90470099678043,0.0034918127768006502,116.2429108974488,0.054041933091505824,1864.9519307117343
RIMONE_r2_Im106,RIM-ONE,RIMONE_r2_Im106,0,Normal,C:/Users/TRIPU/OneDrive/Documents/ML/end sem project/RIM-ONE_DL_images\RIM-ONE_DL_images\partitioned_by_hospital\training_set\normal\r2_Im106.png,C:/Users/TRIPU/.gemini/antigravity/scratch/glaucoma_detection\data\processed\RIM-ONE\normal\RIMONE_r2_Im106.png,external_test,-1,r2,partitioned_by_hospital/training_set,False,1.304523806198948,0.9195853835779676,0.6919631733202181,0.28292388236194166,0.708592162867888,0.08736153815485845,0.16257226610302342,0.021670144985277164,0.02689933688955519,0.006929429557189676,0.9600744336951145,0.02821275043467972,0.5321700566825494,12.134485930286102,1524.5269057714509,5627.834528320552,0.3969228316326531,0.005244062095994416,245.2702961763812,0.002772593169217813,128.5366636574634,0.0614811862788041,3242.3394283001758
RIMONE_r2_Im108,RIM-ONE,RIMONE_r2_Im108,0,Normal,C:/Users/TRIPU/OneDrive/Documents/ML/end sem project/RIM-ONE_DL_images\RIM-ONE_DL_images\partitioned_by_hospital\training_set\normal\r2_Im108.png,C:/Users/TRIPU/.gemini/antigravity/scratch/glaucoma_detection\data\processed\RIM-ONE\normal\RIMONE_r2_Im108.png,external_test,-1,r2,partitioned_by_hospital/training_set,False,1.7490402403920136,1.3119444565183334,0.7901269650823896,0.3291425111586605,0.6840710980392203,0.08982926253948656,0.15704582913340473,0.022111739233668187,0.0251523214601363,0.006845094527430419,0.9275297728322663,0.05434796695899403,0.5625861899450694,10.172314080221835,1841.4548550973145,6650.493580527552,0.42822265625,0.005207342289252249,234.2466205256747,0.002970115196309564,128.29296843038793,0.048039201942992216,2718.1642249152305
RIMONE_r2_Im110,RIM-ONE,RIMONE_r2_Im110,0,Normal,C:/Users/TRIPU/OneDrive/Documents/ML/end sem project/RIM-ONE_DL_images\RIM-ONE_DL_images\partitioned_by_hospital\training_set\normal\r2_Im110.png,C:/Users/TRIPU/.gemini/antigravity/scratch/glaucoma_detection\data\processed\RIM-ONE\normal\RIMONE_r2_Im110.png,external_test,-1,r2,partitioned_by_hospital/training_set,False,1.3737871376433304,0.955489440590971,0.7301033647044771,0.29758926343706793,0.6930363714008339,0.09186797482264536,0.16440640839011236,0.02370993715511644,0.027591628239635985,0.007671850664394334,0.9411783964581857,0.04088076994607124,0.5451134410887886,10.83615055937873,1860.7597510468645,6207.228811668443,0.41701211734693877,0.005924230270471705,208.10626145846518,0.0032049984507205496,112.73208115802484,0.06091727918491362,2435.427580162137
RIMONE_r2_Im112,RIM-ONE,RIMONE_r2_Im112,0,Normal,C:/Users/TRIPU/OneDrive/Documents/ML/end sem project/RIM-ONE_DL_images\RIM-ONE_DL_images\partitioned_by_hospital\training_set\normal\r2_Im112.png,C:/Users/TRIPU/.gemini/antigravity/scratch/glaucoma_detection\data\processed\RIM-ONE\normal\RIMONE_r2_Im112.png,external_test,-1,r2,partitioned_by_hospital/training_set,False,0.8188435107928934,0.49010230012776984,0.5356548505412011,0.19240448262170698,0.7584953085904922,0.06953021323083758,0.21847172389726224,0.023871880628566825,0.048299760827386136,0.01031959942651611,0.9340619781375463,0.039490427236399714,0.47640967766029463,16.789836097186072,2051.5056875106743,4085.3281444834674,0.34365035076530615,0.0034193211169712017,315.13422055974956,0.0016348052265588255,149.20792357836797,0.05498889963330406,5533.47950719687
RIMONE_r2_Im114,RIM-ONE,RIMONE_r2_Im114,0,Normal,C:/Users/TRIPU/OneDrive/Documents/ML/end sem project/RIM-ONE_DL_images\RIM-ONE_DL_images\partitioned_by_hospital\training_set\normal\r2_Im114.png,C:/Users/TRIPU/.gemini/antigravity/scratch/glaucoma_detection\data\processed\RIM-ONE\normal\RIMONE_r2_Im114.png,external_test,-1,r2,partitioned_by_hospital/training_set,False,1.0038802541375824,0.6512888820202193,0.6175496589202136,0.2326452610319695,0.727195277003161,0.07859593282631248,0.18916098354061425,0.02325074978760974,0.036322475059738575,0.008669620511880508,0.9383821618974366,0.039953941812709386,0.5132269105056858,12.655714114055085,1972.0978559560153,5210.281807850367,0.3866440130739796,0.004786338421848061,240.08490580329902,0.0024682736922401003,122.16872485848927,0.05746145246427413,3204.694537972914
RIMONE_r2_Im116,RIM-ONE,RIMONE_r2_Im116,0,Normal,C:/Users/TRIPU/OneDrive/Documents/ML/end sem project/RIM-ONE_DL_images\RIM-ONE_DL_images\partitioned_by_hospital\training_set\normal\r2_Im116.png,C:/Users/TRIPU/.gemini/antigravity/scratch/glaucoma_detection\data\processed\RIM-ONE\normal\RIMONE_r2_Im116.png,external_test,-1,r2,partitioned_by_hospital/training_set,False,1.2017392622820637,0.8123857423408983,0.6555166350083049,0.2604474715184896,0.7215613252270167,0.08258397298379246,0.2081514676310987,0.026849102294847625,0.04404790777101953,0.011054756002864917,0.8805059840137854,0.08073809758879247,0.5234035870096914,14.207163482631554,2422.8975916964705,5250.814291820207,0.3798977598852041,0.0031963753222401118,331.90489088579534,0.0016799522683971654,172.44371445662898,0.04267424236357614,5027.086352765011
RIMONE_r2_Im118,RIM-ONE,RIMONE_r2_Im118,0,Normal,C:/Users/TRIPU/OneDrive/Documents/ML/end sem project/RIM-ONE_DL_images\RIM-ONE_DL_images\partitioned_by_hospital\training_set\normal\r2_Im118.png,C:/Users/TRIPU/.gemini/antigravity/scratch/glaucoma_detection\data\processed\RIM-ONE\normal\RIMONE_r2_Im118.png,external_test,-1,r2,partitioned_by_hospital/training_set,False,1.3264069026709309,0.9300762972953669,0.7039419496296951,0.27313236292146614,0.7028143679685588,0.08221706621342766,0.18221885570976684,0.022959754795685086,0.03373086171645482,0.008262250686324565,0.9100027046372902,0.06297944434274247,0.5484498993625295,10.840386800898926,2202.3148800898834,6229.467169836351,0.4168377311862245,0.006041705832672587,193.04826750867778,0.0033098648669903663,105.17122694816995,0.061922857102577604,2249.7838377316975
RIMONE_r2_Im120,RIM-ONE,RIMONE_r2_Im120,0,Normal,C:/Users/TRIPU/OneDrive/Documents/ML/end sem project/RIM-ONE_DL_images\RIM-ONE_DL_images\partitioned_by_hospital\training_set\normal\r2_Im120.png,C:/Users/TRIPU/.gemini/antigravity/scratch/glaucoma_detection\data\processed\RIM-ONE\normal\RIMONE_r2_Im120.png,external_test,-1,r2,partitioned_by_hospital/training_set,False,1.8778938654931554,1.309550160412284,0.8531499153142533,0.33790627713180543,0.6596273029860625,0.09304880223180415,0.16349918265204122,0.02307952315737782,0.027264647117057488,0.007455921298857866,0.890676811849477,0.07629066160448995,0.5838300280082036,8.355385517769594,2200.5917400246103,7639.978923573684,0.46007553411989793,0.0043607897728951675,263.2805078406873,0.002563253064964315,151.6424699406224,0.03474413793737832,2322.2900148889094
RIMONE_r2_Im122,RIM-ONE,RIMONE_r2_Im122,0,Normal,C:/Users/TRIPU/OneDrive/Documents/ML/end sem project/RIM-ONE_DL_images\RIM-ONE_DL_images\partitioned_by_hospital\training_set\normal\r2_Im122.png,C:/Users/TRIPU/.gemini/antigravity/scratch/glaucoma_detection\data\processed\RIM-ONE\normal\RIMONE_r2_Im122.png,external_test,-1,r2,partitioned_by_hospital/training_set,False,2.3976578051855455,1.7674396068264122,0.9515784113734904,0.3918992505969535,0.6395291018205281,0.09616185783667021,0.1401735930222705,0.020771924687641604,0.02008010903600218,0.005756937542807809,0.9194530522627412,0.05944161686647409,0.6058583805669717,7.577716072205335,1783.6493341223868,8511.736832938,0.48099689094387754,0.004856636429761584,261.9932135312124,0.0029450040285877027,156.11540514647317,0.0356563464260438,2104.7675379538327
RIMONE_r2_Im124,RIM-ONE,RIMONE_r2_Im124,0,Normal,C:/Users/TRIPU/OneDrive/Documents/ML/end sem project/RIM-ONE_DL_images\RIM-ONE_DL_images\partitioned_by_hospital\training_set\normal\r2_Im124.png,C:/Users/TRIPU/.gemini/antigravity/scratch/glaucoma_detection\data\processed\RIM-ONE\normal\RIMONE_r2_Im124.png,external_test,-1,r2,partitioned_by_hospital/training_set,False,1.469539073805735,1.0938071192039696,0.7342128939987108,0.30863453048173123,0.6967343941876578,0.09041893312042977,0.15837382092221877,0.021884836677047336,0.025561213229884056,0.006833323936854195,0.9541544233377707,0.03416560725271154,0.5508950714965117,11.648576775027028,1644.3190855932537,6204.487045290186,0.4108936543367347,0.004803985546648876,260.06668780862117,0.0026446550715658805,140.86464491638927,0.05012049886010915,3537.2304632950054
RIMONE_r2_Im126,RIM-ONE,RIMONE_r2_Im126,0,Normal,C:/Users/TRIPU/OneDrive/Documents/ML/end sem project/RIM-ONE_DL_images\RIM-ONE_DL_images\partitioned_by_hospital\training_set\normal\r2_Im126.png,C:/Users/TRIPU/.gemini/antigravity/scratch/glaucoma_detection\data\processed\RIM-ONE\normal\RIMONE_r2_Im126.png,external_test,-1,r2,partitioned_by_hospital/training_set,False,0.678254358505499,0.39531482211168256,0.4915958188024101,0.17888271514750606,0.7722920044885145,0.06898176948184283,0.21116646744585402,0.023991807104016296,0.04516688378167725,0.009992914137427132,0.957636164544749,0.02469267561842983,0.4514961550426501,18.785997858278943,1775.6566813636073,3589.5443159822194,0.3251355229591837,0.007596571812541343,158.5680141270575,0.003401131662140647,71.5411414180729,0.1414474112847447,3084.1967511809544
RIMONE_r2_Im128,RIM-ONE,RIMONE_r2_Im128,0,Normal,C:/Users/TRIPU/OneDrive/Documents/ML/end sem project/RIM-ONE_DL_images\RIM-ONE_DL_images\partitioned_by_hospital\training_set\normal\r2_Im128.png,C:/Users/TRIPU/.gemini/antigravity/scratch/glaucoma_detection\data\processed\RIM-ONE\normal\RIMONE_r2_Im128.png,external_test,-1,r2,partitioned_by_hospital/training_set,False,1.9031374984221738,1.4864330168813653,0.8203381656961657,0.3583174221527193,0.6780158205825031,0.09491328688814771,0.1501141016685977,0.02169965222517539,0.023005118426463647,0.006413393480982415,0.9421494308087514,0.045185093035033284,0.566725564516477,10.278329724464374,1633.1427537923873,6760.709602323922,0.42884048150510207,0.00517694245493043,247.7525954949229,0.0029596499703346737,136.22022791970932,0.04721840950655076,2999.98206266197
RIMONE_r2_Im130,RIM-ONE,RIMONE_r2_Im130,0,Normal,C:/Users/TRIPU/OneDrive/Documents/ML/end sem project/RIM-ONE_DL_images\RIM-ONE_DL_images\partitioned_by_hospital\training_set\normal\r2_Im130.png,C:/Users/TRIPU/.gemini/antigravity/scratch/glaucoma_detection\data\processed\RIM-ONE\normal\RIMONE_r2_Im130.png,external_test,-1,r2,partitioned_by_hospital/training_set,False,2.1382576841981957,1.4774812525705818,0.9418697667911551,0.37076135769483065,0.630590397153061,0.09802886374247521,0.14130432194214684,0.021108569227076917,0.020412483094344184,0.005898662884818708,0.9208194581463389,0.05466879580591183,0.6074032906743877,6.7793880577916195,2067.8638399495817,8878.098971301119,0.49662189094387754,0.005698113926066428,221.7057906675292,0.003481856008547085,131.88091929401662,0.0362409141031097,1658.948521593881
RIMONE_r2_Im132,RIM-ONE,RIMONE_r2_Im132,0,Normal,C:/Users/TRIPU/OneDrive/Documents/ML/end sem project/RIM-ONE_DL_images\RIM-ONE_DL_images\partitioned_by_hospital\training_set\normal\r2_Im132.png,C:/Users/TRIPU/.gemini/antigravity/scratch/glaucoma_detection\data\processed\RIM-ONE\normal\RIMONE_r2_Im132.png,external_test,-1,r2,partitioned_by_hospital/training_set,False,1.967065331121671,1.4844159295073671,0.8598036105641063,0.36403898197832196,0.66216995403837,0.0960453058991047,0.1712250059851684,0.024585188394633653,0.029922434163020584,0.00832201665609456,0.8788757520209628,0.09146261476221217,0.5818322197162459,8.992820989839908,2188.488359859316,7482.533566531303,0.4516053491709183,0.004070660053470912,279.98520789852955,0.0024205019038945515,158.69986923768496,0.033310009728906534,2728.236461754791
RIMONE_r2_Im134,RIM-ONE,RIMONE_r2_Im134,0,Normal,C:/Users/TRIPU/OneDrive/Documents/ML/end sem project/RIM-ONE_DL_images\RIM-ONE_DL_images\partitioned_by_hospital\training_set\normal\r2_Im134.png,C:/Users/TRIPU/.gemini/antigravity/scratch/glaucoma_detection\data\processed\RIM-ONE\normal\RIMONE_r2_Im134.png,external_test,-1,r2,partitioned_by_hospital/training_set,False,1.0447536805865725,0.7153855402759711,0.6115149111215558,0.24091718567945808,0.7336887552454924,0.079013850406441,0.18778290920594462,0.023189074569331378,0.035800154169230054,0.00856866081929059,0.9473045034451731,0.03615658849563364,0.5099362750033518,14.07340256642095,1815.7625141733338,4947.295885546395,0.3736547353316327,0.007044198114444089,175.00038036168357,0.003571548140802277,87.86206758850423,0.09868756837204172,2567.961626534233
RIMONE_r2_Im136,RIM-ONE,RIMONE_r2_Im136,0,Normal,C:/Users/TRIPU/OneDrive/Documents/ML/end sem project/RIM-ONE_DL_images\RIM-ONE_DL_images\partitioned_by_hospital\training_set\normal\r2_Im136.png,C:/Users/TRIPU/.gemini/antigravity/scratch/glaucoma_detection\data\processed\RIM-ONE\normal\RIMONE_r2_Im136.png,external_test,-1,r2,partitioned_by_hospital/training_set,False,1.537534970914212,1.079996388476884,0.768471075260368,0.30480415395026683,0.6822886887780015,0.08953275434107383,0.17400184448608172,0.023557193110677607,0.030831583231812332,0.00809974183992499,0.906253156055854,0.06588240618564509,0.5568412580116419,9.579205316546032,2168.5551226355983,6715.9536837277265,0.4350685586734694,0.004681332706233973,245.55312818942812,0.0026216012620825157,134.50520957501197,0.04249659832885528,2523.3635304432064
RIMONE_r2_Im138,RIM-ONE,RIMONE_r2_Im138,0,Normal,C:/Users/TRIPU/OneDrive/Documents/ML/end sem project/RIM-ONE_DL_images\RIM-ONE_DL_images\partitioned_by_hospital\training_set\normal\r2_Im138.png,C:/Users/TRIPU/.gemini/antigravity/scratch/glaucoma_detection\data\processed\RIM-ONE\normal\RIMONE_r2_Im138.png,external_test,-1,r2,partitioned_by_hospital/training_set,False,1.1912295541293239,0.8098649649394427,0.6681609562230978,0.26169703808892314,0.713295537274477,0.08342596565786585,0.17712615813016697,0.022842199990488265,0.03189544199435836,0.007967891691334258,0.9441569382673284,0.03789727742107085,0.5335333176644793,12.123953824678718,1918.9461832929992,5684.95357589203,0.3989407286352041,0.007599087225602616,167.3861111971874,0.004025985814242367,88.60523271302688,0.09358163339774248,2063.0203010288496
RIMONE_r2_Im140,RIM-ONE,RIMONE_r2_Im140,0,Normal,C:/Users/TRIPU/OneDrive/Documents/ML/end sem project/RIM-ONE_DL_images\RIM-ONE_DL_images\partitioned_by_hospital\training_set\normal\r2_Im140.png,C:/Users/TRIPU/.gemini/antigravity/scratch/glaucoma_detection\data\processed\RIM-ONE\normal\RIMONE_r2_Im140.png,external_test,-1,r2,partitioned_by_hospital/training_set,False,2.0134569247699594,1.5495050646422248,0.8591616777463787,0.37104323773855125,0.664136841804229,0.09815226293210279,0.1446902733051099,0.021124780434357362,0.021381531537507204,0.006040781307845687,0.9572142851905153,0.03285338575895194,0.5767424376337681,9.505330448031897,1626.7105507497984,7219.9396466178905,0.44331951530612246,0.0056017823662324875,248.47216143102008,0.0031841780562630686,140.6386874236392,0.051862405980707495,2671.5518479824977
RIMONE_r2_Im142,RIM-ONE,RIMONE_r2_Im142,0,Normal,C:/Users/TRIPU/OneDrive/Documents/ML/end sem project/RIM-ONE_DL_images\RIM-ONE_DL_images\partitioned_by_hospital\training_set\normal\r2_Im142.png,C:/Users/TRIPU/.gemini/antigravity/scratch/glaucoma_detection\data\processed\RIM-ONE\normal\RIMONE_r2_Im142.png,external_test,-1,r2,partitioned_by_hospital/training_set,False,1.7930512557280796,1.2786916892331859,0.8285687025927352,0.32660476632272856,0.6670298080258436,0.08945421611259322,0.1587969290830528,0.021934228109843926,0.02569757504898276,0.006886163210776692,0.9201437790580674,0.05681027293947715,0.5802021513993251,8.597953892688317,2071.9810142514602,7506.340188639071,0.4554418447066326,0.005613884655753194,216.5086555653289,0.0032580075043006653,124.20653983434707,0.04667465911257047,1985.9082520484983
RIMONE_r2_Im144,RIM-ONE,RIMONE_r2_Im144,0,Normal,C:/Users/TRIPU/OneDrive/Documents/ML/end sem project/RIM-ONE_DL_images\RIM-ONE_DL_images\partitioned_by_hospital\training_set\normal\r2_Im144.png,C:/Users/TRIPU/.gemini/antigravity/scratch/glaucoma_detection\data\processed\RIM-ONE\normal\RIMONE_r2_Im144.png,external_test,-1,r2,partitioned_by_hospital/training_set,False,1.1937899847106765,0.8436429453204226,0.6698348742939865,0.2750705860813698,0.7119980978092851,0.08915512151361259,0.1760315342000058,0.024672016743490986,0.03159580944299891,0.008550273440192026,0.9354921676306778,0.045580200103323906,0.5159537772757817,12.486087584624153,1916.3831846917972,5364.446885835588,0.3918407206632653,0.004299677139391346,265.417630342693,0.0022310189978047845,134.99969024897092,0.04993601944700635,3604.020747355518
RIMONE_r2_Im146,RIM-ONE,RIMONE_r2_Im146,0,Normal,C:/Users/TRIPU/OneDrive/Documents/ML/end sem project/RIM-ONE_DL_images\RIM-ONE_DL_images\partitioned_by_hospital\training_set\normal\r2_Im146.png,C:/Users/TRIPU/.gemini/antigravity/scratch/glaucoma_detection\data\processed\RIM-ONE\normal\RIMONE_r2_Im146.png,external_test,-1,r2,partitioned_by_hospital/training_set,False,1.3642562483301652,0.9015516424744308,0.7446067442304556,0.2788003563274494,0.6836003453598113,0.08629603632137368,0.19175892835245675,0.02414914905200368,0.037354668002818545,0.009195256517960685,0.8906298858328178,0.07199303634021836,0.5520519464734547,9.002400155478474,2661.3635856562164,6789.666155064575,0.44162049585459184,0.005713889963311371,198.36866188785015,0.003181712934443823,107.69468157054963,0.05029756092648104,1850.888199687099
RIMONE_r2_Im148,RIM-ONE,RIMONE_r2_Im148,0,Normal,C:/Users/TRIPU/OneDrive/Documents/ML/end sem project/RIM-ONE_DL_images\RIM-ONE_DL_images\partitioned_by_hospital\training_set\normal\r2_Im148.png,C:/Users/TRIPU/.gemini/antigravity/scratch/glaucoma_detection\data\processed\RIM-ONE\normal\RIMONE_r2_Im148.png,external_test,-1,r2,partitioned_by_hospital/training_set,False,1.7055170245780895,1.2049036686560453,0.8133719227356623,0.32729841747286403,0.6706602413442434,0.09257299222831973,0.15976026834712043,0.022990010110037214,0.026051883907203557,0.007257288991417275,0.914049662292942,0.060877431158795,0.5700411408584652,9.021081290990926,2033.4052445001867,7121.269239633198,0.44526765784438777,0.004262857845346311,270.9435866741135,0.0024531158274147136,151.79637240779235,0.036217563789839445,2629.695462631632
RIMONE_r2_Im150,RIM-ONE,RIMONE_r2_Im150,0,Normal,C:/Users/TRIPU/OneDrive/Documents/ML/end sem project/RIM-ONE_DL_images\RIM-ONE_DL_images\partitioned_by_hospital\training_set\normal\r2_Im150.png,C:/Users/TRIPU/.gemini/antigravity/scratch/glaucoma_detection\data\processed\RIM-ONE\normal\RIMONE_r2_Im150.png,external_test,-1,r2,partitioned_by_hospital/training_set,False,1.7523710065106994,1.284919936510651,0.8107666078978504,0.3359693721043314,0.6746128271938033,0.09235240025580117,0.14986757958563587,0.021489815004140832,0.022922103559769102,0.006344895212904075,0.9442757229657647,0.040845772304493516,0.5736991779617575,9.60133237703589,1742.777119196586,7078.1058690801165,0.44033003826530615,0.005695191559448326,225.97682535495252,0.0032454792456396765,127.42351703036461,0.05236352029827186,2393.4197368844048
RIMONE_r2_Im152,RIM-ONE,RIMONE_r2_Im152,0,Normal,C:/Users/TRIPU/OneDrive/Documents/ML/end sem project/RIM-ONE_DL_images\RIM-ONE_DL_images\partitioned_by_hospital\training_set\normal\r2_Im152.png,C:/Users/TRIPU/.gemini/antigravity/scratch/glaucoma_detection\data\processed\RIM-ONE\normal\RIMONE_r2_Im152.png,external_test,-1,r2,partitioned_by_hospital/training_set,False,2.146229182898185,1.5777349370191487,0.9078904103464605,0.3688276147477788,0.6480341483032835,0.09331818226068604,0.1435944229152945,0.0204251631470714,0.021036545581960938,0.005802096647787296,0.9356405980772209,0.04728759796164131,0.6016452326687514,7.845438799488196,1834.172933165727,8318.50622362426,0.4752471301020408,0.005766456567717972,227.23839860460095,0.0034363803158246583,134.99296830817943,0.04245683305166138,1999.8601228252255
RIMONE_r2_Im154,RIM-ONE,RIMONE_r2_Im154,0,Normal,C:/Users/TRIPU/OneDrive/Documents/ML/end sem project/RIM-ONE_DL_images\RIM-ONE_DL_images\partitioned_by_hospital\training_set\normal\r2_Im154.png,C:/Users/TRIPU/.gemini/antigravity/scratch/glaucoma_detection\data\processed\RIM-ONE\normal\RIMONE_r2_Im154.png,external_test,-1,r2,partitioned_by_hospital/training_set,False,1.389992085420188,1.00470492155868,0.7280677494437096,0.2987359964343657,0.694771885784196,0.09038677361245537,0.16555783953866135,0.022976016790372415,0.027937295580260615,0.0075020388562328354,0.9393038674993569,0.043861377179514105,0.5415029066934767,10.745618756025198,1857.644537544873,6116.285735365642,0.41555723852040816,0.0044363090370097905,267.51271704873636,0.00246541344079215,139.32902854437364,0.04305091840946734,3208.240892848478
RIMONE_r2_Im156,RIM-ONE,RIMONE_r2_Im156,0,Normal,C:/Users/TRIPU/OneDrive/Documents/ML/end sem project/RIM-ONE_DL_images\RIM-ONE_DL_images\partitioned_by_hospital\training_set\normal\r2_Im156.png,C:/Users/TRIPU/.gemini/antigravity/scratch/glaucoma_detection\data\processed\RIM-ONE\normal\RIMONE_r2_Im156.png,external_test,-1,r2,partitioned_by_hospital/training_set,False,1.8192797871886093,1.2953984595306036,0.8436767822526727,0.3353309359877237,0.6606010107832121,0.09252301667650384,0.15436495510993323,0.021439341781364325,0.02428818474210984,0.006538519766900756,0.9298678850754069,0.04987238287430674,0.5832231257998779,8.275476650001416,2018.0712308617815,7699.58630549177,0.46246213329081637,0.00476342902912886,253.0372094024831,0.0027890893074166254,145.25420597253998,0.0366060271681195,2342.667008253902
RIMONE_r2_Im158,RIM-ONE,RIMONE_r2_Im158,0,Normal,C:/Users/TRIPU/OneDrive/Documents/ML/end sem project/RIM-ONE_DL_images\RIM-ONE_DL_images\partitioned_by_hospital\training_set\normal\r2_Im158.png,C:/Users/TRIPU/.gemini/antigravity/scratch/glaucoma_detection\data\processed\RIM-ONE\normal\RIMONE_r2_Im158.png,external_test,-1,r2,partitioned_by_hospital/training_set,False,1.6751606201435105,1.1312320280723969,0.8117435289463725,0.3106784492015901,0.6685734566118765,0.08953793880273131,0.16440210920790238,0.02245827850581114,0.027532427785451632,0.007310404825820902,0.9076107770009448,0.06265826523209077,0.5688085728576165,8.462321880494494,2091.410012806741,7244.578993706751,0.45325454400510207,0.003827256262213328,296.996898894699,0.0021901001559284467,167.24044593865233,0.03114249911166055,2607.7297221096455
RIMONE_r2_Im160,RIM-ONE,RIMONE_r2_Im160,0,Normal,C:/Users/TRIPU/OneDrive/Documents/ML/end sem project/RIM-ONE_DL_images\RIM-ONE_DL_images\partitioned_by_hospital\training_set\normal\r2_Im160.png,C:/Users/TRIPU/.gemini/antigravity/scratch/glaucoma_detection\data\processed\RIM-ONE\normal\RIMONE_r2_Im160.png,external_test,-1,r2,partitioned_by_hospital/training_set,False,1.933171983986578,1.3825082718108637,0.8542507745253927,0.3452593860202067,0.6628993164681221,0.09227038783770679,0.16644844063451797,0.022670167778785045,0.028219019896780922,0.007468016659073883,0.8980914021196972,0.07306250777431082,0.5847524632428842,8.815970236091509,2065.389691253933,7559.004773133028,0.4544005102040816,0.004509454058961881,261.8324508353321,0.0027069315860452823,148.6187558981833,0.03530377809314793,2553.3400772843843
RIMONE_r2_Im162,RIM-ONE,RIMONE_r2_Im162,0,Normal,C:/Users/TRIPU/OneDrive/Documents/ML/end sem project/RIM-ONE_DL_images\RIM-ONE_DL_images\partitioned_by_hospital\training_set\normal\r2_Im162.png,C:/Users/TRIPU/.gemini/antigravity/scratch/glaucoma_detection\data\processed\RIM-ONE\normal\RIMONE_r2_Im162.png,external_test,-1,r2,partitioned_by_hospital/training_set,False,1.2403892775680017,0.8361704150589909,0.6760090952215423,0.2581018662427786,0.7112963244265318,0.08123779007185392,0.16536274751311017,0.020729405623416516,0.027774546522584747,0.006763967199967279,0.9571245261507828,0.028912682203828585,0.530372664257506,11.469980852383504,1740.528825217715,5740.192876453209,0.40411750637755106,0.0055457050589751596,225.88543348302395,0.0029844588143270543,115.52824380694398,0.057887170351861986,2954.22541960828
RIMONE_r2_Im164,RIM-ONE,RIMONE_r2_Im164,0,Normal,C:/Users/TRIPU/OneDrive/Documents/ML/end sem project/RIM-ONE_DL_images\RIM-ONE_DL_images\partitioned_by_hospital\training_set\normal\r2_Im164.png,C:/Users/TRIPU/.gemini/antigravity/scratch/glaucoma_detection\data\processed\RIM-ONE\normal\RIMONE_r2_Im164.png,external_test,-1,r2,partitioned_by_hospital/training_set,False,0.9953738527211017,0.6700220824181464,0.5905455450908154,0.22670482788447416,0.7412815454688046,0.07508298829368078,0.19569740119051282,0.021465036150767672,0.038758220609674286,0.008286439266762912,0.9614589168791174,0.0259613977770369,0.5034750029712376,14.720621053443153,1710.2015774267713,4713.799997697384,0.3652493223852041,0.0071103289153720845,182.70413948417874,0.003530890856044305,92.0212069165064,0.104651510997392,2796.0272586021874
RIMONE_r2_Im166,RIM-ONE,RIMONE_r2_Im166,0,Normal,C:/Users/TRIPU/OneDrive/Documents/ML/end sem project/RIM-ONE_DL_images\RIM-ONE_DL_images\partitioned_by_hospital\training_set\normal\r2_Im166.png,C:/Users/TRIPU/.gemini/antigravity/scratch/glaucoma_detection\data\processed\RIM-ONE\normal\RIMONE_r2_Im166.png,external_test,-1,r2,partitioned_by_hospital/training_set,False,0.9241931508329183,0.564746908583259,0.5896877425476744,0.21124842189104864,0.7363985389961805,0.07383127442394559,0.20498087283144892,0.02324419062208907,0.042557450624418645,0.009394766668571563,0.9241359157672875,0.04641847408035731,0.5064528573312089,13.376441212332665,2150.6120694227247,4970.224310894395,0.37849768813775514,0.004791380456757561,232.89611176852802,0.002465780308437619,115.74412441398911,0.0593882753924467,3337.3861860319594
RIMONE_r2_Im168,RIM-ONE,RIMONE_r2_Im168,0,Normal,C:/Users/TRIPU/OneDrive/Documents/ML/end sem project/RIM-ONE_DL_images\RIM-ONE_DL_images\partitioned_by_hospital\training_set\normal\r2_Im168.png,C:/Users/TRIPU/.gemini/antigravity/scratch/glaucoma_detection\data\processed\RIM-ONE\normal\RIMONE_r2_Im168.png,external_test,-1,r2,partitioned_by_hospital/training_set,False,0.7273735219762653,0.42368588027801535,0.5043427322756419,0.1805835537295955,0.7691536545566446,0.06773817117616324,0.24076703288070844,0.025995630695345773,0.05864453693742894,0.012369378201145767,0.9172698625358714,0.04827305765755938,0.4655649724024089,18.559851178512528,2286.9087701742237,3764.5661545745807,0.3293307557397959,0.0034957381332656953,302.9859306545733,0.001644372553856386,139.42946212404738,0.061746599029116805,5892.0259130856375
RIMONE_r2_Im170,RIM-ONE,RIMONE_r2_Im170,0,Normal,C:/Users/TRIPU/OneDrive/Documents/ML/end sem project/RIM-ONE_DL_images\RIM-ONE_DL_images\partitioned_by_hospital\training_set\normal\r2_Im170.png,C:/Users/TRIPU/.gemini/antigravity/scratch/glaucoma_detection\data\processed\RIM-ONE\normal\RIMONE_r2_Im170.png,external_test,-1,r2,partitioned_by_hospital/training_set,False,1.3032028167782261,0.8786691957602661,0.7081796816614413,0.274328729740473,0.6993303110585846,0.0855113588386375,0.17174176356207063,0.022795530358944327,0.03001486955575573,0.007736785229476937,0.9332673219507396,0.0449166829306678,0.5369354744015485,10.526887449173119,1982.2013057214735,6050.21659983188,0.415886080994898,0.005485630587192064,217.27183480392603,0.002989333904957061,113.53873472774762,0.05438611151531007,2482.3803557305328
RIMONE_r2_Im172,RIM-ONE,RIMONE_r2_Im172,0,Normal,C:/Users/TRIPU/OneDrive/Documents/ML/end sem project/RIM-ONE_DL_images\RIM-ONE_DL_images\partitioned_by_hospital\training_set\normal\r2_Im172.png,C:/Users/TRIPU/.gemini/antigravity/scratch/glaucoma_detection\data\processed\RIM-ONE\normal\RIMONE_r2_Im172.png,external_test,-1,r2,partitioned_by_hospital/training_set,False,1.5318597843402904,1.0780394045562578,0.7486486562099658,0.2927816293384163,0.6929414917802199,0.08352628174036908,0.17436139246161927,0.022443710390289022,0.030905615317237994,0.0077333160589468835,0.9074006638144518,0.0650909192149748,0.5569453777804294,10.294836010720278,2065.620083406708,6467.639826842261,0.4237683354591837,0.004352200707597709,261.6732248873793,0.002456010853121865,142.92528110661578,0.041514537862126125,2920.9545667356997
RIMONE_r2_Im174,RIM-ONE,RIMONE_r2_Im174,0,Normal,C:/Users/TRIPU/OneDrive/Documents/ML/end sem project/RIM-ONE_DL_images\RIM-ONE_DL_images\partitioned_by_hospital\training_set\normal\r2_Im174.png,C:/Users/TRIPU/.gemini/antigravity/scratch/glaucoma_detection\data\processed\RIM-ONE\normal\RIMONE_r2_Im174.png,external_test,-1,r2,partitioned_by_hospital/training_set,False,1.0200031790740582,0.6750894512548588,0.6052623742927902,0.230087764730382,0.7348717421377744,0.07670332801623893,0.19206509339570058,0.022838671803731187,0.03741060503085774,0.008650543806246715,0.9418279562297805,0.03853801718662987,0.505622243506571,13.867331546873265,1873.9309053935694,4870.430225201427,0.3733607700892857,0.005289296644017379,220.87947835855707,0.0026672807791147312,111.20913667929624,0.06999344371468026,3223.4077606478772
RIMONE_r2_Im176,RIM-ONE,RIMONE_r2_Im176,0,Normal,C:/Users/TRIPU/OneDrive/Documents/ML/end sem project/RIM-ONE_DL_images\RIM-ONE_DL_images\partitioned_by_hospital\training_set\normal\r2_Im176.png,C:/Users/TRIPU/.gemini/antigravity/scratch/glaucoma_detection\data\processed\RIM-ONE\normal\RIMONE_r2_Im176.png,external_test,-1,r2,partitioned_by_hospital/training_set,False,1.189998921067051,0.7929766374405717,0.6644292832742572,0.25642919934957187,0.7150325335740861,0.08213289918934678,0.1763597428117182,0.022450362611518337,0.031606777666004046,0.007815058870827979,0.9476049769058003,0.034796938600363536,0.5247429409798313,12.29278158055294,1886.8666358889502,5504.191413873926,0.3953184789540816,0.00684577469834962,183.1766660141075,0.003540402928964943,96.02023585877052,0.08482817818092922,2315.154894052193
RIMONE_r2_Im178,RIM-ONE,RIMONE_r2_Im178,0,Normal,C:/Users/TRIPU/OneDrive/Documents/ML/end sem project/RIM-ONE_DL_images\RIM-ONE_DL_images\partitioned_by_hospital\training_set\normal\r2_Im178.png,C:/Users/TRIPU/.gemini/antigravity/scratch/glaucoma_detection\data\processed\RIM-ONE\normal\RIMONE_r2_Im178.png,external_test,-1,r2,partitioned_by_hospital/training_set,False,1.4795718647685947,1.0679497095130033,0.7486751862386493,0.3063852277780251,0.6900002953883654,0.09005863433638181,0.1627093497166745,0.02311417027015829,0.02700859735250095,0.007424040992209432,0.9317769933501939,0.049329324313565404,0.5525458293940533,10.495213429616392,1900.404358261595,6417.345077376008,0.42276187818877553,0.005256418818417393,228.61947863993242,0.0029139468909502968,124.41459318979997,0.052016034226967434,2589.4860425844035
RIMONE_r2_Im180,RIM-ONE,RIMONE_r2_Im180,0,Normal,C:/Users/TRIPU/OneDrive/Documents/ML/end sem project/RIM-ONE_DL_images\RIM-ONE_DL_images\partitioned_by_hospital\training_set\normal\r2_Im180.png,C:/Users/TRIPU/.gemini/antigravity/scratch/glaucoma_detection\data\processed\RIM-ONE\normal\RIMONE_r2_Im180.png,external_test,-1,r2,partitioned_by_hospital/training_set,False,1.2776240051671348,0.8677394973418243,0.6883074967293821,0.2690778470021769,0.7083394326171791,0.08382384618391768,0.17081365519301328,0.022034038335052263,0.02966280364574819,0.00742242918239706,0.9498783509319968,0.03411139243661068,0.5317338875558515,11.506472845732468,1761.6006899147656,5707.380309780142,0.402652662627551,0.004964567292425964,244.72173011701096,0.0026550330623941985,127.66743418731001,0.05288221217593448,3108.8105017711505
RIMONE_r2_Im182,RIM-ONE,RIMONE_r2_Im182,0,Normal,C:/Users/TRIPU/OneDrive/Documents/ML/end sem project/RIM-ONE_DL_images\RIM-ONE_DL_images\partitioned_by_hospital\training_set\normal\r2_Im182.png,C:/Users/TRIPU/.gemini/antigravity/scratch/glaucoma_detection\data\processed\RIM-ONE\normal\RIMONE_r2_Im182.png,external_test,-1,r2,partitioned_by_hospital/training_set,False,1.320883470068939,0.9077277441861769,0.7192909275638303,0.28064961674532457,0.6944927176811665,0.08710236616702943,0.1855257215006656,0.024699346995906604,0.03502985108036674,0.009054304121525745,0.9113556089669173,0.060807814020446,0.541917096478356,10.102035239969016,2384.785266796641,6245.642623344472,0.42262236926020413,0.004724136891412695,237.48668060913616,0.002563101400464177,127.53920259919066,0.045968869547412174,2531.663662619987
RIMONE_r2_Im184,RIM-ONE,RIMONE_r2_Im184,0,Normal,C:/Users/TRIPU/OneDrive/Documents/ML/end sem project/RIM-ONE_DL_images\RIM-ONE_DL_images\partitioned_by_hospital\training_set\normal\r2_Im184.png,C:/Users/TRIPU/.gemini/antigravity/scratch/glaucoma_detection\data\processed\RIM-ONE\normal\RIMONE_r2_Im184.png,external_test,-1,r2,partitioned_by_hospital/training_set,False,1.202322105816043,0.9053434634551952,0.658497867054893,0.2813882864789792,0.7198211997377845,0.08712618579022768,0.17629099623147768,0.024290148205302637,0.03166852665212244,0.008427657810981596,0.9348914927369899,0.049191980518161704,0.5258621076999981,13.711541515157375,1803.9922662344939,5395.0321114761855,0.38419264190051017,0.0045478168673094175,253.97111260475026,0.002421144938004531,130.36413623765182,0.05765485223533437,3834.0876732301745
RIMONE_r2_Im186,RIM-ONE,RIMONE_r2_Im186,0,Normal,C:/Users/TRIPU/OneDrive/Documents/ML/end sem project/RIM-ONE_DL_images\RIM-ONE_DL_images\partitioned_by_hospital\training_set\normal\r2_Im186.png,C:/Users/TRIPU/.gemini/antigravity/scratch/glaucoma_detection\data\processed\RIM-ONE\normal\RIMONE_r2_Im186.png,external_test,-1,r2,partitioned_by_hospital/training_set,False,1.7971814566700253,1.2877848973159927,0.8288232760304033,0.3346451248106049,0.6665054431065872,0.09350386246337562,0.15036793907556445,0.021644648074283637,0.02307900789209226,0.0064199700815848835,0.940916776776677,0.04225295086559249,0.5749269308950581,8.735699477579702,1863.6700203765304,7342.659869928935,0.4521882971938775,0.005541432478869797,230.477198829176,0.003160881160985785,131.58521843824082,0.047501249287776326,2128.6666747190525
RIMONE_r2_Im188,RIM-ONE,RIMONE_r2_Im188,0,Normal,C:/Users/TRIPU/OneDrive/Documents/ML/end sem project/RIM-ONE_DL_images\RIM-ONE_DL_images\partitioned_by_hospital\training_set\normal\r2_Im188.png,C:/Users/TRIPU/.gemini/antigravity/scratch/glaucoma_detection\data\processed\RIM-ONE\normal\RIMONE_r2_Im188.png,external_test,-1,r2,partitioned_by_hospital/training_set,False,1.1370337058237168,0.7932444430669253,0.637367396735068,0.2520116543957643,0.7263049764600854,0.07989157098999874,0.16798239124964146,0.020860783473465528,0.028653256057074444,0.006895742645414999,0.9632151916707613,0.02571314856900478,0.5218487394625211,13.569181754406912,1529.5599750114231,5228.405892671879,0.38121811224489793,0.007360008225466614,183.8788678665788,0.0037357779765100256,96.08526595790586,0.1039609612195897,2658.046120998828
RIMONE_r2_Im190,RIM-ONE,RIMONE_r2_Im190,0,Normal,C:/Users/TRIPU/OneDrive/Documents/ML/end sem project/RIM-ONE_DL_images\RIM-ONE_DL_images\partitioned_by_hospital\training_set\normal\r2_Im190.png,C:/Users/TRIPU/.gemini/antigravity/scratch/glaucoma_detection\data\processed\RIM-ONE\normal\RIMONE_r2_Im190.png,external_test,-1,r2,partitioned_by_hospital/training_set,False,0.9013724000018715,0.6126069188615959,0.5790595832652276,0.2328497642123574,0.740756391899251,0.0820702373000347,0.1928581678122884,0.02499686629738587,0.03781911621660219,0.00948199606011319,0.9436630114883823,0.038247298470657935,0.4816417659752671,15.040216537279184,1872.97875749517,4455.472299631882,0.3602319834183674,0.004588057942127138,246.59274234780165,0.002230881620185178,116.64193817206063,0.06388196202192296,4072.1915763416573
RIMONE_r2_Im192,RIM-ONE,RIMONE_r2_Im192,0,Normal,C:/Users/TRIPU/OneDrive/Documents/ML/end sem project/RIM-ONE_DL_images\RIM-ONE_DL_images\partitioned_by_hospital\training_set\normal\r2_Im192.png,C:/Users/TRIPU/.gemini/antigravity/scratch/glaucoma_detection\data\processed\RIM-ONE\normal\RIMONE_r2_Im192.png,external_test,-1,r2,partitioned_by_hospital/training_set,False,1.5670135962855465,1.1095112556987206,0.7847024079687918,0.31546964192147936,0.6769300287219783,0.09143043496545447,0.16837793605131754,0.023471634184226216,0.02890204696017971,0.0078087603454830455,0.916830079065773,0.058664204189777684,0.564801104846048,9.405397797301465,2205.649204006182,6947.977939356118,0.4401407047193877,0.006128318411691546,196.22327359311447,0.0034824662134606147,108.43546621694794,0.05376442776036126,2028.370870210631
RIMONE_r2_Im194,RIM-ONE,RIMONE_r2_Im194,0,Normal,C:/Users/TRIPU/OneDrive/Documents/ML/end sem project/RIM-ONE_DL_images\RIM-ONE_DL_images\partitioned_by_hospital\training_set\normal\r2_Im194.png,C:/Users/TRIPU/.gemini/antigravity/scratch/glaucoma_detection\data\processed\RIM-ONE\normal\RIMONE_r2_Im194.png,external_test,-1,r2,partitioned_by_hospital/training_set,False,1.2047693869472171,0.8816593995998356,0.6626957193611795,0.27374879891458537,0.7171009977099718,0.08573396025979235,0.17035907262568084,0.022963498914541712,0.029549535908280147,0.007700853394972711,0.9476267054953288,0.03836232042815985,0.52146935431688,12.715753544551085,1697.919118554153,5385.000543352923,0.39007692920918363,0.005854601308949859,211.68507354627252,0.003043100744960737,109.2111238640999,0.07198890714232613,2804.213056717312
RIMONE_r2_Im196,RIM-ONE,RIMONE_r2_Im196,0,Normal,C:/Users/TRIPU/OneDrive/Documents/ML/end sem project/RIM-ONE_DL_images\RIM-ONE_DL_images\partitioned_by_hospital\training_set\normal\r2_Im196.png,C:/Users/TRIPU/.gemini/antigravity/scratch/glaucoma_detection\data\processed\RIM-ONE\normal\RIMONE_r2_Im196.png,external_test,-1,r2,partitioned_by_hospital/training_set,False,1.871709540753777,1.3815252473982216,0.8363366986381816,0.34436413416127215,0.6680277682505142,0.0925606376575743,0.15215166803726612,0.021904303183426177,0.02362992858447389,0.006568560687073637,0.9225938368657767,0.05720516047103088,0.5772537620584485,9.129996822317391,1823.2199328543638,7303.8842666026985,0.448486328125,0.004813507440945777,253.2159563966926,0.0027866966100913116,143.6496285293868,0.041729510442159334,2465.314047279647
RIMONE_r2_Im198,RIM-ONE,RIMONE_r2_Im198,0,Normal,C:/Users/TRIPU/OneDrive/Documents/ML/end sem project/RIM-ONE_DL_images\RIM-ONE_DL_images\partitioned_by_hospital\training_set\normal\r2_Im198.png,C:/Users/TRIPU/.gemini/antigravity/scratch/glaucoma_detection\data\processed\RIM-ONE\normal\RIMONE_r2_Im198.png,external_test,-1,r2,partitioned_by_hospital/training_set,False,2.1161508284879793,1.608641157590272,0.8878308517237836,0.37020316596238007,0.6562749923041654,0.09361810356248937,0.14845103581734784,0.021312323249670844,0.02249192515754195,0.00624904529959102,0.9342791175027351,0.05003239559644596,0.5925418838419426,8.448213971168972,1825.7497367914339,7895.291605066668,0.4627311862244898,0.005162337586746402,248.63254571770693,0.003051632793558462,144.91057591813512,0.0409886557780702,2360.4508339486256
RIMONE_r2_Im200,RIM-ONE,RIMONE_r2_Im200,0,Normal,C:/Users/TRIPU/OneDrive/Documents/ML/end sem project/RIM-ONE_DL_images\RIM-ONE_DL_images\partitioned_by_hospital\training_set\normal\r2_Im200.png,C:/Users/TRIPU/.gemini/antigravity/scratch/glaucoma_detection\data\processed\RIM-ONE\normal\RIMONE_r2_Im200.png,external_test,-1,r2,partitioned_by_hospital/training_set,False,1.1618193121045517,0.7653324480980318,0.6557835588645982,0.2442607127449913,0.7169413029316983,0.07829868316560115,0.18369932227223693,0.02226586454782273,0.03424120972734116,0.00807706756392969,0.9310256718939907,0.04548966271956923,0.5274321610481024,11.764537530569577,1976.5195503922707,5622.311483599242,0.400146484375,0.005619507208057689,210.11856955506252,0.0029696652480388835,110.15981798957593,0.06314906002624066,2590.937111545324
RIMONE_r2_Im202,RIM-ONE,RIMONE_r2_Im202,0,Normal,C:/Users/TRIPU/OneDrive/Documents/ML/end sem project/RIM-ONE_DL_images\RIM-ONE_DL_images\partitioned_by_hospital\training_set\normal\r2_Im202.png,C:/Users/TRIPU/.gemini/antigravity/scratch/glaucoma_detection\data\processed\RIM-ONE\normal\RIMONE_r2_Im202.png,external_test,-1,r2,partitioned_by_hospital/training_set,False,1.3283104061106321,0.9733222779919126,0.6931203262056581,0.2882219560412008,0.709290831496464,0.08706546270204295,0.15697966744193761,0.021107953436551793,0.025088161688460963,0.006514899695558098,0.9647637436754936,0.025809109173246515,0.5363524595264411,12.234971620843694,1429.2676714915137,5727.123917146307,0.3981086575255102,0.008001430003529897,185.98932758397456,0.004139252352903517,99.88046950282794,0.1015612832069632,2360.186126242229
RIMONE_r2_Im206,RIM-ONE,RIMONE_r2_Im206,0,Normal,C:/Users/TRIPU/OneDrive/Documents/ML/end sem project/RIM-ONE_DL_images\RIM-ONE_DL_images\partitioned_by_hospital\training_set\normal\r2_Im206.png,C:/Users/TRIPU/.gemini/antigravity/scratch/glaucoma_detection\data\processed\RIM-ONE\normal\RIMONE_r2_Im206.png,external_test,-1,r2,partitioned_by_hospital/training_set,False,1.8137488522390477,1.2672753623918247,0.8377339505731385,0.33067590913783373,0.6636230071635117,0.0916003627239821,0.14390888022360007,0.019998308203021377,0.021109698138193505,0.005686220359295668,0.9571574833456543,0.029832749856567562,0.5806617931429523,8.551664723681254,1746.682337384956,7538.709687158043,0.4572056361607143,0.006696228566901281,212.40543110515483,0.003929606923895223,118.56454542810525,0.05275320818215306,2119.291223975959
RIMONE_r2_Im208,RIM-ONE,RIMONE_r2_Im208,0,Normal,C:/Users/TRIPU/OneDrive/Documents/ML/end sem project/RIM-ONE_DL_images\RIM-ONE_DL_images\partitioned_by_hospital\training_set\normal\r2_Im208.png,C:/Users/TRIPU/.gemini/antigravity/scratch/glaucoma_detection\data\processed\RIM-ONE\normal\RIMONE_r2_Im208.png,external_test,-1,r2,partitioned_by_hospital/training_set,False,1.5209479472673555,1.1057489352006993,0.7594612449699193,0.3142967370910616,0.6863751091243975,0.09242894262591421,0.15520968300531962,0.02247249092532929,0.0245950585470008,0.006878497522438492,0.9421342391462789,0.0420495880425797,0.5473437334768794,10.063806345181131,1746.2842529686932,6367.971345911266,0.42487444196428575,0.005385973964797045,232.54682271398232,0.002977460584351698,124.54964257042232,0.050596679777590664,2557.7395270150455
RIMONE_r2_Im210,RIM-ONE,RIMONE_r2_Im210,0,Normal,C:/Users/TRIPU/OneDrive/Documents/ML/end sem project/RIM-ONE_DL_images\RIM-ONE_DL_images\partitioned_by_hospital\training_set\normal\r2_Im210.png,C:/Users/TRIPU/.gemini/antigravity/scratch/glaucoma_detection\data\processed\RIM-ONE\normal\RIMONE_r2_Im210.png,external_test,-1,r2,partitioned_by_hospital/training_set,False,1.5126750773638087,1.0969290790678698,0.7569658207138081,0.30906955861561747,0.6869859149529627,0.09024518055433597,0.16207207064350476,0.022239480019256023,0.02676195055420008,0.007120956159096027,0.939587478141665,0.04381415057178043,0.5556249956491678,10.337804336552692,1804.6644741887887,6603.451406433889,0.42775430484693877,0.004499089671404173,267.3779170736325,0.002530837578218823,145.30098247930104,0.04183538334518675,3139.3536439681493
RIMONE_r2_Im212,RIM-ONE,RIMONE_r2_Im212,0,Normal,C:/Users/TRIPU/OneDrive/Documents/ML/end sem project/RIM-ONE_DL_images\RIM-ONE_DL_images\partitioned_by_hospital\training_set\normal\r2_Im212.png,C:/Users/TRIPU/.gemini/antigravity/scratch/glaucoma_detection\data\processed\RIM-ONE\normal\RIMONE_r2_Im212.png,external_test,-1,r2,partitioned_by_hospital/training_set,False,2.116577636736553,1.4978911455468895,0.9187036530459904,0.3619449042245753,0.6410681284225863,0.09376837835602664,0.14707982250621837,0.02123307691409393,0.022083317743700526,0.00618944495561903,0.9053751286363007,0.0670105851516495,0.6057832947706264,7.456810303580241,2075.0129529332853,8612.006428481054,0.4848782286352041,0.004214425467889025,278.33414771537923,0.0025858207799130803,164.73938242510962,0.028604292770173376,2308.954585671978
RIMONE_r2_Im214,RIM-ONE,RIMONE_r2_Im214,0,Normal,C:/Users/TRIPU/OneDrive/Documents/ML/end sem project/RIM-ONE_DL_images\RIM-ONE_DL_images\partitioned_by_hospital\training_set\normal\r2_Im214.png,C:/Users/TRIPU/.gemini/antigravity/scratch/glaucoma_detection\data\processed\RIM-ONE\normal\RIMONE_r2_Im214.png,external_test,-1,r2,partitioned_by_hospital/training_set,False,0.9646830518339762,0.6572859125388393,0.6001336870162998,0.2411096951161745,0.7335316628683789,0.08380137885442303,0.19452676210362077,0.02468796289551746,0.038450156686449105,0.009446763936187609,0.9509130591644106,0.033486747564404534,0.48667966598077833,13.96714370054472,1814.4705802847266,4624.59861112446,0.3686373963647959,0.00925142839266291,143.34980759540258,0.004376288514112712,71.11506373728976,0.1319552834957425,1996.3437096946861
RIMONE_r2_Im216,RIM-ONE,RIMONE_r2_Im216,0,Normal,C:/Users/TRIPU/OneDrive/Documents/ML/end sem project/RIM-ONE_DL_images\RIM-ONE_DL_images\partitioned_by_hospital\training_set\normal\r2_Im216.png,C:/Users/TRIPU/.gemini/antigravity/scratch/glaucoma_detection\data\processed\RIM-ONE\normal\RIMONE_r2_Im216.png,external_test,-1,r2,partitioned_by_hospital/training_set,False,2.2648811877144897,1.627462888036124,0.9354570900092117,0.37918487855172334,0.6406423563294782,0.09640862255283307,0.12979978463505779,0.019642678213201255,0.01723381889869475,0.005036236100395181,0.9406147559788068,0.042774959741497094,0.6047418687484662,7.815632290891153,1643.7066844021635,8484.94533954251,0.47958685427295916,0.004531939606233002,284.92698200330676,0.002790386244195061,166.2313515153432,0.030739801208305887,2667.25749891042
RIMONE_r2_Im218,RIM-ONE,RIMONE_r2_Im218,0,Normal,C:/Users/TRIPU/OneDrive/Documents/ML/end sem project/RIM-ONE_DL_images\RIM-ONE_DL_images\partitioned_by_hospital\training_set\normal\r2_Im218.png,C:/Users/TRIPU/.gemini/antigravity/scratch/glaucoma_detection\data\processed\RIM-ONE\normal\RIMONE_r2_Im218.png,external_test,-1,r2,partitioned_by_hospital/training_set,False,0.9057296156987125,0.5745558989838255,0.5883601738686426,0.22316639713961908,0.7356170937439152,0.07947705183206695,0.20604567960183906,0.02523256398028168,0.04309150436760273,0.010241661017751626,0.934159683221476,0.04169035676267001,0.4927182663443642,13.53666417134054,2218.944544249228,4756.237812579538,0.3732810507015306,0.0055541695222666235,203.8017117408867,0.0027291546351696076,100.02617558745665,0.07316751859821657,2863.3960542771338
RIMONE_r2_Im220,RIM-ONE,RIMONE_r2_Im220,0,Normal,C:/Users/TRIPU/OneDrive/Documents/ML/end sem project/RIM-ONE_DL_images\RIM-ONE_DL_images\partitioned_by_hospital\training_set\normal\r2_Im220.png,C:/Users/TRIPU/.gemini/antigravity/scratch/glaucoma_detection\data\processed\RIM-ONE\normal\RIMONE_r2_Im220.png,external_test,-1,r2,partitioned_by_hospital/training_set,False,1.1311388033608425,0.7981842592256186,0.6379288600511893,0.25741966142960165,0.7253960255667392,0.08232725899708564,0.17031116059919296,0.020829170781315343,0.02943974578008129,0.006985951156904388,0.9681228960861975,0.022513473804433345,0.5176889833258841,13.565710101080802,1513.9436690468629,5163.647695239053,0.3807597257653061,0.00604258441725011,220.3836966376353,0.003101598368023139,112.26505436407318,0.0780134369317282,3320.4619053102756
RIMONE_r2_Im222,RIM-ONE,RIMONE_r2_Im222,0,Normal,C:/Users/TRIPU/OneDrive/Documents/ML/end sem project/RIM-ONE_DL_images\RIM-ONE_DL_images\partitioned_by_hospital\training_set\normal\r2_Im222.png,C:/Users/TRIPU/.gemini/antigravity/scratch/glaucoma_detection\data\processed\RIM-ONE\normal\RIMONE_r2_Im222.png,external_test,-1,r2,partitioned_by_hospital/training_set,False,1.827891187170416,1.4348447860053095,0.7944029312124142,0.3511999858304175,0.6870199127069077,0.09377601885542435,0.15208743893450197,0.022182001659632865,0.023622630279283813,0.006629974308489694,0.9525301786213801,0.037262649863769835,0.5633693506837781,11.523578439756204,1554.0539736770431,6468.261328221916,0.41569674744897966,0.005324518662537166,247.38833542344275,0.0029818699652013527,136.0550488436337,0.05575464137541865,3363.3029401586277
RIMONE_r2_Im224,RIM-ONE,RIMONE_r2_Im224,0,Normal,C:/Users/TRIPU/OneDrive/Documents/ML/end sem project/RIM-ONE_DL_images\RIM-ONE_DL_images\partitioned_by_hospital\training_set\normal\r2_Im224.png,C:/Users/TRIPU/.gemini/antigravity/scratch/glaucoma_detection\data\processed\RIM-ONE\normal\RIMONE_r2_Im224.png,external_test,-1,r2,partitioned_by_hospital/training_set,False,1.5449865403051923,1.0639609517820152,0.7823727397270693,0.30024980285780856,0.6751611934079212,0.08767744715175001,0.1817218101312995,0.023512962437098817,0.03357567567996448,0.008462037872052065,0.8817051493627619,0.08161630081604276,0.5684336855214569,8.587347693700051,2523.368241563903,7244.818846121662,0.4523327885841837,0.006152904249083154,188.01215006232727,0.003509649593301778,105.87017536042927,0.05122981525957271,1673.3410869731263
RIMONE_r2_Im226,RIM-ONE,RIMONE_r2_Im226,0,Normal,C:/Users/TRIPU/OneDrive/Documents/ML/end sem project/RIM-ONE_DL_images\RIM-ONE_DL_images\partitioned_by_hospital\training_set\normal\r2_Im226.png,C:/Users/TRIPU/.gemini/antigravity/scratch/glaucoma_detection\data\processed\RIM-ONE\normal\RIMONE_r2_Im226.png,external_test,-1,r2,partitioned_by_hospital/training_set,False,0.9044199962146244,0.6221015388334293,0.5745345442458969,0.23269658580840097,0.7435634924421453,0.08137054917068787,0.17090108306453858,0.022391806226021153,0.029708573178695994,0.007516025283655027,0.9643325575743598,0.02457634685097576,0.4853098725242605,15.46645729097028,1444.6916212462352,4414.453355483025,0.35642538265306123,0.005607558704757173,224.8255945542042,0.0026835806494123803,108.64081916086343,0.09003706853220726,3505.9603288269536
RIMONE_r2_Im228,RIM-ONE,RIMONE_r2_Im228,0,Normal,C:/Users/TRIPU/OneDrive/Documents/ML/end sem project/RIM-ONE_DL_images\RIM-ONE_DL_images\partitioned_by_hospital\training_set\normal\r2_Im228.png,C:/Users/TRIPU/.gemini/antigravity/scratch/glaucoma_detection\data\processed\RIM-ONE\normal\RIMONE_r2_Im228.png,external_test,-1,r2,partitioned_by_hospital/training_set,False,0.8334864765170823,0.5031306166790903,0.5536534906877901,0.19984945888467429,0.7496297308300184,0.072195018880025,0.1769033985636995,0.02030015749286204,0.03170690881762212,0.007085885904077869,0.9652060908483618,0.021170437720418968,0.48888797649218985,15.6509841650646,1554.1247450780565,4460.404357546516,0.3580994897959184,0.01081876885077969,143.85443157346225,0.005067300058651036,71.50485951942476,0.23384774550681944,1943.795810257438
RIMONE_r2_Im230,RIM-ONE,RIMONE_r2_Im230,0,Normal,C:/Users/TRIPU/OneDrive/Documents/ML/end sem project/RIM-ONE_DL_images\RIM-ONE_DL_images\partitioned_by_hospital\training_set\normal\r2_Im230.png,C:/Users/TRIPU/.gemini/antigravity/scratch/glaucoma_detection\data\processed\RIM-ONE\normal\RIMONE_r2_Im230.png,external_test,-1,r2,partitioned_by_hospital/training_set,False,0.44656662729206875,0.16732931233585358,0.3919936428685695,0.10141140189332554,0.8094444025788853,0.04431903982603219,0.2848731151082265,0.020612611597183923,0.08157757146832124,0.011632832154557873,0.9247245740863179,0.02841304708978499,0.45401135983155283,24.05809115105305,2452.73036388651,3253.200346967945,0.30148377710459184,0.005159035745435896,205.39238459471892,0.002362703594450817,92.73167183858192,0.11820937583173034,5202.52458118595
RIMONE_r2_Im232,RIM-ONE,RIMONE_r2_Im232,0,Normal,C:/Users/TRIPU/OneDrive/Documents/ML/end sem project/RIM-ONE_DL_images\RIM-ONE_DL_images\partitioned_by_hospital\training_set\normal\r2_Im232.png,C:/Users/TRIPU/.gemini/antigravity/scratch/glaucoma_detection\data\processed\RIM-ONE\normal\RIMONE_r2_Im232.png,external_test,-1,r2,partitioned_by_hospital/training_set,False,1.1583724551010266,0.7790780017744668,0.6671791878025347,0.255925166304135,0.7109481238287235,0.08321140705705578,0.16718496767950017,0.021504732175313672,0.028413266923927472,0.0070904742806065565,0.954009215058715,0.031116528376294802,0.5226051139341309,11.131544140906733,1680.6427575528367,5621.750464031305,0.4036342075892857,0.007632346610504305,174.83808842652005,0.0038843848568092944,92.1582429381321,0.08670393773051258,1980.8867993126648
RIMONE_r2_Im234,RIM-ONE,RIMONE_r2_Im234,0,Normal,C:/Users/TRIPU/OneDrive/Documents/ML/end sem project/RIM-ONE_DL_images\RIM-ONE_DL_images\partitioned_by_hospital\training_set\normal\r2_Im234.png,C:/Users/TRIPU/.gemini/antigravity/scratch/glaucoma_detection\data\processed\RIM-ONE\normal\RIMONE_r2_Im234.png,external_test,-1,r2,partitioned_by_hospital/training_set,False,1.4760557446535263,1.0605193275885445,0.7387047983197458,0.2988009468352419,0.6948698935659731,0.0873361903959358,0.16318497618151154,0.02182575486198383,0.027105700026655907,0.0070296405162417865,0.9394811290926399,0.04381996270093579,0.550890175045475,10.788828956488041,1724.0156250896277,6323.5524117834175,0.41886559311224486,0.005696298849381748,220.03792569749615,0.0031132133033440305,120.09038066160667,0.058705145250244,2562.783966647767
RIMONE_r2_Im236,RIM-ONE,RIMONE_r2_Im236,0,Normal,C:/Users/TRIPU/OneDrive/Documents/ML/end sem project/RIM-ONE_DL_images\RIM-ONE_DL_images\partitioned_by_hospital\training_set\normal\r2_Im236.png,C:/Users/TRIPU/.gemini/antigravity/scratch/glaucoma_detection\data\processed\RIM-ONE\normal\RIMONE_r2_Im236.png,external_test,-1,r2,partitioned_by_hospital/training_set,False,1.1683600700963002,0.8401447751653194,0.657344396575936,0.2728431826095135,0.7171901921059165,0.0885109534289659,0.20023190847342043,0.027825528919057263,0.0408670772305335,0.010999525754147258,0.8978284280117012,0.07334463811221026,0.5111617435487021,13.14689151675364,2233.296710177349,5199.716502848026,0.3842225366709183,0.005698246710943225,198.62365462480523,0.0029122792690999028,101.43327917030649,0.07209402513161732,2705.3007921361213
RIMONE_r2_Im238,RIM-ONE,RIMONE_r2_Im238,0,Normal,C:/Users/TRIPU/OneDrive/Documents/ML/end sem project/RIM-ONE_DL_images\RIM-ONE_DL_images\partitioned_by_hospital\training_set\normal\r2_Im238.png,C:/Users/TRIPU/.gemini/antigravity/scratch/glaucoma_detection\data\processed\RIM-ONE\normal\RIMONE_r2_Im238.png,external_test,-1,r2,partitioned_by_hospital/training_set,False,1.5812514305453391,1.109396563617544,0.7794719547796728,0.3083850464955651,0.6797825149007141,0.08874795575714432,0.15445726381046118,0.021041297085133664,0.02429978252683926,0.006426253967099378,0.9467517163864806,0.037394534217615634,0.5650150576674527,9.487751545254053,1729.177208539775,6955.057384586171,0.4395278619260204,0.005069938401692955,249.71819921073345,0.0028762198401843008,138.6767689061655,0.0442327786031318,2596.9775007230505
RIMONE_r2_Im240,RIM-ONE,RIMONE_r2_Im240,0,Normal,C:/Users/TRIPU/OneDrive/Documents/ML/end sem project/RIM-ONE_DL_images\RIM-ONE_DL_images\partitioned_by_hospital\training_set\normal\r2_Im240.png,C:/Users/TRIPU/.gemini/antigravity/scratch/glaucoma_detection\data\processed\RIM-ONE\normal\RIMONE_r2_Im240.png,external_test,-1,r2,partitioned_by_hospital/training_set,False,1.1304387497082842,0.7928462256192894,0.6467219650902513,0.2641266291074815,0.7204209234475275,0.086235619941298,0.18450150974519366,0.023891381241335073,0.03461160519587462,0.008672983805765038,0.9485482631079778,0.0360087984081262,0.5110623846902745,12.904385878982017,1903.0661447827642,5149.502260195735,0.38425243144132654,0.005928417062266522,204.82151743569744,0.0030930438829699846,101.22437269480595,0.07145248545138613,2875.883868097777
RIMONE_r2_Im242,RIM-ONE,RIMONE_r2_Im242,0,Normal,C:/Users/TRIPU/OneDrive/Documents/ML/end sem project/RIM-ONE_DL_images\RIM-ONE_DL_images\partitioned_by_hospital\training_set\normal\r2_Im242.png,C:/Users/TRIPU/.gemini/antigravity/scratch/glaucoma_detection\data\processed\RIM-ONE\normal\RIMONE_r2_Im242.png,external_test,-1,r2,partitioned_by_hospital/training_set,False,1.3388180525457107,0.9686527753028349,0.7378105206116802,0.30921546343439615,0.6859257452367237,0.09718486009082954,0.16488430696022968,0.023874102411945698,0.02775680744773131,0.007751784536130436,0.9542681419598633,0.03296365040043866,0.5388323962369018,9.869110763834014,2026.723595549748,6293.250579387148,0.4254474250637755,0.005905716968752703,212.19918673169894,0.003193085063733875,111.52041471244165,0.0553296976707731,2347.8956121112988
RIMONE_r2_Im244,RIM-ONE,RIMONE_r2_Im244,0,Normal,C:/Users/TRIPU/OneDrive/Documents/ML/end sem project/RIM-ONE_DL_images\RIM-ONE_DL_images\partitioned_by_hospital\training_set\normal\r2_Im244.png,C:/Users/TRIPU/.gemini/antigravity/scratch/glaucoma_detection\data\processed\RIM-ONE\normal\RIMONE_r2_Im244.png,external_test,-1,r2,partitioned_by_hospital/training_set,False,2.094128023852562,1.4789569668215685,0.899320158258501,0.35565076931606726,0.6486056294585079,0.09278279465347714,0.14779484783417599,0.021201096853549577,0.022292803554120822,0.0062041088391164,0.9147703016995354,0.060228832835873415,0.5968649965599437,7.763928635232418,2019.6130080849896,8210.177082583807,0.4749033402423469,0.004286133672019045,277.6573783978528,0.0026072775295629845,160.82554020623542,0.03031327423978904,2411.1834351818393
RIMONE_r2_Im246,RIM-ONE,RIMONE_r2_Im246,0,Normal,C:/Users/TRIPU/OneDrive/Documents/ML/end sem project/RIM-ONE_DL_images\RIM-ONE_DL_images\partitioned_by_hospital\training_set\normal\r2_Im246.png,C:/Users/TRIPU/.gemini/antigravity/scratch/glaucoma_detection\data\processed\RIM-ONE\normal\RIMONE_r2_Im246.png,external_test,-1,r2,partitioned_by_hospital/training_set,False,1.2154380382890235,0.8117374670433704,0.6748423961448027,0.25599061712585314,0.7105124866248366,0.08130053985835062,0.1853288603845007,0.023012538887559983,0.03487636343746922,0.008435303184750003,0.9340982485995067,0.044019946526088566,0.5307238015478454,11.45069107463766,2055.336188325931,5775.04813849004,0.4052136479591837,0.0069854177372943305,174.94276783060795,0.003672007187781591,92.92614628947719,0.08017149880303695,2041.3236886434256
RIMONE_r2_Im248,RIM-ONE,RIMONE_r2_Im248,0,Normal,C:/Users/TRIPU/OneDrive/Documents/ML/end sem project/RIM-ONE_DL_images\RIM-ONE_DL_images\partitioned_by_hospital\training_set\normal\r2_Im248.png,C:/Users/TRIPU/.gemini/antigravity/scratch/glaucoma_detection\data\processed\RIM-ONE\normal\RIMONE_r2_Im248.png,external_test,-1,r2,partitioned_by_hospital/training_set,False,1.951406280881648,1.4267340393726111,0.8485518592612499,0.34403178609586743,0.6664413506040895,0.09056098388085265,0.13853858730904964,0.018835287388795398,0.019547708224605692,0.005167579090149073,0.9681835346278514,0.023280588271474396,0.5791216133808412,9.067910087483504,1411.1638166118082,7378.166727602362,0.44993124202806123,0.007799922818366931,221.7724760965361,0.004335180636996031,127.07753805022705,0.0748423184235666,2210.2763865825423
RIMONE_r2_Im250,RIM-ONE,RIMONE_r2_Im250,0,Normal,C:/Users/TRIPU/OneDrive/Documents/ML/end sem project/RIM-ONE_DL_images\RIM-ONE_DL_images\partitioned_by_hospital\training_set\normal\r2_Im250.png,C:/Users/TRIPU/.gemini/antigravity/scratch/glaucoma_detection\data\processed\RIM-ONE\normal\RIMONE_r2_Im250.png,external_test,-1,r2,partitioned_by_hospital/training_set,False,0.7694164942327301,0.47091923894444365,0.5374946308015952,0.20196186585004555,0.7536449205355588,0.07556796797817207,0.20996598799253485,0.024494614795426566,0.04468570226765763,0.010117113517514202,0.9548824948084844,0.027588103077221635,0.4733814934712808,15.959042481899688,1958.7014333366537,4178.232132349857,0.3498385682397959,0.007983357967099812,152.79777958424268,0.003753568916928207,72.04542237800939,0.12708449283862783,2510.0940846215262
RIMONE_r2_Im252,RIM-ONE,RIMONE_r2_Im252,0,Normal,C:/Users/TRIPU/OneDrive/Documents/ML/end sem project/RIM-ONE_DL_images\RIM-ONE_DL_images\partitioned_by_hospital\training_set\normal\r2_Im252.png,C:/Users/TRIPU/.gemini/antigravity/scratch/glaucoma_detection\data\processed\RIM-ONE\normal\RIMONE_r2_Im252.png,external_test,-1,r2,partitioned_by_hospital/training_set,False,1.0322344688183733,0.7487553671291773,0.6235085619996237,0.25907343168054914,0.7261544444360893,0.08632033935350426,0.17872675254038786,0.02445255004958902,0.0325411792775607,0.008574112571363132,0.9523499872809924,0.03446252805183851,0.5074478238318603,13.603201239679557,1880.0188462906467,5058.101885526392,0.3795838647959184,0.006031017891736673,199.17141436594076,0.0030582363382485787,99.43062594188703,0.07691749215802807,3049.2294947422733
RIMONE_r2_Im254,RIM-ONE,RIMONE_r2_Im254,0,Normal,C:/Users/TRIPU/OneDrive/Documents/ML/end sem project/RIM-ONE_DL_images\RIM-ONE_DL_images\partitioned_by_hospital\training_set\normal\r2_Im254.png,C:/Users/TRIPU/.gemini/antigravity/scratch/glaucoma_detection\data\processed\RIM-ONE\normal\RIMONE_r2_Im254.png,external_test,-1,r2,partitioned_by_hospital/training_set,False,1.5102734743347852,1.0390954493784903,0.7610386870505929,0.29673519282466604,0.6847658242859448,0.08743409535809717,0.17596941011421627,0.023897024263048506,0.03153630106457397,0.008331662855565254,0.9021707752657107,0.06712638122060731,0.5592679649751017,9.856371286422213,2275.20281317865,6727.863855136933,0.43312539859693877,0.004604111614461722,245.309301599521,0.002580578955637771,135.938844830241,0.043374379955776324,2556.506811396687
RIMONE_r3_N-1-L_left_half,RIM-ONE,RIMONE_r3_N-1-L_left_half,0,Normal,C:/Users/TRIPU/OneDrive/Documents/ML/end sem project/RIM-ONE_DL_images\RIM-ONE_DL_images\partitioned_by_hospital\training_set\normal\r3_N-1-L_left_half.png,C:/Users/TRIPU/.gemini/antigravity/scratch/glaucoma_detection\data\processed\RIM-ONE\normal\RIMONE_r3_N-1-L_left_half.png,external_test,-1,r3,partitioned_by_hospital/training_set,False,1.4661378383724186,1.0246199906976101,0.6969988548097307,0.2650965046507267,0.7148619516991005,0.0746443035432533,0.21444700055117505,0.019263444311786157,0.04635859633214897,0.008167047489677087,0.9649123218183057,0.024463408333383146,0.5500911895209439,12.057491051355399,1772.684467781338,5960.517837656538,0.4023337850765306,0.012340197313676145,144.45884189467824,0.006364212654441407,82.87174930660441,0.1732950092472564,1509.8653460503135
RIMONE_r3_N-10-R_left_half,RIM-ONE,RIMONE_r3_N-10-R_left_half,0,Normal,C:/Users/TRIPU/OneDrive/Documents/ML/end sem project/RIM-ONE_DL_images\RIM-ONE_DL_images\partitioned_by_hospital\training_set\normal\r3_N-10-R_left_half.png,C:/Users/TRIPU/.gemini/antigravity/scratch/glaucoma_detection\data\processed\RIM-ONE\normal\RIMONE_r3_N-10-R_left_half.png,external_test,-1,r3,partitioned_by_hospital/training_set,False,0.7852048638483278,0.4595344848663504,0.5238700109520663,0.18209204015866629,0.7628484213133421,0.0655827422056407,0.225904368201738,0.02198528128465064,0.05151613616579163,0.009771576483221474,0.9625674336421767,0.02189814653140437,0.4990990189951121,17.889383076673028,1688.8160376046537,4340.862117314182,0.3454689492984694,0.020504975750691976,85.23759123641959,0.009748960731048448,44.52248301969469,0.46017608629679346,1159.6370361993365
RIMONE_r3_N-11-L_left_half,RIM-ONE,RIMONE_r3_N-11-L_left_half,0,Normal,C:/Users/TRIPU/OneDrive/Documents/ML/end sem project/RIM-ONE_DL_images\RIM-ONE_DL_images\partitioned_by_hospital\training_set\normal\r3_N-11-L_left_half.png,C:/Users/TRIPU/.gemini/antigravity/scratch/glaucoma_detection\data\processed\RIM-ONE\normal\RIMONE_r3_N-11-L_left_half.png,external_test,-1,r3,partitioned_by_hospital/training_set,False,0.782744192392685,0.46423434521419127,0.5011578584345212,0.17378033887719116,0.7746553976877172,0.06190163593201959,0.2570441347417614,0.022163704689523275,0.0665629170107052,0.01123330487275481,0.9602699035799911,0.023470004778718113,0.48141059768746425,19.826612049660866,1834.2693606857167,3876.8619589749533,0.3278260522959184,0.03133613916664009,65.18786321632876,0.014059323255015322,34.35008918041861,0.8080107580835687,858.8153090830582
RIMONE_r3_N-12-R_left_half,RIM-ONE,RIMONE_r3_N-12-R_left_half,0,Normal,C:/Users/TRIPU/OneDrive/Documents/ML/end sem project/RIM-ONE_DL_images\RIM-ONE_DL_images\partitioned_by_hospital\training_set\normal\r3_N-12-R_left_half.png,C:/Users/TRIPU/.gemini/antigravity/scratch/glaucoma_detection\data\processed\RIM-ONE\normal\RIMONE_r3_N-12-R_left_half.png,external_test,-1,r3,partitioned_by_hospital/training_set,False,0.7524330008240655,0.43790232083162384,0.4744979993091489,0.15924187966155598,0.7865290059019254,0.057330860411094225,0.2635121240870582,0.020459048104867848,0.06985721219023049,0.010646705058526426,0.9608554711948485,0.022659803337164084,0.4811794891143458,25.20009555117524,1660.0904834964583,3679.986572956148,0.3123007015306123,0.04267196847270747,58.81345451782456,0.019693433370851127,32.83104834251522,1.6365001246420343,752.3240292229766
RIMONE_r3_N-13-L_left_half,RIM-ONE,RIMONE_r3_N-13-L_left_half,0,Normal,C:/Users/TRIPU/OneDrive/Documents/ML/end sem project/RIM-ONE_DL_images\RIM-ONE_DL_images\partitioned_by_hospital\training_set\normal\r3_N-13-L_left_half.png,C:/Users/TRIPU/.gemini/antigravity/scratch/glaucoma_detection\data\processed\RIM-ONE\normal\RIMONE_r3_N-13-L_left_half.png,external_test,-1,r3,partitioned_by_hospital/training_set,False,0.7228340140451932,0.4615124427733825,0.48155699144314723,0.18627579300021102,0.7818090390178015,0.06807518641790769,0.25261042077956347,0.023710396569744958,0.0643742075919227,0.011756231782003034,0.9791877394799487,0.013215905451491162,0.46746693796091365,24.237596816245876,1613.991126355375,3479.973281518858,0.3080905213647959,0.031461396743044524,82.48823186829806,0.01380925578377716,41.87264253664857,1.0242706877512506,1222.3848443211375
RIMONE_r3_N-14-R_left_half,RIM-ONE,RIMONE_r3_N-14-R_left_half,0,Normal,C:/Users/TRIPU/OneDrive/Documents/ML/end sem project/RIM-ONE_DL_images\RIM-ONE_DL_images\partitioned_by_hospital\training_set\normal\r3_N-14-R_left_half.png,C:/Users/TRIPU/.gemini/antigravity/scratch/glaucoma_detection\data\processed\RIM-ONE\normal\RIMONE_r3_N-14-R_left_half.png,external_test,-1,r3,partitioned_by_hospital/training_set,False,2.4378365342119444,1.7882768467802694,0.9654025110862388,0.39717856922655315,0.6343440156921715,0.09768870609705335,0.12602226218504844,0.018595829014200208,0.016227415422962462,0.004616318641429321,0.9576399675797456,0.031050524317238808,0.6076361510076713,7.213426887408994,1453.9179014668725,8706.033887762333,0.48876454878826536,0.007217016739433644,228.0012332247568,0.004212398971790645,139.5071042373744,0.05524190425632069,1749.242873425792
RIMONE_r3_N-16-R_left_half,RIM-ONE,RIMONE_r3_N-16-R_left_half,0,Normal,C:/Users/TRIPU/OneDrive/Documents/ML/end sem project/RIM-ONE_DL_images\RIM-ONE_DL_images\partitioned_by_hospital\training_set\normal\r3_N-16-R_left_half.png,C:/Users/TRIPU/.gemini/antigravity/scratch/glaucoma_detection\data\processed\RIM-ONE\normal\RIMONE_r3_N-16-R_left_half.png,external_test,-1,r3,partitioned_by_hospital/training_set,False,2.2273061168665627,1.7150939985018872,0.9179980765282553,0.3725634626587063,0.6451921670640322,0.09156580757677184,0.14254812934237981,0.018358183986215935,0.0206569920982836,0.005170333551286887,0.9680425177834686,0.024610407687185087,0.6060647098160115,7.4808043750224344,1572.5834137194256,8593.042251943005,0.483527981505102,0.007808081391547253,226.97628260441087,0.004541681829565592,136.90898521921758,0.058100879867139216,1989.484917064763
RIMONE_r3_N-17-L_left_half,RIM-ONE,RIMONE_r3_N-17-L_left_half,0,Normal,C:/Users/TRIPU/OneDrive/Documents/ML/end sem project/RIM-ONE_DL_images\RIM-ONE_DL_images\partitioned_by_hospital\training_set\normal\r3_N-17-L_left_half.png,C:/Users/TRIPU/.gemini/antigravity/scratch/glaucoma_detection\data\processed\RIM-ONE\normal\RIMONE_r3_N-17-L_left_half.png,external_test,-1,r3,partitioned_by_hospital/training_set,False,1.2402089152818452,0.8166988563497033,0.6429742573628059,0.23127995479835034,0.7284059267527501,0.07083968681693002,0.2022464118913545,0.021185190717039185,0.04135242342864473,0.008465193581802142,0.9646594195365977,0.02316396594022399,0.5285155959888603,13.31498164442928,1770.3004046328124,5369.853982988515,0.3861607142857143,0.020864396450000572,99.94551433030347,0.010133763084025402,56.498286996201585,0.39643900490835215,1023.860704019104
RIMONE_r3_N-18-R_left_half,RIM-ONE,RIMONE_r3_N-18-R_left_half,0,Normal,C:/Users/TRIPU/OneDrive/Documents/ML/end sem project/RIM-ONE_DL_images\RIM-ONE_DL_images\partitioned_by_hospital\training_set\normal\r3_N-18-R_left_half.png,C:/Users/TRIPU/.gemini/antigravity/scratch/glaucoma_detection\data\processed\RIM-ONE\normal\RIMONE_r3_N-18-R_left_half.png,external_test,-1,r3,partitioned_by_hospital/training_set,False,1.9676509395953017,1.373044359729228,0.8563780965691175,0.33113035264768104,0.6620355860403325,0.08805024264118053,0.14526822191734662,0.01980319955533832,0.021495023011656025,0.005675252265984796,0.9466091184163283,0.03707676707940405,0.5864073988543992,8.212885390483947,1744.615049238969,7730.394007732746,0.4628806600765306,0.011804879660012167,146.76734950480216,0.006403891904727434,88.14320677758589,0.1298594254397179,1121.723045516256
RIMONE_r3_N-2-R_left_half,RIM-ONE,RIMONE_r3_N-2-R_left_half,0,Normal,C:/Users/TRIPU/OneDrive/Documents/ML/end sem project/RIM-ONE_DL_images\RIM-ONE_DL_images\partitioned_by_hospital\training_set\normal\r3_N-2-R_left_half.png,C:/Users/TRIPU/.gemini/antigravity/scratch/glaucoma_detection\data\processed\RIM-ONE\normal\RIMONE_r3_N-2-R_left_half.png,external_test,-1,r3,partitioned_by_hospital/training_set,False,0.9656212670328234,0.6247379435491187,0.5638065052638037,0.20706821082964544,0.754122785754678,0.06773651791859485,0.2155627746245341,0.020223366546165283,0.04687629435828824,0.008583507881683643,0.9657849165425009,0.022093331530095923,0.5148554719828754,17.355761397944228,1581.723865118003,4645.853555611384,0.35292769451530615,0.01895807465118083,99.64759887789192,0.009183544639081965,54.17939140835334,0.45304554787571183,1237.3453832706698
RIMONE_r3_N-20-R_left_half,RIM-ONE,RIMONE_r3_N-20-R_left_half,0,Normal,C:/Users/TRIPU/OneDrive/Documents/ML/end sem project/RIM-ONE_DL_images\RIM-ONE_DL_images\partitioned_by_hospital\training_set\normal\r3_N-20-R_left_half.png,C:/Users/TRIPU/.gemini/antigravity/scratch/glaucoma_detection\data\processed\RIM-ONE\normal\RIMONE_r3_N-20-R_left_half.png,external_test,-1,r3,partitioned_by_hospital/training_set,False,2.2061934817346125,1.606297191852006,0.9368250990485327,0.3765770099287362,0.6365958978774106,0.0948077226227278,0.14687723023789143,0.021092561694281003,0.022017816921181616,0.006118341231278601,0.8995274437945849,0.07335599820448542,0.6110258403234563,6.954731101469587,2079.3866111491334,8840.303079888965,0.4926060267857143,0.005559086826567153,222.70939800319317,0.0033960232304014702,134.38545911857972,0.03803820530149696,1612.6719137680113
RIMONE_r3_N-21-L_left_half,RIM-ONE,RIMONE_r3_N-21-L_left_half,0,Normal,C:/Users/TRIPU/OneDrive/Documents/ML/end sem project/RIM-ONE_DL_images\RIM-ONE_DL_images\partitioned_by_hospital\training_set\normal\r3_N-21-L_left_half.png,C:/Users/TRIPU/.gemini/antigravity/scratch/glaucoma_detection\data\processed\RIM-ONE\normal\RIMONE_r3_N-21-L_left_half.png,external_test,-1,r3,partitioned_by_hospital/training_set,False,0.5028026781500275,0.23444638908991305,0.3937964032606371,0.1200289641268339,0.8137609467654779,0.04904042466931371,0.3186205875169216,0.023609742523166947,0.1020764987316386,0.014849892633833477,0.913000865975346,0.04058437645792392,0.4541324585147089,30.139201443193993,2375.3493376717347,2965.045421221194,0.2806819993622449,0.04107992842542455,35.398885248132004,0.018489695488376347,16.51676434937779,1.4424207372333946,864.764776952162
RIMONE_r3_N-22-R_left_half,RIM-ONE,RIMONE_r3_N-22-R_left_half,0,Normal,C:/Users/TRIPU/OneDrive/Documents/ML/end sem project/RIM-ONE_DL_images\RIM-ONE_DL_images\partitioned_by_hospital\training_set\normal\r3_N-22-R_left_half.png,C:/Users/TRIPU/.gemini/antigravity/scratch/glaucoma_detection\data\processed\RIM-ONE\normal\RIMONE_r3_N-22-R_left_half.png,external_test,-1,r3,partitioned_by_hospital/training_set,False,0.48093074661796903,0.23180498966437765,0.37149057990462914,0.1130083598899064,0.8248396727721768,0.04520352870811684,0.29024930193773524,0.019624651336822847,0.08462978421543443,0.011258213966512963,0.9289553702927521,0.03429823625650984,0.4624577147360242,38.540187446771704,2064.3353794489144,2880.6682378988107,0.2677026865433673,0.043213247800565194,38.44145931040596,0.02112214996345667,18.218265725176334,2.51707223236654,994.022889141149
RIMONE_r3_N-23-L_left_half,RIM-ONE,RIMONE_r3_N-23-L_left_half,0,Normal,C:/Users/TRIPU/OneDrive/Documents/ML/end sem project/RIM-ONE_DL_images\RIM-ONE_DL_images\partitioned_by_hospital\training_set\normal\r3_N-23-L_left_half.png,C:/Users/TRIPU/.gemini/antigravity/scratch/glaucoma_detection\data\processed\RIM-ONE\normal\RIMONE_r3_N-23-L_left_half.png,external_test,-1,r3,partitioned_by_hospital/training_set,False,1.768107599591575,1.262460266555466,0.7897824084796795,0.3138847880632814,0.6851705339879537,0.08543661392696454,0.16309867116368085,0.01951556841671898,0.02698203394598614,0.006268403655102806,0.9548433703607305,0.03221228733846474,0.5693300128343002,10.14941267163043,1539.5560760774983,6837.701820332514,0.4319644850127551,0.0093862715260072,168.98966462442323,0.005039748336363821,98.47633840128029,0.11559951741658668,1561.367683243138
RIMONE_r3_N-24-R_left_half,RIM-ONE,RIMONE_r3_N-24-R_left_half,0,Normal,C:/Users/TRIPU/OneDrive/Documents/ML/end sem project/RIM-ONE_DL_images\RIM-ONE_DL_images\partitioned_by_hospital\training_set\normal\r3_N-24-R_left_half.png,C:/Users/TRIPU/.gemini/antigravity/scratch/glaucoma_detection\data\processed\RIM-ONE\normal\RIMONE_r3_N-24-R_left_half.png,external_test,-1,r3,partitioned_by_hospital/training_set,False,0.5849933883767472,0.3141540943559627,0.42874094339766056,0.1459771073820846,0.8005292927631529,0.057268486303359525,0.25014297621084197,0.02205118156303869,0.06305776315594395,0.010832194209862053,0.9600503799294328,0.021417533329759934,0.45730481589827776,28.486518738833595,1611.0433441343907,3170.78497048777,0.29324776785714285,0.03018554776209279,59.2700353096149,0.013395754083180701,28.501667122316064,1.2618552702517856,1144.0267876839305
RIMONE_r3_N-25-L_left_half,RIM-ONE,RIMONE_r3_N-25-L_left_half,0,Normal,C:/Users/TRIPU/OneDrive/Documents/ML/end sem project/RIM-ONE_DL_images\RIM-ONE_DL_images\partitioned_by_hospital\training_set\normal\r3_N-25-L_left_half.png,C:/Users/TRIPU/.gemini/antigravity/scratch/glaucoma_detection\data\processed\RIM-ONE\normal\RIMONE_r3_N-25-L_left_half.png,external_test,-1,r3,partitioned_by_hospital/training_set,False,1.398765079091306,0.9907580456327847,0.738728405935562,0.2950540394487846,0.6889498612906059,0.08962121133831823,0.14514326541202555,0.01910973384336279,0.02143174942202986,0.00544909212482038,0.9721992145146313,0.01972023394604325,0.5542175215014253,9.81835252307918,1428.486962828345,6572.822976822745,0.4305444834183674,0.006631334610937467,230.5906533411686,0.0036347917373196017,126.0041503736997,0.06410309783105755,2541.687833825036
RIMONE_r3_N-26-R_left_half,RIM-ONE,RIMONE_r3_N-26-R_left_half,0,Normal,C:/Users/TRIPU/OneDrive/Documents/ML/end sem project/RIM-ONE_DL_images\RIM-ONE_DL_images\partitioned_by_hospital\training_set\normal\r3_N-26-R_left_half.png,C:/Users/TRIPU/.gemini/antigravity/scratch/glaucoma_detection\data\processed\RIM-ONE\normal\RIMONE_r3_N-26-R_left_half.png,external_test,-1,r3,partitioned_by_hospital/training_set,False,2.0836514888089694,1.4751642128826334,0.8937863271717323,0.3517263281366992,0.650994059951957,0.09089888192230713,0.13558814204146769,0.018647668853930797,0.018731879815943073,0.004984574744985374,0.9565212530775602,0.030857950415917008,0.5999850276451545,7.73485696854277,1533.2699192794848,8264.635741778022,0.47573541135204084,0.007246754144757347,217.99193795441516,0.004235085567786297,130.83626959709278,0.05636253921309475,1800.6822710239612
RIMONE_r3_N-27-L_left_half,RIM-ONE,RIMONE_r3_N-27-L_left_half,0,Normal,C:/Users/TRIPU/OneDrive/Documents/ML/end sem project/RIM-ONE_DL_images\RIM-ONE_DL_images\partitioned_by_hospital\training_set\normal\r3_N-27-L_left_half.png,C:/Users/TRIPU/.gemini/antigravity/scratch/glaucoma_detection\data\processed\RIM-ONE\normal\RIMONE_r3_N-27-L_left_half.png,external_test,-1,r3,partitioned_by_hospital/training_set,False,2.135624741453538,1.4955498132454537,0.905511778041508,0.3525513512649525,0.6481282175563617,0.09019677583643555,0.13203280446678192,0.018441948865444147,0.017772766933319126,0.00480952786285643,0.9502780353768556,0.03487893202818475,0.6008537193703735,7.538118157419083,1567.9151203290066,8381.232409167675,0.47984594228316324,0.007103079901388634,213.5210453983981,0.0041553532829757085,127.38316792385534,0.055472977875197865,1713.611814747647
RIMONE_r3_N-28-R_left_half,RIM-ONE,RIMONE_r3_N-28-R_left_half,0,Normal,C:/Users/TRIPU/OneDrive/Documents/ML/end sem project/RIM-ONE_DL_images\RIM-ONE_DL_images\partitioned_by_hospital\training_set\normal\r3_N-28-R_left_half.png,C:/Users/TRIPU/.gemini/antigravity/scratch/glaucoma_detection\data\processed\RIM-ONE\normal\RIMONE_r3_N-28-R_left_half.png,external_test,-1,r3,partitioned_by_hospital/training_set,False,2.120358704397028,1.506374688979349,0.8985074304174164,0.35856800060959354,0.650006605754529,0.0933289215105847,0.1430538326566704,0.020366839863600758,0.02087920720379222,0.005742762062980284,0.9437328291744743,0.04002565162021469,0.5931379655376792,7.697800617584269,1742.8086791072712,8076.728351477896,0.47361288265306123,0.007749520034435409,190.42686516639048,0.0045168051807651394,111.9793284115115,0.060839967932945854,1561.5596929305218
RIMONE_r3_N-29-L_left_half,RIM-ONE,RIMONE_r3_N-29-L_left_half,0,Normal,C:/Users/TRIPU/OneDrive/Documents/ML/end sem project/RIM-ONE_DL_images\RIM-ONE_DL_images\partitioned_by_hospital\training_set\normal\r3_N-29-L_left_half.png,C:/Users/TRIPU/.gemini/antigravity/scratch/glaucoma_detection\data\processed\RIM-ONE\normal\RIMONE_r3_N-29-L_left_half.png,external_test,-1,r3,partitioned_by_hospital/training_set,False,1.294148744534676,0.8705035971534779,0.6925124819613916,0.26672395294877266,0.7069185125778182,0.0825561888268529,0.16831299070309735,0.020945629866587673,0.02876798224992902,0.006926842159976894,0.9553144164390104,0.030135565741647132,0.5401303540592426,11.014222475774684,1677.7647635290095,5929.082866933449,0.40921456473214285,0.006803852018622169,195.91772041803705,0.003626700058383156,105.3907935013212,0.0761285231807924,2198.6558564103984
RIMONE_r3_N-3-L_left_half,RIM-ONE,RIMONE_r3_N-3-L_left_half,0,Normal,C:/Users/TRIPU/OneDrive/Documents/ML/end sem project/RIM-ONE_DL_images\RIM-ONE_DL_images\partitioned_by_hospital\training_set\normal\r3_N-3-L_left_half.png,C:/Users/TRIPU/.gemini/antigravity/scratch/glaucoma_detection\data\processed\RIM-ONE\normal\RIMONE_r3_N-3-L_left_half.png,external_test,-1,r3,partitioned_by_hospital/training_set,False,1.585457863948953,1.0704584272528308,0.7920810916204113,0.29634360432458584,0.6726413459713524,0.08549489671693344,0.172788461906994,0.022069541248817392,0.03034291721911798,0.007521715513822548,0.9245607248553175,0.050805495768914785,0.573479243915737,8.232338016480517,2188.396615028435,7416.9742750135865,0.45849609375,0.010153431872923313,134.9503752918706,0.005633574004330267,79.06616134104961,0.0880743167226834,1073.4892579315997
RIMONE_r3_N-30-R_left_half,RIM-ONE,RIMONE_r3_N-30-R_left_half,0,Normal,C:/Users/TRIPU/OneDrive/Documents/ML/end sem project/RIM-ONE_DL_images\RIM-ONE_DL_images\partitioned_by_hospital\training_set\normal\r3_N-30-R_left_half.png,C:/Users/TRIPU/.gemini/antigravity/scratch/glaucoma_detection\data\processed\RIM-ONE\normal\RIMONE_r3_N-30-R_left_half.png,external_test,-1,r3,partitioned_by_hospital/training_set,False,0.8716803587696415,0.5136828879131868,0.5796191940176924,0.20366497512344628,0.7381321669787159,0.07282993934518046,0.19608217360325983,0.02221281372426398,0.038941627898527766,0.008557428725719456,0.9504578355654251,0.029228998579170138,0.5102991991064012,13.12915373496127,1965.504211396174,5023.928696744953,0.379947584502551,0.006207007466942905,191.8167325197204,0.003152646348715312,97.64091421466571,0.08204680331306968,2520.7318331147494
RIMONE_r3_N-31-L_left_half,RIM-ONE,RIMONE_r3_N-31-L_left_half,0,Normal,C:/Users/TRIPU/OneDrive/Documents/ML/end sem project/RIM-ONE_DL_images\RIM-ONE_DL_images\partitioned_by_hospital\training_set\normal\r3_N-31-L_left_half.png,C:/Users/TRIPU/.gemini/antigravity/scratch/glaucoma_detection\data\processed\RIM-ONE\normal\RIMONE_r3_N-31-L_left_half.png,external_test,-1,r3,partitioned_by_hospital/training_set,False,1.832561793488761,1.2623105209237884,0.8425338426135865,0.3183071975828103,0.6621952317032406,0.08608774740902488,0.16548903098293308,0.021391099880763688,0.02784419852977899,0.006997030426097063,0.9284624165370673,0.04922542527229981,0.5889428162578787,8.002986392608125,2120.4322342172945,7894.840539155174,0.46774354272959184,0.010342403093747243,139.84993075579825,0.005932281767809707,83.886020657945,0.08505785837957622,1100.6949822686406
RIMONE_r3_N-32-R_left_half,RIM-ONE,RIMONE_r3_N-32-R_left_half,0,Normal,C:/Users/TRIPU/OneDrive/Documents/ML/end sem project/RIM-ONE_DL_images\RIM-ONE_DL_images\partitioned_by_hospital\training_set\normal\r3_N-32-R_left_half.png,C:/Users/TRIPU/.gemini/antigravity/scratch/glaucoma_detection\data\processed\RIM-ONE\normal\RIMONE_r3_N-32-R_left_half.png,external_test,-1,r3,partitioned_by_hospital/training_set,False,1.908348935627024,1.3002778119728549,0.8421976160068323,0.31874703628404527,0.667142119569796,0.0846190669330182,0.14190902103435843,0.01911901941312344,0.020503707154249377,0.005349041084082788,0.9477813357033386,0.035536643663877605,0.5929449356671123,8.834220311200845,1605.4841182324592,7764.853257319901,0.45809749681122447,0.012758616889776395,139.92953794417966,0.006949488056065969,85.18467544184536,0.15766342761946137,1107.2907840052337
RIMONE_r3_N-33-L_left_half,RIM-ONE,RIMONE_r3_N-33-L_left_half,0,Normal,C:/Users/TRIPU/OneDrive/Documents/ML/end sem project/RIM-ONE_DL_images\RIM-ONE_DL_images\partitioned_by_hospital\training_set\normal\r3_N-33-L_left_half.png,C:/Users/TRIPU/.gemini/antigravity/scratch/glaucoma_detection\data\processed\RIM-ONE\normal\RIMONE_r3_N-33-L_left_half.png,external_test,-1,r3,partitioned_by_hospital/training_set,False,1.6246148412779124,1.1677680652770253,0.7523117898453396,0.3044095747251552,0.6956867771255295,0.08595280057232182,0.17891365824978525,0.021438261073118112,0.032469696146160125,0.00754448484220479,0.9653258313521325,0.024837715658436288,0.5545445585645994,10.954314120644888,1572.1097724702033,6311.325893134839,0.4164789939413266,0.01492669427223939,137.97401105006858,0.007532895747293761,81.60316274523322,0.20426721409445697,1229.7806886278152
RIMONE_r3_N-34-R_left_half,RIM-ONE,RIMONE_r3_N-34-R_left_half,0,Normal,C:/Users/TRIPU/OneDrive/Documents/ML/end sem project/RIM-ONE_DL_images\RIM-ONE_DL_images\partitioned_by_hospital\training_set\normal\r3_N-34-R_left_half.png,C:/Users/TRIPU/.gemini/antigravity/scratch/glaucoma_detection\data\processed\RIM-ONE\normal\RIMONE_r3_N-34-R_left_half.png,external_test,-1,r3,partitioned_by_hospital/training_set,False,1.1648678546044933,0.8083645861178294,0.637075724430364,0.25418523034984947,0.7277781698977219,0.08086248184027173,0.18738491099549945,0.02177940345649312,0.03558744728371196,0.008020037754516575,0.9704310685989516,0.020450532193493475,0.5214430729770427,14.205683222082603,1482.364448984301,5155.995941559223,0.3770727040816326,0.018643177035561773,112.44707110898337,0.008963147441438361,61.563787160466944,0.3574974288503854,1265.1436546741602
RIMONE_r3_N-35-L_left_half,RIM-ONE,RIMONE_r3_N-35-L_left_half,0,Normal,C:/Users/TRIPU/OneDrive/Documents/ML/end sem project/RIM-ONE_DL_images\RIM-ONE_DL_images\partitioned_by_hospital\training_set\normal\r3_N-35-L_left_half.png,C:/Users/TRIPU/.gemini/antigravity/scratch/glaucoma_detection\data\processed\RIM-ONE\normal\RIMONE_r3_N-35-L_left_half.png,external_test,-1,r3,partitioned_by_hospital/training_set,False,1.0773904832675771,0.6976307081473394,0.635122828524211,0.23511316664333506,0.7226435621297852,0.0772748064017619,0.1811630980424281,0.020337852806693323,0.033233696349117145,0.007260376921625356,0.974297285069431,0.016610768727112552,0.5223431485761267,12.041961927114654,1592.617803642362,5434.489562210459,0.394287109375,0.014060083436771386,132.57194346938203,0.007001822661012019,70.89611329880829,0.19740198493550726,1428.4152212661827
RIMONE_r3_N-36-R_left_half,RIM-ONE,RIMONE_r3_N-36-R_left_half,0,Normal,C:/Users/TRIPU/OneDrive/Documents/ML/end sem project/RIM-ONE_DL_images\RIM-ONE_DL_images\partitioned_by_hospital\training_set\normal\r3_N-36-R_left_half.png,C:/Users/TRIPU/.gemini/antigravity/scratch/glaucoma_detection\data\processed\RIM-ONE\normal\RIMONE_r3_N-36-R_left_half.png,external_test,-1,r3,partitioned_by_hospital/training_set,False,1.4930254336005284,1.082428589651303,0.7402134589152948,0.29639527720097275,0.6940868163672413,0.08598201499339236,0.16374923124678403,0.021087459329578277,0.027258491674889366,0.006799205220888814,0.9666591117108948,0.024111095341358524,0.5530318339871324,10.377183430462253,1604.5920267061847,6369.6284782749935,0.42184510522959184,0.011554787705767604,150.65547518496524,0.006050600042401953,84.49253037343075,0.13244670549182638,1574.4961275897892
RIMONE_r3_N-37-L_left_half,RIM-ONE,RIMONE_r3_N-37-L_left_half,0,Normal,C:/Users/TRIPU/OneDrive/Documents/ML/end sem project/RIM-ONE_DL_images\RIM-ONE_DL_images\partitioned_by_hospital\training_set\normal\r3_N-37-L_left_half.png,C:/Users/TRIPU/.gemini/antigravity/scratch/glaucoma_detection\data\processed\RIM-ONE\normal\RIMONE_r3_N-37-L_left_half.png,external_test,-1,r3,partitioned_by_hospital/training_set,False,0.8590672085003589,0.47986725008060455,0.5680541484638103,0.18786446144723332,0.7436256213035509,0.06691753525254565,0.21358882432397422,0.023038972750874895,0.04615098014151309,0.009694236278091713,0.9234425655718587,0.042803582124084194,0.5105396015338736,13.293224957255518,2290.9290775887457,4958.060833672737,0.37691326530612246,0.011041532490082004,111.42385538681931,0.0055736187338767075,57.33798886998725,0.15319853858051302,1429.0628642910337
RIMONE_r3_N-38-R_left_half,RIM-ONE,RIMONE_r3_N-38-R_left_half,0,Normal,C:/Users/TRIPU/OneDrive/Documents/ML/end sem project/RIM-ONE_DL_images\RIM-ONE_DL_images\partitioned_by_hospital\training_set\normal\r3_N-38-R_left_half.png,C:/Users/TRIPU/.gemini/antigravity/scratch/glaucoma_detection\data\processed\RIM-ONE\normal\RIMONE_r3_N-38-R_left_half.png,external_test,-1,r3,partitioned_by_hospital/training_set,False,0.5412785967908016,0.24529884992858542,0.42579494268575585,0.12338410250573505,0.7983540603942293,0.05001388967181929,0.2619594313140896,0.02137787129339114,0.06907975703543803,0.011047005022597279,0.9324377079965425,0.030610068822197967,0.4736164760149407,23.67519611013051,2284.289765966486,3537.5479784487115,0.31032764668367346,0.018251405441080174,69.52924150080177,0.0086621524457559,33.08871731052546,0.5232473352319337,1407.6162745782522
RIMONE_r3_N-39-L_left_half,RIM-ONE,RIMONE_r3_N-39-L_left_half,0,Normal,C:/Users/TRIPU/OneDrive/Documents/ML/end sem project/RIM-ONE_DL_images\RIM-ONE_DL_images\partitioned_by_hospital\training_set\normal\r3_N-39-L_left_half.png,C:/Users/TRIPU/.gemini/antigravity/scratch/glaucoma_detection\data\processed\RIM-ONE\normal\RIMONE_r3_N-39-L_left_half.png,external_test,-1,r3,partitioned_by_hospital/training_set,False,1.000884522972303,0.5940027484413478,0.609425150036612,0.21377492464943804,0.7315659732501288,0.07293097110252317,0.1900135296509109,0.021805917176581313,0.03658063947430951,0.008164726182502434,0.9562680147459659,0.025936028293014193,0.5146625245893697,12.681766503487841,1848.0991250788131,5138.10867114028,0.3838887117346939,0.010431363807135158,134.06354060505691,0.005262446447902547,69.48432168045201,0.13585111343856607,1682.308861487135
RIMONE_r3_N-4-R_left_half,RIM-ONE,RIMONE_r3_N-4-R_left_half,0,Normal,C:/Users/TRIPU/OneDrive/Documents/ML/end sem project/RIM-ONE_DL_images\RIM-ONE_DL_images\partitioned_by_hospital\training_set\normal\r3_N-4-R_left_half.png,C:/Users/TRIPU/.gemini/antigravity/scratch/glaucoma_detection\data\processed\RIM-ONE\normal\RIMONE_r3_N-4-R_left_half.png,external_test,-1,r3,partitioned_by_hospital/training_set,False,1.72700911968082,1.1510412464498196,0.8405339593319381,0.3116747331599699,0.6561655151399499,0.08825768202253367,0.1605236099703204,0.02100971068759987,0.026209237301080202,0.006665248713727077,0.9275158564413483,0.04828893687373448,0.5906194349771834,7.390543095863805,2180.736826257803,8151.915512433574,0.47884944993622447,0.009370607774095435,147.1581948233861,0.00540158734915255,87.59482331492387,0.07111374806838218,1098.1590351172736
RIMONE_r3_N-40-R_left_half,RIM-ONE,RIMONE_r3_N-40-R_left_half,0,Normal,C:/Users/TRIPU/OneDrive/Documents/ML/end sem project/RIM-ONE_DL_images\RIM-ONE_DL_images\partitioned_by_hospital\training_set\normal\r3_N-40-R_left_half.png,C:/Users/TRIPU/.gemini/antigravity/scratch/glaucoma_detection\data\processed\RIM-ONE\normal\RIMONE_r3_N-40-R_left_half.png,external_test,-1,r3,partitioned_by_hospital/training_set,False,1.3782694888729239,0.8793158646367945,0.7037010386165296,0.2572371960178053,0.7070649888180549,0.07732158937893147,0.17041056082140335,0.020981281112142994,0.029479973396571962,0.007050213614208423,0.9466434709619388,0.03402667948737248,0.5456795247567081,11.046465880677703,1750.5536545211116,6047.1591537722825,0.41064453125,0.009629432033478998,146.97208167517812,0.005086064144159581,80.92390396946851,0.11885736814287258,1537.6095613617294
RIMONE_r3_N-41-L_left_half,RIM-ONE,RIMONE_r3_N-41-L_left_half,0,Normal,C:/Users/TRIPU/OneDrive/Documents/ML/end sem project/RIM-ONE_DL_images\RIM-ONE_DL_images\partitioned_by_hospital\training_set\normal\r3_N-41-L_left_half.png,C:/Users/TRIPU/.gemini/antigravity/scratch/glaucoma_detection\data\processed\RIM-ONE\normal\RIMONE_r3_N-41-L_left_half.png,external_test,-1,r3,partitioned_by_hospital/training_set,False,1.3186732475004128,0.8616949132407147,0.6920341986166223,0.26091692197006944,0.7094486792120995,0.07977957491263404,0.18281659752004983,0.02223973717471225,0.03391651423840817,0.00798707898368607,0.9508316949217663,0.03210307078834534,0.5436747420783766,11.30010880058396,1768.7144287625667,5927.809646742351,0.406509088010204,0.013697892265148582,117.6254954368202,0.0069948606522508665,66.54368576341676,0.18139590165255923,1165.071746525582
RIMONE_r3_N-42-R_left_half,RIM-ONE,RIMONE_r3_N-42-R_left_half,0,Normal,C:/Users/TRIPU/OneDrive/Documents/ML/end sem project/RIM-ONE_DL_images\RIM-ONE_DL_images\partitioned_by_hospital\training_set\normal\r3_N-42-R_left_half.png,C:/Users/TRIPU/.gemini/antigravity/scratch/glaucoma_detection\data\processed\RIM-ONE\normal\RIMONE_r3_N-42-R_left_half.png,external_test,-1,r3,partitioned_by_hospital/training_set,False,1.1901503631531976,0.8169827539697695,0.6448294987842348,0.2508641584359744,0.7261442325375671,0.07762761700383751,0.19903789103520164,0.02312830987398057,0.04015100078536767,0.00905165567490311,0.9530823859470895,0.03217940700494644,0.5330534921173729,13.486222749074223,1769.0894583630766,5405.207290862886,0.38448162468112246,0.01770033731236629,97.85875262392408,0.008811015705448627,54.52765451723069,0.30057303051551976,1056.6456423386076
RIMONE_r3_N-43-L_left_half,RIM-ONE,RIMONE_r3_N-43-L_left_half,0,Normal,C:/Users/TRIPU/OneDrive/Documents/ML/end sem project/RIM-ONE_DL_images\RIM-ONE_DL_images\partitioned_by_hospital\training_set\normal\r3_N-43-L_left_half.png,C:/Users/TRIPU/.gemini/antigravity/scratch/glaucoma_detection\data\processed\RIM-ONE\normal\RIMONE_r3_N-43-L_left_half.png,external_test,-1,r3,partitioned_by_hospital/training_set,False,1.0151708738805483,0.6102213237580367,0.6140224149588831,0.21226590016635083,0.7296537009748437,0.07110935574077866,0.19840191295318566,0.021594974110618666,0.039829661970321756,0.008433536375113541,0.947414889765945,0.03154421202897264,0.5240743023969119,12.15735786098389,1993.5772272563954,5409.953123273093,0.39266780931122447,0.008239365141841645,155.49927317735214,0.004222088515071438,83.32425505115953,0.1068244529303059,1765.8992564230593
RIMONE_r3_N-44-R_left_half,RIM-ONE,RIMONE_r3_N-44-R_left_half,0,Normal,C:/Users/TRIPU/OneDrive/Documents/ML/end sem project/RIM-ONE_DL_images\RIM-ONE_DL_images\partitioned_by_hospital\training_set\normal\r3_N-44-R_left_half.png,C:/Users/TRIPU/.gemini/antigravity/scratch/glaucoma_detection\data\processed\RIM-ONE\normal\RIMONE_r3_N-44-R_left_half.png,external_test,-1,r3,partitioned_by_hospital/training_set,False,0.7886981986986249,0.41100836699502186,0.5431379916425688,0.16742715894953056,0.7518427511329713,0.06118782882494893,0.22555640443581068,0.02109096220181498,0.05132052026860939,0.009387962272561787,0.9395180559625164,0.031507630268223244,0.5126798254063556,14.053737877555088,2196.2664647105503,4920.305928400658,0.37252869897959184,0.010099826412170896,123.35750482157236,0.005050639103666319,65.07156923246279,0.15758969337318313,1534.909221710812
RIMONE_r3_N-46-R_left_half,RIM-ONE,RIMONE_r3_N-46-R_left_half,0,Normal,C:/Users/TRIPU/OneDrive/Documents/ML/end sem project/RIM-ONE_DL_images\RIM-ONE_DL_images\partitioned_by_hospital\training_set\normal\r3_N-46-R_left_half.png,C:/Users/TRIPU/.gemini/antigravity/scratch/glaucoma_detection\data\processed\RIM-ONE\normal\RIMONE_r3_N-46-R_left_half.png,external_test,-1,r3,partitioned_by_hospital/training_set,False,0.7209657591543177,0.39827002292736974,0.511976243757046,0.17161250165457737,0.7640187159269575,0.06463073831397556,0.22157308104334328,0.021797119770489183,0.04956974467332903,0.00951170584707273,0.9574461802755092,0.023519257652147053,0.484085973864534,16.325210959835548,1828.2925183957566,4192.902486691891,0.34739217952806123,0.016777255474240034,89.42505326014378,0.007897593010062232,44.53289670514196,0.304642301558,1319.5847091131332
RIMONE_r3_N-47-L_left_half,RIM-ONE,RIMONE_r3_N-47-L_left_half,0,Normal,C:/Users/TRIPU/OneDrive/Documents/ML/end sem project/RIM-ONE_DL_images\RIM-ONE_DL_images\partitioned_by_hospital\training_set\normal\r3_N-47-L_left_half.png,C:/Users/TRIPU/.gemini/antigravity/scratch/glaucoma_detection\data\processed\RIM-ONE\normal\RIMONE_r3_N-47-L_left_half.png,external_test,-1,r3,partitioned_by_hospital/training_set,False,1.78241704991485,1.2190732176890269,0.799567781249678,0.30181698144683283,0.6809886921658065,0.08163084128657282,0.16478590499837834,0.019205253482079514,0.027523236247445487,0.006249689397746337,0.9640343041916847,0.024613596596302984,0.5737404103837268,9.199572969843503,1590.9439216713345,7106.763236478391,0.4434640066964286,0.010179568319317647,176.13494509530952,0.005495483481909532,104.26000527262292,0.10475880335790212,1543.9942008189464
RIMONE_r3_N-48-R_left_half,RIM-ONE,RIMONE_r3_N-48-R_left_half,0,Normal,C:/Users/TRIPU/OneDrive/Documents/ML/end sem project/RIM-ONE_DL_images\RIM-ONE_DL_images\partitioned_by_hospital\training_set\normal\r3_N-48-R_left_half.png,C:/Users/TRIPU/.gemini/antigravity/scratch/glaucoma_detection\data\processed\RIM-ONE\normal\RIMONE_r3_N-48-R_left_half.png,external_test,-1,r3,partitioned_by_hospital/training_set,False,0.6797638463410353,0.3997579438132964,0.4562291300650397,0.15875615361233697,0.7928182059981518,0.0575403478864269,0.28577373260384037,0.0220337412704099,0.08215211200070265,0.012400716762316142,0.9618590436290284,0.022335129061922317,0.4846775352165718,26.243012483485646,1753.4637998331355,3576.9706238874305,0.3036561304209183,0.03252274532467074,61.14039542419412,0.015186976232686701,31.302740971708204,1.0923027968460004,1039.6690150231295
RIMONE_r3_N-49-L_left_half,RIM-ONE,RIMONE_r3_N-49-L_left_half,0,Normal,C:/Users/TRIPU/OneDrive/Documents/ML/end sem project/RIM-ONE_DL_images\RIM-ONE_DL_images\partitioned_by_hospital\training_set\normal\r3_N-49-L_left_half.png,C:/Users/TRIPU/.gemini/antigravity/scratch/glaucoma_detection\data\processed\RIM-ONE\normal\RIMONE_r3_N-49-L_left_half.png,external_test,-1,r3,partitioned_by_hospital/training_set,False,1.4250954171720964,0.9482994167069533,0.7454236420296488,0.2827623902225407,0.6872157289563386,0.0856772552526248,0.17429018173279884,0.022439646744125383,0.030880605194453167,0.007713558085638808,0.934049027902882,0.043897224810941715,0.5536734251123152,9.227926605616835,2029.473172263993,6662.5564543627115,0.43653838488520413,0.010522321665956636,132.75537047424612,0.005663517900726191,74.45031027778094,0.10406649512734742,1178.7934939048553
RIMONE_r3_N-5-L_left_half,RIM-ONE,RIMONE_r3_N-5-L_left_half,0,Normal,C:/Users/TRIPU/OneDrive/Documents/ML/end sem project/RIM-ONE_DL_images\RIM-ONE_DL_images\partitioned_by_hospital\training_set\normal\r3_N-5-L_left_half.png,C:/Users/TRIPU/.gemini/antigravity/scratch/glaucoma_detection\data\processed\RIM-ONE\normal\RIMONE_r3_N-5-L_left_half.png,external_test,-1,r3,partitioned_by_hospital/training_set,False,2.043946338296258,1.4843529165813465,0.8819588757957749,0.34526684145433345,0.6548027586126429,0.08732784565031164,0.1471950193921133,0.01959047975702925,0.02205016063095519,0.005697008517665658,0.9270094445965747,0.05291949997168527,0.6034660872623588,7.864179312284456,1937.1631323125214,8335.973440968362,0.4753766741071428,0.004125343801469656,290.3836268767362,0.0025156273545428993,170.59899068070146,0.03038387952881978,2566.951262674904
RIMONE_r3_N-50-R_left_half,RIM-ONE,RIMONE_r3_N-50-R_left_half,0,Normal,C:/Users/TRIPU/OneDrive/Documents/ML/end sem project/RIM-ONE_DL_images\RIM-ONE_DL_images\partitioned_by_hospital\training_set\normal\r3_N-50-R_left_half.png,C:/Users/TRIPU/.gemini/antigravity/scratch/glaucoma_detection\data\processed\RIM-ONE\normal\RIMONE_r3_N-50-R_left_half.png,external_test,-1,r3,partitioned_by_hospital/training_set,False,1.4780446697893606,0.9838828941589078,0.7456453574030261,0.27951153588783856,0.6907285901857346,0.08214776392839684,0.16539168493631104,0.0212026263517253,0.027803960810282857,0.006903625777580104,0.9350099064132648,0.04328440640953672,0.5591106067510179,9.587551430734703,1842.638108870896,6677.679574756383,0.43348413584183676,0.011851626494559554,125.84381520572782,0.006316024622825551,71.96649419667705,0.1290955091220761,1113.7620461789907
RIMONE_r3_N-51-L_left_half,RIM-ONE,RIMONE_r3_N-51-L_left_half,0,Normal,C:/Users/TRIPU/OneDrive/Documents/ML/end sem project/RIM-ONE_DL_images\RIM-ONE_DL_images\partitioned_by_hospital\training_set\normal\r3_N-51-L_left_half.png,C:/Users/TRIPU/.gemini/antigravity/scratch/glaucoma_detection\data\processed\RIM-ONE\normal\RIMONE_r3_N-51-L_left_half.png,external_test,-1,r3,partitioned_by_hospital/training_set,False,0.6204550695696108,0.36050149664943104,0.4252572612414354,0.14190224148998437,0.805415852796579,0.05141922351917219,0.3082000422402483,0.01682283401015926,0.0952702737810242,0.010267137883256556,0.9791977500001664,0.011990055481507835,0.4831581987600547,32.08570042728222,1683.297203477035,3422.597466891893,0.2916982222576531,0.02868047691500389,80.21998778208038,0.013228580443180859,41.50543741974472,1.238052373833651,1422.284591005457
RIMONE_r3_N-52-R_left_half,RIM-ONE,RIMONE_r3_N-52-R_left_half,0,Normal,C:/Users/TRIPU/OneDrive/Documents/ML/end sem project/RIM-ONE_DL_images\RIM-ONE_DL_images\partitioned_by_hospital\training_set\normal\r3_N-52-R_left_half.png,C:/Users/TRIPU/.gemini/antigravity/scratch/glaucoma_detection\data\processed\RIM-ONE\normal\RIMONE_r3_N-52-R_left_half.png,external_test,-1,r3,partitioned_by_hospital/training_set,False,0.6377583051774307,0.3693195175911096,0.44407518829651343,0.15044919806565607,0.7961832378841839,0.05521057299395871,0.2521876436322498,0.018738891336716336,0.0639497536493159,0.009319238235534799,0.977771180048724,0.012778761926459716,0.4829884301906411,26.525078560693956,1610.3811898018741,3566.053406307003,0.3038354990433673,0.025506262282634567,82.5798032217233,0.012102941683330634,42.276025623178874,0.942670329009644,1402.3290215579211
RIMONE_r3_N-53-L_left_half,RIM-ONE,RIMONE_r3_N-53-L_left_half,0,Normal,C:/Users/TRIPU/OneDrive/Documents/ML/end sem project/RIM-ONE_DL_images\RIM-ONE_DL_images\partitioned_by_hospital\training_set\normal\r3_N-53-L_left_half.png,C:/Users/TRIPU/.gemini/antigravity/scratch/glaucoma_detection\data\processed\RIM-ONE\normal\RIMONE_r3_N-53-L_left_half.png,external_test,-1,r3,partitioned_by_hospital/training_set,False,1.4462102333864262,1.0599551733211474,0.6952291290159861,0.2845186549037336,0.7155497780627836,0.08108493819314933,0.18269370517285818,0.01963904942791985,0.0337626821722195,0.007052661975068085,0.972126859898529,0.020411153889523807,0.5438111805463932,12.996054251937803,1377.3568550710368,5698.573628767044,0.3927126514668367,0.012956114644395448,153.25999753888038,0.006489421061510561,84.80555648361143,0.21507672742681783,1749.7128004710974
RIMONE_r3_N-54-R_left_half,RIM-ONE,RIMONE_r3_N-54-R_left_half,0,Normal,C:/Users/TRIPU/OneDrive/Documents/ML/end sem project/RIM-ONE_DL_images\RIM-ONE_DL_images\partitioned_by_hospital\training_set\normal\r3_N-54-R_left_half.png,C:/Users/TRIPU/.gemini/antigravity/scratch/glaucoma_detection\data\processed\RIM-ONE\normal\RIMONE_r3_N-54-R_left_half.png,external_test,-1,r3,partitioned_by_hospital/training_set,False,1.342681354250715,0.99488911490866,0.6678330122343761,0.28109918708982035,0.7237084047084964,0.0834571410390366,0.18159019191295278,0.02010737946090479,0.03337930450776783,0.0071603188759968,0.9783618830274726,0.01599965956626374,0.5341980691235643,14.99427462906041,1166.9020142343822,5294.52443988802,0.3759167729591837,0.01756579090920125,149.75651547991473,0.008221786033475542,84.53301021169018,0.4100293243238966,1589.5553488519836
RIMONE_r3_N-55-L_left_half,RIM-ONE,RIMONE_r3_N-55-L_left_half,0,Normal,C:/Users/TRIPU/OneDrive/Documents/ML/end sem project/RIM-ONE_DL_images\RIM-ONE_DL_images\partitioned_by_hospital\training_set\normal\r3_N-55-L_left_half.png,C:/Users/TRIPU/.gemini/antigravity/scratch/glaucoma_detection\data\processed\RIM-ONE\normal\RIMONE_r3_N-55-L_left_half.png,external_test,-1,r3,partitioned_by_hospital/training_set,False,1.105243115080899,0.699290553893509,0.6407781798491453,0.23334826201905248,0.7210846934080232,0.07702361135515123,0.1934947854300311,0.021022207841322346,0.037882165211137526,0.008023424962223106,0.9738831286870986,0.016454121174246907,0.5197589288832489,11.805677282563785,1679.9223198145137,5409.512436175343,0.395198899872449,0.016667215629391264,121.83566581058874,0.008163292043741433,66.7791271442946,0.23792570064642568,1186.7143109699389
RIMONE_r3_N-56-R_left_half,RIM-ONE,RIMONE_r3_N-56-R_left_half,0,Normal,C:/Users/TRIPU/OneDrive/Documents/ML/end sem project/RIM-ONE_DL_images\RIM-ONE_DL_images\partitioned_by_hospital\training_set\normal\r3_N-56-R_left_half.png,C:/Users/TRIPU/.gemini/antigravity/scratch/glaucoma_detection\data\processed\RIM-ONE\normal\RIMONE_r3_N-56-R_left_half.png,external_test,-1,r3,partitioned_by_hospital/training_set,False,1.0383968598912496,0.6773506104412964,0.5933943247319776,0.21940062339892552,0.7419855546714126,0.07191698396616274,0.19528459021903488,0.019158346303879355,0.038503113410115725,0.007377344273684891,0.974951878329699,0.016283957292184098,0.5118358222573984,15.404518103121504,1389.734089253331,4859.633635140264,0.3672323421556123,0.02090186883349017,111.0000221685876,0.009818818314136646,61.09266854233292,0.4868988688210874,1164.7959408107042
RIMONE_r3_N-58-R_left_half,RIM-ONE,RIMONE_r3_N-58-R_left_half,0,Normal,C:/Users/TRIPU/OneDrive/Documents/ML/end sem project/RIM-ONE_DL_images\RIM-ONE_DL_images\partitioned_by_hospital\training_set\normal\r3_N-58-R_left_half.png,C:/Users/TRIPU/.gemini/antigravity/scratch/glaucoma_detection\data\processed\RIM-ONE\normal\RIMONE_r3_N-58-R_left_half.png,external_test,-1,r3,partitioned_by_hospital/training_set,False,1.6073730207660415,1.1282979506120834,0.7722889861797029,0.3052822910353635,0.6846659353136585,0.08729362523546727,0.15028468181728624,0.02028945608484675,0.0229971476171419,0.0059870732511125065,0.956232910139644,0.030745355440892633,0.5599220588186954,9.599934524483748,1566.9559831922995,6743.616735581385,0.43522799744897955,0.007808080130387436,190.1078295899655,0.004188362536866584,107.83887657937615,0.09020253543636608,1672.9839351773476
RIMONE_r3_N-59-L_left_half,RIM-ONE,RIMONE_r3_N-59-L_left_half,0,Normal,C:/Users/TRIPU/OneDrive/Documents/ML/end sem project/RIM-ONE_DL_images\RIM-ONE_DL_images\partitioned_by_hospital\training_set\normal\r3_N-59-L_left_half.png,C:/Users/TRIPU/.gemini/antigravity/scratch/glaucoma_detection\data\processed\RIM-ONE\normal\RIMONE_r3_N-59-L_left_half.png,external_test,-1,r3,partitioned_by_hospital/training_set,False,0.7444879707906219,0.37400185779011025,0.5357047123910447,0.16147822560985878,0.7525033785364353,0.06038730914427995,0.23927720986639425,0.022286099834125647,0.057750253407263065,0.010528238967871502,0.9141179030222556,0.04305799989434259,0.5093802280456075,13.604603538581362,2683.5364823649893,4922.222601109872,0.37506477200255106,0.010438562387623074,112.37573730959602,0.005302377109362454,57.41037992523404,0.1457376675783425,1463.9839095176853
RIMONE_r3_N-6-R_left_half,RIM-ONE,RIMONE_r3_N-6-R_left_half,0,Normal,C:/Users/TRIPU/OneDrive/Documents/ML/end sem project/RIM-ONE_DL_images\RIM-ONE_DL_images\partitioned_by_hospital\training_set\normal\r3_N-6-R_left_half.png,C:/Users/TRIPU/.gemini/antigravity/scratch/glaucoma_detection\data\processed\RIM-ONE\normal\RIMONE_r3_N-6-R_left_half.png,external_test,-1,r3,partitioned_by_hospital/training_set,False,1.0023268604137199,0.6254070452819008,0.6043347206096947,0.21698466321458829,0.7342743736873222,0.0724500801648836,0.19398160701403946,0.02223305514398372,0.038123172600784676,0.008487316607482186,0.9426340186387763,0.035661308065551484,0.5198648975492497,13.328857184472827,1896.0161601094449,5177.372001098993,0.3817462531887755,0.016821252850244092,90.0669658767955,0.00837453952053537,48.16444556744631,0.2678871898396935,1049.4850130305545
RIMONE_r3_N-61-L_left_half,RIM-ONE,RIMONE_r3_N-61-L_left_half,0,Normal,C:/Users/TRIPU/OneDrive/Documents/ML/end sem project/RIM-ONE_DL_images\RIM-ONE_DL_images\partitioned_by_hospital\training_set\normal\r3_N-61-L_left_half.png,C:/Users/TRIPU/.gemini/antigravity/scratch/glaucoma_detection\data\processed\RIM-ONE\normal\RIMONE_r3_N-61-L_left_half.png,external_test,-1,r3,partitioned_by_hospital/training_set,False,0.6089490868272082,0.32830074771554796,0.44884049398653153,0.14837220403202145,0.7909006117270362,0.05749410111744277,0.26005272699151055,0.02228634216749134,0.06812410186292765,0.011428611516975678,0.9654412241330029,0.018576296778767692,0.4624295626330289,23.186863094685542,1748.6924616007311,3443.700564410726,0.3095603475765306,0.038833944807569895,54.43134215641744,0.017109991421118145,26.35557360142556,1.1458999892869808,894.1303545400274
RIMONE_r3_N-62-R_left_half,RIM-ONE,RIMONE_r3_N-62-R_left_half,0,Normal,C:/Users/TRIPU/OneDrive/Documents/ML/end sem project/RIM-ONE_DL_images\RIM-ONE_DL_images\partitioned_by_hospital\training_set\normal\r3_N-62-R_left_half.png,C:/Users/TRIPU/.gemini/antigravity/scratch/glaucoma_detection\data\processed\RIM-ONE\normal\RIMONE_r3_N-62-R_left_half.png,external_test,-1,r3,partitioned_by_hospital/training_set,False,0.5601730462049251,0.2955480463325934,0.41578355111565163,0.13967158159292672,0.8059925476493409,0.05514652825527082,0.3016520358333594,0.023275579675305507,0.09153570333163187,0.013852881493108269,0.9495433908445444,0.02648539866456679,0.4504788254991815,30.280173679303093,1874.9273803300957,3001.7704502248394,0.2842643893494898,0.05768781563665133,36.99775149284623,0.02630787492897598,17.399063329261512,2.277813822619317,716.0007467203787
RIMONE_r3_N-63-L_left_half,RIM-ONE,RIMONE_r3_N-63-L_left_half,0,Normal,C:/Users/TRIPU/OneDrive/Documents/ML/end sem project/RIM-ONE_DL_images\RIM-ONE_DL_images\partitioned_by_hospital\training_set\normal\r3_N-63-L_left_half.png,C:/Users/TRIPU/.gemini/antigravity/scratch/glaucoma_detection\data\processed\RIM-ONE\normal\RIMONE_r3_N-63-L_left_half.png,external_test,-1,r3,partitioned_by_hospital/training_set,False,1.2973092603562002,0.8970351068844905,0.706298184593925,0.2801701802279576,0.7001064668930718,0.08718532351059284,0.16301565968191167,0.020687139876201535,0.027002063057786366,0.0066328923896859645,0.9710711349337121,0.019988515020636283,0.5404379758057368,10.838410673307411,1475.9611074117377,6072.217156607478,0.41455078125,0.013152236937426764,143.3564749586102,0.006671630325403562,78.94875859749992,0.18098005832402414,1367.8240605902158
RIMONE_r3_N-64-R_left_half,RIM-ONE,RIMONE_r3_N-64-R_left_half,0,Normal,C:/Users/TRIPU/OneDrive/Documents/ML/end sem project/RIM-ONE_DL_images\RIM-ONE_DL_images\partitioned_by_hospital\training_set\normal\r3_N-64-R_left_half.png,C:/Users/TRIPU/.gemini/antigravity/scratch/glaucoma_detection\data\processed\RIM-ONE\normal\RIMONE_r3_N-64-R_left_half.png,external_test,-1,r3,partitioned_by_hospital/training_set,False,2.323502800366106,1.6137903591000176,0.96677189431614,0.37625923750063633,0.6288171983599306,0.09412117536598225,0.13395910728054064,0.018643267884724674,0.018292613860820997,0.004932848595018835,0.9566437906959663,0.030081182689100462,0.6176811764393956,6.658173803900085,1649.0147649077653,9205.625517211525,0.5021324936224489,0.009786374287206443,182.5552436258385,0.005764420984662686,113.8821400328739,0.07226436010979888,1217.724909870924
RIMONE_r3_N-65-L_left_half,RIM-ONE,RIMONE_r3_N-65-L_left_half,0,Normal,C:/Users/TRIPU/OneDrive/Documents/ML/end sem project/RIM-ONE_DL_images\RIM-ONE_DL_images\partitioned_by_hospital\training_set\normal\r3_N-65-L_left_half.png,C:/Users/TRIPU/.gemini/antigravity/scratch/glaucoma_detection\data\processed\RIM-ONE\normal\RIMONE_r3_N-65-L_left_half.png,external_test,-1,r3,partitioned_by_hospital/training_set,False,0.8524958685903918,0.5103075756052872,0.5500297231579349,0.18684867690600546,0.7533246142670822,0.06438742087263324,0.20434609776854729,0.021111047625227475,0.042203004005067296,0.008490970671556011,0.949480856196975,0.030165556175232526,0.5121885138472192,15.048993631095609,1891.5662432932213,4778.646148693919,0.3638542330994898,0.01145983858679894,117.4815738486523,0.00576341558359482,60.91293646295358,0.18714919126295804,1621.020132638317
RIMONE_r3_N-66-R_left_half,RIM-ONE,RIMONE_r3_N-66-R_left_half,0,Normal,C:/Users/TRIPU/OneDrive/Documents/ML/end sem project/RIM-ONE_DL_images\RIM-ONE_DL_images\partitioned_by_hospital\training_set\normal\r3_N-66-R_left_half.png,C:/Users/TRIPU/.gemini/antigravity/scratch/glaucoma_detection\data\processed\RIM-ONE\normal\RIMONE_r3_N-66-R_left_half.png,external_test,-1,r3,partitioned_by_hospital/training_set,False,0.39685655583363855,0.1240863287496301,0.35801788760737585,0.08103461897500831,0.8248630857808229,0.03626212104637068,0.307747847494588,0.019188836144991603,0.09507694907015156,0.011675992501039173,0.9151827722526424,0.02657384872946559,0.4636701612786681,28.926270393335702,2542.7618342403202,3111.3841678113217,0.28640684789540816,0.023034699384238015,52.80609493182065,0.010777509577231474,24.597410387215046,0.7543621132351737,1336.5226203628854
RIMONE_r3_N-67-L_left_half,RIM-ONE,RIMONE_r3_N-67-L_left_half,0,Normal,C:/Users/TRIPU/OneDrive/Documents/ML/end sem project/RIM-ONE_DL_images\RIM-ONE_DL_images\partitioned_by_hospital\training_set\normal\r3_N-67-L_left_half.png,C:/Users/TRIPU/.gemini/antigravity/scratch/glaucoma_detection\data\processed\RIM-ONE\normal\RIMONE_r3_N-67-L_left_half.png,external_test,-1,r3,partitioned_by_hospital/training_set,False,0.9363337361163082,0.5677289262884269,0.5718943305547797,0.1976356595402928,0.7468029150021613,0.06697688441669605,0.22613852673287826,0.02214839558706322,0.051629184699997756,0.009880790617037786,0.9480182905990016,0.03144519709017865,0.5037553723178361,14.275409035230506,2006.9012748074892,4762.7704555475075,0.3690459582270408,0.018988059738093553,83.35527484879614,0.009158485694009575,43.809255775574904,0.3077361921091268,1004.6027646904766
RIMONE_r3_N-68-R_left_half,RIM-ONE,RIMONE_r3_N-68-R_left_half,0,Normal,C:/Users/TRIPU/OneDrive/Documents/ML/end sem project/RIM-ONE_DL_images\RIM-ONE_DL_images\partitioned_by_hospital\training_set\normal\r3_N-68-R_left_half.png,C:/Users/TRIPU/.gemini/antigravity/scratch/glaucoma_detection\data\processed\RIM-ONE\normal\RIMONE_r3_N-68-R_left_half.png,external_test,-1,r3,partitioned_by_hospital/training_set,False,0.8853057672739074,0.535612880820097,0.5633232857519407,0.19676719901625656,0.7481267688738088,0.06804960933448005,0.2055088600766389,0.02194193528121902,0.04271534009388475,0.008877977975429885,0.9492721095208626,0.03070023312589937,0.5076590809953586,14.541224190003492,1858.9451804882278,4777.683077274258,0.36700813137755106,0.015451218534432591,95.66290277750096,0.007517712701049515,49.97059379667986,0.2576987841371553,1249.926437306033
RIMONE_r3_N-69-L_left_half,RIM-ONE,RIMONE_r3_N-69-L_left_half,0,Normal,C:/Users/TRIPU/OneDrive/Documents/ML/end sem project/RIM-ONE_DL_images\RIM-ONE_DL_images\partitioned_by_hospital\training_set\normal\r3_N-69-L_left_half.png,C:/Users/TRIPU/.gemini/antigravity/scratch/glaucoma_detection\data\processed\RIM-ONE\normal\RIMONE_r3_N-69-L_left_half.png,external_test,-1,r3,partitioned_by_hospital/training_set,False,0.7760836596475883,0.4526132387123891,0.5321902484188208,0.1852375790571677,0.7571363358229476,0.06780874213003034,0.20253496677456762,0.019864628772248163,0.041415016242634446,0.007918543084013211,0.9686574487510592,0.018307798865248824,0.4913708171285651,15.893518560615679,1545.5643758131364,4399.901792947969,0.35467155612244894,0.017187296702093836,99.96905779277688,0.008070111853710376,50.91098610397002,0.3351291985356018,1320.5788415152858
RIMONE_r3_N-7-L_left_half,RIM-ONE,RIMONE_r3_N-7-L_left_half,0,Normal,C:/Users/TRIPU/OneDrive/Documents/ML/end sem project/RIM-ONE_DL_images\RIM-ONE_DL_images\partitioned_by_hospital\training_set\normal\r3_N-7-L_left_half.png,C:/Users/TRIPU/.gemini/antigravity/scratch/glaucoma_detection\data\processed\RIM-ONE\normal\RIMONE_r3_N-7-L_left_half.png,external_test,-1,r3,partitioned_by_hospital/training_set,False,1.513604693334648,1.0030822964305048,0.7609891376526634,0.28221268783188075,0.6841682470898044,0.08324299377890325,0.15628954069859013,0.019042417135993014,0.024789034182157426,0.005878004051703093,0.968208326497043,0.02103307746949302,0.5636718493953534,9.199184769034053,1624.1516344522083,6923.325823240947,0.4417101801658163,0.011280375320687666,158.48098966287859,0.006161902594430692,89.11358573714206,0.10893897050153582,1540.3852427735326
RIMONE_r3_N-70-R_left_half,RIM-ONE,RIMONE_r3_N-70-R_left_half,0,Normal,C:/Users/TRIPU/OneDrive/Documents/ML/end sem project/RIM-ONE_DL_images\RIM-ONE_DL_images\partitioned_by_hospital\training_set\normal\r3_N-70-R_left_half.png,C:/Users/TRIPU/.gemini/antigravity/scratch/glaucoma_detection\data\processed\RIM-ONE\normal\RIMONE_r3_N-70-R_left_half.png,external_test,-1,r3,partitioned_by_hospital/training_set,False,1.0594209895146292,0.6004320642155903,0.6723063677485527,0.22484911236501492,0.7007330955394115,0.07767725281243194,0.20117262154945348,0.023479242675477137,0.041021698497693576,0.009333274202135821,0.9022040476258293,0.055456553895580345,0.5388387098236675,9.112648435311279,2604.912522406728,6378.613754037441,0.43342434630102045,0.009599658045183876,125.5662708860275,0.0051045339936066315,68.65593329542192,0.08943337469700635,1111.255767681784
RIMONE_r3_N-71-L_left_half,RIM-ONE,RIMONE_r3_N-71-L_left_half,0,Normal,C:/Users/TRIPU/OneDrive/Documents/ML/end sem project/RIM-ONE_DL_images\RIM-ONE_DL_images\partitioned_by_hospital\training_set\normal\r3_N-71-L_left_half.png,C:/Users/TRIPU/.gemini/antigravity/scratch/glaucoma_detection\data\processed\RIM-ONE\normal\RIMONE_r3_N-71-L_left_half.png,external_test,-1,r3,partitioned_by_hospital/training_set,False,0.9462292591423496,0.571657290558367,0.5779712822027665,0.20154014869884818,0.7446022893172994,0.06858547976378783,0.2234889959983323,0.021709494852202905,0.050418633499080434,0.009585322376467907,0.9735907317891151,0.015865386850189844,0.5123698359139311,15.001709935944815,1819.8086285476957,4869.786240177946,0.3679547991071429,0.022813620515203248,94.71384665632547,0.010938931995095786,51.46672783681814,0.4270676672021263,1091.212021588476
RIMONE_r3_N-72-R_left_half,RIM-ONE,RIMONE_r3_N-72-R_left_half,0,Normal,C:/Users/TRIPU/OneDrive/Documents/ML/end sem project/RIM-ONE_DL_images\RIM-ONE_DL_images\partitioned_by_hospital\training_set\normal\r3_N-72-R_left_half.png,C:/Users/TRIPU/.gemini/antigravity/scratch/glaucoma_detection\data\processed\RIM-ONE\normal\RIMONE_r3_N-72-R_left_half.png,external_test,-1,r3,partitioned_by_hospital/training_set,False,2.0186715630981165,1.441433579743307,0.8978665852670337,0.3534874291657137,0.6447226893744628,0.09297584832820889,0.13544982461620325,0.019287025234892164,0.01871864433097159,0.005157026407985015,0.9531404417106182,0.03342591452458694,0.6029856100129919,7.283010991787833,1764.5603649449329,8539.785053591837,0.48520208864795916,0.006520498254346155,217.57568589278625,0.003900256018233508,128.2505905211094,0.04702978393472784,1753.7787302234167
RIMONE_r3_N-73-R_left_half,RIM-ONE,RIMONE_r3_N-73-R_left_half,0,Normal,C:/Users/TRIPU/OneDrive/Documents/ML/end sem project/RIM-ONE_DL_images\RIM-ONE_DL_images\partitioned_by_hospital\training_set\normal\r3_N-73-R_left_half.png,C:/Users/TRIPU/.gemini/antigravity/scratch/glaucoma_detection\data\processed\RIM-ONE\normal\RIMONE_r3_N-73-R_left_half.png,external_test,-1,r3,partitioned_by_hospital/training_set,False,1.0500867222473174,0.6463290013018925,0.6428420041001642,0.23269515264833718,0.7170944037400856,0.07843122134182573,0.19415429363207778,0.023729912715176032,0.03825899849324096,0.009064203221126397,0.9240464841926489,0.046611822783859065,0.5294034361071118,11.430697704762546,2181.1953645144854,5678.498355199792,0.4025430484693877,0.011775177387818709,111.1256969076058,0.006089521205097017,59.424257714868446,0.14389625827098051,1226.279051814746
RIMONE_r3_N-74-L_left_half,RIM-ONE,RIMONE_r3_N-74-L_left_half,0,Normal,C:/Users/TRIPU/OneDrive/Documents/ML/end sem project/RIM-ONE_DL_images\RIM-ONE_DL_images\partitioned_by_hospital\training_set\normal\r3_N-74-L_left_half.png,C:/Users/TRIPU/.gemini/antigravity/scratch/glaucoma_detection\data\processed\RIM-ONE\normal\RIMONE_r3_N-74-L_left_half.png,external_test,-1,r3,partitioned_by_hospital/training_set,False,1.9199393186709133,1.3032906109825022,0.8758968891026307,0.3243232662293584,0.6494329189827488,0.0869827214107352,0.14782342062701542,0.01944206595837807,0.022229757614601456,0.005689757837104121,0.9486448669030124,0.034826211812982046,0.5990695574598391,7.128328694804706,1853.125664403578,8487.512278473798,0.486507493622449,0.010110153872592143,160.16696709862248,0.005813192141564794,96.77043490580999,0.07758773766947612,1142.7633853556144
RIMONE_r3_N-75-R_left_half,RIM-ONE,RIMONE_r3_N-75-R_left_half,0,Normal,C:/Users/TRIPU/OneDrive/Documents/ML/end sem project/RIM-ONE_DL_images\RIM-ONE_DL_images\partitioned_by_hospital\training_set\normal\r3_N-75-R_left_half.png,C:/Users/TRIPU/.gemini/antigravity/scratch/glaucoma_detection\data\processed\RIM-ONE\normal\RIMONE_r3_N-75-R_left_half.png,external_test,-1,r3,partitioned_by_hospital/training_set,False,1.754492529759819,1.2850168534610404,0.8155534708732889,0.32997919277876614,0.6711237822175659,0.0903690314431657,0.1486711781733903,0.02012895497395644,0.02250829404780753,0.005889822859252163,0.9574712033089791,0.031155657441733944,0.5752369185223825,8.68460060574466,1572.049309157537,7340.38328275051,0.45224310427295916,0.010563549383503252,161.61572173701452,0.005753581337281767,94.36367566758685,0.10066920742303313,1398.8165323014266
RIMONE_r3_N-76-R_left_half,RIM-ONE,RIMONE_r3_N-76-R_left_half,0,Normal,C:/Users/TRIPU/OneDrive/Documents/ML/end sem project/RIM-ONE_DL_images\RIM-ONE_DL_images\partitioned_by_hospital\training_set\normal\r3_N-76-R_left_half.png,C:/Users/TRIPU/.gemini/antigravity/scratch/glaucoma_detection\data\processed\RIM-ONE\normal\RIMONE_r3_N-76-R_left_half.png,external_test,-1,r3,partitioned_by_hospital/training_set,False,1.1440550620109933,0.727543698486528,0.6629244081883217,0.2384308235447551,0.7122317243338471,0.07701101731905492,0.1916949255125722,0.022171739776097772,0.0372385305119696,0.008370095684494833,0.9266527829881933,0.046765510202457145,0.5348014800786052,10.589130277676084,2156.921417558337,5888.39279887283,0.41180544483418363,0.0071447991275551655,168.50945708468458,0.003766540669493495,90.8148814158912,0.07795425752298937,1752.5551380951351
RIMONE_r3_N-78-R_left_half,RIM-ONE,RIMONE_r3_N-78-R_left_half,0,Normal,C:/Users/TRIPU/OneDrive/Documents/ML/end sem project/RIM-ONE_DL_images\RIM-ONE_DL_images\partitioned_by_hospital\training_set\normal\r3_N-78-R_left_half.png,C:/Users/TRIPU/.gemini/antigravity/scratch/glaucoma_detection\data\processed\RIM-ONE\normal\RIMONE_r3_N-78-R_left_half.png,external_test,-1,r3,partitioned_by_hospital/training_set,False,0.3540416700567996,0.12918369806460908,0.31917935184251495,0.08730310218776054,0.8438804891691197,0.0395542102595975,0.360450253946831,0.024283383478724514,0.13051406828350975,0.017270803905896085,0.9105448218274237,0.0325168458841523,0.4195187472801976,42.17840122135595,2419.927619528993,2249.9358122115295,0.24341816804846939,0.08203824041304253,20.212225488214855,0.03607637105066742,8.57510200031211,3.5485242917436715,710.5312761688567
RIMONE_r3_N-79-L_left_half,RIM-ONE,RIMONE_r3_N-79-L_left_half,0,Normal,C:/Users/TRIPU/OneDrive/Documents/ML/end sem project/RIM-ONE_DL_images\RIM-ONE_DL_images\partitioned_by_hospital\training_set\normal\r3_N-79-L_left_half.png,C:/Users/TRIPU/.gemini/antigravity/scratch/glaucoma_detection\data\processed\RIM-ONE\normal\RIMONE_r3_N-79-L_left_half.png,external_test,-1,r3,partitioned_by_hospital/training_set,False,1.353447227086123,0.9215757550802253,0.6989801113960267,0.26453699434117156,0.7072281146168738,0.07857724360575091,0.16157739876074745,0.019572795504638772,0.026490350114156,0.0062182950217513884,0.9526924714165838,0.032264626869284496,0.5518225534727887,10.964619258700925,1699.582456270088,6179.626777063626,0.41372369260204084,0.004722640171362781,260.3119161709763,0.0026048797389016257,141.95133997766936,0.04735041860639131,3218.397521169069
RIMONE_r3_N-8-L_left_half,RIM-ONE,RIMONE_r3_N-8-L_left_half,0,Normal,C:/Users/TRIPU/OneDrive/Documents/ML/end sem project/RIM-ONE_DL_images\RIM-ONE_DL_images\partitioned_by_hospital\training_set\normal\r3_N-8-L_left_half.png,C:/Users/TRIPU/.gemini/antigravity/scratch/glaucoma_detection\data\processed\RIM-ONE\normal\RIMONE_r3_N-8-L_left_half.png,external_test,-1,r3,partitioned_by_hospital/training_set,False,1.510748789953085,1.085283077134544,0.76680903004991,0.310778003027668,0.6817449131063483,0.09146311155837206,0.1564893221252536,0.02189430668879559,0.024968268604604413,0.006735069210660695,0.9453862785448345,0.03937151612277206,0.5574019267999258,9.265394226335701,1739.1474662489857,6759.483439528785,0.43796835140306123,0.006415465177459799,206.70105638114865,0.0035460160643290195,113.9691373286224,0.059569756543104486,1984.7853720028493
RIMONE_r3_N-80-R_left_half,RIM-ONE,RIMONE_r3_N-80-R_left_half,0,Normal,C:/Users/TRIPU/OneDrive/Documents/ML/end sem project/RIM-ONE_DL_images\RIM-ONE_DL_images\partitioned_by_hospital\training_set\normal\r3_N-80-R_left_half.png,C:/Users/TRIPU/.gemini/antigravity/scratch/glaucoma_detection\data\processed\RIM-ONE\normal\RIMONE_r3_N-80-R_left_half.png,external_test,-1,r3,partitioned_by_hospital/training_set,False,0.32447684278747224,0.08337665692982581,0.30330349713738985,0.059535241142314586,0.8504651063867952,0.027407375589031464,0.349760014707131,0.014480222233496036,0.12254174472386392,0.010069800980765924,0.9395899671220268,0.015471481599798205,0.4601647781649727,43.683827078558984,2275.572016068179,2659.9332919992908,0.2516392299107143,0.041399767869232024,34.37800187294591,0.019487854558142382,15.7870732527251,2.0847749101245543,1192.8737246826872
RIMONE_r3_N-81-L_left_half,RIM-ONE,RIMONE_r3_N-81-L_left_half,0,Normal,C:/Users/TRIPU/OneDrive/Documents/ML/end sem project/RIM-ONE_DL_images\RIM-ONE_DL_images\partitioned_by_hospital\training_set\normal\r3_N-81-L_left_half.png,C:/Users/TRIPU/.gemini/antigravity/scratch/glaucoma_detection\data\processed\RIM-ONE\normal\RIMONE_r3_N-81-L_left_half.png,external_test,-1,r3,partitioned_by_hospital/training_set,False,1.3094816100857518,0.8718297409965573,0.662512140959907,0.24529198666944654,0.7232145553579218,0.07333443391244845,0.21239933310977765,0.020761945486870482,0.04554453508587808,0.008716697126936622,0.9578825160243362,0.027902654517855608,0.5355273840101518,12.555796329158289,1902.5864233473903,5561.728866153819,0.39225924744897955,0.011901668514679827,131.85816004010798,0.006052935179009332,72.96151106765285,0.17223129050344357,1419.7438296577088
RIMONE_r3_N-82-R_left_half,RIM-ONE,RIMONE_r3_N-82-R_left_half,0,Normal,C:/Users/TRIPU/OneDrive/Documents/ML/end sem project/RIM-ONE_DL_images\RIM-ONE_DL_images\partitioned_by_hospital\training_set\normal\r3_N-82-R_left_half.png,C:/Users/TRIPU/.gemini/antigravity/scratch/glaucoma_detection\data\processed\RIM-ONE\normal\RIMONE_r3_N-82-R_left_half.png,external_test,-1,r3,partitioned_by_hospital/training_set,False,0.9741536032666144,0.6757553438693573,0.5700195839610694,0.22203273139176638,0.7511609053426285,0.0723751751730601,0.21617718578932546,0.019390436348678142,0.04710856467758468,0.008254994607616528,0.9674217596765503,0.022538814074566905,0.5140862971029669,17.16489471768751,1478.9906349251094,4679.261358202855,0.3539889588647959,0.015058706477184249,115.65412789898963,0.007219836764857249,62.842594789634234,0.3403827865353844,1463.3555540079767
RIMONE_r3_N-83-L_left_half,RIM-ONE,RIMONE_r3_N-83-L_left_half,0,Normal,C:/Users/TRIPU/OneDrive/Documents/ML/end sem project/RIM-ONE_DL_images\RIM-ONE_DL_images\partitioned_by_hospital\training_set\normal\r3_N-83-L_left_half.png,C:/Users/TRIPU/.gemini/antigravity/scratch/glaucoma_detection\data\processed\RIM-ONE\normal\RIMONE_r3_N-83-L_left_half.png,external_test,-1,r3,partitioned_by_hospital/training_set,False,0.37721864742424693,0.08736081003898855,0.3538664328184795,0.06164971615451231,0.8253998478814076,0.02828162636338814,0.2905149916021541,0.012733040451446864,0.08456109066473784,0.007351763991766929,0.9509281273665207,0.011406931302244173,0.4859299995087945,25.66861405029215,2326.6548545030996,3498.593490680673,0.2999890385841837,0.013758245511332902,87.10331248218468,0.006816807833940215,41.84097242370059,0.36501625611759425,2129.195538841047
RIMONE_r3_N-84-R_left_half,RIM-ONE,RIMONE_r3_N-84-R_left_half,0,Normal,C:/Users/TRIPU/OneDrive/Documents/ML/end sem project/RIM-ONE_DL_images\RIM-ONE_DL_images\partitioned_by_hospital\training_set\normal\r3_N-84-R_left_half.png,C:/Users/TRIPU/.gemini/antigravity/scratch/glaucoma_detection\data\processed\RIM-ONE\normal\RIMONE_r3_N-84-R_left_half.png,external_test,-1,r3,partitioned_by_hospital/training_set,False,0.833332199886495,0.5029478916783174,0.548016412912563,0.19236538170184805,0.7527379244264022,0.06812421916286784,0.19500498512832787,0.020028851643145253,0.0384280991230425,0.007671761117246077,0.9627365626498329,0.022508607697131214,0.5023533224508466,15.077570886748681,1666.7028443917513,4606.57032542945,0.3612533880739796,0.010101203023581834,136.88062192023696,0.004993795258453478,68.79388385686994,0.1681869351547134,1941.1203835847316
RIMONE_r3_N-85-L_left_half,RIM-ONE,RIMONE_r3_N-85-L_left_half,0,Normal,C:/Users/TRIPU/OneDrive/Documents/ML/end sem project/RIM-ONE_DL_images\RIM-ONE_DL_images\partitioned_by_hospital\training_set\normal\r3_N-85-L_left_half.png,C:/Users/TRIPU/.gemini/antigravity/scratch/glaucoma_detection\data\processed\RIM-ONE\normal\RIMONE_r3_N-85-L_left_half.png,external_test,-1,r3,partitioned_by_hospital/training_set,False,1.1463833773607954,0.7597575462514642,0.6721344954402896,0.2579032468747505,0.7076062476540552,0.08464311232607412,0.16860039635191562,0.022591739834099206,0.028936480358754665,0.007477126322801594,0.9469541693725527,0.03516869433394966,0.5294144895252982,10.619050055239132,1798.3328768507035,5807.839855273315,0.41023596938775503,0.007949889105653436,165.90465691745194,0.004120075261021872,88.45273775736788,0.08962837052464798,1701.046091822846
RIMONE_r3_N-86-R_left_half,RIM-ONE,RIMONE_r3_N-86-R_left_half,0,Normal,C:/Users/TRIPU/OneDrive/Documents/ML/end sem project/RIM-ONE_DL_images\RIM-ONE_DL_images\partitioned_by_hospital\training_set\normal\r3_N-86-R_left_half.png,C:/Users/TRIPU/.gemini/antigravity/scratch/glaucoma_detection\data\processed\RIM-ONE\normal\RIMONE_r3_N-86-R_left_half.png,external_test,-1,r3,partitioned_by_hospital/training_set,False,1.3413117790440843,0.936719636885781,0.7174202521281169,0.28468924805695994,0.69670651651446,0.0874672667633589,0.16687080225424508,0.022552495975011203,0.02835447971967826,0.007390927211387734,0.945288705582394,0.038234499677733194,0.5440582223854641,10.342783413240763,1775.2884564065225,6209.41196819738,0.42031548947704084,0.009176621665185725,153.4767098590764,0.004759723909986715,85.84881637620312,0.11167424817216001,1403.0015863060316
RIMONE_r3_N-87-L_left_half,RIM-ONE,RIMONE_r3_N-87-L_left_half,0,Normal,C:/Users/TRIPU/OneDrive/Documents/ML/end sem project/RIM-ONE_DL_images\RIM-ONE_DL_images\partitioned_by_hospital\training_set\normal\r3_N-87-L_left_half.png,C:/Users/TRIPU/.gemini/antigravity/scratch/glaucoma_detection\data\processed\RIM-ONE\normal\RIMONE_r3_N-87-L_left_half.png,external_test,-1,r3,partitioned_by_hospital/training_set,False,1.156382801861195,0.7467235797807031,0.6731659117640535,0.24658747838068015,0.7075389622530422,0.07955584677593885,0.18939990571561593,0.022957640210802828,0.03639937752913288,0.008579528350099567,0.9375418191344055,0.040289308242781686,0.5371546479283997,10.408896967932225,2099.5206084156584,6062.130825390027,0.41700215242346933,0.013868413122395944,104.30246946857888,0.007134203176981904,58.111398592042505,0.15857987596658718,998.2088045783534
RIMONE_r3_N-88-R_left_half,RIM-ONE,RIMONE_r3_N-88-R_left_half,0,Normal,C:/Users/TRIPU/OneDrive/Documents/ML/end sem project/RIM-ONE_DL_images\RIM-ONE_DL_images\partitioned_by_hospital\training_set\normal\r3_N-88-R_left_half.png,C:/Users/TRIPU/.gemini/antigravity/scratch/glaucoma_detection\data\processed\RIM-ONE\normal\RIMONE_r3_N-88-R_left_half.png,external_test,-1,r3,partitioned_by_hospital/training_set,False,1.4104333965994593,0.9140244966013011,0.7488912906236543,0.2756773056875941,0.6843836514361623,0.08405776756550948,0.17215369154522678,0.022690896132620667,0.030151770279950463,0.007708624033295936,0.9206063616619553,0.05150674527629929,0.5585935339757094,8.989634988843163,2132.392760129984,6857.5978650368825,0.44210379464285715,0.012107512901540498,115.99785621856047,0.006462243707974682,66.72042989023343,0.12303636228320669,960.557570002873
RIMONE_r3_N-9-L_left_half,RIM-ONE,RIMONE_r3_N-9-L_left_half,0,Normal,C:/Users/TRIPU/OneDrive/Documents/ML/end sem project/RIM-ONE_DL_images\RIM-ONE_DL_images\partitioned_by_hospital\training_set\normal\r3_N-9-L_left_half.png,C:/Users/TRIPU/.gemini/antigravity/scratch/glaucoma_detection\data\processed\RIM-ONE\normal\RIMONE_r3_N-9-L_left_half.png,external_test,-1,r3,partitioned_by_hospital/training_set,False,1.535538417735671,1.0965504845313514,0.7503118992325599,0.3007816241559079,0.6919780592589987,0.08681279723667237,0.16522668359357653,0.02178812188870908,0.0277745792267691,0.007072020612156013,0.9508430360526949,0.035103828274372716,0.5559715953700828,10.148014594518544,1751.4223728801846,6449.680012051519,0.4242416693239796,0.006503409071362858,204.2662753881743,0.003547996016815054,113.95122349337389,0.06614809088773091,2179.1090752087534
RIMONE_r3_N-90-R_left_half,RIM-ONE,RIMONE_r3_N-90-R_left_half,0,Normal,C:/Users/TRIPU/OneDrive/Documents/ML/end sem project/RIM-ONE_DL_images\RIM-ONE_DL_images\partitioned_by_hospital\training_set\normal\r3_N-90-R_left_half.png,C:/Users/TRIPU/.gemini/antigravity/scratch/glaucoma_detection\data\processed\RIM-ONE\normal\RIMONE_r3_N-90-R_left_half.png,external_test,-1,r3,partitioned_by_hospital/training_set,False,1.2952596203799212,0.8360548544742732,0.7069416330481971,0.26095496380969263,0.6992541760540535,0.0814852539071121,0.18037788135178737,0.022824589076026938,0.03305714194744897,0.008125054632397806,0.936968324048649,0.04055928452455627,0.5470219840866294,10.147327279306557,2098.3714978281723,6306.667538669608,0.42274693080357145,0.01137298582845944,122.75821515857996,0.006042664475576433,68.24717342511198,0.12720125880694183,1172.7679049697758
RIMONE_r3_N-91-L_left_half,RIM-ONE,RIMONE_r3_N-91-L_left_half,0,Normal,C:/Users/TRIPU/OneDrive/Documents/ML/end sem project/RIM-ONE_DL_images\RIM-ONE_DL_images\partitioned_by_hospital\training_set\normal\r3_N-91-L_left_half.png,C:/Users/TRIPU/.gemini/antigravity/scratch/glaucoma_detection\data\processed\RIM-ONE\normal\RIMONE_r3_N-91-L_left_half.png,external_test,-1,r3,partitioned_by_hospital/training_set,False,1.1692048620550568,0.7447742070063079,0.6488746021463596,0.2327042272687775,0.7215414212699581,0.07353938430605338,0.202956474027062,0.02205883223329904,0.04167792242899432,0.008846415151394891,0.9493236452055349,0.03217187956363959,0.5305901313719744,11.870973426472247,2050.287396734238,5600.842744305952,0.3979143415178572,0.013809079033194397,111.01129368927252,0.007037847140420611,61.42899909641623,0.18217277134125756,1150.4780169140677
RIMONE_r3_N-92-R_left_half,RIM-ONE,RIMONE_r3_N-92-R_left_half,0,Normal,C:/Users/TRIPU/OneDrive/Documents/ML/end sem project/RIM-ONE_DL_images\RIM-ONE_DL_images\partitioned_by_hospital\training_set\normal\r3_N-92-R_left_half.png,C:/Users/TRIPU/.gemini/antigravity/scratch/glaucoma_detection\data\processed\RIM-ONE\normal\RIMONE_r3_N-92-R_left_half.png,external_test,-1,r3,partitioned_by_hospital/training_set,False,1.219201247485482,0.7772699661600627,0.6650449134973289,0.24533672415865723,0.7166773732486652,0.07784740552045855,0.18714571127666413,0.02275257638633717,0.03554119698146465,0.008375503397521866,0.9356741708497686,0.04096696949684137,0.5322323773691443,11.943118464008695,1873.7858286430314,5629.959283415825,0.39826809630102045,0.013826965628256502,107.92290384734885,0.0070152089883941515,59.79631991854001,0.19205262588466201,1088.7908173337053
