image_id,dataset,patient_id,label,class_name,source_path,processed_path,split,fold,hospital,source_partition,discordant_patient,glcm_contrast_mean,glcm_contrast_std,glcm_dissimilarity_mean,glcm_dissimilarity_std,glcm_homogeneity_mean,glcm_homogeneity_std,glcm_energy_mean,glcm_energy_std,glcm_asm_mean,glcm_asm_std,glcm_correlation_mean,glcm_correlation_std
drishtiGS_002,DRISHTI,1167573,1,Glaucoma,C:/Users/TRIPU/OneDrive/Documents/ML/end sem project/Drishti-GS1_files\Drishti-GS1_files\Drishti-GS1_files\Training\Images\drishtiGS_002.png,C:/Users/TRIPU/.gemini/antigravity/scratch/glaucoma_detection\data\processed\DRISHTI\glaucoma\drishtiGS_002.png,development,4,,DRISHTI_training,False,0.34366130297093883,0.1922045685039717,0.19922185602408915,0.06694861797865503,0.9136014650362204,0.022547975298287552,0.47402740099678514,0.013995272349123079,0.22489784454389308,0.013180276292173712,0.943603614585717,0.03177171059819025
drishtiGS_004,DRISHTI,1393265,1,Glaucoma,C:/Users/TRIPU/OneDrive/Documents/ML/end sem project/Drishti-GS1_files\Drishti-GS1_files\Drishti-GS1_files\Training\Images\drishtiGS_004.png,C:/Users/TRIPU/.gemini/antigravity/scratch/glaucoma_detection\data\processed\DRISHTI\glaucoma\drishtiGS_004.png,development,2,,DRISHTI_training,False,3.697084333520649,2.3669178508045228,0.7777906859954614,0.2850242640570905,0.7485042452261208,0.05768881178874624,0.2833018051137686,0.015641526898963854,0.08050457014445077,0.008766070766635076,0.9467685717012168,0.03459472330145474
drishtiGS_008,DRISHTI,1558499,0,Normal,C:/Users/TRIPU/OneDrive/Documents/ML/end sem project/Drishti-GS1_files\Drishti-GS1_files\Drishti-GS1_files\Training\Images\drishtiGS_008.png,C:/Users/TRIPU/.gemini/antigravity/scratch/glaucoma_detection\data\processed\DRISHTI\normal\drishtiGS_008.png,development,1,,DRISHTI_training,False,3.193938497306212,2.07481949503136,0.5763287951336342,0.2432492419665321,0.8191533387017138,0.05350656331822328,0.32020265877413556,0.0187660937218315,0.1028819089596021,0.011860511280965748,0.9445166178071046,0.036502694269631805
drishtiGS_010,DRISHTI,1566239,1,Glaucoma,C:/Users/TRIPU/OneDrive/Documents/ML/end sem project/Drishti-GS1_files\Drishti-GS1_files\Drishti-GS1_files\Training\Images\drishtiGS_010.png,C:/Users/TRIPU/.gemini/antigravity/scratch/glaucoma_detection\data\processed\DRISHTI\glaucoma\drishtiGS_010.png,development,1,,DRISHTI_training,False,1.7225521298238666,1.0548878948240628,0.5303781395559269,0.18988637827971044,0.8136049834469797,0.04415393634462113,0.32032100998471785,0.015194295916230945,0.10283641606601973,0.009623347851324323,0.9525168093439432,0.029239626393660807
drishtiGS_012,DRISHTI,1731185,1,Glaucoma,C:/Users/TRIPU/OneDrive/Documents/ML/end sem project/Drishti-GS1_files\Drishti-GS1_files\Drishti-GS1_files\Training\Images\drishtiGS_012.png,C:/Users/TRIPU/.gemini/antigravity/scratch/glaucoma_detection\data\processed\DRISHTI\glaucoma\drishtiGS_012.png,development,4,,DRISHTI_training,False,1.5135264010069405,0.95466237888127,0.5346830148784355,0.18810543882414393,0.7995248600745501,0.04885208847265592,0.2955252852334726,0.016346498055655644,0.08760240221100889,0.009549794327078597,0.9558814089788625,0.02813855603736359
drishtiGS_015,DRISHTI,1976679,1,Glaucoma,C:/Users/TRIPU/OneDrive/Documents/ML/end sem project/Drishti-GS1_files\Drishti-GS1_files\Drishti-GS1_files\Training\Images\drishtiGS_015.png,C:/Users/TRIPU/.gemini/antigravity/scratch/glaucoma_detection\data\processed\DRISHTI\glaucoma\drishtiGS_015.png,development,4,,DRISHTI_training,False,1.4721682642464724,0.8475410700725456,0.543654558869994,0.18846624399133216,0.7964178269002175,0.05066831636706706,0.3023994368286832,0.017217768590712057,0.09174187094954804,0.01028692588739792,0.9578600916395166,0.02449765951642651
drishtiGS_016,DRISHTI,1976679,1,Glaucoma,C:/Users/TRIPU/OneDrive/Documents/ML/end sem project/Drishti-GS1_files\Drishti-GS1_files\Drishti-GS1_files\Training\Images\drishtiGS_016.png,C:/Users/TRIPU/.gemini/antigravity/scratch/glaucoma_detection\data\processed\DRISHTI\glaucoma\drishtiGS_016.png,development,4,,DRISHTI_training,False,2.4952701610306307,1.4690267563055344,0.7190125440822918,0.2553335373004558,0.7507218334517684,0.05981735409321464,0.2982941475366185,0.017319878929841742,0.08927937666074227,0.010220987349227311,0.9491397119594481,0.030414744054746073
drishtiGS_017,DRISHTI,2009791,0,Normal,C:/Users/TRIPU/OneDrive/Documents/ML/end sem project/Drishti-GS1_files\Drishti-GS1_files\Drishti-GS1_files\Training\Images\drishtiGS_017.png,C:/Users/TRIPU/.gemini/antigravity/scratch/glaucoma_detection\data\processed\DRISHTI\normal\drishtiGS_017.png,development,1,,DRISHTI_training,False,1.5627421174777245,0.8934612354489723,0.5374847248075333,0.19170468801703036,0.806092323938472,0.048825939007744755,0.28518401914862745,0.014634285961995602,0.08154408710338218,0.008234685526565557,0.9612139699606764,0.02232115241140696
drishtiGS_018,DRISHTI,2009791,0,Normal,C:/Users/TRIPU/OneDrive/Documents/ML/end sem project/Drishti-GS1_files\Drishti-GS1_files\Drishti-GS1_files\Training\Images\drishtiGS_018.png,C:/Users/TRIPU/.gemini/antigravity/scratch/glaucoma_detection\data\processed\DRISHTI\normal\drishtiGS_018.png,development,1,,DRISHTI_training,False,0.8868559030301867,0.4948151330436662,0.38120231018499773,0.12947481596954982,0.8494231571968283,0.037852103663187156,0.31873966212051064,0.015587501805332263,0.10183794242122851,0.009822919441540743,0.9555889945295194,0.025011490606226105
drishtiGS_022,DRISHTI,2070741,1,Glaucoma,C:/Users/TRIPU/OneDrive/Documents/ML/end sem project/Drishti-GS1_files\Drishti-GS1_files\Drishti-GS1_files\Training\Images\drishtiGS_022.png,C:/Users/TRIPU/.gemini/antigravity/scratch/glaucoma_detection\data\processed\DRISHTI\glaucoma\drishtiGS_022.png,development,4,,DRISHTI_training,False,1.728712222454057,1.0620610616287562,0.4893712940605583,0.18832145006411385,0.8243072080422978,0.0492446030610371,0.31448793965779165,0.018048623636531206,0.09922841700537594,0.01122694363731785,0.9273433354673811,0.045101188129601656
drishtiGS_024,DRISHTI,2071112,1,Glaucoma,C:/Users/TRIPU/OneDrive/Documents/ML/end sem project/Drishti-GS1_files\Drishti-GS1_files\Drishti-GS1_files\Training\Images\drishtiGS_024.png,C:/Users/TRIPU/.gemini/antigravity/scratch/glaucoma_detection\data\processed\DRISHTI\glaucoma\drishtiGS_024.png,development,3,,DRISHTI_training,False,1.2327333834314418,0.792188342887584,0.4186206518632951,0.16098865669427306,0.8471079912709593,0.04110115755515274,0.3017418359030315,0.01472023295164327,0.09126482079228261,0.00876714419785274,0.968811169281281,0.020153249668394834
drishtiGS_026,DRISHTI,2222807,1,Glaucoma,C:/Users/TRIPU/OneDrive/Documents/ML/end sem project/Drishti-GS1_files\Drishti-GS1_files\Drishti-GS1_files\Training\Images\drishtiGS_026.png,C:/Users/TRIPU/.gemini/antigravity/scratch/glaucoma_detection\data\processed\DRISHTI\glaucoma\drishtiGS_026.png,development,4,,DRISHTI_training,False,1.9059446164973692,1.1791940289395766,0.514587255708063,0.1846182202212437,0.8229426561442477,0.041703919636978184,0.33015955621471377,0.017126459171467375,0.10929864816364865,0.011191125240364046,0.9433875904281165,0.035562948119379996
drishtiGS_031,DRISHTI,2330992,1,Glaucoma,C:/Users/TRIPU/OneDrive/Documents/ML/end sem project/Drishti-GS1_files\Drishti-GS1_files\Drishti-GS1_files\Training\Images\drishtiGS_031.png,C:/Users/TRIPU/.gemini/antigravity/scratch/glaucoma_detection\data\processed\DRISHTI\glaucoma\drishtiGS_031.png,development,0,,DRISHTI_training,False,1.3722333933004156,0.8704566398883055,0.40052469414466235,0.14998497365725155,0.8593537494012428,0.035289182191112045,0.3425623792036538,0.014954324516798645,0.11757261546742163,0.010136264583558428,0.9607784269340741,0.02515836215249483
drishtiGS_032,DRISHTI,2344972,1,Glaucoma,C:/Users/TRIPU/OneDrive/Documents/ML/end sem project/Drishti-GS1_files\Drishti-GS1_files\Drishti-GS1_files\Training\Images\drishtiGS_032.png,C:/Users/TRIPU/.gemini/antigravity/scratch/glaucoma_detection\data\processed\DRISHTI\glaucoma\drishtiGS_032.png,development,3,,DRISHTI_training,True,2.9310171595828454,1.7935691028787573,0.7665556217293258,0.27450811516846724,0.7540648177696981,0.053492316367054454,0.2833081791259813,0.014647423025794866,0.08047807136097568,0.008194218211648849,0.9540334322348735,0.028398210186056923
drishtiGS_033,DRISHTI,2344972,0,Normal,C:/Users/TRIPU/OneDrive/Documents/ML/end sem project/Drishti-GS1_files\Drishti-GS1_files\Drishti-GS1_files\Training\Images\drishtiGS_033.png,C:/Users/TRIPU/.gemini/antigravity/scratch/glaucoma_detection\data\processed\DRISHTI\normal\drishtiGS_033.png,development,3,,DRISHTI_training,True,2.462670438853833,1.555182688292425,0.6617671300145682,0.24917133149771564,0.7810905655466996,0.052904019946681875,0.2833544180514043,0.014902833760831437,0.080511820683353,0.008332042620186357,0.9615549587252666,0.02452390114719995
drishtiGS_035,DRISHTI,2356217,0,Normal,C:/Users/TRIPU/OneDrive/Documents/ML/end sem project/Drishti-GS1_files\Drishti-GS1_files\Drishti-GS1_files\Training\Images\drishtiGS_035.png,C:/Users/TRIPU/.gemini/antigravity/scratch/glaucoma_detection\data\processed\DRISHTI\normal\drishtiGS_035.png,development,4,,DRISHTI_training,True,3.9963723291702586,2.5933664432083727,0.764435960049065,0.29465230418417443,0.7757831277229905,0.05202999552891825,0.31496585107461444,0.01801543056613748,0.09952804308163953,0.01122210351748533,0.9500294793546175,0.03295035844707769
drishtiGS_036,DRISHTI,2360136,0,Normal,C:/Users/TRIPU/OneDrive/Documents/ML/end sem project/Drishti-GS1_files\Drishti-GS1_files\Drishti-GS1_files\Training\Images\drishtiGS_036.png,C:/Users/TRIPU/.gemini/antigravity/scratch/glaucoma_detection\data\processed\DRISHTI\normal\drishtiGS_036.png,development,0,,DRISHTI_training,False,2.0772635465317273,1.3573171281041216,0.5231376495668819,0.2063442291003019,0.8232457590851654,0.0480179116476235,0.29231656404095696,0.014421858543914964,0.0856569636165716,0.008318938968708455,0.9475261758317223,0.034398815496620765
drishtiGS_037,DRISHTI,2362130,0,Normal,C:/Users/TRIPU/OneDrive/Documents/ML/end sem project/Drishti-GS1_files\Drishti-GS1_files\Drishti-GS1_files\Training\Images\drishtiGS_037.png,C:/Users/TRIPU/.gemini/antigravity/scratch/glaucoma_detection\data\processed\DRISHTI\normal\drishtiGS_037.png,development,0,,DRISHTI_training,True,3.0395577635198676,1.922814986954785,0.5687603808556149,0.2339634544021976,0.8244228662385092,0.04983229896880289,0.3256226936607359,0.018724179819488162,0.10638073353678597,0.012049539503818206,0.92968205002211,0.04516240853290254
drishtiGS_038,DRISHTI,2362130,1,Glaucoma,C:/Users/TRIPU/OneDrive/Documents/ML/end sem project/Drishti-GS1_files\Drishti-GS1_files\Drishti-GS1_files\Training\Images\drishtiGS_038.png,C:/Users/TRIPU/.gemini/antigravity/scratch/glaucoma_detection\data\processed\DRISHTI\glaucoma\drishtiGS_038.png,development,0,,DRISHTI_training,True,2.963471859315367,1.848256127300573,0.5802537366648103,0.23476758763019284,0.8176998103399448,0.051280473674309913,0.29575862714834694,0.016286148123733007,0.08773840415338308,0.009510563808926552,0.9317133098996546,0.04320138805648025
drishtiGS_040,DRISHTI,2396691,1,Glaucoma,C:/Users/TRIPU/OneDrive/Documents/ML/end sem project/Drishti-GS1_files\Drishti-GS1_files\Drishti-GS1_files\Training\Images\drishtiGS_040.png,C:/Users/TRIPU/.gemini/antigravity/scratch/glaucoma_detection\data\processed\DRISHTI\glaucoma\drishtiGS_040.png,development,4,,DRISHTI_training,False,2.0309370389797863,1.2397623934271293,0.6204065212626412,0.2270510044779265,0.78165612465572,0.05392422922863821,0.28733475339809406,0.015283027953645245,0.08279483145377543,0.008669440746530248,0.9586900800832762,0.0254712207032669
drishtiGS_041,DRISHTI,2399380,0,Normal,C:/Users/TRIPU/OneDrive/Documents/ML/end sem project/Drishti-GS1_files\Drishti-GS1_files\Drishti-GS1_files\Training\Images\drishtiGS_041.png,C:/Users/TRIPU/.gemini/antigravity/scratch/glaucoma_detection\data\processed\DRISHTI\normal\drishtiGS_041.png,development,0,,DRISHTI_training,False,3.521037627965949,2.102354037082759,0.8108236046548266,0.2828878212513944,0.7448402763904817,0.05352599660251988,0.2851543169800435,0.014693536102738316,0.0815288844955576,0.008277044284773855,0.9484162822832142,0.03122152039425875
drishtiGS_042,DRISHTI,2399380,0,Normal,C:/Users/TRIPU/OneDrive/Documents/ML/end sem project/Drishti-GS1_files\Drishti-GS1_files\Drishti-GS1_files\Training\Images\drishtiGS_042.png,C:/Users/TRIPU/.gemini/antigravity/scratch/glaucoma_detection\data\processed\DRISHTI\normal\drishtiGS_042.png,development,0,,DRISHTI_training,False,2.900191537357056,1.6394013443204571,0.7730567140801777,0.25256204884047956,0.7486930452999063,0.04929554561256954,0.28933579776896584,0.014381226107127264,0.08392202353494822,0.00822423509982656,0.9532715704281407,0.02678519719588191
drishtiGS_044,DRISHTI,2477980,1,Glaucoma,C:/Users/TRIPU/OneDrive/Documents/ML/end sem project/Drishti-GS1_files\Drishti-GS1_files\Drishti-GS1_files\Training\Images\drishtiGS_044.png,C:/Users/TRIPU/.gemini/antigravity/scratch/glaucoma_detection\data\processed\DRISHTI\glaucoma\drishtiGS_044.png,development,0,,DRISHTI_training,False,0.9234736255272334,0.5863919384431132,0.32395850762205364,0.12352276703642642,0.8789236290920868,0.03296728891428293,0.3286099586507781,0.01497244858614415,0.10820867914113079,0.009722362840366424,0.9565147904949759,0.027837179623064465
drishtiGS_045,DRISHTI,2489693,1,Glaucoma,C:/Users/TRIPU/OneDrive/Documents/ML/end sem project/Drishti-GS1_files\Drishti-GS1_files\Drishti-GS1_files\Training\Images\drishtiGS_045.png,C:/Users/TRIPU/.gemini/antigravity/scratch/glaucoma_detection\data\processed\DRISHTI\glaucoma\drishtiGS_045.png,development,3,,DRISHTI_training,False,1.0660768850517341,0.6179455806084265,0.40865645370581394,0.14930254602943752,0.8424035074376532,0.0425892242382517,0.32693596522677587,0.01802427437084026,0.10721199982535895,0.01163724189485909,0.9429450678060305,0.03359486679971936
drishtiGS_046,DRISHTI,2508068,0,Normal,C:/Users/TRIPU/OneDrive/Documents/ML/end sem project/Drishti-GS1_files\Drishti-GS1_files\Drishti-GS1_files\Training\Images\drishtiGS_046.png,C:/Users/TRIPU/.gemini/antigravity/scratch/glaucoma_detection\data\processed\DRISHTI\normal\drishtiGS_046.png,development,3,,DRISHTI_training,False,2.320698089942845,1.3966282812533364,0.6207493504208016,0.2306022534198468,0.7899556571677456,0.05237540899726312,0.2869896081778101,0.015415032018677988,0.08260065841418983,0.008729330514607218,0.9577543948264283,0.02573498709675923
drishtiGS_047,DRISHTI,2508068,0,Normal,C:/Users/TRIPU/OneDrive/Documents/ML/end sem project/Drishti-GS1_files\Drishti-GS1_files\Drishti-GS1_files\Training\Images\drishtiGS_047.png,C:/Users/TRIPU/.gemini/antigravity/scratch/glaucoma_detection\data\processed\DRISHTI\normal\drishtiGS_047.png,development,3,,DRISHTI_training,False,1.6107457253858397,0.9585031956457702,0.4992403137729567,0.1760421286370928,0.8209563835169439,0.04301248071088057,0.3037705529708022,0.015432434068746545,0.09251470887347317,0.009265073602106383,0.9603472321421284,0.02391852282481487
drishtiGS_049,DRISHTI,2520061,1,Glaucoma,C:/Users/TRIPU/OneDrive/Documents/ML/end sem project/Drishti-GS1_files\Drishti-GS1_files\Drishti-GS1_files\Training\Images\drishtiGS_049.png,C:/Users/TRIPU/.gemini/antigravity/scratch/glaucoma_detection\data\processed\DRISHTI\glaucoma\drishtiGS_049.png,development,1,,DRISHTI_training,False,1.826012943223012,1.1221869125202746,0.48369269963512324,0.18685513121860525,0.8326470911024136,0.04547399667498581,0.3056146042561005,0.01571375098328698,0.09364720830457764,0.009481880161628601,0.9535722427675345,0.028882591615168266
drishtiGS_051,DRISHTI,2564907,1,Glaucoma,C:/Users/TRIPU/OneDrive/Documents/ML/end sem project/Drishti-GS1_files\Drishti-GS1_files\Drishti-GS1_files\Training\Images\drishtiGS_051.png,C:/Users/TRIPU/.gemini/antigravity/scratch/glaucoma_detection\data\processed\DRISHTI\glaucoma\drishtiGS_051.png,development,2,,DRISHTI_training,False,1.6155050192275988,1.0048590023397903,0.5322687762265175,0.20089730175035425,0.8088730486019827,0.050402566582073885,0.2853500260106664,0.015590106189831789,0.08166768875529822,0.008777023502131704,0.9602487038817484,0.024964587377806144
drishtiGS_057,DRISHTI,2617454,0,Normal,C:/Users/TRIPU/OneDrive/Documents/ML/end sem project/Drishti-GS1_files\Drishti-GS1_files\Drishti-GS1_files\Training\Images\drishtiGS_057.png,C:/Users/TRIPU/.gemini/antigravity/scratch/glaucoma_detection\data\processed\DRISHTI\normal\drishtiGS_057.png,development,2,,DRISHTI_training,True,1.571171985569518,0.9292722654119207,0.5171350386961299,0.18216688923603985,0.8122328352862683,0.04577983372048704,0.303880413357563,0.01635363654711412,0.0926107470506785,0.009824531266621708,0.948715041424305,0.03072846362281517
drishtiGS_058,DRISHTI,2639071,1,Glaucoma,C:/Users/TRIPU/OneDrive/Documents/ML/end sem project/Drishti-GS1_files\Drishti-GS1_files\Drishti-GS1_files\Training\Images\drishtiGS_058.png,C:/Users/TRIPU/.gemini/antigravity/scratch/glaucoma_detection\data\processed\DRISHTI\glaucoma\drishtiGS_058.png,development,1,,DRISHTI_training,False,2.1259877083109457,1.271197565046485,0.6059657040462121,0.2146744408184031,0.7926498530965579,0.04869922216341592,0.29657142478356835,0.016006375636340324,0.08821081405916738,0.009379464197254335,0.9501443180543484,0.030186086750635388
drishtiGS_060,DRISHTI,2682713,1,Glaucoma,C:/Users/TRIPU/OneDrive/Documents/ML/end sem project/Drishti-GS1_files\Drishti-GS1_files\Drishti-GS1_files\Training\Images\drishtiGS_060.png,C:/Users/TRIPU/.gemini/antigravity/scratch/glaucoma_detection\data\processed\DRISHTI\glaucoma\drishtiGS_060.png,development,3,,DRISHTI_training,False,2.6053923975171593,1.677645850376411,0.6313370687722873,0.2427990812790072,0.7928622578941723,0.05182425978363855,0.30196026001510806,0.016785919649684074,0.09146176572687732,0.010019719298452575,0.9609647462510623,0.025470195955953446
drishtiGS_061,DRISHTI,2694008,1,Glaucoma,C:/Users/TRIPU/OneDrive/Documents/ML/end sem project/Drishti-GS1_files\Drishti-GS1_files\Drishti-GS1_files\Training\Images\drishtiGS_061.png,C:/Users/TRIPU/.gemini/antigravity/scratch/glaucoma_detection\data\processed\DRISHTI\glaucoma\drishtiGS_061.png,development,0,,DRISHTI_training,False,1.7718898355868997,1.191482502347039,0.5211947569144817,0.21443184598132803,0.8159486666848302,0.05388971540666458,0.30578150386010267,0.014056387162848896,0.09369991012301787,0.008487950267395038,0.9704594301939568,0.01994909804755318
drishtiGS_062,DRISHTI,2694008,1,Glaucoma,C:/Users/TRIPU/OneDrive/Documents/ML/end sem project/Drishti-GS1_files\Drishti-GS1_files\Drishti-GS1_files\Training\Images\drishtiGS_062.png,C:/Users/TRIPU/.gemini/antigravity/scratch/glaucoma_detection\data\processed\DRISHTI\glaucoma\drishtiGS_062.png,development,0,,DRISHTI_training,False,1.2326507916941292,0.7576378884104334,0.4906904740133356,0.18540202544286027,0.8109392010514532,0.05339657775430253,0.2838770629491075,0.015385356215480797,0.08082289605448874,0.008606978802543271,0.9712634400068126,0.01776187006982321
drishtiGS_063,DRISHTI,2695077,1,Glaucoma,C:/Users/TRIPU/OneDrive/Documents/ML/end sem project/Drishti-GS1_files\Drishti-GS1_files\Drishti-GS1_files\Training\Images\drishtiGS_063.png,C:/Users/TRIPU/.gemini/antigravity/scratch/glaucoma_detection\data\processed\DRISHTI\glaucoma\drishtiGS_063.png,development,1,,DRISHTI_training,False,1.219866736930641,0.7407974934621593,0.467574020982693,0.15972441777420365,0.8231655070729814,0.040835197104006654,0.32003961047429735,0.015292971908467205,0.10265922726233316,0.009685577818756386,0.9632126081804785,0.02233619640676008
drishtiGS_064,DRISHTI,2708535,1,Glaucoma,C:/Users/TRIPU/OneDrive/Documents/ML/end sem project/Drishti-GS1_files\Drishti-GS1_files\Drishti-GS1_files\Training\Images\drishtiGS_064.png,C:/Users/TRIPU/.gemini/antigravity/scratch/glaucoma_detection\data\processed\DRISHTI\glaucoma\drishtiGS_064.png,development,1,,DRISHTI_training,False,1.2883112066360427,0.6998048459993929,0.47218956297984555,0.15566272647145415,0.823563521190907,0.041820572997896426,0.2944819183176439,0.014369734058420375,0.08692608947294926,0.008360867403106759,0.9569931728821018,0.023490518784999796
drishtiGS_066,DRISHTI,2711113,1,Glaucoma,C:/Users/TRIPU/OneDrive/Documents/ML/end sem project/Drishti-GS1_files\Drishti-GS1_files\Drishti-GS1_files\Training\Images\drishtiGS_066.png,C:/Users/TRIPU/.gemini/antigravity/scratch/glaucoma_detection\data\processed\DRISHTI\glaucoma\drishtiGS_066.png,development,4,,DRISHTI_training,False,2.795437159959899,1.7786785688479732,0.647720384956889,0.2477303213191608,0.7832030241015366,0.05466536805327782,0.28904504884581933,0.015613507901789716,0.08379082189128133,0.008908429450808629,0.9308616685634054,0.044434556487464964
drishtiGS_068,DRISHTI,2745345,1,Glaucoma,C:/Users/TRIPU/OneDrive/Documents/ML/end sem project/Drishti-GS1_files\Drishti-GS1_files\Drishti-GS1_files\Training\Images\drishtiGS_068.png,C:/Users/TRIPU/.gemini/antigravity/scratch/glaucoma_detection\data\processed\DRISHTI\glaucoma\drishtiGS_068.png,development,0,,DRISHTI_training,False,1.0133780398591496,0.6135619449686528,0.38004588793491245,0.12937824790926028,0.8550164108204211,0.03427736184352223,0.37850941599231347,0.014601714032893164,0.14348258804754063,0.010970501705803402,0.9563940155626495,0.02634827672105749
drishtiGS_069,DRISHTI,2745345,1,Glaucoma,C:/Users/TRIPU/OneDrive/Documents/ML/end sem project/Drishti-GS1_files\Drishti-GS1_files\Drishti-GS1_files\Training\Images\drishtiGS_069.png,C:/Users/TRIPU/.gemini/antigravity/scratch/glaucoma_detection\data\processed\DRISHTI\glaucoma\drishtiGS_069.png,development,0,,DRISHTI_training,False,1.6328144704212448,0.9509796021491274,0.5628626820795021,0.1864990952540435,0.7968335793512554,0.04379442104532257,0.2979759902027769,0.014793223514521833,0.08900853019927597,0.008713956378391934,0.9526550471512752,0.02770327023831204
drishtiGS_075,DRISHTI,2803745,1,Glaucoma,C:/Users/TRIPU/OneDrive/Documents/ML/end sem project/Drishti-GS1_files\Drishti-GS1_files\Drishti-GS1_files\Training\Images\drishtiGS_075.png,C:/Users/TRIPU/.gemini/antigravity/scratch/glaucoma_detection\data\processed\DRISHTI\glaucoma\drishtiGS_075.png,development,3,,DRISHTI_training,False,2.3186900073242853,1.5338344415847067,0.6218176214554845,0.2556220638719473,0.7912798964523744,0.059108425860957894,0.3167533416309936,0.01674459934841912,0.10061306104173999,0.010477151301858157,0.9665961397197248,0.022315498198407512
drishtiGS_076,DRISHTI,2804213,1,Glaucoma,C:/Users/TRIPU/OneDrive/Documents/ML/end sem project/Drishti-GS1_files\Drishti-GS1_files\Drishti-GS1_files\Training\Images\drishtiGS_076.png,C:/Users/TRIPU/.gemini/antigravity/scratch/glaucoma_detection\data\processed\DRISHTI\glaucoma\drishtiGS_076.png,development,3,,DRISHTI_training,False,0.9024304776145745,0.5421128128740362,0.3734426617532998,0.13484583161937572,0.8536910433416396,0.03882686424322217,0.30973245919418974,0.014927179251631832,0.09615701695889077,0.009133635984484335,0.9661352849681727,0.02042262654357044
drishtiGS_080,DRISHTI,2826276,1,Glaucoma,C:/Users/TRIPU/OneDrive/Documents/ML/end sem project/Drishti-GS1_files\Drishti-GS1_files\Drishti-GS1_files\Training\Images\drishtiGS_080.png,C:/Users/TRIPU/.gemini/antigravity/scratch/glaucoma_detection\data\processed\DRISHTI\glaucoma\drishtiGS_080.png,development,2,,DRISHTI_training,False,1.1225067647784244,0.6898363890298447,0.4342989825230099,0.15647310280219237,0.8348223538858833,0.04212788430575897,0.3155337183022781,0.015409278768990401,0.09979897325784186,0.00961131961615407,0.9545060936998581,0.028010580882463068
drishtiGS_081,DRISHTI,2827617,1,Glaucoma,C:/Users/TRIPU/OneDrive/Documents/ML/end sem project/Drishti-GS1_files\Drishti-GS1_files\Drishti-GS1_files\Training\Images\drishtiGS_081.png,C:/Users/TRIPU/.gemini/antigravity/scratch/glaucoma_detection\data\processed\DRISHTI\glaucoma\drishtiGS_081.png,development,1,,DRISHTI_training,False,1.3121970970486316,0.8119329857962649,0.4506464451486292,0.16847012193707744,0.8357915919931065,0.04261987019953172,0.3149534242352077,0.01647611167379577,0.09946712169337013,0.010252144317943544,0.9535754098568914,0.02905601299659908
drishtiGS_084,DRISHTI,2829822,1,Glaucoma,C:/Users/TRIPU/OneDrive/Documents/ML/end sem project/Drishti-GS1_files\Drishti-GS1_files\Drishti-GS1_files\Training\Images\drishtiGS_084.png,C:/Users/TRIPU/.gemini/antigravity/scratch/glaucoma_detection\data\processed\DRISHTI\glaucoma\drishtiGS_084.png,development,1,,DRISHTI_training,True,2.0903409376401427,1.2658368366761952,0.6030046423805627,0.217287871087765,0.7947396595228242,0.048665360212297934,0.29202016120850943,0.015443986630382298,0.08551429127528326,0.008905646739038499,0.9595329389742476,0.02481869706044639
drishtiGS_088,DRISHTI,2842932,1,Glaucoma,C:/Users/TRIPU/OneDrive/Documents/ML/end sem project/Drishti-GS1_files\Drishti-GS1_files\Drishti-GS1_files\Training\Images\drishtiGS_088.png,C:/Users/TRIPU/.gemini/antigravity/scratch/glaucoma_detection\data\processed\DRISHTI\glaucoma\drishtiGS_088.png,development,0,,DRISHTI_training,False,1.3836531188340508,0.8670046514416024,0.4324963846620624,0.16886922644523583,0.8421912692342554,0.045005645071723895,0.28889077651983786,0.01490635415283691,0.08368008015236468,0.008496510291423011,0.9649068330180358,0.022170986026743215
drishtiGS_089,DRISHTI,2864585,0,Normal,C:/Users/TRIPU/OneDrive/Documents/ML/end sem project/Drishti-GS1_files\Drishti-GS1_files\Drishti-GS1_files\Training\Images\drishtiGS_089.png,C:/Users/TRIPU/.gemini/antigravity/scratch/glaucoma_detection\data\processed\DRISHTI\normal\drishtiGS_089.png,development,3,,DRISHTI_training,False,1.986584245274609,1.20072578853349,0.6247902460294047,0.22908755199239103,0.7819183426983859,0.05360913282726802,0.2869931786092204,0.015588475145271933,0.08260808512557864,0.0088283450858181,0.9571011358081768,0.026212834018003086
drishtiGS_090,DRISHTI,2864585,0,Normal,C:/Users/TRIPU/OneDrive/Documents/ML/end sem project/Drishti-GS1_files\Drishti-GS1_files\Drishti-GS1_files\Training\Images\drishtiGS_090.png,C:/Users/TRIPU/.gemini/antigravity/scratch/glaucoma_detection\data\processed\DRISHTI\normal\drishtiGS_090.png,development,3,,DRISHTI_training,False,2.7617026257441535,1.7078061725917715,0.7222140972416892,0.2713089774984221,0.7634703562451803,0.057418482308298054,0.28711113761342094,0.015909179836840905,0.0826859073447537,0.009020520753092284,0.9577526148644583,0.026484565803976227
drishtiGS_092,DRISHTI,2864754,0,Normal,C:/Users/TRIPU/OneDrive/Documents/ML/end sem project/Drishti-GS1_files\Drishti-GS1_files\Drishti-GS1_files\Training\Images\drishtiGS_092.png,C:/Users/TRIPU/.gemini/antigravity/scratch/glaucoma_detection\data\processed\DRISHTI\normal\drishtiGS_092.png,development,2,,DRISHTI_training,False,2.40598323415878,1.4688389586052797,0.6233282246600582,0.2238963268520829,0.7899776949903764,0.048075103426069944,0.28413376779146304,0.014147648048973492,0.08093215394469067,0.007936780699513181,0.955355818077429,0.027526024560054263
drishtiGS_094,DRISHTI,2864781,0,Normal,C:/Users/TRIPU/OneDrive/Documents/ML/end sem project/Drishti-GS1_files\Drishti-GS1_files\Drishti-GS1_files\Training\Images\drishtiGS_094.png,C:/Users/TRIPU/.gemini/antigravity/scratch/glaucoma_detection\data\processed\DRISHTI\normal\drishtiGS_094.png,development,4,,DRISHTI_training,False,2.61685476554392,1.472488610404136,0.7276941503408428,0.23937681832147473,0.7570320278888394,0.050538827505084,0.2972370703490288,0.015582795717332005,0.08859269951204157,0.00915746082995214,0.937318994462414,0.0357698159403801
drishtiGS_098,DRISHTI,2864821,0,Normal,C:/Users/TRIPU/OneDrive/Documents/ML/end sem project/Drishti-GS1_files\Drishti-GS1_files\Drishti-GS1_files\Training\Images\drishtiGS_098.png,C:/Users/TRIPU/.gemini/antigravity/scratch/glaucoma_detection\data\processed\DRISHTI\normal\drishtiGS_098.png,development,2,,DRISHTI_training,False,1.52371162614168,0.9351603232571661,0.47893186491107437,0.18489918802376598,0.8288539850117372,0.04687961220010718,0.2932203310248452,0.014885902063495634,0.0861997526065638,0.008614218905099474,0.9591074865404366,0.025273470084980237
drishtiGS_101,DRISHTI,2864841,0,Normal,C:/Users/TRIPU/OneDrive/Documents/ML/end sem project/Drishti-GS1_files\Drishti-GS1_files\Drishti-GS1_files\Training\Images\drishtiGS_101.png,C:/Users/TRIPU/.gemini/antigravity/scratch/glaucoma_detection\data\processed\DRISHTI\normal\drishtiGS_101.png,development,0,,DRISHTI_training,False,2.3114915366271798,1.297231700562664,0.6475713498919816,0.2231217213622605,0.7813148437997555,0.05079749565744477,0.2976371027994044,0.01576621162463965,0.08883641839181618,0.009266467802827857,0.9516255990109187,0.027507513386174628
drishtiGS_001,DRISHTI,1077987,1,Glaucoma,C:/Users/TRIPU/OneDrive/Documents/ML/end sem project/Drishti-GS1_files\Drishti-GS1_files\Drishti-GS1_files\Test\Images\drishtiGS_001.png,C:/Users/TRIPU/.gemini/antigravity/scratch/glaucoma_detection\data\processed\DRISHTI\glaucoma\drishtiGS_001.png,development,4,,DRISHTI_test,False,3.5306397176488233,2.422409132368844,0.5608305648845203,0.2525003314179519,0.8334202536597258,0.04869792284010114,0.33100695137804054,0.017079482532691172,0.10985731058416905,0.01117154849732348,0.9209505818135136,0.05457897261355545
drishtiGS_003,DRISHTI,1393265,1,Glaucoma,C:/Users/TRIPU/OneDrive/Documents/ML/end sem project/Drishti-GS1_files\Drishti-GS1_files\Drishti-GS1_files\Test\Images\drishtiGS_003.png,C:/Users/TRIPU/.gemini/antigravity/scratch/glaucoma_detection\data\processed\DRISHTI\glaucoma\drishtiGS_003.png,development,2,,DRISHTI_test,False,0.9803749351226707,0.5430440495311194,0.44348528962925254,0.148040255657485,0.8212569328602929,0.04462701806368284,0.3153618128709625,0.01623516150802058,0.09971665348645146,0.010137885026231565,0.9466758154136851,0.029750949858923778
drishtiGS_005,DRISHTI,1481925,1,Glaucoma,C:/Users/TRIPU/OneDrive/Documents/ML/end sem project/Drishti-GS1_files\Drishti-GS1_files\Drishti-GS1_files\Test\Images\drishtiGS_005.png,C:/Users/TRIPU/.gemini/antigravity/scratch/glaucoma_detection\data\processed\DRISHTI\glaucoma\drishtiGS_005.png,development,4,,DRISHTI_test,False,1.19889695384994,0.779867605083655,0.456810068747723,0.1815256613436593,0.8285661934830973,0.04860850322114121,0.2939221803242363,0.01473563699872267,0.08660738708431097,0.00854559297718802,0.9737249450580617,0.01710895117067433
drishtiGS_006,DRISHTI,1514781,1,Glaucoma,C:/Users/TRIPU/OneDrive/Documents/ML/end sem project/Drishti-GS1_files\Drishti-GS1_files\Drishti-GS1_files\Test\Images\drishtiGS_006.png,C:/Users/TRIPU/.gemini/antigravity/scratch/glaucoma_detection\data\processed\DRISHTI\glaucoma\drishtiGS_006.png,development,3,,DRISHTI_test,True,1.5311687241981782,0.9049090121518433,0.5262901787240003,0.18779416975724417,0.8109868494120079,0.04648420846122506,0.28996814152634603,0.014451370548713068,0.08429036521097928,0.008265386415796931,0.9552097821646148,0.026666713493023905
drishtiGS_007,DRISHTI,1514781,0,Normal,C:/Users/TRIPU/OneDrive/Documents/ML/end sem project/Drishti-GS1_files\Drishti-GS1_files\Drishti-GS1_files\Test\Images\drishtiGS_007.png,C:/Users/TRIPU/.gemini/antigravity/scratch/glaucoma_detection\data\processed\DRISHTI\normal\drishtiGS_007.png,development,3,,DRISHTI_test,True,2.819315279914665,1.8286189243627482,0.6359884987845055,0.25351765573249535,0.7979878934326452,0.05314435703360256,0.28395526574661295,0.01557357594402619,0.08087312921291394,0.008724678097166387,0.9607007338683725,0.025785058831265088
drishtiGS_009,DRISHTI,1558499,0,Normal,C:/Users/TRIPU/OneDrive/Documents/ML/end sem project/Drishti-GS1_files\Drishti-GS1_files\Drishti-GS1_files\Test\Images\drishtiGS_009.png,C:/Users/TRIPU/.gemini/antigravity/scratch/glaucoma_detection\data\processed\DRISHTI\normal\drishtiGS_009.png,development,1,,DRISHTI_test,False,1.4018946836033475,0.8807286857348557,0.4350898635166656,0.1636109762376221,0.8410406262765787,0.04129619985976909,0.3539135019942114,0.017804102164465006,0.12557175294768944,0.012475395683534216,0.9410562584455165,0.03745281036129957
drishtiGS_011,DRISHTI,1731185,1,Glaucoma,C:/Users/TRIPU/OneDrive/Documents/ML/end sem project/Drishti-GS1_files\Drishti-GS1_files\Drishti-GS1_files\Test\Images\drishtiGS_011.png,C:/Users/TRIPU/.gemini/antigravity/scratch/glaucoma_detection\data\processed\DRISHTI\glaucoma\drishtiGS_011.png,development,4,,DRISHTI_test,False,1.6156785203718866,0.9993770351724944,0.5318987039998111,0.19317739705148385,0.8046037000482693,0.049643867778725814,0.2953426604334904,0.016716655330372268,0.0875067336373665,0.00975234174979157,0.9618331632744977,0.02393744107352793
drishtiGS_013,DRISHTI,1895846,0,Normal,C:/Users/TRIPU/OneDrive/Documents/ML/end sem project/Drishti-GS1_files\Drishti-GS1_files\Drishti-GS1_files\Test\Images\drishtiGS_013.png,C:/Users/TRIPU/.gemini/antigravity/scratch/glaucoma_detection\data\processed\DRISHTI\normal\drishtiGS_013.png,development,2,,DRISHTI_test,False,0.5677780688225416,0.3276419830013841,0.30171770810844206,0.10668160612119547,0.8723198571799675,0.035375929665851194,0.3241623141473104,0.01602314363375477,0.10533794704524745,0.0102736869946991,0.9582746430611292,0.02419708206170485
drishtiGS_014,DRISHTI,1972140,1,Glaucoma,C:/Users/TRIPU/OneDrive/Documents/ML/end sem project/Drishti-GS1_files\Drishti-GS1_files\Drishti-GS1_files\Test\Images\drishtiGS_014.png,C:/Users/TRIPU/.gemini/antigravity/scratch/glaucoma_detection\data\processed\DRISHTI\glaucoma\drishtiGS_014.png,development,2,,DRISHTI_test,False,2.827444419088915,1.8302037142511354,0.5567023238744162,0.23266735926396157,0.8183987148499724,0.05314224307175053,0.3222664581869834,0.017896135016490525,0.1041759417209112,0.011399254542826812,0.9349005874297261,0.042584877399171966
drishtiGS_019,DRISHTI,2020775,1,Glaucoma,C:/Users/TRIPU/OneDrive/Documents/ML/end sem project/Drishti-GS1_files\Drishti-GS1_files\Drishti-GS1_files\Test\Images\drishtiGS_019.png,C:/Users/TRIPU/.gemini/antigravity/scratch/glaucoma_detection\data\processed\DRISHTI\glaucoma\drishtiGS_019.png,development,1,,DRISHTI_test,False,2.8171892970900614,1.7493527102586206,0.7682321682934751,0.2813846815948746,0.7475079740754683,0.05798638648466468,0.2866045477212276,0.015877092469679038,0.08239424883978018,0.008989371141891774,0.9518559570633999,0.030184535343394808
drishtiGS_020,DRISHTI,2030682,1,Glaucoma,C:/Users/TRIPU/OneDrive/Documents/ML/end sem project/Drishti-GS1_files\Drishti-GS1_files\Drishti-GS1_files\Test\Images\drishtiGS_020.png,C:/Users/TRIPU/.gemini/antigravity/scratch/glaucoma_detection\data\processed\DRISHTI\glaucoma\drishtiGS_020.png,development,2,,DRISHTI_test,False,1.4252186972241667,0.9158824607115102,0.43757674596200885,0.169739528781287,0.8418741398974419,0.04368703758549099,0.29648839964680035,0.015053736139560564,0.08813198609688029,0.008804897527903897,0.9610502647680274,0.025129352997129217
drishtiGS_021,DRISHTI,2040729,1,Glaucoma,C:/Users/TRIPU/OneDrive/Documents/ML/end sem project/Drishti-GS1_files\Drishti-GS1_files\Drishti-GS1_files\Test\Images\drishtiGS_021.png,C:/Users/TRIPU/.gemini/antigravity/scratch/glaucoma_detection\data\processed\DRISHTI\glaucoma\drishtiGS_021.png,development,1,,DRISHTI_test,False,1.077044729345147,0.6782691339272799,0.44061700419552324,0.1676580835003712,0.8274363570409369,0.0485891097615192,0.29481242406664004,0.016112430866668248,0.08717397581248158,0.009383916399502827,0.9666474117015836,0.021109792908487062
drishtiGS_023,DRISHTI,2070741,1,Glaucoma,C:/Users/TRIPU/OneDrive/Documents/ML/end sem project/Drishti-GS1_files\Drishti-GS1_files\Drishti-GS1_files\Test\Images\drishtiGS_023.png,C:/Users/TRIPU/.gemini/antigravity/scratch/glaucoma_detection\data\processed\DRISHTI\glaucoma\drishtiGS_023.png,development,4,,DRISHTI_test,False,2.3839680322952534,1.4462661936705772,0.588468287758222,0.2115919274735387,0.8009402349221274,0.047585862451680463,0.2929306572442261,0.015102787821767948,0.08603646415352366,0.008740230111101411,0.946339999823454,0.03298386394876888
drishtiGS_025,DRISHTI,2209395,1,Glaucoma,C:/Users/TRIPU/OneDrive/Documents/ML/end sem project/Drishti-GS1_files\Drishti-GS1_files\Drishti-GS1_files\Test\Images\drishtiGS_025.png,C:/Users/TRIPU/.gemini/antigravity/scratch/glaucoma_detection\data\processed\DRISHTI\glaucoma\drishtiGS_025.png,development,0,,DRISHTI_test,False,1.0284060797217134,0.6497382631069657,0.3791457785962429,0.13642199527915277,0.8567939249279033,0.0357099978665724,0.34433459514020837,0.015054297854867433,0.11879294529427424,0.01025986201972977,0.9624942365605772,0.023740405063898226
drishtiGS_027,DRISHTI,2248277,1,Glaucoma,C:/Users/TRIPU/OneDrive/Documents/ML/end sem project/Drishti-GS1_files\Drishti-GS1_files\Drishti-GS1_files\Test\Images\drishtiGS_027.png,C:/Users/TRIPU/.gemini/antigravity/scratch/glaucoma_detection\data\processed\DRISHTI\glaucoma\drishtiGS_027.png,development,2,,DRISHTI_test,False,3.2069930148733667,2.0203094654121965,0.7390950573712965,0.2729727152734398,0.766582826115883,0.053245959310254276,0.2832019916322362,0.015130417051121203,0.08043229758460604,0.008462450929555181,0.9553517011567644,0.028517944578551117
drishtiGS_028,DRISHTI,2248277,1,Glaucoma,C:/Users/TRIPU/OneDrive/Documents/ML/end sem project/Drishti-GS1_files\Drishti-GS1_files\Drishti-GS1_files\Test\Images\drishtiGS_028.png,C:/Users/TRIPU/.gemini/antigravity/scratch/glaucoma_detection\data\processed\DRISHTI\glaucoma\drishtiGS_028.png,development,2,,DRISHTI_test,False,1.8235408907237858,1.144362200942267,0.5521403481845458,0.2016127465511204,0.807773946277095,0.045774630015757836,0.30047697330749373,0.015559860271632177,0.09052852073970503,0.009241118440303155,0.9532635575082625,0.029714145922225536
drishtiGS_029,DRISHTI,2292498,1,Glaucoma,C:/Users/TRIPU/OneDrive/Documents/ML/end sem project/Drishti-GS1_files\Drishti-GS1_files\Drishti-GS1_files\Test\Images\drishtiGS_029.png,C:/Users/TRIPU/.gemini/antigravity/scratch/glaucoma_detection\data\processed\DRISHTI\glaucoma\drishtiGS_029.png,development,1,,DRISHTI_test,False,1.1212571942091596,0.7215630155950261,0.38551610943439824,0.152532945329455,0.8588115432285135,0.03980024924343941,0.33236592860882685,0.016481345898121034,0.11073874526262133,0.010823935570940427,0.9623757297664897,0.024492154797573343
drishtiGS_030,DRISHTI,2292498,1,Glaucoma,C:/Users/TRIPU/OneDrive/Documents/ML/end sem project/Drishti-GS1_files\Drishti-GS1_files\Drishti-GS1_files\Test\Images\drishtiGS_030.png,C:/Users/TRIPU/.gemini/antigravity/scratch/glaucoma_detection\data\processed\DRISHTI\glaucoma\drishtiGS_030.png,development,1,,DRISHTI_test,False,1.140932506480083,0.710660566518865,0.3836093066221642,0.14640329859438428,0.8589903108299802,0.03821711252577953,0.31630005704863773,0.015858799120515004,0.10029722759851634,0.009909050818808654,0.960320351707161,0.024978531661390652
drishtiGS_034,DRISHTI,2356217,1,Glaucoma,C:/Users/TRIPU/OneDrive/Documents/ML/end sem project/Drishti-GS1_files\Drishti-GS1_files\Drishti-GS1_files\Test\Images\drishtiGS_034.png,C:/Users/TRIPU/.gemini/antigravity/scratch/glaucoma_detection\data\processed\DRISHTI\glaucoma\drishtiGS_034.png,development,4,,DRISHTI_test,True,2.0661194442178843,1.3028856715304706,0.5772328532050038,0.2226001758824865,0.8048831284222447,0.050782724598215874,0.30204936427974033,0.016913444343600464,0.09151988306135937,0.010089695818884581,0.9547499153239993,0.028892202652427586
drishtiGS_039,DRISHTI,2396691,1,Glaucoma,C:/Users/TRIPU/OneDrive/Documents/ML/end sem project/Drishti-GS1_files\Drishti-GS1_files\Drishti-GS1_files\Test\Images\drishtiGS_039.png,C:/Users/TRIPU/.gemini/antigravity/scratch/glaucoma_detection\data\processed\DRISHTI\glaucoma\drishtiGS_039.png,development,4,,DRISHTI_test,False,1.6744712508031367,1.0722035002661692,0.5335627600431982,0.20808125876130118,0.8089315370276355,0.0520204228477706,0.29051127634965584,0.015628769342904324,0.0846410601174798,0.008960438269443005,0.9615466425725293,0.024859265580819696
drishtiGS_043,DRISHTI,2477980,1,Glaucoma,C:/Users/TRIPU/OneDrive/Documents/ML/end sem project/Drishti-GS1_files\Drishti-GS1_files\Drishti-GS1_files\Test\Images\drishtiGS_043.png,C:/Users/TRIPU/.gemini/antigravity/scratch/glaucoma_detection\data\processed\DRISHTI\glaucoma\drishtiGS_043.png,development,0,,DRISHTI_test,False,0.9931382664419438,0.5994357367784245,0.3348051766351498,0.12158989629061165,0.8762127143027519,0.031735229800866994,0.319987073821937,0.014026146273570178,0.10258846019241331,0.008870323279348617,0.9596886436658734,0.024602319698818178
drishtiGS_048,DRISHTI,2520061,1,Glaucoma,C:/Users/TRIPU/OneDrive/Documents/ML/end sem project/Drishti-GS1_files\Drishti-GS1_files\Drishti-GS1_files\Test\Images\drishtiGS_048.png,C:/Users/TRIPU/.gemini/antigravity/scratch/glaucoma_detection\data\processed\DRISHTI\glaucoma\drishtiGS_048.png,development,1,,DRISHTI_test,False,2.134543540033472,1.4432909785792671,0.4616980278079608,0.19727711593146036,0.8535975482740051,0.04219302749627984,0.3355760932226534,0.017533991865776505,0.11291875521332805,0.011616115150766685,0.9487486339685819,0.03507419290752922
drishtiGS_050,DRISHTI,2564907,1,Glaucoma,C:/Users/TRIPU/OneDrive/Documents/ML/end sem project/Drishti-GS1_files\Drishti-GS1_files\Drishti-GS1_files\Test\Images\drishtiGS_050.png,C:/Users/TRIPU/.gemini/antigravity/scratch/glaucoma_detection\data\processed\DRISHTI\glaucoma\drishtiGS_050.png,development,2,,DRISHTI_test,False,1.8899880098727249,1.2033912074410502,0.5551456983775939,0.21416493601035597,0.8071040782780968,0.05136132194192747,0.283490501760059,0.015511879602039211,0.08060748299695823,0.008671382339448377,0.9634287826561695,0.023541420821206263
drishtiGS_052,DRISHTI,2575322,1,Glaucoma,C:/Users/TRIPU/OneDrive/Documents/ML/end sem project/Drishti-GS1_files\Drishti-GS1_files\Drishti-GS1_files\Test\Images\drishtiGS_052.png,C:/Users/TRIPU/.gemini/antigravity/scratch/glaucoma_detection\data\processed\DRISHTI\glaucoma\drishtiGS_052.png,development,0,,DRISHTI_test,False,0.8257081868826667,0.4988473479779864,0.35979845364858853,0.12484468683326941,0.857274667249046,0.0351655647067303,0.3579433883200005,0.01576084569583639,0.12837187349905063,0.011170567687239225,0.9538690284309735,0.027982769486743202
drishtiGS_053,DRISHTI,2575322,1,Glaucoma,C:/Users/TRIPU/OneDrive/Documents/ML/end sem project/Drishti-GS1_files\Drishti-GS1_files\Drishti-GS1_files\Test\Images\drishtiGS_053.png,C:/Users/TRIPU/.gemini/antigravity/scratch/glaucoma_detection\data\processed\DRISHTI\glaucoma\drishtiGS_053.png,development,0,,DRISHTI_test,False,2.0861821272189363,1.2778842420214633,0.6204815349715228,0.21991094058387117,0.7849155908688666,0.049296217029860374,0.2969899482111641,0.015777744659826443,0.08845196656502063,0.009258075576010686,0.9577682745625705,0.02617747574602399
drishtiGS_054,DRISHTI,2598343,1,Glaucoma,C:/Users/TRIPU/OneDrive/Documents/ML/end sem project/Drishti-GS1_files\Drishti-GS1_files\Drishti-GS1_files\Test\Images\drishtiGS_054.png,C:/Users/TRIPU/.gemini/antigravity/scratch/glaucoma_detection\data\processed\DRISHTI\glaucoma\drishtiGS_054.png,development,2,,DRISHTI_test,False,2.3523637053377904,1.4538282708791137,0.6145031007444639,0.22399289621937968,0.7912921564107634,0.04963993546602949,0.2892129541188029,0.015347056060909121,0.08387966495986145,0.008771810346339306,0.9496427520124122,0.03150168030207057
drishtiGS_055,DRISHTI,2598343,1,Glaucoma,C:/Users/TRIPU/OneDrive/Documents/ML/end sem project/Drishti-GS1_files\Drishti-GS1_files\Drishti-GS1_files\Test\Images\drishtiGS_055.png,C:/Users/TRIPU/.gemini/antigravity/scratch/glaucoma_detection\data\processed\DRISHTI\glaucoma\drishtiGS_055.png,development,2,,DRISHTI_test,False,1.882135101118071,1.2406302576702066,0.42696381558774327,0.1767510608280614,0.8621702148998508,0.038537314456565386,0.4388727574937397,0.014339190386407453,0.19281490965109657,0.012484952503346526,0.9666566210250188,0.022051873830877148
drishtiGS_056,DRISHTI,2617454,1,Glaucoma,C:/Users/TRIPU/OneDrive/Documents/ML/end sem project/Drishti-GS1_files\Drishti-GS1_files\Drishti-GS1_files\Test\Images\drishtiGS_056.png,C:/Users/TRIPU/.gemini/antigravity/scratch/glaucoma_detection\data\processed\DRISHTI\glaucoma\drishtiGS_056.png,development,2,,DRISHTI_test,True,1.8087353408041364,1.122526138611513,0.5263343545766612,0.19982052763785652,0.8159157404871854,0.04863539443924959,0.30686466667751017,0.017176582808498982,0.09446095865207664,0.01040802502067507,0.9489286711511475,0.03213540034752045
drishtiGS_059,DRISHTI,2682713,1,Glaucoma,C:/Users/TRIPU/OneDrive/Documents/ML/end sem project/Drishti-GS1_files\Drishti-GS1_files\Drishti-GS1_files\Test\Images\drishtiGS_059.png,C:/Users/TRIPU/.gemini/antigravity/scratch/glaucoma_detection\data\processed\DRISHTI\glaucoma\drishtiGS_059.png,development,3,,DRISHTI_test,False,1.1086839859335964,0.6833344916908595,0.3955153819072204,0.14636970409007136,0.8524039921055433,0.03840079829917359,0.31074228637545576,0.015039241577252458,0.09678694732906468,0.009234051958287927,0.9639141951825652,0.022485777719970144
drishtiGS_065,DRISHTI,2708535,1,Glaucoma,C:/Users/TRIPU/OneDrive/Documents/ML/end sem project/Drishti-GS1_files\Drishti-GS1_files\Drishti-GS1_files\Test\Images\drishtiGS_065.png,C:/Users/TRIPU/.gemini/antigravity/scratch/glaucoma_detection\data\processed\DRISHTI\glaucoma\drishtiGS_065.png,development,1,,DRISHTI_test,False,0.9000953827169117,0.4997920616338245,0.41369653781800103,0.1374175116498244,0.8335629943977639,0.04090763955538033,0.30128527291061924,0.01498677368314229,0.09099741905825602,0.008919198823311362,0.9590593268136991,0.022814628780710826
drishtiGS_067,DRISHTI,2737392,1,Glaucoma,C:/Users/TRIPU/OneDrive/Documents/ML/end sem project/Drishti-GS1_files\Drishti-GS1_files\Drishti-GS1_files\Test\Images\drishtiGS_067.png,C:/Users/TRIPU/.gemini/antigravity/scratch/glaucoma_detection\data\processed\DRISHTI\glaucoma\drishtiGS_067.png,development,0,,DRISHTI_test,False,2.5677344022305904,1.6222214292222081,0.5806524939114475,0.22677075641293298,0.8063527723553395,0.05075317761882882,0.31299438548257813,0.016919249502950488,0.09825174634735978,0.010464421887008747,0.9286955628658302,0.04547893510711368
drishtiGS_070,DRISHTI,2763334,1,Glaucoma,C:/Users/TRIPU/OneDrive/Documents/ML/end sem project/Drishti-GS1_files\Drishti-GS1_files\Drishti-GS1_files\Test\Images\drishtiGS_070.png,C:/Users/TRIPU/.gemini/antigravity/scratch/glaucoma_detection\data\processed\DRISHTI\glaucoma\drishtiGS_070.png,development,3,,DRISHTI_test,False,2.145089634684551,1.3556008255830874,0.579370742238701,0.2252137551884583,0.8067411055313928,0.05070092783185681,0.32009338299609796,0.018896905763847373,0.10281686688533441,0.01194350520848734,0.9410747258713368,0.037750606975555163
drishtiGS_071,DRISHTI,2763334,1,Glaucoma,C:/Users/TRIPU/OneDrive/Documents/ML/end sem project/Drishti-GS1_files\Drishti-GS1_files\Drishti-GS1_files\Test\Images\drishtiGS_071.png,C:/Users/TRIPU/.gemini/antigravity/scratch/glaucoma_detection\data\processed\DRISHTI\glaucoma\drishtiGS_071.png,development,3,,DRISHTI_test,False,2.6418294396424584,1.6555294619830614,0.6174543129624405,0.24644758091763225,0.7960952727036522,0.05633495548937509,0.29836367652919654,0.01653072264291821,0.0892941482631161,0.009737334820870169,0.9322494750607476,0.04286603000403775
drishtiGS_072,DRISHTI,2769581,0,Normal,C:/Users/TRIPU/OneDrive/Documents/ML/end sem project/Drishti-GS1_files\Drishti-GS1_files\Drishti-GS1_files\Test\Images\drishtiGS_072.png,C:/Users/TRIPU/.gemini/antigravity/scratch/glaucoma_detection\data\processed\DRISHTI\normal\drishtiGS_072.png,development,4,,DRISHTI_test,False,1.331018423858703,0.8321582658312399,0.4586327275798821,0.1664168988708091,0.8313774410754134,0.04194205452648271,0.329217165501359,0.016598278431134924,0.10865944490762665,0.010812495016218041,0.9534072716884393,0.029537934892211657
drishtiGS_073,DRISHTI,2796817,1,Glaucoma,C:/Users/TRIPU/OneDrive/Documents/ML/end sem project/Drishti-GS1_files\Drishti-GS1_files\Drishti-GS1_files\Test\Images\drishtiGS_073.png,C:/Users/TRIPU/.gemini/antigravity/scratch/glaucoma_detection\data\processed\DRISHTI\glaucoma\drishtiGS_073.png,development,3,,DRISHTI_test,False,2.7713255312292886,1.7594526129985755,0.6460802092840496,0.2377226248987259,0.7947512260777173,0.04563747439544064,0.31221915653441706,0.014842833609002152,0.09770111141660731,0.0091603223849119,0.9613855161162567,0.024798763734076537
drishtiGS_074,DRISHTI,2797768,1,Glaucoma,C:/Users/TRIPU/OneDrive/Documents/ML/end sem project/Drishti-GS1_files\Drishti-GS1_files\Drishti-GS1_files\Test\Images\drishtiGS_074.png,C:/Users/TRIPU/.gemini/antigravity/scratch/glaucoma_detection\data\processed\DRISHTI\glaucoma\drishtiGS_074.png,development,3,,DRISHTI_test,False,2.050952783804979,1.340767429582517,0.4626493085674943,0.19042861756990304,0.8514982920705699,0.042411858445138326,0.3454613725727586,0.01912143434376057,0.11970918919121709,0.01305338651575091,0.9487136246974095,0.034003425792975606
drishtiGS_077,DRISHTI,2804213,1,Glaucoma,C:/Users/TRIPU/OneDrive/Documents/ML/end sem project/Drishti-GS1_files\Drishti-GS1_files\Drishti-GS1_files\Test\Images\drishtiGS_077.png,C:/Users/TRIPU/.gemini/antigravity/scratch/glaucoma_detection\data\processed\DRISHTI\glaucoma\drishtiGS_077.png,development,3,,DRISHTI_test,False,1.4405132645523215,0.8723964253332605,0.510740636434349,0.18495812874594753,0.8133076962329905,0.04654261075024983,0.30269152742479716,0.01574270339125112,0.09186999348482167,0.009417075025683093,0.9619682879209731,0.02321112060991753
drishtiGS_078,DRISHTI,2804233,0,Normal,C:/Users/TRIPU/OneDrive/Documents/ML/end sem project/Drishti-GS1_files\Drishti-GS1_files\Drishti-GS1_files\Test\Images\drishtiGS_078.png,C:/Users/TRIPU/.gemini/antigravity/scratch/glaucoma_detection\data\processed\DRISHTI\normal\drishtiGS_078.png,development,2,,DRISHTI_test,False,1.5030809490372297,0.8545808098251089,0.5608043574998641,0.19478039229364608,0.7921311732452855,0.0511336218113573,0.2877123746870483,0.015425379807843642,0.08301635289027669,0.008765064685803311,0.9583149193460341,0.023913598400424455
drishtiGS_079,DRISHTI,2816193,1,Glaucoma,C:/Users/TRIPU/OneDrive/Documents/ML/end sem project/Drishti-GS1_files\Drishti-GS1_files\Drishti-GS1_files\Test\Images\drishtiGS_079.png,C:/Users/TRIPU/.gemini/antigravity/scratch/glaucoma_detection\data\processed\DRISHTI\glaucoma\drishtiGS_079.png,development,2,,DRISHTI_test,False,3.6770352415160628,2.326137147908627,0.6723225830290427,0.26244803309326387,0.8000697062287981,0.0506880420989236,0.30981780037492007,0.01686409905215309,0.09627146726599466,0.010328119861389718,0.9339611657193144,0.04238361441944289
drishtiGS_082,DRISHTI,2827617,1,Glaucoma,C:/Users/TRIPU/OneDrive/Documents/ML/end sem project/Drishti-GS1_files\Drishti-GS1_files\Drishti-GS1_files\Test\Images\drishtiGS_082.png,C:/Users/TRIPU/.gemini/antigravity/scratch/glaucoma_detection\data\processed\DRISHTI\glaucoma\drishtiGS_082.png,development,1,,DRISHTI_test,False,1.1713544243912755,0.7054497939311182,0.40051823329704944,0.14247896879709332,0.8531732347073819,0.03584365398692819,0.3813434026746112,0.017497043924069738,0.1457289373095315,0.013216996555082147,0.9518449503626668,0.029388569064423452
drishtiGS_083,DRISHTI,2828224,1,Glaucoma,C:/Users/TRIPU/OneDrive/Documents/ML/end sem project/Drishti-GS1_files\Drishti-GS1_files\Drishti-GS1_files\Test\Images\drishtiGS_083.png,C:/Users/TRIPU/.gemini/antigravity/scratch/glaucoma_detection\data\processed\DRISHTI\glaucoma\drishtiGS_083.png,development,2,,DRISHTI_test,False,1.528907457380404,0.915118932403845,0.49872946980651345,0.1714184544937254,0.8210896872838398,0.0401978655676063,0.3021283822909051,0.014426121815639044,0.09148967237635897,0.00861582931955413,0.9643521371197404,0.02153401965544996
drishtiGS_085,DRISHTI,2829822,0,Normal,C:/Users/TRIPU/OneDrive/Documents/ML/end sem project/Drishti-GS1_files\Drishti-GS1_files\Drishti-GS1_files\Test\Images\drishtiGS_085.png,C:/Users/TRIPU/.gemini/antigravity/scratch/glaucoma_detection\data\processed\DRISHTI\normal\drishtiGS_085.png,development,1,,DRISHTI_test,True,2.2225547626753523,1.3991681473027893,0.6095426165954034,0.22387349445927912,0.7974171402114775,0.04648342735158756,0.3062569141215356,0.015462897131972193,0.09403239863495959,0.009363102365998058,0.9566741270997235,0.027587993073826984
drishtiGS_086,DRISHTI,2835701,1,Glaucoma,C:/Users/TRIPU/OneDrive/Documents/ML/end sem project/Drishti-GS1_files\Drishti-GS1_files\Drishti-GS1_files\Test\Images\drishtiGS_086.png,C:/Users/TRIPU/.gemini/antigravity/scratch/glaucoma_detection\data\processed\DRISHTI\glaucoma\drishtiGS_086.png,development,3,,DRISHTI_test,False,1.9967858558359664,1.1498285552227863,0.6114454065007944,0.2128865948606951,0.7873114038901048,0.05037796975006769,0.277714368907893,0.01385916267019624,0.07731734708782824,0.007594255841680067,0.9616625257645111,0.02222666025301133
drishtiGS_087,DRISHTI,2839795,1,Glaucoma,C:/Users/TRIPU/OneDrive/Documents/ML/end sem project/Drishti-GS1_files\Drishti-GS1_files\Drishti-GS1_files\Test\Images\drishtiGS_087.png,C:/Users/TRIPU/.gemini/antigravity/scratch/glaucoma_detection\data\processed\DRISHTI\glaucoma\drishtiGS_087.png,development,0,,DRISHTI_test,False,1.372608927875822,0.8380843275441859,0.4895225481461533,0.1764606229280964,0.8186079207061607,0.045060879008387976,0.3038014488434802,0.016194777520642658,0.09255759113834083,0.009718150881933727,0.9656751778304139,0.021185744193585803
drishtiGS_091,DRISHTI,2864740,0,Normal,C:/Users/TRIPU/OneDrive/Documents/ML/end sem project/Drishti-GS1_files\Drishti-GS1_files\Drishti-GS1_files\Test\Images\drishtiGS_091.png,C:/Users/TRIPU/.gemini/antigravity/scratch/glaucoma_detection\data\processed\DRISHTI\normal\drishtiGS_091.png,development,4,,DRISHTI_test,False,1.5971422379414377,0.8832643415658067,0.5195258520851224,0.17165366670040608,0.8115836279989969,0.04320756173732362,0.28704861114595626,0.013906118586013979,0.08259028529495069,0.007879676290112676,0.9599534922127315,0.022331701218654777
drishtiGS_093,DRISHTI,2864766,0,Normal,C:/Users/TRIPU/OneDrive/Documents/ML/end sem project/Drishti-GS1_files\Drishti-GS1_files\Drishti-GS1_files\Test\Images\drishtiGS_093.png,C:/Users/TRIPU/.gemini/antigravity/scratch/glaucoma_detection\data\processed\DRISHTI\normal\drishtiGS_093.png,development,3,,DRISHTI_test,False,1.927763387720548,1.121522853004079,0.5393375265509232,0.19159816514450398,0.8107676024247569,0.046816949668461665,0.28031115025098247,0.013245607496687416,0.07874978707298518,0.0073230829864649885,0.9632885517013497,0.02148205186952024
drishtiGS_095,DRISHTI,2864781,0,Normal,C:/Users/TRIPU/OneDrive/Documents/ML/end sem project/Drishti-GS1_files\Drishti-GS1_files\Drishti-GS1_files\Test\Images\drishtiGS_095.png,C:/Users/TRIPU/.gemini/antigravity/scratch/glaucoma_detection\data\processed\DRISHTI\normal\drishtiGS_095.png,development,4,,DRISHTI_test,False,1.9186369120979414,1.0797070847134205,0.6015508294655315,0.20516132818225782,0.7887710056379293,0.04917390853520321,0.2872200272042937,0.014570138407989656,0.08270763296046317,0.008263608809960368,0.9546499977601436,0.025748657016706013
drishtiGS_096,DRISHTI,2864804,0,Normal,C:/Users/TRIPU/OneDrive/Documents/ML/end sem project/Drishti-GS1_files\Drishti-GS1_files\Drishti-GS1_files\Test\Images\drishtiGS_096.png,C:/Users/TRIPU/.gemini/antigravity/scratch/glaucoma_detection\data\processed\DRISHTI\normal\drishtiGS_096.png,development,1,,DRISHTI_test,False,1.76930414806262,1.0944857993331685,0.472106461142471,0.17782828035590337,0.8389973604956754,0.04145749760897024,0.32837042523138166,0.017008613937839617,0.1081164291147249,0.011041580272616402,0.9480025458083975,0.03265120361143
drishtiGS_097,DRISHTI,2864821,0,Normal,C:/Users/TRIPU/OneDrive/Documents/ML/end sem project/Drishti-GS1_files\Drishti-GS1_files\Drishti-GS1_files\Test\Images\drishtiGS_097.png,C:/Users/TRIPU/.gemini/antigravity/scratch/glaucoma_detection\data\processed\DRISHTI\normal\drishtiGS_097.png,development,2,,DRISHTI_test,False,2.1113915423487355,1.2238036303116375,0.622223854413598,0.21636511771321457,0.7874269451882804,0.04819399229721455,0.2859365255218936,0.014119033674846921,0.08195904373944395,0.007971017199566407,0.9545264510764921,0.0265725197346472
drishtiGS_099,DRISHTI,2864831,0,Normal,C:/Users/TRIPU/OneDrive/Documents/ML/end sem project/Drishti-GS1_files\Drishti-GS1_files\Drishti-GS1_files\Test\Images\drishtiGS_099.png,C:/Users/TRIPU/.gemini/antigravity/scratch/glaucoma_detection\data\processed\DRISHTI\normal\drishtiGS_099.png,development,4,,DRISHTI_test,False,1.2985614401482637,0.7555910578352463,0.49163931743239675,0.17226201419601617,0.813728326070217,0.0465142145798918,0.296622981988469,0.015261474725391262,0.08821810605452539,0.008942069934914004,0.9556793037101173,0.02594012212895309
drishtiGS_100,DRISHTI,2864841,0,Normal,C:/Users/TRIPU/OneDrive/Documents/ML/end sem project/Drishti-GS1_files\Drishti-GS1_files\Drishti-GS1_files\Test\Images\drishtiGS_100.png,C:/Users/TRIPU/.gemini/antigravity/scratch/glaucoma_detection\data\processed\DRISHTI\normal\drishtiGS_100.png,development,0,,DRISHTI_test,False,2.3534706566422754,1.332652593902344,0.689235052507016,0.23762069434932148,0.7660545077141464,0.052735569830473526,0.281894763734105,0.014330401067210166,0.07967001821545398,0.007973093368156594,0.9528800538625779,0.02692870781301451
HRF_01_g,HRF,HRF_01,1,Glaucoma,C:/Users/TRIPU/OneDrive/Documents/ML/end sem project/HRF Dataset\images\01_g.jpg,C:/Users/TRIPU/.gemini/antigravity/scratch/glaucoma_detection\data\processed\HRF\glaucoma\HRF_01_g.png,external_test,-1,,HRF_primary,False,3.254633912566782,1.9159501990712307,0.6247714079200247,0.22473371703565095,0.8100253440749112,0.04386646766795067,0.4039009520776406,0.013182197616016966,0.1633097494232122,0.0105484069696007,0.9615833963596034,0.022744624942671637
HRF_01_h,HRF,HRF_01,0,Normal,C:/Users/TRIPU/OneDrive/Documents/ML/end sem project/HRF Dataset\images\01_h.jpg,C:/Users/TRIPU/.gemini/antigravity/scratch/glaucoma_detection\data\processed\HRF\normal\HRF_01_h.png,external_test,-1,,HRF_primary,False,4.098640071668069,2.152482856557286,0.8115385153570162,0.25801450289867134,0.7646431110539053,0.04564548231792038,0.3942083730449519,0.011935998913751723,0.155542709448817,0.009318065370314217,0.9617678366383634,0.020187320014113337
HRF_02_g,HRF,HRF_02,1,Glaucoma,C:/Users/TRIPU/OneDrive/Documents/ML/end sem project/HRF Dataset\images\02_g.jpg,C:/Users/TRIPU/.gemini/antigravity/scratch/glaucoma_detection\data\processed\HRF\glaucoma\HRF_02_g.png,external_test,-1,,HRF_primary,False,3.2300028344653327,1.8978863192967836,0.6520771756747493,0.231096734296151,0.8000673333371066,0.04514429526369414,0.4016293930657548,0.012977310023624565,0.16147457994981576,0.010324478030400501,0.9616747952262603,0.02264379995313547
HRF_02_h,HRF,HRF_02,0,Normal,C:/Users/TRIPU/OneDrive/Documents/ML/end sem project/HRF Dataset\images\02_h.jpg,C:/Users/TRIPU/.gemini/antigravity/scratch/glaucoma_detection\data\processed\HRF\normal\HRF_02_h.png,external_test,-1,,HRF_primary,False,4.587285564541379,2.449217549229289,0.8948832845977228,0.2784164259762776,0.7426822360737253,0.04596092203658613,0.3934176844541832,0.011755304830756087,0.15491566163295523,0.009161379035158432,0.9586129431354643,0.02222415027193551
HRF_03_g,HRF,HRF_03,1,Glaucoma,C:/Users/TRIPU/OneDrive/Documents/ML/end sem project/HRF Dataset\images\03_g.jpg,C:/Users/TRIPU/.gemini/antigravity/scratch/glaucoma_detection\data\processed\HRF\glaucoma\HRF_03_g.png,external_test,-1,,HRF_primary,False,2.7773737847631215,1.6935411405660632,0.5008933715742783,0.19952902634297434,0.8498004653194674,0.03994417725102166,0.41147986458648633,0.013826862523094698,0.1695068610873457,0.011267968700474194,0.9686017057894388,0.019254611771100074
HRF_03_h,HRF,HRF_03,0,Normal,C:/Users/TRIPU/OneDrive/Documents/ML/end sem project/HRF Dataset\images\03_h.jpg,C:/Users/TRIPU/.gemini/antigravity/scratch/glaucoma_detection\data\processed\HRF\normal\HRF_03_h.png,external_test,-1,,HRF_primary,False,2.9460472848956667,1.594260209697952,0.699615550316461,0.23107892924624707,0.7811005862273387,0.04642143237474121,0.39473454859079177,0.012070639046228368,0.15596106417816044,0.009433258380939462,0.9665387941482954,0.01818562705379312
HRF_04_g,HRF,HRF_04,1,Glaucoma,C:/Users/TRIPU/OneDrive/Documents/ML/end sem project/HRF Dataset\images\04_g.jpg,C:/Users/TRIPU/.gemini/antigravity/scratch/glaucoma_detection\data\processed\HRF\glaucoma\HRF_04_g.png,external_test,-1,,HRF_primary,False,2.777691368572199,1.69237598487019,0.5641237288209201,0.21089945258337695,0.8233049767300228,0.04343046271585978,0.40421511142180955,0.01314590609876242,0.16356267114890338,0.010527074680085815,0.9705556664540481,0.018037034284625844
HRF_04_h,HRF,HRF_04,0,Normal,C:/Users/TRIPU/OneDrive/Documents/ML/end sem project/HRF Dataset\images\04_h.jpg,C:/Users/TRIPU/.gemini/antigravity/scratch/glaucoma_detection\data\processed\HRF\normal\HRF_04_h.png,external_test,-1,,HRF_primary,False,3.056847714576403,1.663273185698465,0.731714859697977,0.24249284756264072,0.7701927948268632,0.04904007138639169,0.39240233627974036,0.011792533852391058,0.15411865737245825,0.009161850249255823,0.9681385135419532,0.017408809969873703
HRF_05_g,HRF,HRF_05,1,Glaucoma,C:/Users/TRIPU/OneDrive/Documents/ML/end sem project/HRF Dataset\images\05_g.jpg,C:/Users/TRIPU/.gemini/antigravity/scratch/glaucoma_detection\data\processed\HRF\glaucoma\HRF_05_g.png,external_test,-1,,HRF_primary,False,2.507380574257074,1.4564518233129455,0.561622358016502,0.2052610617502398,0.8231266420581392,0.044206947411558534,0.4018272438493087,0.013075811505485842,0.16163611074605877,0.010403937806739497,0.9682333182562988,0.018547480416192436
HRF_05_h,HRF,HRF_05,0,Normal,C:/Users/TRIPU/OneDrive/Documents/ML/end sem project/HRF Dataset\images\05_h.jpg,C:/Users/TRIPU/.gemini/antigravity/scratch/glaucoma_detection\data\processed\HRF\normal\HRF_05_h.png,external_test,-1,,HRF_primary,False,2.8031068313058856,1.6049475485243274,0.6259889000416906,0.22385079547391454,0.8042976477172874,0.047819502300480626,0.39656304249163093,0.012584300945635929,0.15742061130050952,0.009881243998730117,0.9690722530690142,0.017793244535481097
HRF_06_g,HRF,HRF_06,1,Glaucoma,C:/Users/TRIPU/OneDrive/Documents/ML/end sem project/HRF Dataset\images\06_g.jpg,C:/Users/TRIPU/.gemini/antigravity/scratch/glaucoma_detection\data\processed\HRF\glaucoma\HRF_06_g.png,external_test,-1,,HRF_primary,False,2.860922738109188,1.695214211515863,0.6113081537468924,0.2237437336666443,0.810078455647962,0.047143956705114363,0.39765749802174377,0.012711055638834743,0.15829305666836666,0.010009071638028217,0.9678509764844252,0.019141249763213655
HRF_06_h,HRF,HRF_06,0,Normal,C:/Users/TRIPU/OneDrive/Documents/ML/end sem project/HRF Dataset\images\06_h.jpg,C:/Users/TRIPU/.gemini/antigravity/scratch/glaucoma_detection\data\processed\HRF\normal\HRF_06_h.png,external_test,-1,,HRF_primary,False,3.213839942161203,1.775903550651873,0.7200572189251425,0.23806110376523992,0.778586468206894,0.04763464335032907,0.3953491510294873,0.012173272602906512,0.15644913978560096,0.00953064740102065,0.9656099450031154,0.01910243233140721
HRF_07_g,HRF,HRF_07,1,Glaucoma,C:/Users/TRIPU/OneDrive/Documents/ML/end sem project/HRF Dataset\images\07_g.jpg,C:/Users/TRIPU/.gemini/antigravity/scratch/glaucoma_detection\data\processed\HRF\glaucoma\HRF_07_g.png,external_test,-1,,HRF_primary,False,3.2959305347419963,1.8803821200075228,0.7140916199564834,0.24283462337193298,0.77734584653821,0.047660300975458474,0.3953790573998686,0.012205736161050027,0.1564735790256418,0.009558678854370218,0.9639990936755422,0.02064479360223616
HRF_07_h,HRF,HRF_07,0,Normal,C:/Users/TRIPU/OneDrive/Documents/ML/end sem project/HRF Dataset\images\07_h.jpg,C:/Users/TRIPU/.gemini/antigravity/scratch/glaucoma_detection\data\processed\HRF\normal\HRF_07_h.png,external_test,-1,,HRF_primary,False,2.9818221643073017,1.7307403550493656,0.6291713717115267,0.2218728766353078,0.8044372893343752,0.04437370538579735,0.3986879539252604,0.012517917819415136,0.15910878287164423,0.00988347186406827,0.9701384416595622,0.017423021188710686
HRF_08_g,HRF,HRF_08,1,Glaucoma,C:/Users/TRIPU/OneDrive/Documents/ML/end sem project/HRF Dataset\images\08_g.jpg,C:/Users/TRIPU/.gemini/antigravity/scratch/glaucoma_detection\data\processed\HRF\glaucoma\HRF_08_g.png,external_test,-1,,HRF_primary,False,4.105691280713219,2.4212106908138393,0.8148259836327755,0.27653678067958976,0.7523095111130944,0.05053058790460121,0.3953390255647245,0.012132867544583571,0.15644015160932034,0.009502162561679897,0.961577472390342,0.02277816391464487
HRF_08_h,HRF,HRF_08,0,Normal,C:/Users/TRIPU/OneDrive/Documents/ML/end sem project/HRF Dataset\images\08_h.jpg,C:/Users/TRIPU/.gemini/antigravity/scratch/glaucoma_detection\data\processed\HRF\normal\HRF_08_h.png,external_test,-1,,HRF_primary,False,3.0164319251993628,1.724609940986417,0.6649622264886834,0.2259308579702306,0.7917224090319471,0.045522089386675825,0.39717350891270486,0.012284553493276566,0.15789770643655973,0.00966262857646885,0.969852400672206,0.017326613740371356
HRF_09_g,HRF,HRF_09,1,Glaucoma,C:/Users/TRIPU/OneDrive/Documents/ML/end sem project/HRF Dataset\images\09_g.jpg,C:/Users/TRIPU/.gemini/antigravity/scratch/glaucoma_detection\data\processed\HRF\glaucoma\HRF_09_g.png,external_test,-1,,HRF_primary,False,2.435124513561562,1.3737875501419443,0.5828885088872945,0.1951683955737499,0.8111846160912428,0.04134711408985463,0.3992002124421201,0.012376024059368412,0.1595139755853519,0.009785068810737544,0.9691732358937863,0.017481329313871665
HRF_09_h,HRF,HRF_09,0,Normal,C:/Users/TRIPU/OneDrive/Documents/ML/end sem project/HRF Dataset\images\09_h.jpg,C:/Users/TRIPU/.gemini/antigravity/scratch/glaucoma_detection\data\processed\HRF\normal\HRF_09_h.png,external_test,-1,,HRF_primary,False,3.5639311782928442,2.124709266715952,0.6597959712226633,0.2398284750999832,0.8038827095431555,0.04421132749778291,0.3994882713695511,0.01266539364012053,0.1597512911578913,0.0100199737979792,0.9647088963655238,0.021155148473813983
HRF_10_g,HRF,HRF_10,1,Glaucoma,C:/Users/TRIPU/OneDrive/Documents/ML/end sem project/HRF Dataset\images\10_g.jpg,C:/Users/TRIPU/.gemini/antigravity/scratch/glaucoma_detection\data\processed\HRF\glaucoma\HRF_10_g.png,external_test,-1,,HRF_primary,False,3.4720870103072516,1.9427613334725802,0.7012810737238809,0.2358195048998209,0.7873149047438033,0.04576762733130889,0.39488522771605633,0.012036746716673957,0.156079226339883,0.009412584033381138,0.9692745695410993,0.01728322706100132
HRF_10_h,HRF,HRF_10,0,Normal,C:/Users/TRIPU/OneDrive/Documents/ML/end sem project/HRF Dataset\images\10_h.jpg,C:/Users/TRIPU/.gemini/antigravity/scratch/glaucoma_detection\data\processed\HRF\normal\HRF_10_h.png,external_test,-1,,HRF_primary,False,3.205798640966485,1.9343797335467474,0.6651535341278909,0.23193520434357165,0.7913880093031286,0.046478153225299614,0.3952387750011292,0.012186042492723492,0.1563621888960277,0.009537701273036662,0.9669261337372581,0.020049390278962378
HRF_11_g,HRF,HRF_11,1,Glaucoma,C:/Users/TRIPU/OneDrive/Documents/ML/end sem project/HRF Dataset\images\11_g.jpg,C:/Users/TRIPU/.gemini/antigravity/scratch/glaucoma_detection\data\processed\HRF\glaucoma\HRF_11_g.png,external_test,-1,,HRF_primary,False,3.1450326052074242,1.7916093485142022,0.6896653624237303,0.23713081038405595,0.7838857447880487,0.04857655576886067,0.39729491443636794,0.012479607487586296,0.15799898964004516,0.00982137272621094,0.9665170078843787,0.019174892360630264
HRF_11_h,HRF,HRF_11,0,Normal,C:/Users/TRIPU/OneDrive/Documents/ML/end sem project/HRF Dataset\images\11_h.jpg,C:/Users/TRIPU/.gemini/antigravity/scratch/glaucoma_detection\data\processed\HRF\normal\HRF_11_h.png,external_test,-1,,HRF_primary,False,2.6325215030503606,1.3866620332593123,0.6527158264553163,0.21200262263259076,0.7930075216418069,0.044134591713432154,0.39912341942488233,0.012617002258040761,0.15945869267939003,0.009972715690965294,0.9616634226387387,0.020296283064059693
HRF_12_g,HRF,HRF_12,1,Glaucoma,C:/Users/TRIPU/OneDrive/Documents/ML/end sem project/HRF Dataset\images\12_g.jpg,C:/Users/TRIPU/.gemini/antigravity/scratch/glaucoma_detection\data\processed\HRF\glaucoma\HRF_12_g.png,external_test,-1,,HRF_primary,False,3.7524545185843263,2.120838094450838,0.7722603073985109,0.259942878086786,0.7670089045916985,0.049939955424608426,0.3961886096264739,0.012343253551637106,0.15711777030599855,0.009686793124449047,0.9640626168323013,0.020424757856855977
HRF_12_h,HRF,HRF_12,0,Normal,C:/Users/TRIPU/OneDrive/Documents/ML/end sem project/HRF Dataset\images\12_h.jpg,C:/Users/TRIPU/.gemini/antigravity/scratch/glaucoma_detection\data\processed\HRF\normal\HRF_12_h.png,external_test,-1,,HRF_primary,False,3.0203108643872323,1.5821422699396053,0.7224893062247406,0.2307595262386184,0.776630629029753,0.04604602159413009,0.39636084746029954,0.012237321316422847,0.15725167343244825,0.009605633975270367,0.9618708878107523,0.02007827950356883
HRF_13_g,HRF,HRF_13,1,Glaucoma,C:/Users/TRIPU/OneDrive/Documents/ML/end sem project/HRF Dataset\images\13_g.jpg,C:/Users/TRIPU/.gemini/antigravity/scratch/glaucoma_detection\data\processed\HRF\glaucoma\HRF_13_g.png,external_test,-1,,HRF_primary,False,2.7547146488109946,1.561580144238564,0.6236934826269416,0.21125291078691322,0.800863752586861,0.042346709532199524,0.4015160837982638,0.012761285755876758,0.16137801596283755,0.01015302113306508,0.9632184570909624,0.020963982973477954
HRF_13_h,HRF,HRF_13,0,Normal,C:/Users/TRIPU/OneDrive/Documents/ML/end sem project/HRF Dataset\images\13_h.jpg,C:/Users/TRIPU/.gemini/antigravity/scratch/glaucoma_detection\data\processed\HRF\normal\HRF_13_h.png,external_test,-1,,HRF_primary,False,2.620925049190453,1.3752373651721777,0.6689391833232358,0.2142409910956937,0.7839985487153952,0.04579482354062737,0.395461441983525,0.012119038427216068,0.15653662318808925,0.009490353254751652,0.9656074987464013,0.018125942584621222
HRF_14_g,HRF,HRF_14,1,Glaucoma,C:/Users/TRIPU/OneDrive/Documents/ML/end sem project/HRF Dataset\images\14_g.jpg,C:/Users/TRIPU/.gemini/antigravity/scratch/glaucoma_detection\data\processed\HRF\glaucoma\HRF_14_g.png,external_test,-1,,HRF_primary,False,2.2083177044089197,1.2385118692563997,0.6010094113937646,0.1969706880150947,0.7946045718020511,0.044234566035627594,0.39817063298215705,0.012385806507948289,0.1586932611722639,0.00977066206450726,0.9667495260173773,0.01873355264871457
HRF_14_h,HRF,HRF_14,0,Normal,C:/Users/TRIPU/OneDrive/Documents/ML/end sem project/HRF Dataset\images\14_h.jpg,C:/Users/TRIPU/.gemini/antigravity/scratch/glaucoma_detection\data\processed\HRF\normal\HRF_14_h.png,external_test,-1,,HRF_primary,False,2.3590941201861653,1.2460061116708823,0.6587787092422467,0.21076140736673082,0.7804647577415214,0.04827190812741828,0.3937595857899449,0.0119262384654836,0.15518884656540455,0.009299316917977316,0.9691573583448432,0.016350491961479315
HRF_15_g,HRF,HRF_15,1,Glaucoma,C:/Users/TRIPU/OneDrive/Documents/ML/end sem project/HRF Dataset\images\15_g.jpg,C:/Users/TRIPU/.gemini/antigravity/scratch/glaucoma_detection\data\processed\HRF\glaucoma\HRF_15_g.png,external_test,-1,,HRF_primary,False,2.909884406366428,1.7491526810318274,0.6230155991859777,0.22451410629155186,0.8022185762154465,0.04676067150210307,0.39828255435390353,0.012564823915498558,0.15878686790269764,0.00991187137012859,0.9705645645782218,0.01778213951180821
HRF_15_h,HRF,HRF_15,0,Normal,C:/Users/TRIPU/OneDrive/Documents/ML/end sem project/HRF Dataset\images\15_h.jpg,C:/Users/TRIPU/.gemini/antigravity/scratch/glaucoma_detection\data\processed\HRF\normal\HRF_15_h.png,external_test,-1,,HRF_primary,False,3.0409407294450532,1.7803632811059764,0.6227960129522582,0.22651902633005064,0.8061856556584148,0.04613095817086664,0.400182523108038,0.012778813621972925,0.1603093498787004,0.01012601255317486,0.9599145033194317,0.023582252957057258
RIMONE_r1_Im069,RIM-ONE,RIMONE_r1_Im069,1,Glaucoma,C:/Users/TRIPU/OneDrive/Documents/ML/end sem project/RIM-ONE_DL_images\RIM-ONE_DL_images\partitioned_by_hospital\test_set\glaucoma\r1_Im069.png,C:/Users/TRIPU/.gemini/antigravity/scratch/glaucoma_detection\data\processed\RIM-ONE\glaucoma\RIMONE_r1_Im069.png,external_test,-1,r1,partitioned_by_hospital/test_set,False,2.154907520278901,1.7131034241388698,0.8485311482198048,0.3774023727481493,0.676200934564079,0.09563598506826637,0.1439772021287074,0.020510486763518524,0.021150114800087137,0.0057984774796152935,0.9563674880702709,0.034705579236043636
RIMONE_r1_Im103,RIM-ONE,RIMONE_r1_Im103,1,Glaucoma,C:/Users/TRIPU/OneDrive/Documents/ML/end sem project/RIM-ONE_DL_images\RIM-ONE_DL_images\partitioned_by_hospital\test_set\glaucoma\r1_Im103.png,C:/Users/TRIPU/.gemini/antigravity/scratch/glaucoma_detection\data\processed\RIM-ONE\glaucoma\RIMONE_r1_Im103.png,external_test,-1,r1,partitioned_by_hospital/test_set,False,0.9652693886665699,0.6027169953246571,0.5804751196932657,0.20629440480720632,0.7450865922251122,0.06817601183784941,0.2120257148466476,0.017499777782764445,0.04526114597867806,0.0073383080245946275,0.9697098922266408,0.018830011299459715
RIMONE_r1_Im113,RIM-ONE,RIMONE_r1_Im113,1,Glaucoma,C:/Users/TRIPU/OneDrive/Documents/ML/end sem project/RIM-ONE_DL_images\RIM-ONE_DL_images\partitioned_by_hospital\test_set\glaucoma\r1_Im113.png,C:/Users/TRIPU/.gemini/antigravity/scratch/glaucoma_detection\data\processed\RIM-ONE\glaucoma\RIMONE_r1_Im113.png,external_test,-1,r1,partitioned_by_hospital/test_set,False,0.9026885169369511,0.5457827886993449,0.6078441012980652,0.21735975873794225,0.7244259121273341,0.07784618551860215,0.18339981169701366,0.021014503424969962,0.03407710028469813,0.007610317855429247,0.9631481782085154,0.022249853835456797
RIMONE_r1_Im117,RIM-ONE,RIMONE_r1_Im117,1,Glaucoma,C:/Users/TRIPU/OneDrive/Documents/ML/end sem project/RIM-ONE_DL_images\RIM-ONE_DL_images\partitioned_by_hospital\test_set\glaucoma\r1_Im117.png,C:/Users/TRIPU/.gemini/antigravity/scratch/glaucoma_detection\data\processed\RIM-ONE\glaucoma\RIMONE_r1_Im117.png,external_test,-1,r1,partitioned_by_hospital/test_set,False,0.9812836063298968,0.5755910308113563,0.6117298702311426,0.20385643073663418,0.7284783403327558,0.06860844066437322,0.19570875699773418,0.01948858208392972,0.038681722397240235,0.0075061834373360194,0.9497668399657596,0.029451922725159924
RIMONE_r1_Im118,RIM-ONE,RIMONE_r1_Im118,1,Glaucoma,C:/Users/TRIPU/OneDrive/Documents/ML/end sem project/RIM-ONE_DL_images\RIM-ONE_DL_images\partitioned_by_hospital\test_set\glaucoma\r1_Im118.png,C:/Users/TRIPU/.gemini/antigravity/scratch/glaucoma_detection\data\processed\RIM-ONE\glaucoma\RIMONE_r1_Im118.png,external_test,-1,r1,partitioned_by_hospital/test_set,False,0.8033453744001114,0.49594221222848967,0.5288265692290383,0.19218974374273218,0.7611665460784468,0.0686256964048756,0.2008946440519419,0.021191829086715193,0.04080775162879698,0.008381617018050657,0.95760750957397,0.02613852311333323
RIMONE_r1_Im120,RIM-ONE,RIMONE_r1_Im120,1,Glaucoma,C:/Users/TRIPU/OneDrive/Documents/ML/end sem project/RIM-ONE_DL_images\RIM-ONE_DL_images\partitioned_by_hospital\test_set\glaucoma\r1_Im120.png,C:/Users/TRIPU/.gemini/antigravity/scratch/glaucoma_detection\data\processed\RIM-ONE\glaucoma\RIMONE_r1_Im120.png,external_test,-1,r1,partitioned_by_hospital/test_set,False,0.6875915299964256,0.373436283583277,0.4975815690467918,0.1673322779149612,0.7693121394039449,0.06451164310815075,0.22561990941739998,0.022602455685505052,0.051415214528531004,0.010072765167325684,0.9485468682200615,0.027907906103319884
RIMONE_r1_Im121,RIM-ONE,RIMONE_r1_Im121,1,Glaucoma,C:/Users/TRIPU/OneDrive/Documents/ML/end sem project/RIM-ONE_DL_images\RIM-ONE_DL_images\partitioned_by_hospital\test_set\glaucoma\r1_Im121.png,C:/Users/TRIPU/.gemini/antigravity/scratch/glaucoma_detection\data\processed\RIM-ONE\glaucoma\RIMONE_r1_Im121.png,external_test,-1,r1,partitioned_by_hospital/test_set,False,1.7730630957341642,1.2966952765029052,0.8120273035380762,0.3378831024296862,0.6739294146764084,0.09447571115710426,0.15987384911419045,0.023005838467074147,0.02608891623416004,0.007229640550915264,0.9361777689631968,0.04667488921753769
RIMONE_r1_Im122,RIM-ONE,RIMONE_r1_Im122,1,Glaucoma,C:/Users/TRIPU/OneDrive/Documents/ML/end sem project/RIM-ONE_DL_images\RIM-ONE_DL_images\partitioned_by_hospital\test_set\glaucoma\r1_Im122.png,C:/Users/TRIPU/.gemini/antigravity/scratch/glaucoma_detection\data\processed\RIM-ONE\glaucoma\RIMONE_r1_Im122.png,external_test,-1,r1,partitioned_by_hospital/test_set,False,1.485187645497532,1.1000493219712801,0.7037219592862022,0.28343952548032275,0.7130885936299519,0.07912225760262359,0.18528285406001002,0.020463528241608804,0.03474849199671809,0.007455418044029771,0.95159678475938,0.03579281058817953
RIMONE_r1_Im135,RIM-ONE,RIMONE_r1_Im135,1,Glaucoma,C:/Users/TRIPU/OneDrive/Documents/ML/end sem project/RIM-ONE_DL_images\RIM-ONE_DL_images\partitioned_by_hospital\test_set\glaucoma\r1_Im135.png,C:/Users/TRIPU/.gemini/antigravity/scratch/glaucoma_detection\data\processed\RIM-ONE\glaucoma\RIMONE_r1_Im135.png,external_test,-1,r1,partitioned_by_hospital/test_set,False,1.0137765753485237,0.6905308658779041,0.5708258405944742,0.22071105458501175,0.7524915064226794,0.07216367782943922,0.24602736607420664,0.024246959803698623,0.061117379917133875,0.011752809939456628,0.9568582583441722,0.029233662127540135
RIMONE_r1_Im144,RIM-ONE,RIMONE_r1_Im144,1,Glaucoma,C:/Users/TRIPU/OneDrive/Documents/ML/end sem project/RIM-ONE_DL_images\RIM-ONE_DL_images\partitioned_by_hospital\test_set\glaucoma\r1_Im144.png,C:/Users/TRIPU/.gemini/antigravity/scratch/glaucoma_detection\data\processed\RIM-ONE\glaucoma\RIMONE_r1_Im144.png,external_test,-1,r1,partitioned_by_hospital/test_set,False,1.25195827000398,0.7848488894024923,0.7092021482971983,0.2542197456289003,0.6952914408062968,0.08034663704135872,0.1782137448318349,0.02215963385796208,0.0322511882197053,0.007790937897142081,0.9254629377025531,0.046486252106616034
RIMONE_r1_Im158,RIM-ONE,RIMONE_r1_Im158,1,Glaucoma,C:/Users/TRIPU/OneDrive/Documents/ML/end sem project/RIM-ONE_DL_images\RIM-ONE_DL_images\partitioned_by_hospital\test_set\glaucoma\r1_Im158.png,C:/Users/TRIPU/.gemini/antigravity/scratch/glaucoma_detection\data\processed\RIM-ONE\glaucoma\RIMONE_r1_Im158.png,external_test,-1,r1,partitioned_by_hospital/test_set,False,0.8135559530675948,0.48581071819124233,0.5272082253212946,0.18283006475210448,0.7626292056426137,0.0645883882495726,0.20944199155113952,0.021530286121433297,0.04432950104537838,0.008874674637102046,0.9450954485214041,0.032705892192438364
RIMONE_r1_Im167,RIM-ONE,RIMONE_r1_Im167,1,Glaucoma,C:/Users/TRIPU/OneDrive/Documents/ML/end sem project/RIM-ONE_DL_images\RIM-ONE_DL_images\partitioned_by_hospital\test_set\glaucoma\r1_Im167.png,C:/Users/TRIPU/.gemini/antigravity/scratch/glaucoma_detection\data\processed\RIM-ONE\glaucoma\RIMONE_r1_Im167.png,external_test,-1,r1,partitioned_by_hospital/test_set,False,0.9540615361709034,0.6347313797591827,0.5618768505783877,0.21284550961476198,0.7547644908066206,0.0694699302510231,0.220352582059583,0.017956133617626845,0.048877683154819336,0.007824545769478306,0.9712159846864878,0.019085592275512153
RIMONE_r2_Im257,RIM-ONE,RIMONE_r2_Im257,1,Glaucoma,C:/Users/TRIPU/OneDrive/Documents/ML/end sem project/RIM-ONE_DL_images\RIM-ONE_DL_images\partitioned_by_hospital\test_set\glaucoma\r2_Im257.png,C:/Users/TRIPU/.gemini/antigravity/scratch/glaucoma_detection\data\processed\RIM-ONE\glaucoma\RIMONE_r2_Im257.png,external_test,-1,r2,partitioned_by_hospital/test_set,False,0.6416420174991985,0.4343558489312994,0.45665089109237716,0.2094008120287032,0.7895382300575853,0.0834754891781261,0.2125113462585699,0.029136885860795936,0.04601003040629483,0.01213287990548916,0.9734024836768951,0.01799519774330544
RIMONE_r2_Im258,RIM-ONE,RIMONE_r2_Im258,1,Glaucoma,C:/Users/TRIPU/OneDrive/Documents/ML/end sem project/RIM-ONE_DL_images\RIM-ONE_DL_images\partitioned_by_hospital\test_set\glaucoma\r2_Im258.png,C:/Users/TRIPU/.gemini/antigravity/scratch/glaucoma_detection\data\processed\RIM-ONE\glaucoma\RIMONE_r2_Im258.png,external_test,-1,r2,partitioned_by_hospital/test_set,False,1.009363664767661,0.7140286708675624,0.5956776233190916,0.2670715301057881,0.7404866096745321,0.09345790985735035,0.19350882037606185,0.0288711433935385,0.03827920648418525,0.010989332876481798,0.9396309677714342,0.04268231881133298
RIMONE_r2_Im260,RIM-ONE,RIMONE_r2_Im260,1,Glaucoma,C:/Users/TRIPU/OneDrive/Documents/ML/end sem project/RIM-ONE_DL_images\RIM-ONE_DL_images\partitioned_by_hospital\test_set\glaucoma\r2_Im260.png,C:/Users/TRIPU/.gemini/antigravity/scratch/glaucoma_detection\data\processed\RIM-ONE\glaucoma\RIMONE_r2_Im260.png,external_test,-1,r2,partitioned_by_hospital/test_set,False,1.0589602523846589,0.7611897942191239,0.6003315744871276,0.26978229321692115,0.7416942275998859,0.09170140496436642,0.19997703467158826,0.029520787256689673,0.04086229127629635,0.01160518603479291,0.9365318884546195,0.045538981360900024
RIMONE_r2_Im263,RIM-ONE,RIMONE_r2_Im263,1,Glaucoma,C:/Users/TRIPU/OneDrive/Documents/ML/end sem project/RIM-ONE_DL_images\RIM-ONE_DL_images\partitioned_by_hospital\test_set\glaucoma\r2_Im263.png,C:/Users/TRIPU/.gemini/antigravity/scratch/glaucoma_detection\data\processed\RIM-ONE\glaucoma\RIMONE_r2_Im263.png,external_test,-1,r2,partitioned_by_hospital/test_set,False,1.1984963489795888,0.907462713233094,0.6003578077704972,0.2743664726718189,0.7502718334049918,0.08722448886318163,0.18696231345263492,0.022352075585040432,0.03545452193452067,0.008233413619654559,0.9855179926115656,0.01093797348659174
RIMONE_r2_Im264,RIM-ONE,RIMONE_r2_Im264,1,Glaucoma,C:/Users/TRIPU/OneDrive/Documents/ML/end sem project/RIM-ONE_DL_images\RIM-ONE_DL_images\partitioned_by_hospital\test_set\glaucoma\r2_Im264.png,C:/Users/TRIPU/.gemini/antigravity/scratch/glaucoma_detection\data\processed\RIM-ONE\glaucoma\RIMONE_r2_Im264.png,external_test,-1,r2,partitioned_by_hospital/test_set,False,1.2093689319023169,0.9003405283827635,0.5820917518263269,0.2590272924703377,0.7608421085920588,0.07995090783091169,0.21863574999239999,0.023141850544894108,0.04833713642138145,0.009999004653946108,0.9839211878114823,0.011924251133984867
RIMONE_r2_Im266,RIM-ONE,RIMONE_r2_Im266,1,Glaucoma,C:/Users/TRIPU/OneDrive/Documents/ML/end sem project/RIM-ONE_DL_images\RIM-ONE_DL_images\partitioned_by_hospital\test_set\glaucoma\r2_Im266.png,C:/Users/TRIPU/.gemini/antigravity/scratch/glaucoma_detection\data\processed\RIM-ONE\glaucoma\RIMONE_r2_Im266.png,external_test,-1,r2,partitioned_by_hospital/test_set,False,1.368898997768616,1.0423701568835688,0.6863731573398096,0.3171357255858238,0.7159152118551425,0.09896708987625016,0.1693745922462062,0.026843479802418656,0.029408324906471467,0.008952150266985481,0.9507228947157875,0.037414486258878006
RIMONE_r2_Im267,RIM-ONE,RIMONE_r2_Im267,1,Glaucoma,C:/Users/TRIPU/OneDrive/Documents/ML/end sem project/RIM-ONE_DL_images\RIM-ONE_DL_images\partitioned_by_hospital\test_set\glaucoma\r2_Im267.png,C:/Users/TRIPU/.gemini/antigravity/scratch/glaucoma_detection\data\processed\RIM-ONE\glaucoma\RIMONE_r2_Im267.png,external_test,-1,r2,partitioned_by_hospital/test_set,False,0.1681921695659395,0.07056816080924544,0.16457765487056736,0.06595740266205131,0.9180719078436166,0.03252102879071769,0.4478403974530724,0.025930125480597303,0.20123339299836537,0.02294854721497462,0.960160050042245,0.01653109840035482
RIMONE_r2_Im268,RIM-ONE,RIMONE_r2_Im268,1,Glaucoma,C:/Users/TRIPU/OneDrive/Documents/ML/end sem project/RIM-ONE_DL_images\RIM-ONE_DL_images\partitioned_by_hospital\test_set\glaucoma\r2_Im268.png,C:/Users/TRIPU/.gemini/antigravity/scratch/glaucoma_detection\data\processed\RIM-ONE\glaucoma\RIMONE_r2_Im268.png,external_test,-1,r2,partitioned_by_hospital/test_set,False,0.21703832081888255,0.0961216599254026,0.20963872915858658,0.08560649498610791,0.8959205945867365,0.04176142034527581,0.4422741302655436,0.029735281861624798,0.19649059328953322,0.025952176158446198,0.9493502246325493,0.02226015229786544
RIMONE_r2_Im269,RIM-ONE,RIMONE_r2_Im269,1,Glaucoma,C:/Users/TRIPU/OneDrive/Documents/ML/end sem project/RIM-ONE_DL_images\RIM-ONE_DL_images\partitioned_by_hospital\test_set\glaucoma\r2_Im269.png,C:/Users/TRIPU/.gemini/antigravity/scratch/glaucoma_detection\data\processed\RIM-ONE\glaucoma\RIMONE_r2_Im269.png,external_test,-1,r2,partitioned_by_hospital/test_set,False,1.9304700004129316,1.6349653067185859,0.7969177908082993,0.3927982709987471,0.6917750905539631,0.10601939745666696,0.16355880302501183,0.02630624560502995,0.027443500604806773,0.008467311672486986,0.9444505796701391,0.04695031635350547
RIMONE_r2_Im270,RIM-ONE,RIMONE_r2_Im270,1,Glaucoma,C:/Users/TRIPU/OneDrive/Documents/ML/end sem project/RIM-ONE_DL_images\RIM-ONE_DL_images\partitioned_by_hospital\test_set\glaucoma\r2_Im270.png,C:/Users/TRIPU/.gemini/antigravity/scratch/glaucoma_detection\data\processed\RIM-ONE\glaucoma\RIMONE_r2_Im270.png,external_test,-1,r2,partitioned_by_hospital/test_set,False,1.6560531662348812,1.2894663435549847,0.7733301836037096,0.35822720801598373,0.6882372581709019,0.10493217094209335,0.15761033371485553,0.02525365136517137,0.02547876420098175,0.007838238423472504,0.9573199303901737,0.03315778587299208
RIMONE_r2_Im273,RIM-ONE,RIMONE_r2_Im273,1,Glaucoma,C:/Users/TRIPU/OneDrive/Documents/ML/end sem project/RIM-ONE_DL_images\RIM-ONE_DL_images\partitioned_by_hospital\test_set\glaucoma\r2_Im273.png,C:/Users/TRIPU/.gemini/antigravity/scratch/glaucoma_detection\data\processed\RIM-ONE\glaucoma\RIMONE_r2_Im273.png,external_test,-1,r2,partitioned_by_hospital/test_set,False,1.379614710573442,1.0457273024746778,0.7264408265240525,0.3331018206747844,0.6959986570525544,0.10457269877523637,0.14490031043163354,0.024305258826585383,0.021586845569811077,0.006934035092852906,0.9607029457296274,0.029839598498727412
RIMONE_r2_Im275,RIM-ONE,RIMONE_r2_Im275,1,Glaucoma,C:/Users/TRIPU/OneDrive/Documents/ML/end sem project/RIM-ONE_DL_images\RIM-ONE_DL_images\partitioned_by_hospital\test_set\glaucoma\r2_Im275.png,C:/Users/TRIPU/.gemini/antigravity/scratch/glaucoma_detection\data\processed\RIM-ONE\glaucoma\RIMONE_r2_Im275.png,external_test,-1,r2,partitioned_by_hospital/test_set,False,1.3282665315307762,0.6525359955735045,0.7735480991399705,0.2130093641605673,0.6654348480459306,0.06726091979911233,0.170285740681503,0.017834861940351554,0.029315315779879475,0.006109408797878189,0.9125059928909329,0.042913424763741846
RIMONE_r2_Im277,RIM-ONE,RIMONE_r2_Im277,1,Glaucoma,C:/Users/TRIPU/OneDrive/Documents/ML/end sem project/RIM-ONE_DL_images\RIM-ONE_DL_images\partitioned_by_hospital\test_set\glaucoma\r2_Im277.png,C:/Users/TRIPU/.gemini/antigravity/scratch/glaucoma_detection\data\processed\RIM-ONE\glaucoma\RIMONE_r2_Im277.png,external_test,-1,r2,partitioned_by_hospital/test_set,False,0.8672347060462057,0.5738123120685595,0.5473391242295776,0.2277568933936449,0.7562616377430351,0.0826315585440931,0.21210561249161872,0.028481455997398458,0.04579998418617645,0.011916074082908486,0.9491466725983102,0.03351935542417749
RIMONE_r2_Im281,RIM-ONE,RIMONE_r2_Im281,1,Glaucoma,C:/Users/TRIPU/OneDrive/Documents/ML/end sem project/RIM-ONE_DL_images\RIM-ONE_DL_images\partitioned_by_hospital\test_set\glaucoma\r2_Im281.png,C:/Users/TRIPU/.gemini/antigravity/scratch/glaucoma_detection\data\processed\RIM-ONE\glaucoma\RIMONE_r2_Im281.png,external_test,-1,r2,partitioned_by_hospital/test_set,False,1.5084082812149135,0.8423968029196668,0.798251241372125,0.22140558038094837,0.6630952302258188,0.06026807543052655,0.15654044801189754,0.013326960152525422,0.02468251973067258,0.004130563247018915,0.9395487616958794,0.033792344476352806
RIMONE_r2_Im287,RIM-ONE,RIMONE_r2_Im287,1,Glaucoma,C:/Users/TRIPU/OneDrive/Documents/ML/end sem project/RIM-ONE_DL_images\RIM-ONE_DL_images\partitioned_by_hospital\test_set\glaucoma\r2_Im287.png,C:/Users/TRIPU/.gemini/antigravity/scratch/glaucoma_detection\data\processed\RIM-ONE\glaucoma\RIMONE_r2_Im287.png,external_test,-1,r2,partitioned_by_hospital/test_set,False,0.5264729650333255,0.33025608052799565,0.4036911117873981,0.18093249591102067,0.810229445600236,0.07600852900879335,0.2365688394466432,0.02961921047091499,0.056842113426052006,0.013753886858347079,0.9620642403140525,0.023869212606151432
RIMONE_r2_Im288,RIM-ONE,RIMONE_r2_Im288,1,Glaucoma,C:/Users/TRIPU/OneDrive/Documents/ML/end sem project/RIM-ONE_DL_images\RIM-ONE_DL_images\partitioned_by_hospital\test_set\glaucoma\r2_Im288.png,C:/Users/TRIPU/.gemini/antigravity/scratch/glaucoma_detection\data\processed\RIM-ONE\glaucoma\RIMONE_r2_Im288.png,external_test,-1,r2,partitioned_by_hospital/test_set,False,1.4651840202130682,1.1356384757486142,0.7156241602542751,0.3326549575576396,0.7068998280011546,0.10096999247723124,0.16626297110225946,0.0264779299538287,0.028344456334390627,0.008660289705320479,0.9464584894513921,0.04135633555596588
RIMONE_r2_Im289,RIM-ONE,RIMONE_r2_Im289,1,Glaucoma,C:/Users/TRIPU/OneDrive/Documents/ML/end sem project/RIM-ONE_DL_images\RIM-ONE_DL_images\partitioned_by_hospital\test_set\glaucoma\r2_Im289.png,C:/Users/TRIPU/.gemini/antigravity/scratch/glaucoma_detection\data\processed\RIM-ONE\glaucoma\RIMONE_r2_Im289.png,external_test,-1,r2,partitioned_by_hospital/test_set,False,1.5176921041478646,1.197971451768349,0.6904155179124777,0.3309930753489104,0.7227304711890344,0.09872496297844145,0.17120716143390435,0.02683507432614515,0.030032013340344724,0.009021224296287858,0.9546085625162869,0.03573139909808179
RIMONE_r2_Im290,RIM-ONE,RIMONE_r2_Im290,1,Glaucoma,C:/Users/TRIPU/OneDrive/Documents/ML/end sem project/RIM-ONE_DL_images\RIM-ONE_DL_images\partitioned_by_hospital\test_set\glaucoma\r2_Im290.png,C:/Users/TRIPU/.gemini/antigravity/scratch/glaucoma_detection\data\processed\RIM-ONE\glaucoma\RIMONE_r2_Im290.png,external_test,-1,r2,partitioned_by_hospital/test_set,False,0.8726620859436003,0.6192514426595284,0.5286971466193392,0.2387223072271042,0.7670558608023824,0.08580808462226891,0.225980146888508,0.030510137339275482,0.051997895268213135,0.013556653194363185,0.9554501432141741,0.03152706716505112
RIMONE_r2_Im291,RIM-ONE,RIMONE_r2_Im291,1,Glaucoma,C:/Users/TRIPU/OneDrive/Documents/ML/end sem project/RIM-ONE_DL_images\RIM-ONE_DL_images\partitioned_by_hospital\test_set\glaucoma\r2_Im291.png,C:/Users/TRIPU/.gemini/antigravity/scratch/glaucoma_detection\data\processed\RIM-ONE\glaucoma\RIMONE_r2_Im291.png,external_test,-1,r2,partitioned_by_hospital/test_set,False,1.9567397197583627,1.532292332378995,0.8186531757352196,0.37992774609501434,0.6837716593837831,0.10240740869778868,0.15629553513253433,0.024804265258090624,0.025043545877359002,0.007624807881658271,0.9538943962125154,0.03605602822631485
RIMONE_r2_Im292,RIM-ONE,RIMONE_r2_Im292,1,Glaucoma,C:/Users/TRIPU/OneDrive/Documents/ML/end sem project/RIM-ONE_DL_images\RIM-ONE_DL_images\partitioned_by_hospital\test_set\glaucoma\r2_Im292.png,C:/Users/TRIPU/.gemini/antigravity/scratch/glaucoma_detection\data\processed\RIM-ONE\glaucoma\RIMONE_r2_Im292.png,external_test,-1,r2,partitioned_by_hospital/test_set,False,1.2337745476336737,0.909601017038766,0.6667191069350632,0.29123021187811726,0.7177780779708575,0.09219204015531553,0.18229810806127986,0.02371094428316899,0.033794809081521604,0.008530352087717127,0.9674428073057343,0.023949997031460776
RIMONE_r2_Im293,RIM-ONE,RIMONE_r2_Im293,1,Glaucoma,C:/Users/TRIPU/OneDrive/Documents/ML/end sem project/RIM-ONE_DL_images\RIM-ONE_DL_images\partitioned_by_hospital\test_set\glaucoma\r2_Im293.png,C:/Users/TRIPU/.gemini/antigravity/scratch/glaucoma_detection\data\processed\RIM-ONE\glaucoma\RIMONE_r2_Im293.png,external_test,-1,r2,partitioned_by_hospital/test_set,False,0.4787010746292302,0.2891502798735707,0.3807159418236002,0.16904680727993274,0.81933115562519,0.07281057434290444,0.2534744575748877,0.031548751629278386,0.06524462437224943,0.015694853753762204,0.9599176724101199,0.024198076545246104
RIMONE_r2_Im294,RIM-ONE,RIMONE_r2_Im294,1,Glaucoma,C:/Users/TRIPU/OneDrive/Documents/ML/end sem project/RIM-ONE_DL_images\RIM-ONE_DL_images\partitioned_by_hospital\test_set\glaucoma\r2_Im294.png,C:/Users/TRIPU/.gemini/antigravity/scratch/glaucoma_detection\data\processed\RIM-ONE\glaucoma\RIMONE_r2_Im294.png,external_test,-1,r2,partitioned_by_hospital/test_set,False,0.4209485528085717,0.23326641934301537,0.34626450357260974,0.1434793869214549,0.8342635116513323,0.06295729878860842,0.2845491379512019,0.03014195543721431,0.08187674938635112,0.016885344254086766,0.9576778558789815,0.023399099295152714
RIMONE_r2_Im301,RIM-ONE,RIMONE_r2_Im301,1,Glaucoma,C:/Users/TRIPU/OneDrive/Documents/ML/end sem project/RIM-ONE_DL_images\RIM-ONE_DL_images\partitioned_by_hospital\test_set\glaucoma\r2_Im301.png,C:/Users/TRIPU/.gemini/antigravity/scratch/glaucoma_detection\data\processed\RIM-ONE\glaucoma\RIMONE_r2_Im301.png,external_test,-1,r2,partitioned_by_hospital/test_set,False,0.8812597614910992,0.6139155748992875,0.534891998286511,0.23426795584620824,0.7647201984055605,0.08307192632921945,0.20706047331937252,0.027012389716891197,0.043603708809459796,0.010990877530292011,0.9643470568643716,0.02488335723578309
RIMONE_r2_Im302,RIM-ONE,RIMONE_r2_Im302,1,Glaucoma,C:/Users/TRIPU/OneDrive/Documents/ML/end sem project/RIM-ONE_DL_images\RIM-ONE_DL_images\partitioned_by_hospital\test_set\glaucoma\r2_Im302.png,C:/Users/TRIPU/.gemini/antigravity/scratch/glaucoma_detection\data\processed\RIM-ONE\glaucoma\RIMONE_r2_Im302.png,external_test,-1,r2,partitioned_by_hospital/test_set,False,1.1621547614688108,0.9140273361036471,0.6055614968174288,0.284332757459026,0.7458643938031005,0.0907055195241809,0.18426501645507554,0.02584308367636442,0.03462146126309284,0.009352574854154437,0.9635364384521529,0.02876629132413686
RIMONE_r2_Im303,RIM-ONE,RIMONE_r2_Im303,1,Glaucoma,C:/Users/TRIPU/OneDrive/Documents/ML/end sem project/RIM-ONE_DL_images\RIM-ONE_DL_images\partitioned_by_hospital\test_set\glaucoma\r2_Im303.png,C:/Users/TRIPU/.gemini/antigravity/scratch/glaucoma_detection\data\processed\RIM-ONE\glaucoma\RIMONE_r2_Im303.png,external_test,-1,r2,partitioned_by_hospital/test_set,False,0.9236230860924742,0.7308105830882307,0.5437932635579945,0.2672420771727711,0.7628139173585664,0.09305995471107117,0.17746002076973963,0.02639038128574098,0.032188511196003196,0.009170316126412949,0.9690973485585124,0.024520815914931965
RIMONE_r2_Im305,RIM-ONE,RIMONE_r2_Im305,1,Glaucoma,C:/Users/TRIPU/OneDrive/Documents/ML/end sem project/RIM-ONE_DL_images\RIM-ONE_DL_images\partitioned_by_hospital\test_set\glaucoma\r2_Im305.png,C:/Users/TRIPU/.gemini/antigravity/scratch/glaucoma_detection\data\processed\RIM-ONE\glaucoma\RIMONE_r2_Im305.png,external_test,-1,r2,partitioned_by_hospital/test_set,False,1.0855001846591097,0.8404034209946978,0.6097392200666095,0.2900090382816037,0.7377916550770899,0.09776300271052317,0.17162574269154895,0.02582795678286918,0.030122478906003516,0.008704507166471288,0.9681622224240454,0.02468278534386449
RIMONE_r2_Im314,RIM-ONE,RIMONE_r2_Im314,1,Glaucoma,C:/Users/TRIPU/OneDrive/Documents/ML/end sem project/RIM-ONE_DL_images\RIM-ONE_DL_images\partitioned_by_hospital\test_set\glaucoma\r2_Im314.png,C:/Users/TRIPU/.gemini/antigravity/scratch/glaucoma_detection\data\processed\RIM-ONE\glaucoma\RIMONE_r2_Im314.png,external_test,-1,r2,partitioned_by_hospital/test_set,False,0.7936310919066013,0.5668971687871949,0.4940509519419302,0.22813362465026907,0.7809580507468925,0.08323993404234069,0.22711817497540743,0.03056553109146988,0.05251691709506339,0.013617308908845134,0.9561855595605316,0.031141887625546275
RIMONE_r2_Im315,RIM-ONE,RIMONE_r2_Im315,1,Glaucoma,C:/Users/TRIPU/OneDrive/Documents/ML/end sem project/RIM-ONE_DL_images\RIM-ONE_DL_images\partitioned_by_hospital\test_set\glaucoma\r2_Im315.png,C:/Users/TRIPU/.gemini/antigravity/scratch/glaucoma_detection\data\processed\RIM-ONE\glaucoma\RIMONE_r2_Im315.png,external_test,-1,r2,partitioned_by_hospital/test_set,False,0.7358952507569502,0.45048566617883234,0.5061515538992599,0.20106419091104388,0.7687862073219315,0.07740512135271652,0.21647577630791923,0.0276130149879625,0.04762424032484173,0.01181296045704417,0.9595464135646653,0.02469031337646126
RIMONE_r2_Im317,RIM-ONE,RIMONE_r2_Im317,1,Glaucoma,C:/Users/TRIPU/OneDrive/Documents/ML/end sem project/RIM-ONE_DL_images\RIM-ONE_DL_images\partitioned_by_hospital\test_set\glaucoma\r2_Im317.png,C:/Users/TRIPU/.gemini/antigravity/scratch/glaucoma_detection\data\processed\RIM-ONE\glaucoma\RIMONE_r2_Im317.png,external_test,-1,r2,partitioned_by_hospital/test_set,False,0.8957368319589417,0.5986225413547538,0.5675879785555503,0.2340242155356201,0.7470337068311341,0.08391905261834287,0.20938162765630566,0.02668045630196119,0.0445525127484847,0.011032140744354229,0.953530457881766,0.030953358712995357
RIMONE_r2_Im318,RIM-ONE,RIMONE_r2_Im318,1,Glaucoma,C:/Users/TRIPU/OneDrive/Documents/ML/end sem project/RIM-ONE_DL_images\RIM-ONE_DL_images\partitioned_by_hospital\test_set\glaucoma\r2_Im318.png,C:/Users/TRIPU/.gemini/antigravity/scratch/glaucoma_detection\data\processed\RIM-ONE\glaucoma\RIMONE_r2_Im318.png,external_test,-1,r2,partitioned_by_hospital/test_set,False,1.3110498720561379,1.004257896283493,0.681958504460118,0.3137164875272679,0.7145422833881812,0.0990900457350648,0.1923595384709962,0.02928067278057548,0.03785954983925781,0.0111102258572469,0.9283204628802224,0.05473969779098587
RIMONE_r2_Im319,RIM-ONE,RIMONE_r2_Im319,1,Glaucoma,C:/Users/TRIPU/OneDrive/Documents/ML/end sem project/RIM-ONE_DL_images\RIM-ONE_DL_images\partitioned_by_hospital\test_set\glaucoma\r2_Im319.png,C:/Users/TRIPU/.gemini/antigravity/scratch/glaucoma_detection\data\processed\RIM-ONE\glaucoma\RIMONE_r2_Im319.png,external_test,-1,r2,partitioned_by_hospital/test_set,False,1.5990598166382828,1.2769449957080703,0.7495077509881733,0.3554595271167374,0.6971849248650388,0.10459980896993044,0.155683491800498,0.02487302751086801,0.02485601711675213,0.007610462412719198,0.950461274326952,0.039643578672923306
RIMONE_r2_Im320,RIM-ONE,RIMONE_r2_Im320,1,Glaucoma,C:/Users/TRIPU/OneDrive/Documents/ML/end sem project/RIM-ONE_DL_images\RIM-ONE_DL_images\partitioned_by_hospital\test_set\glaucoma\r2_Im320.png,C:/Users/TRIPU/.gemini/antigravity/scratch/glaucoma_detection\data\processed\RIM-ONE\glaucoma\RIMONE_r2_Im320.png,external_test,-1,r2,partitioned_by_hospital/test_set,False,0.9588953897238729,0.6729818322926271,0.5869221127116034,0.26196216457947774,0.7416845235767188,0.09320074230600672,0.19273632881669242,0.029175816762001403,0.037998520729466044,0.011054083366209866,0.9400488624081906,0.042136994763981285
RIMONE_r2_Im321,RIM-ONE,RIMONE_r2_Im321,1,Glaucoma,C:/Users/TRIPU/OneDrive/Documents/ML/end sem project/RIM-ONE_DL_images\RIM-ONE_DL_images\partitioned_by_hospital\test_set\glaucoma\r2_Im321.png,C:/Users/TRIPU/.gemini/antigravity/scratch/glaucoma_detection\data\processed\RIM-ONE\glaucoma\RIMONE_r2_Im321.png,external_test,-1,r2,partitioned_by_hospital/test_set,False,0.5448620296461767,0.3710912320117476,0.4083560599091054,0.1955999516160965,0.8092521191823855,0.08086085757716632,0.21753115239491108,0.027176223910472492,0.04805834940829019,0.011564843047619573,0.981566018263471,0.012563956657336305
RIMONE_r2_Im324,RIM-ONE,RIMONE_r2_Im324,1,Glaucoma,C:/Users/TRIPU/OneDrive/Documents/ML/end sem project/RIM-ONE_DL_images\RIM-ONE_DL_images\partitioned_by_hospital\test_set\glaucoma\r2_Im324.png,C:/Users/TRIPU/.gemini/antigravity/scratch/glaucoma_detection\data\processed\RIM-ONE\glaucoma\RIMONE_r2_Im324.png,external_test,-1,r2,partitioned_by_hospital/test_set,False,0.9983518348120803,0.7218256642871566,0.5728715141585913,0.2577581881105848,0.7518946990704438,0.08870010322476209,0.18290760868579758,0.026027435151836163,0.03413262069573989,0.009365620154192901,0.9678280277098751,0.023261711136648378
RIMONE_r2_Im329,RIM-ONE,RIMONE_r2_Im329,1,Glaucoma,C:/Users/TRIPU/OneDrive/Documents/ML/end sem project/RIM-ONE_DL_images\RIM-ONE_DL_images\partitioned_by_hospital\test_set\glaucoma\r2_Im329.png,C:/Users/TRIPU/.gemini/antigravity/scratch/glaucoma_detection\data\processed\RIM-ONE\glaucoma\RIMONE_r2_Im329.png,external_test,-1,r2,partitioned_by_hospital/test_set,False,1.3677325397429314,0.9539685801067678,0.6985683564511462,0.2867627698682081,0.7094512501679914,0.08789240131543263,0.16769004221067088,0.02343061372958713,0.0286689439163617,0.007760762792562458,0.9491008924276693,0.03541302938813858
RIMONE_r2_Im330,RIM-ONE,RIMONE_r2_Im330,1,Glaucoma,C:/Users/TRIPU/OneDrive/Documents/ML/end sem project/RIM-ONE_DL_images\RIM-ONE_DL_images\partitioned_by_hospital\test_set\glaucoma\r2_Im330.png,C:/Users/TRIPU/.gemini/antigravity/scratch/glaucoma_detection\data\processed\RIM-ONE\glaucoma\RIMONE_r2_Im330.png,external_test,-1,r2,partitioned_by_hospital/test_set,False,1.8047940125522624,1.318266043098044,0.7905453862319248,0.3213747871063098,0.6865889065416882,0.08715418939238231,0.15553151927072356,0.021279871630575316,0.024642886423273214,0.00654001347459664,0.9411841642284796,0.04292500068567165
RIMONE_r2_Im331,RIM-ONE,RIMONE_r2_Im331,1,Glaucoma,C:/Users/TRIPU/OneDrive/Documents/ML/end sem project/RIM-ONE_DL_images\RIM-ONE_DL_images\partitioned_by_hospital\test_set\glaucoma\r2_Im331.png,C:/Users/TRIPU/.gemini/antigravity/scratch/glaucoma_detection\data\processed\RIM-ONE\glaucoma\RIMONE_r2_Im331.png,external_test,-1,r2,partitioned_by_hospital/test_set,False,1.1325959585766936,0.8143701428925664,0.6082889841215918,0.2686490752806406,0.7422476671404071,0.08827487957087862,0.197702958377541,0.02849295314750109,0.03989830813029741,0.011106599776411857,0.9403956487897583,0.042814741053559285
RIMONE_r2_Im332,RIM-ONE,RIMONE_r2_Im332,1,Glaucoma,C:/Users/TRIPU/OneDrive/Documents/ML/end sem project/RIM-ONE_DL_images\RIM-ONE_DL_images\partitioned_by_hospital\test_set\glaucoma\r2_Im332.png,C:/Users/TRIPU/.gemini/antigravity/scratch/glaucoma_detection\data\processed\RIM-ONE\glaucoma\RIMONE_r2_Im332.png,external_test,-1,r2,partitioned_by_hospital/test_set,False,1.1671699596854772,0.8655787906123596,0.6318177668188925,0.28943369874382974,0.7316333730265862,0.09578931046256563,0.18250079829631471,0.028187229061789013,0.03410106126097392,0.010113003783135488,0.951732325412094,0.03572974718050716
RIMONE_r2_Im333,RIM-ONE,RIMONE_r2_Im333,1,Glaucoma,C:/Users/TRIPU/OneDrive/Documents/ML/end sem project/RIM-ONE_DL_images\RIM-ONE_DL_images\partitioned_by_hospital\test_set\glaucoma\r2_Im333.png,C:/Users/TRIPU/.gemini/antigravity/scratch/glaucoma_detection\data\processed\RIM-ONE\glaucoma\RIMONE_r2_Im333.png,external_test,-1,r2,partitioned_by_hospital/test_set,False,1.0114780668273398,0.7088585579368707,0.5916328793597426,0.25926513955016095,0.7429589641116782,0.08942869373086129,0.17993738138095108,0.02562016783748339,0.03303385421825465,0.009075525952286832,0.9655364096973541,0.024155551964781544
RIMONE_r2_Im334,RIM-ONE,RIMONE_r2_Im334,1,Glaucoma,C:/Users/TRIPU/OneDrive/Documents/ML/end sem project/RIM-ONE_DL_images\RIM-ONE_DL_images\partitioned_by_hospital\test_set\glaucoma\r2_Im334.png,C:/Users/TRIPU/.gemini/antigravity/scratch/glaucoma_detection\data\processed\RIM-ONE\glaucoma\RIMONE_r2_Im334.png,external_test,-1,r2,partitioned_by_hospital/test_set,False,1.0263556716692903,0.7266105171652151,0.6039973668730277,0.2596032008497292,0.7368192249692526,0.08829377928266048,0.1911657641161433,0.026292753353054837,0.037235658248993525,0.009915121532540662,0.9530602289505357,0.03317639616707913
RIMONE_r2_Im338,RIM-ONE,RIMONE_r2_Im338,1,Glaucoma,C:/Users/TRIPU/OneDrive/Documents/ML/end sem project/RIM-ONE_DL_images\RIM-ONE_DL_images\partitioned_by_hospital\test_set\glaucoma\r2_Im338.png,C:/Users/TRIPU/.gemini/antigravity/scratch/glaucoma_detection\data\processed\RIM-ONE\glaucoma\RIMONE_r2_Im338.png,external_test,-1,r2,partitioned_by_hospital/test_set,False,0.9773020129169758,0.6806189076756792,0.5793305597387931,0.2504634037475476,0.7471229457948204,0.08696166090696558,0.21010382949776418,0.029347855647810596,0.0450049158007503,0.012164707621890192,0.9189305327741639,0.05649905068714435
RIMONE_r2_Im339,RIM-ONE,RIMONE_r2_Im339,1,Glaucoma,C:/Users/TRIPU/OneDrive/Documents/ML/end sem project/RIM-ONE_DL_images\RIM-ONE_DL_images\partitioned_by_hospital\test_set\glaucoma\r2_Im339.png,C:/Users/TRIPU/.gemini/antigravity/scratch/glaucoma_detection\data\processed\RIM-ONE\glaucoma\RIMONE_r2_Im339.png,external_test,-1,r2,partitioned_by_hospital/test_set,False,1.4507591945685798,1.1027141436640808,0.7127044955043352,0.31960010810405204,0.707365160641959,0.09599205072325337,0.1613757165431054,0.024002146195110253,0.02661822491177214,0.007622416325714473,0.962045976790111,0.02890755009621023
RIMONE_r2_Im343,RIM-ONE,RIMONE_r2_Im343,1,Glaucoma,C:/Users/TRIPU/OneDrive/Documents/ML/end sem project/RIM-ONE_DL_images\RIM-ONE_DL_images\partitioned_by_hospital\test_set\glaucoma\r2_Im343.png,C:/Users/TRIPU/.gemini/antigravity/scratch/glaucoma_detection\data\processed\RIM-ONE\glaucoma\RIMONE_r2_Im343.png,external_test,-1,r2,partitioned_by_hospital/test_set,False,0.8369802278838785,0.6205485425231805,0.5309858603205878,0.2530677121280353,0.7635689790088299,0.09271609412115282,0.22461212057093516,0.03328906570767392,0.05155876660306216,0.014667229233500804,0.9245473618889836,0.055899322075129286
RIMONE_r2_Im344,RIM-ONE,RIMONE_r2_Im344,1,Glaucoma,C:/Users/TRIPU/OneDrive/Documents/ML/end sem project/RIM-ONE_DL_images\RIM-ONE_DL_images\partitioned_by_hospital\test_set\glaucoma\r2_Im344.png,C:/Users/TRIPU/.gemini/antigravity/scratch/glaucoma_detection\data\processed\RIM-ONE\glaucoma\RIMONE_r2_Im344.png,external_test,-1,r2,partitioned_by_hospital/test_set,False,0.6270611697536604,0.43366917284183704,0.44859218873786166,0.21405662966456315,0.7929686904712523,0.0862545042134995,0.21251960095686007,0.030414353264063124,0.046089613675334255,0.01264116339037736,0.9637125953771092,0.025092000034313243
RIMONE_r1_Im001,RIM-ONE,RIMONE_r1_Im001,0,Normal,C:/Users/TRIPU/OneDrive/Documents/ML/end sem project/RIM-ONE_DL_images\RIM-ONE_DL_images\partitioned_by_hospital\test_set\normal\r1_Im001.png,C:/Users/TRIPU/.gemini/antigravity/scratch/glaucoma_detection\data\processed\RIM-ONE\normal\RIMONE_r1_Im001.png,external_test,-1,r1,partitioned_by_hospital/test_set,False,0.9090179047220587,0.6252247605806961,0.5354247251466645,0.23305467373413036,0.7660442403449169,0.08241226895515207,0.2239756886111225,0.03007882606604702,0.051069844866338,0.013298155629740552,0.9401479917626624,0.04097740748927129
RIMONE_r1_Im003,RIM-ONE,RIMONE_r1_Im003,0,Normal,C:/Users/TRIPU/OneDrive/Documents/ML/end sem project/RIM-ONE_DL_images\RIM-ONE_DL_images\partitioned_by_hospital\test_set\normal\r1_Im003.png,C:/Users/TRIPU/.gemini/antigravity/scratch/glaucoma_detection\data\processed\RIM-ONE\normal\RIMONE_r1_Im003.png,external_test,-1,r1,partitioned_by_hospital/test_set,False,1.6432362864652055,1.2020613439707768,0.748344702770502,0.3195110012644658,0.6988211720082452,0.09300777036086323,0.186553610758824,0.025330277984659644,0.03544387266993495,0.00935215061618723,0.944852339075919,0.04022949423661876
RIMONE_r1_Im004,RIM-ONE,RIMONE_r1_Im004,0,Normal,C:/Users/TRIPU/OneDrive/Documents/ML/end sem project/RIM-ONE_DL_images\RIM-ONE_DL_images\partitioned_by_hospital\test_set\normal\r1_Im004.png,C:/Users/TRIPU/.gemini/antigravity/scratch/glaucoma_detection\data\processed\RIM-ONE\normal\RIMONE_r1_Im004.png,external_test,-1,r1,partitioned_by_hospital/test_set,False,1.6487381352273778,1.2349376890324757,0.7601158908656483,0.3229077369487811,0.6939663417846971,0.09149581891066166,0.1615148393696341,0.022887901145441134,0.026610899355442193,0.007288496942052849,0.9478808499094183,0.03897812836815209
RIMONE_r1_Im006,RIM-ONE,RIMONE_r1_Im006,0,Normal,C:/Users/TRIPU/OneDrive/Documents/ML/end sem project/RIM-ONE_DL_images\RIM-ONE_DL_images\partitioned_by_hospital\test_set\normal\r1_Im006.png,C:/Users/TRIPU/.gemini/antigravity/scratch/glaucoma_detection\data\processed\RIM-ONE\normal\RIMONE_r1_Im006.png,external_test,-1,r1,partitioned_by_hospital/test_set,False,0.9087544298908347,0.5973737005822928,0.5751145002148389,0.22199630360205355,0.7433357520368203,0.07742551059978703,0.21026893119093218,0.025052056105355113,0.044840628939282846,0.010357912813118509,0.9398918926952887,0.03933225018049705
RIMONE_r1_Im008,RIM-ONE,RIMONE_r1_Im008,0,Normal,C:/Users/TRIPU/OneDrive/Documents/ML/end sem project/RIM-ONE_DL_images\RIM-ONE_DL_images\partitioned_by_hospital\test_set\normal\r1_Im008.png,C:/Users/TRIPU/.gemini/antigravity/scratch/glaucoma_detection\data\processed\RIM-ONE\normal\RIMONE_r1_Im008.png,external_test,-1,r1,partitioned_by_hospital/test_set,False,1.1664519956767487,0.7807465919606836,0.6577067777205966,0.25750561007514833,0.7169200039248463,0.08375565016758657,0.1927303088012989,0.02435208150353686,0.03773799580419893,0.00924442585654669,0.930551213756586,0.04638124352601857
RIMONE_r1_Im011,RIM-ONE,RIMONE_r1_Im011,0,Normal,C:/Users/TRIPU/OneDrive/Documents/ML/end sem project/RIM-ONE_DL_images\RIM-ONE_DL_images\partitioned_by_hospital\test_set\normal\r1_Im011.png,C:/Users/TRIPU/.gemini/antigravity/scratch/glaucoma_detection\data\processed\RIM-ONE\normal\RIMONE_r1_Im011.png,external_test,-1,r1,partitioned_by_hospital/test_set,False,1.2283423122807433,0.8711102604820024,0.6510125420696115,0.27613325403676936,0.7250381992489223,0.08877858174895337,0.19128536750176428,0.026870882419108073,0.03731213614226655,0.010156444389744182,0.9277257364497995,0.05119243129607023
RIMONE_r1_Im012,RIM-ONE,RIMONE_r1_Im012,0,Normal,C:/Users/TRIPU/OneDrive/Documents/ML/end sem project/RIM-ONE_DL_images\RIM-ONE_DL_images\partitioned_by_hospital\test_set\normal\r1_Im012.png,C:/Users/TRIPU/.gemini/antigravity/scratch/glaucoma_detection\data\processed\RIM-ONE\normal\RIMONE_r1_Im012.png,external_test,-1,r1,partitioned_by_hospital/test_set,False,0.9663776724620585,0.6300879495561206,0.5767448784054713,0.22203506650047067,0.7467842628450367,0.07567218037565115,0.207428360664323,0.024024523021885062,0.043603702514317534,0.009868466250536985,0.9442974893537741,0.03620267830804694
RIMONE_r1_Im014,RIM-ONE,RIMONE_r1_Im014,0,Normal,C:/Users/TRIPU/OneDrive/Documents/ML/end sem project/RIM-ONE_DL_images\RIM-ONE_DL_images\partitioned_by_hospital\test_set\normal\r1_Im014.png,C:/Users/TRIPU/.gemini/antigravity/scratch/glaucoma_detection\data\processed\RIM-ONE\normal\RIMONE_r1_Im014.png,external_test,-1,r1,partitioned_by_hospital/test_set,False,1.152821290138178,0.8293894742108086,0.6367893144966886,0.27470843235973724,0.7276981315105758,0.09014896875901898,0.19267568738917232,0.02620354088703444,0.03781054606590855,0.00996761080904619,0.9597137210822234,0.028830019860095996
RIMONE_r1_Im015,RIM-ONE,RIMONE_r1_Im015,0,Normal,C:/Users/TRIPU/OneDrive/Documents/ML/end sem project/RIM-ONE_DL_images\RIM-ONE_DL_images\partitioned_by_hospital\test_set\normal\r1_Im015.png,C:/Users/TRIPU/.gemini/antigravity/scratch/glaucoma_detection\data\processed\RIM-ONE\normal\RIMONE_r1_Im015.png,external_test,-1,r1,partitioned_by_hospital/test_set,False,1.2288459407759331,0.8462969025008931,0.6299494804444851,0.2516598441436012,0.7349126010712778,0.07967790572780313,0.2031514335165935,0.024068692633491182,0.04184980690493239,0.009665998011496906,0.9539611894530879,0.031561637311688116
RIMONE_r1_Im019,RIM-ONE,RIMONE_r1_Im019,0,Normal,C:/Users/TRIPU/OneDrive/Documents/ML/end sem project/RIM-ONE_DL_images\RIM-ONE_DL_images\partitioned_by_hospital\test_set\normal\r1_Im019.png,C:/Users/TRIPU/.gemini/antigravity/scratch/glaucoma_detection\data\processed\RIM-ONE\normal\RIMONE_r1_Im019.png,external_test,-1,r1,partitioned_by_hospital/test_set,False,0.783872394281467,0.5641231097686293,0.4784391409193536,0.21934228128482142,0.7890225504839062,0.07883540900737537,0.23226837336645104,0.02943317370247011,0.05481490898049688,0.013413606617388564,0.960080124711694,0.028679824649998537
RIMONE_r1_Im020,RIM-ONE,RIMONE_r1_Im020,0,Normal,C:/Users/TRIPU/OneDrive/Documents/ML/end sem project/RIM-ONE_DL_images\RIM-ONE_DL_images\partitioned_by_hospital\test_set\normal\r1_Im020.png,C:/Users/TRIPU/.gemini/antigravity/scratch/glaucoma_detection\data\processed\RIM-ONE\normal\RIMONE_r1_Im020.png,external_test,-1,r1,partitioned_by_hospital/test_set,False,0.8921215508908645,0.6502233101689474,0.520410014480343,0.23659838436817468,0.7731839252032819,0.08277297663910368,0.20908222195406667,0.028301425733059594,0.044516346235773496,0.011628926782459463,0.9511753253629721,0.035535100957859174
RIMONE_r1_Im022,RIM-ONE,RIMONE_r1_Im022,0,Normal,C:/Users/TRIPU/OneDrive/Documents/ML/end sem project/RIM-ONE_DL_images\RIM-ONE_DL_images\partitioned_by_hospital\test_set\normal\r1_Im022.png,C:/Users/TRIPU/.gemini/antigravity/scratch/glaucoma_detection\data\processed\RIM-ONE\normal\RIMONE_r1_Im022.png,external_test,-1,r1,partitioned_by_hospital/test_set,False,2.042023642426869,1.5245757156321667,0.884718456219815,0.38297897601016556,0.6544198446648518,0.10292655213662101,0.15471467855602522,0.024403966408902647,0.02453218533718107,0.007478375424949315,0.9236851099383223,0.05685581114518044
RIMONE_r1_Im023,RIM-ONE,RIMONE_r1_Im023,0,Normal,C:/Users/TRIPU/OneDrive/Documents/ML/end sem project/RIM-ONE_DL_images\RIM-ONE_DL_images\partitioned_by_hospital\test_set\normal\r1_Im023.png,C:/Users/TRIPU/.gemini/antigravity/scratch/glaucoma_detection\data\processed\RIM-ONE\normal\RIMONE_r1_Im023.png,external_test,-1,r1,partitioned_by_hospital/test_set,False,2.1437459366548013,1.637528779030459,0.8899401525919285,0.38682035793217096,0.6575944635424745,0.10004476730722572,0.14792998565042315,0.023096166884601914,0.02241671357929578,0.006767335049575108,0.9277126638508983,0.0551484115653236
RIMONE_r1_Im024,RIM-ONE,RIMONE_r1_Im024,0,Normal,C:/Users/TRIPU/OneDrive/Documents/ML/end sem project/RIM-ONE_DL_images\RIM-ONE_DL_images\partitioned_by_hospital\test_set\normal\r1_Im024.png,C:/Users/TRIPU/.gemini/antigravity/scratch/glaucoma_detection\data\processed\RIM-ONE\normal\RIMONE_r1_Im024.png,external_test,-1,r1,partitioned_by_hospital/test_set,False,1.259899866414391,0.8722335915321688,0.6613684184828847,0.2628069738773904,0.721726586421176,0.08075200641684957,0.21264124163656975,0.0247260767173037,0.045827676514572036,0.01038905305826745,0.9316611764244969,0.04705111649799248
RIMONE_r1_Im025,RIM-ONE,RIMONE_r1_Im025,0,Normal,C:/Users/TRIPU/OneDrive/Documents/ML/end sem project/RIM-ONE_DL_images\RIM-ONE_DL_images\partitioned_by_hospital\test_set\normal\r1_Im025.png,C:/Users/TRIPU/.gemini/antigravity/scratch/glaucoma_detection\data\processed\RIM-ONE\normal\RIMONE_r1_Im025.png,external_test,-1,r1,partitioned_by_hospital/test_set,False,1.5892634504167067,1.1592011707443823,0.73605215818566,0.3154605323376281,0.7026687314307655,0.09214351916336999,0.18397276351856898,0.025995828551250114,0.0345217608187253,0.009444602169406001,0.9313493751103982,0.04989212170285239
RIMONE_r1_Im026,RIM-ONE,RIMONE_r1_Im026,0,Normal,C:/Users/TRIPU/OneDrive/Documents/ML/end sem project/RIM-ONE_DL_images\RIM-ONE_DL_images\partitioned_by_hospital\test_set\normal\r1_Im026.png,C:/Users/TRIPU/.gemini/antigravity/scratch/glaucoma_detection\data\processed\RIM-ONE\normal\RIMONE_r1_Im026.png,external_test,-1,r1,partitioned_by_hospital/test_set,False,0.8408685772131949,0.553005400146968,0.530976178444509,0.2214752467039219,0.763487707492987,0.08069444182633574,0.23217731560334187,0.02979929785725738,0.05479430403355937,0.013655327500979607,0.9167324666720528,0.05465843148788255
RIMONE_r1_Im027,RIM-ONE,RIMONE_r1_Im027,0,Normal,C:/Users/TRIPU/OneDrive/Documents/ML/end sem project/RIM-ONE_DL_images\RIM-ONE_DL_images\partitioned_by_hospital\test_set\normal\r1_Im027.png,C:/Users/TRIPU/.gemini/antigravity/scratch/glaucoma_detection\data\processed\RIM-ONE\normal\RIMONE_r1_Im027.png,external_test,-1,r1,partitioned_by_hospital/test_set,False,0.8731885771254037,0.5981061435453111,0.5465043817791737,0.23635374650681815,0.7571769070980959,0.08567600916558084,0.22589237067116893,0.030513024614041005,0.05195840779853788,0.013591433859993547,0.9317173030122569,0.0466801066065288
RIMONE_r1_Im028,RIM-ONE,RIMONE_r1_Im028,0,Normal,C:/Users/TRIPU/OneDrive/Documents/ML/end sem project/RIM-ONE_DL_images\RIM-ONE_DL_images\partitioned_by_hospital\test_set\normal\r1_Im028.png,C:/Users/TRIPU/.gemini/antigravity/scratch/glaucoma_detection\data\processed\RIM-ONE\normal\RIMONE_r1_Im028.png,external_test,-1,r1,partitioned_by_hospital/test_set,False,1.7188120846561301,1.1810213971936663,0.7953533293182656,0.30366955468740237,0.6795902479844353,0.08403592714501286,0.14663260084928606,0.018441779375835726,0.02184121885837304,0.005367104597574979,0.9572578132871966,0.02937954504358498
RIMONE_r1_Im029,RIM-ONE,RIMONE_r1_Im029,0,Normal,C:/Users/TRIPU/OneDrive/Documents/ML/end sem project/RIM-ONE_DL_images\RIM-ONE_DL_images\partitioned_by_hospital\test_set\normal\r1_Im029.png,C:/Users/TRIPU/.gemini/antigravity/scratch/glaucoma_detection\data\processed\RIM-ONE\normal\RIMONE_r1_Im029.png,external_test,-1,r1,partitioned_by_hospital/test_set,False,1.7491240987754917,1.195935662875249,0.8063999573053723,0.3084347135037788,0.67544104085488,0.08568432087674058,0.16030701621588941,0.020544486840528214,0.026120415387582068,0.0065432336976748,0.9512373291480883,0.03330777699122729
RIMONE_r1_Im031,RIM-ONE,RIMONE_r1_Im031,0,Normal,C:/Users/TRIPU/OneDrive/Documents/ML/end sem project/RIM-ONE_DL_images\RIM-ONE_DL_images\partitioned_by_hospital\test_set\normal\r1_Im031.png,C:/Users/TRIPU/.gemini/antigravity/scratch/glaucoma_detection\data\processed\RIM-ONE\normal\RIMONE_r1_Im031.png,external_test,-1,r1,partitioned_by_hospital/test_set,False,1.3242678732877409,0.8891584731013781,0.6985862198972668,0.26755275461128564,0.7062801371693372,0.08145162924737394,0.20436009361814989,0.023332889249558078,0.042307471584351115,0.009439627653425313,0.9279213592161603,0.048208627920145616
RIMONE_r1_Im032,RIM-ONE,RIMONE_r1_Im032,0,Normal,C:/Users/TRIPU/OneDrive/Documents/ML/end sem project/RIM-ONE_DL_images\RIM-ONE_DL_images\partitioned_by_hospital\test_set\normal\r1_Im032.png,C:/Users/TRIPU/.gemini/antigravity/scratch/glaucoma_detection\data\processed\RIM-ONE\normal\RIMONE_r1_Im032.png,external_test,-1,r1,partitioned_by_hospital/test_set,False,1.4600870882587857,1.071444061661325,0.7379930294490427,0.3273326929941534,0.6955076237629217,0.10019731713224832,0.1913548062611432,0.028840146672839156,0.037448415939350534,0.010899323553012147,0.905162618628283,0.06942291660377188
RIMONE_r1_Im033,RIM-ONE,RIMONE_r1_Im033,0,Normal,C:/Users/TRIPU/OneDrive/Documents/ML/end sem project/RIM-ONE_DL_images\RIM-ONE_DL_images\partitioned_by_hospital\test_set\normal\r1_Im033.png,C:/Users/TRIPU/.gemini/antigravity/scratch/glaucoma_detection\data\processed\RIM-ONE\normal\RIMONE_r1_Im033.png,external_test,-1,r1,partitioned_by_hospital/test_set,False,1.3821542122603396,1.0201228743539703,0.7206111075443825,0.3205881939193814,0.6992311541280483,0.10027295889995615,0.1904879701797434,0.028905168666067745,0.037121175558812634,0.010854518288438683,0.9116436422695232,0.06509812501042378
RIMONE_r1_Im036,RIM-ONE,RIMONE_r1_Im036,0,Normal,C:/Users/TRIPU/OneDrive/Documents/ML/end sem project/RIM-ONE_DL_images\RIM-ONE_DL_images\partitioned_by_hospital\test_set\normal\r1_Im036.png,C:/Users/TRIPU/.gemini/antigravity/scratch/glaucoma_detection\data\processed\RIM-ONE\normal\RIMONE_r1_Im036.png,external_test,-1,r1,partitioned_by_hospital/test_set,False,2.007785720483602,1.5296676385628674,0.8266697671735687,0.35320650203817855,0.6798896819718768,0.09182135367566363,0.16270898373778234,0.02096126883062772,0.02691358817997176,0.006761999958995169,0.968955458067185,0.02357975653318273
RIMONE_r1_Im037,RIM-ONE,RIMONE_r1_Im037,0,Normal,C:/Users/TRIPU/OneDrive/Documents/ML/end sem project/RIM-ONE_DL_images\RIM-ONE_DL_images\partitioned_by_hospital\test_set\normal\r1_Im037.png,C:/Users/TRIPU/.gemini/antigravity/scratch/glaucoma_detection\data\processed\RIM-ONE\normal\RIMONE_r1_Im037.png,external_test,-1,r1,partitioned_by_hospital/test_set,False,2.2129797558701667,1.652034337125064,0.8638226019747398,0.35671688030553433,0.6718952616450746,0.08838200505787985,0.172219796058641,0.0215681503840959,0.030124843265470866,0.007372643042774461,0.9554847551828384,0.033106241280394945
RIMONE_r1_Im040,RIM-ONE,RIMONE_r1_Im040,0,Normal,C:/Users/TRIPU/OneDrive/Documents/ML/end sem project/RIM-ONE_DL_images\RIM-ONE_DL_images\partitioned_by_hospital\test_set\normal\r1_Im040.png,C:/Users/TRIPU/.gemini/antigravity/scratch/glaucoma_detection\data\processed\RIM-ONE\normal\RIMONE_r1_Im040.png,external_test,-1,r1,partitioned_by_hospital/test_set,False,1.5490889802571586,1.140454423500491,0.7108147253331177,0.3110098081995249,0.7150724807133869,0.09037763184988296,0.19161618607219744,0.026978533942622927,0.03744460405854825,0.010214249269697594,0.949892057235084,0.036702564757528325
RIMONE_r1_Im041,RIM-ONE,RIMONE_r1_Im041,0,Normal,C:/Users/TRIPU/OneDrive/Documents/ML/end sem project/RIM-ONE_DL_images\RIM-ONE_DL_images\partitioned_by_hospital\test_set\normal\r1_Im041.png,C:/Users/TRIPU/.gemini/antigravity/scratch/glaucoma_detection\data\processed\RIM-ONE\normal\RIMONE_r1_Im041.png,external_test,-1,r1,partitioned_by_hospital/test_set,False,1.1906313669064905,0.8153213226255717,0.6223687357235704,0.2560555122538516,0.7377836909946289,0.08254625641581466,0.20602033826517244,0.02650092217572658,0.04314667865505999,0.010807048857669211,0.9483012662469084,0.035239405553918385
RIMONE_r1_Im042,RIM-ONE,RIMONE_r1_Im042,0,Normal,C:/Users/TRIPU/OneDrive/Documents/ML/end sem project/RIM-ONE_DL_images\RIM-ONE_DL_images\partitioned_by_hospital\test_set\normal\r1_Im042.png,C:/Users/TRIPU/.gemini/antigravity/scratch/glaucoma_detection\data\processed\RIM-ONE\normal\RIMONE_r1_Im042.png,external_test,-1,r1,partitioned_by_hospital/test_set,False,0.7515321096687217,0.5075923457169019,0.4832790952412809,0.20961869133691158,0.783557864945927,0.07762121697024293,0.2401151991855516,0.029567363048658875,0.05852953783756829,0.013979222734494081,0.9536872373177929,0.031190389980524577
RIMONE_r1_Im046,RIM-ONE,RIMONE_r1_Im046,0,Normal,C:/Users/TRIPU/OneDrive/Documents/ML/end sem project/RIM-ONE_DL_images\RIM-ONE_DL_images\partitioned_by_hospital\test_set\normal\r1_Im046.png,C:/Users/TRIPU/.gemini/antigravity/scratch/glaucoma_detection\data\processed\RIM-ONE\normal\RIMONE_r1_Im046.png,external_test,-1,r1,partitioned_by_hospital/test_set,False,1.0880950005913077,0.7876643918337293,0.6010263326678681,0.26546281435529034,0.7432072825173776,0.08821250843374275,0.20972354138743962,0.02872921714954519,0.04480933173011481,0.011901739769184605,0.9476149416187507,0.037864612708062885
RIMONE_r1_Im047,RIM-ONE,RIMONE_r1_Im047,0,Normal,C:/Users/TRIPU/OneDrive/Documents/ML/end sem project/RIM-ONE_DL_images\RIM-ONE_DL_images\partitioned_by_hospital\test_set\normal\r1_Im047.png,C:/Users/TRIPU/.gemini/antigravity/scratch/glaucoma_detection\data\processed\RIM-ONE\normal\RIMONE_r1_Im047.png,external_test,-1,r1,partitioned_by_hospital/test_set,False,1.4701560752222598,1.0092426250691802,0.756663593470493,0.3115244761932905,0.6858261271677913,0.09618032578814388,0.17826535115361966,0.02610974369371326,0.032460254137674734,0.009228835427607001,0.9163660776271746,0.05726829999006858
RIMONE_r1_Im050,RIM-ONE,RIMONE_r1_Im050,0,Normal,C:/Users/TRIPU/OneDrive/Documents/ML/end sem project/RIM-ONE_DL_images\RIM-ONE_DL_images\partitioned_by_hospital\test_set\normal\r1_Im050.png,C:/Users/TRIPU/.gemini/antigravity/scratch/glaucoma_detection\data\processed\RIM-ONE\normal\RIMONE_r1_Im050.png,external_test,-1,r1,partitioned_by_hospital/test_set,False,0.7917372600053438,0.5198764674019768,0.49540112627925276,0.196303430382415,0.7795931070135365,0.0692558838990376,0.2316161446094267,0.02371357976875745,0.05420837230918408,0.010812744664922188,0.9575444266400185,0.027739822620368636
RIMONE_r1_Im052,RIM-ONE,RIMONE_r1_Im052,0,Normal,C:/Users/TRIPU/OneDrive/Documents/ML/end sem project/RIM-ONE_DL_images\RIM-ONE_DL_images\partitioned_by_hospital\test_set\normal\r1_Im052.png,C:/Users/TRIPU/.gemini/antigravity/scratch/glaucoma_detection\data\processed\RIM-ONE\normal\RIMONE_r1_Im052.png,external_test,-1,r1,partitioned_by_hospital/test_set,False,1.6427062832766044,1.365632580543748,0.7403056094924182,0.3536634235284177,0.704321052086405,0.1005785812077537,0.17841997449538818,0.027095228280344743,0.03256783869449897,0.009523431174551806,0.9620786961484477,0.03146820188124498
RIMONE_r1_Im054,RIM-ONE,RIMONE_r1_Im054,0,Normal,C:/Users/TRIPU/OneDrive/Documents/ML/end sem project/RIM-ONE_DL_images\RIM-ONE_DL_images\partitioned_by_hospital\test_set\normal\r1_Im054.png,C:/Users/TRIPU/.gemini/antigravity/scratch/glaucoma_detection\data\processed\RIM-ONE\normal\RIMONE_r1_Im054.png,external_test,-1,r1,partitioned_by_hospital/test_set,False,1.3545771529848165,1.0021511777338383,0.6555298547192048,0.28333292320799,0.7309299581757712,0.08539673837212979,0.20356711130548932,0.02490468983887984,0.04205981238123228,0.009993802599080448,0.9578140650081594,0.031112413510709643
RIMONE_r1_Im055,RIM-ONE,RIMONE_r1_Im055,0,Normal,C:/Users/TRIPU/OneDrive/Documents/ML/end sem project/RIM-ONE_DL_images\RIM-ONE_DL_images\partitioned_by_hospital\test_set\normal\r1_Im055.png,C:/Users/TRIPU/.gemini/antigravity/scratch/glaucoma_detection\data\processed\RIM-ONE\normal\RIMONE_r1_Im055.png,external_test,-1,r1,partitioned_by_hospital/test_set,False,1.5884756221738163,1.184545107021357,0.7261768423214474,0.300853473360998,0.7070483719378666,0.0844852957139322,0.16383314209870117,0.020153432777471943,0.027247459302649296,0.0064880127638367304,0.9610937009681133,0.029017203252344935
RIMONE_r1_Im056,RIM-ONE,RIMONE_r1_Im056,0,Normal,C:/Users/TRIPU/OneDrive/Documents/ML/end sem project/RIM-ONE_DL_images\RIM-ONE_DL_images\partitioned_by_hospital\test_set\normal\r1_Im056.png,C:/Users/TRIPU/.gemini/antigravity/scratch/glaucoma_detection\data\processed\RIM-ONE\normal\RIMONE_r1_Im056.png,external_test,-1,r1,partitioned_by_hospital/test_set,False,1.623777068984631,1.1733434055546212,0.7372053171548677,0.2940885597328558,0.7036468514904293,0.08186052963000906,0.1670000935447947,0.01991887154004023,0.028285792687398798,0.006551292293184064,0.9589596754616654,0.029595021476629877
RIMONE_r1_Im057,RIM-ONE,RIMONE_r1_Im057,0,Normal,C:/Users/TRIPU/OneDrive/Documents/ML/end sem project/RIM-ONE_DL_images\RIM-ONE_DL_images\partitioned_by_hospital\test_set\normal\r1_Im057.png,C:/Users/TRIPU/.gemini/antigravity/scratch/glaucoma_detection\data\processed\RIM-ONE\normal\RIMONE_r1_Im057.png,external_test,-1,r1,partitioned_by_hospital/test_set,False,1.4742980394950032,1.0296562267244735,0.7269182543839716,0.29728389496592456,0.701214069522133,0.08907198065371,0.19243843337260702,0.02598435262736747,0.0377077372203667,0.009921553731986568,0.9028234430219283,0.06768909653278905
RIMONE_r1_Im058,RIM-ONE,RIMONE_r1_Im058,0,Normal,C:/Users/TRIPU/OneDrive/Documents/ML/end sem project/RIM-ONE_DL_images\RIM-ONE_DL_images\partitioned_by_hospital\test_set\normal\r1_Im058.png,C:/Users/TRIPU/.gemini/antigravity/scratch/glaucoma_detection\data\processed\RIM-ONE\normal\RIMONE_r1_Im058.png,external_test,-1,r1,partitioned_by_hospital/test_set,False,1.450637532427874,1.065537275597372,0.7031649316944139,0.2963091750872807,0.712314927063327,0.08670697590509402,0.2014455497114979,0.02608988690292873,0.041260991697175176,0.010427428463895877,0.9194827098491429,0.058864036539407756
RIMONE_r1_Im059,RIM-ONE,RIMONE_r1_Im059,0,Normal,C:/Users/TRIPU/OneDrive/Documents/ML/end sem project/RIM-ONE_DL_images\RIM-ONE_DL_images\partitioned_by_hospital\test_set\normal\r1_Im059.png,C:/Users/TRIPU/.gemini/antigravity/scratch/glaucoma_detection\data\processed\RIM-ONE\normal\RIMONE_r1_Im059.png,external_test,-1,r1,partitioned_by_hospital/test_set,False,1.297233603726551,0.971576007052451,0.6608070856110061,0.2973058989247052,0.7245881276168514,0.0934189865431281,0.19549458454559196,0.028571592881982417,0.039034468506467336,0.011014102235678612,0.9328703066007593,0.0500436176257373
RIMONE_r1_Im060,RIM-ONE,RIMONE_r1_Im060,0,Normal,C:/Users/TRIPU/OneDrive/Documents/ML/end sem project/RIM-ONE_DL_images\RIM-ONE_DL_images\partitioned_by_hospital\test_set\normal\r1_Im060.png,C:/Users/TRIPU/.gemini/antigravity/scratch/glaucoma_detection\data\processed\RIM-ONE\normal\RIMONE_r1_Im060.png,external_test,-1,r1,partitioned_by_hospital/test_set,False,1.753627812616373,1.29183606597928,0.808612089708419,0.35313813494720425,0.6770277607702013,0.10050305101916382,0.16000996596398098,0.024819231857206733,0.02621918347777615,0.007861004696124798,0.9384933601521687,0.04515860264267412
RIMONE_r1_Im061,RIM-ONE,RIMONE_r1_Im061,0,Normal,C:/Users/TRIPU/OneDrive/Documents/ML/end sem project/RIM-ONE_DL_images\RIM-ONE_DL_images\partitioned_by_hospital\test_set\normal\r1_Im061.png,C:/Users/TRIPU/.gemini/antigravity/scratch/glaucoma_detection\data\processed\RIM-ONE\normal\RIMONE_r1_Im061.png,external_test,-1,r1,partitioned_by_hospital/test_set,False,1.2371464634627911,0.9108906341505928,0.6429033583591047,0.2840442368589217,0.730457911533294,0.0900700546627516,0.19474078103177817,0.027790816166372957,0.03869630126006011,0.010692617940800729,0.9347776400934675,0.047947040256044585
RIMONE_r1_Im062,RIM-ONE,RIMONE_r1_Im062,0,Normal,C:/Users/TRIPU/OneDrive/Documents/ML/end sem project/RIM-ONE_DL_images\RIM-ONE_DL_images\partitioned_by_hospital\test_set\normal\r1_Im062.png,C:/Users/TRIPU/.gemini/antigravity/scratch/glaucoma_detection\data\processed\RIM-ONE\normal\RIMONE_r1_Im062.png,external_test,-1,r1,partitioned_by_hospital/test_set,False,1.6136334216671486,1.0897621591845508,0.7808068835448396,0.30424510867388493,0.6809896783226326,0.08921383999448014,0.1494432567622586,0.021128630020181473,0.02277970599824006,0.00624549474441499,0.950127437559135,0.033651915668725864
RIMONE_r1_Im063,RIM-ONE,RIMONE_r1_Im063,0,Normal,C:/Users/TRIPU/OneDrive/Documents/ML/end sem project/RIM-ONE_DL_images\RIM-ONE_DL_images\partitioned_by_hospital\test_set\normal\r1_Im063.png,C:/Users/TRIPU/.gemini/antigravity/scratch/glaucoma_detection\data\processed\RIM-ONE\normal\RIMONE_r1_Im063.png,external_test,-1,r1,partitioned_by_hospital/test_set,False,1.9976181468616152,1.3348193937990922,0.8824680179890622,0.33182939765480224,0.6516698833312705,0.0887938154274933,0.16076439767796927,0.021338938475787484,0.0263005418560337,0.006803449367218285,0.9159444316767001,0.05605680710072223
RIMONE_r1_Im071,RIM-ONE,RIMONE_r1_Im071,0,Normal,C:/Users/TRIPU/OneDrive/Documents/ML/end sem project/RIM-ONE_DL_images\RIM-ONE_DL_images\partitioned_by_hospital\test_set\normal\r1_Im071.png,C:/Users/TRIPU/.gemini/antigravity/scratch/glaucoma_detection\data\processed\RIM-ONE\normal\RIMONE_r1_Im071.png,external_test,-1,r1,partitioned_by_hospital/test_set,False,1.3883553170545877,1.0058637546671787,0.7221152413870612,0.29345585414940173,0.6968679078169632,0.08813502574579392,0.17784400027182093,0.02369587094540032,0.03218998273254452,0.008292372775237521,0.9390892271229255,0.044000461553156324
RIMONE_r1_Im072,RIM-ONE,RIMONE_r1_Im072,0,Normal,C:/Users/TRIPU/OneDrive/Documents/ML/end sem project/RIM-ONE_DL_images\RIM-ONE_DL_images\partitioned_by_hospital\test_set\normal\r1_Im072.png,C:/Users/TRIPU/.gemini/antigravity/scratch/glaucoma_detection\data\processed\RIM-ONE\normal\RIMONE_r1_Im072.png,external_test,-1,r1,partitioned_by_hospital/test_set,False,1.0658600546899073,0.6218140469336558,0.6585043153979008,0.22296056239947934,0.7085555811316105,0.07595158231125151,0.2187632466652535,0.024434822052121056,0.04845441862024138,0.010609707270102948,0.8937266729619567,0.061717741018243885
RIMONE_r1_Im073,RIM-ONE,RIMONE_r1_Im073,0,Normal,C:/Users/TRIPU/OneDrive/Documents/ML/end sem project/RIM-ONE_DL_images\RIM-ONE_DL_images\partitioned_by_hospital\test_set\normal\r1_Im073.png,C:/Users/TRIPU/.gemini/antigravity/scratch/glaucoma_detection\data\processed\RIM-ONE\normal\RIMONE_r1_Im073.png,external_test,-1,r1,partitioned_by_hospital/test_set,False,1.1316853236599973,0.6883372085838882,0.6887718422205596,0.23811773013700668,0.6967285316058649,0.07917136976723507,0.20789344580146019,0.024220389886284815,0.04380631209344832,0.009978013208273441,0.8793245921727445,0.07315858348415231
RIMONE_r1_Im080,RIM-ONE,RIMONE_r1_Im080,0,Normal,C:/Users/TRIPU/OneDrive/Documents/ML/end sem project/RIM-ONE_DL_images\RIM-ONE_DL_images\partitioned_by_hospital\test_set\normal\r1_Im080.png,C:/Users/TRIPU/.gemini/antigravity/scratch/glaucoma_detection\data\processed\RIM-ONE\normal\RIMONE_r1_Im080.png,external_test,-1,r1,partitioned_by_hospital/test_set,False,1.0294882729867403,0.702030037360075,0.5794955690179826,0.22094244536091628,0.7499492723098858,0.06987214804343363,0.2138252727815809,0.01885736677746382,0.04607684756189729,0.007943924541299439,0.9622256968196156,0.025701280491767176
RIMONE_r1_Im082,RIM-ONE,RIMONE_r1_Im082,0,Normal,C:/Users/TRIPU/OneDrive/Documents/ML/end sem project/RIM-ONE_DL_images\RIM-ONE_DL_images\partitioned_by_hospital\test_set\normal\r1_Im082.png,C:/Users/TRIPU/.gemini/antigravity/scratch/glaucoma_detection\data\processed\RIM-ONE\normal\RIMONE_r1_Im082.png,external_test,-1,r1,partitioned_by_hospital/test_set,False,1.2053713884228712,0.7871922623645411,0.6626431582036051,0.24370969802297254,0.7168761753190264,0.07634970839711189,0.17310355374976663,0.020917907324546254,0.030402399167636655,0.007154806783272523,0.9448646960179469,0.03604313791490541
RIMONE_r1_Im086,RIM-ONE,RIMONE_r1_Im086,0,Normal,C:/Users/TRIPU/OneDrive/Documents/ML/end sem project/RIM-ONE_DL_images\RIM-ONE_DL_images\partitioned_by_hospital\test_set\normal\r1_Im086.png,C:/Users/TRIPU/.gemini/antigravity/scratch/glaucoma_detection\data\processed\RIM-ONE\normal\RIMONE_r1_Im086.png,external_test,-1,r1,partitioned_by_hospital/test_set,False,0.9221420101800741,0.5858145480240252,0.5540794706868434,0.19884749326924464,0.7552147428438136,0.06702894109777399,0.2268566711145902,0.02255097283042113,0.05197249560479173,0.01007852320554175,0.9517148090466464,0.030523448444552934
RIMONE_r1_Im087,RIM-ONE,RIMONE_r1_Im087,0,Normal,C:/Users/TRIPU/OneDrive/Documents/ML/end sem project/RIM-ONE_DL_images\RIM-ONE_DL_images\partitioned_by_hospital\test_set\normal\r1_Im087.png,C:/Users/TRIPU/.gemini/antigravity/scratch/glaucoma_detection\data\processed\RIM-ONE\normal\RIMONE_r1_Im087.png,external_test,-1,r1,partitioned_by_hospital/test_set,False,1.322151037856502,0.9235747662358136,0.6750389404807337,0.25496964722319976,0.7168944490370871,0.07534650890525914,0.19729102108690535,0.021083258925237998,0.03936825080842237,0.008220293788417748,0.9559635317936751,0.030636556195949967
RIMONE_r1_Im095,RIM-ONE,RIMONE_r1_Im095,0,Normal,C:/Users/TRIPU/OneDrive/Documents/ML/end sem project/RIM-ONE_DL_images\RIM-ONE_DL_images\partitioned_by_hospital\test_set\normal\r1_Im095.png,C:/Users/TRIPU/.gemini/antigravity/scratch/glaucoma_detection\data\processed\RIM-ONE\normal\RIMONE_r1_Im095.png,external_test,-1,r1,partitioned_by_hospital/test_set,False,0.8135717982780536,0.42902635876912293,0.5527160438709285,0.1719959801404006,0.7481881537433339,0.06263714647460936,0.24906370977673764,0.02275693467169186,0.06255060960340265,0.011255657352559198,0.9234004075581123,0.04018107560402101
RIMONE_r1_Im107,RIM-ONE,RIMONE_r1_Im107,0,Normal,C:/Users/TRIPU/OneDrive/Documents/ML/end sem project/RIM-ONE_DL_images\RIM-ONE_DL_images\partitioned_by_hospital\test_set\normal\r1_Im107.png,C:/Users/TRIPU/.gemini/antigravity/scratch/glaucoma_detection\data\processed\RIM-ONE\normal\RIMONE_r1_Im107.png,external_test,-1,r1,partitioned_by_hospital/test_set,False,0.826256759034207,0.47913893960160886,0.5642694975492296,0.19632189760703997,0.7429634558787322,0.07174610168542683,0.22807925725182632,0.023264624279555293,0.052561390331413625,0.01051907080250116,0.9533503344672352,0.026921977565359214
RIMONE_r1_Im108,RIM-ONE,RIMONE_r1_Im108,0,Normal,C:/Users/TRIPU/OneDrive/Documents/ML/end sem project/RIM-ONE_DL_images\RIM-ONE_DL_images\partitioned_by_hospital\test_set\normal\r1_Im108.png,C:/Users/TRIPU/.gemini/antigravity/scratch/glaucoma_detection\data\processed\RIM-ONE\normal\RIMONE_r1_Im108.png,external_test,-1,r1,partitioned_by_hospital/test_set,False,1.507395826825773,0.9782888633346709,0.7858147493599534,0.2858548704292256,0.6712584768868105,0.08500522622867689,0.18188069073167856,0.022400690900118578,0.03358237661383516,0.008074741021547429,0.9226656492734264,0.05002914470836091
RIMONE_r1_Im115,RIM-ONE,RIMONE_r1_Im115,0,Normal,C:/Users/TRIPU/OneDrive/Documents/ML/end sem project/RIM-ONE_DL_images\RIM-ONE_DL_images\partitioned_by_hospital\test_set\normal\r1_Im115.png,C:/Users/TRIPU/.gemini/antigravity/scratch/glaucoma_detection\data\processed\RIM-ONE\normal\RIMONE_r1_Im115.png,external_test,-1,r1,partitioned_by_hospital/test_set,False,1.0753084298361217,0.6798852447331877,0.6213579050479376,0.22037971597936754,0.7301045860617227,0.0708169569541578,0.19150267053534173,0.019823869029938546,0.03706625860548379,0.007500440477875696,0.9441831315718271,0.03526927080617763
RIMONE_r1_Im116,RIM-ONE,RIMONE_r1_Im116,0,Normal,C:/Users/TRIPU/OneDrive/Documents/ML/end sem project/RIM-ONE_DL_images\RIM-ONE_DL_images\partitioned_by_hospital\test_set\normal\r1_Im116.png,C:/Users/TRIPU/.gemini/antigravity/scratch/glaucoma_detection\data\processed\RIM-ONE\normal\RIMONE_r1_Im116.png,external_test,-1,r1,partitioned_by_hospital/test_set,False,1.4243081634793018,0.9005688899058917,0.7409134610448435,0.2568690808877342,0.6894067774969664,0.07613093737664497,0.17838044863061317,0.019884443539571178,0.032214975548537216,0.007032333617679606,0.9410415823997208,0.03726193054934314
RIMONE_r1_Im119,RIM-ONE,RIMONE_r1_Im119,0,Normal,C:/Users/TRIPU/OneDrive/Documents/ML/end sem project/RIM-ONE_DL_images\RIM-ONE_DL_images\partitioned_by_hospital\test_set\normal\r1_Im119.png,C:/Users/TRIPU/.gemini/antigravity/scratch/glaucoma_detection\data\processed\RIM-ONE\normal\RIMONE_r1_Im119.png,external_test,-1,r1,partitioned_by_hospital/test_set,False,0.9378837089647755,0.613444065906765,0.5550853266395425,0.20264238251599573,0.7564381794543394,0.06650103403621713,0.2563502443562422,0.019473639942313374,0.06609467043410797,0.009879603284817476,0.9628110827563439,0.02421871501649999
RIMONE_r1_Im125,RIM-ONE,RIMONE_r1_Im125,0,Normal,C:/Users/TRIPU/OneDrive/Documents/ML/end sem project/RIM-ONE_DL_images\RIM-ONE_DL_images\partitioned_by_hospital\test_set\normal\r1_Im125.png,C:/Users/TRIPU/.gemini/antigravity/scratch/glaucoma_detection\data\processed\RIM-ONE\normal\RIMONE_r1_Im125.png,external_test,-1,r1,partitioned_by_hospital/test_set,False,1.013813041829385,0.584075093842925,0.6417712808955834,0.21122314354110802,0.7139776058095499,0.07191422003615441,0.18576980037010724,0.020190093996612386,0.03491805862514154,0.007432243815514811,0.9587021139725497,0.0236367944383849
RIMONE_r1_Im127,RIM-ONE,RIMONE_r1_Im127,0,Normal,C:/Users/TRIPU/OneDrive/Documents/ML/end sem project/RIM-ONE_DL_images\RIM-ONE_DL_images\partitioned_by_hospital\test_set\normal\r1_Im127.png,C:/Users/TRIPU/.gemini/antigravity/scratch/glaucoma_detection\data\processed\RIM-ONE\normal\RIMONE_r1_Im127.png,external_test,-1,r1,partitioned_by_hospital/test_set,False,1.3984512055556637,0.898245104122554,0.7376908154817103,0.25841187431843177,0.6888839556618168,0.07702527361875763,0.17767010229628596,0.020688791496926578,0.031994691343576014,0.007265189087825055,0.9161838976808055,0.05380784396361514
RIMONE_r1_Im128,RIM-ONE,RIMONE_r1_Im128,0,Normal,C:/Users/TRIPU/OneDrive/Documents/ML/end sem project/RIM-ONE_DL_images\RIM-ONE_DL_images\partitioned_by_hospital\test_set\normal\r1_Im128.png,C:/Users/TRIPU/.gemini/antigravity/scratch/glaucoma_detection\data\processed\RIM-ONE\normal\RIMONE_r1_Im128.png,external_test,-1,r1,partitioned_by_hospital/test_set,False,0.7056655082787503,0.3811897501928286,0.4931385729940352,0.1606336821884421,0.7731529978870518,0.06060938467338469,0.2361063507887601,0.02345893550070606,0.05629653053761131,0.010937445123237913,0.9296381546331628,0.03801706095880722
RIMONE_r1_Im129,RIM-ONE,RIMONE_r1_Im129,0,Normal,C:/Users/TRIPU/OneDrive/Documents/ML/end sem project/RIM-ONE_DL_images\RIM-ONE_DL_images\partitioned_by_hospital\test_set\normal\r1_Im129.png,C:/Users/TRIPU/.gemini/antigravity/scratch/glaucoma_detection\data\processed\RIM-ONE\normal\RIMONE_r1_Im129.png,external_test,-1,r1,partitioned_by_hospital/test_set,False,1.3067553690511389,0.8651792946477351,0.6874369172666377,0.25597081319658566,0.7105704057512982,0.07749080870312085,0.17741187470420264,0.020693220074088012,0.03190318264309434,0.007249395856368875,0.9498013135411515,0.033211643052421115
RIMONE_r1_Im130,RIM-ONE,RIMONE_r1_Im130,0,Normal,C:/Users/TRIPU/OneDrive/Documents/ML/end sem project/RIM-ONE_DL_images\RIM-ONE_DL_images\partitioned_by_hospital\test_set\normal\r1_Im130.png,C:/Users/TRIPU/.gemini/antigravity/scratch/glaucoma_detection\data\processed\RIM-ONE\normal\RIMONE_r1_Im130.png,external_test,-1,r1,partitioned_by_hospital/test_set,False,1.056746298293288,0.6371506333361207,0.6206316931146899,0.2136013355013704,0.728955779423185,0.07051625802439827,0.22815163211177125,0.023109537242500703,0.05258721794682753,0.01046157463042448,0.9433501136601045,0.033961608667284746
RIMONE_r1_Im131,RIM-ONE,RIMONE_r1_Im131,0,Normal,C:/Users/TRIPU/OneDrive/Documents/ML/end sem project/RIM-ONE_DL_images\RIM-ONE_DL_images\partitioned_by_hospital\test_set\normal\r1_Im131.png,C:/Users/TRIPU/.gemini/antigravity/scratch/glaucoma_detection\data\processed\RIM-ONE\normal\RIMONE_r1_Im131.png,external_test,-1,r1,partitioned_by_hospital/test_set,False,1.4601739310655415,0.9945803473092553,0.6962209968529404,0.25884965655382214,0.7135364708659582,0.07434440798620588,0.20021416296108396,0.02037728186476814,0.0405009446664037,0.008070682439778912,0.954664564093366,0.030757079648093023
RIMONE_r1_Im132,RIM-ONE,RIMONE_r1_Im132,0,Normal,C:/Users/TRIPU/OneDrive/Documents/ML/end sem project/RIM-ONE_DL_images\RIM-ONE_DL_images\partitioned_by_hospital\test_set\normal\r1_Im132.png,C:/Users/TRIPU/.gemini/antigravity/scratch/glaucoma_detection\data\processed\RIM-ONE\normal\RIMONE_r1_Im132.png,external_test,-1,r1,partitioned_by_hospital/test_set,False,1.4071433150989472,0.9230243538776904,0.7553869253309641,0.2761878796610127,0.6802888044625162,0.08418263008737704,0.18493190949212815,0.022942826169856288,0.03472618442106492,0.008400076745650591,0.9172955680635758,0.054135175855090374
RIMONE_r1_Im133,RIM-ONE,RIMONE_r1_Im133,0,Normal,C:/Users/TRIPU/OneDrive/Documents/ML/end sem project/RIM-ONE_DL_images\RIM-ONE_DL_images\partitioned_by_hospital\test_set\normal\r1_Im133.png,C:/Users/TRIPU/.gemini/antigravity/scratch/glaucoma_detection\data\processed\RIM-ONE\normal\RIMONE_r1_Im133.png,external_test,-1,r1,partitioned_by_hospital/test_set,False,1.633008655902514,1.1840511151657442,0.7828527827387739,0.3187452170949,0.6807612703188511,0.09045007017208238,0.15760792981986949,0.022210741135464653,0.02533357656389153,0.006881758839690096,0.9273189696951568,0.05286662007490529
RIMONE_r1_Im136,RIM-ONE,RIMONE_r1_Im136,0,Normal,C:/Users/TRIPU/OneDrive/Documents/ML/end sem project/RIM-ONE_DL_images\RIM-ONE_DL_images\partitioned_by_hospital\test_set\normal\r1_Im136.png,C:/Users/TRIPU/.gemini/antigravity/scratch/glaucoma_detection\data\processed\RIM-ONE\normal\RIMONE_r1_Im136.png,external_test,-1,r1,partitioned_by_hospital/test_set,False,0.8185878410122581,0.5028709121551315,0.5484406756622434,0.1991787161453989,0.7511740206188652,0.07187398318865255,0.21104010908289664,0.02218296170060913,0.0450300114315316,0.00922618312561498,0.9593236830305857,0.024939708474931325
RIMONE_r1_Im137,RIM-ONE,RIMONE_r1_Im137,0,Normal,C:/Users/TRIPU/OneDrive/Documents/ML/end sem project/RIM-ONE_DL_images\RIM-ONE_DL_images\partitioned_by_hospital\test_set\normal\r1_Im137.png,C:/Users/TRIPU/.gemini/antigravity/scratch/glaucoma_detection\data\processed\RIM-ONE\normal\RIMONE_r1_Im137.png,external_test,-1,r1,partitioned_by_hospital/test_set,False,1.1722990350988718,0.7839156396358005,0.6454420700379716,0.24035410740756216,0.7239465527775151,0.07443511198037511,0.2198813060743515,0.021102756953083678,0.04879311511198356,0.009178699564502403,0.9654295813596804,0.023011747777949423
RIMONE_r1_Im138,RIM-ONE,RIMONE_r1_Im138,0,Normal,C:/Users/TRIPU/OneDrive/Documents/ML/end sem project/RIM-ONE_DL_images\RIM-ONE_DL_images\partitioned_by_hospital\test_set\normal\r1_Im138.png,C:/Users/TRIPU/.gemini/antigravity/scratch/glaucoma_detection\data\processed\RIM-ONE\normal\RIMONE_r1_Im138.png,external_test,-1,r1,partitioned_by_hospital/test_set,False,1.3646568133472075,0.9150519203440695,0.6874601188280928,0.24654756146470588,0.7125596567317487,0.07187703317684399,0.2103185779367831,0.01951032987571247,0.04461455719720983,0.008151341894435688,0.9648039645777926,0.02349952384458683
RIMONE_r1_Im142,RIM-ONE,RIMONE_r1_Im142,0,Normal,C:/Users/TRIPU/OneDrive/Documents/ML/end sem project/RIM-ONE_DL_images\RIM-ONE_DL_images\partitioned_by_hospital\test_set\normal\r1_Im142.png,C:/Users/TRIPU/.gemini/antigravity/scratch/glaucoma_detection\data\processed\RIM-ONE\normal\RIMONE_r1_Im142.png,external_test,-1,r1,partitioned_by_hospital/test_set,False,1.1806497568091292,0.7523513935206109,0.6525879264791994,0.23764260355678227,0.7201844899833737,0.07595263673178139,0.19697501185063662,0.0215321084474807,0.039262786987752506,0.008388877844376832,0.9683254422663442,0.020080343858335337
RIMONE_r1_Im143,RIM-ONE,RIMONE_r1_Im143,0,Normal,C:/Users/TRIPU/OneDrive/Documents/ML/end sem project/RIM-ONE_DL_images\RIM-ONE_DL_images\partitioned_by_hospital\test_set\normal\r1_Im143.png,C:/Users/TRIPU/.gemini/antigravity/scratch/glaucoma_detection\data\processed\RIM-ONE\normal\RIMONE_r1_Im143.png,external_test,-1,r1,partitioned_by_hospital/test_set,False,0.9113585712858615,0.5582578623776546,0.5785244513348652,0.203805560898976,0.7414917737542576,0.07047700886631371,0.22538507056821513,0.02197463686894345,0.051281314700561235,0.009792213246818539,0.9649883063037645,0.0213335123806442
RIMONE_r1_Im145,RIM-ONE,RIMONE_r1_Im145,0,Normal,C:/Users/TRIPU/OneDrive/Documents/ML/end sem project/RIM-ONE_DL_images\RIM-ONE_DL_images\partitioned_by_hospital\test_set\normal\r1_Im145.png,C:/Users/TRIPU/.gemini/antigravity/scratch/glaucoma_detection\data\processed\RIM-ONE\normal\RIMONE_r1_Im145.png,external_test,-1,r1,partitioned_by_hospital/test_set,False,0.8905756991140127,0.5830509774643043,0.5546504434127826,0.2090219400617149,0.7535697122308425,0.07132278057590542,0.2215456663481675,0.020279841978521708,0.04949375426832737,0.008866912904829164,0.9716587050637004,0.01849577283974302
RIMONE_r1_Im146,RIM-ONE,RIMONE_r1_Im146,0,Normal,C:/Users/TRIPU/OneDrive/Documents/ML/end sem project/RIM-ONE_DL_images\RIM-ONE_DL_images\partitioned_by_hospital\test_set\normal\r1_Im146.png,C:/Users/TRIPU/.gemini/antigravity/scratch/glaucoma_detection\data\processed\RIM-ONE\normal\RIMONE_r1_Im146.png,external_test,-1,r1,partitioned_by_hospital/test_set,False,0.7075923309880685,0.4197502749717947,0.5035010573072506,0.18454911466746776,0.7677449175500816,0.07025795401029201,0.20240877252352432,0.02096458964050571,0.04140882521327462,0.008344653929274484,0.9732573119708672,0.015856472053078673
RIMONE_r1_Im149,RIM-ONE,RIMONE_r1_Im149,0,Normal,C:/Users/TRIPU/OneDrive/Documents/ML/end sem project/RIM-ONE_DL_images\RIM-ONE_DL_images\partitioned_by_hospital\test_set\normal\r1_Im149.png,C:/Users/TRIPU/.gemini/antigravity/scratch/glaucoma_detection\data\processed\RIM-ONE\normal\RIMONE_r1_Im149.png,external_test,-1,r1,partitioned_by_hospital/test_set,False,1.326726478216963,0.9242154037964867,0.6920248610695797,0.270902830240924,0.7095769342142786,0.08137622021277635,0.18055634066001994,0.021467026483341315,0.03306142537857364,0.00764190699018315,0.9595032039211121,0.02816416849124929
RIMONE_r1_Im150,RIM-ONE,RIMONE_r1_Im150,0,Normal,C:/Users/TRIPU/OneDrive/Documents/ML/end sem project/RIM-ONE_DL_images\RIM-ONE_DL_images\partitioned_by_hospital\test_set\normal\r1_Im150.png,C:/Users/TRIPU/.gemini/antigravity/scratch/glaucoma_detection\data\processed\RIM-ONE\normal\RIMONE_r1_Im150.png,external_test,-1,r1,partitioned_by_hospital/test_set,False,1.088231211349144,0.6991547460420194,0.6161464438297998,0.21695850505799172,0.7338351767816379,0.06761677049450447,0.18360075365203088,0.018870289370307203,0.03406532456251287,0.006815122004449805,0.9607520467338474,0.02518822605350202
RIMONE_r1_Im151,RIM-ONE,RIMONE_r1_Im151,0,Normal,C:/Users/TRIPU/OneDrive/Documents/ML/end sem project/RIM-ONE_DL_images\RIM-ONE_DL_images\partitioned_by_hospital\test_set\normal\r1_Im151.png,C:/Users/TRIPU/.gemini/antigravity/scratch/glaucoma_detection\data\processed\RIM-ONE\normal\RIMONE_r1_Im151.png,external_test,-1,r1,partitioned_by_hospital/test_set,False,1.1521781820927297,0.7528081402347637,0.6220492036607009,0.2270757313396594,0.7355963638489836,0.07003370219517242,0.20578164935123544,0.021223995303827993,0.042796545186371736,0.008629682213865397,0.9380446773405836,0.040419394085683166
RIMONE_r1_Im152,RIM-ONE,RIMONE_r1_Im152,0,Normal,C:/Users/TRIPU/OneDrive/Documents/ML/end sem project/RIM-ONE_DL_images\RIM-ONE_DL_images\partitioned_by_hospital\test_set\normal\r1_Im152.png,C:/Users/TRIPU/.gemini/antigravity/scratch/glaucoma_detection\data\processed\RIM-ONE\normal\RIMONE_r1_Im152.png,external_test,-1,r1,partitioned_by_hospital/test_set,False,0.8327534476049664,0.5186299716226329,0.5338039719412293,0.1914783134089681,0.7605327710820173,0.06679680073125363,0.2256388257069566,0.021126540911221306,0.05135921039728785,0.009389549651128544,0.9649723654804877,0.02172989466217945
RIMONE_r1_Im153,RIM-ONE,RIMONE_r1_Im153,0,Normal,C:/Users/TRIPU/OneDrive/Documents/ML/end sem project/RIM-ONE_DL_images\RIM-ONE_DL_images\partitioned_by_hospital\test_set\normal\r1_Im153.png,C:/Users/TRIPU/.gemini/antigravity/scratch/glaucoma_detection\data\processed\RIM-ONE\normal\RIMONE_r1_Im153.png,external_test,-1,r1,partitioned_by_hospital/test_set,False,0.9983166757469405,0.5955850552362263,0.6104557553625553,0.20684484901126843,0.7295976954247055,0.07018547908268977,0.2179164130996637,0.022857055951279903,0.04801000810498323,0.009878680168487254,0.914659155379053,0.0507512071765986
RIMONE_r1_Im154,RIM-ONE,RIMONE_r1_Im154,0,Normal,C:/Users/TRIPU/OneDrive/Documents/ML/end sem project/RIM-ONE_DL_images\RIM-ONE_DL_images\partitioned_by_hospital\test_set\normal\r1_Im154.png,C:/Users/TRIPU/.gemini/antigravity/scratch/glaucoma_detection\data\processed\RIM-ONE\normal\RIMONE_r1_Im154.png,external_test,-1,r1,partitioned_by_hospital/test_set,False,1.2123952161884222,0.7675732156058384,0.6528688780199866,0.22798420092049537,0.7224264822288565,0.06977965518449686,0.19860851910041102,0.01999440022791138,0.03984511989973224,0.007869828988961144,0.9472954492438949,0.03327925681042422
RIMONE_r1_Im155,RIM-ONE,RIMONE_r1_Im155,0,Normal,C:/Users/TRIPU/OneDrive/Documents/ML/end sem project/RIM-ONE_DL_images\RIM-ONE_DL_images\partitioned_by_hospital\test_set\normal\r1_Im155.png,C:/Users/TRIPU/.gemini/antigravity/scratch/glaucoma_detection\data\processed\RIM-ONE\normal\RIMONE_r1_Im155.png,external_test,-1,r1,partitioned_by_hospital/test_set,False,0.9159671215402675,0.5781474008589126,0.5656827428015382,0.20713143942227816,0.748911504333431,0.07118231249116884,0.2006859291582529,0.022839215592815654,0.04079647193100642,0.009024486776383305,0.9379421293620381,0.03926904245386368
RIMONE_r1_Im156,RIM-ONE,RIMONE_r1_Im156,0,Normal,C:/Users/TRIPU/OneDrive/Documents/ML/end sem project/RIM-ONE_DL_images\RIM-ONE_DL_images\partitioned_by_hospital\test_set\normal\r1_Im156.png,C:/Users/TRIPU/.gemini/antigravity/scratch/glaucoma_detection\data\processed\RIM-ONE\normal\RIMONE_r1_Im156.png,external_test,-1,r1,partitioned_by_hospital/test_set,False,1.1618483050803277,0.7573997018931672,0.6697716368325755,0.25216329771744184,0.709957552136435,0.08195239495185748,0.18625225138294846,0.023488596983019847,0.03524161533344775,0.008636681708955431,0.9303231169393432,0.045408988870259355
RIMONE_r1_Im159,RIM-ONE,RIMONE_r1_Im159,0,Normal,C:/Users/TRIPU/OneDrive/Documents/ML/end sem project/RIM-ONE_DL_images\RIM-ONE_DL_images\partitioned_by_hospital\test_set\normal\r1_Im159.png,C:/Users/TRIPU/.gemini/antigravity/scratch/glaucoma_detection\data\processed\RIM-ONE\normal\RIMONE_r1_Im159.png,external_test,-1,r1,partitioned_by_hospital/test_set,False,0.6460924724134046,0.3529607754339443,0.4806958514129387,0.1645931408380186,0.7755308285718092,0.06453657543655927,0.2446236121616979,0.02425648402301727,0.06042908864419569,0.01167426835778932,0.945934365370364,0.029503166301272112
RIMONE_r1_Im161,RIM-ONE,RIMONE_r1_Im161,0,Normal,C:/Users/TRIPU/OneDrive/Documents/ML/end sem project/RIM-ONE_DL_images\RIM-ONE_DL_images\partitioned_by_hospital\test_set\normal\r1_Im161.png,C:/Users/TRIPU/.gemini/antigravity/scratch/glaucoma_detection\data\processed\RIM-ONE\normal\RIMONE_r1_Im161.png,external_test,-1,r1,partitioned_by_hospital/test_set,False,1.0129553924261079,0.6331728735385661,0.5943602610374819,0.20960063938019405,0.7399825065948898,0.06898500486136062,0.19348147383357087,0.02015333416590095,0.03784123759481326,0.007699743084023726,0.9543379211838672,0.02859145547474934
RIMONE_r1_Im162,RIM-ONE,RIMONE_r1_Im162,0,Normal,C:/Users/TRIPU/OneDrive/Documents/ML/end sem project/RIM-ONE_DL_images\RIM-ONE_DL_images\partitioned_by_hospital\test_set\normal\r1_Im162.png,C:/Users/TRIPU/.gemini/antigravity/scratch/glaucoma_detection\data\processed\RIM-ONE\normal\RIMONE_r1_Im162.png,external_test,-1,r1,partitioned_by_hospital/test_set,False,0.9223320214313168,0.5881360956501879,0.56385884011824,0.2016302404170679,0.7507704186443496,0.06722412064599231,0.21326093375649913,0.020867941847710694,0.04591569686365333,0.008779995308418819,0.950389592660091,0.03171144415968215
RIMONE_r1_Im163,RIM-ONE,RIMONE_r1_Im163,0,Normal,C:/Users/TRIPU/OneDrive/Documents/ML/end sem project/RIM-ONE_DL_images\RIM-ONE_DL_images\partitioned_by_hospital\test_set\normal\r1_Im163.png,C:/Users/TRIPU/.gemini/antigravity/scratch/glaucoma_detection\data\processed\RIM-ONE\normal\RIMONE_r1_Im163.png,external_test,-1,r1,partitioned_by_hospital/test_set,False,1.4292514881993645,0.9864142311907558,0.7033743611159902,0.26785613862253066,0.7101177704723667,0.07704071364723307,0.19776737992031404,0.021817971252458677,0.03958796043011896,0.008524861732187347,0.9404980555551052,0.04090521829518021
RIMONE_r1_Im164,RIM-ONE,RIMONE_r1_Im164,0,Normal,C:/Users/TRIPU/OneDrive/Documents/ML/end sem project/RIM-ONE_DL_images\RIM-ONE_DL_images\partitioned_by_hospital\test_set\normal\r1_Im164.png,C:/Users/TRIPU/.gemini/antigravity/scratch/glaucoma_detection\data\processed\RIM-ONE\normal\RIMONE_r1_Im164.png,external_test,-1,r1,partitioned_by_hospital/test_set,False,0.9400660026415525,0.5779161976164516,0.5779881520520153,0.20141305139451357,0.7444055221173854,0.06743921608716846,0.19541330886545163,0.020188208576929132,0.03859392504729002,0.007796705191314878,0.9485216518412786,0.03163629159555676
RIMONE_r1_Im165,RIM-ONE,RIMONE_r1_Im165,0,Normal,C:/Users/TRIPU/OneDrive/Documents/ML/end sem project/RIM-ONE_DL_images\RIM-ONE_DL_images\partitioned_by_hospital\test_set\normal\r1_Im165.png,C:/Users/TRIPU/.gemini/antigravity/scratch/glaucoma_detection\data\processed\RIM-ONE\normal\RIMONE_r1_Im165.png,external_test,-1,r1,partitioned_by_hospital/test_set,False,1.2780321452020005,0.8495766961567448,0.6930736067436024,0.2603989270039958,0.7051137506826443,0.08087509281986342,0.1846402117655448,0.021289685667344176,0.03454525851663954,0.007774821527617001,0.9584438023750748,0.02746148119709476
RIMONE_r1_Im166,RIM-ONE,RIMONE_r1_Im166,0,Normal,C:/Users/TRIPU/OneDrive/Documents/ML/end sem project/RIM-ONE_DL_images\RIM-ONE_DL_images\partitioned_by_hospital\test_set\normal\r1_Im166.png,C:/Users/TRIPU/.gemini/antigravity/scratch/glaucoma_detection\data\processed\RIM-ONE\normal\RIMONE_r1_Im166.png,external_test,-1,r1,partitioned_by_hospital/test_set,False,1.3939589214276988,1.0458635322679037,0.702211515463606,0.29376247584129367,0.7080784397331236,0.08638735153954889,0.17275598199541356,0.021136305197037682,0.030291372712581987,0.007194340727100836,0.9668266585069989,0.024799460073847455
RIMONE_r1_Im168,RIM-ONE,RIMONE_r1_Im168,0,Normal,C:/Users/TRIPU/OneDrive/Documents/ML/end sem project/RIM-ONE_DL_images\RIM-ONE_DL_images\partitioned_by_hospital\test_set\normal\r1_Im168.png,C:/Users/TRIPU/.gemini/antigravity/scratch/glaucoma_detection\data\processed\RIM-ONE\normal\RIMONE_r1_Im168.png,external_test,-1,r1,partitioned_by_hospital/test_set,False,1.1064813717676263,0.7384967262368418,0.6312479002901689,0.23402622059204645,0.7267544147706307,0.074339242646274,0.23600933043126315,0.021757946677676086,0.05617381229424174,0.010171722638488818,0.9518458122647,0.03204459078066812
RIMONE_r1_Im169,RIM-ONE,RIMONE_r1_Im169,0,Normal,C:/Users/TRIPU/OneDrive/Documents/ML/end sem project/RIM-ONE_DL_images\RIM-ONE_DL_images\partitioned_by_hospital\test_set\normal\r1_Im169.png,C:/Users/TRIPU/.gemini/antigravity/scratch/glaucoma_detection\data\processed\RIM-ONE\normal\RIMONE_r1_Im169.png,external_test,-1,r1,partitioned_by_hospital/test_set,False,1.3468853930441878,0.930605310820288,0.7003702939800109,0.2647065876918046,0.7050920189707868,0.07892355625831027,0.2089232330415757,0.02050647416977412,0.044069432787420156,0.008513040484928517,0.9506721918634417,0.03402161206515864
RIMONE_r2_Im001,RIM-ONE,RIMONE_r2_Im001,0,Normal,C:/Users/TRIPU/OneDrive/Documents/ML/end sem project/RIM-ONE_DL_images\RIM-ONE_DL_images\partitioned_by_hospital\test_set\normal\r2_Im001.png,C:/Users/TRIPU/.gemini/antigravity/scratch/glaucoma_detection\data\processed\RIM-ONE\normal\RIMONE_r2_Im001.png,external_test,-1,r2,partitioned_by_hospital/test_set,False,0.9004905990107931,0.7313079430903149,0.5365389771480705,0.26994802475033414,0.7652674408357235,0.09463183829736985,0.17774935471236072,0.02753035621882651,0.032352753614196116,0.009610745121914578,0.9677851052459895,0.026277169457485938
RIMONE_r2_Im002,RIM-ONE,RIMONE_r2_Im002,0,Normal,C:/Users/TRIPU/OneDrive/Documents/ML/end sem project/RIM-ONE_DL_images\RIM-ONE_DL_images\partitioned_by_hospital\test_set\normal\r2_Im002.png,C:/Users/TRIPU/.gemini/antigravity/scratch/glaucoma_detection\data\processed\RIM-ONE\normal\RIMONE_r2_Im002.png,external_test,-1,r2,partitioned_by_hospital/test_set,False,1.4955650711694994,1.2156952143483932,0.7234532399520472,0.3501717721984488,0.7045813044461927,0.10561361495952555,0.16024094885125673,0.026851516003440313,0.02639816560043409,0.008510558456372674,0.9469926815169853,0.043261898294167135
RIMONE_r2_Im003,RIM-ONE,RIMONE_r2_Im003,0,Normal,C:/Users/TRIPU/OneDrive/Documents/ML/end sem project/RIM-ONE_DL_images\RIM-ONE_DL_images\partitioned_by_hospital\test_set\normal\r2_Im003.png,C:/Users/TRIPU/.gemini/antigravity/scratch/glaucoma_detection\data\processed\RIM-ONE\normal\RIMONE_r2_Im003.png,external_test,-1,r2,partitioned_by_hospital/test_set,False,1.4956908954876507,1.181253420255505,0.6918080906419903,0.32807938441581425,0.720547598884734,0.09809507697257912,0.1698154313761215,0.02651277373230883,0.02954020790443884,0.008862850599898234,0.9396015952257883,0.04782089859937318
RIMONE_r2_Im004,RIM-ONE,RIMONE_r2_Im004,0,Normal,C:/Users/TRIPU/OneDrive/Documents/ML/end sem project/RIM-ONE_DL_images\RIM-ONE_DL_images\partitioned_by_hospital\test_set\normal\r2_Im004.png,C:/Users/TRIPU/.gemini/antigravity/scratch/glaucoma_detection\data\processed\RIM-ONE\normal\RIMONE_r2_Im004.png,external_test,-1,r2,partitioned_by_hospital/test_set,False,1.3440293103398917,1.0400727161430448,0.6583017548091307,0.3078924357325432,0.7293767038939327,0.0948617754374376,0.18712125647908698,0.027556529903993664,0.03577372696666195,0.010164194212506816,0.9317898611554631,0.05296194957671765
RIMONE_r2_Im005,RIM-ONE,RIMONE_r2_Im005,0,Normal,C:/Users/TRIPU/OneDrive/Documents/ML/end sem project/RIM-ONE_DL_images\RIM-ONE_DL_images\partitioned_by_hospital\test_set\normal\r2_Im005.png,C:/Users/TRIPU/.gemini/antigravity/scratch/glaucoma_detection\data\processed\RIM-ONE\normal\RIMONE_r2_Im005.png,external_test,-1,r2,partitioned_by_hospital/test_set,False,1.0253679429024907,0.7772787440414571,0.5897114531607458,0.2792462553189757,0.7453949626248403,0.09518236901809775,0.1845962818266784,0.02808610094429476,0.03486461633048759,0.010184045463321136,0.9539673774224972,0.034920205099917535
RIMONE_r2_Im006,RIM-ONE,RIMONE_r2_Im006,0,Normal,C:/Users/TRIPU/OneDrive/Documents/ML/end sem project/RIM-ONE_DL_images\RIM-ONE_DL_images\partitioned_by_hospital\test_set\normal\r2_Im006.png,C:/Users/TRIPU/.gemini/antigravity/scratch/glaucoma_detection\data\processed\RIM-ONE\normal\RIMONE_r2_Im006.png,external_test,-1,r2,partitioned_by_hospital/test_set,False,1.2986634892394813,1.069635533377943,0.6636231755819074,0.3309576664238434,0.7245657629014723,0.10317962324308223,0.17855677014887147,0.029336976840706647,0.03274317837614908,0.010289150321673986,0.934595020758683,0.05404544680516263
RIMONE_r2_Im007,RIM-ONE,RIMONE_r2_Im007,0,Normal,C:/Users/TRIPU/OneDrive/Documents/ML/end sem project/RIM-ONE_DL_images\RIM-ONE_DL_images\partitioned_by_hospital\test_set\normal\r2_Im007.png,C:/Users/TRIPU/.gemini/antigravity/scratch/glaucoma_detection\data\processed\RIM-ONE\normal\RIMONE_r2_Im007.png,external_test,-1,r2,partitioned_by_hospital/test_set,False,1.1266825499378774,0.8985061643165766,0.5952534440212495,0.2907108302279814,0.7493119696397676,0.09438391492231042,0.1938026225932299,0.0285510205168955,0.038374617296570074,0.01084477284722243,0.9395759309311925,0.04840678612292711
RIMONE_r2_Im009,RIM-ONE,RIMONE_r2_Im009,0,Normal,C:/Users/TRIPU/OneDrive/Documents/ML/end sem project/RIM-ONE_DL_images\RIM-ONE_DL_images\partitioned_by_hospital\test_set\normal\r2_Im009.png,C:/Users/TRIPU/.gemini/antigravity/scratch/glaucoma_detection\data\processed\RIM-ONE\normal\RIMONE_r2_Im009.png,external_test,-1,r2,partitioned_by_hospital/test_set,False,1.429493789523858,1.0993070506730804,0.7102812119077647,0.3265890069321223,0.7087593958944057,0.09797610486417999,0.1696379761360082,0.025876031092670115,0.029446611932629724,0.008654974696674865,0.9354514111628713,0.049637184902632234
RIMONE_r2_Im010,RIM-ONE,RIMONE_r2_Im010,0,Normal,C:/Users/TRIPU/OneDrive/Documents/ML/end sem project/RIM-ONE_DL_images\RIM-ONE_DL_images\partitioned_by_hospital\test_set\normal\r2_Im010.png,C:/Users/TRIPU/.gemini/antigravity/scratch/glaucoma_detection\data\processed\RIM-ONE\normal\RIMONE_r2_Im010.png,external_test,-1,r2,partitioned_by_hospital/test_set,False,1.0557240844072833,0.8011285791174441,0.596909540926236,0.28418536282017925,0.743791859183276,0.0959057283198953,0.1695769122192384,0.02695344756087699,0.029482817493228227,0.008966929905368298,0.9582171630119607,0.031714767097596186
RIMONE_r2_Im011,RIM-ONE,RIMONE_r2_Im011,0,Normal,C:/Users/TRIPU/OneDrive/Documents/ML/end sem project/RIM-ONE_DL_images\RIM-ONE_DL_images\partitioned_by_hospital\test_set\normal\r2_Im011.png,C:/Users/TRIPU/.gemini/antigravity/scratch/glaucoma_detection\data\processed\RIM-ONE\normal\RIMONE_r2_Im011.png,external_test,-1,r2,partitioned_by_hospital/test_set,False,0.7210385053604189,0.5221438696609314,0.4845660220439776,0.2333488732028699,0.7804837115245156,0.08946195478253176,0.195893371834575,0.029112427438914717,0.039221746560105124,0.011155464211336839,0.9642021577076741,0.02597615237247226
RIMONE_r2_Im012,RIM-ONE,RIMONE_r2_Im012,0,Normal,C:/Users/TRIPU/OneDrive/Documents/ML/end sem project/RIM-ONE_DL_images\RIM-ONE_DL_images\partitioned_by_hospital\test_set\normal\r2_Im012.png,C:/Users/TRIPU/.gemini/antigravity/scratch/glaucoma_detection\data\processed\RIM-ONE\normal\RIMONE_r2_Im012.png,external_test,-1,r2,partitioned_by_hospital/test_set,False,1.3387063871122067,1.022262694952538,0.6721758124875366,0.30686855036727123,0.7219951555766212,0.09447839684122887,0.1827960938339186,0.02661878060349222,0.03412297140175561,0.009593842341029382,0.9309408500090339,0.05293048780649738
RIMONE_r2_Im013,RIM-ONE,RIMONE_r2_Im013,0,Normal,C:/Users/TRIPU/OneDrive/Documents/ML/end sem project/RIM-ONE_DL_images\RIM-ONE_DL_images\partitioned_by_hospital\test_set\normal\r2_Im013.png,C:/Users/TRIPU/.gemini/antigravity/scratch/glaucoma_detection\data\processed\RIM-ONE\normal\RIMONE_r2_Im013.png,external_test,-1,r2,partitioned_by_hospital/test_set,False,0.7885689123015892,0.5865765675990258,0.5089377043465587,0.2458848372399198,0.7719843091823178,0.09178512687043482,0.20119797338310275,0.030643733460431342,0.04141966289386168,0.012090236238484766,0.9529785539537262,0.0351288531277658
RIMONE_r2_Im014,RIM-ONE,RIMONE_r2_Im014,0,Normal,C:/Users/TRIPU/OneDrive/Documents/ML/end sem project/RIM-ONE_DL_images\RIM-ONE_DL_images\partitioned_by_hospital\test_set\normal\r2_Im014.png,C:/Users/TRIPU/.gemini/antigravity/scratch/glaucoma_detection\data\processed\RIM-ONE\normal\RIMONE_r2_Im014.png,external_test,-1,r2,partitioned_by_hospital/test_set,False,1.1446839136082665,0.8640332320480142,0.6274586689589349,0.28921219819165284,0.7331087695744601,0.09476853453869125,0.18082276904643413,0.027831520377543283,0.03347146733214567,0.009921018668145062,0.9419707830000551,0.04398780970066583
RIMONE_r2_Im015,RIM-ONE,RIMONE_r2_Im015,0,Normal,C:/Users/TRIPU/OneDrive/Documents/ML/end sem project/RIM-ONE_DL_images\RIM-ONE_DL_images\partitioned_by_hospital\test_set\normal\r2_Im015.png,C:/Users/TRIPU/.gemini/antigravity/scratch/glaucoma_detection\data\processed\RIM-ONE\normal\RIMONE_r2_Im015.png,external_test,-1,r2,partitioned_by_hospital/test_set,False,1.6064570181314093,1.2097937302863173,0.7613380173296718,0.33890496915980345,0.6923348562438911,0.09844827272580632,0.15402317795190248,0.024228925546967588,0.02431018017956391,0.007374051451665203,0.9417102079172177,0.04393664790945587
RIMONE_r2_Im016,RIM-ONE,RIMONE_r2_Im016,0,Normal,C:/Users/TRIPU/OneDrive/Documents/ML/end sem project/RIM-ONE_DL_images\RIM-ONE_DL_images\partitioned_by_hospital\test_set\normal\r2_Im016.png,C:/Users/TRIPU/.gemini/antigravity/scratch/glaucoma_detection\data\processed\RIM-ONE\normal\RIMONE_r2_Im016.png,external_test,-1,r2,partitioned_by_hospital/test_set,False,2.1750570935875984,1.726899233508176,0.8900769941543323,0.39944308908988946,0.6598889707829431,0.10092031473000487,0.14922797458105114,0.022183033832207745,0.02276107538756372,0.006549466920328922,0.9447047027932096,0.04405111039791518
RIMONE_r2_Im017,RIM-ONE,RIMONE_r2_Im017,0,Normal,C:/Users/TRIPU/OneDrive/Documents/ML/end sem project/RIM-ONE_DL_images\RIM-ONE_DL_images\partitioned_by_hospital\test_set\normal\r2_Im017.png,C:/Users/TRIPU/.gemini/antigravity/scratch/glaucoma_detection\data\processed\RIM-ONE\normal\RIMONE_r2_Im017.png,external_test,-1,r2,partitioned_by_hospital/test_set,False,1.1176775901439902,0.8576998907153536,0.6048628173371914,0.2816391578341434,0.7430168038263957,0.09239750455160993,0.20257132073232917,0.028301514580240248,0.041836115710775716,0.011311514735053407,0.927855864186265,0.05552068836646335
RIMONE_r2_Im018,RIM-ONE,RIMONE_r2_Im018,0,Normal,C:/Users/TRIPU/OneDrive/Documents/ML/end sem project/RIM-ONE_DL_images\RIM-ONE_DL_images\partitioned_by_hospital\test_set\normal\r2_Im018.png,C:/Users/TRIPU/.gemini/antigravity/scratch/glaucoma_detection\data\processed\RIM-ONE\normal\RIMONE_r2_Im018.png,external_test,-1,r2,partitioned_by_hospital/test_set,False,0.6637139721971188,0.44817070110524043,0.4501061319782171,0.20051498340713403,0.7951111094979549,0.07750728500477817,0.25630416534799966,0.032003368580847256,0.0667160407752563,0.016150652572291577,0.9259292959054767,0.05011757960189155
RIMONE_r2_Im019,RIM-ONE,RIMONE_r2_Im019,0,Normal,C:/Users/TRIPU/OneDrive/Documents/ML/end sem project/RIM-ONE_DL_images\RIM-ONE_DL_images\partitioned_by_hospital\test_set\normal\r2_Im019.png,C:/Users/TRIPU/.gemini/antigravity/scratch/glaucoma_detection\data\processed\RIM-ONE\normal\RIMONE_r2_Im019.png,external_test,-1,r2,partitioned_by_hospital/test_set,False,1.1657511845250474,0.866415167678446,0.6479777116219072,0.2863779386801281,0.7226087401574475,0.09400959707483164,0.17028095466882073,0.025509872764350072,0.029646357131378306,0.008579793376963409,0.9524711552231592,0.035390378490969335
RIMONE_r2_Im020,RIM-ONE,RIMONE_r2_Im020,0,Normal,C:/Users/TRIPU/OneDrive/Documents/ML/end sem project/RIM-ONE_DL_images\RIM-ONE_DL_images\partitioned_by_hospital\test_set\normal\r2_Im020.png,C:/Users/TRIPU/.gemini/antigravity/scratch/glaucoma_detection\data\processed\RIM-ONE\normal\RIMONE_r2_Im020.png,external_test,-1,r2,partitioned_by_hospital/test_set,False,1.5486033819863108,1.157437792674364,0.7460426878559843,0.3251087805947846,0.6956117091790698,0.09585570835985037,0.1632293343625733,0.02467822457424434,0.0272528303645856,0.00796445213990286,0.9315048614029622,0.05137254234242323
RIMONE_r2_Im021,RIM-ONE,RIMONE_r2_Im021,0,Normal,C:/Users/TRIPU/OneDrive/Documents/ML/end sem project/RIM-ONE_DL_images\RIM-ONE_DL_images\partitioned_by_hospital\test_set\normal\r2_Im021.png,C:/Users/TRIPU/.gemini/antigravity/scratch/glaucoma_detection\data\processed\RIM-ONE\normal\RIMONE_r2_Im021.png,external_test,-1,r2,partitioned_by_hospital/test_set,False,1.382003771486163,1.0788844892790088,0.7028249357651982,0.32788171986331016,0.7083065976870987,0.10135864859923138,0.15208280869488286,0.02437815075189315,0.02372347493460636,0.007303152646642545,0.9674753055205271,0.0253739954499339
RIMONE_r2_Im022,RIM-ONE,RIMONE_r2_Im022,0,Normal,C:/Users/TRIPU/OneDrive/Documents/ML/end sem project/RIM-ONE_DL_images\RIM-ONE_DL_images\partitioned_by_hospital\test_set\normal\r2_Im022.png,C:/Users/TRIPU/.gemini/antigravity/scratch/glaucoma_detection\data\processed\RIM-ONE\normal\RIMONE_r2_Im022.png,external_test,-1,r2,partitioned_by_hospital/test_set,False,1.2535886655114772,0.8996873013814255,0.6862894360159911,0.2967636936610232,0.7083225197870342,0.09587554526916184,0.17242932709655542,0.024768963987168238,0.030345374419968537,0.008453918458571236,0.9679664420012553,0.022939186520071167
RIMONE_r2_Im023,RIM-ONE,RIMONE_r2_Im023,0,Normal,C:/Users/TRIPU/OneDrive/Documents/ML/end sem project/RIM-ONE_DL_images\RIM-ONE_DL_images\partitioned_by_hospital\test_set\normal\r2_Im023.png,C:/Users/TRIPU/.gemini/antigravity/scratch/glaucoma_detection\data\processed\RIM-ONE\normal\RIMONE_r2_Im023.png,external_test,-1,r2,partitioned_by_hospital/test_set,False,1.4357242917471655,1.1156140609737022,0.6994964688933182,0.3167736552174124,0.7122601380410286,0.09612729899154046,0.16448314098790007,0.02475902902795444,0.0276677131876525,0.008037979668801784,0.957186956488167,0.03324682925224029
RIMONE_r2_Im024,RIM-ONE,RIMONE_r2_Im024,0,Normal,C:/Users/TRIPU/OneDrive/Documents/ML/end sem project/RIM-ONE_DL_images\RIM-ONE_DL_images\partitioned_by_hospital\test_set\normal\r2_Im024.png,C:/Users/TRIPU/.gemini/antigravity/scratch/glaucoma_detection\data\processed\RIM-ONE\normal\RIMONE_r2_Im024.png,external_test,-1,r2,partitioned_by_hospital/test_set,False,1.2777904970693403,0.9807791811032733,0.6658579893182776,0.3116291969772689,0.7209291968460222,0.09963653818834664,0.16247338998427507,0.0251723741762252,0.027031250874650223,0.00804281533325953,0.9603185338335001,0.030519483821250755
RIMONE_r2_Im025,RIM-ONE,RIMONE_r2_Im025,0,Normal,C:/Users/TRIPU/OneDrive/Documents/ML/end sem project/RIM-ONE_DL_images\RIM-ONE_DL_images\partitioned_by_hospital\test_set\normal\r2_Im025.png,C:/Users/TRIPU/.gemini/antigravity/scratch/glaucoma_detection\data\processed\RIM-ONE\normal\RIMONE_r2_Im025.png,external_test,-1,r2,partitioned_by_hospital/test_set,False,1.7948563301945146,1.3873022753195705,0.8172359677858553,0.36860881620533403,0.6746327273770457,0.10305964673931653,0.149163361342812,0.023852388528882038,0.022818644805619046,0.007025176010278173,0.9393533531726438,0.04687088579352092
RIMONE_r2_Im026,RIM-ONE,RIMONE_r2_Im026,0,Normal,C:/Users/TRIPU/OneDrive/Documents/ML/end sem project/RIM-ONE_DL_images\RIM-ONE_DL_images\partitioned_by_hospital\test_set\normal\r2_Im026.png,C:/Users/TRIPU/.gemini/antigravity/scratch/glaucoma_detection\data\processed\RIM-ONE\normal\RIMONE_r2_Im026.png,external_test,-1,r2,partitioned_by_hospital/test_set,False,1.9033913769098358,1.501076647683897,0.8301617284000719,0.3902666723177771,0.675413922020839,0.10726588207768112,0.14219461594769803,0.024397356920485027,0.020814539829218878,0.006830786820694987,0.9421648198832209,0.04578237180838807
RIMONE_r2_Im027,RIM-ONE,RIMONE_r2_Im027,0,Normal,C:/Users/TRIPU/OneDrive/Documents/ML/end sem project/RIM-ONE_DL_images\RIM-ONE_DL_images\partitioned_by_hospital\test_set\normal\r2_Im027.png,C:/Users/TRIPU/.gemini/antigravity/scratch/glaucoma_detection\data\processed\RIM-ONE\normal\RIMONE_r2_Im027.png,external_test,-1,r2,partitioned_by_hospital/test_set,False,1.180969875756121,0.8808740674375898,0.6475723795321194,0.29660800353715056,0.7239311043320931,0.09814729139256066,0.18146531903292942,0.02820767845962635,0.03372533513580452,0.010086831102570783,0.9353037112056302,0.04821465938692932
RIMONE_r2_Im028,RIM-ONE,RIMONE_r2_Im028,0,Normal,C:/Users/TRIPU/OneDrive/Documents/ML/end sem project/RIM-ONE_DL_images\RIM-ONE_DL_images\partitioned_by_hospital\test_set\normal\r2_Im028.png,C:/Users/TRIPU/.gemini/antigravity/scratch/glaucoma_detection\data\processed\RIM-ONE\normal\RIMONE_r2_Im028.png,external_test,-1,r2,partitioned_by_hospital/test_set,False,2.0410885693051486,1.5322657097385919,0.8811427417654092,0.3766842112581996,0.6556232197410853,0.0997790253143574,0.15196519501360795,0.02322657715967765,0.023632894382078357,0.007021719508796927,0.9133854989932514,0.06518576003197046
RIMONE_r2_Im029,RIM-ONE,RIMONE_r2_Im029,0,Normal,C:/Users/TRIPU/OneDrive/Documents/ML/end sem project/RIM-ONE_DL_images\RIM-ONE_DL_images\partitioned_by_hospital\test_set\normal\r2_Im029.png,C:/Users/TRIPU/.gemini/antigravity/scratch/glaucoma_detection\data\processed\RIM-ONE\normal\RIMONE_r2_Im029.png,external_test,-1,r2,partitioned_by_hospital/test_set,False,0.7273038541729197,0.4620365804205312,0.4924787836033933,0.20447549612413832,0.7762977437555292,0.07814563642419059,0.206725557148819,0.02728274961660032,0.04347980440513172,0.011100648235040403,0.9565817740940755,0.027615984288610756
RIMONE_r2_Im030,RIM-ONE,RIMONE_r2_Im030,0,Normal,C:/Users/TRIPU/OneDrive/Documents/ML/end sem project/RIM-ONE_DL_images\RIM-ONE_DL_images\partitioned_by_hospital\test_set\normal\r2_Im030.png,C:/Users/TRIPU/.gemini/antigravity/scratch/glaucoma_detection\data\processed\RIM-ONE\normal\RIMONE_r2_Im030.png,external_test,-1,r2,partitioned_by_hospital/test_set,False,0.8590700995734238,0.6019158038684935,0.5292592600736249,0.23649161019383308,0.7662899507519757,0.08505380933168376,0.21676837303353416,0.03037431083746716,0.047911126306456504,0.012965464589687503,0.9304630514457953,0.04887373847675179
RIMONE_r2_Im031,RIM-ONE,RIMONE_r2_Im031,0,Normal,C:/Users/TRIPU/OneDrive/Documents/ML/end sem project/RIM-ONE_DL_images\RIM-ONE_DL_images\partitioned_by_hospital\test_set\normal\r2_Im031.png,C:/Users/TRIPU/.gemini/antigravity/scratch/glaucoma_detection\data\processed\RIM-ONE\normal\RIMONE_r2_Im031.png,external_test,-1,r2,partitioned_by_hospital/test_set,False,0.9076424574957621,0.6435186418865466,0.5459575829246286,0.24459104019496886,0.7604010105232989,0.08675489425672311,0.2054848863589933,0.029312269790377234,0.04308324768223224,0.011860133765681449,0.9466920662871742,0.03784154372444607
RIMONE_r2_Im032,RIM-ONE,RIMONE_r2_Im032,0,Normal,C:/Users/TRIPU/OneDrive/Documents/ML/end sem project/RIM-ONE_DL_images\RIM-ONE_DL_images\partitioned_by_hospital\test_set\normal\r2_Im032.png,C:/Users/TRIPU/.gemini/antigravity/scratch/glaucoma_detection\data\processed\RIM-ONE\normal\RIMONE_r2_Im032.png,external_test,-1,r2,partitioned_by_hospital/test_set,False,1.5849559262959325,1.2312435748023765,0.7309378841286057,0.3412780035244873,0.7065277350600311,0.10011513444312306,0.1548664773680735,0.024952877365508944,0.024606271901214144,0.007599555144361548,0.9486895422246752,0.03996078816871869
RIMONE_r2_Im033,RIM-ONE,RIMONE_r2_Im033,0,Normal,C:/Users/TRIPU/OneDrive/Documents/ML/end sem project/RIM-ONE_DL_images\RIM-ONE_DL_images\partitioned_by_hospital\test_set\normal\r2_Im033.png,C:/Users/TRIPU/.gemini/antigravity/scratch/glaucoma_detection\data\processed\RIM-ONE\normal\RIMONE_r2_Im033.png,external_test,-1,r2,partitioned_by_hospital/test_set,False,1.1751408042462037,0.8908312992772368,0.6275864489193863,0.2905206758858383,0.7338805929319957,0.09564331369948291,0.1733054866322197,0.026703560191168197,0.03074787182371383,0.009088323063071465,0.9549582359272533,0.03417241107348934
RIMONE_r2_Im347,RIM-ONE,RIMONE_r2_Im347,1,Glaucoma,C:/Users/TRIPU/OneDrive/Documents/ML/end sem project/RIM-ONE_DL_images\RIM-ONE_DL_images\partitioned_by_hospital\training_set\glaucoma\r2_Im347.png,C:/Users/TRIPU/.gemini/antigravity/scratch/glaucoma_detection\data\processed\RIM-ONE\glaucoma\RIMONE_r2_Im347.png,external_test,-1,r2,partitioned_by_hospital/training_set,False,0.32651429960487577,0.07133887362013693,0.3154072809637513,0.05905221472139123,0.8434070613822366,0.028312933709662053,0.3904338985325993,0.01563216039052536,0.1526829935618392,0.012189685273065281,0.9449284936739009,0.011834708239406562
RIMONE_r2_Im348,RIM-ONE,RIMONE_r2_Im348,1,Glaucoma,C:/Users/TRIPU/OneDrive/Documents/ML/end sem project/RIM-ONE_DL_images\RIM-ONE_DL_images\partitioned_by_hospital\training_set\glaucoma\r2_Im348.png,C:/Users/TRIPU/.gemini/antigravity/scratch/glaucoma_detection\data\processed\RIM-ONE\glaucoma\RIMONE_r2_Im348.png,external_test,-1,r2,partitioned_by_hospital/training_set,False,0.894131647411756,0.5754317525722843,0.5807957600441307,0.22909415466720376,0.7395869123078825,0.08218156924505414,0.18985933341372166,0.024900839910068067,0.03666661831252958,0.009309673411522893,0.9523846189232175,0.030556900085500917
RIMONE_r2_Im351,RIM-ONE,RIMONE_r2_Im351,1,Glaucoma,C:/Users/TRIPU/OneDrive/Documents/ML/end sem project/RIM-ONE_DL_images\RIM-ONE_DL_images\partitioned_by_hospital\training_set\glaucoma\r2_Im351.png,C:/Users/TRIPU/.gemini/antigravity/scratch/glaucoma_detection\data\processed\RIM-ONE\glaucoma\RIMONE_r2_Im351.png,external_test,-1,r2,partitioned_by_hospital/training_set,False,0.8177033952721571,0.5390462003153867,0.5439866681099438,0.2139228020642801,0.7539879600529374,0.07703109638313452,0.20573541775519014,0.023292098773892943,0.04286958398419539,0.00942384603219351,0.9589131166663054,0.02695743386908141
RIMONE_r2_Im352,RIM-ONE,RIMONE_r2_Im352,1,Glaucoma,C:/Users/TRIPU/OneDrive/Documents/ML/end sem project/RIM-ONE_DL_images\RIM-ONE_DL_images\partitioned_by_hospital\training_set\glaucoma\r2_Im352.png,C:/Users/TRIPU/.gemini/antigravity/scratch/glaucoma_detection\data\processed\RIM-ONE\glaucoma\RIMONE_r2_Im352.png,external_test,-1,r2,partitioned_by_hospital/training_set,False,0.9107551999786739,0.6171166595214312,0.5783183428510524,0.23743266384649966,0.7420031605713581,0.08403120794260197,0.1823579682149131,0.023385070238888223,0.03380129008154898,0.008366154058807317,0.9612827063917003,0.02626993363329642
RIMONE_r2_Im354,RIM-ONE,RIMONE_r2_Im354,1,Glaucoma,C:/Users/TRIPU/OneDrive/Documents/ML/end sem project/RIM-ONE_DL_images\RIM-ONE_DL_images\partitioned_by_hospital\training_set\glaucoma\r2_Im354.png,C:/Users/TRIPU/.gemini/antigravity/scratch/glaucoma_detection\data\processed\RIM-ONE\glaucoma\RIMONE_r2_Im354.png,external_test,-1,r2,partitioned_by_hospital/training_set,False,1.4210262368622117,1.0799536258370612,0.7118285564253646,0.316054422331107,0.7053671057460388,0.09547458983771624,0.14960491724715685,0.02097364366456214,0.02282152499309668,0.006175855707655259,0.9744821926258275,0.01935744470816807
RIMONE_r2_Im355,RIM-ONE,RIMONE_r2_Im355,1,Glaucoma,C:/Users/TRIPU/OneDrive/Documents/ML/end sem project/RIM-ONE_DL_images\RIM-ONE_DL_images\partitioned_by_hospital\training_set\glaucoma\r2_Im355.png,C:/Users/TRIPU/.gemini/antigravity/scratch/glaucoma_detection\data\processed\RIM-ONE\glaucoma\RIMONE_r2_Im355.png,external_test,-1,r2,partitioned_by_hospital/training_set,False,1.4065233658910314,1.0619314696332398,0.7200473524128038,0.3113943748435353,0.6998099355285275,0.09352197074995529,0.16060800479486825,0.021599211527236102,0.02626145714278671,0.006837216747750801,0.9692132124875524,0.023159240424162807
RIMONE_r2_Im356,RIM-ONE,RIMONE_r2_Im356,1,Glaucoma,C:/Users/TRIPU/OneDrive/Documents/ML/end sem project/RIM-ONE_DL_images\RIM-ONE_DL_images\partitioned_by_hospital\training_set\glaucoma\r2_Im356.png,C:/Users/TRIPU/.gemini/antigravity/scratch/glaucoma_detection\data\processed\RIM-ONE\glaucoma\RIMONE_r2_Im356.png,external_test,-1,r2,partitioned_by_hospital/training_set,False,1.2386657616198704,0.9385750247100153,0.6650653285880888,0.29581595377889897,0.7181809265768431,0.09385642475052845,0.1616786676670663,0.023327496262903313,0.02668416366049343,0.007384509449804405,0.9638049584726792,0.027539183452904015
RIMONE_r2_Im357,RIM-ONE,RIMONE_r2_Im357,1,Glaucoma,C:/Users/TRIPU/OneDrive/Documents/ML/end sem project/RIM-ONE_DL_images\RIM-ONE_DL_images\partitioned_by_hospital\training_set\glaucoma\r2_Im357.png,C:/Users/TRIPU/.gemini/antigravity/scratch/glaucoma_detection\data\processed\RIM-ONE\glaucoma\RIMONE_r2_Im357.png,external_test,-1,r2,partitioned_by_hospital/training_set,False,0.7916218415515219,0.5195931889416265,0.5300967351131901,0.2196311614624912,0.7599226923055861,0.08194945727444691,0.1877196812334161,0.02456015223104065,0.03584187979998726,0.009033707527323086,0.9661003736758419,0.02232085525214156
RIMONE_r2_Im358,RIM-ONE,RIMONE_r2_Im358,1,Glaucoma,C:/Users/TRIPU/OneDrive/Documents/ML/end sem project/RIM-ONE_DL_images\RIM-ONE_DL_images\partitioned_by_hospital\training_set\glaucoma\r2_Im358.png,C:/Users/TRIPU/.gemini/antigravity/scratch/glaucoma_detection\data\processed\RIM-ONE\glaucoma\RIMONE_r2_Im358.png,external_test,-1,r2,partitioned_by_hospital/training_set,False,0.647027855424162,0.36629131059253095,0.487087816461003,0.1773620799967609,0.7720765728583802,0.07052869176219805,0.19623150700134087,0.021853626615982814,0.0389843853362881,0.008427226638329515,0.968981014218242,0.017673566459657397
RIMONE_r2_Im362,RIM-ONE,RIMONE_r2_Im362,1,Glaucoma,C:/Users/TRIPU/OneDrive/Documents/ML/end sem project/RIM-ONE_DL_images\RIM-ONE_DL_images\partitioned_by_hospital\training_set\glaucoma\r2_Im362.png,C:/Users/TRIPU/.gemini/antigravity/scratch/glaucoma_detection\data\processed\RIM-ONE\glaucoma\RIMONE_r2_Im362.png,external_test,-1,r2,partitioned_by_hospital/training_set,False,1.0928248548243442,0.7710245803184888,0.6472833408204893,0.26640100688313584,0.7173676480555132,0.08868304819353012,0.18630798755567934,0.024782283670268947,0.03532482781096084,0.009082679722168467,0.9494975088373688,0.03546578424462883
RIMONE_r2_Im365,RIM-ONE,RIMONE_r2_Im365,1,Glaucoma,C:/Users/TRIPU/OneDrive/Documents/ML/end sem project/RIM-ONE_DL_images\RIM-ONE_DL_images\partitioned_by_hospital\training_set\glaucoma\r2_Im365.png,C:/Users/TRIPU/.gemini/antigravity/scratch/glaucoma_detection\data\processed\RIM-ONE\glaucoma\RIMONE_r2_Im365.png,external_test,-1,r2,partitioned_by_hospital/training_set,False,1.3219379921909147,0.96033789316966,0.6793112478826111,0.28210842713398226,0.7166922164200503,0.08463671140476746,0.17317029386841062,0.02055343635218204,0.030410394424354892,0.007025488165774717,0.9613349920144901,0.02809769520440669
RIMONE_r2_Im366,RIM-ONE,RIMONE_r2_Im366,1,Glaucoma,C:/Users/TRIPU/OneDrive/Documents/ML/end sem project/RIM-ONE_DL_images\RIM-ONE_DL_images\partitioned_by_hospital\training_set\glaucoma\r2_Im366.png,C:/Users/TRIPU/.gemini/antigravity/scratch/glaucoma_detection\data\processed\RIM-ONE\glaucoma\RIMONE_r2_Im366.png,external_test,-1,r2,partitioned_by_hospital/training_set,False,0.7713772438439185,0.47201412078047444,0.5251263984127307,0.19408972949624895,0.7608577261595765,0.07134262364714267,0.1903023861077505,0.01922080214399824,0.03658443739336207,0.007210837272374585,0.9754812453746337,0.015058368465405947
RIMONE_r2_Im369,RIM-ONE,RIMONE_r2_Im369,1,Glaucoma,C:/Users/TRIPU/OneDrive/Documents/ML/end sem project/RIM-ONE_DL_images\RIM-ONE_DL_images\partitioned_by_hospital\training_set\glaucoma\r2_Im369.png,C:/Users/TRIPU/.gemini/antigravity/scratch/glaucoma_detection\data\processed\RIM-ONE\glaucoma\RIMONE_r2_Im369.png,external_test,-1,r2,partitioned_by_hospital/training_set,False,0.4261865341080755,0.18262510775160906,0.38294755161517435,0.12595367820159695,0.8128429519027898,0.05741628771700188,0.19142792333149694,0.017994545101324325,0.03696845348441307,0.006774345722423891,0.9871970446012694,0.005520210306868635
RIMONE_r2_Im373,RIM-ONE,RIMONE_r2_Im373,1,Glaucoma,C:/Users/TRIPU/OneDrive/Documents/ML/end sem project/RIM-ONE_DL_images\RIM-ONE_DL_images\partitioned_by_hospital\training_set\glaucoma\r2_Im373.png,C:/Users/TRIPU/.gemini/antigravity/scratch/glaucoma_detection\data\processed\RIM-ONE\glaucoma\RIMONE_r2_Im373.png,external_test,-1,r2,partitioned_by_hospital/training_set,False,0.8636856201861418,0.562763345477923,0.5518988869462363,0.21150955618303266,0.7528726135703252,0.07438736197074934,0.18549790290948634,0.019446784061946654,0.03478764939416921,0.007112055179488124,0.9776826965237428,0.014523282304219396
RIMONE_r2_Im376,RIM-ONE,RIMONE_r2_Im376,1,Glaucoma,C:/Users/TRIPU/OneDrive/Documents/ML/end sem project/RIM-ONE_DL_images\RIM-ONE_DL_images\partitioned_by_hospital\training_set\glaucoma\r2_Im376.png,C:/Users/TRIPU/.gemini/antigravity/scratch/glaucoma_detection\data\processed\RIM-ONE\glaucoma\RIMONE_r2_Im376.png,external_test,-1,r2,partitioned_by_hospital/training_set,False,1.767386297617831,1.3575884908166838,0.834292330616827,0.3735381950955405,0.6641423579378362,0.10532975988863846,0.15673864400180348,0.025851022020793455,0.025235277863043633,0.007977770294171259,0.9156338144947754,0.06482709920456672
RIMONE_r2_Im377,RIM-ONE,RIMONE_r2_Im377,1,Glaucoma,C:/Users/TRIPU/OneDrive/Documents/ML/end sem project/RIM-ONE_DL_images\RIM-ONE_DL_images\partitioned_by_hospital\training_set\glaucoma\r2_Im377.png,C:/Users/TRIPU/.gemini/antigravity/scratch/glaucoma_detection\data\processed\RIM-ONE\glaucoma\RIMONE_r2_Im377.png,external_test,-1,r2,partitioned_by_hospital/training_set,False,0.47116895367975437,0.20834782697781912,0.41031440685966536,0.13304972553892816,0.8009173576347419,0.05911891688082372,0.23352926799154208,0.022749684015656885,0.05505346713147772,0.010461916018753004,0.9653493734840556,0.015345139636661165
RIMONE_r2_Im383,RIM-ONE,RIMONE_r2_Im383,1,Glaucoma,C:/Users/TRIPU/OneDrive/Documents/ML/end sem project/RIM-ONE_DL_images\RIM-ONE_DL_images\partitioned_by_hospital\training_set\glaucoma\r2_Im383.png,C:/Users/TRIPU/.gemini/antigravity/scratch/glaucoma_detection\data\processed\RIM-ONE\glaucoma\RIMONE_r2_Im383.png,external_test,-1,r2,partitioned_by_hospital/training_set,False,1.743281206198823,1.309207706538837,0.8245537604175586,0.35782423392864093,0.667572544544684,0.10091135650673767,0.14418390037003617,0.022833769986459303,0.02131037817771104,0.006489282135644099,0.9401310233600549,0.045147445661298434
RIMONE_r2_Im384,RIM-ONE,RIMONE_r2_Im384,1,Glaucoma,C:/Users/TRIPU/OneDrive/Documents/ML/end sem project/RIM-ONE_DL_images\RIM-ONE_DL_images\partitioned_by_hospital\training_set\glaucoma\r2_Im384.png,C:/Users/TRIPU/.gemini/antigravity/scratch/glaucoma_detection\data\processed\RIM-ONE\glaucoma\RIMONE_r2_Im384.png,external_test,-1,r2,partitioned_by_hospital/training_set,False,0.9962604241622027,0.6823158692687209,0.5922001237372718,0.24053982690727405,0.7410819255434168,0.08097739436454522,0.1623356544569625,0.01978024507543641,0.026744122803214653,0.00632102134882399,0.9811518286347601,0.012909802696388984
RIMONE_r2_Im385,RIM-ONE,RIMONE_r2_Im385,1,Glaucoma,C:/Users/TRIPU/OneDrive/Documents/ML/end sem project/RIM-ONE_DL_images\RIM-ONE_DL_images\partitioned_by_hospital\training_set\glaucoma\r2_Im385.png,C:/Users/TRIPU/.gemini/antigravity/scratch/glaucoma_detection\data\processed\RIM-ONE\glaucoma\RIMONE_r2_Im385.png,external_test,-1,r2,partitioned_by_hospital/training_set,False,1.0948428119930498,0.7098591376754774,0.6277527157819768,0.23692243442012556,0.7285654452686982,0.07731507224796016,0.1606292628139964,0.019743003337077854,0.026191546252935783,0.006246480340110516,0.9706810048440083,0.01901692273092279
RIMONE_r2_Im387,RIM-ONE,RIMONE_r2_Im387,1,Glaucoma,C:/Users/TRIPU/OneDrive/Documents/ML/end sem project/RIM-ONE_DL_images\RIM-ONE_DL_images\partitioned_by_hospital\training_set\glaucoma\r2_Im387.png,C:/Users/TRIPU/.gemini/antigravity/scratch/glaucoma_detection\data\processed\RIM-ONE\glaucoma\RIMONE_r2_Im387.png,external_test,-1,r2,partitioned_by_hospital/training_set,False,0.8394072201594742,0.5265736240979696,0.5428083448212299,0.20028028029490508,0.7561673285019815,0.07077406727131039,0.24615102524814517,0.02005067908132487,0.06099235696233531,0.009766949006309766,0.9686213922580041,0.019622811240279567
RIMONE_r2_Im388,RIM-ONE,RIMONE_r2_Im388,1,Glaucoma,C:/Users/TRIPU/OneDrive/Documents/ML/end sem project/RIM-ONE_DL_images\RIM-ONE_DL_images\partitioned_by_hospital\training_set\glaucoma\r2_Im388.png,C:/Users/TRIPU/.gemini/antigravity/scratch/glaucoma_detection\data\processed\RIM-ONE\glaucoma\RIMONE_r2_Im388.png,external_test,-1,r2,partitioned_by_hospital/training_set,False,0.969831946323945,0.6598787292129966,0.5865133066510642,0.22958250658270338,0.7414172455369638,0.07741181108657762,0.1970976792245651,0.02074961263921175,0.039278041580386884,0.008062703683766947,0.969984367640258,0.020395462286332867
RIMONE_r2_Im389,RIM-ONE,RIMONE_r2_Im389,1,Glaucoma,C:/Users/TRIPU/OneDrive/Documents/ML/end sem project/RIM-ONE_DL_images\RIM-ONE_DL_images\partitioned_by_hospital\training_set\glaucoma\r2_Im389.png,C:/Users/TRIPU/.gemini/antigravity/scratch/glaucoma_detection\data\processed\RIM-ONE\glaucoma\RIMONE_r2_Im389.png,external_test,-1,r2,partitioned_by_hospital/training_set,False,1.0882839844397714,0.7686707703081666,0.606476003290892,0.24802415551825627,0.7392933004669414,0.08021131371060626,0.18812248573250878,0.02023005061910253,0.03579932458622943,0.007500610030066526,0.9751670508742869,0.01756767631494382
RIMONE_r2_Im390,RIM-ONE,RIMONE_r2_Im390,1,Glaucoma,C:/Users/TRIPU/OneDrive/Documents/ML/end sem project/RIM-ONE_DL_images\RIM-ONE_DL_images\partitioned_by_hospital\training_set\glaucoma\r2_Im390.png,C:/Users/TRIPU/.gemini/antigravity/scratch/glaucoma_detection\data\processed\RIM-ONE\glaucoma\RIMONE_r2_Im390.png,external_test,-1,r2,partitioned_by_hospital/training_set,False,1.1271603519068347,0.7920769916961703,0.6441475157715194,0.2662064836638428,0.7221957342553135,0.08675775344197237,0.18069483132766342,0.021907987501023383,0.033130581984877734,0.007803125425399869,0.9733377176365954,0.01870880560057096
RIMONE_r2_Im391,RIM-ONE,RIMONE_r2_Im391,1,Glaucoma,C:/Users/TRIPU/OneDrive/Documents/ML/end sem project/RIM-ONE_DL_images\RIM-ONE_DL_images\partitioned_by_hospital\training_set\glaucoma\r2_Im391.png,C:/Users/TRIPU/.gemini/antigravity/scratch/glaucoma_detection\data\processed\RIM-ONE\glaucoma\RIMONE_r2_Im391.png,external_test,-1,r2,partitioned_by_hospital/training_set,False,1.2024547144378683,0.8493216767820596,0.6589964159805334,0.2672008837358573,0.7193010218407644,0.08368123550158045,0.17248610188284608,0.020084907314508453,0.03015485884457195,0.006825090913934622,0.9689123102674312,0.021949075251822957
RIMONE_r2_Im392,RIM-ONE,RIMONE_r2_Im392,1,Glaucoma,C:/Users/TRIPU/OneDrive/Documents/ML/end sem project/RIM-ONE_DL_images\RIM-ONE_DL_images\partitioned_by_hospital\training_set\glaucoma\r2_Im392.png,C:/Users/TRIPU/.gemini/antigravity/scratch/glaucoma_detection\data\processed\RIM-ONE\glaucoma\RIMONE_r2_Im392.png,external_test,-1,r2,partitioned_by_hospital/training_set,False,0.9818024208755131,0.73913664624363,0.5753688985429475,0.24655871349544572,0.7485256543976506,0.08184553595682025,0.19371682023874584,0.021270118292554537,0.037978624375589846,0.00811039818587635,0.9724153798019435,0.020779188815892583
RIMONE_r2_Im393,RIM-ONE,RIMONE_r2_Im393,1,Glaucoma,C:/Users/TRIPU/OneDrive/Documents/ML/end sem project/RIM-ONE_DL_images\RIM-ONE_DL_images\partitioned_by_hospital\training_set\glaucoma\r2_Im393.png,C:/Users/TRIPU/.gemini/antigravity/scratch/glaucoma_detection\data\processed\RIM-ONE\glaucoma\RIMONE_r2_Im393.png,external_test,-1,r2,partitioned_by_hospital/training_set,False,0.43106199139710605,0.16997114454999449,0.38187045023387595,0.11035574704759522,0.8139716678424908,0.04932309374956943,0.2461260604097971,0.020059059637535997,0.060980403486389306,0.009740327496419145,0.9737106895463897,0.010366784370172171
RIMONE_r2_Im398,RIM-ONE,RIMONE_r2_Im398,1,Glaucoma,C:/Users/TRIPU/OneDrive/Documents/ML/end sem project/RIM-ONE_DL_images\RIM-ONE_DL_images\partitioned_by_hospital\training_set\glaucoma\r2_Im398.png,C:/Users/TRIPU/.gemini/antigravity/scratch/glaucoma_detection\data\processed\RIM-ONE\glaucoma\RIMONE_r2_Im398.png,external_test,-1,r2,partitioned_by_hospital/training_set,False,0.5704464347851612,0.28753703254079227,0.46069020790541065,0.1582646063396515,0.7804303627089001,0.06674885665042782,0.2210258825437416,0.024575193053917234,0.04945638086787713,0.010690378240667112,0.9505987805200821,0.024929491195984307
RIMONE_r2_Im399,RIM-ONE,RIMONE_r2_Im399,1,Glaucoma,C:/Users/TRIPU/OneDrive/Documents/ML/end sem project/RIM-ONE_DL_images\RIM-ONE_DL_images\partitioned_by_hospital\training_set\glaucoma\r2_Im399.png,C:/Users/TRIPU/.gemini/antigravity/scratch/glaucoma_detection\data\processed\RIM-ONE\glaucoma\RIMONE_r2_Im399.png,external_test,-1,r2,partitioned_by_hospital/training_set,False,0.6146110905695304,0.34740294816668127,0.4752961357384673,0.17972856672048776,0.776126721830372,0.07363213352734711,0.2261742291408949,0.026530100650757615,0.05185862816801735,0.011789872251362314,0.9440011967854565,0.03179034837043858
RIMONE_r2_Im400,RIM-ONE,RIMONE_r2_Im400,1,Glaucoma,C:/Users/TRIPU/OneDrive/Documents/ML/end sem project/RIM-ONE_DL_images\RIM-ONE_DL_images\partitioned_by_hospital\training_set\glaucoma\r2_Im400.png,C:/Users/TRIPU/.gemini/antigravity/scratch/glaucoma_detection\data\processed\RIM-ONE\glaucoma\RIMONE_r2_Im400.png,external_test,-1,r2,partitioned_by_hospital/training_set,False,1.1033984175281228,0.7819727664742018,0.6228719742855392,0.25556060058691044,0.7314847751378503,0.08302136080160318,0.1680667798983879,0.02042429075133115,0.02866359415810808,0.006751839736855448,0.9739449171110018,0.018517657476048843
RIMONE_r2_Im401,RIM-ONE,RIMONE_r2_Im401,1,Glaucoma,C:/Users/TRIPU/OneDrive/Documents/ML/end sem project/RIM-ONE_DL_images\RIM-ONE_DL_images\partitioned_by_hospital\training_set\glaucoma\r2_Im401.png,C:/Users/TRIPU/.gemini/antigravity/scratch/glaucoma_detection\data\processed\RIM-ONE\glaucoma\RIMONE_r2_Im401.png,external_test,-1,r2,partitioned_by_hospital/training_set,False,1.1973790197327725,0.8445624878274139,0.6769750653789443,0.2826862330901231,0.7090457945061917,0.09194255664181956,0.1464181672594688,0.02084887225741741,0.021872955178027897,0.0059908765084001475,0.9697500268049057,0.021478790135203808
RIMONE_r2_Im402,RIM-ONE,RIMONE_r2_Im402,1,Glaucoma,C:/Users/TRIPU/OneDrive/Documents/ML/end sem project/RIM-ONE_DL_images\RIM-ONE_DL_images\partitioned_by_hospital\training_set\glaucoma\r2_Im402.png,C:/Users/TRIPU/.gemini/antigravity/scratch/glaucoma_detection\data\processed\RIM-ONE\glaucoma\RIMONE_r2_Im402.png,external_test,-1,r2,partitioned_by_hospital/training_set,False,0.9980596104971166,0.5480497714002674,0.6409348279457632,0.19190471387822886,0.7122452994156475,0.06516282699346805,0.20700697442546478,0.018430003118214758,0.04319155247572245,0.007555550777074234,0.9529301789389534,0.025726540004391407
RIMONE_r2_Im403,RIM-ONE,RIMONE_r2_Im403,1,Glaucoma,C:/Users/TRIPU/OneDrive/Documents/ML/end sem project/RIM-ONE_DL_images\RIM-ONE_DL_images\partitioned_by_hospital\training_set\glaucoma\r2_Im403.png,C:/Users/TRIPU/.gemini/antigravity/scratch/glaucoma_detection\data\processed\RIM-ONE\glaucoma\RIMONE_r2_Im403.png,external_test,-1,r2,partitioned_by_hospital/training_set,False,1.59968460887575,1.1676974006538057,0.7574378963113587,0.31603255927702856,0.6918663616156927,0.09105627857796163,0.1510917212401883,0.020131406772412243,0.023233981765959102,0.005986625565097435,0.9676972097452116,0.023524062045219556
RIMONE_r2_Im404,RIM-ONE,RIMONE_r2_Im404,1,Glaucoma,C:/Users/TRIPU/OneDrive/Documents/ML/end sem project/RIM-ONE_DL_images\RIM-ONE_DL_images\partitioned_by_hospital\training_set\glaucoma\r2_Im404.png,C:/Users/TRIPU/.gemini/antigravity/scratch/glaucoma_detection\data\processed\RIM-ONE\glaucoma\RIMONE_r2_Im404.png,external_test,-1,r2,partitioned_by_hospital/training_set,False,1.1524133842362836,0.8030299978323729,0.6469804712013741,0.2616127155162231,0.7216971437315222,0.08456233879609364,0.16735690292679398,0.021308780512640686,0.028462397084184243,0.007022698663101499,0.9713794652751192,0.019891514170301477
RIMONE_r2_Im406,RIM-ONE,RIMONE_r2_Im406,1,Glaucoma,C:/Users/TRIPU/OneDrive/Documents/ML/end sem project/RIM-ONE_DL_images\RIM-ONE_DL_images\partitioned_by_hospital\training_set\glaucoma\r2_Im406.png,C:/Users/TRIPU/.gemini/antigravity/scratch/glaucoma_detection\data\processed\RIM-ONE\glaucoma\RIMONE_r2_Im406.png,external_test,-1,r2,partitioned_by_hospital/training_set,False,1.4792676931596305,1.1035563876751406,0.7458838495425488,0.32694216805288306,0.6920102638032138,0.09783291961682411,0.15375895335786913,0.023019871047662697,0.024171730200758395,0.00693871083371515,0.956846682496087,0.03230759626850766
RIMONE_r2_Im407,RIM-ONE,RIMONE_r2_Im407,1,Glaucoma,C:/Users/TRIPU/OneDrive/Documents/ML/end sem project/RIM-ONE_DL_images\RIM-ONE_DL_images\partitioned_by_hospital\training_set\glaucoma\r2_Im407.png,C:/Users/TRIPU/.gemini/antigravity/scratch/glaucoma_detection\data\processed\RIM-ONE\glaucoma\RIMONE_r2_Im407.png,external_test,-1,r2,partitioned_by_hospital/training_set,False,0.8648768418568046,0.5775495479974002,0.5563338881948712,0.2271122408559657,0.7509153419659095,0.08141880895598644,0.19661738385915187,0.02499836858226909,0.03928331406739206,0.009665946856973263,0.9549998425473903,0.030027374675192866
RIMONE_r2_Im408,RIM-ONE,RIMONE_r2_Im408,1,Glaucoma,C:/Users/TRIPU/OneDrive/Documents/ML/end sem project/RIM-ONE_DL_images\RIM-ONE_DL_images\partitioned_by_hospital\training_set\glaucoma\r2_Im408.png,C:/Users/TRIPU/.gemini/antigravity/scratch/glaucoma_detection\data\processed\RIM-ONE\glaucoma\RIMONE_r2_Im408.png,external_test,-1,r2,partitioned_by_hospital/training_set,False,1.2812819496404984,0.9202107578655924,0.6916661364618416,0.2917745653359561,0.7071317413639817,0.09194588713502518,0.1856830287071121,0.025013483289042713,0.03510386149609743,0.00914399704236587,0.9348727457161208,0.04707587652001971
RIMONE_r2_Im414,RIM-ONE,RIMONE_r2_Im414,1,Glaucoma,C:/Users/TRIPU/OneDrive/Documents/ML/end sem project/RIM-ONE_DL_images\RIM-ONE_DL_images\partitioned_by_hospital\training_set\glaucoma\r2_Im414.png,C:/Users/TRIPU/.gemini/antigravity/scratch/glaucoma_detection\data\processed\RIM-ONE\glaucoma\RIMONE_r2_Im414.png,external_test,-1,r2,partitioned_by_hospital/training_set,False,0.9752698850808382,0.6502746112200288,0.5913547582120807,0.22948146443634782,0.7395503425106243,0.07762201744814388,0.1955137315354372,0.02259807925376041,0.03873629240487025,0.0086892855559057,0.9524439376403276,0.031800272009532046
RIMONE_r2_Im415,RIM-ONE,RIMONE_r2_Im415,1,Glaucoma,C:/Users/TRIPU/OneDrive/Documents/ML/end sem project/RIM-ONE_DL_images\RIM-ONE_DL_images\partitioned_by_hospital\training_set\glaucoma\r2_Im415.png,C:/Users/TRIPU/.gemini/antigravity/scratch/glaucoma_detection\data\processed\RIM-ONE\glaucoma\RIMONE_r2_Im415.png,external_test,-1,r2,partitioned_by_hospital/training_set,False,1.1967562236838258,0.8598878190331384,0.6748075214346546,0.2879402717098924,0.7105001466628278,0.09322572747344414,0.16847778109265188,0.024860775460241152,0.029002820878388055,0.008214107673920615,0.9422035922525595,0.041737920093790355
RIMONE_r2_Im416,RIM-ONE,RIMONE_r2_Im416,1,Glaucoma,C:/Users/TRIPU/OneDrive/Documents/ML/end sem project/RIM-ONE_DL_images\RIM-ONE_DL_images\partitioned_by_hospital\training_set\glaucoma\r2_Im416.png,C:/Users/TRIPU/.gemini/antigravity/scratch/glaucoma_detection\data\processed\RIM-ONE\glaucoma\RIMONE_r2_Im416.png,external_test,-1,r2,partitioned_by_hospital/training_set,False,1.2627668266997898,0.934293240216498,0.6925477238887264,0.3003263144883699,0.7050312584932721,0.09537467210455712,0.15358161529812875,0.0228668574407754,0.024110205726799158,0.006877304019465548,0.9592248152017439,0.030240244602652445
RIMONE_r2_Im418,RIM-ONE,RIMONE_r2_Im418,1,Glaucoma,C:/Users/TRIPU/OneDrive/Documents/ML/end sem project/RIM-ONE_DL_images\RIM-ONE_DL_images\partitioned_by_hospital\training_set\glaucoma\r2_Im418.png,C:/Users/TRIPU/.gemini/antigravity/scratch/glaucoma_detection\data\processed\RIM-ONE\glaucoma\RIMONE_r2_Im418.png,external_test,-1,r2,partitioned_by_hospital/training_set,False,1.2553366908270156,0.8683119789779283,0.6887778816361537,0.2724654801582226,0.7063261597373506,0.085301137538515,0.16922374496488035,0.021587325154447768,0.029102688467262706,0.007207375853116548,0.9625907142067595,0.025773794767582674
RIMONE_r2_Im419,RIM-ONE,RIMONE_r2_Im419,1,Glaucoma,C:/Users/TRIPU/OneDrive/Documents/ML/end sem project/RIM-ONE_DL_images\RIM-ONE_DL_images\partitioned_by_hospital\training_set\glaucoma\r2_Im419.png,C:/Users/TRIPU/.gemini/antigravity/scratch/glaucoma_detection\data\processed\RIM-ONE\glaucoma\RIMONE_r2_Im419.png,external_test,-1,r2,partitioned_by_hospital/training_set,False,1.5626324205055486,1.1639951877073733,0.7519502431120415,0.3260210191622532,0.6935102275667062,0.09526730671077728,0.19892518972377848,0.027430335407545192,0.04032365440721169,0.01073481200546207,0.919161896750484,0.06098014214247519
RIMONE_r2_Im420,RIM-ONE,RIMONE_r2_Im420,1,Glaucoma,C:/Users/TRIPU/OneDrive/Documents/ML/end sem project/RIM-ONE_DL_images\RIM-ONE_DL_images\partitioned_by_hospital\training_set\glaucoma\r2_Im420.png,C:/Users/TRIPU/.gemini/antigravity/scratch/glaucoma_detection\data\processed\RIM-ONE\glaucoma\RIMONE_r2_Im420.png,external_test,-1,r2,partitioned_by_hospital/training_set,False,1.1897560428899587,0.8568331238402085,0.675526855573796,0.28990644014282524,0.7094445861843063,0.09463322989973734,0.17533923683522143,0.02564331850109556,0.031401427757706504,0.008814039912300986,0.9401418090329909,0.04314031962208349
RIMONE_r2_Im421,RIM-ONE,RIMONE_r2_Im421,1,Glaucoma,C:/Users/TRIPU/OneDrive/Documents/ML/end sem project/RIM-ONE_DL_images\RIM-ONE_DL_images\partitioned_by_hospital\training_set\glaucoma\r2_Im421.png,C:/Users/TRIPU/.gemini/antigravity/scratch/glaucoma_detection\data\processed\RIM-ONE\glaucoma\RIMONE_r2_Im421.png,external_test,-1,r2,partitioned_by_hospital/training_set,False,1.5361133831051064,1.1602126095325345,0.7530275457993035,0.3291726190288989,0.6916576356780878,0.09647850366897287,0.17113867785701634,0.02537206189390934,0.029932188583395983,0.00854392112195099,0.9214532950980802,0.05925660042736301
RIMONE_r2_Im422,RIM-ONE,RIMONE_r2_Im422,1,Glaucoma,C:/Users/TRIPU/OneDrive/Documents/ML/end sem project/RIM-ONE_DL_images\RIM-ONE_DL_images\partitioned_by_hospital\training_set\glaucoma\r2_Im422.png,C:/Users/TRIPU/.gemini/antigravity/scratch/glaucoma_detection\data\processed\RIM-ONE\glaucoma\RIMONE_r2_Im422.png,external_test,-1,r2,partitioned_by_hospital/training_set,False,0.7935418562262905,0.5097309897309654,0.5182162441477265,0.19985282788342654,0.7665427923262724,0.07194806178742605,0.1822299669865128,0.020310183105243296,0.033620264405674054,0.007276041230658462,0.970513291822531,0.019071515893546883
RIMONE_r2_Im424,RIM-ONE,RIMONE_r2_Im424,1,Glaucoma,C:/Users/TRIPU/OneDrive/Documents/ML/end sem project/RIM-ONE_DL_images\RIM-ONE_DL_images\partitioned_by_hospital\training_set\glaucoma\r2_Im424.png,C:/Users/TRIPU/.gemini/antigravity/scratch/glaucoma_detection\data\processed\RIM-ONE\glaucoma\RIMONE_r2_Im424.png,external_test,-1,r2,partitioned_by_hospital/training_set,False,1.1571010329222717,0.8302784533130169,0.6687353874736076,0.286714512827643,0.711034522826619,0.09426582265708136,0.16876865646577577,0.0245011776144237,0.029083167109756596,0.00810892131035432,0.9485839691240757,0.03714342651557328
RIMONE_r2_Im427,RIM-ONE,RIMONE_r2_Im427,1,Glaucoma,C:/Users/TRIPU/OneDrive/Documents/ML/end sem project/RIM-ONE_DL_images\RIM-ONE_DL_images\partitioned_by_hospital\training_set\glaucoma\r2_Im427.png,C:/Users/TRIPU/.gemini/antigravity/scratch/glaucoma_detection\data\processed\RIM-ONE\glaucoma\RIMONE_r2_Im427.png,external_test,-1,r2,partitioned_by_hospital/training_set,False,0.7261511071942376,0.39034649550764267,0.5405418382799855,0.18247695472331046,0.7480016147472441,0.07111777527795145,0.19829644530789547,0.02234091095719364,0.03982059652414442,0.008721281480695918,0.9511649161243828,0.026161496775601787
RIMONE_r2_Im428,RIM-ONE,RIMONE_r2_Im428,1,Glaucoma,C:/Users/TRIPU/OneDrive/Documents/ML/end sem project/RIM-ONE_DL_images\RIM-ONE_DL_images\partitioned_by_hospital\training_set\glaucoma\r2_Im428.png,C:/Users/TRIPU/.gemini/antigravity/scratch/glaucoma_detection\data\processed\RIM-ONE\glaucoma\RIMONE_r2_Im428.png,external_test,-1,r2,partitioned_by_hospital/training_set,False,1.3904480465888478,1.0475701295770057,0.6968848863622815,0.2903718912051578,0.7101167615054701,0.08611848082379747,0.1654046625056361,0.02113927194884947,0.027805571197130802,0.0068900773154764935,0.9649863181242377,0.02637081214031207
RIMONE_r2_Im429,RIM-ONE,RIMONE_r2_Im429,1,Glaucoma,C:/Users/TRIPU/OneDrive/Documents/ML/end sem project/RIM-ONE_DL_images\RIM-ONE_DL_images\partitioned_by_hospital\training_set\glaucoma\r2_Im429.png,C:/Users/TRIPU/.gemini/antigravity/scratch/glaucoma_detection\data\processed\RIM-ONE\glaucoma\RIMONE_r2_Im429.png,external_test,-1,r2,partitioned_by_hospital/training_set,False,1.197728655074958,0.9055200974813677,0.6723031699784746,0.30122661250479016,0.7119149554952631,0.0973654897646174,0.1585635440035135,0.024085613865973115,0.025722514282254926,0.007480974816862172,0.9585665801099567,0.03145729516959813
RIMONE_r2_Im432,RIM-ONE,RIMONE_r2_Im432,1,Glaucoma,C:/Users/TRIPU/OneDrive/Documents/ML/end sem project/RIM-ONE_DL_images\RIM-ONE_DL_images\partitioned_by_hospital\training_set\glaucoma\r2_Im432.png,C:/Users/TRIPU/.gemini/antigravity/scratch/glaucoma_detection\data\processed\RIM-ONE\glaucoma\RIMONE_r2_Im432.png,external_test,-1,r2,partitioned_by_hospital/training_set,False,0.7422227010344904,0.4475271361567644,0.5246669715466507,0.1890117595176709,0.7586473396569016,0.07042207708373524,0.22628490938939202,0.02467245249773643,0.05181359012961844,0.011024513220441632,0.9412454409790292,0.035355400524234186
RIMONE_r2_Im433,RIM-ONE,RIMONE_r2_Im433,1,Glaucoma,C:/Users/TRIPU/OneDrive/Documents/ML/end sem project/RIM-ONE_DL_images\RIM-ONE_DL_images\partitioned_by_hospital\training_set\glaucoma\r2_Im433.png,C:/Users/TRIPU/.gemini/antigravity/scratch/glaucoma_detection\data\processed\RIM-ONE\glaucoma\RIMONE_r2_Im433.png,external_test,-1,r2,partitioned_by_hospital/training_set,False,0.4655724413406755,0.2370393926719338,0.3899784410357949,0.14163966326028404,0.8125353440437434,0.061427640583880304,0.21439271070605026,0.023239214853099613,0.04650429551087667,0.009762701128832407,0.9744493718753681,0.013049535006798292
RIMONE_r2_Im436,RIM-ONE,RIMONE_r2_Im436,1,Glaucoma,C:/Users/TRIPU/OneDrive/Documents/ML/end sem project/RIM-ONE_DL_images\RIM-ONE_DL_images\partitioned_by_hospital\training_set\glaucoma\r2_Im436.png,C:/Users/TRIPU/.gemini/antigravity/scratch/glaucoma_detection\data\processed\RIM-ONE\glaucoma\RIMONE_r2_Im436.png,external_test,-1,r2,partitioned_by_hospital/training_set,False,1.0995503058010505,0.7950199083592437,0.6311768840557433,0.27096227426530495,0.727180401929944,0.08937074232294485,0.18574365851784527,0.025537134048743335,0.03515285189501741,0.009317117058414674,0.9439319935706408,0.04042776687942824
RIMONE_r2_Im439,RIM-ONE,RIMONE_r2_Im439,1,Glaucoma,C:/Users/TRIPU/OneDrive/Documents/ML/end sem project/RIM-ONE_DL_images\RIM-ONE_DL_images\partitioned_by_hospital\training_set\glaucoma\r2_Im439.png,C:/Users/TRIPU/.gemini/antigravity/scratch/glaucoma_detection\data\processed\RIM-ONE\glaucoma\RIMONE_r2_Im439.png,external_test,-1,r2,partitioned_by_hospital/training_set,False,1.9026685512499084,1.4513079580870942,0.8223120060702512,0.3525004871064225,0.6783853772790639,0.09195193814985779,0.16128617818017918,0.01878289959408229,0.02636602858912988,0.006001857810372752,0.9653435011103783,0.026510455072788115
RIMONE_r2_Im441,RIM-ONE,RIMONE_r2_Im441,1,Glaucoma,C:/Users/TRIPU/OneDrive/Documents/ML/end sem project/RIM-ONE_DL_images\RIM-ONE_DL_images\partitioned_by_hospital\training_set\glaucoma\r2_Im441.png,C:/Users/TRIPU/.gemini/antigravity/scratch/glaucoma_detection\data\processed\RIM-ONE\glaucoma\RIMONE_r2_Im441.png,external_test,-1,r2,partitioned_by_hospital/training_set,False,1.3826489433382791,1.0241282639223375,0.693909767266398,0.2912545678760128,0.7122856167634409,0.08671430077585,0.15926244397406694,0.020517572714588494,0.025785496850691248,0.006426649270498625,0.9674063262541844,0.024161646554674922
RIMONE_r2_Im442,RIM-ONE,RIMONE_r2_Im442,1,Glaucoma,C:/Users/TRIPU/OneDrive/Documents/ML/end sem project/RIM-ONE_DL_images\RIM-ONE_DL_images\partitioned_by_hospital\training_set\glaucoma\r2_Im442.png,C:/Users/TRIPU/.gemini/antigravity/scratch/glaucoma_detection\data\processed\RIM-ONE\glaucoma\RIMONE_r2_Im442.png,external_test,-1,r2,partitioned_by_hospital/training_set,False,1.1917502089048126,0.8623271107460472,0.6346640595888241,0.25949439210535324,0.7304828613243419,0.08093252652552704,0.18130794460191438,0.021293118982038246,0.03332596769175409,0.007597526239059161,0.9682201043160159,0.022917452252618972
RIMONE_r2_Im443,RIM-ONE,RIMONE_r2_Im443,1,Glaucoma,C:/Users/TRIPU/OneDrive/Documents/ML/end sem project/RIM-ONE_DL_images\RIM-ONE_DL_images\partitioned_by_hospital\training_set\glaucoma\r2_Im443.png,C:/Users/TRIPU/.gemini/antigravity/scratch/glaucoma_detection\data\processed\RIM-ONE\glaucoma\RIMONE_r2_Im443.png,external_test,-1,r2,partitioned_by_hospital/training_set,False,1.1046842619841382,0.7852995168429364,0.6238307166577283,0.25239832751797975,0.7308353892743206,0.08095142761585383,0.19948090216096667,0.021609877337909228,0.04025961712551264,0.008506549319289604,0.9722279644276982,0.01969117815785522
RIMONE_r2_Im444,RIM-ONE,RIMONE_r2_Im444,1,Glaucoma,C:/Users/TRIPU/OneDrive/Documents/ML/end sem project/RIM-ONE_DL_images\RIM-ONE_DL_images\partitioned_by_hospital\training_set\glaucoma\r2_Im444.png,C:/Users/TRIPU/.gemini/antigravity/scratch/glaucoma_detection\data\processed\RIM-ONE\glaucoma\RIMONE_r2_Im444.png,external_test,-1,r2,partitioned_by_hospital/training_set,False,1.005098615780702,0.7287010674792196,0.5934893325544248,0.25223065522213,0.7403542998186824,0.08491622233308134,0.17152995778176772,0.02120531202251341,0.02987219167458716,0.007134395483689454,0.9751125074350693,0.018058114824617926
RIMONE_r2_Im445,RIM-ONE,RIMONE_r2_Im445,1,Glaucoma,C:/Users/TRIPU/OneDrive/Documents/ML/end sem project/RIM-ONE_DL_images\RIM-ONE_DL_images\partitioned_by_hospital\training_set\glaucoma\r2_Im445.png,C:/Users/TRIPU/.gemini/antigravity/scratch/glaucoma_detection\data\processed\RIM-ONE\glaucoma\RIMONE_r2_Im445.png,external_test,-1,r2,partitioned_by_hospital/training_set,False,1.4783569091231137,1.1281304051420118,0.7283611667593073,0.31783794557612877,0.7006386498376864,0.09239752802375104,0.1696367836369084,0.022223588266227064,0.029270526238102067,0.007409112548237495,0.9607951310946167,0.029930082708886148
RIMONE_r2_Im448,RIM-ONE,RIMONE_r2_Im448,1,Glaucoma,C:/Users/TRIPU/OneDrive/Documents/ML/end sem project/RIM-ONE_DL_images\RIM-ONE_DL_images\partitioned_by_hospital\training_set\glaucoma\r2_Im448.png,C:/Users/TRIPU/.gemini/antigravity/scratch/glaucoma_detection\data\processed\RIM-ONE\glaucoma\RIMONE_r2_Im448.png,external_test,-1,r2,partitioned_by_hospital/training_set,False,0.7917425493063194,0.5062851787372453,0.546762785683579,0.2171700878231211,0.7502259842092425,0.08128209244490633,0.20513396830434294,0.023222492234610453,0.042619229097873725,0.009357581679592403,0.9698891359298466,0.01920231320847832
RIMONE_r2_Im449,RIM-ONE,RIMONE_r2_Im449,1,Glaucoma,C:/Users/TRIPU/OneDrive/Documents/ML/end sem project/RIM-ONE_DL_images\RIM-ONE_DL_images\partitioned_by_hospital\training_set\glaucoma\r2_Im449.png,C:/Users/TRIPU/.gemini/antigravity/scratch/glaucoma_detection\data\processed\RIM-ONE\glaucoma\RIMONE_r2_Im449.png,external_test,-1,r2,partitioned_by_hospital/training_set,False,0.7455233747174289,0.45523231001773273,0.5288872342132881,0.20046370949077869,0.7564983448524822,0.0761318044816468,0.21993493297167468,0.02040411855207161,0.04878770279514203,0.008854610888280818,0.9738183791942713,0.015946435042365693
RIMONE_r2_Im450,RIM-ONE,RIMONE_r2_Im450,1,Glaucoma,C:/Users/TRIPU/OneDrive/Documents/ML/end sem project/RIM-ONE_DL_images\RIM-ONE_DL_images\partitioned_by_hospital\training_set\glaucoma\r2_Im450.png,C:/Users/TRIPU/.gemini/antigravity/scratch/glaucoma_detection\data\processed\RIM-ONE\glaucoma\RIMONE_r2_Im450.png,external_test,-1,r2,partitioned_by_hospital/training_set,False,0.6266815318090232,0.36088265988419027,0.4779655347224184,0.18166798656394056,0.7756990480677194,0.07338453341474158,0.2048819963427504,0.024551160935451892,0.042579391928669254,0.009859121689680492,0.9616987612937976,0.02211610744724617
RIMONE_r2_Im451,RIM-ONE,RIMONE_r2_Im451,1,Glaucoma,C:/Users/TRIPU/OneDrive/Documents/ML/end sem project/RIM-ONE_DL_images\RIM-ONE_DL_images\partitioned_by_hospital\training_set\glaucoma\r2_Im451.png,C:/Users/TRIPU/.gemini/antigravity/scratch/glaucoma_detection\data\processed\RIM-ONE\glaucoma\RIMONE_r2_Im451.png,external_test,-1,r2,partitioned_by_hospital/training_set,False,1.1393594244816174,0.8603718865736999,0.6335712147213204,0.2743102755975069,0.729284310568718,0.08589805769411506,0.1868776129950751,0.019952999615057955,0.03532136443237557,0.007357105470555929,0.9803265906242591,0.014849610831192399
RIMONE_r2_Im453,RIM-ONE,RIMONE_r2_Im453,1,Glaucoma,C:/Users/TRIPU/OneDrive/Documents/ML/end sem project/RIM-ONE_DL_images\RIM-ONE_DL_images\partitioned_by_hospital\training_set\glaucoma\r2_Im453.png,C:/Users/TRIPU/.gemini/antigravity/scratch/glaucoma_detection\data\processed\RIM-ONE\glaucoma\RIMONE_r2_Im453.png,external_test,-1,r2,partitioned_by_hospital/training_set,False,0.6352567945149232,0.3408666610780058,0.47600943767806464,0.16135775951371478,0.7771679428176385,0.0641655260360979,0.26912854286511534,0.025822526002047014,0.0730969754338266,0.013803099472418378,0.9263148431892715,0.039372040413537715
RIMONE_r2_Im454,RIM-ONE,RIMONE_r2_Im454,1,Glaucoma,C:/Users/TRIPU/OneDrive/Documents/ML/end sem project/RIM-ONE_DL_images\RIM-ONE_DL_images\partitioned_by_hospital\training_set\glaucoma\r2_Im454.png,C:/Users/TRIPU/.gemini/antigravity/scratch/glaucoma_detection\data\processed\RIM-ONE\glaucoma\RIMONE_r2_Im454.png,external_test,-1,r2,partitioned_by_hospital/training_set,False,0.5251952938975935,0.25401791510194316,0.43995785538378535,0.1489621475261985,0.7885219344499038,0.06416486717776583,0.19023538325090417,0.019244263045233925,0.03655984270077254,0.0072151667549597955,0.9786503639286469,0.010472063623144644
RIMONE_r2_Im455,RIM-ONE,RIMONE_r2_Im455,1,Glaucoma,C:/Users/TRIPU/OneDrive/Documents/ML/end sem project/RIM-ONE_DL_images\RIM-ONE_DL_images\partitioned_by_hospital\training_set\glaucoma\r2_Im455.png,C:/Users/TRIPU/.gemini/antigravity/scratch/glaucoma_detection\data\processed\RIM-ONE\glaucoma\RIMONE_r2_Im455.png,external_test,-1,r2,partitioned_by_hospital/training_set,False,0.5493411286483288,0.29598412596550966,0.45189700898651286,0.17172302524874583,0.7837665933555655,0.07364746556417147,0.198015045246876,0.024180814616389438,0.03979466993963454,0.009376533462265305,0.9713253101394996,0.015608105043596325
RIMONE_r3_G-1-L_left_half,RIM-ONE,RIMONE_r3_G-1-L_left_half,1,Glaucoma,C:/Users/TRIPU/OneDrive/Documents/ML/end sem project/RIM-ONE_DL_images\RIM-ONE_DL_images\partitioned_by_hospital\training_set\glaucoma\r3_G-1-L_left_half.png,C:/Users/TRIPU/.gemini/antigravity/scratch/glaucoma_detection\data\processed\RIM-ONE\glaucoma\RIMONE_r3_G-1-L_left_half.png,external_test,-1,r3,partitioned_by_hospital/training_set,False,1.5517082116054188,1.170394355181253,0.7471195370543509,0.32026705530172017,0.6953234781593064,0.09137236966479802,0.16089019491691184,0.01844562354296878,0.026225895848290808,0.005823827777999301,0.975839289139259,0.018251745475608948
RIMONE_r3_G-10-L_left_half,RIM-ONE,RIMONE_r3_G-10-L_left_half,1,Glaucoma,C:/Users/TRIPU/OneDrive/Documents/ML/end sem project/RIM-ONE_DL_images\RIM-ONE_DL_images\partitioned_by_hospital\training_set\glaucoma\r3_G-10-L_left_half.png,C:/Users/TRIPU/.gemini/antigravity/scratch/glaucoma_detection\data\processed\RIM-ONE\glaucoma\RIMONE_r3_G-10-L_left_half.png,external_test,-1,r3,partitioned_by_hospital/training_set,False,0.49604306025634787,0.24030382632280617,0.3934642698130572,0.12278847362289144,0.8131678186050811,0.050259242143205304,0.30198332332438166,0.020217522581091062,0.09160267578535493,0.01206608408839926,0.9786499691712992,0.010253855843517692
RIMONE_r3_G-11-R_left_half,RIM-ONE,RIMONE_r3_G-11-R_left_half,1,Glaucoma,C:/Users/TRIPU/OneDrive/Documents/ML/end sem project/RIM-ONE_DL_images\RIM-ONE_DL_images\partitioned_by_hospital\training_set\glaucoma\r3_G-11-R_left_half.png,C:/Users/TRIPU/.gemini/antigravity/scratch/glaucoma_detection\data\processed\RIM-ONE\glaucoma\RIMONE_r3_G-11-R_left_half.png,external_test,-1,r3,partitioned_by_hospital/training_set,False,0.34162447826740006,0.12750475630864036,0.3050603578997706,0.08352295302851798,0.8511001785126978,0.0374715329798386,0.39304123359843374,0.018970570052310325,0.1548412938366882,0.014775091359714686,0.9649557891512187,0.012918284968285705
RIMONE_r3_G-12-L_left_half,RIM-ONE,RIMONE_r3_G-12-L_left_half,1,Glaucoma,C:/Users/TRIPU/OneDrive/Documents/ML/end sem project/RIM-ONE_DL_images\RIM-ONE_DL_images\partitioned_by_hospital\training_set\glaucoma\r3_G-12-L_left_half.png,C:/Users/TRIPU/.gemini/antigravity/scratch/glaucoma_detection\data\processed\RIM-ONE\glaucoma\RIMONE_r3_G-12-L_left_half.png,external_test,-1,r3,partitioned_by_hospital/training_set,False,1.0386483979385155,0.706323248656062,0.6229120687445097,0.24766217911580726,0.7270695740424854,0.08271362409372003,0.18625902546076908,0.022461130808548644,0.03519692696279415,0.008200498401136883,0.9614871393873478,0.02620096144290714
RIMONE_r3_G-13-R_left_half,RIM-ONE,RIMONE_r3_G-13-R_left_half,1,Glaucoma,C:/Users/TRIPU/OneDrive/Documents/ML/end sem project/RIM-ONE_DL_images\RIM-ONE_DL_images\partitioned_by_hospital\training_set\glaucoma\r3_G-13-R_left_half.png,C:/Users/TRIPU/.gemini/antigravity/scratch/glaucoma_detection\data\processed\RIM-ONE\glaucoma\RIMONE_r3_G-13-R_left_half.png,external_test,-1,r3,partitioned_by_hospital/training_set,False,0.39556833073158576,0.1604327417699389,0.3400505066316543,0.09580118500715967,0.8354409254102247,0.04162909780719761,0.34052081861132216,0.020124977258511468,0.11635944261738056,0.013561706364960418,0.9660110054883105,0.013646956672176757
RIMONE_r3_G-14-R_left_half,RIM-ONE,RIMONE_r3_G-14-R_left_half,1,Glaucoma,C:/Users/TRIPU/OneDrive/Documents/ML/end sem project/RIM-ONE_DL_images\RIM-ONE_DL_images\partitioned_by_hospital\training_set\glaucoma\r3_G-14-R_left_half.png,C:/Users/TRIPU/.gemini/antigravity/scratch/glaucoma_detection\data\processed\RIM-ONE\glaucoma\RIMONE_r3_G-14-R_left_half.png,external_test,-1,r3,partitioned_by_hospital/training_set,False,1.44153844404253,1.017418300194768,0.6549537662866681,0.26107128298014115,0.7353820905897765,0.07496080112352847,0.20125668318974954,0.021578932328958838,0.04096990284899699,0.008534286278500457,0.9587091074197703,0.02905963678739303
RIMONE_r3_G-15-L_left_half,RIM-ONE,RIMONE_r3_G-15-L_left_half,1,Glaucoma,C:/Users/TRIPU/OneDrive/Documents/ML/end sem project/RIM-ONE_DL_images\RIM-ONE_DL_images\partitioned_by_hospital\training_set\glaucoma\r3_G-15-L_left_half.png,C:/Users/TRIPU/.gemini/antigravity/scratch/glaucoma_detection\data\processed\RIM-ONE\glaucoma\RIMONE_r3_G-15-L_left_half.png,external_test,-1,r3,partitioned_by_hospital/training_set,False,1.350497208544918,1.0177913345701715,0.6443575219334595,0.26959871205636254,0.7373980243293191,0.07558397702693262,0.23315965132211225,0.018096062874315786,0.05469089049620016,0.008309887537601939,0.978049507440451,0.016502998519768212
RIMONE_r3_G-16-R_left_half,RIM-ONE,RIMONE_r3_G-16-R_left_half,1,Glaucoma,C:/Users/TRIPU/OneDrive/Documents/ML/end sem project/RIM-ONE_DL_images\RIM-ONE_DL_images\partitioned_by_hospital\training_set\glaucoma\r3_G-16-R_left_half.png,C:/Users/TRIPU/.gemini/antigravity/scratch/glaucoma_detection\data\processed\RIM-ONE\glaucoma\RIMONE_r3_G-16-R_left_half.png,external_test,-1,r3,partitioned_by_hospital/training_set,False,1.8117926276585632,1.3611118277470076,0.765998952042335,0.3237667342396649,0.7019122155254701,0.08400113561245295,0.17906728939730202,0.018555110744965568,0.03240938626685505,0.006533506929429838,0.9721405466179872,0.02091282738329048
RIMONE_r3_G-17-L_left_half,RIM-ONE,RIMONE_r3_G-17-L_left_half,1,Glaucoma,C:/Users/TRIPU/OneDrive/Documents/ML/end sem project/RIM-ONE_DL_images\RIM-ONE_DL_images\partitioned_by_hospital\training_set\glaucoma\r3_G-17-L_left_half.png,C:/Users/TRIPU/.gemini/antigravity/scratch/glaucoma_detection\data\processed\RIM-ONE\glaucoma\RIMONE_r3_G-17-L_left_half.png,external_test,-1,r3,partitioned_by_hospital/training_set,False,0.9557182928031439,0.6128782552892146,0.5992913750798134,0.2303603166071492,0.7336342118026837,0.08041775455309082,0.1812211180961466,0.022532806254187885,0.0333488210017063,0.008001836671196206,0.9607025043392051,0.02512628654433398
RIMONE_r3_G-18-R_left_half,RIM-ONE,RIMONE_r3_G-18-R_left_half,1,Glaucoma,C:/Users/TRIPU/OneDrive/Documents/ML/end sem project/RIM-ONE_DL_images\RIM-ONE_DL_images\partitioned_by_hospital\training_set\glaucoma\r3_G-18-R_left_half.png,C:/Users/TRIPU/.gemini/antigravity/scratch/glaucoma_detection\data\processed\RIM-ONE\glaucoma\RIMONE_r3_G-18-R_left_half.png,external_test,-1,r3,partitioned_by_hospital/training_set,False,1.55411328364118,1.071282297480874,0.7847545017909653,0.3053613832296621,0.6749140822440319,0.0895320812177435,0.14568598797410753,0.020261487208395792,0.021634934955887794,0.0058040642993216285,0.9493109066044793,0.035028962154564115
RIMONE_r3_G-2-R_left_half,RIM-ONE,RIMONE_r3_G-2-R_left_half,1,Glaucoma,C:/Users/TRIPU/OneDrive/Documents/ML/end sem project/RIM-ONE_DL_images\RIM-ONE_DL_images\partitioned_by_hospital\training_set\glaucoma\r3_G-2-R_left_half.png,C:/Users/TRIPU/.gemini/antigravity/scratch/glaucoma_detection\data\processed\RIM-ONE\glaucoma\RIMONE_r3_G-2-R_left_half.png,external_test,-1,r3,partitioned_by_hospital/training_set,False,1.1112747853672953,0.78121272544288,0.6303863859762807,0.25363141264026406,0.7279721107891431,0.08133076657643773,0.17303990829645555,0.020245180287297982,0.030352677188110952,0.006865460091679676,0.9702455853992173,0.020892883388140177
RIMONE_r3_G-22-L_left_half,RIM-ONE,RIMONE_r3_G-22-L_left_half,1,Glaucoma,C:/Users/TRIPU/OneDrive/Documents/ML/end sem project/RIM-ONE_DL_images\RIM-ONE_DL_images\partitioned_by_hospital\training_set\glaucoma\r3_G-22-L_left_half.png,C:/Users/TRIPU/.gemini/antigravity/scratch/glaucoma_detection\data\processed\RIM-ONE\glaucoma\RIMONE_r3_G-22-L_left_half.png,external_test,-1,r3,partitioned_by_hospital/training_set,False,0.3209107426390532,0.11957471025937079,0.2902707367114691,0.07877279610298794,0.8579073134051325,0.03540715982177901,0.33463917042673313,0.01567586262164752,0.11222910705282495,0.010386479510123905,0.9750525013481303,0.009230795775630322
RIMONE_r3_G-23-R_left_half,RIM-ONE,RIMONE_r3_G-23-R_left_half,1,Glaucoma,C:/Users/TRIPU/OneDrive/Documents/ML/end sem project/RIM-ONE_DL_images\RIM-ONE_DL_images\partitioned_by_hospital\training_set\glaucoma\r3_G-23-R_left_half.png,C:/Users/TRIPU/.gemini/antigravity/scratch/glaucoma_detection\data\processed\RIM-ONE\glaucoma\RIMONE_r3_G-23-R_left_half.png,external_test,-1,r3,partitioned_by_hospital/training_set,False,0.5908935661158998,0.32619563839578214,0.44423609508565853,0.15470937761587839,0.7921343026865003,0.061005407664341614,0.21931433899805333,0.01863980509766918,0.04844622162423216,0.008036912466982517,0.9862614412443488,0.007546866835222944
RIMONE_r3_G-25-L_left_half,RIM-ONE,RIMONE_r3_G-25-L_left_half,1,Glaucoma,C:/Users/TRIPU/OneDrive/Documents/ML/end sem project/RIM-ONE_DL_images\RIM-ONE_DL_images\partitioned_by_hospital\training_set\glaucoma\r3_G-25-L_left_half.png,C:/Users/TRIPU/.gemini/antigravity/scratch/glaucoma_detection\data\processed\RIM-ONE\glaucoma\RIMONE_r3_G-25-L_left_half.png,external_test,-1,r3,partitioned_by_hospital/training_set,False,0.7015886534782942,0.39267683349269733,0.4973581746985524,0.16904930521998204,0.770892428208452,0.06349435004991179,0.19165738818829323,0.01924129658846687,0.037102781941563454,0.007237124265798968,0.9745478320948558,0.014254322579627986
RIMONE_r3_G-27-R_left_half,RIM-ONE,RIMONE_r3_G-27-R_left_half,1,Glaucoma,C:/Users/TRIPU/OneDrive/Documents/ML/end sem project/RIM-ONE_DL_images\RIM-ONE_DL_images\partitioned_by_hospital\training_set\glaucoma\r3_G-27-R_left_half.png,C:/Users/TRIPU/.gemini/antigravity/scratch/glaucoma_detection\data\processed\RIM-ONE\glaucoma\RIMONE_r3_G-27-R_left_half.png,external_test,-1,r3,partitioned_by_hospital/training_set,False,0.7239182103411667,0.42984118727856324,0.4885224912937049,0.1700783815384515,0.7777696281459395,0.06143988200108479,0.25071631410978684,0.01786201912568395,0.06317772188804359,0.008842229837090985,0.9648933886221385,0.020842954380059033
RIMONE_r3_G-29-R_left_half,RIM-ONE,RIMONE_r3_G-29-R_left_half,1,Glaucoma,C:/Users/TRIPU/OneDrive/Documents/ML/end sem project/RIM-ONE_DL_images\RIM-ONE_DL_images\partitioned_by_hospital\training_set\glaucoma\r3_G-29-R_left_half.png,C:/Users/TRIPU/.gemini/antigravity/scratch/glaucoma_detection\data\processed\RIM-ONE\glaucoma\RIMONE_r3_G-29-R_left_half.png,external_test,-1,r3,partitioned_by_hospital/training_set,False,1.2377768065965915,0.8497765175102016,0.6707061958544176,0.2621287386448782,0.7142722814832348,0.0820462061901972,0.17264903891102215,0.019930813331340762,0.030204927956948402,0.00676532081504575,0.9640248510669899,0.02468276136018398
RIMONE_r3_G-3-R_left_half,RIM-ONE,RIMONE_r3_G-3-R_left_half,1,Glaucoma,C:/Users/TRIPU/OneDrive/Documents/ML/end sem project/RIM-ONE_DL_images\RIM-ONE_DL_images\partitioned_by_hospital\training_set\glaucoma\r3_G-3-R_left_half.png,C:/Users/TRIPU/.gemini/antigravity/scratch/glaucoma_detection\data\processed\RIM-ONE\glaucoma\RIMONE_r3_G-3-R_left_half.png,external_test,-1,r3,partitioned_by_hospital/training_set,False,0.4652114096868593,0.22630036884935537,0.3718458993883664,0.11834500160597758,0.823104833460116,0.048966240517974595,0.32330603290605037,0.016531999275160518,0.10480009791348203,0.01059910234102692,0.9690367364389832,0.014995863889381057
RIMONE_r3_G-30-L_left_half,RIM-ONE,RIMONE_r3_G-30-L_left_half,1,Glaucoma,C:/Users/TRIPU/OneDrive/Documents/ML/end sem project/RIM-ONE_DL_images\RIM-ONE_DL_images\partitioned_by_hospital\training_set\glaucoma\r3_G-30-L_left_half.png,C:/Users/TRIPU/.gemini/antigravity/scratch/glaucoma_detection\data\processed\RIM-ONE\glaucoma\RIMONE_r3_G-30-L_left_half.png,external_test,-1,r3,partitioned_by_hospital/training_set,False,0.700019239008336,0.4191293207224113,0.49220045544090035,0.17608627747745553,0.7737963633249906,0.06525030877238164,0.24697458386711846,0.019389530808269936,0.06137239898130118,0.009420571965172183,0.9737086805603364,0.0156669391366785
RIMONE_r3_G-31-R_left_half,RIM-ONE,RIMONE_r3_G-31-R_left_half,1,Glaucoma,C:/Users/TRIPU/OneDrive/Documents/ML/end sem project/RIM-ONE_DL_images\RIM-ONE_DL_images\partitioned_by_hospital\training_set\glaucoma\r3_G-31-R_left_half.png,C:/Users/TRIPU/.gemini/antigravity/scratch/glaucoma_detection\data\processed\RIM-ONE\glaucoma\RIMONE_r3_G-31-R_left_half.png,external_test,-1,r3,partitioned_by_hospital/training_set,False,0.42582414725146994,0.20308511530681403,0.34291728721927656,0.10668422513461036,0.8366287221129382,0.044134453585132516,0.28977837750861396,0.018980861463307224,0.08433178117341401,0.010861610884558072,0.9532838770098802,0.022191112421207866
RIMONE_r3_G-32-L_left_half,RIM-ONE,RIMONE_r3_G-32-L_left_half,1,Glaucoma,C:/Users/TRIPU/OneDrive/Documents/ML/end sem project/RIM-ONE_DL_images\RIM-ONE_DL_images\partitioned_by_hospital\training_set\glaucoma\r3_G-32-L_left_half.png,C:/Users/TRIPU/.gemini/antigravity/scratch/glaucoma_detection\data\processed\RIM-ONE\glaucoma\RIMONE_r3_G-32-L_left_half.png,external_test,-1,r3,partitioned_by_hospital/training_set,False,0.364008333044302,0.17476260007592404,0.29241169961755437,0.09163316137476654,0.8607532546184066,0.0378792110373802,0.45911733411745836,0.014371568067462691,0.2109952684558396,0.013097156879445168,0.9536755708465017,0.022066918739472287
RIMONE_r3_G-33-R_left_half,RIM-ONE,RIMONE_r3_G-33-R_left_half,1,Glaucoma,C:/Users/TRIPU/OneDrive/Documents/ML/end sem project/RIM-ONE_DL_images\RIM-ONE_DL_images\partitioned_by_hospital\training_set\glaucoma\r3_G-33-R_left_half.png,C:/Users/TRIPU/.gemini/antigravity/scratch/glaucoma_detection\data\processed\RIM-ONE\glaucoma\RIMONE_r3_G-33-R_left_half.png,external_test,-1,r3,partitioned_by_hospital/training_set,False,1.4171100720727452,0.9686856318074369,0.749482859393804,0.2928331412673331,0.685028537991117,0.08908274690438442,0.15802832088722288,0.02184610745122467,0.025450202613205537,0.00679081200662258,0.9417980300047476,0.0396222600751187
RIMONE_r3_G-34-L_left_half,RIM-ONE,RIMONE_r3_G-34-L_left_half,1,Glaucoma,C:/Users/TRIPU/OneDrive/Documents/ML/end sem project/RIM-ONE_DL_images\RIM-ONE_DL_images\partitioned_by_hospital\training_set\glaucoma\r3_G-34-L_left_half.png,C:/Users/TRIPU/.gemini/antigravity/scratch/glaucoma_detection\data\processed\RIM-ONE\glaucoma\RIMONE_r3_G-34-L_left_half.png,external_test,-1,r3,partitioned_by_hospital/training_set,False,0.4909160356306954,0.2344472904829916,0.39355038561800765,0.11771922544910911,0.8126001655951453,0.047948448715966464,0.28392417191484237,0.016266578085606602,0.0808775369601441,0.009128334501683138,0.9669618583419345,0.015728768918423546
RIMONE_r3_G-35-R_left_half,RIM-ONE,RIMONE_r3_G-35-R_left_half,1,Glaucoma,C:/Users/TRIPU/OneDrive/Documents/ML/end sem project/RIM-ONE_DL_images\RIM-ONE_DL_images\partitioned_by_hospital\training_set\glaucoma\r3_G-35-R_left_half.png,C:/Users/TRIPU/.gemini/antigravity/scratch/glaucoma_detection\data\processed\RIM-ONE\glaucoma\RIMONE_r3_G-35-R_left_half.png,external_test,-1,r3,partitioned_by_hospital/training_set,False,1.8821929756639013,1.5757740162945044,0.8170807266791117,0.3835879628690369,0.6794390382191636,0.10192501758940037,0.1386575662913708,0.021921057578344137,0.019706453455198964,0.005943839814291589,0.9600352171582602,0.03347644053818441
RIMONE_r3_G-37-R_left_half,RIM-ONE,RIMONE_r3_G-37-R_left_half,1,Glaucoma,C:/Users/TRIPU/OneDrive/Documents/ML/end sem project/RIM-ONE_DL_images\RIM-ONE_DL_images\partitioned_by_hospital\training_set\glaucoma\r3_G-37-R_left_half.png,C:/Users/TRIPU/.gemini/antigravity/scratch/glaucoma_detection\data\processed\RIM-ONE\glaucoma\RIMONE_r3_G-37-R_left_half.png,external_test,-1,r3,partitioned_by_hospital/training_set,False,0.5411380880026678,0.26660865331827055,0.43016936182092347,0.13636219957340034,0.7958542488221579,0.05564141872386017,0.2365931325799736,0.018949787659902777,0.056335404836360375,0.008830069697215559,0.969080347404068,0.01521164246259442
RIMONE_r3_G-38-L_left_half,RIM-ONE,RIMONE_r3_G-38-L_left_half,1,Glaucoma,C:/Users/TRIPU/OneDrive/Documents/ML/end sem project/RIM-ONE_DL_images\RIM-ONE_DL_images\partitioned_by_hospital\training_set\glaucoma\r3_G-38-L_left_half.png,C:/Users/TRIPU/.gemini/antigravity/scratch/glaucoma_detection\data\processed\RIM-ONE\glaucoma\RIMONE_r3_G-38-L_left_half.png,external_test,-1,r3,partitioned_by_hospital/training_set,False,0.9987668912111078,0.6273833824874561,0.6101216622443979,0.22064322325118438,0.7306100275082447,0.07442489303589012,0.18142583587201133,0.019530305203069784,0.033296766743183055,0.006937357848937529,0.9717867838644746,0.017727261443663305
RIMONE_r3_G-39-L_left_half,RIM-ONE,RIMONE_r3_G-39-L_left_half,1,Glaucoma,C:/Users/TRIPU/OneDrive/Documents/ML/end sem project/RIM-ONE_DL_images\RIM-ONE_DL_images\partitioned_by_hospital\training_set\glaucoma\r3_G-39-L_left_half.png,C:/Users/TRIPU/.gemini/antigravity/scratch/glaucoma_detection\data\processed\RIM-ONE\glaucoma\RIMONE_r3_G-39-L_left_half.png,external_test,-1,r3,partitioned_by_hospital/training_set,False,0.42259026210043776,0.13716487559578805,0.3782254279428719,0.08538828399553475,0.8152783524229016,0.03764399070204545,0.25620633746989635,0.014586127475978204,0.06585444247448392,0.00738956958263796,0.9741871176151204,0.008356125094964362
RIMONE_r3_G-6-L_left_half,RIM-ONE,RIMONE_r3_G-6-L_left_half,1,Glaucoma,C:/Users/TRIPU/OneDrive/Documents/ML/end sem project/RIM-ONE_DL_images\RIM-ONE_DL_images\partitioned_by_hospital\training_set\glaucoma\r3_G-6-L_left_half.png,C:/Users/TRIPU/.gemini/antigravity/scratch/glaucoma_detection\data\processed\RIM-ONE\glaucoma\RIMONE_r3_G-6-L_left_half.png,external_test,-1,r3,partitioned_by_hospital/training_set,False,1.3206333698794117,1.075944950601606,0.6072450705377818,0.2670714832791906,0.7553389719444642,0.0723769688523179,0.24906620191800136,0.015705574875662123,0.06228063802003364,0.007733345186355728,0.9817173494680991,0.014861254959851045
RIMONE_r3_G-8-R_left_half,RIM-ONE,RIMONE_r3_G-8-R_left_half,1,Glaucoma,C:/Users/TRIPU/OneDrive/Documents/ML/end sem project/RIM-ONE_DL_images\RIM-ONE_DL_images\partitioned_by_hospital\training_set\glaucoma\r3_G-8-R_left_half.png,C:/Users/TRIPU/.gemini/antigravity/scratch/glaucoma_detection\data\processed\RIM-ONE\glaucoma\RIMONE_r3_G-8-R_left_half.png,external_test,-1,r3,partitioned_by_hospital/training_set,False,3.0427228881597306,2.318710851448557,1.0519762049569,0.45323513257387593,0.6259066701572452,0.0995684341741961,0.12578079296742808,0.019646400287179316,0.016206788923759086,0.0048761967170436035,0.9362619897405663,0.048743218088483246
RIMONE_r3_G-9-R_left_half,RIM-ONE,RIMONE_r3_G-9-R_left_half,1,Glaucoma,C:/Users/TRIPU/OneDrive/Documents/ML/end sem project/RIM-ONE_DL_images\RIM-ONE_DL_images\partitioned_by_hospital\training_set\glaucoma\r3_G-9-R_left_half.png,C:/Users/TRIPU/.gemini/antigravity/scratch/glaucoma_detection\data\processed\RIM-ONE\glaucoma\RIMONE_r3_G-9-R_left_half.png,external_test,-1,r3,partitioned_by_hospital/training_set,False,1.0594417676555927,0.7204497938918135,0.608517574409258,0.23602209945180527,0.736216556929829,0.07626669853233424,0.18707940762878603,0.01779282903662721,0.035315289523864125,0.006539442986642318,0.9784776544663375,0.014605393268617073
RIMONE_r3_S-1-L_left_half,RIM-ONE,RIMONE_r3_S-1-L_left_half,1,Glaucoma,C:/Users/TRIPU/OneDrive/Documents/ML/end sem project/RIM-ONE_DL_images\RIM-ONE_DL_images\partitioned_by_hospital\training_set\glaucoma\r3_S-1-L_left_half.png,C:/Users/TRIPU/.gemini/antigravity/scratch/glaucoma_detection\data\processed\RIM-ONE\glaucoma\RIMONE_r3_S-1-L_left_half.png,external_test,-1,r3,partitioned_by_hospital/training_set,False,1.39231540174798,1.054291079318885,0.7130401695363281,0.31603401267035647,0.7029351583075965,0.09670745677523584,0.1520946526746155,0.022566650350880502,0.023642037080270826,0.006720912633963545,0.9600046471158888,0.030206863189365284
RIMONE_r3_S-10-R_left_half,RIM-ONE,RIMONE_r3_S-10-R_left_half,1,Glaucoma,C:/Users/TRIPU/OneDrive/Documents/ML/end sem project/RIM-ONE_DL_images\RIM-ONE_DL_images\partitioned_by_hospital\training_set\glaucoma\r3_S-10-R_left_half.png,C:/Users/TRIPU/.gemini/antigravity/scratch/glaucoma_detection\data\processed\RIM-ONE\glaucoma\RIMONE_r3_S-10-R_left_half.png,external_test,-1,r3,partitioned_by_hospital/training_set,False,0.807665108501113,0.5353484205460199,0.46507433256319697,0.1689843673572388,0.7963377339921531,0.055506841080102454,0.32649950362812435,0.019913170692241956,0.10699846023642995,0.012873294431694054,0.9652008432532343,0.022904344191132665
RIMONE_r3_S-11-L_left_half,RIM-ONE,RIMONE_r3_S-11-L_left_half,1,Glaucoma,C:/Users/TRIPU/OneDrive/Documents/ML/end sem project/RIM-ONE_DL_images\RIM-ONE_DL_images\partitioned_by_hospital\training_set\glaucoma\r3_S-11-L_left_half.png,C:/Users/TRIPU/.gemini/antigravity/scratch/glaucoma_detection\data\processed\RIM-ONE\glaucoma\RIMONE_r3_S-11-L_left_half.png,external_test,-1,r3,partitioned_by_hospital/training_set,False,1.2311777936906128,0.8100975058241233,0.7174637275064019,0.2733725600361959,0.6889915357493622,0.08864208417843855,0.17498430369221993,0.022617919772459735,0.03113107683348448,0.007786725350311187,0.9483086344284514,0.03389573494462416
RIMONE_r3_S-12-L_left_half,RIM-ONE,RIMONE_r3_S-12-L_left_half,1,Glaucoma,C:/Users/TRIPU/OneDrive/Documents/ML/end sem project/RIM-ONE_DL_images\RIM-ONE_DL_images\partitioned_by_hospital\training_set\glaucoma\r3_S-12-L_left_half.png,C:/Users/TRIPU/.gemini/antigravity/scratch/glaucoma_detection\data\processed\RIM-ONE\glaucoma\RIMONE_r3_S-12-L_left_half.png,external_test,-1,r3,partitioned_by_hospital/training_set,False,0.5434130739300422,0.30446617611765175,0.3997683640267369,0.14156470085946815,0.8139829042981656,0.055332887722754506,0.3023718001642315,0.01724147406564897,0.0917259739625144,0.010299894915219024,0.984488978216501,0.008644618742299562
RIMONE_r3_S-13-R_left_half,RIM-ONE,RIMONE_r3_S-13-R_left_half,1,Glaucoma,C:/Users/TRIPU/OneDrive/Documents/ML/end sem project/RIM-ONE_DL_images\RIM-ONE_DL_images\partitioned_by_hospital\training_set\glaucoma\r3_S-13-R_left_half.png,C:/Users/TRIPU/.gemini/antigravity/scratch/glaucoma_detection\data\processed\RIM-ONE\glaucoma\RIMONE_r3_S-13-R_left_half.png,external_test,-1,r3,partitioned_by_hospital/training_set,False,1.044928165730721,0.7215766504035173,0.5717840410452565,0.2228856295166956,0.7552484482703231,0.07032438251493157,0.23378585115351902,0.021011727603915977,0.055097316896476546,0.009669668501217197,0.9693873476532734,0.02104180730952343
RIMONE_r3_S-14-R_left_half,RIM-ONE,RIMONE_r3_S-14-R_left_half,1,Glaucoma,C:/Users/TRIPU/OneDrive/Documents/ML/end sem project/RIM-ONE_DL_images\RIM-ONE_DL_images\partitioned_by_hospital\training_set\glaucoma\r3_S-14-R_left_half.png,C:/Users/TRIPU/.gemini/antigravity/scratch/glaucoma_detection\data\processed\RIM-ONE\glaucoma\RIMONE_r3_S-14-R_left_half.png,external_test,-1,r3,partitioned_by_hospital/training_set,False,1.0278634246420217,0.6445321734350704,0.6349195358946993,0.23676158278902398,0.719266702523428,0.08145480972601585,0.17407154577536313,0.022047868462005005,0.03078701155234222,0.007538662838515339,0.9548664526430328,0.028319625380957145
RIMONE_r3_S-18-L_left_half,RIM-ONE,RIMONE_r3_S-18-L_left_half,1,Glaucoma,C:/Users/TRIPU/OneDrive/Documents/ML/end sem project/RIM-ONE_DL_images\RIM-ONE_DL_images\partitioned_by_hospital\training_set\glaucoma\r3_S-18-L_left_half.png,C:/Users/TRIPU/.gemini/antigravity/scratch/glaucoma_detection\data\processed\RIM-ONE\glaucoma\RIMONE_r3_S-18-L_left_half.png,external_test,-1,r3,partitioned_by_hospital/training_set,False,1.943492463978185,1.4419316581590778,0.834177515265313,0.3450563241088292,0.6733926049186033,0.08991867948009903,0.14971394474490152,0.020224682139311476,0.022823303018715605,0.005965659253779289,0.9610474601029769,0.02882698788572496
RIMONE_r3_S-19-R_left_half,RIM-ONE,RIMONE_r3_S-19-R_left_half,1,Glaucoma,C:/Users/TRIPU/OneDrive/Documents/ML/end sem project/RIM-ONE_DL_images\RIM-ONE_DL_images\partitioned_by_hospital\training_set\glaucoma\r3_S-19-R_left_half.png,C:/Users/TRIPU/.gemini/antigravity/scratch/glaucoma_detection\data\processed\RIM-ONE\glaucoma\RIMONE_r3_S-19-R_left_half.png,external_test,-1,r3,partitioned_by_hospital/training_set,False,1.7286063387957924,1.3317962967449832,0.7604087364692522,0.32136565861032224,0.6983422210306164,0.08528438635706276,0.16741841045633943,0.019968735636419325,0.02842767456264453,0.00658285054047524,0.9641212306613549,0.02759146565805836
RIMONE_r3_S-2-L_left_half,RIM-ONE,RIMONE_r3_S-2-L_left_half,1,Glaucoma,C:/Users/TRIPU/OneDrive/Documents/ML/end sem project/RIM-ONE_DL_images\RIM-ONE_DL_images\partitioned_by_hospital\training_set\glaucoma\r3_S-2-L_left_half.png,C:/Users/TRIPU/.gemini/antigravity/scratch/glaucoma_detection\data\processed\RIM-ONE\glaucoma\RIMONE_r3_S-2-L_left_half.png,external_test,-1,r3,partitioned_by_hospital/training_set,False,1.6631094951964809,1.2152308763018735,0.8066403692567133,0.32752039935071603,0.6699484854206675,0.09272095021330366,0.14184934540554087,0.0203561356905112,0.020535609052230938,0.005674227277328697,0.9544241785684111,0.03320659830541718
RIMONE_r3_S-20-L_left_half,RIM-ONE,RIMONE_r3_S-20-L_left_half,1,Glaucoma,C:/Users/TRIPU/OneDrive/Documents/ML/end sem project/RIM-ONE_DL_images\RIM-ONE_DL_images\partitioned_by_hospital\training_set\glaucoma\r3_S-20-L_left_half.png,C:/Users/TRIPU/.gemini/antigravity/scratch/glaucoma_detection\data\processed\RIM-ONE\glaucoma\RIMONE_r3_S-20-L_left_half.png,external_test,-1,r3,partitioned_by_hospital/training_set,False,0.8771059159203123,0.5497550238031117,0.5766017939649243,0.21127076441753134,0.7399848247997948,0.07484451607150212,0.19454837491517774,0.022196716984727558,0.03834176442703665,0.008493469758060536,0.974050516319472,0.016183770939204548
RIMONE_r3_S-21-R_left_half,RIM-ONE,RIMONE_r3_S-21-R_left_half,1,Glaucoma,C:/Users/TRIPU/OneDrive/Documents/ML/end sem project/RIM-ONE_DL_images\RIM-ONE_DL_images\partitioned_by_hospital\training_set\glaucoma\r3_S-21-R_left_half.png,C:/Users/TRIPU/.gemini/antigravity/scratch/glaucoma_detection\data\processed\RIM-ONE\glaucoma\RIMONE_r3_S-21-R_left_half.png,external_test,-1,r3,partitioned_by_hospital/training_set,False,0.6458462823856129,0.3551180355703648,0.4659873716869573,0.15082784114212952,0.7840158165979694,0.056718171316041066,0.2535877799314461,0.01952286087579048,0.06468790422733502,0.009770058197488078,0.9746573512274357,0.013837500837618932
RIMONE_r3_S-25-L_left_half,RIM-ONE,RIMONE_r3_S-25-L_left_half,1,Glaucoma,C:/Users/TRIPU/OneDrive/Documents/ML/end sem project/RIM-ONE_DL_images\RIM-ONE_DL_images\partitioned_by_hospital\training_set\glaucoma\r3_S-25-L_left_half.png,C:/Users/TRIPU/.gemini/antigravity/scratch/glaucoma_detection\data\processed\RIM-ONE\glaucoma\RIMONE_r3_S-25-L_left_half.png,external_test,-1,r3,partitioned_by_hospital/training_set,False,0.771259715567561,0.4837837311980519,0.48476261816661853,0.17634585057629276,0.7837793207717426,0.06113052576503701,0.297839692284351,0.02095568584968757,0.0891476230694677,0.012318405024558776,0.9714630109729853,0.017783253776918723
RIMONE_r3_S-26-R_left_half,RIM-ONE,RIMONE_r3_S-26-R_left_half,1,Glaucoma,C:/Users/TRIPU/OneDrive/Documents/ML/end sem project/RIM-ONE_DL_images\RIM-ONE_DL_images\partitioned_by_hospital\training_set\glaucoma\r3_S-26-R_left_half.png,C:/Users/TRIPU/.gemini/antigravity/scratch/glaucoma_detection\data\processed\RIM-ONE\glaucoma\RIMONE_r3_S-26-R_left_half.png,external_test,-1,r3,partitioned_by_hospital/training_set,False,0.8652215051718918,0.5639566940948328,0.511476836545235,0.1923362340019022,0.7755066617646831,0.06492685003174695,0.26254110565501027,0.021529138761391297,0.06939133597436253,0.011139855073333557,0.9683350650806973,0.020531793650812355
RIMONE_r3_S-28-R_left_half,RIM-ONE,RIMONE_r3_S-28-R_left_half,1,Glaucoma,C:/Users/TRIPU/OneDrive/Documents/ML/end sem project/RIM-ONE_DL_images\RIM-ONE_DL_images\partitioned_by_hospital\training_set\glaucoma\r3_S-28-R_left_half.png,C:/Users/TRIPU/.gemini/antigravity/scratch/glaucoma_detection\data\processed\RIM-ONE\glaucoma\RIMONE_r3_S-28-R_left_half.png,external_test,-1,r3,partitioned_by_hospital/training_set,False,0.7849282825615894,0.4594284189779972,0.5228793391969884,0.18095244058066176,0.7632855781129501,0.06496604007197021,0.19873710454430446,0.01745420116302191,0.039801085860893044,0.006843415579019865,0.9802061044003084,0.011555297152371365
RIMONE_r3_S-29-R_left_half,RIM-ONE,RIMONE_r3_S-29-R_left_half,1,Glaucoma,C:/Users/TRIPU/OneDrive/Documents/ML/end sem project/RIM-ONE_DL_images\RIM-ONE_DL_images\partitioned_by_hospital\training_set\glaucoma\r3_S-29-R_left_half.png,C:/Users/TRIPU/.gemini/antigravity/scratch/glaucoma_detection\data\processed\RIM-ONE\glaucoma\RIMONE_r3_S-29-R_left_half.png,external_test,-1,r3,partitioned_by_hospital/training_set,False,1.6089137116724752,1.1772402892212606,0.7594253948106232,0.3078867186151188,0.691659445308212,0.0860421772938424,0.18375656623664974,0.02052916056490162,0.03418792206858376,0.007437369010717497,0.9679110806606629,0.02340658307903128
RIMONE_r3_S-30-L_left_half,RIM-ONE,RIMONE_r3_S-30-L_left_half,1,Glaucoma,C:/Users/TRIPU/OneDrive/Documents/ML/end sem project/RIM-ONE_DL_images\RIM-ONE_DL_images\partitioned_by_hospital\training_set\glaucoma\r3_S-30-L_left_half.png,C:/Users/TRIPU/.gemini/antigravity/scratch/glaucoma_detection\data\processed\RIM-ONE\glaucoma\RIMONE_r3_S-30-L_left_half.png,external_test,-1,r3,partitioned_by_hospital/training_set,False,1.8959917075771096,1.3016384502504699,0.8598273162800153,0.33311610905373296,0.6580109195333942,0.0899720891796485,0.1512501999003973,0.02097578648736613,0.023316606588673707,0.006248955655782026,0.9199502955799795,0.054994656057865424
RIMONE_r3_S-31-L_left_half,RIM-ONE,RIMONE_r3_S-31-L_left_half,1,Glaucoma,C:/Users/TRIPU/OneDrive/Documents/ML/end sem project/RIM-ONE_DL_images\RIM-ONE_DL_images\partitioned_by_hospital\training_set\glaucoma\r3_S-31-L_left_half.png,C:/Users/TRIPU/.gemini/antigravity/scratch/glaucoma_detection\data\processed\RIM-ONE\glaucoma\RIMONE_r3_S-31-L_left_half.png,external_test,-1,r3,partitioned_by_hospital/training_set,False,2.1199539653983144,1.5713101814042383,0.9110718295179082,0.36349085804257397,0.6429076492245566,0.09201481224479058,0.13737587902931267,0.018289390018802223,0.01920663392633621,0.0049468147557443064,0.9588620972370626,0.030423958748919084
RIMONE_r3_S-32-L_left_half,RIM-ONE,RIMONE_r3_S-32-L_left_half,1,Glaucoma,C:/Users/TRIPU/OneDrive/Documents/ML/end sem project/RIM-ONE_DL_images\RIM-ONE_DL_images\partitioned_by_hospital\training_set\glaucoma\r3_S-32-L_left_half.png,C:/Users/TRIPU/.gemini/antigravity/scratch/glaucoma_detection\data\processed\RIM-ONE\glaucoma\RIMONE_r3_S-32-L_left_half.png,external_test,-1,r3,partitioned_by_hospital/training_set,False,2.3062269327233182,1.6751677631447217,0.9438099560591424,0.37836425358826586,0.6368287318196749,0.09446491070931211,0.14280255193747807,0.018732155340528082,0.020743462483557795,0.005283759042058725,0.9524643486338479,0.034529971051107604
RIMONE_r3_S-33-R_left_half,RIM-ONE,RIMONE_r3_S-33-R_left_half,1,Glaucoma,C:/Users/TRIPU/OneDrive/Documents/ML/end sem project/RIM-ONE_DL_images\RIM-ONE_DL_images\partitioned_by_hospital\training_set\glaucoma\r3_S-33-R_left_half.png,C:/Users/TRIPU/.gemini/antigravity/scratch/glaucoma_detection\data\processed\RIM-ONE\glaucoma\RIMONE_r3_S-33-R_left_half.png,external_test,-1,r3,partitioned_by_hospital/training_set,False,1.5737102106404495,1.0898927367013123,0.7752776844065621,0.3005686235811549,0.6808241550219368,0.08658662131549491,0.15059876882895865,0.01953478504067017,0.02306159699938332,0.005792790415935324,0.9652164476181779,0.024069640877185425
RIMONE_r3_S-35-R_left_half,RIM-ONE,RIMONE_r3_S-35-R_left_half,1,Glaucoma,C:/Users/TRIPU/OneDrive/Documents/ML/end sem project/RIM-ONE_DL_images\RIM-ONE_DL_images\partitioned_by_hospital\training_set\glaucoma\r3_S-35-R_left_half.png,C:/Users/TRIPU/.gemini/antigravity/scratch/glaucoma_detection\data\processed\RIM-ONE\glaucoma\RIMONE_r3_S-35-R_left_half.png,external_test,-1,r3,partitioned_by_hospital/training_set,False,0.8190838090767482,0.49704180072313237,0.5411564391154672,0.19667788241640305,0.7555252038139302,0.07095884795793313,0.20383574402172858,0.022710671888571867,0.04206478515852203,0.009096557324638453,0.9617053075223233,0.023119934492493277
RIMONE_r3_S-4-L_left_half,RIM-ONE,RIMONE_r3_S-4-L_left_half,1,Glaucoma,C:/Users/TRIPU/OneDrive/Documents/ML/end sem project/RIM-ONE_DL_images\RIM-ONE_DL_images\partitioned_by_hospital\training_set\glaucoma\r3_S-4-L_left_half.png,C:/Users/TRIPU/.gemini/antigravity/scratch/glaucoma_detection\data\processed\RIM-ONE\glaucoma\RIMONE_r3_S-4-L_left_half.png,external_test,-1,r3,partitioned_by_hospital/training_set,False,0.4384491329764775,0.16384282122683136,0.38183586270893244,0.09801540876377353,0.8146730681330162,0.04262586627209435,0.2907031358003867,0.01757085556151089,0.08481704812934156,0.010120381644280724,0.9728374178308566,0.010048020723470337
RIMONE_r3_S-6-R_left_half,RIM-ONE,RIMONE_r3_S-6-R_left_half,1,Glaucoma,C:/Users/TRIPU/OneDrive/Documents/ML/end sem project/RIM-ONE_DL_images\RIM-ONE_DL_images\partitioned_by_hospital\training_set\glaucoma\r3_S-6-R_left_half.png,C:/Users/TRIPU/.gemini/antigravity/scratch/glaucoma_detection\data\processed\RIM-ONE\glaucoma\RIMONE_r3_S-6-R_left_half.png,external_test,-1,r3,partitioned_by_hospital/training_set,False,0.32521887185539056,0.12016460009683103,0.28975056947241257,0.07892586257684225,0.8586364832911278,0.035423935710400846,0.3990690058491853,0.019563680146100926,0.15963880901031607,0.01545304845935605,0.9294912200330923,0.0259099612084514
RIMONE_r3_S-9-L_left_half,RIM-ONE,RIMONE_r3_S-9-L_left_half,1,Glaucoma,C:/Users/TRIPU/OneDrive/Documents/ML/end sem project/RIM-ONE_DL_images\RIM-ONE_DL_images\partitioned_by_hospital\training_set\glaucoma\r3_S-9-L_left_half.png,C:/Users/TRIPU/.gemini/antigravity/scratch/glaucoma_detection\data\processed\RIM-ONE\glaucoma\RIMONE_r3_S-9-L_left_half.png,external_test,-1,r3,partitioned_by_hospital/training_set,False,0.8757675281233078,0.5919137520268417,0.48646199744023916,0.18368089127795803,0.7899657849211931,0.05910384292317396,0.31554970406639155,0.0188891354851341,0.099928415175763,0.01178495143872558,0.969681050539483,0.020360664334277034
RIMONE_r2_Im034,RIM-ONE,RIMONE_r2_Im034,0,Normal,C:/Users/TRIPU/OneDrive/Documents/ML/end sem project/RIM-ONE_DL_images\RIM-ONE_DL_images\partitioned_by_hospital\training_set\normal\r2_Im034.png,C:/Users/TRIPU/.gemini/antigravity/scratch/glaucoma_detection\data\processed\RIM-ONE\normal\RIMONE_r2_Im034.png,external_test,-1,r2,partitioned_by_hospital/training_set,False,1.7415790506715538,1.2926880385910575,0.7965837254551742,0.33715179775230153,0.6801554331713731,0.09496182891432363,0.1614384791381096,0.023498983344414918,0.026614584764646936,0.007493336286345906,0.9306297447932189,0.05145755586088882
RIMONE_r2_Im036,RIM-ONE,RIMONE_r2_Im036,0,Normal,C:/Users/TRIPU/OneDrive/Documents/ML/end sem project/RIM-ONE_DL_images\RIM-ONE_DL_images\partitioned_by_hospital\training_set\normal\r2_Im036.png,C:/Users/TRIPU/.gemini/antigravity/scratch/glaucoma_detection\data\processed\RIM-ONE\normal\RIMONE_r2_Im036.png,external_test,-1,r2,partitioned_by_hospital/training_set,False,1.781395258058961,1.307537702840007,0.8234001297249685,0.33688102806787484,0.6692677359123694,0.09226703527867627,0.1456001735868848,0.02069676816593882,0.021627766761045608,0.005959313446277691,0.9459058056641682,0.039762497036726324
RIMONE_r2_Im038,RIM-ONE,RIMONE_r2_Im038,0,Normal,C:/Users/TRIPU/OneDrive/Documents/ML/end sem project/RIM-ONE_DL_images\RIM-ONE_DL_images\partitioned_by_hospital\training_set\normal\r2_Im038.png,C:/Users/TRIPU/.gemini/antigravity/scratch/glaucoma_detection\data\processed\RIM-ONE\normal\RIMONE_r2_Im038.png,external_test,-1,r2,partitioned_by_hospital/training_set,False,2.3046211093568614,1.6715191785938788,0.9410370301879564,0.38880207093037833,0.6407366892880443,0.09800057668780868,0.14187604997369058,0.021414685984466726,0.02058740233195046,0.005995220829843696,0.9157042098198613,0.06138969048689654
RIMONE_r2_Im040,RIM-ONE,RIMONE_r2_Im040,0,Normal,C:/Users/TRIPU/OneDrive/Documents/ML/end sem project/RIM-ONE_DL_images\RIM-ONE_DL_images\partitioned_by_hospital\training_set\normal\r2_Im040.png,C:/Users/TRIPU/.gemini/antigravity/scratch/glaucoma_detection\data\processed\RIM-ONE\normal\RIMONE_r2_Im040.png,external_test,-1,r2,partitioned_by_hospital/training_set,False,1.150906717241779,0.8193884283610571,0.6537079472019653,0.26697143269514234,0.7183600333653807,0.0857690239363262,0.1694444042889679,0.022419333512325054,0.02921403265998006,0.007481566761525981,0.957030809121547,0.03060218229111366
RIMONE_r2_Im042,RIM-ONE,RIMONE_r2_Im042,0,Normal,C:/Users/TRIPU/OneDrive/Documents/ML/end sem project/RIM-ONE_DL_images\RIM-ONE_DL_images\partitioned_by_hospital\training_set\normal\r2_Im042.png,C:/Users/TRIPU/.gemini/antigravity/scratch/glaucoma_detection\data\processed\RIM-ONE\normal\RIMONE_r2_Im042.png,external_test,-1,r2,partitioned_by_hospital/training_set,False,1.3453947885453337,0.9295551582074869,0.6870517544861684,0.27335971719896496,0.7130949672515633,0.08343895073492975,0.16145221582596264,0.020278429975664276,0.026478032717391135,0.006455324323852556,0.9662242386786906,0.02333598099834592
RIMONE_r2_Im044,RIM-ONE,RIMONE_r2_Im044,0,Normal,C:/Users/TRIPU/OneDrive/Documents/ML/end sem project/RIM-ONE_DL_images\RIM-ONE_DL_images\partitioned_by_hospital\training_set\normal\r2_Im044.png,C:/Users/TRIPU/.gemini/antigravity/scratch/glaucoma_detection\data\processed\RIM-ONE\normal\RIMONE_r2_Im044.png,external_test,-1,r2,partitioned_by_hospital/training_set,False,1.6971209138964702,1.2487857201881876,0.8017334535327473,0.33492048162237853,0.6764665711727275,0.09365005205911063,0.17816355060746422,0.025071229820531244,0.03237081732977235,0.008822727981484799,0.8789831176897395,0.0891957003627365
RIMONE_r2_Im046,RIM-ONE,RIMONE_r2_Im046,0,Normal,C:/Users/TRIPU/OneDrive/Documents/ML/end sem project/RIM-ONE_DL_images\RIM-ONE_DL_images\partitioned_by_hospital\training_set\normal\r2_Im046.png,C:/Users/TRIPU/.gemini/antigravity/scratch/glaucoma_detection\data\processed\RIM-ONE\normal\RIMONE_r2_Im046.png,external_test,-1,r2,partitioned_by_hospital/training_set,False,1.5954781750564901,1.194188081476592,0.7933387868520891,0.34762413872537623,0.6739643676201116,0.10286138250999477,0.17285685909611115,0.02674663596048464,0.03059487627177551,0.009112064880081762,0.9011775212617139,0.07405858739672824
RIMONE_r2_Im048,RIM-ONE,RIMONE_r2_Im048,0,Normal,C:/Users/TRIPU/OneDrive/Documents/ML/end sem project/RIM-ONE_DL_images\RIM-ONE_DL_images\partitioned_by_hospital\training_set\normal\r2_Im048.png,C:/Users/TRIPU/.gemini/antigravity/scratch/glaucoma_detection\data\processed\RIM-ONE\normal\RIMONE_r2_Im048.png,external_test,-1,r2,partitioned_by_hospital/training_set,False,0.9975985573365992,0.6604292394788857,0.6061342670052036,0.22874489928694208,0.7331455235770545,0.07628746744800831,0.18909337450805377,0.0215553460532561,0.03622093722631871,0.008048374032595085,0.9639188957492723,0.02389062340148486
RIMONE_r2_Im050,RIM-ONE,RIMONE_r2_Im050,0,Normal,C:/Users/TRIPU/OneDrive/Documents/ML/end sem project/RIM-ONE_DL_images\RIM-ONE_DL_images\partitioned_by_hospital\training_set\normal\r2_Im050.png,C:/Users/TRIPU/.gemini/antigravity/scratch/glaucoma_detection\data\processed\RIM-ONE\normal\RIMONE_r2_Im050.png,external_test,-1,r2,partitioned_by_hospital/training_set,False,1.6940524461452533,1.1932066655801077,0.79738690844554,0.31802244623674547,0.6772279692761879,0.090314297104299,0.15385735230017908,0.021512202573980056,0.024134859716405364,0.006533920027207912,0.9354661909234628,0.04554117446898735
RIMONE_r2_Im052,RIM-ONE,RIMONE_r2_Im052,0,Normal,C:/Users/TRIPU/OneDrive/Documents/ML/end sem project/RIM-ONE_DL_images\RIM-ONE_DL_images\partitioned_by_hospital\training_set\normal\r2_Im052.png,C:/Users/TRIPU/.gemini/antigravity/scratch/glaucoma_detection\data\processed\RIM-ONE\normal\RIMONE_r2_Im052.png,external_test,-1,r2,partitioned_by_hospital/training_set,False,1.4689990845459302,1.1133078690194917,0.7221415387648463,0.311650079328488,0.7024146905771111,0.09193773543057136,0.15285010158791396,0.022140310601903558,0.023853346908984385,0.006652541375233564,0.9563700323537403,0.03311084772924599
RIMONE_r2_Im054,RIM-ONE,RIMONE_r2_Im054,0,Normal,C:/Users/TRIPU/OneDrive/Documents/ML/end sem project/RIM-ONE_DL_images\RIM-ONE_DL_images\partitioned_by_hospital\training_set\normal\r2_Im054.png,C:/Users/TRIPU/.gemini/antigravity/scratch/glaucoma_detection\data\processed\RIM-ONE\normal\RIMONE_r2_Im054.png,external_test,-1,r2,partitioned_by_hospital/training_set,False,1.6429354510451566,1.1959434738211325,0.7599925478768043,0.3065770068510638,0.692525961061918,0.08595813982645968,0.1631377746391773,0.021080229337783495,0.02705830958315655,0.006789827040290762,0.9515336612517524,0.03539731129306546
RIMONE_r2_Im056,RIM-ONE,RIMONE_r2_Im056,0,Normal,C:/Users/TRIPU/OneDrive/Documents/ML/end sem project/RIM-ONE_DL_images\RIM-ONE_DL_images\partitioned_by_hospital\training_set\normal\r2_Im056.png,C:/Users/TRIPU/.gemini/antigravity/scratch/glaucoma_detection\data\processed\RIM-ONE\normal\RIMONE_r2_Im056.png,external_test,-1,r2,partitioned_by_hospital/training_set,False,1.1026928699013332,0.8483673050054297,0.6102313070423401,0.2581715624671642,0.7371647348202033,0.0822395305980559,0.1784827575612551,0.02251061126538754,0.032362822366211165,0.007920801504103467,0.9564551158175417,0.03361302089562376
RIMONE_r2_Im058,RIM-ONE,RIMONE_r2_Im058,0,Normal,C:/Users/TRIPU/OneDrive/Documents/ML/end sem project/RIM-ONE_DL_images\RIM-ONE_DL_images\partitioned_by_hospital\training_set\normal\r2_Im058.png,C:/Users/TRIPU/.gemini/antigravity/scratch/glaucoma_detection\data\processed\RIM-ONE\normal\RIMONE_r2_Im058.png,external_test,-1,r2,partitioned_by_hospital/training_set,False,0.935608069867814,0.6015325935756365,0.5777639278067962,0.21699353484910533,0.7440317453921899,0.0745077767901839,0.19860302591937173,0.023555125774947727,0.039998005854604265,0.009220029267811755,0.9341810932133335,0.04240748243905942
RIMONE_r2_Im060,RIM-ONE,RIMONE_r2_Im060,0,Normal,C:/Users/TRIPU/OneDrive/Documents/ML/end sem project/RIM-ONE_DL_images\RIM-ONE_DL_images\partitioned_by_hospital\training_set\normal\r2_Im060.png,C:/Users/TRIPU/.gemini/antigravity/scratch/glaucoma_detection\data\processed\RIM-ONE\normal\RIMONE_r2_Im060.png,external_test,-1,r2,partitioned_by_hospital/training_set,False,1.7253827096438474,1.2338977115789262,0.8020591281452089,0.3237076345510348,0.6771411241909456,0.09029248099639492,0.1671267947450629,0.022509059233878966,0.028438023269352658,0.007428983732760734,0.9272712421558227,0.05225742190782549
RIMONE_r2_Im062,RIM-ONE,RIMONE_r2_Im062,0,Normal,C:/Users/TRIPU/OneDrive/Documents/ML/end sem project/RIM-ONE_DL_images\RIM-ONE_DL_images\partitioned_by_hospital\training_set\normal\r2_Im062.png,C:/Users/TRIPU/.gemini/antigravity/scratch/glaucoma_detection\data\processed\RIM-ONE\normal\RIMONE_r2_Im062.png,external_test,-1,r2,partitioned_by_hospital/training_set,False,1.3627151115266827,0.9258182212791267,0.7140117270588102,0.273896892966511,0.700194632353146,0.08273421446865396,0.1719490855312581,0.02212512241982318,0.030056009057128085,0.007504429131041586,0.9378281109883067,0.04219955927859545
RIMONE_r2_Im064,RIM-ONE,RIMONE_r2_Im064,0,Normal,C:/Users/TRIPU/OneDrive/Documents/ML/end sem project/RIM-ONE_DL_images\RIM-ONE_DL_images\partitioned_by_hospital\training_set\normal\r2_Im064.png,C:/Users/TRIPU/.gemini/antigravity/scratch/glaucoma_detection\data\processed\RIM-ONE\normal\RIMONE_r2_Im064.png,external_test,-1,r2,partitioned_by_hospital/training_set,False,1.7826686492336155,1.2625965165904336,0.843564563326814,0.3411969734933362,0.6598288483214868,0.09522744210480708,0.1461021727116417,0.02159684905668637,0.021812268760239683,0.006224311564884751,0.9371080484618542,0.04456583190622981
RIMONE_r2_Im066,RIM-ONE,RIMONE_r2_Im066,0,Normal,C:/Users/TRIPU/OneDrive/Documents/ML/end sem project/RIM-ONE_DL_images\RIM-ONE_DL_images\partitioned_by_hospital\training_set\normal\r2_Im066.png,C:/Users/TRIPU/.gemini/antigravity/scratch/glaucoma_detection\data\processed\RIM-ONE\normal\RIMONE_r2_Im066.png,external_test,-1,r2,partitioned_by_hospital/training_set,False,0.8852249725397273,0.5476415776450508,0.5871821481573842,0.21939546590002368,0.7347460310350243,0.07933555067682195,0.1824470653162115,0.02304401868677667,0.03381795843973445,0.008268024807622731,0.9555733991612904,0.0275003159386536
RIMONE_r2_Im068,RIM-ONE,RIMONE_r2_Im068,0,Normal,C:/Users/TRIPU/OneDrive/Documents/ML/end sem project/RIM-ONE_DL_images\RIM-ONE_DL_images\partitioned_by_hospital\training_set\normal\r2_Im068.png,C:/Users/TRIPU/.gemini/antigravity/scratch/glaucoma_detection\data\processed\RIM-ONE\normal\RIMONE_r2_Im068.png,external_test,-1,r2,partitioned_by_hospital/training_set,False,1.4389769951737763,0.9706358830712734,0.7467455872263139,0.28649853221153343,0.687243755556401,0.08660820960691876,0.16062831080796017,0.021871424503204652,0.026279813442818035,0.006936609164626522,0.9400415034408874,0.04034304665427241
RIMONE_r2_Im070,RIM-ONE,RIMONE_r2_Im070,0,Normal,C:/Users/TRIPU/OneDrive/Documents/ML/end sem project/RIM-ONE_DL_images\RIM-ONE_DL_images\partitioned_by_hospital\training_set\normal\r2_Im070.png,C:/Users/TRIPU/.gemini/antigravity/scratch/glaucoma_detection\data\processed\RIM-ONE\normal\RIMONE_r2_Im070.png,external_test,-1,r2,partitioned_by_hospital/training_set,False,1.667894470567191,1.1793955524900204,0.8038696119658116,0.3224059587694451,0.6730477424780789,0.09127128825486491,0.1570755872542899,0.022112991823273167,0.025161724518656187,0.006861840585419153,0.9351947725588993,0.045871112534198275
RIMONE_r2_Im072,RIM-ONE,RIMONE_r2_Im072,0,Normal,C:/Users/TRIPU/OneDrive/Documents/ML/end sem project/RIM-ONE_DL_images\RIM-ONE_DL_images\partitioned_by_hospital\training_set\normal\r2_Im072.png,C:/Users/TRIPU/.gemini/antigravity/scratch/glaucoma_detection\data\processed\RIM-ONE\normal\RIMONE_r2_Im072.png,external_test,-1,r2,partitioned_by_hospital/training_set,False,1.366529603455259,1.0138416816018836,0.7114095206745578,0.30210750164941746,0.7018945728844129,0.09151193168093388,0.16524832022425504,0.0232821832287814,0.027849067392836487,0.007563215184609439,0.9499691125160927,0.0371224225165791
RIMONE_r2_Im074,RIM-ONE,RIMONE_r2_Im074,0,Normal,C:/Users/TRIPU/OneDrive/Documents/ML/end sem project/RIM-ONE_DL_images\RIM-ONE_DL_images\partitioned_by_hospital\training_set\normal\r2_Im074.png,C:/Users/TRIPU/.gemini/antigravity/scratch/glaucoma_detection\data\processed\RIM-ONE\normal\RIMONE_r2_Im074.png,external_test,-1,r2,partitioned_by_hospital/training_set,False,1.0872614421071052,0.8129593307094212,0.6241007935439147,0.27669591131638643,0.7303439268891642,0.09131199095781597,0.17557199360902853,0.025514878112838705,0.03147653394496178,0.008771188523311949,0.9486622307610991,0.0385704856412431
RIMONE_r2_Im076,RIM-ONE,RIMONE_r2_Im076,0,Normal,C:/Users/TRIPU/OneDrive/Documents/ML/end sem project/RIM-ONE_DL_images\RIM-ONE_DL_images\partitioned_by_hospital\training_set\normal\r2_Im076.png,C:/Users/TRIPU/.gemini/antigravity/scratch/glaucoma_detection\data\processed\RIM-ONE\normal\RIMONE_r2_Im076.png,external_test,-1,r2,partitioned_by_hospital/training_set,False,1.250932699608901,0.8465331157646812,0.6722296964328799,0.2609649531461731,0.7149891179681797,0.08137925917691785,0.17701170683358214,0.022925644085236695,0.03185872951286097,0.008013025850948725,0.9330727284152315,0.045293341683504074
RIMONE_r2_Im078,RIM-ONE,RIMONE_r2_Im078,0,Normal,C:/Users/TRIPU/OneDrive/Documents/ML/end sem project/RIM-ONE_DL_images\RIM-ONE_DL_images\partitioned_by_hospital\training_set\normal\r2_Im078.png,C:/Users/TRIPU/.gemini/antigravity/scratch/glaucoma_detection\data\processed\RIM-ONE\normal\RIMONE_r2_Im078.png,external_test,-1,r2,partitioned_by_hospital/training_set,False,1.9286475889422483,1.418054145935905,0.843355280461612,0.33508266660576164,0.6655752303381522,0.08826163466470573,0.15326220640121455,0.020341966765133015,0.023903099522842267,0.006177091319122945,0.9393953451616311,0.04457596985000429
RIMONE_r2_Im080,RIM-ONE,RIMONE_r2_Im080,0,Normal,C:/Users/TRIPU/OneDrive/Documents/ML/end sem project/RIM-ONE_DL_images\RIM-ONE_DL_images\partitioned_by_hospital\training_set\normal\r2_Im080.png,C:/Users/TRIPU/.gemini/antigravity/scratch/glaucoma_detection\data\processed\RIM-ONE\normal\RIMONE_r2_Im080.png,external_test,-1,r2,partitioned_by_hospital/training_set,False,1.4381472666489994,1.0523264616667287,0.7259511846009256,0.3011391675700565,0.6989464256640572,0.089246257830095,0.17081716436317798,0.023039961056673833,0.029709343446570016,0.007757710629012053,0.947053420751509,0.03860578488372157
RIMONE_r2_Im082,RIM-ONE,RIMONE_r2_Im082,0,Normal,C:/Users/TRIPU/OneDrive/Documents/ML/end sem project/RIM-ONE_DL_images\RIM-ONE_DL_images\partitioned_by_hospital\training_set\normal\r2_Im082.png,C:/Users/TRIPU/.gemini/antigravity/scratch/glaucoma_detection\data\processed\RIM-ONE\normal\RIMONE_r2_Im082.png,external_test,-1,r2,partitioned_by_hospital/training_set,False,1.1512308999627876,0.7960139518200638,0.6540635678513806,0.26116628637489564,0.7175316712418628,0.08481552187357418,0.1741552591996148,0.02159008977526579,0.03079618628338905,0.007416192112701177,0.9690843350320577,0.021336898758295832
RIMONE_r2_Im084,RIM-ONE,RIMONE_r2_Im084,0,Normal,C:/Users/TRIPU/OneDrive/Documents/ML/end sem project/RIM-ONE_DL_images\RIM-ONE_DL_images\partitioned_by_hospital\training_set\normal\r2_Im084.png,C:/Users/TRIPU/.gemini/antigravity/scratch/glaucoma_detection\data\processed\RIM-ONE\normal\RIMONE_r2_Im084.png,external_test,-1,r2,partitioned_by_hospital/training_set,False,1.0341536147884856,0.7071285460332152,0.6051498655535491,0.23665436270348586,0.7366537525676341,0.07754516477950933,0.18859903936026048,0.02132819200435646,0.03602448942178777,0.007930346426775958,0.9662731152524001,0.023060036230419696
RIMONE_r2_Im086,RIM-ONE,RIMONE_r2_Im086,0,Normal,C:/Users/TRIPU/OneDrive/Documents/ML/end sem project/RIM-ONE_DL_images\RIM-ONE_DL_images\partitioned_by_hospital\training_set\normal\r2_Im086.png,C:/Users/TRIPU/.gemini/antigravity/scratch/glaucoma_detection\data\processed\RIM-ONE\normal\RIMONE_r2_Im086.png,external_test,-1,r2,partitioned_by_hospital/training_set,False,2.173321789521047,1.5732150455234672,0.9160262036145085,0.36674699516176473,0.6453687737174886,0.09274612655666245,0.13629682254835138,0.019353285271055672,0.018951373487559642,0.0052181332110064725,0.9447296926029257,0.04001501502130935
RIMONE_r2_Im088,RIM-ONE,RIMONE_r2_Im088,0,Normal,C:/Users/TRIPU/OneDrive/Documents/ML/end sem project/RIM-ONE_DL_images\RIM-ONE_DL_images\partitioned_by_hospital\training_set\normal\r2_Im088.png,C:/Users/TRIPU/.gemini/antigravity/scratch/glaucoma_detection\data\processed\RIM-ONE\normal\RIMONE_r2_Im088.png,external_test,-1,r2,partitioned_by_hospital/training_set,False,1.2312591944885816,0.8858103273546185,0.6696982623845863,0.2763825703203266,0.7145491682900031,0.08746312351562387,0.1726151678068737,0.023154151952607546,0.030332110909639595,0.007859510838681987,0.9447833880836187,0.0397950019537665
RIMONE_r2_Im090,RIM-ONE,RIMONE_r2_Im090,0,Normal,C:/Users/TRIPU/OneDrive/Documents/ML/end sem project/RIM-ONE_DL_images\RIM-ONE_DL_images\partitioned_by_hospital\training_set\normal\r2_Im090.png,C:/Users/TRIPU/.gemini/antigravity/scratch/glaucoma_detection\data\processed\RIM-ONE\normal\RIMONE_r2_Im090.png,external_test,-1,r2,partitioned_by_hospital/training_set,False,1.8038894614432863,1.3254721283476572,0.8192499494798163,0.33956956486164813,0.6733160539953565,0.0925439952343175,0.14183439601600314,0.020122751766401402,0.02052192103187662,0.00563529350865668,0.9514447494784507,0.03577979673035092
RIMONE_r2_Im092,RIM-ONE,RIMONE_r2_Im092,0,Normal,C:/Users/TRIPU/OneDrive/Documents/ML/end sem project/RIM-ONE_DL_images\RIM-ONE_DL_images\partitioned_by_hospital\training_set\normal\r2_Im092.png,C:/Users/TRIPU/.gemini/antigravity/scratch/glaucoma_detection\data\processed\RIM-ONE\normal\RIMONE_r2_Im092.png,external_test,-1,r2,partitioned_by_hospital/training_set,False,1.0728282355136478,0.6794000163207665,0.643494440124049,0.23900375632472526,0.7177937289737787,0.0805946004922779,0.18699391071230656,0.023200130152207055,0.03550496868256144,0.008576769155038442,0.9317715278333747,0.043250631788011945
RIMONE_r2_Im094,RIM-ONE,RIMONE_r2_Im094,0,Normal,C:/Users/TRIPU/OneDrive/Documents/ML/end sem project/RIM-ONE_DL_images\RIM-ONE_DL_images\partitioned_by_hospital\training_set\normal\r2_Im094.png,C:/Users/TRIPU/.gemini/antigravity/scratch/glaucoma_detection\data\processed\RIM-ONE\normal\RIMONE_r2_Im094.png,external_test,-1,r2,partitioned_by_hospital/training_set,False,1.3163219762737168,0.8705379195993594,0.7124711735056196,0.26790695016033156,0.6973316302103655,0.0833912793448614,0.17226278640865036,0.021221936670641955,0.03012483817732504,0.007226872740503014,0.9503059206306559,0.032801125155632556
RIMONE_r2_Im096,RIM-ONE,RIMONE_r2_Im096,0,Normal,C:/Users/TRIPU/OneDrive/Documents/ML/end sem project/RIM-ONE_DL_images\RIM-ONE_DL_images\partitioned_by_hospital\training_set\normal\r2_Im096.png,C:/Users/TRIPU/.gemini/antigravity/scratch/glaucoma_detection\data\processed\RIM-ONE\normal\RIMONE_r2_Im096.png,external_test,-1,r2,partitioned_by_hospital/training_set,False,2.1273193130249557,1.5760358201124955,0.910434917063686,0.3735569514748871,0.6455507361742681,0.09608049101936555,0.14387143082677906,0.021199854002491303,0.021148422417871616,0.006024069335180745,0.9207364064842448,0.05876468529350286
RIMONE_r2_Im098,RIM-ONE,RIMONE_r2_Im098,0,Normal,C:/Users/TRIPU/OneDrive/Documents/ML/end sem project/RIM-ONE_DL_images\RIM-ONE_DL_images\partitioned_by_hospital\training_set\normal\r2_Im098.png,C:/Users/TRIPU/.gemini/antigravity/scratch/glaucoma_detection\data\processed\RIM-ONE\normal\RIMONE_r2_Im098.png,external_test,-1,r2,partitioned_by_hospital/training_set,False,1.9306502287426517,1.5021118691819713,0.8440231314023211,0.3582089029774014,0.6667409387867648,0.09411018276701488,0.14827608712112542,0.02036624296690691,0.022400581864538655,0.005959704196233305,0.9616134977309594,0.02992445674054522
RIMONE_r2_Im100,RIM-ONE,RIMONE_r2_Im100,0,Normal,C:/Users/TRIPU/OneDrive/Documents/ML/end sem project/RIM-ONE_DL_images\RIM-ONE_DL_images\partitioned_by_hospital\training_set\normal\r2_Im100.png,C:/Users/TRIPU/.gemini/antigravity/scratch/glaucoma_detection\data\processed\RIM-ONE\normal\RIMONE_r2_Im100.png,external_test,-1,r2,partitioned_by_hospital/training_set,False,1.5588622350243442,1.0687250490288438,0.783875014734822,0.3016582552688062,0.675456687391334,0.08868106325674156,0.15834279196292936,0.020936590896899237,0.025510780604999648,0.006552032547645122,0.9498446275312958,0.034390165480364776
RIMONE_r2_Im102,RIM-ONE,RIMONE_r2_Im102,0,Normal,C:/Users/TRIPU/OneDrive/Documents/ML/end sem project/RIM-ONE_DL_images\RIM-ONE_DL_images\partitioned_by_hospital\training_set\normal\r2_Im102.png,C:/Users/TRIPU/.gemini/antigravity/scratch/glaucoma_detection\data\processed\RIM-ONE\normal\RIMONE_r2_Im102.png,external_test,-1,r2,partitioned_by_hospital/training_set,False,1.220601229167092,0.8709129996752507,0.6613315558804267,0.272897929786112,0.7193979829579558,0.08528085964233575,0.18589755352708934,0.025000798690814393,0.03518294034253567,0.009147463850743966,0.9209053332459846,0.05650055497704143
RIMONE_r2_Im104,RIM-ONE,RIMONE_r2_Im104,0,Normal,C:/Users/TRIPU/OneDrive/Documents/ML/end sem project/RIM-ONE_DL_images\RIM-ONE_DL_images\partitioned_by_hospital\training_set\normal\r2_Im104.png,C:/Users/TRIPU/.gemini/antigravity/scratch/glaucoma_detection\data\processed\RIM-ONE\normal\RIMONE_r2_Im104.png,external_test,-1,r2,partitioned_by_hospital/training_set,False,1.7394484260081697,1.2052614717037358,0.8228467598756505,0.3271793450654838,0.6672843562247097,0.09285210514051463,0.15803231670998574,0.022348614871798424,0.02547367371141321,0.0069763610267839235,0.9276308608004501,0.050214237414297876
RIMONE_r2_Im106,RIM-ONE,RIMONE_r2_Im106,0,Normal,C:/Users/TRIPU/OneDrive/Documents/ML/end sem project/RIM-ONE_DL_images\RIM-ONE_DL_images\partitioned_by_hospital\training_set\normal\r2_Im106.png,C:/Users/TRIPU/.gemini/antigravity/scratch/glaucoma_detection\data\processed\RIM-ONE\normal\RIMONE_r2_Im106.png,external_test,-1,r2,partitioned_by_hospital/training_set,False,1.304523806198948,0.9195853835779676,0.6919631733202181,0.28292388236194166,0.708592162867888,0.08736153815485845,0.16257226610302342,0.021670144985277164,0.02689933688955519,0.006929429557189676,0.9600744336951145,0.02821275043467972
RIMONE_r2_Im108,RIM-ONE,RIMONE_r2_Im108,0,Normal,C:/Users/TRIPU/OneDrive/Documents/ML/end sem project/RIM-ONE_DL_images\RIM-ONE_DL_images\partitioned_by_hospital\training_set\normal\r2_Im108.png,C:/Users/TRIPU/.gemini/antigravity/scratch/glaucoma_detection\data\processed\RIM-ONE\normal\RIMONE_r2_Im108.png,external_test,-1,r2,partitioned_by_hospital/training_set,False,1.7490402403920136,1.3119444565183334,0.7901269650823896,0.3291425111586605,0.6840710980392203,0.08982926253948656,0.15704582913340473,0.022111739233668187,0.0251523214601363,0.006845094527430419,0.9275297728322663,0.05434796695899403
RIMONE_r2_Im110,RIM-ONE,RIMONE_r2_Im110,0,Normal,C:/Users/TRIPU/OneDrive/Documents/ML/end sem project/RIM-ONE_DL_images\RIM-ONE_DL_images\partitioned_by_hospital\training_set\normal\r2_Im110.png,C:/Users/TRIPU/.gemini/antigravity/scratch/glaucoma_detection\data\processed\RIM-ONE\normal\RIMONE_r2_Im110.png,external_test,-1,r2,partitioned_by_hospital/training_set,False,1.3737871376433304,0.955489440590971,0.7301033647044771,0.29758926343706793,0.6930363714008339,0.09186797482264536,0.16440640839011236,0.02370993715511644,0.027591628239635985,0.007671850664394334,0.9411783964581857,0.04088076994607124
RIMONE_r2_Im112,RIM-ONE,RIMONE_r2_Im112,0,Normal,C:/Users/TRIPU/OneDrive/Documents/ML/end sem project/RIM-ONE_DL_images\RIM-ONE_DL_images\partitioned_by_hospital\training_set\normal\r2_Im112.png,C:/Users/TRIPU/.gemini/antigravity/scratch/glaucoma_detection\data\processed\RIM-ONE\normal\RIMONE_r2_Im112.png,external_test,-1,r2,partitioned_by_hospital/training_set,False,0.8188435107928934,0.49010230012776984,0.5356548505412011,0.19240448262170698,0.7584953085904922,0.06953021323083758,0.21847172389726224,0.023871880628566825,0.048299760827386136,0.01031959942651611,0.9340619781375463,0.039490427236399714
RIMONE_r2_Im114,RIM-ONE,RIMONE_r2_Im114,0,Normal,C:/Users/TRIPU/OneDrive/Documents/ML/end sem project/RIM-ONE_DL_images\RIM-ONE_DL_images\partitioned_by_hospital\training_set\normal\r2_Im114.png,C:/Users/TRIPU/.gemini/antigravity/scratch/glaucoma_detection\data\processed\RIM-ONE\normal\RIMONE_r2_Im114.png,external_test,-1,r2,partitioned_by_hospital/training_set,False,1.0038802541375824,0.6512888820202193,0.6175496589202136,0.2326452610319695,0.727195277003161,0.07859593282631248,0.18916098354061425,0.02325074978760974,0.036322475059738575,0.008669620511880508,0.9383821618974366,0.039953941812709386
RIMONE_r2_Im116,RIM-ONE,RIMONE_r2_Im116,0,Normal,C:/Users/TRIPU/OneDrive/Documents/ML/end sem project/RIM-ONE_DL_images\RIM-ONE_DL_images\partitioned_by_hospital\training_set\normal\r2_Im116.png,C:/Users/TRIPU/.gemini/antigravity/scratch/glaucoma_detection\data\processed\RIM-ONE\normal\RIMONE_r2_Im116.png,external_test,-1,r2,partitioned_by_hospital/training_set,False,1.2017392622820637,0.8123857423408983,0.6555166350083049,0.2604474715184896,0.7215613252270167,0.08258397298379246,0.2081514676310987,0.026849102294847625,0.04404790777101953,0.011054756002864917,0.8805059840137854,0.08073809758879247
RIMONE_r2_Im118,RIM-ONE,RIMONE_r2_Im118,0,Normal,C:/Users/TRIPU/OneDrive/Documents/ML/end sem project/RIM-ONE_DL_images\RIM-ONE_DL_images\partitioned_by_hospital\training_set\normal\r2_Im118.png,C:/Users/TRIPU/.gemini/antigravity/scratch/glaucoma_detection\data\processed\RIM-ONE\normal\RIMONE_r2_Im118.png,external_test,-1,r2,partitioned_by_hospital/training_set,False,1.3264069026709309,0.9300762972953669,0.7039419496296951,0.27313236292146614,0.7028143679685588,0.08221706621342766,0.18221885570976684,0.022959754795685086,0.03373086171645482,0.008262250686324565,0.9100027046372902,0.06297944434274247
RIMONE_r2_Im120,RIM-ONE,RIMONE_r2_Im120,0,Normal,C:/Users/TRIPU/OneDrive/Documents/ML/end sem project/RIM-ONE_DL_images\RIM-ONE_DL_images\partitioned_by_hospital\training_set\normal\r2_Im120.png,C:/Users/TRIPU/.gemini/antigravity/scratch/glaucoma_detection\data\processed\RIM-ONE\normal\RIMONE_r2_Im120.png,external_test,-1,r2,partitioned_by_hospital/training_set,False,1.8778938654931554,1.309550160412284,0.8531499153142533,0.33790627713180543,0.6596273029860625,0.09304880223180415,0.16349918265204122,0.02307952315737782,0.027264647117057488,0.007455921298857866,0.890676811849477,0.07629066160448995
RIMONE_r2_Im122,RIM-ONE,RIMONE_r2_Im122,0,Normal,C:/Users/TRIPU/OneDrive/Documents/ML/end sem project/RIM-ONE_DL_images\RIM-ONE_DL_images\partitioned_by_hospital\training_set\normal\r2_Im122.png,C:/Users/TRIPU/.gemini/antigravity/scratch/glaucoma_detection\data\processed\RIM-ONE\normal\RIMONE_r2_Im122.png,external_test,-1,r2,partitioned_by_hospital/training_set,False,2.3976578051855455,1.7674396068264122,0.9515784113734904,0.3918992505969535,0.6395291018205281,0.09616185783667021,0.1401735930222705,0.020771924687641604,0.02008010903600218,0.005756937542807809,0.9194530522627412,0.05944161686647409
RIMONE_r2_Im124,RIM-ONE,RIMONE_r2_Im124,0,Normal,C:/Users/TRIPU/OneDrive/Documents/ML/end sem project/RIM-ONE_DL_images\RIM-ONE_DL_images\partitioned_by_hospital\training_set\normal\r2_Im124.png,C:/Users/TRIPU/.gemini/antigravity/scratch/glaucoma_detection\data\processed\RIM-ONE\normal\RIMONE_r2_Im124.png,external_test,-1,r2,partitioned_by_hospital/training_set,False,1.469539073805735,1.0938071192039696,0.7342128939987108,0.30863453048173123,0.6967343941876578,0.09041893312042977,0.15837382092221877,0.021884836677047336,0.025561213229884056,0.006833323936854195,0.9541544233377707,0.03416560725271154
RIMONE_r2_Im126,RIM-ONE,RIMONE_r2_Im126,0,Normal,C:/Users/TRIPU/OneDrive/Documents/ML/end sem project/RIM-ONE_DL_images\RIM-ONE_DL_images\partitioned_by_hospital\training_set\normal\r2_Im126.png,C:/Users/TRIPU/.gemini/antigravity/scratch/glaucoma_detection\data\processed\RIM-ONE\normal\RIMONE_r2_Im126.png,external_test,-1,r2,partitioned_by_hospital/training_set,False,0.678254358505499,0.39531482211168256,0.4915958188024101,0.17888271514750606,0.7722920044885145,0.06898176948184283,0.21116646744585402,0.023991807104016296,0.04516688378167725,0.009992914137427132,0.957636164544749,0.02469267561842983
RIMONE_r2_Im128,RIM-ONE,RIMONE_r2_Im128,0,Normal,C:/Users/TRIPU/OneDrive/Documents/ML/end sem project/RIM-ONE_DL_images\RIM-ONE_DL_images\partitioned_by_hospital\training_set\normal\r2_Im128.png,C:/Users/TRIPU/.gemini/antigravity/scratch/glaucoma_detection\data\processed\RIM-ONE\normal\RIMONE_r2_Im128.png,external_test,-1,r2,partitioned_by_hospital/training_set,False,1.9031374984221738,1.4864330168813653,0.8203381656961657,0.3583174221527193,0.6780158205825031,0.09491328688814771,0.1501141016685977,0.02169965222517539,0.023005118426463647,0.006413393480982415,0.9421494308087514,0.045185093035033284
RIMONE_r2_Im130,RIM-ONE,RIMONE_r2_Im130,0,Normal,C:/Users/TRIPU/OneDrive/Documents/ML/end sem project/RIM-ONE_DL_images\RIM-ONE_DL_images\partitioned_by_hospital\training_set\normal\r2_Im130.png,C:/Users/TRIPU/.gemini/antigravity/scratch/glaucoma_detection\data\processed\RIM-ONE\normal\RIMONE_r2_Im130.png,external_test,-1,r2,partitioned_by_hospital/training_set,False,2.1382576841981957,1.4774812525705818,0.9418697667911551,0.37076135769483065,0.630590397153061,0.09802886374247521,0.14130432194214684,0.021108569227076917,0.020412483094344184,0.005898662884818708,0.9208194581463389,0.05466879580591183
RIMONE_r2_Im132,RIM-ONE,RIMONE_r2_Im132,0,Normal,C:/Users/TRIPU/OneDrive/Documents/ML/end sem project/RIM-ONE_DL_images\RIM-ONE_DL_images\partitioned_by_hospital\training_set\normal\r2_Im132.png,C:/Users/TRIPU/.gemini/antigravity/scratch/glaucoma_detection\data\processed\RIM-ONE\normal\RIMONE_r2_Im132.png,external_test,-1,r2,partitioned_by_hospital/training_set,False,1.967065331121671,1.4844159295073671,0.8598036105641063,0.36403898197832196,0.66216995403837,0.0960453058991047,0.1712250059851684,0.024585188394633653,0.029922434163020584,0.00832201665609456,0.8788757520209628,0.09146261476221217
RIMONE_r2_Im134,RIM-ONE,RIMONE_r2_Im134,0,Normal,C:/Users/TRIPU/OneDrive/Documents/ML/end sem project/RIM-ONE_DL_images\RIM-ONE_DL_images\partitioned_by_hospital\training_set\normal\r2_Im134.png,C:/Users/TRIPU/.gemini/antigravity/scratch/glaucoma_detection\data\processed\RIM-ONE\normal\RIMONE_r2_Im134.png,external_test,-1,r2,partitioned_by_hospital/training_set,False,1.0447536805865725,0.7153855402759711,0.6115149111215558,0.24091718567945808,0.7336887552454924,0.079013850406441,0.18778290920594462,0.023189074569331378,0.035800154169230054,0.00856866081929059,0.9473045034451731,0.03615658849563364
RIMONE_r2_Im136,RIM-ONE,RIMONE_r2_Im136,0,Normal,C:/Users/TRIPU/OneDrive/Documents/ML/end sem project/RIM-ONE_DL_images\RIM-ONE_DL_images\partitioned_by_hospital\training_set\normal\r2_Im136.png,C:/Users/TRIPU/.gemini/antigravity/scratch/glaucoma_detection\data\processed\RIM-ONE\normal\RIMONE_r2_Im136.png,external_test,-1,r2,partitioned_by_hospital/training_set,False,1.537534970914212,1.079996388476884,0.768471075260368,0.30480415395026683,0.6822886887780015,0.08953275434107383,0.17400184448608172,0.023557193110677607,0.030831583231812332,0.00809974183992499,0.906253156055854,0.06588240618564509
RIMONE_r2_Im138,RIM-ONE,RIMONE_r2_Im138,0,Normal,C:/Users/TRIPU/OneDrive/Documents/ML/end sem project/RIM-ONE_DL_images\RIM-ONE_DL_images\partitioned_by_hospital\training_set\normal\r2_Im138.png,C:/Users/TRIPU/.gemini/antigravity/scratch/glaucoma_detection\data\processed\RIM-ONE\normal\RIMONE_r2_Im138.png,external_test,-1,r2,partitioned_by_hospital/training_set,False,1.1912295541293239,0.8098649649394427,0.6681609562230978,0.26169703808892314,0.713295537274477,0.08342596565786585,0.17712615813016697,0.022842199990488265,0.03189544199435836,0.007967891691334258,0.9441569382673284,0.03789727742107085
RIMONE_r2_Im140,RIM-ONE,RIMONE_r2_Im140,0,Normal,C:/Users/TRIPU/OneDrive/Documents/ML/end sem project/RIM-ONE_DL_images\RIM-ONE_DL_images\partitioned_by_hospital\training_set\normal\r2_Im140.png,C:/Users/TRIPU/.gemini/antigravity/scratch/glaucoma_detection\data\processed\RIM-ONE\normal\RIMONE_r2_Im140.png,external_test,-1,r2,partitioned_by_hospital/training_set,False,2.0134569247699594,1.5495050646422248,0.8591616777463787,0.37104323773855125,0.664136841804229,0.09815226293210279,0.1446902733051099,0.021124780434357362,0.021381531537507204,0.006040781307845687,0.9572142851905153,0.03285338575895194
RIMONE_r2_Im142,RIM-ONE,RIMONE_r2_Im142,0,Normal,C:/Users/TRIPU/OneDrive/Documents/ML/end sem project/RIM-ONE_DL_images\RIM-ONE_DL_images\partitioned_by_hospital\training_set\normal\r2_Im142.png,C:/Users/TRIPU/.gemini/antigravity/scratch/glaucoma_detection\data\processed\RIM-ONE\normal\RIMONE_r2_Im142.png,external_test,-1,r2,partitioned_by_hospital/training_set,False,1.7930512557280796,1.2786916892331859,0.8285687025927352,0.32660476632272856,0.6670298080258436,0.08945421611259322,0.1587969290830528,0.021934228109843926,0.02569757504898276,0.006886163210776692,0.9201437790580674,0.05681027293947715
RIMONE_r2_Im144,RIM-ONE,RIMONE_r2_Im144,0,Normal,C:/Users/TRIPU/OneDrive/Documents/ML/end sem project/RIM-ONE_DL_images\RIM-ONE_DL_images\partitioned_by_hospital\training_set\normal\r2_Im144.png,C:/Users/TRIPU/.gemini/antigravity/scratch/glaucoma_detection\data\processed\RIM-ONE\normal\RIMONE_r2_Im144.png,external_test,-1,r2,partitioned_by_hospital/training_set,False,1.1937899847106765,0.8436429453204226,0.6698348742939865,0.2750705860813698,0.7119980978092851,0.08915512151361259,0.1760315342000058,0.024672016743490986,0.03159580944299891,0.008550273440192026,0.9354921676306778,0.045580200103323906
RIMONE_r2_Im146,RIM-ONE,RIMONE_r2_Im146,0,Normal,C:/Users/TRIPU/OneDrive/Documents/ML/end sem project/RIM-ONE_DL_images\RIM-ONE_DL_images\partitioned_by_hospital\training_set\normal\r2_Im146.png,C:/Users/TRIPU/.gemini/antigravity/scratch/glaucoma_detection\data\processed\RIM-ONE\normal\RIMONE_r2_Im146.png,external_test,-1,r2,partitioned_by_hospital/training_set,False,1.3642562483301652,0.9015516424744308,0.7446067442304556,0.2788003563274494,0.6836003453598113,0.08629603632137368,0.19175892835245675,0.02414914905200368,0.037354668002818545,0.009195256517960685,0.8906298858328178,0.07199303634021836
RIMONE_r2_Im148,RIM-ONE,RIMONE_r2_Im148,0,Normal,C:/Users/TRIPU/OneDrive/Documents/ML/end sem project/RIM-ONE_DL_images\RIM-ONE_DL_images\partitioned_by_hospital\training_set\normal\r2_Im148.png,C:/Users/TRIPU/.gemini/antigravity/scratch/glaucoma_detection\data\processed\RIM-ONE\normal\RIMONE_r2_Im148.png,external_test,-1,r2,partitioned_by_hospital/training_set,False,1.7055170245780895,1.2049036686560453,0.8133719227356623,0.32729841747286403,0.6706602413442434,0.09257299222831973,0.15976026834712043,0.022990010110037214,0.026051883907203557,0.007257288991417275,0.914049662292942,0.060877431158795
RIMONE_r2_Im150,RIM-ONE,RIMONE_r2_Im150,0,Normal,C:/Users/TRIPU/OneDrive/Documents/ML/end sem project/RIM-ONE_DL_images\RIM-ONE_DL_images\partitioned_by_hospital\training_set\normal\r2_Im150.png,C:/Users/TRIPU/.gemini/antigravity/scratch/glaucoma_detection\data\processed\RIM-ONE\normal\RIMONE_r2_Im150.png,external_test,-1,r2,partitioned_by_hospital/training_set,False,1.7523710065106994,1.284919936510651,0.8107666078978504,0.3359693721043314,0.6746128271938033,0.09235240025580117,0.14986757958563587,0.021489815004140832,0.022922103559769102,0.006344895212904075,0.9442757229657647,0.040845772304493516
RIMONE_r2_Im152,RIM-ONE,RIMONE_r2_Im152,0,Normal,C:/Users/TRIPU/OneDrive/Documents/ML/end sem project/RIM-ONE_DL_images\RIM-ONE_DL_images\partitioned_by_hospital\training_set\normal\r2_Im152.png,C:/Users/TRIPU/.gemini/antigravity/scratch/glaucoma_detection\data\processed\RIM-ONE\normal\RIMONE_r2_Im152.png,external_test,-1,r2,partitioned_by_hospital/training_set,False,2.146229182898185,1.5777349370191487,0.9078904103464605,0.3688276147477788,0.6480341483032835,0.09331818226068604,0.1435944229152945,0.0204251631470714,0.021036545581960938,0.005802096647787296,0.9356405980772209,0.04728759796164131
RIMONE_r2_Im154,RIM-ONE,RIMONE_r2_Im154,0,Normal,C:/Users/TRIPU/OneDrive/Documents/ML/end sem project/RIM-ONE_DL_images\RIM-ONE_DL_images\partitioned_by_hospital\training_set\normal\r2_Im154.png,C:/Users/TRIPU/.gemini/antigravity/scratch/glaucoma_detection\data\processed\RIM-ONE\normal\RIMONE_r2_Im154.png,external_test,-1,r2,partitioned_by_hospital/training_set,False,1.389992085420188,1.00470492155868,0.7280677494437096,0.2987359964343657,0.694771885784196,0.09038677361245537,0.16555783953866135,0.022976016790372415,0.027937295580260615,0.0075020388562328354,0.9393038674993569,0.043861377179514105
RIMONE_r2_Im156,RIM-ONE,RIMONE_r2_Im156,0,Normal,C:/Users/TRIPU/OneDrive/Documents/ML/end sem project/RIM-ONE_DL_images\RIM-ONE_DL_images\partitioned_by_hospital\training_set\normal\r2_Im156.png,C:/Users/TRIPU/.gemini/antigravity/scratch/glaucoma_detection\data\processed\RIM-ONE\normal\RIMONE_r2_Im156.png,external_test,-1,r2,partitioned_by_hospital/training_set,False,1.8192797871886093,1.2953984595306036,0.8436767822526727,0.3353309359877237,0.6606010107832121,0.09252301667650384,0.15436495510993323,0.021439341781364325,0.02428818474210984,0.006538519766900756,0.9298678850754069,0.04987238287430674
RIMONE_r2_Im158,RIM-ONE,RIMONE_r2_Im158,0,Normal,C:/Users/TRIPU/OneDrive/Documents/ML/end sem project/RIM-ONE_DL_images\RIM-ONE_DL_images\partitioned_by_hospital\training_set\normal\r2_Im158.png,C:/Users/TRIPU/.gemini/antigravity/scratch/glaucoma_detection\data\processed\RIM-ONE\normal\RIMONE_r2_Im158.png,external_test,-1,r2,partitioned_by_hospital/training_set,False,1.6751606201435105,1.1312320280723969,0.8117435289463725,0.3106784492015901,0.6685734566118765,0.08953793880273131,0.16440210920790238,0.02245827850581114,0.027532427785451632,0.007310404825820902,0.9076107770009448,0.06265826523209077
RIMONE_r2_Im160,RIM-ONE,RIMONE_r2_Im160,0,Normal,C:/Users/TRIPU/OneDrive/Documents/ML/end sem project/RIM-ONE_DL_images\RIM-ONE_DL_images\partitioned_by_hospital\training_set\normal\r2_Im160.png,C:/Users/TRIPU/.gemini/antigravity/scratch/glaucoma_detection\data\processed\RIM-ONE\normal\RIMONE_r2_Im160.png,external_test,-1,r2,partitioned_by_hospital/training_set,False,1.933171983986578,1.3825082718108637,0.8542507745253927,0.3452593860202067,0.6628993164681221,0.09227038783770679,0.16644844063451797,0.022670167778785045,0.028219019896780922,0.007468016659073883,0.8980914021196972,0.07306250777431082
RIMONE_r2_Im162,RIM-ONE,RIMONE_r2_Im162,0,Normal,C:/Users/TRIPU/OneDrive/Documents/ML/end sem project/RIM-ONE_DL_images\RIM-ONE_DL_images\partitioned_by_hospital\training_set\normal\r2_Im162.png,C:/Users/TRIPU/.gemini/antigravity/scratch/glaucoma_detection\data\processed\RIM-ONE\normal\RIMONE_r2_Im162.png,external_test,-1,r2,partitioned_by_hospital/training_set,False,1.2403892775680017,0.8361704150589909,0.6760090952215423,0.2581018662427786,0.7112963244265318,0.08123779007185392,0.16536274751311017,0.020729405623416516,0.027774546522584747,0.006763967199967279,0.9571245261507828,0.028912682203828585
RIMONE_r2_Im164,RIM-ONE,RIMONE_r2_Im164,0,Normal,C:/Users/TRIPU/OneDrive/Documents/ML/end sem project/RIM-ONE_DL_images\RIM-ONE_DL_images\partitioned_by_hospital\training_set\normal\r2_Im164.png,C:/Users/TRIPU/.gemini/antigravity/scratch/glaucoma_detection\data\processed\RIM-ONE\normal\RIMONE_r2_Im164.png,external_test,-1,r2,partitioned_by_hospital/training_set,False,0.9953738527211017,0.6700220824181464,0.5905455450908154,0.22670482788447416,0.7412815454688046,0.07508298829368078,0.19569740119051282,0.021465036150767672,0.038758220609674286,0.008286439266762912,0.9614589168791174,0.0259613977770369
RIMONE_r2_Im166,RIM-ONE,RIMONE_r2_Im166,0,Normal,C:/Users/TRIPU/OneDrive/Documents/ML/end sem project/RIM-ONE_DL_images\RIM-ONE_DL_images\partitioned_by_hospital\training_set\normal\r2_Im166.png,C:/Users/TRIPU/.gemini/antigravity/scratch/glaucoma_detection\data\processed\RIM-ONE\normal\RIMONE_r2_Im166.png,external_test,-1,r2,partitioned_by_hospital/training_set,False,0.9241931508329183,0.564746908583259,0.5896877425476744,0.21124842189104864,0.7363985389961805,0.07383127442394559,0.20498087283144892,0.02324419062208907,0.042557450624418645,0.009394766668571563,0.9241359157672875,0.04641847408035731
RIMONE_r2_Im168,RIM-ONE,RIMONE_r2_Im168,0,Normal,C:/Users/TRIPU/OneDrive/Documents/ML/end sem project/RIM-ONE_DL_images\RIM-ONE_DL_images\partitioned_by_hospital\training_set\normal\r2_Im168.png,C:/Users/TRIPU/.gemini/antigravity/scratch/glaucoma_detection\data\processed\RIM-ONE\normal\RIMONE_r2_Im168.png,external_test,-1,r2,partitioned_by_hospital/training_set,False,0.7273735219762653,0.42368588027801535,0.5043427322756419,0.1805835537295955,0.7691536545566446,0.06773817117616324,0.24076703288070844,0.025995630695345773,0.05864453693742894,0.012369378201145767,0.9172698625358714,0.04827305765755938
RIMONE_r2_Im170,RIM-ONE,RIMONE_r2_Im170,0,Normal,C:/Users/TRIPU/OneDrive/Documents/ML/end sem project/RIM-ONE_DL_images\RIM-ONE_DL_images\partitioned_by_hospital\training_set\normal\r2_Im170.png,C:/Users/TRIPU/.gemini/antigravity/scratch/glaucoma_detection\data\processed\RIM-ONE\normal\RIMONE_r2_Im170.png,external_test,-1,r2,partitioned_by_hospital/training_set,False,1.3032028167782261,0.8786691957602661,0.7081796816614413,0.274328729740473,0.6993303110585846,0.0855113588386375,0.17174176356207063,0.022795530358944327,0.03001486955575573,0.007736785229476937,0.9332673219507396,0.0449166829306678
RIMONE_r2_Im172,RIM-ONE,RIMONE_r2_Im172,0,Normal,C:/Users/TRIPU/OneDrive/Documents/ML/end sem project/RIM-ONE_DL_images\RIM-ONE_DL_images\partitioned_by_hospital\training_set\normal\r2_Im172.png,C:/Users/TRIPU/.gemini/antigravity/scratch/glaucoma_detection\data\processed\RIM-ONE\normal\RIMONE_r2_Im172.png,external_test,-1,r2,partitioned_by_hospital/training_set,False,1.5318597843402904,1.0780394045562578,0.7486486562099658,0.2927816293384163,0.6929414917802199,0.08352628174036908,0.17436139246161927,0.022443710390289022,0.030905615317237994,0.0077333160589468835,0.9074006638144518,0.0650909192149748
RIMONE_r2_Im174,RIM-ONE,RIMONE_r2_Im174,0,Normal,C:/Users/TRIPU/OneDrive/Documents/ML/end sem project/RIM-ONE_DL_images\RIM-ONE_DL_images\partitioned_by_hospital\training_set\normal\r2_Im174.png,C:/Users/TRIPU/.gemini/antigravity/scratch/glaucoma_detection\data\processed\RIM-ONE\normal\RIMONE_r2_Im174.png,external_test,-1,r2,partitioned_by_hospital/training_set,False,1.0200031790740582,0.6750894512548588,0.6052623742927902,0.230087764730382,0.7348717421377744,0.07670332801623893,0.19206509339570058,0.022838671803731187,0.03741060503085774,0.008650543806246715,0.9418279562297805,0.03853801718662987
RIMONE_r2_Im176,RIM-ONE,RIMONE_r2_Im176,0,Normal,C:/Users/TRIPU/OneDrive/Documents/ML/end sem project/RIM-ONE_DL_images\RIM-ONE_DL_images\partitioned_by_hospital\training_set\normal\r2_Im176.png,C:/Users/TRIPU/.gemini/antigravity/scratch/glaucoma_detection\data\processed\RIM-ONE\normal\RIMONE_r2_Im176.png,external_test,-1,r2,partitioned_by_hospital/training_set,False,1.189998921067051,0.7929766374405717,0.6644292832742572,0.25642919934957187,0.7150325335740861,0.08213289918934678,0.1763597428117182,0.022450362611518337,0.031606777666004046,0.007815058870827979,0.9476049769058003,0.034796938600363536
RIMONE_r2_Im178,RIM-ONE,RIMONE_r2_Im178,0,Normal,C:/Users/TRIPU/OneDrive/Documents/ML/end sem project/RIM-ONE_DL_images\RIM-ONE_DL_images\partitioned_by_hospital\training_set\normal\r2_Im178.png,C:/Users/TRIPU/.gemini/antigravity/scratch/glaucoma_detection\data\processed\RIM-ONE\normal\RIMONE_r2_Im178.png,external_test,-1,r2,partitioned_by_hospital/training_set,False,1.4795718647685947,1.0679497095130033,0.7486751862386493,0.3063852277780251,0.6900002953883654,0.09005863433638181,0.1627093497166745,0.02311417027015829,0.02700859735250095,0.007424040992209432,0.9317769933501939,0.049329324313565404
RIMONE_r2_Im180,RIM-ONE,RIMONE_r2_Im180,0,Normal,C:/Users/TRIPU/OneDrive/Documents/ML/end sem project/RIM-ONE_DL_images\RIM-ONE_DL_images\partitioned_by_hospital\training_set\normal\r2_Im180.png,C:/Users/TRIPU/.gemini/antigravity/scratch/glaucoma_detection\data\processed\RIM-ONE\normal\RIMONE_r2_Im180.png,external_test,-1,r2,partitioned_by_hospital/training_set,False,1.2776240051671348,0.8677394973418243,0.6883074967293821,0.2690778470021769,0.7083394326171791,0.08382384618391768,0.17081365519301328,0.022034038335052263,0.02966280364574819,0.00742242918239706,0.9498783509319968,0.03411139243661068
RIMONE_r2_Im182,RIM-ONE,RIMONE_r2_Im182,0,Normal,C:/Users/TRIPU/OneDrive/Documents/ML/end sem project/RIM-ONE_DL_images\RIM-ONE_DL_images\partitioned_by_hospital\training_set\normal\r2_Im182.png,C:/Users/TRIPU/.gemini/antigravity/scratch/glaucoma_detection\data\processed\RIM-ONE\normal\RIMONE_r2_Im182.png,external_test,-1,r2,partitioned_by_hospital/training_set,False,1.320883470068939,0.9077277441861769,0.7192909275638303,0.28064961674532457,0.6944927176811665,0.08710236616702943,0.1855257215006656,0.024699346995906604,0.03502985108036674,0.009054304121525745,0.9113556089669173,0.060807814020446
RIMONE_r2_Im184,RIM-ONE,RIMONE_r2_Im184,0,Normal,C:/Users/TRIPU/OneDrive/Documents/ML/end sem project/RIM-ONE_DL_images\RIM-ONE_DL_images\partitioned_by_hospital\training_set\normal\r2_Im184.png,C:/Users/TRIPU/.gemini/antigravity/scratch/glaucoma_detection\data\processed\RIM-ONE\normal\RIMONE_r2_Im184.png,external_test,-1,r2,partitioned_by_hospital/training_set,False,1.202322105816043,0.9053434634551952,0.658497867054893,0.2813882864789792,0.7198211997377845,0.08712618579022768,0.17629099623147768,0.024290148205302637,0.03166852665212244,0.008427657810981596,0.9348914927369899,0.049191980518161704
RIMONE_r2_Im186,RIM-ONE,RIMONE_r2_Im186,0,Normal,C:/Users/TRIPU/OneDrive/Documents/ML/end sem project/RIM-ONE_DL_images\RIM-ONE_DL_images\partitioned_by_hospital\training_set\normal\r2_Im186.png,C:/Users/TRIPU/.gemini/antigravity/scratch/glaucoma_detection\data\processed\RIM-ONE\normal\RIMONE_r2_Im186.png,external_test,-1,r2,partitioned_by_hospital/training_set,False,1.7971814566700253,1.2877848973159927,0.8288232760304033,0.3346451248106049,0.6665054431065872,0.09350386246337562,0.15036793907556445,0.021644648074283637,0.02307900789209226,0.0064199700815848835,0.940916776776677,0.04225295086559249
RIMONE_r2_Im188,RIM-ONE,RIMONE_r2_Im188,0,Normal,C:/Users/TRIPU/OneDrive/Documents/ML/end sem project/RIM-ONE_DL_images\RIM-ONE_DL_images\partitioned_by_hospital\training_set\normal\r2_Im188.png,C:/Users/TRIPU/.gemini/antigravity/scratch/glaucoma_detection\data\processed\RIM-ONE\normal\RIMONE_r2_Im188.png,external_test,-1,r2,partitioned_by_hospital/training_set,False,1.1370337058237168,0.7932444430669253,0.637367396735068,0.2520116543957643,0.7263049764600854,0.07989157098999874,0.16798239124964146,0.020860783473465528,0.028653256057074444,0.006895742645414999,0.9632151916707613,0.02571314856900478
RIMONE_r2_Im190,RIM-ONE,RIMONE_r2_Im190,0,Normal,C:/Users/TRIPU/OneDrive/Documents/ML/end sem project/RIM-ONE_DL_images\RIM-ONE_DL_images\partitioned_by_hospital\training_set\normal\r2_Im190.png,C:/Users/TRIPU/.gemini/antigravity/scratch/glaucoma_detection\data\processed\RIM-ONE\normal\RIMONE_r2_Im190.png,external_test,-1,r2,partitioned_by_hospital/training_set,False,0.9013724000018715,0.6126069188615959,0.5790595832652276,0.2328497642123574,0.740756391899251,0.0820702373000347,0.1928581678122884,0.02499686629738587,0.03781911621660219,0.00948199606011319,0.9436630114883823,0.038247298470657935
RIMONE_r2_Im192,RIM-ONE,RIMONE_r2_Im192,0,Normal,C:/Users/TRIPU/OneDrive/Documents/ML/end sem project/RIM-ONE_DL_images\RIM-ONE_DL_images\partitioned_by_hospital\training_set\normal\r2_Im192.png,C:/Users/TRIPU/.gemini/antigravity/scratch/glaucoma_detection\data\processed\RIM-ONE\normal\RIMONE_r2_Im192.png,external_test,-1,r2,partitioned_by_hospital/training_set,False,1.5670135962855465,1.1095112556987206,0.7847024079687918,0.31546964192147936,0.6769300287219783,0.09143043496545447,0.16837793605131754,0.023471634184226216,0.02890204696017971,0.0078087603454830455,0.916830079065773,0.058664204189777684
RIMONE_r2_Im194,RIM-ONE,RIMONE_r2_Im194,0,Normal,C:/Users/TRIPU/OneDrive/Documents/ML/end sem project/RIM-ONE_DL_images\RIM-ONE_DL_images\partitioned_by_hospital\training_set\normal\r2_Im194.png,C:/Users/TRIPU/.gemini/antigravity/scratch/glaucoma_detection\data\processed\RIM-ONE\normal\RIMONE_r2_Im194.png,external_test,-1,r2,partitioned_by_hospital/training_set,False,1.2047693869472171,0.8816593995998356,0.6626957193611795,0.27374879891458537,0.7171009977099718,0.08573396025979235,0.17035907262568084,0.022963498914541712,0.029549535908280147,0.007700853394972711,0.9476267054953288,0.03836232042815985
RIMONE_r2_Im196,RIM-ONE,RIMONE_r2_Im196,0,Normal,C:/Users/TRIPU/OneDrive/Documents/ML/end sem project/RIM-ONE_DL_images\RIM-ONE_DL_images\partitioned_by_hospital\training_set\normal\r2_Im196.png,C:/Users/TRIPU/.gemini/antigravity/scratch/glaucoma_detection\data\processed\RIM-ONE\normal\RIMONE_r2_Im196.png,external_test,-1,r2,partitioned_by_hospital/training_set,False,1.871709540753777,1.3815252473982216,0.8363366986381816,0.34436413416127215,0.6680277682505142,0.0925606376575743,0.15215166803726612,0.021904303183426177,0.02362992858447389,0.006568560687073637,0.9225938368657767,0.05720516047103088
RIMONE_r2_Im198,RIM-ONE,RIMONE_r2_Im198,0,Normal,C:/Users/TRIPU/OneDrive/Documents/ML/end sem project/RIM-ONE_DL_images\RIM-ONE_DL_images\partitioned_by_hospital\training_set\normal\r2_Im198.png,C:/Users/TRIPU/.gemini/antigravity/scratch/glaucoma_detection\data\processed\RIM-ONE\normal\RIMONE_r2_Im198.png,external_test,-1,r2,partitioned_by_hospital/training_set,False,2.1161508284879793,1.608641157590272,0.8878308517237836,0.37020316596238007,0.6562749923041654,0.09361810356248937,0.14845103581734784,0.021312323249670844,0.02249192515754195,0.00624904529959102,0.9342791175027351,0.05003239559644596
RIMONE_r2_Im200,RIM-ONE,RIMONE_r2_Im200,0,Normal,C:/Users/TRIPU/OneDrive/Documents/ML/end sem project/RIM-ONE_DL_images\RIM-ONE_DL_images\partitioned_by_hospital\training_set\normal\r2_Im200.png,C:/Users/TRIPU/.gemini/antigravity/scratch/glaucoma_detection\data\processed\RIM-ONE\normal\RIMONE_r2_Im200.png,external_test,-1,r2,partitioned_by_hospital/training_set,False,1.1618193121045517,0.7653324480980318,0.6557835588645982,0.2442607127449913,0.7169413029316983,0.07829868316560115,0.18369932227223693,0.02226586454782273,0.03424120972734116,0.00807706756392969,0.9310256718939907,0.04548966271956923
RIMONE_r2_Im202,RIM-ONE,RIMONE_r2_Im202,0,Normal,C:/Users/TRIPU/OneDrive/Documents/ML/end sem project/RIM-ONE_DL_images\RIM-ONE_DL_images\partitioned_by_hospital\training_set\normal\r2_Im202.png,C:/Users/TRIPU/.gemini/antigravity/scratch/glaucoma_detection\data\processed\RIM-ONE\normal\RIMONE_r2_Im202.png,external_test,-1,r2,partitioned_by_hospital/training_set,False,1.3283104061106321,0.9733222779919126,0.6931203262056581,0.2882219560412008,0.709290831496464,0.08706546270204295,0.15697966744193761,0.021107953436551793,0.025088161688460963,0.006514899695558098,0.9647637436754936,0.025809109173246515
RIMONE_r2_Im206,RIM-ONE,RIMONE_r2_Im206,0,Normal,C:/Users/TRIPU/OneDrive/Documents/ML/end sem project/RIM-ONE_DL_images\RIM-ONE_DL_images\partitioned_by_hospital\training_set\normal\r2_Im206.png,C:/Users/TRIPU/.gemini/antigravity/scratch/glaucoma_detection\data\processed\RIM-ONE\normal\RIMONE_r2_Im206.png,external_test,-1,r2,partitioned_by_hospital/training_set,False,1.8137488522390477,1.2672753623918247,0.8377339505731385,0.33067590913783373,0.6636230071635117,0.0916003627239821,0.14390888022360007,0.019998308203021377,0.021109698138193505,0.005686220359295668,0.9571574833456543,0.029832749856567562
RIMONE_r2_Im208,RIM-ONE,RIMONE_r2_Im208,0,Normal,C:/Users/TRIPU/OneDrive/Documents/ML/end sem project/RIM-ONE_DL_images\RIM-ONE_DL_images\partitioned_by_hospital\training_set\normal\r2_Im208.png,C:/Users/TRIPU/.gemini/antigravity/scratch/glaucoma_detection\data\processed\RIM-ONE\normal\RIMONE_r2_Im208.png,external_test,-1,r2,partitioned_by_hospital/training_set,False,1.5209479472673555,1.1057489352006993,0.7594612449699193,0.3142967370910616,0.6863751091243975,0.09242894262591421,0.15520968300531962,0.02247249092532929,0.0245950585470008,0.006878497522438492,0.9421342391462789,0.0420495880425797
RIMONE_r2_Im210,RIM-ONE,RIMONE_r2_Im210,0,Normal,C:/Users/TRIPU/OneDrive/Documents/ML/end sem project/RIM-ONE_DL_images\RIM-ONE_DL_images\partitioned_by_hospital\training_set\normal\r2_Im210.png,C:/Users/TRIPU/.gemini/antigravity/scratch/glaucoma_detection\data\processed\RIM-ONE\normal\RIMONE_r2_Im210.png,external_test,-1,r2,partitioned_by_hospital/training_set,False,1.5126750773638087,1.0969290790678698,0.7569658207138081,0.30906955861561747,0.6869859149529627,0.09024518055433597,0.16207207064350476,0.022239480019256023,0.02676195055420008,0.007120956159096027,0.939587478141665,0.04381415057178043
RIMONE_r2_Im212,RIM-ONE,RIMONE_r2_Im212,0,Normal,C:/Users/TRIPU/OneDrive/Documents/ML/end sem project/RIM-ONE_DL_images\RIM-ONE_DL_images\partitioned_by_hospital\training_set\normal\r2_Im212.png,C:/Users/TRIPU/.gemini/antigravity/scratch/glaucoma_detection\data\processed\RIM-ONE\normal\RIMONE_r2_Im212.png,external_test,-1,r2,partitioned_by_hospital/training_set,False,2.116577636736553,1.4978911455468895,0.9187036530459904,0.3619449042245753,0.6410681284225863,0.09376837835602664,0.14707982250621837,0.02123307691409393,0.022083317743700526,0.00618944495561903,0.9053751286363007,0.0670105851516495
RIMONE_r2_Im214,RIM-ONE,RIMONE_r2_Im214,0,Normal,C:/Users/TRIPU/OneDrive/Documents/ML/end sem project/RIM-ONE_DL_images\RIM-ONE_DL_images\partitioned_by_hospital\training_set\normal\r2_Im214.png,C:/Users/TRIPU/.gemini/antigravity/scratch/glaucoma_detection\data\processed\RIM-ONE\normal\RIMONE_r2_Im214.png,external_test,-1,r2,partitioned_by_hospital/training_set,False,0.9646830518339762,0.6572859125388393,0.6001336870162998,0.2411096951161745,0.7335316628683789,0.08380137885442303,0.19452676210362077,0.02468796289551746,0.038450156686449105,0.009446763936187609,0.9509130591644106,0.033486747564404534
RIMONE_r2_Im216,RIM-ONE,RIMONE_r2_Im216,0,Normal,C:/Users/TRIPU/OneDrive/Documents/ML/end sem project/RIM-ONE_DL_images\RIM-ONE_DL_images\partitioned_by_hospital\training_set\normal\r2_Im216.png,C:/Users/TRIPU/.gemini/antigravity/scratch/glaucoma_detection\data\processed\RIM-ONE\normal\RIMONE_r2_Im216.png,external_test,-1,r2,partitioned_by_hospital/training_set,False,2.2648811877144897,1.627462888036124,0.9354570900092117,0.37918487855172334,0.6406423563294782,0.09640862255283307,0.12979978463505779,0.019642678213201255,0.01723381889869475,0.005036236100395181,0.9406147559788068,0.042774959741497094
RIMONE_r2_Im218,RIM-ONE,RIMONE_r2_Im218,0,Normal,C:/Users/TRIPU/OneDrive/Documents/ML/end sem project/RIM-ONE_DL_images\RIM-ONE_DL_images\partitioned_by_hospital\training_set\normal\r2_Im218.png,C:/Users/TRIPU/.gemini/antigravity/scratch/glaucoma_detection\data\processed\RIM-ONE\normal\RIMONE_r2_Im218.png,external_test,-1,r2,partitioned_by_hospital/training_set,False,0.9057296156987125,0.5745558989838255,0.5883601738686426,0.22316639713961908,0.7356170937439152,0.07947705183206695,0.20604567960183906,0.02523256398028168,0.04309150436760273,0.010241661017751626,0.934159683221476,0.04169035676267001
RIMONE_r2_Im220,RIM-ONE,RIMONE_r2_Im220,0,Normal,C:/Users/TRIPU/OneDrive/Documents/ML/end sem project/RIM-ONE_DL_images\RIM-ONE_DL_images\partitioned_by_hospital\training_set\normal\r2_Im220.png,C:/Users/TRIPU/.gemini/antigravity/scratch/glaucoma_detection\data\processed\RIM-ONE\normal\RIMONE_r2_Im220.png,external_test,-1,r2,partitioned_by_hospital/training_set,False,1.1311388033608425,0.7981842592256186,0.6379288600511893,0.25741966142960165,0.7253960255667392,0.08232725899708564,0.17031116059919296,0.020829170781315343,0.02943974578008129,0.006985951156904388,0.9681228960861975,0.022513473804433345
RIMONE_r2_Im222,RIM-ONE,RIMONE_r2_Im222,0,Normal,C:/Users/TRIPU/OneDrive/Documents/ML/end sem project/RIM-ONE_DL_images\RIM-ONE_DL_images\partitioned_by_hospital\training_set\normal\r2_Im222.png,C:/Users/TRIPU/.gemini/antigravity/scratch/glaucoma_detection\data\processed\RIM-ONE\normal\RIMONE_r2_Im222.png,external_test,-1,r2,partitioned_by_hospital/training_set,False,1.827891187170416,1.4348447860053095,0.7944029312124142,0.3511999858304175,0.6870199127069077,0.09377601885542435,0.15208743893450197,0.022182001659632865,0.023622630279283813,0.006629974308489694,0.9525301786213801,0.037262649863769835
RIMONE_r2_Im224,RIM-ONE,RIMONE_r2_Im224,0,Normal,C:/Users/TRIPU/OneDrive/Documents/ML/end sem project/RIM-ONE_DL_images\RIM-ONE_DL_images\partitioned_by_hospital\training_set\normal\r2_Im224.png,C:/Users/TRIPU/.gemini/antigravity/scratch/glaucoma_detection\data\processed\RIM-ONE\normal\RIMONE_r2_Im224.png,external_test,-1,r2,partitioned_by_hospital/training_set,False,1.5449865403051923,1.0639609517820152,0.7823727397270693,0.30024980285780856,0.6751611934079212,0.08767744715175001,0.1817218101312995,0.023512962437098817,0.03357567567996448,0.008462037872052065,0.8817051493627619,0.08161630081604276
RIMONE_r2_Im226,RIM-ONE,RIMONE_r2_Im226,0,Normal,C:/Users/TRIPU/OneDrive/Documents/ML/end sem project/RIM-ONE_DL_images\RIM-ONE_DL_images\partitioned_by_hospital\training_set\normal\r2_Im226.png,C:/Users/TRIPU/.gemini/antigravity/scratch/glaucoma_detection\data\processed\RIM-ONE\normal\RIMONE_r2_Im226.png,external_test,-1,r2,partitioned_by_hospital/training_set,False,0.9044199962146244,0.6221015388334293,0.5745345442458969,0.23269658580840097,0.7435634924421453,0.08137054917068787,0.17090108306453858,0.022391806226021153,0.029708573178695994,0.007516025283655027,0.9643325575743598,0.02457634685097576
RIMONE_r2_Im228,RIM-ONE,RIMONE_r2_Im228,0,Normal,C:/Users/TRIPU/OneDrive/Documents/ML/end sem project/RIM-ONE_DL_images\RIM-ONE_DL_images\partitioned_by_hospital\training_set\normal\r2_Im228.png,C:/Users/TRIPU/.gemini/antigravity/scratch/glaucoma_detection\data\processed\RIM-ONE\normal\RIMONE_r2_Im228.png,external_test,-1,r2,partitioned_by_hospital/training_set,False,0.8334864765170823,0.5031306166790903,0.5536534906877901,0.19984945888467429,0.7496297308300184,0.072195018880025,0.1769033985636995,0.02030015749286204,0.03170690881762212,0.007085885904077869,0.9652060908483618,0.021170437720418968
RIMONE_r2_Im230,RIM-ONE,RIMONE_r2_Im230,0,Normal,C:/Users/TRIPU/OneDrive/Documents/ML/end sem project/RIM-ONE_DL_images\RIM-ONE_DL_images\partitioned_by_hospital\training_set\normal\r2_Im230.png,C:/Users/TRIPU/.gemini/antigravity/scratch/glaucoma_detection\data\processed\RIM-ONE\normal\RIMONE_r2_Im230.png,external_test,-1,r2,partitioned_by_hospital/training_set,False,0.44656662729206875,0.16732931233585358,0.3919936428685695,0.10141140189332554,0.8094444025788853,0.04431903982603219,0.2848731151082265,0.020612611597183923,0.08157757146832124,0.011632832154557873,0.9247245740863179,0.02841304708978499
RIMONE_r2_Im232,RIM-ONE,RIMONE_r2_Im232,0,Normal,C:/Users/TRIPU/OneDrive/Documents/ML/end sem project/RIM-ONE_DL_images\RIM-ONE_DL_images\partitioned_by_hospital\training_set\normal\r2_Im232.png,C:/Users/TRIPU/.gemini/antigravity/scratch/glaucoma_detection\data\processed\RIM-ONE\normal\RIMONE_r2_Im232.png,external_test,-1,r2,partitioned_by_hospital/training_set,False,1.1583724551010266,0.7790780017744668,0.6671791878025347,0.255925166304135,0.7109481238287235,0.08321140705705578,0.16718496767950017,0.021504732175313672,0.028413266923927472,0.0070904742806065565,0.954009215058715,0.031116528376294802
RIMONE_r2_Im234,RIM-ONE,RIMONE_r2_Im234,0,Normal,C:/Users/TRIPU/OneDrive/Documents/ML/end sem project/RIM-ONE_DL_images\RIM-ONE_DL_images\partitioned_by_hospital\training_set\normal\r2_Im234.png,C:/Users/TRIPU/.gemini/antigravity/scratch/glaucoma_detection\data\processed\RIM-ONE\normal\RIMONE_r2_Im234.png,external_test,-1,r2,partitioned_by_hospital/training_set,False,1.4760557446535263,1.0605193275885445,0.7387047983197458,0.2988009468352419,0.6948698935659731,0.0873361903959358,0.16318497618151154,0.02182575486198383,0.027105700026655907,0.0070296405162417865,0.9394811290926399,0.04381996270093579
RIMONE_r2_Im236,RIM-ONE,RIMONE_r2_Im236,0,Normal,C:/Users/TRIPU/OneDrive/Documents/ML/end sem project/RIM-ONE_DL_images\RIM-ONE_DL_images\partitioned_by_hospital\training_set\normal\r2_Im236.png,C:/Users/TRIPU/.gemini/antigravity/scratch/glaucoma_detection\data\processed\RIM-ONE\normal\RIMONE_r2_Im236.png,external_test,-1,r2,partitioned_by_hospital/training_set,False,1.1683600700963002,0.8401447751653194,0.657344396575936,0.2728431826095135,0.7171901921059165,0.0885109534289659,0.20023190847342043,0.027825528919057263,0.0408670772305335,0.010999525754147258,0.8978284280117012,0.07334463811221026
RIMONE_r2_Im238,RIM-ONE,RIMONE_r2_Im238,0,Normal,C:/Users/TRIPU/OneDrive/Documents/ML/end sem project/RIM-ONE_DL_images\RIM-ONE_DL_images\partitioned_by_hospital\training_set\normal\r2_Im238.png,C:/Users/TRIPU/.gemini/antigravity/scratch/glaucoma_detection\data\processed\RIM-ONE\normal\RIMONE_r2_Im238.png,external_test,-1,r2,partitioned_by_hospital/training_set,False,1.5812514305453391,1.109396563617544,0.7794719547796728,0.3083850464955651,0.6797825149007141,0.08874795575714432,0.15445726381046118,0.021041297085133664,0.02429978252683926,0.006426253967099378,0.9467517163864806,0.037394534217615634
RIMONE_r2_Im240,RIM-ONE,RIMONE_r2_Im240,0,Normal,C:/Users/TRIPU/OneDrive/Documents/ML/end sem project/RIM-ONE_DL_images\RIM-ONE_DL_images\partitioned_by_hospital\training_set\normal\r2_Im240.png,C:/Users/TRIPU/.gemini/antigravity/scratch/glaucoma_detection\data\processed\RIM-ONE\normal\RIMONE_r2_Im240.png,external_test,-1,r2,partitioned_by_hospital/training_set,False,1.1304387497082842,0.7928462256192894,0.6467219650902513,0.2641266291074815,0.7204209234475275,0.086235619941298,0.18450150974519366,0.023891381241335073,0.03461160519587462,0.008672983805765038,0.9485482631079778,0.0360087984081262
RIMONE_r2_Im242,RIM-ONE,RIMONE_r2_Im242,0,Normal,C:/Users/TRIPU/OneDrive/Documents/ML/end sem project/RIM-ONE_DL_images\RIM-ONE_DL_images\partitioned_by_hospital\training_set\normal\r2_Im242.png,C:/Users/TRIPU/.gemini/antigravity/scratch/glaucoma_detection\data\processed\RIM-ONE\normal\RIMONE_r2_Im242.png,external_test,-1,r2,partitioned_by_hospital/training_set,False,1.3388180525457107,0.9686527753028349,0.7378105206116802,0.30921546343439615,0.6859257452367237,0.09718486009082954,0.16488430696022968,0.023874102411945698,0.02775680744773131,0.007751784536130436,0.9542681419598633,0.03296365040043866
RIMONE_r2_Im244,RIM-ONE,RIMONE_r2_Im244,0,Normal,C:/Users/TRIPU/OneDrive/Documents/ML/end sem project/RIM-ONE_DL_images\RIM-ONE_DL_images\partitioned_by_hospital\training_set\normal\r2_Im244.png,C:/Users/TRIPU/.gemini/antigravity/scratch/glaucoma_detection\data\processed\RIM-ONE\normal\RIMONE_r2_Im244.png,external_test,-1,r2,partitioned_by_hospital/training_set,False,2.094128023852562,1.4789569668215685,0.899320158258501,0.35565076931606726,0.6486056294585079,0.09278279465347714,0.14779484783417599,0.021201096853549577,0.022292803554120822,0.0062041088391164,0.9147703016995354,0.060228832835873415
RIMONE_r2_Im246,RIM-ONE,RIMONE_r2_Im246,0,Normal,C:/Users/TRIPU/OneDrive/Documents/ML/end sem project/RIM-ONE_DL_images\RIM-ONE_DL_images\partitioned_by_hospital\training_set\normal\r2_Im246.png,C:/Users/TRIPU/.gemini/antigravity/scratch/glaucoma_detection\data\processed\RIM-ONE\normal\RIMONE_r2_Im246.png,external_test,-1,r2,partitioned_by_hospital/training_set,False,1.2154380382890235,0.8117374670433704,0.6748423961448027,0.25599061712585314,0.7105124866248366,0.08130053985835062,0.1853288603845007,0.023012538887559983,0.03487636343746922,0.008435303184750003,0.9340982485995067,0.044019946526088566
RIMONE_r2_Im248,RIM-ONE,RIMONE_r2_Im248,0,Normal,C:/Users/TRIPU/OneDrive/Documents/ML/end sem project/RIM-ONE_DL_images\RIM-ONE_DL_images\partitioned_by_hospital\training_set\normal\r2_Im248.png,C:/Users/TRIPU/.gemini/antigravity/scratch/glaucoma_detection\data\processed\RIM-ONE\normal\RIMONE_r2_Im248.png,external_test,-1,r2,partitioned_by_hospital/training_set,False,1.951406280881648,1.4267340393726111,0.8485518592612499,0.34403178609586743,0.6664413506040895,0.09056098388085265,0.13853858730904964,0.018835287388795398,0.019547708224605692,0.005167579090149073,0.9681835346278514,0.023280588271474396
RIMONE_r2_Im250,RIM-ONE,RIMONE_r2_Im250,0,Normal,C:/Users/TRIPU/OneDrive/Documents/ML/end sem project/RIM-ONE_DL_images\RIM-ONE_DL_images\partitioned_by_hospital\training_set\normal\r2_Im250.png,C:/Users/TRIPU/.gemini/antigravity/scratch/glaucoma_detection\data\processed\RIM-ONE\normal\RIMONE_r2_Im250.png,external_test,-1,r2,partitioned_by_hospital/training_set,False,0.7694164942327301,0.47091923894444365,0.5374946308015952,0.20196186585004555,0.7536449205355588,0.07556796797817207,0.20996598799253485,0.024494614795426566,0.04468570226765763,0.010117113517514202,0.9548824948084844,0.027588103077221635
RIMONE_r2_Im252,RIM-ONE,RIMONE_r2_Im252,0,Normal,C:/Users/TRIPU/OneDrive/Documents/ML/end sem project/RIM-ONE_DL_images\RIM-ONE_DL_images\partitioned_by_hospital\training_set\normal\r2_Im252.png,C:/Users/TRIPU/.gemini/antigravity/scratch/glaucoma_detection\data\processed\RIM-ONE\normal\RIMONE_r2_Im252.png,external_test,-1,r2,partitioned_by_hospital/training_set,False,1.0322344688183733,0.7487553671291773,0.6235085619996237,0.25907343168054914,0.7261544444360893,0.08632033935350426,0.17872675254038786,0.02445255004958902,0.0325411792775607,0.008574112571363132,0.9523499872809924,0.03446252805183851
RIMONE_r2_Im254,RIM-ONE,RIMONE_r2_Im254,0,Normal,C:/Users/TRIPU/OneDrive/Documents/ML/end sem project/RIM-ONE_DL_images\RIM-ONE_DL_images\partitioned_by_hospital\training_set\normal\r2_Im254.png,C:/Users/TRIPU/.gemini/antigravity/scratch/glaucoma_detection\data\processed\RIM-ONE\normal\RIMONE_r2_Im254.png,external_test,-1,r2,partitioned_by_hospital/training_set,False,1.5102734743347852,1.0390954493784903,0.7610386870505929,0.29673519282466604,0.6847658242859448,0.08743409535809717,0.17596941011421627,0.023897024263048506,0.03153630106457397,0.008331662855565254,0.9021707752657107,0.06712638122060731
RIMONE_r3_N-1-L_left_half,RIM-ONE,RIMONE_r3_N-1-L_left_half,0,Normal,C:/Users/TRIPU/OneDrive/Documents/ML/end sem project/RIM-ONE_DL_images\RIM-ONE_DL_images\partitioned_by_hospital\training_set\normal\r3_N-1-L_left_half.png,C:/Users/TRIPU/.gemini/antigravity/scratch/glaucoma_detection\data\processed\RIM-ONE\normal\RIMONE_r3_N-1-L_left_half.png,external_test,-1,r3,partitioned_by_hospital/training_set,False,1.4661378383724186,1.0246199906976101,0.6969988548097307,0.2650965046507267,0.7148619516991005,0.0746443035432533,0.21444700055117505,0.019263444311786157,0.04635859633214897,0.008167047489677087,0.9649123218183057,0.024463408333383146
RIMONE_r3_N-10-R_left_half,RIM-ONE,RIMONE_r3_N-10-R_left_half,0,Normal,C:/Users/TRIPU/OneDrive/Documents/ML/end sem project/RIM-ONE_DL_images\RIM-ONE_DL_images\partitioned_by_hospital\training_set\normal\r3_N-10-R_left_half.png,C:/Users/TRIPU/.gemini/antigravity/scratch/glaucoma_detection\data\processed\RIM-ONE\normal\RIMONE_r3_N-10-R_left_half.png,external_test,-1,r3,partitioned_by_hospital/training_set,False,0.7852048638483278,0.4595344848663504,0.5238700109520663,0.18209204015866629,0.7628484213133421,0.0655827422056407,0.225904368201738,0.02198528128465064,0.05151613616579163,0.009771576483221474,0.9625674336421767,0.02189814653140437
RIMONE_r3_N-11-L_left_half,RIM-ONE,RIMONE_r3_N-11-L_left_half,0,Normal,C:/Users/TRIPU/OneDrive/Documents/ML/end sem project/RIM-ONE_DL_images\RIM-ONE_DL_images\partitioned_by_hospital\training_set\normal\r3_N-11-L_left_half.png,C:/Users/TRIPU/.gemini/antigravity/scratch/glaucoma_detection\data\processed\RIM-ONE\normal\RIMONE_r3_N-11-L_left_half.png,external_test,-1,r3,partitioned_by_hospital/training_set,False,0.782744192392685,0.46423434521419127,0.5011578584345212,0.17378033887719116,0.7746553976877172,0.06190163593201959,0.2570441347417614,0.022163704689523275,0.0665629170107052,0.01123330487275481,0.9602699035799911,0.023470004778718113
RIMONE_r3_N-12-R_left_half,RIM-ONE,RIMONE_r3_N-12-R_left_half,0,Normal,C:/Users/TRIPU/OneDrive/Documents/ML/end sem project/RIM-ONE_DL_images\RIM-ONE_DL_images\partitioned_by_hospital\training_set\normal\r3_N-12-R_left_half.png,C:/Users/TRIPU/.gemini/antigravity/scratch/glaucoma_detection\data\processed\RIM-ONE\normal\RIMONE_r3_N-12-R_left_half.png,external_test,-1,r3,partitioned_by_hospital/training_set,False,0.7524330008240655,0.43790232083162384,0.4744979993091489,0.15924187966155598,0.7865290059019254,0.057330860411094225,0.2635121240870582,0.020459048104867848,0.06985721219023049,0.010646705058526426,0.9608554711948485,0.022659803337164084
RIMONE_r3_N-13-L_left_half,RIM-ONE,RIMONE_r3_N-13-L_left_half,0,Normal,C:/Users/TRIPU/OneDrive/Documents/ML/end sem project/RIM-ONE_DL_images\RIM-ONE_DL_images\partitioned_by_hospital\training_set\normal\r3_N-13-L_left_half.png,C:/Users/TRIPU/.gemini/antigravity/scratch/glaucoma_detection\data\processed\RIM-ONE\normal\RIMONE_r3_N-13-L_left_half.png,external_test,-1,r3,partitioned_by_hospital/training_set,False,0.7228340140451932,0.4615124427733825,0.48155699144314723,0.18627579300021102,0.7818090390178015,0.06807518641790769,0.25261042077956347,0.023710396569744958,0.0643742075919227,0.011756231782003034,0.9791877394799487,0.013215905451491162
RIMONE_r3_N-14-R_left_half,RIM-ONE,RIMONE_r3_N-14-R_left_half,0,Normal,C:/Users/TRIPU/OneDrive/Documents/ML/end sem project/RIM-ONE_DL_images\RIM-ONE_DL_images\partitioned_by_hospital\training_set\normal\r3_N-14-R_left_half.png,C:/Users/TRIPU/.gemini/antigravity/scratch/glaucoma_detection\data\processed\RIM-ONE\normal\RIMONE_r3_N-14-R_left_half.png,external_test,-1,r3,partitioned_by_hospital/training_set,False,2.4378365342119444,1.7882768467802694,0.9654025110862388,0.39717856922655315,0.6343440156921715,0.09768870609705335,0.12602226218504844,0.018595829014200208,0.016227415422962462,0.004616318641429321,0.9576399675797456,0.031050524317238808
RIMONE_r3_N-16-R_left_half,RIM-ONE,RIMONE_r3_N-16-R_left_half,0,Normal,C:/Users/TRIPU/OneDrive/Documents/ML/end sem project/RIM-ONE_DL_images\RIM-ONE_DL_images\partitioned_by_hospital\training_set\normal\r3_N-16-R_left_half.png,C:/Users/TRIPU/.gemini/antigravity/scratch/glaucoma_detection\data\processed\RIM-ONE\normal\RIMONE_r3_N-16-R_left_half.png,external_test,-1,r3,partitioned_by_hospital/training_set,False,2.2273061168665627,1.7150939985018872,0.9179980765282553,0.3725634626587063,0.6451921670640322,0.09156580757677184,0.14254812934237981,0.018358183986215935,0.0206569920982836,0.005170333551286887,0.9680425177834686,0.024610407687185087
RIMONE_r3_N-17-L_left_half,RIM-ONE,RIMONE_r3_N-17-L_left_half,0,Normal,C:/Users/TRIPU/OneDrive/Documents/ML/end sem project/RIM-ONE_DL_images\RIM-ONE_DL_images\partitioned_by_hospital\training_set\normal\r3_N-17-L_left_half.png,C:/Users/TRIPU/.gemini/antigravity/scratch/glaucoma_detection\data\processed\RIM-ONE\normal\RIMONE_r3_N-17-L_left_half.png,external_test,-1,r3,partitioned_by_hospital/training_set,False,1.2402089152818452,0.8166988563497033,0.6429742573628059,0.23127995479835034,0.7284059267527501,0.07083968681693002,0.2022464118913545,0.021185190717039185,0.04135242342864473,0.008465193581802142,0.9646594195365977,0.02316396594022399
RIMONE_r3_N-18-R_left_half,RIM-ONE,RIMONE_r3_N-18-R_left_half,0,Normal,C:/Users/TRIPU/OneDrive/Documents/ML/end sem project/RIM-ONE_DL_images\RIM-ONE_DL_images\partitioned_by_hospital\training_set\normal\r3_N-18-R_left_half.png,C:/Users/TRIPU/.gemini/antigravity/scratch/glaucoma_detection\data\processed\RIM-ONE\normal\RIMONE_r3_N-18-R_left_half.png,external_test,-1,r3,partitioned_by_hospital/training_set,False,1.9676509395953017,1.373044359729228,0.8563780965691175,0.33113035264768104,0.6620355860403325,0.08805024264118053,0.14526822191734662,0.01980319955533832,0.021495023011656025,0.005675252265984796,0.9466091184163283,0.03707676707940405
RIMONE_r3_N-2-R_left_half,RIM-ONE,RIMONE_r3_N-2-R_left_half,0,Normal,C:/Users/TRIPU/OneDrive/Documents/ML/end sem project/RIM-ONE_DL_images\RIM-ONE_DL_images\partitioned_by_hospital\training_set\normal\r3_N-2-R_left_half.png,C:/Users/TRIPU/.gemini/antigravity/scratch/glaucoma_detection\data\processed\RIM-ONE\normal\RIMONE_r3_N-2-R_left_half.png,external_test,-1,r3,partitioned_by_hospital/training_set,False,0.9656212670328234,0.6247379435491187,0.5638065052638037,0.20706821082964544,0.754122785754678,0.06773651791859485,0.2155627746245341,0.020223366546165283,0.04687629435828824,0.008583507881683643,0.9657849165425009,0.022093331530095923
RIMONE_r3_N-20-R_left_half,RIM-ONE,RIMONE_r3_N-20-R_left_half,0,Normal,C:/Users/TRIPU/OneDrive/Documents/ML/end sem project/RIM-ONE_DL_images\RIM-ONE_DL_images\partitioned_by_hospital\training_set\normal\r3_N-20-R_left_half.png,C:/Users/TRIPU/.gemini/antigravity/scratch/glaucoma_detection\data\processed\RIM-ONE\normal\RIMONE_r3_N-20-R_left_half.png,external_test,-1,r3,partitioned_by_hospital/training_set,False,2.2061934817346125,1.606297191852006,0.9368250990485327,0.3765770099287362,0.6365958978774106,0.0948077226227278,0.14687723023789143,0.021092561694281003,0.022017816921181616,0.006118341231278601,0.8995274437945849,0.07335599820448542
RIMONE_r3_N-21-L_left_half,RIM-ONE,RIMONE_r3_N-21-L_left_half,0,Normal,C:/Users/TRIPU/OneDrive/Documents/ML/end sem project/RIM-ONE_DL_images\RIM-ONE_DL_images\partitioned_by_hospital\training_set\normal\r3_N-21-L_left_half.png,C:/Users/TRIPU/.gemini/antigravity/scratch/glaucoma_detection\data\processed\RIM-ONE\normal\RIMONE_r3_N-21-L_left_half.png,external_test,-1,r3,partitioned_by_hospital/training_set,False,0.5028026781500275,0.23444638908991305,0.3937964032606371,0.1200289641268339,0.8137609467654779,0.04904042466931371,0.3186205875169216,0.023609742523166947,0.1020764987316386,0.014849892633833477,0.913000865975346,0.04058437645792392
RIMONE_r3_N-22-R_left_half,RIM-ONE,RIMONE_r3_N-22-R_left_half,0,Normal,C:/Users/TRIPU/OneDrive/Documents/ML/end sem project/RIM-ONE_DL_images\RIM-ONE_DL_images\partitioned_by_hospital\training_set\normal\r3_N-22-R_left_half.png,C:/Users/TRIPU/.gemini/antigravity/scratch/glaucoma_detection\data\processed\RIM-ONE\normal\RIMONE_r3_N-22-R_left_half.png,external_test,-1,r3,partitioned_by_hospital/training_set,False,0.48093074661796903,0.23180498966437765,0.37149057990462914,0.1130083598899064,0.8248396727721768,0.04520352870811684,0.29024930193773524,0.019624651336822847,0.08462978421543443,0.011258213966512963,0.9289553702927521,0.03429823625650984
RIMONE_r3_N-23-L_left_half,RIM-ONE,RIMONE_r3_N-23-L_left_half,0,Normal,C:/Users/TRIPU/OneDrive/Documents/ML/end sem project/RIM-ONE_DL_images\RIM-ONE_DL_images\partitioned_by_hospital\training_set\normal\r3_N-23-L_left_half.png,C:/Users/TRIPU/.gemini/antigravity/scratch/glaucoma_detection\data\processed\RIM-ONE\normal\RIMONE_r3_N-23-L_left_half.png,external_test,-1,r3,partitioned_by_hospital/training_set,False,1.768107599591575,1.262460266555466,0.7897824084796795,0.3138847880632814,0.6851705339879537,0.08543661392696454,0.16309867116368085,0.01951556841671898,0.02698203394598614,0.006268403655102806,0.9548433703607305,0.03221228733846474
RIMONE_r3_N-24-R_left_half,RIM-ONE,RIMONE_r3_N-24-R_left_half,0,Normal,C:/Users/TRIPU/OneDrive/Documents/ML/end sem project/RIM-ONE_DL_images\RIM-ONE_DL_images\partitioned_by_hospital\training_set\normal\r3_N-24-R_left_half.png,C:/Users/TRIPU/.gemini/antigravity/scratch/glaucoma_detection\data\processed\RIM-ONE\normal\RIMONE_r3_N-24-R_left_half.png,external_test,-1,r3,partitioned_by_hospital/training_set,False,0.5849933883767472,0.3141540943559627,0.42874094339766056,0.1459771073820846,0.8005292927631529,0.057268486303359525,0.25014297621084197,0.02205118156303869,0.06305776315594395,0.010832194209862053,0.9600503799294328,0.021417533329759934
RIMONE_r3_N-25-L_left_half,RIM-ONE,RIMONE_r3_N-25-L_left_half,0,Normal,C:/Users/TRIPU/OneDrive/Documents/ML/end sem project/RIM-ONE_DL_images\RIM-ONE_DL_images\partitioned_by_hospital\training_set\normal\r3_N-25-L_left_half.png,C:/Users/TRIPU/.gemini/antigravity/scratch/glaucoma_detection\data\processed\RIM-ONE\normal\RIMONE_r3_N-25-L_left_half.png,external_test,-1,r3,partitioned_by_hospital/training_set,False,1.398765079091306,0.9907580456327847,0.738728405935562,0.2950540394487846,0.6889498612906059,0.08962121133831823,0.14514326541202555,0.01910973384336279,0.02143174942202986,0.00544909212482038,0.9721992145146313,0.01972023394604325
RIMONE_r3_N-26-R_left_half,RIM-ONE,RIMONE_r3_N-26-R_left_half,0,Normal,C:/Users/TRIPU/OneDrive/Documents/ML/end sem project/RIM-ONE_DL_images\RIM-ONE_DL_images\partitioned_by_hospital\training_set\normal\r3_N-26-R_left_half.png,C:/Users/TRIPU/.gemini/antigravity/scratch/glaucoma_detection\data\processed\RIM-ONE\normal\RIMONE_r3_N-26-R_left_half.png,external_test,-1,r3,partitioned_by_hospital/training_set,False,2.0836514888089694,1.4751642128826334,0.8937863271717323,0.3517263281366992,0.650994059951957,0.09089888192230713,0.13558814204146769,0.018647668853930797,0.018731879815943073,0.004984574744985374,0.9565212530775602,0.030857950415917008
RIMONE_r3_N-27-L_left_half,RIM-ONE,RIMONE_r3_N-27-L_left_half,0,Normal,C:/Users/TRIPU/OneDrive/Documents/ML/end sem project/RIM-ONE_DL_images\RIM-ONE_DL_images\partitioned_by_hospital\training_set\normal\r3_N-27-L_left_half.png,C:/Users/TRIPU/.gemini/antigravity/scratch/glaucoma_detection\data\processed\RIM-ONE\normal\RIMONE_r3_N-27-L_left_half.png,external_test,-1,r3,partitioned_by_hospital/training_set,False,2.135624741453538,1.4955498132454537,0.905511778041508,0.3525513512649525,0.6481282175563617,0.09019677583643555,0.13203280446678192,0.018441948865444147,0.017772766933319126,0.00480952786285643,0.9502780353768556,0.03487893202818475
RIMONE_r3_N-28-R_left_half,RIM-ONE,RIMONE_r3_N-28-R_left_half,0,Normal,C:/Users/TRIPU/OneDrive/Documents/ML/end sem project/RIM-ONE_DL_images\RIM-ONE_DL_images\partitioned_by_hospital\training_set\normal\r3_N-28-R_left_half.png,C:/Users/TRIPU/.gemini/antigravity/scratch/glaucoma_detection\data\processed\RIM-ONE\normal\RIMONE_r3_N-28-R_left_half.png,external_test,-1,r3,partitioned_by_hospital/training_set,False,2.120358704397028,1.506374688979349,0.8985074304174164,0.35856800060959354,0.650006605754529,0.0933289215105847,0.1430538326566704,0.020366839863600758,0.02087920720379222,0.005742762062980284,0.9437328291744743,0.04002565162021469
RIMONE_r3_N-29-L_left_half,RIM-ONE,RIMONE_r3_N-29-L_left_half,0,Normal,C:/Users/TRIPU/OneDrive/Documents/ML/end sem project/RIM-ONE_DL_images\RIM-ONE_DL_images\partitioned_by_hospital\training_set\normal\r3_N-29-L_left_half.png,C:/Users/TRIPU/.gemini/antigravity/scratch/glaucoma_detection\data\processed\RIM-ONE\normal\RIMONE_r3_N-29-L_left_half.png,external_test,-1,r3,partitioned_by_hospital/training_set,False,1.294148744534676,0.8705035971534779,0.6925124819613916,0.26672395294877266,0.7069185125778182,0.0825561888268529,0.16831299070309735,0.020945629866587673,0.02876798224992902,0.006926842159976894,0.9553144164390104,0.030135565741647132
RIMONE_r3_N-3-L_left_half,RIM-ONE,RIMONE_r3_N-3-L_left_half,0,Normal,C:/Users/TRIPU/OneDrive/Documents/ML/end sem project/RIM-ONE_DL_images\RIM-ONE_DL_images\partitioned_by_hospital\training_set\normal\r3_N-3-L_left_half.png,C:/Users/TRIPU/.gemini/antigravity/scratch/glaucoma_detection\data\processed\RIM-ONE\normal\RIMONE_r3_N-3-L_left_half.png,external_test,-1,r3,partitioned_by_hospital/training_set,False,1.585457863948953,1.0704584272528308,0.7920810916204113,0.29634360432458584,0.6726413459713524,0.08549489671693344,0.172788461906994,0.022069541248817392,0.03034291721911798,0.007521715513822548,0.9245607248553175,0.050805495768914785
RIMONE_r3_N-30-R_left_half,RIM-ONE,RIMONE_r3_N-30-R_left_half,0,Normal,C:/Users/TRIPU/OneDrive/Documents/ML/end sem project/RIM-ONE_DL_images\RIM-ONE_DL_images\partitioned_by_hospital\training_set\normal\r3_N-30-R_left_half.png,C:/Users/TRIPU/.gemini/antigravity/scratch/glaucoma_detection\data\processed\RIM-ONE\normal\RIMONE_r3_N-30-R_left_half.png,external_test,-1,r3,partitioned_by_hospital/training_set,False,0.8716803587696415,0.5136828879131868,0.5796191940176924,0.20366497512344628,0.7381321669787159,0.07282993934518046,0.19608217360325983,0.02221281372426398,0.038941627898527766,0.008557428725719456,0.9504578355654251,0.029228998579170138
RIMONE_r3_N-31-L_left_half,RIM-ONE,RIMONE_r3_N-31-L_left_half,0,Normal,C:/Users/TRIPU/OneDrive/Documents/ML/end sem project/RIM-ONE_DL_images\RIM-ONE_DL_images\partitioned_by_hospital\training_set\normal\r3_N-31-L_left_half.png,C:/Users/TRIPU/.gemini/antigravity/scratch/glaucoma_detection\data\processed\RIM-ONE\normal\RIMONE_r3_N-31-L_left_half.png,external_test,-1,r3,partitioned_by_hospital/training_set,False,1.832561793488761,1.2623105209237884,0.8425338426135865,0.3183071975828103,0.6621952317032406,0.08608774740902488,0.16548903098293308,0.021391099880763688,0.02784419852977899,0.006997030426097063,0.9284624165370673,0.04922542527229981
RIMONE_r3_N-32-R_left_half,RIM-ONE,RIMONE_r3_N-32-R_left_half,0,Normal,C:/Users/TRIPU/OneDrive/Documents/ML/end sem project/RIM-ONE_DL_images\RIM-ONE_DL_images\partitioned_by_hospital\training_set\normal\r3_N-32-R_left_half.png,C:/Users/TRIPU/.gemini/antigravity/scratch/glaucoma_detection\data\processed\RIM-ONE\normal\RIMONE_r3_N-32-R_left_half.png,external_test,-1,r3,partitioned_by_hospital/training_set,False,1.908348935627024,1.3002778119728549,0.8421976160068323,0.31874703628404527,0.667142119569796,0.0846190669330182,0.14190902103435843,0.01911901941312344,0.020503707154249377,0.005349041084082788,0.9477813357033386,0.035536643663877605
RIMONE_r3_N-33-L_left_half,RIM-ONE,RIMONE_r3_N-33-L_left_half,0,Normal,C:/Users/TRIPU/OneDrive/Documents/ML/end sem project/RIM-ONE_DL_images\RIM-ONE_DL_images\partitioned_by_hospital\training_set\normal\r3_N-33-L_left_half.png,C:/Users/TRIPU/.gemini/antigravity/scratch/glaucoma_detection\data\processed\RIM-ONE\normal\RIMONE_r3_N-33-L_left_half.png,external_test,-1,r3,partitioned_by_hospital/training_set,False,1.6246148412779124,1.1677680652770253,0.7523117898453396,0.3044095747251552,0.6956867771255295,0.08595280057232182,0.17891365824978525,0.021438261073118112,0.032469696146160125,0.00754448484220479,0.9653258313521325,0.024837715658436288
RIMONE_r3_N-34-R_left_half,RIM-ONE,RIMONE_r3_N-34-R_left_half,0,Normal,C:/Users/TRIPU/OneDrive/Documents/ML/end sem project/RIM-ONE_DL_images\RIM-ONE_DL_images\partitioned_by_hospital\training_set\normal\r3_N-34-R_left_half.png,C:/Users/TRIPU/.gemini/antigravity/scratch/glaucoma_detection\data\processed\RIM-ONE\normal\RIMONE_r3_N-34-R_left_half.png,external_test,-1,r3,partitioned_by_hospital/training_set,False,1.1648678546044933,0.8083645861178294,0.637075724430364,0.25418523034984947,0.7277781698977219,0.08086248184027173,0.18738491099549945,0.02177940345649312,0.03558744728371196,0.008020037754516575,0.9704310685989516,0.020450532193493475
RIMONE_r3_N-35-L_left_half,RIM-ONE,RIMONE_r3_N-35-L_left_half,0,Normal,C:/Users/TRIPU/OneDrive/Documents/ML/end sem project/RIM-ONE_DL_images\RIM-ONE_DL_images\partitioned_by_hospital\training_set\normal\r3_N-35-L_left_half.png,C:/Users/TRIPU/.gemini/antigravity/scratch/glaucoma_detection\data\processed\RIM-ONE\normal\RIMONE_r3_N-35-L_left_half.png,external_test,-1,r3,partitioned_by_hospital/training_set,False,1.0773904832675771,0.6976307081473394,0.635122828524211,0.23511316664333506,0.7226435621297852,0.0772748064017619,0.1811630980424281,0.020337852806693323,0.033233696349117145,0.007260376921625356,0.974297285069431,0.016610768727112552
RIMONE_r3_N-36-R_left_half,RIM-ONE,RIMONE_r3_N-36-R_left_half,0,Normal,C:/Users/TRIPU/OneDrive/Documents/ML/end sem project/RIM-ONE_DL_images\RIM-ONE_DL_images\partitioned_by_hospital\training_set\normal\r3_N-36-R_left_half.png,C:/Users/TRIPU/.gemini/antigravity/scratch/glaucoma_detection\data\processed\RIM-ONE\normal\RIMONE_r3_N-36-R_left_half.png,external_test,-1,r3,partitioned_by_hospital/training_set,False,1.4930254336005284,1.082428589651303,0.7402134589152948,0.29639527720097275,0.6940868163672413,0.08598201499339236,0.16374923124678403,0.021087459329578277,0.027258491674889366,0.006799205220888814,0.9666591117108948,0.024111095341358524
RIMONE_r3_N-37-L_left_half,RIM-ONE,RIMONE_r3_N-37-L_left_half,0,Normal,C:/Users/TRIPU/OneDrive/Documents/ML/end sem project/RIM-ONE_DL_images\RIM-ONE_DL_images\partitioned_by_hospital\training_set\normal\r3_N-37-L_left_half.png,C:/Users/TRIPU/.gemini/antigravity/scratch/glaucoma_detection\data\processed\RIM-ONE\normal\RIMONE_r3_N-37-L_left_half.png,external_test,-1,r3,partitioned_by_hospital/training_set,False,0.8590672085003589,0.47986725008060455,0.5680541484638103,0.18786446144723332,0.7436256213035509,0.06691753525254565,0.21358882432397422,0.023038972750874895,0.04615098014151309,0.009694236278091713,0.9234425655718587,0.042803582124084194
RIMONE_r3_N-38-R_left_half,RIM-ONE,RIMONE_r3_N-38-R_left_half,0,Normal,C:/Users/TRIPU/OneDrive/Documents/ML/end sem project/RIM-ONE_DL_images\RIM-ONE_DL_images\partitioned_by_hospital\training_set\normal\r3_N-38-R_left_half.png,C:/Users/TRIPU/.gemini/antigravity/scratch/glaucoma_detection\data\processed\RIM-ONE\normal\RIMONE_r3_N-38-R_left_half.png,external_test,-1,r3,partitioned_by_hospital/training_set,False,0.5412785967908016,0.24529884992858542,0.42579494268575585,0.12338410250573505,0.7983540603942293,0.05001388967181929,0.2619594313140896,0.02137787129339114,0.06907975703543803,0.011047005022597279,0.9324377079965425,0.030610068822197967
RIMONE_r3_N-39-L_left_half,RIM-ONE,RIMONE_r3_N-39-L_left_half,0,Normal,C:/Users/TRIPU/OneDrive/Documents/ML/end sem project/RIM-ONE_DL_images\RIM-ONE_DL_images\partitioned_by_hospital\training_set\normal\r3_N-39-L_left_half.png,C:/Users/TRIPU/.gemini/antigravity/scratch/glaucoma_detection\data\processed\RIM-ONE\normal\RIMONE_r3_N-39-L_left_half.png,external_test,-1,r3,partitioned_by_hospital/training_set,False,1.000884522972303,0.5940027484413478,0.609425150036612,0.21377492464943804,0.7315659732501288,0.07293097110252317,0.1900135296509109,0.021805917176581313,0.03658063947430951,0.008164726182502434,0.9562680147459659,0.025936028293014193
RIMONE_r3_N-4-R_left_half,RIM-ONE,RIMONE_r3_N-4-R_left_half,0,Normal,C:/Users/TRIPU/OneDrive/Documents/ML/end sem project/RIM-ONE_DL_images\RIM-ONE_DL_images\partitioned_by_hospital\training_set\normal\r3_N-4-R_left_half.png,C:/Users/TRIPU/.gemini/antigravity/scratch/glaucoma_detection\data\processed\RIM-ONE\normal\RIMONE_r3_N-4-R_left_half.png,external_test,-1,r3,partitioned_by_hospital/training_set,False,1.72700911968082,1.1510412464498196,0.8405339593319381,0.3116747331599699,0.6561655151399499,0.08825768202253367,0.1605236099703204,0.02100971068759987,0.026209237301080202,0.006665248713727077,0.9275158564413483,0.04828893687373448
RIMONE_r3_N-40-R_left_half,RIM-ONE,RIMONE_r3_N-40-R_left_half,0,Normal,C:/Users/TRIPU/OneDrive/Documents/ML/end sem project/RIM-ONE_DL_images\RIM-ONE_DL_images\partitioned_by_hospital\training_set\normal\r3_N-40-R_left_half.png,C:/Users/TRIPU/.gemini/antigravity/scratch/glaucoma_detection\data\processed\RIM-ONE\normal\RIMONE_r3_N-40-R_left_half.png,external_test,-1,r3,partitioned_by_hospital/training_set,False,1.3782694888729239,0.8793158646367945,0.7037010386165296,0.2572371960178053,0.7070649888180549,0.07732158937893147,0.17041056082140335,0.020981281112142994,0.029479973396571962,0.007050213614208423,0.9466434709619388,0.03402667948737248
RIMONE_r3_N-41-L_left_half,RIM-ONE,RIMONE_r3_N-41-L_left_half,0,Normal,C:/Users/TRIPU/OneDrive/Documents/ML/end sem project/RIM-ONE_DL_images\RIM-ONE_DL_images\partitioned_by_hospital\training_set\normal\r3_N-41-L_left_half.png,C:/Users/TRIPU/.gemini/antigravity/scratch/glaucoma_detection\data\processed\RIM-ONE\normal\RIMONE_r3_N-41-L_left_half.png,external_test,-1,r3,partitioned_by_hospital/training_set,False,1.3186732475004128,0.8616949132407147,0.6920341986166223,0.26091692197006944,0.7094486792120995,0.07977957491263404,0.18281659752004983,0.02223973717471225,0.03391651423840817,0.00798707898368607,0.9508316949217663,0.03210307078834534
RIMONE_r3_N-42-R_left_half,RIM-ONE,RIMONE_r3_N-42-R_left_half,0,Normal,C:/Users/TRIPU/OneDrive/Documents/ML/end sem project/RIM-ONE_DL_images\RIM-ONE_DL_images\partitioned_by_hospital\training_set\normal\r3_N-42-R_left_half.png,C:/Users/TRIPU/.gemini/antigravity/scratch/glaucoma_detection\data\processed\RIM-ONE\normal\RIMONE_r3_N-42-R_left_half.png,external_test,-1,r3,partitioned_by_hospital/training_set,False,1.1901503631531976,0.8169827539697695,0.6448294987842348,0.2508641584359744,0.7261442325375671,0.07762761700383751,0.19903789103520164,0.02312830987398057,0.04015100078536767,0.00905165567490311,0.9530823859470895,0.03217940700494644
RIMONE_r3_N-43-L_left_half,RIM-ONE,RIMONE_r3_N-43-L_left_half,0,Normal,C:/Users/TRIPU/OneDrive/Documents/ML/end sem project/RIM-ONE_DL_images\RIM-ONE_DL_images\partitioned_by_hospital\training_set\normal\r3_N-43-L_left_half.png,C:/Users/TRIPU/.gemini/antigravity/scratch/glaucoma_detection\data\processed\RIM-ONE\normal\RIMONE_r3_N-43-L_left_half.png,external_test,-1,r3,partitioned_by_hospital/training_set,False,1.0151708738805483,0.6102213237580367,0.6140224149588831,0.21226590016635083,0.7296537009748437,0.07110935574077866,0.19840191295318566,0.021594974110618666,0.039829661970321756,0.008433536375113541,0.947414889765945,0.03154421202897264
RIMONE_r3_N-44-R_left_half,RIM-ONE,RIMONE_r3_N-44-R_left_half,0,Normal,C:/Users/TRIPU/OneDrive/Documents/ML/end sem project/RIM-ONE_DL_images\RIM-ONE_DL_images\partitioned_by_hospital\training_set\normal\r3_N-44-R_left_half.png,C:/Users/TRIPU/.gemini/antigravity/scratch/glaucoma_detection\data\processed\RIM-ONE\normal\RIMONE_r3_N-44-R_left_half.png,external_test,-1,r3,partitioned_by_hospital/training_set,False,0.7886981986986249,0.41100836699502186,0.5431379916425688,0.16742715894953056,0.7518427511329713,0.06118782882494893,0.22555640443581068,0.02109096220181498,0.05132052026860939,0.009387962272561787,0.9395180559625164,0.031507630268223244
RIMONE_r3_N-46-R_left_half,RIM-ONE,RIMONE_r3_N-46-R_left_half,0,Normal,C:/Users/TRIPU/OneDrive/Documents/ML/end sem project/RIM-ONE_DL_images\RIM-ONE_DL_images\partitioned_by_hospital\training_set\normal\r3_N-46-R_left_half.png,C:/Users/TRIPU/.gemini/antigravity/scratch/glaucoma_detection\data\processed\RIM-ONE\normal\RIMONE_r3_N-46-R_left_half.png,external_test,-1,r3,partitioned_by_hospital/training_set,False,0.7209657591543177,0.39827002292736974,0.511976243757046,0.17161250165457737,0.7640187159269575,0.06463073831397556,0.22157308104334328,0.021797119770489183,0.04956974467332903,0.00951170584707273,0.9574461802755092,0.023519257652147053
RIMONE_r3_N-47-L_left_half,RIM-ONE,RIMONE_r3_N-47-L_left_half,0,Normal,C:/Users/TRIPU/OneDrive/Documents/ML/end sem project/RIM-ONE_DL_images\RIM-ONE_DL_images\partitioned_by_hospital\training_set\normal\r3_N-47-L_left_half.png,C:/Users/TRIPU/.gemini/antigravity/scratch/glaucoma_detection\data\processed\RIM-ONE\normal\RIMONE_r3_N-47-L_left_half.png,external_test,-1,r3,partitioned_by_hospital/training_set,False,1.78241704991485,1.2190732176890269,0.799567781249678,0.30181698144683283,0.6809886921658065,0.08163084128657282,0.16478590499837834,0.019205253482079514,0.027523236247445487,0.006249689397746337,0.9640343041916847,0.024613596596302984
RIMONE_r3_N-48-R_left_half,RIM-ONE,RIMONE_r3_N-48-R_left_half,0,Normal,C:/Users/TRIPU/OneDrive/Documents/ML/end sem project/RIM-ONE_DL_images\RIM-ONE_DL_images\partitioned_by_hospital\training_set\normal\r3_N-48-R_left_half.png,C:/Users/TRIPU/.gemini/antigravity/scratch/glaucoma_detection\data\processed\RIM-ONE\normal\RIMONE_r3_N-48-R_left_half.png,external_test,-1,r3,partitioned_by_hospital/training_set,False,0.6797638463410353,0.3997579438132964,0.4562291300650397,0.15875615361233697,0.7928182059981518,0.0575403478864269,0.28577373260384037,0.0220337412704099,0.08215211200070265,0.012400716762316142,0.9618590436290284,0.022335129061922317
RIMONE_r3_N-49-L_left_half,RIM-ONE,RIMONE_r3_N-49-L_left_half,0,Normal,C:/Users/TRIPU/OneDrive/Documents/ML/end sem project/RIM-ONE_DL_images\RIM-ONE_DL_images\partitioned_by_hospital\training_set\normal\r3_N-49-L_left_half.png,C:/Users/TRIPU/.gemini/antigravity/scratch/glaucoma_detection\data\processed\RIM-ONE\normal\RIMONE_r3_N-49-L_left_half.png,external_test,-1,r3,partitioned_by_hospital/training_set,False,1.4250954171720964,0.9482994167069533,0.7454236420296488,0.2827623902225407,0.6872157289563386,0.0856772552526248,0.17429018173279884,0.022439646744125383,0.030880605194453167,0.007713558085638808,0.934049027902882,0.043897224810941715
RIMONE_r3_N-5-L_left_half,RIM-ONE,RIMONE_r3_N-5-L_left_half,0,Normal,C:/Users/TRIPU/OneDrive/Documents/ML/end sem project/RIM-ONE_DL_images\RIM-ONE_DL_images\partitioned_by_hospital\training_set\normal\r3_N-5-L_left_half.png,C:/Users/TRIPU/.gemini/antigravity/scratch/glaucoma_detection\data\processed\RIM-ONE\normal\RIMONE_r3_N-5-L_left_half.png,external_test,-1,r3,partitioned_by_hospital/training_set,False,2.043946338296258,1.4843529165813465,0.8819588757957749,0.34526684145433345,0.6548027586126429,0.08732784565031164,0.1471950193921133,0.01959047975702925,0.02205016063095519,0.005697008517665658,0.9270094445965747,0.05291949997168527
RIMONE_r3_N-50-R_left_half,RIM-ONE,RIMONE_r3_N-50-R_left_half,0,Normal,C:/Users/TRIPU/OneDrive/Documents/ML/end sem project/RIM-ONE_DL_images\RIM-ONE_DL_images\partitioned_by_hospital\training_set\normal\r3_N-50-R_left_half.png,C:/Users/TRIPU/.gemini/antigravity/scratch/glaucoma_detection\data\processed\RIM-ONE\normal\RIMONE_r3_N-50-R_left_half.png,external_test,-1,r3,partitioned_by_hospital/training_set,False,1.4780446697893606,0.9838828941589078,0.7456453574030261,0.27951153588783856,0.6907285901857346,0.08214776392839684,0.16539168493631104,0.0212026263517253,0.027803960810282857,0.006903625777580104,0.9350099064132648,0.04328440640953672
RIMONE_r3_N-51-L_left_half,RIM-ONE,RIMONE_r3_N-51-L_left_half,0,Normal,C:/Users/TRIPU/OneDrive/Documents/ML/end sem project/RIM-ONE_DL_images\RIM-ONE_DL_images\partitioned_by_hospital\training_set\normal\r3_N-51-L_left_half.png,C:/Users/TRIPU/.gemini/antigravity/scratch/glaucoma_detection\data\processed\RIM-ONE\normal\RIMONE_r3_N-51-L_left_half.png,external_test,-1,r3,partitioned_by_hospital/training_set,False,0.6204550695696108,0.36050149664943104,0.4252572612414354,0.14190224148998437,0.805415852796579,0.05141922351917219,0.3082000422402483,0.01682283401015926,0.0952702737810242,0.010267137883256556,0.9791977500001664,0.011990055481507835
RIMONE_r3_N-52-R_left_half,RIM-ONE,RIMONE_r3_N-52-R_left_half,0,Normal,C:/Users/TRIPU/OneDrive/Documents/ML/end sem project/RIM-ONE_DL_images\RIM-ONE_DL_images\partitioned_by_hospital\training_set\normal\r3_N-52-R_left_half.png,C:/Users/TRIPU/.gemini/antigravity/scratch/glaucoma_detection\data\processed\RIM-ONE\normal\RIMONE_r3_N-52-R_left_half.png,external_test,-1,r3,partitioned_by_hospital/training_set,False,0.6377583051774307,0.3693195175911096,0.44407518829651343,0.15044919806565607,0.7961832378841839,0.05521057299395871,0.2521876436322498,0.018738891336716336,0.0639497536493159,0.009319238235534799,0.977771180048724,0.012778761926459716
RIMONE_r3_N-53-L_left_half,RIM-ONE,RIMONE_r3_N-53-L_left_half,0,Normal,C:/Users/TRIPU/OneDrive/Documents/ML/end sem project/RIM-ONE_DL_images\RIM-ONE_DL_images\partitioned_by_hospital\training_set\normal\r3_N-53-L_left_half.png,C:/Users/TRIPU/.gemini/antigravity/scratch/glaucoma_detection\data\processed\RIM-ONE\normal\RIMONE_r3_N-53-L_left_half.png,external_test,-1,r3,partitioned_by_hospital/training_set,False,1.4462102333864262,1.0599551733211474,0.6952291290159861,0.2845186549037336,0.7155497780627836,0.08108493819314933,0.18269370517285818,0.01963904942791985,0.0337626821722195,0.007052661975068085,0.972126859898529,0.020411153889523807
RIMONE_r3_N-54-R_left_half,RIM-ONE,RIMONE_r3_N-54-R_left_half,0,Normal,C:/Users/TRIPU/OneDrive/Documents/ML/end sem project/RIM-ONE_DL_images\RIM-ONE_DL_images\partitioned_by_hospital\training_set\normal\r3_N-54-R_left_half.png,C:/Users/TRIPU/.gemini/antigravity/scratch/glaucoma_detection\data\processed\RIM-ONE\normal\RIMONE_r3_N-54-R_left_half.png,external_test,-1,r3,partitioned_by_hospital/training_set,False,1.342681354250715,0.99488911490866,0.6678330122343761,0.28109918708982035,0.7237084047084964,0.0834571410390366,0.18159019191295278,0.02010737946090479,0.03337930450776783,0.0071603188759968,0.9783618830274726,0.01599965956626374
RIMONE_r3_N-55-L_left_half,RIM-ONE,RIMONE_r3_N-55-L_left_half,0,Normal,C:/Users/TRIPU/OneDrive/Documents/ML/end sem project/RIM-ONE_DL_images\RIM-ONE_DL_images\partitioned_by_hospital\training_set\normal\r3_N-55-L_left_half.png,C:/Users/TRIPU/.gemini/antigravity/scratch/glaucoma_detection\data\processed\RIM-ONE\normal\RIMONE_r3_N-55-L_left_half.png,external_test,-1,r3,partitioned_by_hospital/training_set,False,1.105243115080899,0.699290553893509,0.6407781798491453,0.23334826201905248,0.7210846934080232,0.07702361135515123,0.1934947854300311,0.021022207841322346,0.037882165211137526,0.008023424962223106,0.9738831286870986,0.016454121174246907
RIMONE_r3_N-56-R_left_half,RIM-ONE,RIMONE_r3_N-56-R_left_half,0,Normal,C:/Users/TRIPU/OneDrive/Documents/ML/end sem project/RIM-ONE_DL_images\RIM-ONE_DL_images\partitioned_by_hospital\training_set\normal\r3_N-56-R_left_half.png,C:/Users/TRIPU/.gemini/antigravity/scratch/glaucoma_detection\data\processed\RIM-ONE\normal\RIMONE_r3_N-56-R_left_half.png,external_test,-1,r3,partitioned_by_hospital/training_set,False,1.0383968598912496,0.6773506104412964,0.5933943247319776,0.21940062339892552,0.7419855546714126,0.07191698396616274,0.19528459021903488,0.019158346303879355,0.038503113410115725,0.007377344273684891,0.974951878329699,0.016283957292184098
RIMONE_r3_N-58-R_left_half,RIM-ONE,RIMONE_r3_N-58-R_left_half,0,Normal,C:/Users/TRIPU/OneDrive/Documents/ML/end sem project/RIM-ONE_DL_images\RIM-ONE_DL_images\partitioned_by_hospital\training_set\normal\r3_N-58-R_left_half.png,C:/Users/TRIPU/.gemini/antigravity/scratch/glaucoma_detection\data\processed\RIM-ONE\normal\RIMONE_r3_N-58-R_left_half.png,external_test,-1,r3,partitioned_by_hospital/training_set,False,1.6073730207660415,1.1282979506120834,0.7722889861797029,0.3052822910353635,0.6846659353136585,0.08729362523546727,0.15028468181728624,0.02028945608484675,0.0229971476171419,0.0059870732511125065,0.956232910139644,0.030745355440892633
RIMONE_r3_N-59-L_left_half,RIM-ONE,RIMONE_r3_N-59-L_left_half,0,Normal,C:/Users/TRIPU/OneDrive/Documents/ML/end sem project/RIM-ONE_DL_images\RIM-ONE_DL_images\partitioned_by_hospital\training_set\normal\r3_N-59-L_left_half.png,C:/Users/TRIPU/.gemini/antigravity/scratch/glaucoma_detection\data\processed\RIM-ONE\normal\RIMONE_r3_N-59-L_left_half.png,external_test,-1,r3,partitioned_by_hospital/training_set,False,0.7444879707906219,0.37400185779011025,0.5357047123910447,0.16147822560985878,0.7525033785364353,0.06038730914427995,0.23927720986639425,0.022286099834125647,0.057750253407263065,0.010528238967871502,0.9141179030222556,0.04305799989434259
RIMONE_r3_N-6-R_left_half,RIM-ONE,RIMONE_r3_N-6-R_left_half,0,Normal,C:/Users/TRIPU/OneDrive/Documents/ML/end sem project/RIM-ONE_DL_images\RIM-ONE_DL_images\partitioned_by_hospital\training_set\normal\r3_N-6-R_left_half.png,C:/Users/TRIPU/.gemini/antigravity/scratch/glaucoma_detection\data\processed\RIM-ONE\normal\RIMONE_r3_N-6-R_left_half.png,external_test,-1,r3,partitioned_by_hospital/training_set,False,1.0023268604137199,0.6254070452819008,0.6043347206096947,0.21698466321458829,0.7342743736873222,0.0724500801648836,0.19398160701403946,0.02223305514398372,0.038123172600784676,0.008487316607482186,0.9426340186387763,0.035661308065551484
RIMONE_r3_N-61-L_left_half,RIM-ONE,RIMONE_r3_N-61-L_left_half,0,Normal,C:/Users/TRIPU/OneDrive/Documents/ML/end sem project/RIM-ONE_DL_images\RIM-ONE_DL_images\partitioned_by_hospital\training_set\normal\r3_N-61-L_left_half.png,C:/Users/TRIPU/.gemini/antigravity/scratch/glaucoma_detection\data\processed\RIM-ONE\normal\RIMONE_r3_N-61-L_left_half.png,external_test,-1,r3,partitioned_by_hospital/training_set,False,0.6089490868272082,0.32830074771554796,0.44884049398653153,0.14837220403202145,0.7909006117270362,0.05749410111744277,0.26005272699151055,0.02228634216749134,0.06812410186292765,0.011428611516975678,0.9654412241330029,0.018576296778767692
RIMONE_r3_N-62-R_left_half,RIM-ONE,RIMONE_r3_N-62-R_left_half,0,Normal,C:/Users/TRIPU/OneDrive/Documents/ML/end sem project/RIM-ONE_DL_images\RIM-ONE_DL_images\partitioned_by_hospital\training_set\normal\r3_N-62-R_left_half.png,C:/Users/TRIPU/.gemini/antigravity/scratch/glaucoma_detection\data\processed\RIM-ONE\normal\RIMONE_r3_N-62-R_left_half.png,external_test,-1,r3,partitioned_by_hospital/training_set,False,0.5601730462049251,0.2955480463325934,0.41578355111565163,0.13967158159292672,0.8059925476493409,0.05514652825527082,0.3016520358333594,0.023275579675305507,0.09153570333163187,0.013852881493108269,0.9495433908445444,0.02648539866456679
RIMONE_r3_N-63-L_left_half,RIM-ONE,RIMONE_r3_N-63-L_left_half,0,Normal,C:/Users/TRIPU/OneDrive/Documents/ML/end sem project/RIM-ONE_DL_images\RIM-ONE_DL_images\partitioned_by_hospital\training_set\normal\r3_N-63-L_left_half.png,C:/Users/TRIPU/.gemini/antigravity/scratch/glaucoma_detection\data\processed\RIM-ONE\normal\RIMONE_r3_N-63-L_left_half.png,external_test,-1,r3,partitioned_by_hospital/training_set,False,1.2973092603562002,0.8970351068844905,0.706298184593925,0.2801701802279576,0.7001064668930718,0.08718532351059284,0.16301565968191167,0.020687139876201535,0.027002063057786366,0.0066328923896859645,0.9710711349337121,0.019988515020636283
RIMONE_r3_N-64-R_left_half,RIM-ONE,RIMONE_r3_N-64-R_left_half,0,Normal,C:/Users/TRIPU/OneDrive/Documents/ML/end sem project/RIM-ONE_DL_images\RIM-ONE_DL_images\partitioned_by_hospital\training_set\normal\r3_N-64-R_left_half.png,C:/Users/TRIPU/.gemini/antigravity/scratch/glaucoma_detection\data\processed\RIM-ONE\normal\RIMONE_r3_N-64-R_left_half.png,external_test,-1,r3,partitioned_by_hospital/training_set,False,2.323502800366106,1.6137903591000176,0.96677189431614,0.37625923750063633,0.6288171983599306,0.09412117536598225,0.13395910728054064,0.018643267884724674,0.018292613860820997,0.004932848595018835,0.9566437906959663,0.030081182689100462
RIMONE_r3_N-65-L_left_half,RIM-ONE,RIMONE_r3_N-65-L_left_half,0,Normal,C:/Users/TRIPU/OneDrive/Documents/ML/end sem project/RIM-ONE_DL_images\RIM-ONE_DL_images\partitioned_by_hospital\training_set\normal\r3_N-65-L_left_half.png,C:/Users/TRIPU/.gemini/antigravity/scratch/glaucoma_detection\data\processed\RIM-ONE\normal\RIMONE_r3_N-65-L_left_half.png,external_test,-1,r3,partitioned_by_hospital/training_set,False,0.8524958685903918,0.5103075756052872,0.5500297231579349,0.18684867690600546,0.7533246142670822,0.06438742087263324,0.20434609776854729,0.021111047625227475,0.042203004005067296,0.008490970671556011,0.949480856196975,0.030165556175232526
RIMONE_r3_N-66-R_left_half,RIM-ONE,RIMONE_r3_N-66-R_left_half,0,Normal,C:/Users/TRIPU/OneDrive/Documents/ML/end sem project/RIM-ONE_DL_images\RIM-ONE_DL_images\partitioned_by_hospital\training_set\normal\r3_N-66-R_left_half.png,C:/Users/TRIPU/.gemini/antigravity/scratch/glaucoma_detection\data\processed\RIM-ONE\normal\RIMONE_r3_N-66-R_left_half.png,external_test,-1,r3,partitioned_by_hospital/training_set,False,0.39685655583363855,0.1240863287496301,0.35801788760737585,0.08103461897500831,0.8248630857808229,0.03626212104637068,0.307747847494588,0.019188836144991603,0.09507694907015156,0.011675992501039173,0.9151827722526424,0.02657384872946559
RIMONE_r3_N-67-L_left_half,RIM-ONE,RIMONE_r3_N-67-L_left_half,0,Normal,C:/Users/TRIPU/OneDrive/Documents/ML/end sem project/RIM-ONE_DL_images\RIM-ONE_DL_images\partitioned_by_hospital\training_set\normal\r3_N-67-L_left_half.png,C:/Users/TRIPU/.gemini/antigravity/scratch/glaucoma_detection\data\processed\RIM-ONE\normal\RIMONE_r3_N-67-L_left_half.png,external_test,-1,r3,partitioned_by_hospital/training_set,False,0.9363337361163082,0.5677289262884269,0.5718943305547797,0.1976356595402928,0.7468029150021613,0.06697688441669605,0.22613852673287826,0.02214839558706322,0.051629184699997756,0.009880790617037786,0.9480182905990016,0.03144519709017865
RIMONE_r3_N-68-R_left_half,RIM-ONE,RIMONE_r3_N-68-R_left_half,0,Normal,C:/Users/TRIPU/OneDrive/Documents/ML/end sem project/RIM-ONE_DL_images\RIM-ONE_DL_images\partitioned_by_hospital\training_set\normal\r3_N-68-R_left_half.png,C:/Users/TRIPU/.gemini/antigravity/scratch/glaucoma_detection\data\processed\RIM-ONE\normal\RIMONE_r3_N-68-R_left_half.png,external_test,-1,r3,partitioned_by_hospital/training_set,False,0.8853057672739074,0.535612880820097,0.5633232857519407,0.19676719901625656,0.7481267688738088,0.06804960933448005,0.2055088600766389,0.02194193528121902,0.04271534009388475,0.008877977975429885,0.9492721095208626,0.03070023312589937
RIMONE_r3_N-69-L_left_half,RIM-ONE,RIMONE_r3_N-69-L_left_half,0,Normal,C:/Users/TRIPU/OneDrive/Documents/ML/end sem project/RIM-ONE_DL_images\RIM-ONE_DL_images\partitioned_by_hospital\training_set\normal\r3_N-69-L_left_half.png,C:/Users/TRIPU/.gemini/antigravity/scratch/glaucoma_detection\data\processed\RIM-ONE\normal\RIMONE_r3_N-69-L_left_half.png,external_test,-1,r3,partitioned_by_hospital/training_set,False,0.7760836596475883,0.4526132387123891,0.5321902484188208,0.1852375790571677,0.7571363358229476,0.06780874213003034,0.20253496677456762,0.019864628772248163,0.041415016242634446,0.007918543084013211,0.9686574487510592,0.018307798865248824
RIMONE_r3_N-7-L_left_half,RIM-ONE,RIMONE_r3_N-7-L_left_half,0,Normal,C:/Users/TRIPU/OneDrive/Documents/ML/end sem project/RIM-ONE_DL_images\RIM-ONE_DL_images\partitioned_by_hospital\training_set\normal\r3_N-7-L_left_half.png,C:/Users/TRIPU/.gemini/antigravity/scratch/glaucoma_detection\data\processed\RIM-ONE\normal\RIMONE_r3_N-7-L_left_half.png,external_test,-1,r3,partitioned_by_hospital/training_set,False,1.513604693334648,1.0030822964305048,0.7609891376526634,0.28221268783188075,0.6841682470898044,0.08324299377890325,0.15628954069859013,0.019042417135993014,0.024789034182157426,0.005878004051703093,0.968208326497043,0.02103307746949302
RIMONE_r3_N-70-R_left_half,RIM-ONE,RIMONE_r3_N-70-R_left_half,0,Normal,C:/Users/TRIPU/OneDrive/Documents/ML/end sem project/RIM-ONE_DL_images\RIM-ONE_DL_images\partitioned_by_hospital\training_set\normal\r3_N-70-R_left_half.png,C:/Users/TRIPU/.gemini/antigravity/scratch/glaucoma_detection\data\processed\RIM-ONE\normal\RIMONE_r3_N-70-R_left_half.png,external_test,-1,r3,partitioned_by_hospital/training_set,False,1.0594209895146292,0.6004320642155903,0.6723063677485527,0.22484911236501492,0.7007330955394115,0.07767725281243194,0.20117262154945348,0.023479242675477137,0.041021698497693576,0.009333274202135821,0.9022040476258293,0.055456553895580345
RIMONE_r3_N-71-L_left_half,RIM-ONE,RIMONE_r3_N-71-L_left_half,0,Normal,C:/Users/TRIPU/OneDrive/Documents/ML/end sem project/RIM-ONE_DL_images\RIM-ONE_DL_images\partitioned_by_hospital\training_set\normal\r3_N-71-L_left_half.png,C:/Users/TRIPU/.gemini/antigravity/scratch/glaucoma_detection\data\processed\RIM-ONE\normal\RIMONE_r3_N-71-L_left_half.png,external_test,-1,r3,partitioned_by_hospital/training_set,False,0.9462292591423496,0.571657290558367,0.5779712822027665,0.20154014869884818,0.7446022893172994,0.06858547976378783,0.2234889959983323,0.021709494852202905,0.050418633499080434,0.009585322376467907,0.9735907317891151,0.015865386850189844
RIMONE_r3_N-72-R_left_half,RIM-ONE,RIMONE_r3_N-72-R_left_half,0,Normal,C:/Users/TRIPU/OneDrive/Documents/ML/end sem project/RIM-ONE_DL_images\RIM-ONE_DL_images\partitioned_by_hospital\training_set\normal\r3_N-72-R_left_half.png,C:/Users/TRIPU/.gemini/antigravity/scratch/glaucoma_detection\data\processed\RIM-ONE\normal\RIMONE_r3_N-72-R_left_half.png,external_test,-1,r3,partitioned_by_hospital/training_set,False,2.0186715630981165,1.441433579743307,0.8978665852670337,0.3534874291657137,0.6447226893744628,0.09297584832820889,0.13544982461620325,0.019287025234892164,0.01871864433097159,0.005157026407985015,0.9531404417106182,0.03342591452458694
RIMONE_r3_N-73-R_left_half,RIM-ONE,RIMONE_r3_N-73-R_left_half,0,Normal,C:/Users/TRIPU/OneDrive/Documents/ML/end sem project/RIM-ONE_DL_images\RIM-ONE_DL_images\partitioned_by_hospital\training_set\normal\r3_N-73-R_left_half.png,C:/Users/TRIPU/.gemini/antigravity/scratch/glaucoma_detection\data\processed\RIM-ONE\normal\RIMONE_r3_N-73-R_left_half.png,external_test,-1,r3,partitioned_by_hospital/training_set,False,1.0500867222473174,0.6463290013018925,0.6428420041001642,0.23269515264833718,0.7170944037400856,0.07843122134182573,0.19415429363207778,0.023729912715176032,0.03825899849324096,0.009064203221126397,0.9240464841926489,0.046611822783859065
RIMONE_r3_N-74-L_left_half,RIM-ONE,RIMONE_r3_N-74-L_left_half,0,Normal,C:/Users/TRIPU/OneDrive/Documents/ML/end sem project/RIM-ONE_DL_images\RIM-ONE_DL_images\partitioned_by_hospital\training_set\normal\r3_N-74-L_left_half.png,C:/Users/TRIPU/.gemini/antigravity/scratch/glaucoma_detection\data\processed\RIM-ONE\normal\RIMONE_r3_N-74-L_left_half.png,external_test,-1,r3,partitioned_by_hospital/training_set,False,1.9199393186709133,1.3032906109825022,0.8758968891026307,0.3243232662293584,0.6494329189827488,0.0869827214107352,0.14782342062701542,0.01944206595837807,0.022229757614601456,0.005689757837104121,0.9486448669030124,0.034826211812982046
RIMONE_r3_N-75-R_left_half,RIM-ONE,RIMONE_r3_N-75-R_left_half,0,Normal,C:/Users/TRIPU/OneDrive/Documents/ML/end sem project/RIM-ONE_DL_images\RIM-ONE_DL_images\partitioned_by_hospital\training_set\normal\r3_N-75-R_left_half.png,C:/Users/TRIPU/.gemini/antigravity/scratch/glaucoma_detection\data\processed\RIM-ONE\normal\RIMONE_r3_N-75-R_left_half.png,external_test,-1,r3,partitioned_by_hospital/training_set,False,1.754492529759819,1.2850168534610404,0.8155534708732889,0.32997919277876614,0.6711237822175659,0.0903690314431657,0.1486711781733903,0.02012895497395644,0.02250829404780753,0.005889822859252163,0.9574712033089791,0.031155657441733944
RIMONE_r3_N-76-R_left_half,RIM-ONE,RIMONE_r3_N-76-R_left_half,0,Normal,C:/Users/TRIPU/OneDrive/Documents/ML/end sem project/RIM-ONE_DL_images\RIM-ONE_DL_images\partitioned_by_hospital\training_set\normal\r3_N-76-R_left_half.png,C:/Users/TRIPU/.gemini/antigravity/scratch/glaucoma_detection\data\processed\RIM-ONE\normal\RIMONE_r3_N-76-R_left_half.png,external_test,-1,r3,partitioned_by_hospital/training_set,False,1.1440550620109933,0.727543698486528,0.6629244081883217,0.2384308235447551,0.7122317243338471,0.07701101731905492,0.1916949255125722,0.022171739776097772,0.0372385305119696,0.008370095684494833,0.9266527829881933,0.046765510202457145
RIMONE_r3_N-78-R_left_half,RIM-ONE,RIMONE_r3_N-78-R_left_half,0,Normal,C:/Users/TRIPU/OneDrive/Documents/ML/end sem project/RIM-ONE_DL_images\RIM-ONE_DL_images\partitioned_by_hospital\training_set\normal\r3_N-78-R_left_half.png,C:/Users/TRIPU/.gemini/antigravity/scratch/glaucoma_detection\data\processed\RIM-ONE\normal\RIMONE_r3_N-78-R_left_half.png,external_test,-1,r3,partitioned_by_hospital/training_set,False,0.3540416700567996,0.12918369806460908,0.31917935184251495,0.08730310218776054,0.8438804891691197,0.0395542102595975,0.360450253946831,0.024283383478724514,0.13051406828350975,0.017270803905896085,0.9105448218274237,0.0325168458841523
RIMONE_r3_N-79-L_left_half,RIM-ONE,RIMONE_r3_N-79-L_left_half,0,Normal,C:/Users/TRIPU/OneDrive/Documents/ML/end sem project/RIM-ONE_DL_images\RIM-ONE_DL_images\partitioned_by_hospital\training_set\normal\r3_N-79-L_left_half.png,C:/Users/TRIPU/.gemini/antigravity/scratch/glaucoma_detection\data\processed\RIM-ONE\normal\RIMONE_r3_N-79-L_left_half.png,external_test,-1,r3,partitioned_by_hospital/training_set,False,1.353447227086123,0.9215757550802253,0.6989801113960267,0.26453699434117156,0.7072281146168738,0.07857724360575091,0.16157739876074745,0.019572795504638772,0.026490350114156,0.0062182950217513884,0.9526924714165838,0.032264626869284496
RIMONE_r3_N-8-L_left_half,RIM-ONE,RIMONE_r3_N-8-L_left_half,0,Normal,C:/Users/TRIPU/OneDrive/Documents/ML/end sem project/RIM-ONE_DL_images\RIM-ONE_DL_images\partitioned_by_hospital\training_set\normal\r3_N-8-L_left_half.png,C:/Users/TRIPU/.gemini/antigravity/scratch/glaucoma_detection\data\processed\RIM-ONE\normal\RIMONE_r3_N-8-L_left_half.png,external_test,-1,r3,partitioned_by_hospital/training_set,False,1.510748789953085,1.085283077134544,0.76680903004991,0.310778003027668,0.6817449131063483,0.09146311155837206,0.1564893221252536,0.02189430668879559,0.024968268604604413,0.006735069210660695,0.9453862785448345,0.03937151612277206
RIMONE_r3_N-80-R_left_half,RIM-ONE,RIMONE_r3_N-80-R_left_half,0,Normal,C:/Users/TRIPU/OneDrive/Documents/ML/end sem project/RIM-ONE_DL_images\RIM-ONE_DL_images\partitioned_by_hospital\training_set\normal\r3_N-80-R_left_half.png,C:/Users/TRIPU/.gemini/antigravity/scratch/glaucoma_detection\data\processed\RIM-ONE\normal\RIMONE_r3_N-80-R_left_half.png,external_test,-1,r3,partitioned_by_hospital/training_set,False,0.32447684278747224,0.08337665692982581,0.30330349713738985,0.059535241142314586,0.8504651063867952,0.027407375589031464,0.349760014707131,0.014480222233496036,0.12254174472386392,0.010069800980765924,0.9395899671220268,0.015471481599798205
RIMONE_r3_N-81-L_left_half,RIM-ONE,RIMONE_r3_N-81-L_left_half,0,Normal,C:/Users/TRIPU/OneDrive/Documents/ML/end sem project/RIM-ONE_DL_images\RIM-ONE_DL_images\partitioned_by_hospital\training_set\normal\r3_N-81-L_left_half.png,C:/Users/TRIPU/.gemini/antigravity/scratch/glaucoma_detection\data\processed\RIM-ONE\normal\RIMONE_r3_N-81-L_left_half.png,external_test,-1,r3,partitioned_by_hospital/training_set,False,1.3094816100857518,0.8718297409965573,0.662512140959907,0.24529198666944654,0.7232145553579218,0.07333443391244845,0.21239933310977765,0.020761945486870482,0.04554453508587808,0.008716697126936622,0.9578825160243362,0.027902654517855608
RIMONE_r3_N-82-R_left_half,RIM-ONE,RIMONE_r3_N-82-R_left_half,0,Normal,C:/Users/TRIPU/OneDrive/Documents/ML/end sem project/RIM-ONE_DL_images\RIM-ONE_DL_images\partitioned_by_hospital\training_set\normal\r3_N-82-R_left_half.png,C:/Users/TRIPU/.gemini/antigravity/scratch/glaucoma_detection\data\processed\RIM-ONE\normal\RIMONE_r3_N-82-R_left_half.png,external_test,-1,r3,partitioned_by_hospital/training_set,False,0.9741536032666144,0.6757553438693573,0.5700195839610694,0.22203273139176638,0.7511609053426285,0.0723751751730601,0.21617718578932546,0.019390436348678142,0.04710856467758468,0.008254994607616528,0.9674217596765503,0.022538814074566905
RIMONE_r3_N-83-L_left_half,RIM-ONE,RIMONE_r3_N-83-L_left_half,0,Normal,C:/Users/TRIPU/OneDrive/Documents/ML/end sem project/RIM-ONE_DL_images\RIM-ONE_DL_images\partitioned_by_hospital\training_set\normal\r3_N-83-L_left_half.png,C:/Users/TRIPU/.gemini/antigravity/scratch/glaucoma_detection\data\processed\RIM-ONE\normal\RIMONE_r3_N-83-L_left_half.png,external_test,-1,r3,partitioned_by_hospital/training_set,False,0.37721864742424693,0.08736081003898855,0.3538664328184795,0.06164971615451231,0.8253998478814076,0.02828162636338814,0.2905149916021541,0.012733040451446864,0.08456109066473784,0.007351763991766929,0.9509281273665207,0.011406931302244173
RIMONE_r3_N-84-R_left_half,RIM-ONE,RIMONE_r3_N-84-R_left_half,0,Normal,C:/Users/TRIPU/OneDrive/Documents/ML/end sem project/RIM-ONE_DL_images\RIM-ONE_DL_images\partitioned_by_hospital\training_set\normal\r3_N-84-R_left_half.png,C:/Users/TRIPU/.gemini/antigravity/scratch/glaucoma_detection\data\processed\RIM-ONE\normal\RIMONE_r3_N-84-R_left_half.png,external_test,-1,r3,partitioned_by_hospital/training_set,False,0.833332199886495,0.5029478916783174,0.548016412912563,0.19236538170184805,0.7527379244264022,0.06812421916286784,0.19500498512832787,0.020028851643145253,0.0384280991230425,0.007671761117246077,0.9627365626498329,0.022508607697131214
RIMONE_r3_N-85-L_left_half,RIM-ONE,RIMONE_r3_N-85-L_left_half,0,Normal,C:/Users/TRIPU/OneDrive/Documents/ML/end sem project/RIM-ONE_DL_images\RIM-ONE_DL_images\partitioned_by_hospital\training_set\normal\r3_N-85-L_left_half.png,C:/Users/TRIPU/.gemini/antigravity/scratch/glaucoma_detection\data\processed\RIM-ONE\normal\RIMONE_r3_N-85-L_left_half.png,external_test,-1,r3,partitioned_by_hospital/training_set,False,1.1463833773607954,0.7597575462514642,0.6721344954402896,0.2579032468747505,0.7076062476540552,0.08464311232607412,0.16860039635191562,0.022591739834099206,0.028936480358754665,0.007477126322801594,0.9469541693725527,0.03516869433394966
RIMONE_r3_N-86-R_left_half,RIM-ONE,RIMONE_r3_N-86-R_left_half,0,Normal,C:/Users/TRIPU/OneDrive/Documents/ML/end sem project/RIM-ONE_DL_images\RIM-ONE_DL_images\partitioned_by_hospital\training_set\normal\r3_N-86-R_left_half.png,C:/Users/TRIPU/.gemini/antigravity/scratch/glaucoma_detection\data\processed\RIM-ONE\normal\RIMONE_r3_N-86-R_left_half.png,external_test,-1,r3,partitioned_by_hospital/training_set,False,1.3413117790440843,0.936719636885781,0.7174202521281169,0.28468924805695994,0.69670651651446,0.0874672667633589,0.16687080225424508,0.022552495975011203,0.02835447971967826,0.007390927211387734,0.945288705582394,0.038234499677733194
RIMONE_r3_N-87-L_left_half,RIM-ONE,RIMONE_r3_N-87-L_left_half,0,Normal,C:/Users/TRIPU/OneDrive/Documents/ML/end sem project/RIM-ONE_DL_images\RIM-ONE_DL_images\partitioned_by_hospital\training_set\normal\r3_N-87-L_left_half.png,C:/Users/TRIPU/.gemini/antigravity/scratch/glaucoma_detection\data\processed\RIM-ONE\normal\RIMONE_r3_N-87-L_left_half.png,external_test,-1,r3,partitioned_by_hospital/training_set,False,1.156382801861195,0.7467235797807031,0.6731659117640535,0.24658747838068015,0.7075389622530422,0.07955584677593885,0.18939990571561593,0.022957640210802828,0.03639937752913288,0.008579528350099567,0.9375418191344055,0.040289308242781686
RIMONE_r3_N-88-R_left_half,RIM-ONE,RIMONE_r3_N-88-R_left_half,0,Normal,C:/Users/TRIPU/OneDrive/Documents/ML/end sem project/RIM-ONE_DL_images\RIM-ONE_DL_images\partitioned_by_hospital\training_set\normal\r3_N-88-R_left_half.png,C:/Users/TRIPU/.gemini/antigravity/scratch/glaucoma_detection\data\processed\RIM-ONE\normal\RIMONE_r3_N-88-R_left_half.png,external_test,-1,r3,partitioned_by_hospital/training_set,False,1.4104333965994593,0.9140244966013011,0.7488912906236543,0.2756773056875941,0.6843836514361623,0.08405776756550948,0.17215369154522678,0.022690896132620667,0.030151770279950463,0.007708624033295936,0.9206063616619553,0.05150674527629929
RIMONE_r3_N-9-L_left_half,RIM-ONE,RIMONE_r3_N-9-L_left_half,0,Normal,C:/Users/TRIPU/OneDrive/Documents/ML/end sem project/RIM-ONE_DL_images\RIM-ONE_DL_images\partitioned_by_hospital\training_set\normal\r3_N-9-L_left_half.png,C:/Users/TRIPU/.gemini/antigravity/scratch/glaucoma_detection\data\processed\RIM-ONE\normal\RIMONE_r3_N-9-L_left_half.png,external_test,-1,r3,partitioned_by_hospital/training_set,False,1.535538417735671,1.0965504845313514,0.7503118992325599,0.3007816241559079,0.6919780592589987,0.08681279723667237,0.16522668359357653,0.02178812188870908,0.0277745792267691,0.007072020612156013,0.9508430360526949,0.035103828274372716
RIMONE_r3_N-90-R_left_half,RIM-ONE,RIMONE_r3_N-90-R_left_half,0,Normal,C:/Users/TRIPU/OneDrive/Documents/ML/end sem project/RIM-ONE_DL_images\RIM-ONE_DL_images\partitioned_by_hospital\training_set\normal\r3_N-90-R_left_half.png,C:/Users/TRIPU/.gemini/antigravity/scratch/glaucoma_detection\data\processed\RIM-ONE\normal\RIMONE_r3_N-90-R_left_half.png,external_test,-1,r3,partitioned_by_hospital/training_set,False,1.2952596203799212,0.8360548544742732,0.7069416330481971,0.26095496380969263,0.6992541760540535,0.0814852539071121,0.18037788135178737,0.022824589076026938,0.03305714194744897,0.008125054632397806,0.936968324048649,0.04055928452455627
RIMONE_r3_N-91-L_left_half,RIM-ONE,RIMONE_r3_N-91-L_left_half,0,Normal,C:/Users/TRIPU/OneDrive/Documents/ML/end sem project/RIM-ONE_DL_images\RIM-ONE_DL_images\partitioned_by_hospital\training_set\normal\r3_N-91-L_left_half.png,C:/Users/TRIPU/.gemini/antigravity/scratch/glaucoma_detection\data\processed\RIM-ONE\normal\RIMONE_r3_N-91-L_left_half.png,external_test,-1,r3,partitioned_by_hospital/training_set,False,1.1692048620550568,0.7447742070063079,0.6488746021463596,0.2327042272687775,0.7215414212699581,0.07353938430605338,0.202956474027062,0.02205883223329904,0.04167792242899432,0.008846415151394891,0.9493236452055349,0.03217187956363959
RIMONE_r3_N-92-R_left_half,RIM-ONE,RIMONE_r3_N-92-R_left_half,0,Normal,C:/Users/TRIPU/OneDrive/Documents/ML/end sem project/RIM-ONE_DL_images\RIM-ONE_DL_images\partitioned_by_hospital\training_set\normal\r3_N-92-R_left_half.png,C:/Users/TRIPU/.gemini/antigravity/scratch/glaucoma_detection\data\processed\RIM-ONE\normal\RIMONE_r3_N-92-R_left_half.png,external_test,-1,r3,partitioned_by_hospital/training_set,False,1.219201247485482,0.7772699661600627,0.6650449134973289,0.24533672415865723,0.7166773732486652,0.07784740552045855,0.18714571127666413,0.02275257638633717,0.03554119698146465,0.008375503397521866,0.9356741708497686,0.04096696949684137
