image_id,dataset,patient_id,label,class_name,source_path,processed_path,split,fold,hospital,source_partition,discordant_patient,glrlm_sre,glrlm_lre,glrlm_gln,glrlm_rln,glrlm_rp,glrlm_lglre,glrlm_hglre,glrlm_srlgle,glrlm_srhgle,glrlm_lrlgle,glrlm_lrhgle
drishtiGS_002,DRISHTI,1167573,1,Glaucoma,C:/Users/TRIPU/OneDrive/Documents/ML/end sem project/Drishti-GS1_files\Drishti-GS1_files\Drishti-GS1_files\Training\Images\drishtiGS_002.png,C:/Users/TRIPU/.gemini/antigravity/scratch/glaucoma_detection\data\processed\DRISHTI\glaucoma\drishtiGS_002.png,development,4,,DRISHTI_training,False,0.44982806816542475,269.84384984051684,1470.990055592345,1240.4667182234216,0.12847277582908162,0.1533715168028944,23.79955257801588,0.04024531378779285,13.391620255327894,136.7960538980604,2182.1147530185413
drishtiGS_004,DRISHTI,1393265,1,Glaucoma,C:/Users/TRIPU/OneDrive/Documents/ML/end sem project/Drishti-GS1_files\Drishti-GS1_files\Drishti-GS1_files\Training\Images\drishtiGS_004.png,C:/Users/TRIPU/.gemini/antigravity/scratch/glaucoma_detection\data\processed\DRISHTI\glaucoma\drishtiGS_004.png,development,2,,DRISHTI_training,False,0.5805890376720744,55.45889437860806,2003.269236043353,5616.681847634857,0.34487603635204084,0.03985578188054082,195.6737716372233,0.00726046811898777,118.80518713638259,45.290509810311214,1669.336972201015
drishtiGS_008,DRISHTI,1558499,0,Normal,C:/Users/TRIPU/OneDrive/Documents/ML/end sem project/Drishti-GS1_files\Drishti-GS1_files\Drishti-GS1_files\Training\Images\drishtiGS_008.png,C:/Users/TRIPU/.gemini/antigravity/scratch/glaucoma_detection\data\processed\DRISHTI\normal\drishtiGS_008.png,development,1,,DRISHTI_training,False,0.47950661481714657,92.01417757462423,1400.2505873966206,2728.4507095154177,0.2386748644770408,0.05710325821511627,148.19567376353675,0.009644381301742916,72.80683409965776,67.7401013563581,3523.9599572784073
drishtiGS_010,DRISHTI,1566239,1,Glaucoma,C:/Users/TRIPU/OneDrive/Documents/ML/end sem project/Drishti-GS1_files\Drishti-GS1_files\Drishti-GS1_files\Training\Images\drishtiGS_010.png,C:/Users/TRIPU/.gemini/antigravity/scratch/glaucoma_detection\data\processed\DRISHTI\glaucoma\drishtiGS_010.png,development,1,,DRISHTI_training,False,0.5438850370262294,95.99443687783085,1272.4713320548742,3598.8623228066244,0.2564522879464286,0.06486626316535339,93.81211747673181,0.014472518841634101,59.77359882755154,75.9733611612971,1302.1492443683608
drishtiGS_012,DRISHTI,1731185,1,Glaucoma,C:/Users/TRIPU/OneDrive/Documents/ML/end sem project/Drishti-GS1_files\Drishti-GS1_files\Drishti-GS1_files\Training\Images\drishtiGS_012.png,C:/Users/TRIPU/.gemini/antigravity/scratch/glaucoma_detection\data\processed\DRISHTI\glaucoma\drishtiGS_012.png,development,4,,DRISHTI_training,False,0.5164192525966957,73.744517282671,1563.9556975599542,3637.440490912019,0.27931680484693877,0.056606396437131515,93.71275148734158,0.012707412522103988,53.04340376674462,57.974416992175044,1238.4063559943827
drishtiGS_015,DRISHTI,1976679,1,Glaucoma,C:/Users/TRIPU/OneDrive/Documents/ML/end sem project/Drishti-GS1_files\Drishti-GS1_files\Drishti-GS1_files\Training\Images\drishtiGS_015.png,C:/Users/TRIPU/.gemini/antigravity/scratch/glaucoma_detection\data\processed\DRISHTI\glaucoma\drishtiGS_015.png,development,4,,DRISHTI_training,False,0.5299394709846532,75.55740304452786,1473.5941427275918,3773.920137332613,0.2778469786352041,0.058049303470138265,94.67102338506254,0.013581201800584487,56.71217731583198,58.67051910176578,1251.312694582864
drishtiGS_016,DRISHTI,1976679,1,Glaucoma,C:/Users/TRIPU/OneDrive/Documents/ML/end sem project/Drishti-GS1_files\Drishti-GS1_files\Drishti-GS1_files\Training\Images\drishtiGS_016.png,C:/Users/TRIPU/.gemini/antigravity/scratch/glaucoma_detection\data\processed\DRISHTI\glaucoma\drishtiGS_016.png,development,4,,DRISHTI_training,False,0.5710721730105864,57.8764236251099,1974.3355210355094,5262.101125262413,0.33558872767857145,0.04436802318279612,133.29503231321638,0.009664987278091215,79.29324646878153,48.20534035255307,1249.2108752557924
drishtiGS_017,DRISHTI,2009791,0,Normal,C:/Users/TRIPU/OneDrive/Documents/ML/end sem project/Drishti-GS1_files\Drishti-GS1_files\Drishti-GS1_files\Training\Images\drishtiGS_017.png,C:/Users/TRIPU/.gemini/antigravity/scratch/glaucoma_detection\data\processed\DRISHTI\normal\drishtiGS_017.png,development,1,,DRISHTI_training,False,0.5453177563024308,85.21160910385113,1050.6758101943094,3664.223169720117,0.26045320471938777,0.06271416494310411,100.48438381735046,0.014809118432840537,59.482874330605824,63.44577002842013,1447.034514563069
drishtiGS_018,DRISHTI,2009791,0,Normal,C:/Users/TRIPU/OneDrive/Documents/ML/end sem project/Drishti-GS1_files\Drishti-GS1_files\Drishti-GS1_files\Training\Images\drishtiGS_018.png,C:/Users/TRIPU/.gemini/antigravity/scratch/glaucoma_detection\data\processed\DRISHTI\normal\drishtiGS_018.png,development,1,,DRISHTI_training,False,0.5020208197465666,117.88278929546718,1324.1231289922002,2561.401958714615,0.21226781728316324,0.0808961215309439,56.017958327809254,0.01975143157165761,30.37715089206734,79.16895092368446,1555.5136516402404
drishtiGS_022,DRISHTI,2070741,1,Glaucoma,C:/Users/TRIPU/OneDrive/Documents/ML/end sem project/Drishti-GS1_files\Drishti-GS1_files\Drishti-GS1_files\Training\Images\drishtiGS_022.png,C:/Users/TRIPU/.gemini/antigravity/scratch/glaucoma_detection\data\processed\DRISHTI\glaucoma\drishtiGS_022.png,development,4,,DRISHTI_training,False,0.4790889876575227,94.8759736541756,1515.523751326379,2711.008366992959,0.23729970503826528,0.06888466841489982,68.48074042674108,0.015393121475946115,35.52629217863732,69.12444165698516,1345.9658312337478
drishtiGS_024,DRISHTI,2071112,1,Glaucoma,C:/Users/TRIPU/OneDrive/Documents/ML/end sem project/Drishti-GS1_files\Drishti-GS1_files\Drishti-GS1_files\Training\Images\drishtiGS_024.png,C:/Users/TRIPU/.gemini/antigravity/scratch/glaucoma_detection\data\processed\DRISHTI\glaucoma\drishtiGS_024.png,development,3,,DRISHTI_training,False,0.49334575837805045,120.29200340108862,926.7209722249775,2446.0685904549364,0.2094128667091837,0.07274583004354139,105.24270677190592,0.015170034545093053,60.36720997193331,78.54959608767676,2426.3385745696287
drishtiGS_026,DRISHTI,2222807,1,Glaucoma,C:/Users/TRIPU/OneDrive/Documents/ML/end sem project/Drishti-GS1_files\Drishti-GS1_files\Drishti-GS1_files\Training\Images\drishtiGS_026.png,C:/Users/TRIPU/.gemini/antigravity/scratch/glaucoma_detection\data\processed\DRISHTI\glaucoma\drishtiGS_026.png,development,4,,DRISHTI_training,False,0.519776547180109,87.82716257889211,1716.436689327096,3197.197031079527,0.2474838568239796,0.05994865112361182,96.2889885994147,0.012497872499309573,53.51759651387925,64.04924902089616,2158.7019493851444
drishtiGS_031,DRISHTI,2330992,1,Glaucoma,C:/Users/TRIPU/OneDrive/Documents/ML/end sem project/Drishti-GS1_files\Drishti-GS1_files\Drishti-GS1_files\Training\Images\drishtiGS_031.png,C:/Users/TRIPU/.gemini/antigravity/scratch/glaucoma_detection\data\processed\DRISHTI\glaucoma\drishtiGS_031.png,development,0,,DRISHTI_training,False,0.4899458808490511,140.64850325913682,1130.338870451888,2268.0470168552365,0.19722078284438777,0.07457324592659886,90.70435064991611,0.013184834612184178,46.72026468347186,101.32036039331541,3346.2683656474946
drishtiGS_032,DRISHTI,2344972,1,Glaucoma,C:/Users/TRIPU/OneDrive/Documents/ML/end sem project/Drishti-GS1_files\Drishti-GS1_files\Drishti-GS1_files\Training\Images\drishtiGS_032.png,C:/Users/TRIPU/.gemini/antigravity/scratch/glaucoma_detection\data\processed\DRISHTI\glaucoma\drishtiGS_032.png,development,3,,DRISHTI_training,True,0.5977699298645791,59.78065133988477,1429.380129604442,5583.878191647236,0.33181202168367346,0.0441414094784026,158.30243160648394,0.009464916491052577,99.77464871621038,48.62250987881265,1479.3560397532274
drishtiGS_033,DRISHTI,2344972,0,Normal,C:/Users/TRIPU/OneDrive/Documents/ML/end sem project/Drishti-GS1_files\Drishti-GS1_files\Drishti-GS1_files\Training\Images\drishtiGS_033.png,C:/Users/TRIPU/.gemini/antigravity/scratch/glaucoma_detection\data\processed\DRISHTI\normal\drishtiGS_033.png,development,3,,DRISHTI_training,True,0.5635940935837268,70.60153904547047,1163.2991975957875,4421.231759838267,0.29385064572704084,0.04852991086687542,162.50893048191017,0.009634711225527191,96.9878112832271,55.20406138616141,2032.6166070590882
drishtiGS_035,DRISHTI,2356217,0,Normal,C:/Users/TRIPU/OneDrive/Documents/ML/end sem project/Drishti-GS1_files\Drishti-GS1_files\Drishti-GS1_files\Training\Images\drishtiGS_035.png,C:/Users/TRIPU/.gemini/antigravity/scratch/glaucoma_detection\data\processed\DRISHTI\normal\drishtiGS_035.png,development,4,,DRISHTI_training,True,0.5746850923677711,68.05197970922244,1919.9082669340653,4598.599663781834,0.2955347177933674,0.04571705671092374,212.64269013326768,0.008037343036475372,122.17394885356806,52.813670474052,3471.087868828126
drishtiGS_036,DRISHTI,2360136,0,Normal,C:/Users/TRIPU/OneDrive/Documents/ML/end sem project/Drishti-GS1_files\Drishti-GS1_files\Drishti-GS1_files\Training\Images\drishtiGS_036.png,C:/Users/TRIPU/.gemini/antigravity/scratch/glaucoma_detection\data\processed\DRISHTI\normal\drishtiGS_036.png,development,0,,DRISHTI_training,False,0.5195032363528196,101.20394060474175,855.5175888452978,3034.424537139128,0.23593949298469385,0.07192196403169376,92.35317182111584,0.01731554989534547,53.823299614103924,71.23214002798224,1692.391532402802
drishtiGS_037,DRISHTI,2362130,0,Normal,C:/Users/TRIPU/OneDrive/Documents/ML/end sem project/Drishti-GS1_files\Drishti-GS1_files\Drishti-GS1_files\Training\Images\drishtiGS_037.png,C:/Users/TRIPU/.gemini/antigravity/scratch/glaucoma_detection\data\processed\DRISHTI\normal\drishtiGS_037.png,development,0,,DRISHTI_training,True,0.48608824010331875,96.6313984587037,1543.8891479648726,2701.8482818829366,0.23280552455357145,0.05951911250245842,124.07386775878336,0.010323336042027136,64.80105108077528,69.27468342779312,2963.4153571445877
drishtiGS_038,DRISHTI,2362130,1,Glaucoma,C:/Users/TRIPU/OneDrive/Documents/ML/end sem project/Drishti-GS1_files\Drishti-GS1_files\Drishti-GS1_files\Training\Images\drishtiGS_038.png,C:/Users/TRIPU/.gemini/antigravity/scratch/glaucoma_detection\data\processed\DRISHTI\glaucoma\drishtiGS_038.png,development,0,,DRISHTI_training,True,0.49686342597410027,89.3269687797767,1218.060525507321,2907.120093177962,0.2424914301658163,0.05985159317072411,111.90110892636346,0.011552522011334823,56.92293840541008,64.98246938954534,2490.7995070819857
drishtiGS_040,DRISHTI,2396691,1,Glaucoma,C:/Users/TRIPU/OneDrive/Documents/ML/end sem project/Drishti-GS1_files\Drishti-GS1_files\Drishti-GS1_files\Training\Images\drishtiGS_040.png,C:/Users/TRIPU/.gemini/antigravity/scratch/glaucoma_detection\data\processed\DRISHTI\glaucoma\drishtiGS_040.png,development,4,,DRISHTI_training,False,0.5569518082804772,70.33100010672543,1155.964706224741,4389.485999356959,0.2957738759566327,0.05052428010605971,131.97286635822095,0.01076048124345709,79.72204210814587,55.23360286755747,1488.655610172298
drishtiGS_041,DRISHTI,2399380,0,Normal,C:/Users/TRIPU/OneDrive/Documents/ML/end sem project/Drishti-GS1_files\Drishti-GS1_files\Drishti-GS1_files\Training\Images\drishtiGS_041.png,C:/Users/TRIPU/.gemini/antigravity/scratch/glaucoma_detection\data\processed\DRISHTI\normal\drishtiGS_041.png,development,0,,DRISHTI_training,False,0.607702267022789,56.92325461660974,1567.9732017614538,6012.655088913325,0.34564333545918363,0.041045698296821975,178.53297279343744,0.008366489455140015,111.4628824265765,47.41449692415716,1608.8765686326772
drishtiGS_042,DRISHTI,2399380,0,Normal,C:/Users/TRIPU/OneDrive/Documents/ML/end sem project/Drishti-GS1_files\Drishti-GS1_files\Drishti-GS1_files\Training\Images\drishtiGS_042.png,C:/Users/TRIPU/.gemini/antigravity/scratch/glaucoma_detection\data\processed\DRISHTI\normal\drishtiGS_042.png,development,0,,DRISHTI_training,False,0.6151516492421066,56.73958808498223,1590.432153362676,6133.544834576119,0.3456433354591837,0.041860489050932835,162.30694480147818,0.008941928547024086,103.73853011580114,47.08027425138494,1468.1536108715036
drishtiGS_044,DRISHTI,2477980,1,Glaucoma,C:/Users/TRIPU/OneDrive/Documents/ML/end sem project/Drishti-GS1_files\Drishti-GS1_files\Drishti-GS1_files\Training\Images\drishtiGS_044.png,C:/Users/TRIPU/.gemini/antigravity/scratch/glaucoma_detection\data\processed\DRISHTI\glaucoma\drishtiGS_044.png,development,0,,DRISHTI_training,False,0.46518909246201423,161.159048838968,951.8211214183251,1760.5005837014091,0.17008629623724492,0.09462077351219506,59.940303398304415,0.020801664502925237,31.461094292665294,95.84830299410008,2858.35251684908
drishtiGS_045,DRISHTI,2489693,1,Glaucoma,C:/Users/TRIPU/OneDrive/Documents/ML/end sem project/Drishti-GS1_files\Drishti-GS1_files\Drishti-GS1_files\Training\Images\drishtiGS_045.png,C:/Users/TRIPU/.gemini/antigravity/scratch/glaucoma_detection\data\processed\DRISHTI\glaucoma\drishtiGS_045.png,development,3,,DRISHTI_training,False,0.48531985097701497,106.33934590849967,1501.3961749216182,2516.6951365610867,0.21952228156887754,0.07702317249337631,55.783001817214306,0.018183012889536238,29.92473313074678,73.77719031241854,1499.2959331806785
drishtiGS_046,DRISHTI,2508068,0,Normal,C:/Users/TRIPU/OneDrive/Documents/ML/end sem project/Drishti-GS1_files\Drishti-GS1_files\Drishti-GS1_files\Training\Images\drishtiGS_046.png,C:/Users/TRIPU/.gemini/antigravity/scratch/glaucoma_detection\data\processed\DRISHTI\normal\drishtiGS_046.png,development,3,,DRISHTI_training,False,0.5446110991224569,74.89709779284958,1196.9221052357539,4019.529911966477,0.2833227040816326,0.0505867287037341,141.4572045849155,0.009954888270895558,80.70901190376284,58.55496510423626,2079.205854274838
drishtiGS_047,DRISHTI,2508068,0,Normal,C:/Users/TRIPU/OneDrive/Documents/ML/end sem project/Drishti-GS1_files\Drishti-GS1_files\Drishti-GS1_files\Training\Images\drishtiGS_047.png,C:/Users/TRIPU/.gemini/antigravity/scratch/glaucoma_detection\data\processed\DRISHTI\normal\drishtiGS_047.png,development,3,,DRISHTI_training,False,0.5229252706733338,89.49159504181162,1354.9434458071744,3278.308596403903,0.25022421077806123,0.05848447746750307,108.9586298438257,0.011864887477808929,59.46669019324359,65.83961068812978,2366.2350322312736
drishtiGS_049,DRISHTI,2520061,1,Glaucoma,C:/Users/TRIPU/OneDrive/Documents/ML/end sem project/Drishti-GS1_files\Drishti-GS1_files\Drishti-GS1_files\Training\Images\drishtiGS_049.png,C:/Users/TRIPU/.gemini/antigravity/scratch/glaucoma_detection\data\processed\DRISHTI\glaucoma\drishtiGS_049.png,development,1,,DRISHTI_training,False,0.4885239292072849,101.18442611564345,1053.5461717150522,2673.8248113656755,0.22879962531887754,0.0638542393866581,109.03449909818407,0.012440812159541736,57.77569366186323,71.29683023398486,2502.7666017287806
drishtiGS_051,DRISHTI,2564907,1,Glaucoma,C:/Users/TRIPU/OneDrive/Documents/ML/end sem project/Drishti-GS1_files\Drishti-GS1_files\Drishti-GS1_files\Training\Images\drishtiGS_051.png,C:/Users/TRIPU/.gemini/antigravity/scratch/glaucoma_detection\data\processed\DRISHTI\glaucoma\drishtiGS_051.png,development,2,,DRISHTI_training,False,0.5348357929880593,86.06096775879035,1165.3453838675453,3449.158221644793,0.25412049585459184,0.0610928919692566,104.15872035353553,0.013731139762460565,58.253230643913085,62.85783906906925,1843.1705466284534
drishtiGS_057,DRISHTI,2617454,0,Normal,C:/Users/TRIPU/OneDrive/Documents/ML/end sem project/Drishti-GS1_files\Drishti-GS1_files\Drishti-GS1_files\Training\Images\drishtiGS_057.png,C:/Users/TRIPU/.gemini/antigravity/scratch/glaucoma_detection\data\processed\DRISHTI\normal\drishtiGS_057.png,development,2,,DRISHTI_training,True,0.5316892019912249,84.14020788229668,1619.6409509130951,3496.2771893881923,0.25860969387755106,0.06112667162577219,83.1958408361187,0.014248583813333543,45.310673475133896,61.91160464051275,1601.5761129124398
drishtiGS_058,DRISHTI,2639071,1,Glaucoma,C:/Users/TRIPU/OneDrive/Documents/ML/end sem project/Drishti-GS1_files\Drishti-GS1_files\Drishti-GS1_files\Training\Images\drishtiGS_058.png,C:/Users/TRIPU/.gemini/antigravity/scratch/glaucoma_detection\data\processed\DRISHTI\glaucoma\drishtiGS_058.png,development,1,,DRISHTI_training,False,0.550858703378372,73.53642833366847,1554.5876892891151,4065.0555470334,0.28207708864795916,0.05302781656126335,115.33367360195095,0.01137321695758825,66.9077998992982,56.64194803305246,1696.127916372725
drishtiGS_060,DRISHTI,2682713,1,Glaucoma,C:/Users/TRIPU/OneDrive/Documents/ML/end sem project/Drishti-GS1_files\Drishti-GS1_files\Drishti-GS1_files\Training\Images\drishtiGS_060.png,C:/Users/TRIPU/.gemini/antigravity/scratch/glaucoma_detection\data\processed\DRISHTI\glaucoma\drishtiGS_060.png,development,3,,DRISHTI_training,False,0.5335542065882487,75.25135748324128,1408.6061914358033,3841.1096674653395,0.2798001036352041,0.0488105814981275,176.65780502005788,0.008695411539639222,99.72528189698548,59.12060322237837,2710.660546076414
drishtiGS_061,DRISHTI,2694008,1,Glaucoma,C:/Users/TRIPU/OneDrive/Documents/ML/end sem project/Drishti-GS1_files\Drishti-GS1_files\Drishti-GS1_files\Training\Images\drishtiGS_061.png,C:/Users/TRIPU/.gemini/antigravity/scratch/glaucoma_detection\data\processed\DRISHTI\glaucoma\drishtiGS_061.png,development,0,,DRISHTI_training,False,0.5008009594649513,108.43669195687481,813.8993442349231,2957.984399354639,0.24116609534438777,0.06258360991376788,142.43131143493994,0.011233916310836325,78.95677028862904,82.46693772165551,2014.0344050792778
drishtiGS_062,DRISHTI,2694008,1,Glaucoma,C:/Users/TRIPU/OneDrive/Documents/ML/end sem project/Drishti-GS1_files\Drishti-GS1_files\Drishti-GS1_files\Training\Images\drishtiGS_062.png,C:/Users/TRIPU/.gemini/antigravity/scratch/glaucoma_detection\data\processed\DRISHTI\glaucoma\drishtiGS_062.png,development,0,,DRISHTI_training,False,0.51299937910451,87.53899544379179,871.6310145078778,3224.513290324296,0.25271045918367346,0.06335845940595006,111.29484013654225,0.014013732643945634,64.60112691171672,64.3017909069049,1432.0395593707283
drishtiGS_063,DRISHTI,2695077,1,Glaucoma,C:/Users/TRIPU/OneDrive/Documents/ML/end sem project/Drishti-GS1_files\Drishti-GS1_files\Drishti-GS1_files\Training\Images\drishtiGS_063.png,C:/Users/TRIPU/.gemini/antigravity/scratch/glaucoma_detection\data\processed\DRISHTI\glaucoma\drishtiGS_063.png,development,1,,DRISHTI_training,False,0.5449249690062036,92.00666968037483,1246.549446306237,3485.8448025093167,0.24823122608418366,0.07679257386738565,80.75236945671409,0.021638990428825354,54.264073518061664,65.62778908896573,1058.1060329856696
drishtiGS_064,DRISHTI,2708535,1,Glaucoma,C:/Users/TRIPU/OneDrive/Documents/ML/end sem project/Drishti-GS1_files\Drishti-GS1_files\Drishti-GS1_files\Training\Images\drishtiGS_064.png,C:/Users/TRIPU/.gemini/antigravity/scratch/glaucoma_detection\data\processed\DRISHTI\glaucoma\drishtiGS_064.png,development,1,,DRISHTI_training,False,0.5382861552023042,98.60636873711489,1147.352048243194,3344.1494106612718,0.2433085538903061,0.07221333837687788,76.57570952350216,0.018451579396018335,46.46829617015641,68.29282827631833,1275.8905199474746
drishtiGS_066,DRISHTI,2711113,1,Glaucoma,C:/Users/TRIPU/OneDrive/Documents/ML/end sem project/Drishti-GS1_files\Drishti-GS1_files\Drishti-GS1_files\Training\Images\drishtiGS_066.png,C:/Users/TRIPU/.gemini/antigravity/scratch/glaucoma_detection\data\processed\DRISHTI\glaucoma\drishtiGS_066.png,development,4,,DRISHTI_training,False,0.5674995618731096,72.45569783416045,1296.669673843279,4446.357157456611,0.2892269212372449,0.056053925986658815,102.4199428537215,0.013605481559796608,63.240282978521186,55.88825691807771,1214.4911035833381
drishtiGS_068,DRISHTI,2745345,1,Glaucoma,C:/Users/TRIPU/OneDrive/Documents/ML/end sem project/Drishti-GS1_files\Drishti-GS1_files\Drishti-GS1_files\Training\Images\drishtiGS_068.png,C:/Users/TRIPU/.gemini/antigravity/scratch/glaucoma_detection\data\processed\DRISHTI\glaucoma\drishtiGS_068.png,development,0,,DRISHTI_training,False,0.5263804504930333,130.89419030573987,1268.5580942006716,2689.9918478578966,0.20528738839285712,0.0995793708184408,63.93506676372395,0.028945834540002303,43.29767122468303,82.1151511578208,1166.087915844208
drishtiGS_069,DRISHTI,2745345,1,Glaucoma,C:/Users/TRIPU/OneDrive/Documents/ML/end sem project/Drishti-GS1_files\Drishti-GS1_files\Drishti-GS1_files\Training\Images\drishtiGS_069.png,C:/Users/TRIPU/.gemini/antigravity/scratch/glaucoma_detection\data\processed\DRISHTI\glaucoma\drishtiGS_069.png,development,0,,DRISHTI_training,False,0.5742629726775844,76.36932691950797,1576.2117989621902,4395.253336200055,0.28306859853316324,0.06212909439829605,85.28360197571101,0.016749794814994237,54.692792369600824,56.9297976181112,1003.9917820445573
drishtiGS_075,DRISHTI,2803745,1,Glaucoma,C:/Users/TRIPU/OneDrive/Documents/ML/end sem project/Drishti-GS1_files\Drishti-GS1_files\Drishti-GS1_files\Training\Images\drishtiGS_075.png,C:/Users/TRIPU/.gemini/antigravity/scratch/glaucoma_detection\data\processed\DRISHTI\glaucoma\drishtiGS_075.png,development,3,,DRISHTI_training,False,0.5235080061159261,89.02969776474414,1232.6160790261893,3593.6737795948497,0.27060247927295916,0.0514233939670369,172.33653282013012,0.007971317535313653,94.96456423175061,74.05384909392967,2385.758663283793
drishtiGS_076,DRISHTI,2804213,1,Glaucoma,C:/Users/TRIPU/OneDrive/Documents/ML/end sem project/Drishti-GS1_files\Drishti-GS1_files\Drishti-GS1_files\Training\Images\drishtiGS_076.png,C:/Users/TRIPU/.gemini/antigravity/scratch/glaucoma_detection\data\processed\DRISHTI\glaucoma\drishtiGS_076.png,development,3,,DRISHTI_training,False,0.49154330637709687,127.16310953263911,1002.2468779982478,2364.3979094860524,0.20371791294642858,0.08330457842855718,72.81502983632,0.01951206865508556,43.02694819709339,82.52637837390962,1699.8548776222224
drishtiGS_080,DRISHTI,2826276,1,Glaucoma,C:/Users/TRIPU/OneDrive/Documents/ML/end sem project/Drishti-GS1_files\Drishti-GS1_files\Drishti-GS1_files\Training\Images\drishtiGS_080.png,C:/Users/TRIPU/.gemini/antigravity/scratch/glaucoma_detection\data\processed\DRISHTI\glaucoma\drishtiGS_080.png,development,2,,DRISHTI_training,False,0.5258442852749514,106.70453845145963,1138.810564410202,3001.1198608472664,0.22811204559948978,0.09049830576197351,62.11610303294003,0.026821977482780958,37.91557069282175,72.52132795064986,1222.6941498564624
drishtiGS_081,DRISHTI,2827617,1,Glaucoma,C:/Users/TRIPU/OneDrive/Documents/ML/end sem project/Drishti-GS1_files\Drishti-GS1_files\Drishti-GS1_files\Training\Images\drishtiGS_081.png,C:/Users/TRIPU/.gemini/antigravity/scratch/glaucoma_detection\data\processed\DRISHTI\glaucoma\drishtiGS_081.png,development,1,,DRISHTI_training,False,0.5160946028965754,106.55255197830738,1322.1696866420696,2870.0577830221046,0.2256606744260204,0.06868048293454444,78.46124046115935,0.015265766136023227,43.6878736509598,74.28856629179867,2204.3744218986276
drishtiGS_084,DRISHTI,2829822,1,Glaucoma,C:/Users/TRIPU/OneDrive/Documents/ML/end sem project/Drishti-GS1_files\Drishti-GS1_files\Drishti-GS1_files\Training\Images\drishtiGS_084.png,C:/Users/TRIPU/.gemini/antigravity/scratch/glaucoma_detection\data\processed\DRISHTI\glaucoma\drishtiGS_084.png,development,1,,DRISHTI_training,True,0.5587248423441953,78.79400880832947,1272.7987539961464,4100.242355901308,0.2771593989158163,0.05161949196724884,137.43450766824245,0.010421349421614129,80.01629204592899,59.89615706925791,2225.1806213006203
drishtiGS_088,DRISHTI,2842932,1,Glaucoma,C:/Users/TRIPU/OneDrive/Documents/ML/end sem project/Drishti-GS1_files\Drishti-GS1_files\Drishti-GS1_files\Training\Images\drishtiGS_088.png,C:/Users/TRIPU/.gemini/antigravity/scratch/glaucoma_detection\data\processed\DRISHTI\glaucoma\drishtiGS_088.png,development,0,,DRISHTI_training,False,0.47739653562860984,109.84024986882032,830.9896062046416,2354.6390379880095,0.21310487085459182,0.07219095681342735,96.70778496401991,0.015135597189130243,48.17948422455814,75.08851598335161,2548.5231928381695
drishtiGS_089,DRISHTI,2864585,0,Normal,C:/Users/TRIPU/OneDrive/Documents/ML/end sem project/Drishti-GS1_files\Drishti-GS1_files\Drishti-GS1_files\Training\Images\drishtiGS_089.png,C:/Users/TRIPU/.gemini/antigravity/scratch/glaucoma_detection\data\processed\DRISHTI\normal\drishtiGS_089.png,development,3,,DRISHTI_training,False,0.5599296411324629,70.88269516140481,1297.0316975982864,4371.051255926897,0.2929538026147959,0.05137641295852666,120.96699288786124,0.011121444569232494,71.10488623596225,55.86638300895438,1531.944310079657
drishtiGS_090,DRISHTI,2864585,0,Normal,C:/Users/TRIPU/OneDrive/Documents/ML/end sem project/Drishti-GS1_files\Drishti-GS1_files\Drishti-GS1_files\Training\Images\drishtiGS_090.png,C:/Users/TRIPU/.gemini/antigravity/scratch/glaucoma_detection\data\processed\DRISHTI\normal\drishtiGS_090.png,development,3,,DRISHTI_training,False,0.5670066665004387,63.94640831094162,1394.8739176766928,4793.443750268514,0.31332210618622447,0.04453710824155455,170.74516267799385,0.008465137696596207,99.59929383789881,52.10983977594048,1953.616226566319
drishtiGS_092,DRISHTI,2864754,0,Normal,C:/Users/TRIPU/OneDrive/Documents/ML/end sem project/Drishti-GS1_files\Drishti-GS1_files\Drishti-GS1_files\Training\Images\drishtiGS_092.png,C:/Users/TRIPU/.gemini/antigravity/scratch/glaucoma_detection\data\processed\DRISHTI\normal\drishtiGS_092.png,development,2,,DRISHTI_training,False,0.5643289898279048,74.33155771734275,1035.409330639366,4381.216895633317,0.2897401147959183,0.050865431626337,140.91493937472796,0.010508817312538301,86.34007382109996,57.31703337820561,1724.5435025106426
drishtiGS_094,DRISHTI,2864781,0,Normal,C:/Users/TRIPU/OneDrive/Documents/ML/end sem project/Drishti-GS1_files\Drishti-GS1_files\Drishti-GS1_files\Training\Images\drishtiGS_094.png,C:/Users/TRIPU/.gemini/antigravity/scratch/glaucoma_detection\data\processed\DRISHTI\normal\drishtiGS_094.png,development,4,,DRISHTI_training,False,0.5999987324588134,59.83281318559205,1874.5861193682967,5657.690474132932,0.3337302694515306,0.04593161687865231,115.25615903828607,0.010641653971790992,72.68120154315554,48.984278665716225,1101.946777880023
drishtiGS_098,DRISHTI,2864821,0,Normal,C:/Users/TRIPU/OneDrive/Documents/ML/end sem project/Drishti-GS1_files\Drishti-GS1_files\Drishti-GS1_files\Training\Images\drishtiGS_098.png,C:/Users/TRIPU/.gemini/antigravity/scratch/glaucoma_detection\data\processed\DRISHTI\normal\drishtiGS_098.png,development,2,,DRISHTI_training,False,0.5215951323377033,105.76238007478409,928.9111286613968,2959.143360743403,0.22854053730867346,0.0700101678988541,90.38055738090576,0.01603266785887441,50.51453329854722,73.13230921427643,2278.164864475195
drishtiGS_101,DRISHTI,2864841,0,Normal,C:/Users/TRIPU/OneDrive/Documents/ML/end sem project/Drishti-GS1_files\Drishti-GS1_files\Drishti-GS1_files\Training\Images\drishtiGS_101.png,C:/Users/TRIPU/.gemini/antigravity/scratch/glaucoma_detection\data\processed\DRISHTI\normal\drishtiGS_101.png,development,0,,DRISHTI_training,False,0.5635216585269415,69.63037839603331,1378.4348996933977,4473.594061993921,0.29690987723214285,0.049177279683485856,129.3557949602585,0.009992472027566434,77.74301769341534,54.86956763961888,1580.8255839164785
drishtiGS_001,DRISHTI,1077987,1,Glaucoma,C:/Users/TRIPU/OneDrive/Documents/ML/end sem project/Drishti-GS1_files\Drishti-GS1_files\Drishti-GS1_files\Test\Images\drishtiGS_001.png,C:/Users/TRIPU/.gemini/antigravity/scratch/glaucoma_detection\data\processed\DRISHTI\glaucoma\drishtiGS_001.png,development,4,,DRISHTI_test,False,0.5137132390615705,111.81716783887104,1111.2766891537076,2811.2908051982913,0.22129603794642858,0.06634140986830386,115.16621992682556,0.012857112193760779,67.49608019529717,76.1908998359228,2810.901905122305
drishtiGS_003,DRISHTI,1393265,1,Glaucoma,C:/Users/TRIPU/OneDrive/Documents/ML/end sem project/Drishti-GS1_files\Drishti-GS1_files\Drishti-GS1_files\Test\Images\drishtiGS_003.png,C:/Users/TRIPU/.gemini/antigravity/scratch/glaucoma_detection\data\processed\DRISHTI\glaucoma\drishtiGS_003.png,development,2,,DRISHTI_test,False,0.5030116433459507,92.29654627302506,1660.1027398194678,3156.070676772846,0.25166912468112246,0.07485731274778915,52.950784042464406,0.02007672545960519,29.92841988308528,66.43514225378983,848.7270395023205
drishtiGS_005,DRISHTI,1481925,1,Glaucoma,C:/Users/TRIPU/OneDrive/Documents/ML/end sem project/Drishti-GS1_files\Drishti-GS1_files\Drishti-GS1_files\Test\Images\drishtiGS_005.png,C:/Users/TRIPU/.gemini/antigravity/scratch/glaucoma_detection\data\processed\DRISHTI\glaucoma\drishtiGS_005.png,development,4,,DRISHTI_test,False,0.5121123592110529,105.65474193023715,809.7410986395873,2872.858269327368,0.22896404655612246,0.07389666866271521,110.77199774758192,0.017599126481287822,67.49747815219888,72.79589623792518,1584.5062207898452
drishtiGS_006,DRISHTI,1514781,1,Glaucoma,C:/Users/TRIPU/OneDrive/Documents/ML/end sem project/Drishti-GS1_files\Drishti-GS1_files\Drishti-GS1_files\Test\Images\drishtiGS_006.png,C:/Users/TRIPU/.gemini/antigravity/scratch/glaucoma_detection\data\processed\DRISHTI\glaucoma\drishtiGS_006.png,development,3,,DRISHTI_test,True,0.5491203704045684,89.39989366651751,1053.4817027684521,3633.9416083151245,0.2550422512755102,0.06385392743231086,88.53476465677335,0.015353935273592354,51.78799201784579,63.52964108000675,1458.1295648611977
drishtiGS_007,DRISHTI,1514781,0,Normal,C:/Users/TRIPU/OneDrive/Documents/ML/end sem project/Drishti-GS1_files\Drishti-GS1_files\Drishti-GS1_files\Test\Images\drishtiGS_007.png,C:/Users/TRIPU/.gemini/antigravity/scratch/glaucoma_detection\data\processed\DRISHTI\normal\drishtiGS_007.png,development,3,,DRISHTI_test,True,0.5326482811795231,81.25881598494162,1028.6532814704065,3611.691114485508,0.265869140625,0.05135597759517285,181.91628019436712,0.008934986372028848,101.52042369716835,61.25565471963543,3252.8199510692557
drishtiGS_009,DRISHTI,1558499,0,Normal,C:/Users/TRIPU/OneDrive/Documents/ML/end sem project/Drishti-GS1_files\Drishti-GS1_files\Drishti-GS1_files\Test\Images\drishtiGS_009.png,C:/Users/TRIPU/.gemini/antigravity/scratch/glaucoma_detection\data\processed\DRISHTI\normal\drishtiGS_009.png,development,1,,DRISHTI_test,False,0.5085409174144845,106.67969369115693,1710.0408890504261,2742.7512461420874,0.22116649394132654,0.07089666934834932,69.9220305563629,0.015636513793382052,38.54335764459917,72.38173079892589,2059.6383481017224
drishtiGS_011,DRISHTI,1731185,1,Glaucoma,C:/Users/TRIPU/OneDrive/Documents/ML/end sem project/Drishti-GS1_files\Drishti-GS1_files\Drishti-GS1_files\Test\Images\drishtiGS_011.png,C:/Users/TRIPU/.gemini/antigravity/scratch/glaucoma_detection\data\processed\DRISHTI\glaucoma\drishtiGS_011.png,development,4,,DRISHTI_test,False,0.5064436109864113,77.28050646894124,1500.6380327200427,3402.700233583591,0.27065230389030615,0.054524582345048894,115.80605040938659,0.011245260943210642,61.533959416302274,60.10922058801331,1813.138857813065
drishtiGS_013,DRISHTI,1895846,0,Normal,C:/Users/TRIPU/OneDrive/Documents/ML/end sem project/Drishti-GS1_files\Drishti-GS1_files\Drishti-GS1_files\Test\Images\drishtiGS_013.png,C:/Users/TRIPU/.gemini/antigravity/scratch/glaucoma_detection\data\processed\DRISHTI\normal\drishtiGS_013.png,development,2,,DRISHTI_test,False,0.460387087832177,139.75517901418002,1113.3493046464705,1867.8057298910664,0.18097795758928573,0.12045000892843655,41.8319539726586,0.0362021543258861,23.161977610521678,76.36537275732744,1403.3574730170544
drishtiGS_014,DRISHTI,1972140,1,Glaucoma,C:/Users/TRIPU/OneDrive/Documents/ML/end sem project/Drishti-GS1_files\Drishti-GS1_files\Drishti-GS1_files\Test\Images\drishtiGS_014.png,C:/Users/TRIPU/.gemini/antigravity/scratch/glaucoma_detection\data\processed\DRISHTI\glaucoma\drishtiGS_014.png,development,2,,DRISHTI_test,False,0.4854167836551009,92.55895034288855,1388.5457550012243,2830.742268188106,0.24133051658163268,0.061084118217170774,115.775313811898,0.011994684726760112,62.00278945526782,67.37659569886617,2210.8058222075842
drishtiGS_019,DRISHTI,2020775,1,Glaucoma,C:/Users/TRIPU/OneDrive/Documents/ML/end sem project/Drishti-GS1_files\Drishti-GS1_files\Drishti-GS1_files\Test\Images\drishtiGS_019.png,C:/Users/TRIPU/.gemini/antigravity/scratch/glaucoma_detection\data\processed\DRISHTI\glaucoma\drishtiGS_019.png,development,1,,DRISHTI_test,False,0.5915932289983128,58.70815060474404,1620.9679224445306,5548.122869860673,0.3352150430484694,0.04511993836365509,142.53186623750804,0.01034223303942287,89.72775310481772,48.69170162421827,1298.7138108036365
drishtiGS_020,DRISHTI,2030682,1,Glaucoma,C:/Users/TRIPU/OneDrive/Documents/ML/end sem project/Drishti-GS1_files\Drishti-GS1_files\Drishti-GS1_files\Test\Images\drishtiGS_020.png,C:/Users/TRIPU/.gemini/antigravity/scratch/glaucoma_detection\data\processed\DRISHTI\glaucoma\drishtiGS_020.png,development,2,,DRISHTI_test,False,0.493601306969693,113.0727656732042,850.7467815313553,2526.625444729334,0.21550641741071427,0.07567672653751578,94.41066656397382,0.016930721684763072,55.231679540423876,77.4549154883991,1966.525850235835
drishtiGS_021,DRISHTI,2040729,1,Glaucoma,C:/Users/TRIPU/OneDrive/Documents/ML/end sem project/Drishti-GS1_files\Drishti-GS1_files\Drishti-GS1_files\Test\Images\drishtiGS_021.png,C:/Users/TRIPU/.gemini/antigravity/scratch/glaucoma_detection\data\processed\DRISHTI\glaucoma\drishtiGS_021.png,development,1,,DRISHTI_test,False,0.48259481189920894,96.35870619340409,1156.4570123404962,2716.380475783975,0.23589465082908165,0.07266288651262198,82.67869213761226,0.017202080576670536,46.21450955306682,67.9062837783305,1369.791217844091
drishtiGS_023,DRISHTI,2070741,1,Glaucoma,C:/Users/TRIPU/OneDrive/Documents/ML/end sem project/Drishti-GS1_files\Drishti-GS1_files\Drishti-GS1_files\Test\Images\drishtiGS_023.png,C:/Users/TRIPU/.gemini/antigravity/scratch/glaucoma_detection\data\processed\DRISHTI\glaucoma\drishtiGS_023.png,development,4,,DRISHTI_test,False,0.5329308519805575,78.03773871650041,1297.1164748682697,3767.983960313398,0.27478774713010207,0.05329887534935072,117.96481513325058,0.010751544368374354,65.51217340878313,59.07541051571669,2018.2724801858371
drishtiGS_025,DRISHTI,2209395,1,Glaucoma,C:/Users/TRIPU/OneDrive/Documents/ML/end sem project/Drishti-GS1_files\Drishti-GS1_files\Drishti-GS1_files\Test\Images\drishtiGS_025.png,C:/Users/TRIPU/.gemini/antigravity/scratch/glaucoma_detection\data\processed\DRISHTI\glaucoma\drishtiGS_025.png,development,0,,DRISHTI_test,False,0.5075257577146057,137.60371615728144,1091.0673153566904,2469.228479406415,0.20195412149234693,0.08829214433508725,75.14015701007405,0.020543086931945273,49.042166282954895,99.76297793760568,1704.9123967734563
drishtiGS_027,DRISHTI,2248277,1,Glaucoma,C:/Users/TRIPU/OneDrive/Documents/ML/end sem project/Drishti-GS1_files\Drishti-GS1_files\Drishti-GS1_files\Test\Images\drishtiGS_027.png,C:/Users/TRIPU/.gemini/antigravity/scratch/glaucoma_detection\data\processed\DRISHTI\glaucoma\drishtiGS_027.png,development,2,,DRISHTI_test,False,0.5762373667232477,64.57773616713025,1375.7524821145576,4883.408770586026,0.31107003348214285,0.04469130018628405,181.43494566896084,0.00858619462395074,105.6419013103702,52.21109272987638,2336.891580637273
drishtiGS_028,DRISHTI,2248277,1,Glaucoma,C:/Users/TRIPU/OneDrive/Documents/ML/end sem project/Drishti-GS1_files\Drishti-GS1_files\Drishti-GS1_files\Test\Images\drishtiGS_028.png,C:/Users/TRIPU/.gemini/antigravity/scratch/glaucoma_detection\data\processed\DRISHTI\glaucoma\drishtiGS_028.png,development,2,,DRISHTI_test,False,0.5557286025784052,83.3876776347381,1395.395663059477,3807.951303297559,0.26153938137755106,0.05709243927627485,104.65494895654464,0.012558387700104564,59.565753973908016,60.472148411518766,2206.745385699267
drishtiGS_029,DRISHTI,2292498,1,Glaucoma,C:/Users/TRIPU/OneDrive/Documents/ML/end sem project/Drishti-GS1_files\Drishti-GS1_files\Drishti-GS1_files\Test\Images\drishtiGS_029.png,C:/Users/TRIPU/.gemini/antigravity/scratch/glaucoma_detection\data\processed\DRISHTI\glaucoma\drishtiGS_029.png,development,1,,DRISHTI_test,False,0.4729206127172628,137.02729124511592,1125.8582318924527,2086.74322297815,0.19261698820153064,0.07568931270711365,88.4606744173589,0.014829750145161753,45.52856517121877,84.8651884926911,3419.2086193215814
drishtiGS_030,DRISHTI,2292498,1,Glaucoma,C:/Users/TRIPU/OneDrive/Documents/ML/end sem project/Drishti-GS1_files\Drishti-GS1_files\Drishti-GS1_files\Test\Images\drishtiGS_030.png,C:/Users/TRIPU/.gemini/antigravity/scratch/glaucoma_detection\data\processed\DRISHTI\glaucoma\drishtiGS_030.png,development,1,,DRISHTI_test,False,0.4788593021725429,127.1682760500158,1057.5129903761983,2155.2174724541655,0.19552176339285715,0.07786713632815448,80.20924475477533,0.016196129831077814,42.68440202519415,83.67574975331095,2760.072254258104
drishtiGS_034,DRISHTI,2356217,1,Glaucoma,C:/Users/TRIPU/OneDrive/Documents/ML/end sem project/Drishti-GS1_files\Drishti-GS1_files\Drishti-GS1_files\Test\Images\drishtiGS_034.png,C:/Users/TRIPU/.gemini/antigravity/scratch/glaucoma_detection\data\processed\DRISHTI\glaucoma\drishtiGS_034.png,development,4,,DRISHTI_test,True,0.5353504623504882,83.4410185582972,1324.0679335430218,3509.2486331257587,0.25802674585459184,0.056180917878095434,121.12968149577354,0.011362292835079224,68.31891231596103,62.54124071103224,2429.429713653329
drishtiGS_039,DRISHTI,2396691,1,Glaucoma,C:/Users/TRIPU/OneDrive/Documents/ML/end sem project/Drishti-GS1_files\Drishti-GS1_files\Drishti-GS1_files\Test\Images\drishtiGS_039.png,C:/Users/TRIPU/.gemini/antigravity/scratch/glaucoma_detection\data\processed\DRISHTI\glaucoma\drishtiGS_039.png,development,4,,DRISHTI_test,False,0.5258808117548166,87.82902201967283,1083.993221209484,3385.1054662352217,0.2551817602040816,0.058559048957294524,115.66686106041114,0.012147179520533853,65.99692213294585,64.10346564432162,2069.18354820548
drishtiGS_043,DRISHTI,2477980,1,Glaucoma,C:/Users/TRIPU/OneDrive/Documents/ML/end sem project/Drishti-GS1_files\Drishti-GS1_files\Drishti-GS1_files\Test\Images\drishtiGS_043.png,C:/Users/TRIPU/.gemini/antigravity/scratch/glaucoma_detection\data\processed\DRISHTI\glaucoma\drishtiGS_043.png,development,0,,DRISHTI_test,False,0.4756379828607809,155.9109263522995,953.2497590468561,1904.0013215840631,0.17604532047193877,0.08734552008871924,68.16260387046731,0.0186420433341889,34.708750371240654,92.65268530280312,3266.5545278012296
drishtiGS_048,DRISHTI,2520061,1,Glaucoma,C:/Users/TRIPU/OneDrive/Documents/ML/end sem project/Drishti-GS1_files\Drishti-GS1_files\Drishti-GS1_files\Test\Images\drishtiGS_048.png,C:/Users/TRIPU/.gemini/antigravity/scratch/glaucoma_detection\data\processed\DRISHTI\glaucoma\drishtiGS_048.png,development,1,,DRISHTI_test,False,0.48148513868567067,131.5094339887196,1117.31192668747,2214.8108350432367,0.19632892219387754,0.06956652980064289,124.95632095490069,0.011932444455665103,66.90484737236702,83.53447460996135,4666.384450055121
drishtiGS_050,DRISHTI,2564907,1,Glaucoma,C:/Users/TRIPU/OneDrive/Documents/ML/end sem project/Drishti-GS1_files\Drishti-GS1_files\Drishti-GS1_files\Test\Images\drishtiGS_050.png,C:/Users/TRIPU/.gemini/antigravity/scratch/glaucoma_detection\data\processed\DRISHTI\glaucoma\drishtiGS_050.png,development,2,,DRISHTI_test,False,0.5252705977633243,84.61921712308548,1100.269930558414,3381.3015852731824,0.25686084980867346,0.05671810255744006,130.21837116097078,0.011554747729126177,70.7180276021174,62.71383503535066,2366.995976236216
drishtiGS_052,DRISHTI,2575322,1,Glaucoma,C:/Users/TRIPU/OneDrive/Documents/ML/end sem project/Drishti-GS1_files\Drishti-GS1_files\Drishti-GS1_files\Test\Images\drishtiGS_052.png,C:/Users/TRIPU/.gemini/antigravity/scratch/glaucoma_detection\data\processed\DRISHTI\glaucoma\drishtiGS_052.png,development,0,,DRISHTI_test,False,0.5051183886513154,126.00649187425375,1473.3896356745804,2491.842898912169,0.2045001594387755,0.08952823928391654,52.72544611222803,0.023532369430247876,31.384556705777094,81.24236305235165,1366.1635756057112
drishtiGS_053,DRISHTI,2575322,1,Glaucoma,C:/Users/TRIPU/OneDrive/Documents/ML/end sem project/Drishti-GS1_files\Drishti-GS1_files\Drishti-GS1_files\Test\Images\drishtiGS_053.png,C:/Users/TRIPU/.gemini/antigravity/scratch/glaucoma_detection\data\processed\DRISHTI\glaucoma\drishtiGS_053.png,development,0,,DRISHTI_test,False,0.5627763142753047,69.09390692489322,1447.321080903601,4437.6305074220645,0.29544005102040816,0.05009196491223778,129.7875605122667,0.010697164668532827,77.94595467024496,54.580850414435176,1684.4224756423105
drishtiGS_054,DRISHTI,2598343,1,Glaucoma,C:/Users/TRIPU/OneDrive/Documents/ML/end sem project/Drishti-GS1_files\Drishti-GS1_files\Drishti-GS1_files\Test\Images\drishtiGS_054.png,C:/Users/TRIPU/.gemini/antigravity/scratch/glaucoma_detection\data\processed\DRISHTI\glaucoma\drishtiGS_054.png,development,2,,DRISHTI_test,False,0.5564317321819436,73.97768001008251,1349.3778150231615,4192.8079332961215,0.28475765306122447,0.0514672656308185,127.25623473155821,0.010663293059533422,75.02473738410605,57.00362313445737,1764.6188182851033
drishtiGS_055,DRISHTI,2598343,1,Glaucoma,C:/Users/TRIPU/OneDrive/Documents/ML/end sem project/Drishti-GS1_files\Drishti-GS1_files\Drishti-GS1_files\Test\Images\drishtiGS_055.png,C:/Users/TRIPU/.gemini/antigravity/scratch/glaucoma_detection\data\processed\DRISHTI\glaucoma\drishtiGS_055.png,development,2,,DRISHTI_test,False,0.477409229236076,209.2263631359662,1278.9587587940864,2057.5798619089765,0.1858806999362245,0.07089828006653838,129.9987111663918,0.010048000505106153,66.81364678256719,182.50294809968045,3583.242419584031
drishtiGS_056,DRISHTI,2617454,1,Glaucoma,C:/Users/TRIPU/OneDrive/Documents/ML/end sem project/Drishti-GS1_files\Drishti-GS1_files\Drishti-GS1_files\Test\Images\drishtiGS_056.png,C:/Users/TRIPU/.gemini/antigravity/scratch/glaucoma_detection\data\processed\DRISHTI\glaucoma\drishtiGS_056.png,development,2,,DRISHTI_test,True,0.5140713094478072,89.21998632658965,1473.3761873544122,3167.156406761782,0.24916294642857145,0.0600190418955283,96.05719933949773,0.012714883959220585,50.40497588714171,66.55510734073852,2076.597219589555
drishtiGS_059,DRISHTI,2682713,1,Glaucoma,C:/Users/TRIPU/OneDrive/Documents/ML/end sem project/Drishti-GS1_files\Drishti-GS1_files\Drishti-GS1_files\Test\Images\drishtiGS_059.png,C:/Users/TRIPU/.gemini/antigravity/scratch/glaucoma_detection\data\processed\DRISHTI\glaucoma\drishtiGS_059.png,development,3,,DRISHTI_test,False,0.4959183327036096,122.87688777495353,1041.216260067255,2436.127080258649,0.20628388073979592,0.07306040068911795,85.13206936758723,0.015437870113089383,45.32000241678308,80.37634566069072,2713.1702705791786
drishtiGS_065,DRISHTI,2708535,1,Glaucoma,C:/Users/TRIPU/OneDrive/Documents/ML/end sem project/Drishti-GS1_files\Drishti-GS1_files\Drishti-GS1_files\Test\Images\drishtiGS_065.png,C:/Users/TRIPU/.gemini/antigravity/scratch/glaucoma_detection\data\processed\DRISHTI\glaucoma\drishtiGS_065.png,development,1,,DRISHTI_test,False,0.5202392878708184,98.9310761075748,1124.6858465606801,3030.1116001301825,0.2344497369260204,0.08848221938925799,57.0598172314989,0.025424122370295753,34.239161597365936,69.84394478632966,1017.2372066703148
drishtiGS_067,DRISHTI,2737392,1,Glaucoma,C:/Users/TRIPU/OneDrive/Documents/ML/end sem project/Drishti-GS1_files\Drishti-GS1_files\Drishti-GS1_files\Test\Images\drishtiGS_067.png,C:/Users/TRIPU/.gemini/antigravity/scratch/glaucoma_detection\data\processed\DRISHTI\glaucoma\drishtiGS_067.png,development,0,,DRISHTI_test,False,0.5277565818582434,82.7515578927467,1426.4092118829908,3577.130961656292,0.2638462611607143,0.05877682979556655,99.12782940801753,0.012941832789951209,57.50671220389334,61.65564291304322,1585.7172185642062
drishtiGS_070,DRISHTI,2763334,1,Glaucoma,C:/Users/TRIPU/OneDrive/Documents/ML/end sem project/Drishti-GS1_files\Drishti-GS1_files\Drishti-GS1_files\Test\Images\drishtiGS_070.png,C:/Users/TRIPU/.gemini/antigravity/scratch/glaucoma_detection\data\processed\DRISHTI\glaucoma\drishtiGS_070.png,development,3,,DRISHTI_test,False,0.5326039512290305,84.17328062379656,1709.8096888742482,3447.2683342036703,0.25600386639030615,0.05830955220819954,100.7383883314545,0.012468185594568365,56.67695745419306,62.50456124747581,2116.3519979615794
drishtiGS_071,DRISHTI,2763334,1,Glaucoma,C:/Users/TRIPU/OneDrive/Documents/ML/end sem project/Drishti-GS1_files\Drishti-GS1_files\Drishti-GS1_files\Test\Images\drishtiGS_071.png,C:/Users/TRIPU/.gemini/antigravity/scratch/glaucoma_detection\data\processed\DRISHTI\glaucoma\drishtiGS_071.png,development,3,,DRISHTI_test,False,0.5271754158367531,81.33128418201842,1232.3641013678123,3597.1477993727576,0.26712472098214285,0.05845265597089763,101.52801853566316,0.013121730116791873,57.18402908780731,60.613224779797584,1571.1534201958207
drishtiGS_072,DRISHTI,2769581,0,Normal,C:/Users/TRIPU/OneDrive/Documents/ML/end sem project/Drishti-GS1_files\Drishti-GS1_files\Drishti-GS1_files\Test\Images\drishtiGS_072.png,C:/Users/TRIPU/.gemini/antigravity/scratch/glaucoma_detection\data\processed\DRISHTI\normal\drishtiGS_072.png,development,4,,DRISHTI_test,False,0.5217256054106623,97.7634352447198,1477.193121915099,3040.755997307614,0.23433514030612243,0.06473120793973733,81.85048624900526,0.014014858622984922,44.43258045460404,67.50517718181923,2251.5188952170574
drishtiGS_073,DRISHTI,2796817,1,Glaucoma,C:/Users/TRIPU/OneDrive/Documents/ML/end sem project/Drishti-GS1_files\Drishti-GS1_files\Drishti-GS1_files\Test\Images\drishtiGS_073.png,C:/Users/TRIPU/.gemini/antigravity/scratch/glaucoma_detection\data\processed\DRISHTI\glaucoma\drishtiGS_073.png,development,3,,DRISHTI_test,False,0.5669191530152357,83.05267975803508,1278.07746968696,4288.762689817483,0.2822514748086734,0.049371361213162476,184.06432499429465,0.007959257490393192,109.64839126276054,67.39753550203525,2572.373181236274
drishtiGS_074,DRISHTI,2797768,1,Glaucoma,C:/Users/TRIPU/OneDrive/Documents/ML/end sem project/Drishti-GS1_files\Drishti-GS1_files\Drishti-GS1_files\Test\Images\drishtiGS_074.png,C:/Users/TRIPU/.gemini/antigravity/scratch/glaucoma_detection\data\processed\DRISHTI\glaucoma\drishtiGS_074.png,development,3,,DRISHTI_test,False,0.4508192392480556,118.78654033959569,1361.389953872039,1992.1703322177423,0.19960738201530612,0.06909354300467234,112.49007714495738,0.011870967771854783,54.09286237516118,81.18657272400085,4023.721074428845
drishtiGS_077,DRISHTI,2804213,1,Glaucoma,C:/Users/TRIPU/OneDrive/Documents/ML/end sem project/Drishti-GS1_files\Drishti-GS1_files\Drishti-GS1_files\Test\Images\drishtiGS_077.png,C:/Users/TRIPU/.gemini/antigravity/scratch/glaucoma_detection\data\processed\DRISHTI\glaucoma\drishtiGS_077.png,development,3,,DRISHTI_test,False,0.5373218175139599,89.24577269001405,1175.4412374444005,3484.427288538875,0.2532934072066327,0.06176745576562148,101.64071462846888,0.013962732711464676,61.674036734843234,64.97944869858104,1722.6393862437162
drishtiGS_078,DRISHTI,2804233,0,Normal,C:/Users/TRIPU/OneDrive/Documents/ML/end sem project/Drishti-GS1_files\Drishti-GS1_files\Drishti-GS1_files\Test\Images\drishtiGS_078.png,C:/Users/TRIPU/.gemini/antigravity/scratch/glaucoma_detection\data\processed\DRISHTI\normal\drishtiGS_078.png,development,2,,DRISHTI_test,False,0.5521914198149145,75.49598015118525,1248.1014098845371,4074.7148825643008,0.2804378587372449,0.05852404195924902,94.54612471980407,0.01438814321549572,56.4740620105066,57.04619284683035,1251.693109833202
drishtiGS_079,DRISHTI,2816193,1,Glaucoma,C:/Users/TRIPU/OneDrive/Documents/ML/end sem project/Drishti-GS1_files\Drishti-GS1_files\Drishti-GS1_files\Test\Images\drishtiGS_079.png,C:/Users/TRIPU/.gemini/antigravity/scratch/glaucoma_detection\data\processed\DRISHTI\glaucoma\drishtiGS_079.png,development,2,,DRISHTI_test,False,0.5255932920441058,79.50278820234598,1601.7557342632929,3550.9085034171603,0.26779735331632654,0.05153572868814191,150.01471263518994,0.009239955804680886,82.40167080209476,59.91145299741586,2694.0633619189684
drishtiGS_082,DRISHTI,2827617,1,Glaucoma,C:/Users/TRIPU/OneDrive/Documents/ML/end sem project/Drishti-GS1_files\Drishti-GS1_files\Drishti-GS1_files\Test\Images\drishtiGS_082.png,C:/Users/TRIPU/.gemini/antigravity/scratch/glaucoma_detection\data\processed\DRISHTI\glaucoma\drishtiGS_082.png,development,1,,DRISHTI_test,False,0.4920417761892908,115.50770835327224,1772.247872669439,2427.6603482512323,0.20920858577806123,0.07307214486160338,74.2725573805802,0.015464665226888606,41.52357207425436,78.6204656716421,2315.0876888454245
drishtiGS_083,DRISHTI,2828224,1,Glaucoma,C:/Users/TRIPU/OneDrive/Documents/ML/end sem project/Drishti-GS1_files\Drishti-GS1_files\Drishti-GS1_files\Test\Images\drishtiGS_083.png,C:/Users/TRIPU/.gemini/antigravity/scratch/glaucoma_detection\data\processed\DRISHTI\glaucoma\drishtiGS_083.png,development,2,,DRISHTI_test,False,0.5428971647690284,90.13865871593929,1169.8230597866736,3522.910876802892,0.25191326530612246,0.05946773196068611,115.07272952635408,0.012637262143802674,68.62134648463805,64.8802194744788,2068.7413915818747
drishtiGS_085,DRISHTI,2829822,0,Normal,C:/Users/TRIPU/OneDrive/Documents/ML/end sem project/Drishti-GS1_files\Drishti-GS1_files\Drishti-GS1_files\Test\Images\drishtiGS_085.png,C:/Users/TRIPU/.gemini/antigravity/scratch/glaucoma_detection\data\processed\DRISHTI\normal\drishtiGS_085.png,development,1,,DRISHTI_test,True,0.5667888461707014,78.21609661296162,1384.3417218971454,4178.767555557586,0.2755749760841837,0.0525388978822224,139.48772078241214,0.01096284154445954,84.13653959836165,57.893308543262776,2247.5043738813647
drishtiGS_086,DRISHTI,2835701,1,Glaucoma,C:/Users/TRIPU/OneDrive/Documents/ML/end sem project/Drishti-GS1_files\Drishti-GS1_files\Drishti-GS1_files\Test\Images\drishtiGS_086.png,C:/Users/TRIPU/.gemini/antigravity/scratch/glaucoma_detection\data\processed\DRISHTI\glaucoma\drishtiGS_086.png,development,3,,DRISHTI_test,False,0.5644582583502848,73.8873315979119,1098.7245709970553,4331.53382896083,0.2869897959183674,0.05563809864219375,123.83405454893686,0.012945126954792328,75.28080013939004,56.02485305122208,1383.6104237071736
drishtiGS_087,DRISHTI,2839795,1,Glaucoma,C:/Users/TRIPU/OneDrive/Documents/ML/end sem project/Drishti-GS1_files\Drishti-GS1_files\Drishti-GS1_files\Test\Images\drishtiGS_087.png,C:/Users/TRIPU/.gemini/antigravity/scratch/glaucoma_detection\data\processed\DRISHTI\glaucoma\drishtiGS_087.png,development,0,,DRISHTI_test,False,0.5174061722534659,86.1116506963038,1317.938300278812,3228.737034199208,0.2515196508290817,0.060135537106249075,106.14590417351312,0.012872415062868629,60.37946757984925,63.7376200684679,2043.7012807128995
drishtiGS_091,DRISHTI,2864740,0,Normal,C:/Users/TRIPU/OneDrive/Documents/ML/end sem project/Drishti-GS1_files\Drishti-GS1_files\Drishti-GS1_files\Test\Images\drishtiGS_091.png,C:/Users/TRIPU/.gemini/antigravity/scratch/glaucoma_detection\data\processed\DRISHTI\normal\drishtiGS_091.png,development,4,,DRISHTI_test,False,0.5479438768718492,83.3722135947056,1075.3156506615335,3738.198481331251,0.26332808514030615,0.06237294716884367,98.61135716205641,0.014984833377966165,58.262416134466775,62.18119930268732,1482.375683230793
drishtiGS_093,DRISHTI,2864766,0,Normal,C:/Users/TRIPU/OneDrive/Documents/ML/end sem project/Drishti-GS1_files\Drishti-GS1_files\Drishti-GS1_files\Test\Images\drishtiGS_093.png,C:/Users/TRIPU/.gemini/antigravity/scratch/glaucoma_detection\data\processed\DRISHTI\normal\drishtiGS_093.png,development,3,,DRISHTI_test,False,0.5505619092380485,91.3492373836206,912.7739196586549,3715.064503984031,0.2588837292729592,0.06086259151774309,124.2542166661252,0.01365518531127502,73.2757217924914,64.48712786150529,1749.5591699809788
drishtiGS_095,DRISHTI,2864781,0,Normal,C:/Users/TRIPU/OneDrive/Documents/ML/end sem project/Drishti-GS1_files\Drishti-GS1_files\Drishti-GS1_files\Test\Images\drishtiGS_095.png,C:/Users/TRIPU/.gemini/antigravity/scratch/glaucoma_detection\data\processed\DRISHTI\normal\drishtiGS_095.png,development,4,,DRISHTI_test,False,0.5614853018163076,73.271741306729,1135.6782294818054,4298.107325234343,0.28761260363520413,0.054519751266867575,110.28076037497576,0.012441650121033779,67.47812941150202,56.81172777850194,1307.6627592829207
drishtiGS_096,DRISHTI,2864804,0,Normal,C:/Users/TRIPU/OneDrive/Documents/ML/end sem project/Drishti-GS1_files\Drishti-GS1_files\Drishti-GS1_files\Test\Images\drishtiGS_096.png,C:/Users/TRIPU/.gemini/antigravity/scratch/glaucoma_detection\data\processed\DRISHTI\normal\drishtiGS_096.png,development,1,,DRISHTI_test,False,0.4976257366329838,106.48233079015807,1525.906481876503,2655.04811662405,0.22309968909438777,0.06409126744793997,96.66761462195626,0.012155782943790296,49.924015369157004,75.26671275090727,2782.3126669413878
drishtiGS_097,DRISHTI,2864821,0,Normal,C:/Users/TRIPU/OneDrive/Documents/ML/end sem project/Drishti-GS1_files\Drishti-GS1_files\Drishti-GS1_files\Test\Images\drishtiGS_097.png,C:/Users/TRIPU/.gemini/antigravity/scratch/glaucoma_detection\data\processed\DRISHTI\normal\drishtiGS_097.png,development,2,,DRISHTI_test,False,0.5808945144149879,76.01768448855054,1165.4518616328246,4582.568817826003,0.2884097975127551,0.05347513640696128,119.0307067574285,0.01200253991570642,74.88590603624628,57.140421545554105,1478.0004615137896
drishtiGS_099,DRISHTI,2864831,0,Normal,C:/Users/TRIPU/OneDrive/Documents/ML/end sem project/Drishti-GS1_files\Drishti-GS1_files\Drishti-GS1_files\Test\Images\drishtiGS_099.png,C:/Users/TRIPU/.gemini/antigravity/scratch/glaucoma_detection\data\processed\DRISHTI\normal\drishtiGS_099.png,development,4,,DRISHTI_test,False,0.5345163411078827,88.23467115725995,1296.0624426426368,3514.096111535504,0.2573142538265306,0.06853144116528274,75.14379552828609,0.017338700611439602,45.01359297141845,64.68861843717953,1142.7072667656266
drishtiGS_100,DRISHTI,2864841,0,Normal,C:/Users/TRIPU/OneDrive/Documents/ML/end sem project/Drishti-GS1_files\Drishti-GS1_files\Drishti-GS1_files\Test\Images\drishtiGS_100.png,C:/Users/TRIPU/.gemini/antigravity/scratch/glaucoma_detection\data\processed\DRISHTI\normal\drishtiGS_100.png,development,0,,DRISHTI_test,False,0.5862401651990387,64.31449337991683,1185.7530832363373,5133.776767169347,0.31667032047193877,0.049119464220188105,125.8408085064499,0.011405743526869312,78.59315836910632,51.690583127804096,1240.2678861594588
HRF_01_g,HRF,HRF_01,1,Glaucoma,C:/Users/TRIPU/OneDrive/Documents/ML/end sem project/HRF Dataset\images\01_g.jpg,C:/Users/TRIPU/.gemini/antigravity/scratch/glaucoma_detection\data\processed\HRF\glaucoma\HRF_01_g.png,external_test,-1,,HRF_primary,False,0.5434826963722763,141.79849006595487,1453.3777498168483,3607.098190876296,0.2548080755739796,0.0516053671980559,187.85325939726158,0.005124078971409471,105.39298720163904,130.32021769886398,2347.2801949018613
HRF_01_h,HRF,HRF_01,0,Normal,C:/Users/TRIPU/OneDrive/Documents/ML/end sem project/HRF Dataset\images\01_h.jpg,C:/Users/TRIPU/.gemini/antigravity/scratch/glaucoma_detection\data\processed\HRF\normal\HRF_01_h.png,external_test,-1,,HRF_primary,False,0.6279373817266044,111.13206175242192,1275.7699932557516,5796.454291407928,0.31350147480867346,0.04235437274278333,235.9404893909078,0.004678535402365413,154.29683837325467,104.14502899011609,1670.8303003545375
HRF_02_g,HRF,HRF_02,1,Glaucoma,C:/Users/TRIPU/OneDrive/Documents/ML/end sem project/HRF Dataset\images\02_g.jpg,C:/Users/TRIPU/.gemini/antigravity/scratch/glaucoma_detection\data\processed\HRF\glaucoma\HRF_02_g.png,external_test,-1,,HRF_primary,False,0.5654990075659652,134.2895209545812,1446.1952385335262,4055.8001590971257,0.2666962292729592,0.049871222152888986,184.38188596619295,0.005395049364256388,105.83772421598965,123.63782134760422,2174.2915488796552
HRF_02_h,HRF,HRF_02,0,Normal,C:/Users/TRIPU/OneDrive/Documents/ML/end sem project/HRF Dataset\images\02_h.jpg,C:/Users/TRIPU/.gemini/antigravity/scratch/glaucoma_detection\data\processed\HRF\normal\HRF_02_h.png,external_test,-1,,HRF_primary,False,0.6529712877663834,100.6474724932489,1498.109596117946,6867.0406410756805,0.3431371572066326,0.03885731097409967,242.43207536727357,0.004514110935134848,163.14611652313476,95.36328468193936,1371.5173565306789
HRF_03_g,HRF,HRF_03,1,Glaucoma,C:/Users/TRIPU/OneDrive/Documents/ML/end sem project/HRF Dataset\images\03_g.jpg,C:/Users/TRIPU/.gemini/antigravity/scratch/glaucoma_detection\data\processed\HRF\glaucoma\HRF_03_g.png,external_test,-1,,HRF_primary,False,0.4787160264879776,188.8443249393384,1153.5956989461233,2249.117748552102,0.20112703284438777,0.06366538262413252,192.73269322034196,0.005224250566181213,96.31564609090765,167.4342257242105,4549.741178488188
HRF_03_h,HRF,HRF_03,0,Normal,C:/Users/TRIPU/OneDrive/Documents/ML/end sem project/HRF Dataset\images\03_h.jpg,C:/Users/TRIPU/.gemini/antigravity/scratch/glaucoma_detection\data\processed\HRF\normal\HRF_03_h.png,external_test,-1,,HRF_primary,False,0.6067886858362945,121.07001310220966,1104.065778363283,5040.910878716282,0.29141920440051017,0.04666261030074663,197.27838306431033,0.00561616539526946,127.4350390822312,112.31438981970382,1601.7408071627724
HRF_04_g,HRF,HRF_04,1,Glaucoma,C:/Users/TRIPU/OneDrive/Documents/ML/end sem project/HRF Dataset\images\04_g.jpg,C:/Users/TRIPU/.gemini/antigravity/scratch/glaucoma_detection\data\processed\HRF\glaucoma\HRF_04_g.png,external_test,-1,,HRF_primary,False,0.513755907505176,152.95005862704312,1335.7320171589004,3049.8990958620225,0.23805703922193877,0.05446429732606062,204.20447817707299,0.004905502097567768,108.14486536530265,139.8453971920429,2995.8766502795384
HRF_04_h,HRF,HRF_04,0,Normal,C:/Users/TRIPU/OneDrive/Documents/ML/end sem project/HRF Dataset\images\04_h.jpg,C:/Users/TRIPU/.gemini/antigravity/scratch/glaucoma_detection\data\processed\HRF\normal\HRF_04_h.png,external_test,-1,,HRF_primary,False,0.6133232282837241,115.09493629339512,1093.3903709333952,5386.595579578325,0.30448820153061223,0.044673634324238376,211.91171872748475,0.0054193112186736,137.8709640948291,107.69208350547905,1503.619380866735
HRF_05_g,HRF,HRF_05,1,Glaucoma,C:/Users/TRIPU/OneDrive/Documents/ML/end sem project/HRF Dataset\images\05_g.jpg,C:/Users/TRIPU/.gemini/antigravity/scratch/glaucoma_detection\data\processed\HRF\glaucoma\HRF_05_g.png,external_test,-1,,HRF_primary,False,0.5207684414990008,156.5868545510082,1130.314999847081,3047.68271410561,0.2334881218112245,0.056681624819991644,174.03135151977006,0.005715048354671482,94.29722938859285,141.95262412655768,2681.252369445873
HRF_05_h,HRF,HRF_05,0,Normal,C:/Users/TRIPU/OneDrive/Documents/ML/end sem project/HRF Dataset\images\05_h.jpg,C:/Users/TRIPU/.gemini/antigravity/scratch/glaucoma_detection\data\processed\HRF\normal\HRF_05_h.png,external_test,-1,,HRF_primary,False,0.5417423031779764,141.52107954375296,1083.997678707896,3586.2843934719394,0.254753268494898,0.05194091523924155,196.8604261538674,0.005318592759090828,110.71719484224435,129.99456173666135,2353.240025426431
HRF_06_g,HRF,HRF_06,1,Glaucoma,C:/Users/TRIPU/OneDrive/Documents/ML/end sem project/HRF Dataset\images\06_g.jpg,C:/Users/TRIPU/.gemini/antigravity/scratch/glaucoma_detection\data\processed\HRF\glaucoma\HRF_06_g.png,external_test,-1,,HRF_primary,False,0.5346047019620097,145.19139524824465,1106.2812166366302,3405.07195972334,0.2484604193239796,0.05313158070412097,194.66896823421322,0.005331965023924106,108.08677493493391,132.98175551906266,2463.3455176393886
HRF_06_h,HRF,HRF_06,0,Normal,C:/Users/TRIPU/OneDrive/Documents/ML/end sem project/HRF Dataset\images\06_h.jpg,C:/Users/TRIPU/.gemini/antigravity/scratch/glaucoma_detection\data\processed\HRF\normal\HRF_06_h.png,external_test,-1,,HRF_primary,False,0.5929186081926956,121.15910046034675,1316.4243850187472,4830.523044624999,0.291259765625,0.04609506931240393,199.7939540560323,0.005314303071674674,120.77083885883354,113.07647982892975,1823.0575600618959
HRF_07_g,HRF,HRF_07,1,Glaucoma,C:/Users/TRIPU/OneDrive/Documents/ML/end sem project/HRF Dataset\images\07_g.jpg,C:/Users/TRIPU/.gemini/antigravity/scratch/glaucoma_detection\data\processed\HRF\glaucoma\HRF_07_g.png,external_test,-1,,HRF_primary,False,0.5949130166922897,117.29572160055355,1379.8226007779447,5056.217528662743,0.2998445471938776,0.044727350490753534,202.2181240861142,0.005077032736321938,124.6512705029925,109.63424895684237,1614.6726666167237
HRF_07_h,HRF,HRF_07,0,Normal,C:/Users/TRIPU/OneDrive/Documents/ML/end sem project/HRF Dataset\images\07_h.jpg,C:/Users/TRIPU/.gemini/antigravity/scratch/glaucoma_detection\data\processed\HRF\normal\HRF_07_h.png,external_test,-1,,HRF_primary,False,0.559215325947754,135.97056213019397,1201.831747682463,3925.7923593383134,0.26333805006377553,0.04986744545412854,217.72063552252325,0.005018827985948236,126.61549436126998,125.18095315106693,2476.9354564730475
HRF_08_g,HRF,HRF_08,1,Glaucoma,C:/Users/TRIPU/OneDrive/Documents/ML/end sem project/HRF Dataset\images\08_g.jpg,C:/Users/TRIPU/.gemini/antigravity/scratch/glaucoma_detection\data\processed\HRF\glaucoma\HRF_08_g.png,external_test,-1,,HRF_primary,False,0.6267248301509406,104.08398659345752,1598.1446633509663,6160.7403295434215,0.33115931919642855,0.04021443511584142,234.58760701622936,0.004520768267382088,152.02697723095764,98.44487549652096,1444.4613470597137
HRF_08_h,HRF,HRF_08,0,Normal,C:/Users/TRIPU/OneDrive/Documents/ML/end sem project/HRF Dataset\images\08_h.jpg,C:/Users/TRIPU/.gemini/antigravity/scratch/glaucoma_detection\data\processed\HRF\normal\HRF_08_h.png,external_test,-1,,HRF_primary,False,0.5805018951232287,126.17099338881042,1300.9503129257382,4446.935356711101,0.27925203284438777,0.04746503784832817,215.55654506032113,0.005068105255579261,128.8956046125426,116.9905095542231,2187.649541625256
HRF_09_g,HRF,HRF_09,1,Glaucoma,C:/Users/TRIPU/OneDrive/Documents/ML/end sem project/HRF Dataset\images\09_g.jpg,C:/Users/TRIPU/.gemini/antigravity/scratch/glaucoma_detection\data\processed\HRF\glaucoma\HRF_09_g.png,external_test,-1,,HRF_primary,False,0.5478635516553406,138.39132705686862,1253.9084132279613,3698.434355093012,0.2579868861607143,0.05232518323207997,171.97598974479536,0.005962314728856112,96.78396966061455,127.43084141895349,2054.989683422893
HRF_09_h,HRF,HRF_09,0,Normal,C:/Users/TRIPU/OneDrive/Documents/ML/end sem project/HRF Dataset\images\09_h.jpg,C:/Users/TRIPU/.gemini/antigravity/scratch/glaucoma_detection\data\processed\HRF\normal\HRF_09_h.png,external_test,-1,,HRF_primary,False,0.5626851700246509,133.45897556825054,1286.623177816772,4007.3057588487636,0.26611328125,0.04932994129143039,224.0079256462733,0.004973975137240461,131.11528493009385,122.88472250533732,2443.145088066882
HRF_10_g,HRF,HRF_10,1,Glaucoma,C:/Users/TRIPU/OneDrive/Documents/ML/end sem project/HRF Dataset\images\10_g.jpg,C:/Users/TRIPU/.gemini/antigravity/scratch/glaucoma_detection\data\processed\HRF\glaucoma\HRF_10_g.png,external_test,-1,,HRF_primary,False,0.5755002091460847,122.4594055892764,1176.5869977026387,4507.773971323713,0.2859733737244898,0.04591416544622522,241.4816531355026,0.004642927064716238,142.98860700764007,114.13688803585708,2161.846615357575
HRF_10_h,HRF,HRF_10,0,Normal,C:/Users/TRIPU/OneDrive/Documents/ML/end sem project/HRF Dataset\images\10_h.jpg,C:/Users/TRIPU/.gemini/antigravity/scratch/glaucoma_detection\data\processed\HRF\normal\HRF_10_h.png,external_test,-1,,HRF_primary,False,0.571823060326663,125.45347831277017,1196.0838753031367,4382.194651369753,0.2810756138392857,0.047609470716425954,210.93622689718174,0.005334428473490001,125.00304774331872,116.65008480298233,1965.9704687443696
HRF_11_g,HRF,HRF_11,1,Glaucoma,C:/Users/TRIPU/OneDrive/Documents/ML/end sem project/HRF Dataset\images\11_g.jpg,C:/Users/TRIPU/.gemini/antigravity/scratch/glaucoma_detection\data\processed\HRF\glaucoma\HRF_11_g.png,external_test,-1,,HRF_primary,False,0.5758250504447162,122.45056921051079,1375.6215631192986,4552.628976741149,0.28730867346938777,0.04629795293434879,206.37559737963664,0.0049711944022287,122.56001183921572,114.12650089756325,1806.0551095697836
HRF_11_h,HRF,HRF_11,0,Normal,C:/Users/TRIPU/OneDrive/Documents/ML/end sem project/HRF Dataset\images\11_h.jpg,C:/Users/TRIPU/.gemini/antigravity/scratch/glaucoma_detection\data\processed\HRF\normal\HRF_11_h.png,external_test,-1,,HRF_primary,False,0.5818124474206372,128.41251636512328,1331.4296588848974,4421.812228874198,0.2766810825892857,0.05011955461799782,152.61665535039216,0.006508940432959795,92.30029570103831,118.96450514380751,1535.6671369419914
HRF_12_g,HRF,HRF_12,1,Glaucoma,C:/Users/TRIPU/OneDrive/Documents/ML/end sem project/HRF Dataset\images\12_g.jpg,C:/Users/TRIPU/.gemini/antigravity/scratch/glaucoma_detection\data\processed\HRF\glaucoma\HRF_12_g.png,external_test,-1,,HRF_primary,False,0.6073993176020246,114.09681418370232,1433.098033150106,5322.631197932568,0.3054747289540816,0.043369484104133764,225.9922759731824,0.004715888973302399,140.64464159996731,106.93112690721165,1800.3217732890848
HRF_12_h,HRF,HRF_12,0,Normal,C:/Users/TRIPU/OneDrive/Documents/ML/end sem project/HRF Dataset\images\12_h.jpg,C:/Users/TRIPU/.gemini/antigravity/scratch/glaucoma_detection\data\processed\HRF\normal\HRF_12_h.png,external_test,-1,,HRF_primary,False,0.6048427113710413,119.17264215455717,1322.099486310957,5065.643501189004,0.29481226084183676,0.04682221740331285,171.16494384019035,0.006173674995274822,105.75906209868666,111.06198828535878,1534.703547641358
HRF_13_g,HRF,HRF_13,1,Glaucoma,C:/Users/TRIPU/OneDrive/Documents/ML/end sem project/HRF Dataset\images\13_g.jpg,C:/Users/TRIPU/.gemini/antigravity/scratch/glaucoma_detection\data\processed\HRF\glaucoma\HRF_13_g.png,external_test,-1,,HRF_primary,False,0.5690078064998643,130.47092499083666,1429.0538430093843,4223.916669032899,0.273322903380102,0.0496731493964583,170.1729644731194,0.005844430273148304,101.50515891741533,120.6106644321622,1724.649355145355
HRF_13_h,HRF,HRF_13,0,Normal,C:/Users/TRIPU/OneDrive/Documents/ML/end sem project/HRF Dataset\images\13_h.jpg,C:/Users/TRIPU/.gemini/antigravity/scratch/glaucoma_detection\data\processed\HRF\normal\HRF_13_h.png,external_test,-1,,HRF_primary,False,0.5986780463310188,121.61721998673596,1183.6816986882152,4899.6635490974795,0.2902283960459183,0.04789641090485,170.35087135669406,0.0063368560050440165,107.87506411283998,113.11898218420015,1410.1168452755426
HRF_14_g,HRF,HRF_14,1,Glaucoma,C:/Users/TRIPU/OneDrive/Documents/ML/end sem project/HRF Dataset\images\14_g.jpg,C:/Users/TRIPU/.gemini/antigravity/scratch/glaucoma_detection\data\processed\HRF\glaucoma\HRF_14_g.png,external_test,-1,,HRF_primary,False,0.5761529540203276,125.10355789388777,1304.197801537422,4495.135211968105,0.282829440369898,0.04953753699344413,154.09892992223948,0.006575916285912399,94.77470803927604,115.93592165321228,1340.7813773019898
HRF_14_h,HRF,HRF_14,0,Normal,C:/Users/TRIPU/OneDrive/Documents/ML/end sem project/HRF Dataset\images\14_h.jpg,C:/Users/TRIPU/.gemini/antigravity/scratch/glaucoma_detection\data\processed\HRF\normal\HRF_14_h.png,external_test,-1,,HRF_primary,False,0.5923392468644293,121.6584731333634,1097.2518339801477,4825.633356549183,0.290771484375,0.04838172046383843,169.9381544572144,0.006563714885603466,107.66038480176036,113.31345770142285,1359.2149071000808
HRF_15_g,HRF,HRF_15,1,Glaucoma,C:/Users/TRIPU/OneDrive/Documents/ML/end sem project/HRF Dataset\images\15_g.jpg,C:/Users/TRIPU/.gemini/antigravity/scratch/glaucoma_detection\data\processed\HRF\glaucoma\HRF_15_g.png,external_test,-1,,HRF_primary,False,0.5498185081993606,135.48646561127455,1220.7136100777623,3850.604385045631,0.2649473852040816,0.04953353901494089,214.8145024212145,0.004869991571279002,123.282707947717,125.06873450859611,2419.0943114069546
HRF_15_h,HRF,HRF_15,0,Normal,C:/Users/TRIPU/OneDrive/Documents/ML/end sem project/HRF Dataset\images\15_h.jpg,C:/Users/TRIPU/.gemini/antigravity/scratch/glaucoma_detection\data\processed\HRF\normal\HRF_15_h.png,external_test,-1,,HRF_primary,False,0.5542792070194652,140.01528538307457,1193.3576520767929,3790.1891077034797,0.2587043606505102,0.05218190612826115,169.93211060960988,0.005934685967075257,98.88779712425051,128.7139145775506,1967.5322532000205
RIMONE_r1_Im069,RIM-ONE,RIMONE_r1_Im069,1,Glaucoma,C:/Users/TRIPU/OneDrive/Documents/ML/end sem project/RIM-ONE_DL_images\RIM-ONE_DL_images\partitioned_by_hospital\test_set\glaucoma\r1_Im069.png,C:/Users/TRIPU/.gemini/antigravity/scratch/glaucoma_detection\data\processed\RIM-ONE\glaucoma\RIMONE_r1_Im069.png,external_test,-1,r1,partitioned_by_hospital/test_set,False,0.5680683099820303,10.270234274081659,1350.206795139572,6716.159271629234,0.427295918367347,0.0036655938077752113,353.5320604762811,0.0020541943759023523,200.1915172156521,0.03903075432836479,3633.985797772809
RIMONE_r1_Im103,RIM-ONE,RIMONE_r1_Im103,1,Glaucoma,C:/Users/TRIPU/OneDrive/Documents/ML/end sem project/RIM-ONE_DL_images\RIM-ONE_DL_images\partitioned_by_hospital\test_set\glaucoma\r1_Im103.png,C:/Users/TRIPU/.gemini/antigravity/scratch/glaucoma_detection\data\processed\RIM-ONE\glaucoma\RIMONE_r1_Im103.png,external_test,-1,r1,partitioned_by_hospital/test_set,False,0.5250015005713028,15.608030265261156,1518.1621504574591,5071.549135424733,0.3690609056122449,0.009280874376616184,162.55226116071677,0.0046731491715157735,88.65339381069319,0.17590642083296426,1977.7694468048785
RIMONE_r1_Im113,RIM-ONE,RIMONE_r1_Im113,1,Glaucoma,C:/Users/TRIPU/OneDrive/Documents/ML/end sem project/RIM-ONE_DL_images\RIM-ONE_DL_images\partitioned_by_hospital\test_set\glaucoma\r1_Im113.png,C:/Users/TRIPU/.gemini/antigravity/scratch/glaucoma_detection\data\processed\RIM-ONE\glaucoma\RIMONE_r1_Im113.png,external_test,-1,r1,partitioned_by_hospital/test_set,False,0.5096042996813608,11.535745283477699,1859.2111029572015,5393.928276957611,0.3977748325892857,0.005229395578060904,232.08608273873955,0.002669389324968475,117.6575985012185,0.05860629405612381,2822.866048688005
RIMONE_r1_Im117,RIM-ONE,RIMONE_r1_Im117,1,Glaucoma,C:/Users/TRIPU/OneDrive/Documents/ML/end sem project/RIM-ONE_DL_images\RIM-ONE_DL_images\partitioned_by_hospital\test_set\glaucoma\r1_Im117.png,C:/Users/TRIPU/.gemini/antigravity/scratch/glaucoma_detection\data\processed\RIM-ONE\glaucoma\RIMONE_r1_Im117.png,external_test,-1,r1,partitioned_by_hospital/test_set,False,0.5359042494683983,11.67106815705896,1941.8222220727628,5712.531018791686,0.4013073979591837,0.009503085420221106,140.00647714975304,0.0049823427312518315,76.05683279992843,0.11965812638932419,1513.9016191470178
RIMONE_r1_Im118,RIM-ONE,RIMONE_r1_Im118,1,Glaucoma,C:/Users/TRIPU/OneDrive/Documents/ML/end sem project/RIM-ONE_DL_images\RIM-ONE_DL_images\partitioned_by_hospital\test_set\glaucoma\r1_Im118.png,C:/Users/TRIPU/.gemini/antigravity/scratch/glaucoma_detection\data\processed\RIM-ONE\glaucoma\RIMONE_r1_Im118.png,external_test,-1,r1,partitioned_by_hospital/test_set,False,0.4911804797387187,17.73682464037927,1686.782280014643,4267.911966752793,0.34508529974489793,0.015642080634966988,97.21406758532194,0.007473991680144138,48.290087652029555,0.3153583353314093,1570.5987858092722
RIMONE_r1_Im120,RIM-ONE,RIMONE_r1_Im120,1,Glaucoma,C:/Users/TRIPU/OneDrive/Documents/ML/end sem project/RIM-ONE_DL_images\RIM-ONE_DL_images\partitioned_by_hospital\test_set\glaucoma\r1_Im120.png,C:/Users/TRIPU/.gemini/antigravity/scratch/glaucoma_detection\data\processed\RIM-ONE\glaucoma\RIMONE_r1_Im120.png,external_test,-1,r1,partitioned_by_hospital/test_set,False,0.470435776536568,17.806502651577745,1915.5479808087457,3941.5652172962155,0.3375269052933674,0.02082506354329613,72.98500490923196,0.00966580105118264,35.09402820820477,0.42663868151680817,1089.091901030351
RIMONE_r1_Im121,RIM-ONE,RIMONE_r1_Im121,1,Glaucoma,C:/Users/TRIPU/OneDrive/Documents/ML/end sem project/RIM-ONE_DL_images\RIM-ONE_DL_images\partitioned_by_hospital\test_set\glaucoma\r1_Im121.png,C:/Users/TRIPU/.gemini/antigravity/scratch/glaucoma_detection\data\processed\RIM-ONE\glaucoma\RIMONE_r1_Im121.png,external_test,-1,r1,partitioned_by_hospital/test_set,False,0.5701772572798575,9.579455701963468,1740.0636226800855,7004.310572539975,0.4390844228316326,0.009183130930877465,159.12174956219613,0.0050119610787650384,93.42303488870836,0.09898405165149467,1378.001034713023
RIMONE_r1_Im122,RIM-ONE,RIMONE_r1_Im122,1,Glaucoma,C:/Users/TRIPU/OneDrive/Documents/ML/end sem project/RIM-ONE_DL_images\RIM-ONE_DL_images\partitioned_by_hospital\test_set\glaucoma\r1_Im122.png,C:/Users/TRIPU/.gemini/antigravity/scratch/glaucoma_detection\data\processed\RIM-ONE\glaucoma\RIMONE_r1_Im122.png,external_test,-1,r1,partitioned_by_hospital/test_set,False,0.5550833276042852,12.62902391564671,1695.3904126763418,5991.109737191603,0.3993891501913266,0.007390137542319951,184.99315945626782,0.003980547349114626,103.97621754729647,0.09961364094507542,2230.9931419370214
RIMONE_r1_Im135,RIM-ONE,RIMONE_r1_Im135,1,Glaucoma,C:/Users/TRIPU/OneDrive/Documents/ML/end sem project/RIM-ONE_DL_images\RIM-ONE_DL_images\partitioned_by_hospital\test_set\glaucoma\r1_Im135.png,C:/Users/TRIPU/.gemini/antigravity/scratch/glaucoma_detection\data\processed\RIM-ONE\glaucoma\RIMONE_r1_Im135.png,external_test,-1,r1,partitioned_by_hospital/test_set,False,0.5020289191319146,17.179809403456275,1987.6549368996536,4458.250653001229,0.3492904974489796,0.015104112258796008,107.17937331533886,0.007102208859114171,58.701532971644184,0.3066610472464386,1353.9124384001077
RIMONE_r1_Im144,RIM-ONE,RIMONE_r1_Im144,1,Glaucoma,C:/Users/TRIPU/OneDrive/Documents/ML/end sem project/RIM-ONE_DL_images\RIM-ONE_DL_images\partitioned_by_hospital\test_set\glaucoma\r1_Im144.png,C:/Users/TRIPU/.gemini/antigravity/scratch/glaucoma_detection\data\processed\RIM-ONE\glaucoma\RIMONE_r1_Im144.png,external_test,-1,r1,partitioned_by_hospital/test_set,False,0.5565020426961198,9.607734272721327,2152.0581914501126,6650.441636368119,0.4334990832270408,0.007096714077288654,171.91128101938259,0.0039209518331254955,95.68564918340061,0.06957565704693093,1619.3931941452133
RIMONE_r1_Im158,RIM-ONE,RIMONE_r1_Im158,1,Glaucoma,C:/Users/TRIPU/OneDrive/Documents/ML/end sem project/RIM-ONE_DL_images\RIM-ONE_DL_images\partitioned_by_hospital\test_set\glaucoma\r1_Im158.png,C:/Users/TRIPU/.gemini/antigravity/scratch/glaucoma_detection\data\processed\RIM-ONE\glaucoma\RIMONE_r1_Im158.png,external_test,-1,r1,partitioned_by_hospital/test_set,False,0.4971598276678709,17.443127027852015,1875.9148573187254,4361.477688048942,0.347641302614796,0.01094061425474012,119.06789006995038,0.005346040863677492,60.15280320972313,0.2238401120895812,1809.164543618292
RIMONE_r1_Im167,RIM-ONE,RIMONE_r1_Im167,1,Glaucoma,C:/Users/TRIPU/OneDrive/Documents/ML/end sem project/RIM-ONE_DL_images\RIM-ONE_DL_images\partitioned_by_hospital\test_set\glaucoma\r1_Im167.png,C:/Users/TRIPU/.gemini/antigravity/scratch/glaucoma_detection\data\processed\RIM-ONE\glaucoma\RIMONE_r1_Im167.png,external_test,-1,r1,partitioned_by_hospital/test_set,False,0.5143174871322012,18.271047306621313,1427.4173316028337,4626.89684359147,0.34943000637755106,0.017678227532101173,112.28436664873632,0.008446971688853626,61.48646389991279,0.43470308284708703,1394.4742532302034
RIMONE_r2_Im257,RIM-ONE,RIMONE_r2_Im257,1,Glaucoma,C:/Users/TRIPU/OneDrive/Documents/ML/end sem project/RIM-ONE_DL_images\RIM-ONE_DL_images\partitioned_by_hospital\test_set\glaucoma\r2_Im257.png,C:/Users/TRIPU/.gemini/antigravity/scratch/glaucoma_detection\data\processed\RIM-ONE\glaucoma\RIMONE_r2_Im257.png,external_test,-1,r2,partitioned_by_hospital/test_set,False,0.36562705906710197,29.614243021713847,1238.8048720410407,2315.2195806690775,0.2673190369897959,0.00803044656594093,164.13249687871087,0.002810480182877323,61.704193934887684,0.2542226174932185,4698.951354160705
RIMONE_r2_Im258,RIM-ONE,RIMONE_r2_Im258,1,Glaucoma,C:/Users/TRIPU/OneDrive/Documents/ML/end sem project/RIM-ONE_DL_images\RIM-ONE_DL_images\partitioned_by_hospital\test_set\glaucoma\r2_Im258.png,C:/Users/TRIPU/.gemini/antigravity/scratch/glaucoma_detection\data\processed\RIM-ONE\glaucoma\RIMONE_r2_Im258.png,external_test,-1,r2,partitioned_by_hospital/test_set,False,0.4579739311616545,18.624928333075157,1649.2267730253243,3809.565114741897,0.3319814253826531,0.005437976097847049,214.55414011460778,0.002438347103712284,98.76785972199004,0.10327795025765127,3958.0074356121186
RIMONE_r2_Im260,RIM-ONE,RIMONE_r2_Im260,1,Glaucoma,C:/Users/TRIPU/OneDrive/Documents/ML/end sem project/RIM-ONE_DL_images\RIM-ONE_DL_images\partitioned_by_hospital\test_set\glaucoma\r2_Im260.png,C:/Users/TRIPU/.gemini/antigravity/scratch/glaucoma_detection\data\processed\RIM-ONE\glaucoma\RIMONE_r2_Im260.png,external_test,-1,r2,partitioned_by_hospital/test_set,False,0.47046200388270265,19.19980029601188,1751.9446042618433,3886.624955696555,0.3312938456632653,0.007397298409827542,164.01785518125848,0.003351917570968448,78.3164694988241,0.14790123110529502,3094.5964476317895
RIMONE_r2_Im263,RIM-ONE,RIMONE_r2_Im263,1,Glaucoma,C:/Users/TRIPU/OneDrive/Documents/ML/end sem project/RIM-ONE_DL_images\RIM-ONE_DL_images\partitioned_by_hospital\test_set\glaucoma\r2_Im263.png,C:/Users/TRIPU/.gemini/antigravity/scratch/glaucoma_detection\data\processed\RIM-ONE\glaucoma\RIMONE_r2_Im263.png,external_test,-1,r2,partitioned_by_hospital/test_set,False,0.4762120693638422,23.538539434840374,970.9514215094932,3790.9942087575055,0.3188426737882653,0.012428197778437006,189.30050972147356,0.005277083970115146,86.93793574216832,0.39558633570136714,4253.7339535802685
RIMONE_r2_Im264,RIM-ONE,RIMONE_r2_Im264,1,Glaucoma,C:/Users/TRIPU/OneDrive/Documents/ML/end sem project/RIM-ONE_DL_images\RIM-ONE_DL_images\partitioned_by_hospital\test_set\glaucoma\r2_Im264.png,C:/Users/TRIPU/.gemini/antigravity/scratch/glaucoma_detection\data\processed\RIM-ONE\glaucoma\RIMONE_r2_Im264.png,external_test,-1,r2,partitioned_by_hospital/test_set,False,0.48284268914281336,26.004376415625824,1056.6556416674114,3685.225071363813,0.3085439253826531,0.013004229199437346,176.72229260614364,0.005468572886541316,84.622665611529,0.4637172057237763,3844.5153753308423
RIMONE_r2_Im266,RIM-ONE,RIMONE_r2_Im266,1,Glaucoma,C:/Users/TRIPU/OneDrive/Documents/ML/end sem project/RIM-ONE_DL_images\RIM-ONE_DL_images\partitioned_by_hospital\test_set\glaucoma\r2_Im266.png,C:/Users/TRIPU/.gemini/antigravity/scratch/glaucoma_detection\data\processed\RIM-ONE\glaucoma\RIMONE_r2_Im266.png,external_test,-1,r2,partitioned_by_hospital/test_set,False,0.49562554583514706,15.618272174212349,1498.5033217235055,4626.236474868893,0.36175163424744894,0.004677509130145046,264.7923097703099,0.002220388978905679,135.027209653744,0.07770851674890611,3927.244899138082
RIMONE_r2_Im267,RIM-ONE,RIMONE_r2_Im267,1,Glaucoma,C:/Users/TRIPU/OneDrive/Documents/ML/end sem project/RIM-ONE_DL_images\RIM-ONE_DL_images\partitioned_by_hospital\test_set\glaucoma\r2_Im267.png,C:/Users/TRIPU/.gemini/antigravity/scratch/glaucoma_detection\data\processed\RIM-ONE\glaucoma\RIMONE_r2_Im267.png,external_test,-1,r2,partitioned_by_hospital/test_set,False,0.2120529069210365,205.8246966131079,1252.4413654493367,410.3224364338836,0.11021205357142858,0.004267833098506424,244.19645018061627,0.0009024772447965971,51.97930836777899,0.9161096695029108,47290.29728197437
RIMONE_r2_Im268,RIM-ONE,RIMONE_r2_Im268,1,Glaucoma,C:/Users/TRIPU/OneDrive/Documents/ML/end sem project/RIM-ONE_DL_images\RIM-ONE_DL_images\partitioned_by_hospital\test_set\glaucoma\r2_Im268.png,C:/Users/TRIPU/.gemini/antigravity/scratch/glaucoma_detection\data\processed\RIM-ONE\glaucoma\RIMONE_r2_Im268.png,external_test,-1,r2,partitioned_by_hospital/test_set,False,0.22256070021221924,132.6584517051936,1534.3901343804491,615.5447201335678,0.13822345344387754,0.004715736296413936,221.48628094001273,0.0010628891221912547,48.55573890209805,0.6591524233514304,27337.832489789063
RIMONE_r2_Im269,RIM-ONE,RIMONE_r2_Im269,1,Glaucoma,C:/Users/TRIPU/OneDrive/Documents/ML/end sem project/RIM-ONE_DL_images\RIM-ONE_DL_images\partitioned_by_hospital\test_set\glaucoma\r2_Im269.png,C:/Users/TRIPU/.gemini/antigravity/scratch/glaucoma_detection\data\processed\RIM-ONE\glaucoma\RIMONE_r2_Im269.png,external_test,-1,r2,partitioned_by_hospital/test_set,False,0.540335686509159,14.644145091545855,1401.4226871323876,5653.224503035091,0.3850247130102041,0.0054434524597831,245.99606782615348,0.002824171457009672,135.82841491247538,0.08875489390008927,3175.629264460743
RIMONE_r2_Im270,RIM-ONE,RIMONE_r2_Im270,1,Glaucoma,C:/Users/TRIPU/OneDrive/Documents/ML/end sem project/RIM-ONE_DL_images\RIM-ONE_DL_images\partitioned_by_hospital\test_set\glaucoma\r2_Im270.png,C:/Users/TRIPU/.gemini/antigravity/scratch/glaucoma_detection\data\processed\RIM-ONE\glaucoma\RIMONE_r2_Im270.png,external_test,-1,r2,partitioned_by_hospital/test_set,False,0.5320538206705152,12.448638635994651,1444.5268319785368,5693.070588860942,0.3976104113520408,0.0063583710694130385,222.37305452783568,0.0033476555003595374,117.60042708327545,0.08137715432060967,2774.18814927906
RIMONE_r2_Im273,RIM-ONE,RIMONE_r2_Im273,1,Glaucoma,C:/Users/TRIPU/OneDrive/Documents/ML/end sem project/RIM-ONE_DL_images\RIM-ONE_DL_images\partitioned_by_hospital\test_set\glaucoma\r2_Im273.png,C:/Users/TRIPU/.gemini/antigravity/scratch/glaucoma_detection\data\processed\RIM-ONE\glaucoma\RIMONE_r2_Im273.png,external_test,-1,r2,partitioned_by_hospital/test_set,False,0.5184267099499439,12.939720735781767,1330.9876890651517,5415.043537283863,0.390266262755102,0.004709583182877637,276.883254100362,0.0023576568776952633,144.28569700000173,0.06339415766823742,3590.555405344837
RIMONE_r2_Im275,RIM-ONE,RIMONE_r2_Im275,1,Glaucoma,C:/Users/TRIPU/OneDrive/Documents/ML/end sem project/RIM-ONE_DL_images\RIM-ONE_DL_images\partitioned_by_hospital\test_set\glaucoma\r2_Im275.png,C:/Users/TRIPU/.gemini/antigravity/scratch/glaucoma_detection\data\processed\RIM-ONE\glaucoma\RIMONE_r2_Im275.png,external_test,-1,r2,partitioned_by_hospital/test_set,False,0.6040160468105084,6.996047856653773,2587.347422213819,8854.446846276063,0.49501753826530615,0.004413470196141721,255.47454821286823,0.002682920968884008,152.91689483328378,0.029881890917356237,1855.3588689757162
RIMONE_r2_Im277,RIM-ONE,RIMONE_r2_Im277,1,Glaucoma,C:/Users/TRIPU/OneDrive/Documents/ML/end sem project/RIM-ONE_DL_images\RIM-ONE_DL_images\partitioned_by_hospital\test_set\glaucoma\r2_Im277.png,C:/Users/TRIPU/.gemini/antigravity/scratch/glaucoma_detection\data\processed\RIM-ONE\glaucoma\RIMONE_r2_Im277.png,external_test,-1,r2,partitioned_by_hospital/test_set,False,0.44706853103023764,19.517457000970396,1722.5512010797797,3584.3666639163066,0.3242287149234694,0.006671985083230275,180.45300072010065,0.0028785973964531838,82.88390595824136,0.13587979209537054,3364.3972823456506
RIMONE_r2_Im281,RIM-ONE,RIMONE_r2_Im281,1,Glaucoma,C:/Users/TRIPU/OneDrive/Documents/ML/end sem project/RIM-ONE_DL_images\RIM-ONE_DL_images\partitioned_by_hospital\test_set\glaucoma\r2_Im281.png,C:/Users/TRIPU/.gemini/antigravity/scratch/glaucoma_detection\data\processed\RIM-ONE\glaucoma\RIMONE_r2_Im281.png,external_test,-1,r2,partitioned_by_hospital/test_set,False,0.6341707683499904,6.241869847231227,2134.6204569349857,9906.379356033864,0.517219387755102,0.005289560710540483,233.84774083582766,0.0033513481423777954,147.90498588981757,0.033842218477549674,1442.6736630235202
RIMONE_r2_Im287,RIM-ONE,RIMONE_r2_Im287,1,Glaucoma,C:/Users/TRIPU/OneDrive/Documents/ML/end sem project/RIM-ONE_DL_images\RIM-ONE_DL_images\partitioned_by_hospital\test_set\glaucoma\r2_Im287.png,C:/Users/TRIPU/.gemini/antigravity/scratch/glaucoma_detection\data\processed\RIM-ONE\glaucoma\RIMONE_r2_Im287.png,external_test,-1,r2,partitioned_by_hospital/test_set,False,0.3322539850964188,38.783143111339825,1374.7724969843857,1876.2822434484297,0.24174904336734696,0.0069409917732573675,167.16545243015057,0.002258484042624153,56.04450645563027,0.30677046590440216,5988.558824493908
RIMONE_r2_Im288,RIM-ONE,RIMONE_r2_Im288,1,Glaucoma,C:/Users/TRIPU/OneDrive/Documents/ML/end sem project/RIM-ONE_DL_images\RIM-ONE_DL_images\partitioned_by_hospital\test_set\glaucoma\r2_Im288.png,C:/Users/TRIPU/.gemini/antigravity/scratch/glaucoma_detection\data\processed\RIM-ONE\glaucoma\RIMONE_r2_Im288.png,external_test,-1,r2,partitioned_by_hospital/test_set,False,0.5069742892111468,14.25300224418394,1502.59735031249,4939.577735774461,0.3735202088647959,0.005428835195283593,233.45921802280955,0.002693050593286337,119.1322738257578,0.07991478871905755,3224.0910194337243
RIMONE_r2_Im289,RIM-ONE,RIMONE_r2_Im289,1,Glaucoma,C:/Users/TRIPU/OneDrive/Documents/ML/end sem project/RIM-ONE_DL_images\RIM-ONE_DL_images\partitioned_by_hospital\test_set\glaucoma\r2_Im289.png,C:/Users/TRIPU/.gemini/antigravity/scratch/glaucoma_detection\data\processed\RIM-ONE\glaucoma\RIMONE_r2_Im289.png,external_test,-1,r2,partitioned_by_hospital/test_set,False,0.4964078649326737,18.359559871032125,1265.8248253727895,4454.727673270269,0.34664979272959184,0.0058067749598361895,232.40514928426992,0.0026740855903390056,120.9531724169168,0.12924315198666875,3510.3872717827926
RIMONE_r2_Im290,RIM-ONE,RIMONE_r2_Im290,1,Glaucoma,C:/Users/TRIPU/OneDrive/Documents/ML/end sem project/RIM-ONE_DL_images\RIM-ONE_DL_images\partitioned_by_hospital\test_set\glaucoma\r2_Im290.png,C:/Users/TRIPU/.gemini/antigravity/scratch/glaucoma_detection\data\processed\RIM-ONE\glaucoma\RIMONE_r2_Im290.png,external_test,-1,r2,partitioned_by_hospital/test_set,False,0.42561660761537223,24.00062793061786,1528.423182434604,3060.638911038922,0.2986338089923469,0.008370530536533693,156.53102138519347,0.0033125411791595652,71.78330800507325,0.22689728592247294,3147.2982683854852
RIMONE_r2_Im291,RIM-ONE,RIMONE_r2_Im291,1,Glaucoma,C:/Users/TRIPU/OneDrive/Documents/ML/end sem project/RIM-ONE_DL_images\RIM-ONE_DL_images\partitioned_by_hospital\test_set\glaucoma\r2_Im291.png,C:/Users/TRIPU/.gemini/antigravity/scratch/glaucoma_detection\data\processed\RIM-ONE\glaucoma\RIMONE_r2_Im291.png,external_test,-1,r2,partitioned_by_hospital/test_set,False,0.550678205722301,12.729564195101855,1339.315269191432,5981.668023095725,0.40018634406887754,0.008205973519656604,194.22650495142565,0.004218836664804236,109.79205125081482,0.1266901934462466,2088.018593563077
RIMONE_r2_Im292,RIM-ONE,RIMONE_r2_Im292,1,Glaucoma,C:/Users/TRIPU/OneDrive/Documents/ML/end sem project/RIM-ONE_DL_images\RIM-ONE_DL_images\partitioned_by_hospital\test_set\glaucoma\r2_Im292.png,C:/Users/TRIPU/.gemini/antigravity/scratch/glaucoma_detection\data\processed\RIM-ONE\glaucoma\RIMONE_r2_Im292.png,external_test,-1,r2,partitioned_by_hospital/test_set,False,0.5091529926042512,14.383104617180585,1446.724527571758,4986.476222328118,0.3732312260841837,0.007356579146466327,195.44947149560596,0.0035722524042698317,100.7172559018223,0.12092604737370426,2560.7781950759113
RIMONE_r2_Im293,RIM-ONE,RIMONE_r2_Im293,1,Glaucoma,C:/Users/TRIPU/OneDrive/Documents/ML/end sem project/RIM-ONE_DL_images\RIM-ONE_DL_images\partitioned_by_hospital\test_set\glaucoma\r2_Im293.png,C:/Users/TRIPU/.gemini/antigravity/scratch/glaucoma_detection\data\processed\RIM-ONE\glaucoma\RIMONE_r2_Im293.png,external_test,-1,r2,partitioned_by_hospital/test_set,False,0.31633719388894477,42.20398254179242,1430.3297231599595,1690.4076383318638,0.23047871492346939,0.004998961427820801,223.29251452905982,0.001599789673551804,69.68569891223973,0.21378585108683518,9090.948758772047
RIMONE_r2_Im294,RIM-ONE,RIMONE_r2_Im294,1,Glaucoma,C:/Users/TRIPU/OneDrive/Documents/ML/end sem project/RIM-ONE_DL_images\RIM-ONE_DL_images\partitioned_by_hospital\test_set\glaucoma\r2_Im294.png,C:/Users/TRIPU/.gemini/antigravity/scratch/glaucoma_detection\data\processed\RIM-ONE\glaucoma\RIMONE_r2_Im294.png,external_test,-1,r2,partitioned_by_hospital/test_set,False,0.31718399118824103,49.885220108085434,1448.052962274063,1553.3845124909947,0.21791294642857142,0.013927068653572704,90.76720359816589,0.004270257917023574,29.595107852534163,0.7934082313383618,3766.619463992191
RIMONE_r2_Im301,RIM-ONE,RIMONE_r2_Im301,1,Glaucoma,C:/Users/TRIPU/OneDrive/Documents/ML/end sem project/RIM-ONE_DL_images\RIM-ONE_DL_images\partitioned_by_hospital\test_set\glaucoma\r2_Im301.png,C:/Users/TRIPU/.gemini/antigravity/scratch/glaucoma_detection\data\processed\RIM-ONE\glaucoma\RIMONE_r2_Im301.png,external_test,-1,r2,partitioned_by_hospital/test_set,False,0.4454453132830658,24.524990613001698,1287.4172155520225,3337.6999867646823,0.30661571269132654,0.008312145811801208,167.56118249559933,0.003427607345322505,79.17608663642453,0.23690440570207782,3444.8925505716284
RIMONE_r2_Im302,RIM-ONE,RIMONE_r2_Im302,1,Glaucoma,C:/Users/TRIPU/OneDrive/Documents/ML/end sem project/RIM-ONE_DL_images\RIM-ONE_DL_images\partitioned_by_hospital\test_set\glaucoma\r2_Im302.png,C:/Users/TRIPU/.gemini/antigravity/scratch/glaucoma_detection\data\processed\RIM-ONE\glaucoma\RIMONE_r2_Im302.png,external_test,-1,r2,partitioned_by_hospital/test_set,False,0.4744138392253644,21.269687343871873,1261.2563772002586,3872.2001965854406,0.3249362244897959,0.006252044779109053,212.90306036662116,0.002838075698892605,100.83600144246924,0.13466961091861382,4794.383218481344
RIMONE_r2_Im303,RIM-ONE,RIMONE_r2_Im303,1,Glaucoma,C:/Users/TRIPU/OneDrive/Documents/ML/end sem project/RIM-ONE_DL_images\RIM-ONE_DL_images\partitioned_by_hospital\test_set\glaucoma\r2_Im303.png,C:/Users/TRIPU/.gemini/antigravity/scratch/glaucoma_detection\data\processed\RIM-ONE\glaucoma\RIMONE_r2_Im303.png,external_test,-1,r2,partitioned_by_hospital/test_set,False,0.4280448450934139,25.33133522238366,1112.1307733911062,3149.847340998806,0.2985889668367347,0.0038448333994199335,313.8055351443403,0.0015507026906839698,139.0309311536759,0.1078962260504724,7412.943831519235
RIMONE_r2_Im305,RIM-ONE,RIMONE_r2_Im305,1,Glaucoma,C:/Users/TRIPU/OneDrive/Documents/ML/end sem project/RIM-ONE_DL_images\RIM-ONE_DL_images\partitioned_by_hospital\test_set\glaucoma\r2_Im305.png,C:/Users/TRIPU/.gemini/antigravity/scratch/glaucoma_detection\data\processed\RIM-ONE\glaucoma\RIMONE_r2_Im305.png,external_test,-1,r2,partitioned_by_hospital/test_set,False,0.45627168183901246,18.886399765245013,1169.669557195841,3825.7866168083447,0.3326939174107143,0.004023080571788016,309.98444243747815,0.0017322459355290634,147.15544200704898,0.08438030001838648,5310.341078559733
RIMONE_r2_Im314,RIM-ONE,RIMONE_r2_Im314,1,Glaucoma,C:/Users/TRIPU/OneDrive/Documents/ML/end sem project/RIM-ONE_DL_images\RIM-ONE_DL_images\partitioned_by_hospital\test_set\glaucoma\r2_Im314.png,C:/Users/TRIPU/.gemini/antigravity/scratch/glaucoma_detection\data\processed\RIM-ONE\glaucoma\RIMONE_r2_Im314.png,external_test,-1,r2,partitioned_by_hospital/test_set,False,0.4175127381245442,28.558954475914977,1461.337404912921,2733.2007731971694,0.2789032605229592,0.0045269377094048855,255.7459207513456,0.0018248833179346244,110.19541773094306,0.1363906653005931,6714.735259047446
RIMONE_r2_Im315,RIM-ONE,RIMONE_r2_Im315,1,Glaucoma,C:/Users/TRIPU/OneDrive/Documents/ML/end sem project/RIM-ONE_DL_images\RIM-ONE_DL_images\partitioned_by_hospital\test_set\glaucoma\r2_Im315.png,C:/Users/TRIPU/.gemini/antigravity/scratch/glaucoma_detection\data\processed\RIM-ONE\glaucoma\RIMONE_r2_Im315.png,external_test,-1,r2,partitioned_by_hospital/test_set,False,0.4260492755262409,21.231386937606256,1698.9186398533418,3252.755826725005,0.3119569116709183,0.007682862458131577,162.83827007102536,0.0032224408991212393,70.1698375472518,0.1685182148771254,3256.9593539335087
RIMONE_r2_Im317,RIM-ONE,RIMONE_r2_Im317,1,Glaucoma,C:/Users/TRIPU/OneDrive/Documents/ML/end sem project/RIM-ONE_DL_images\RIM-ONE_DL_images\partitioned_by_hospital\test_set\glaucoma\r2_Im317.png,C:/Users/TRIPU/.gemini/antigravity/scratch/glaucoma_detection\data\processed\RIM-ONE\glaucoma\RIMONE_r2_Im317.png,external_test,-1,r2,partitioned_by_hospital/test_set,False,0.4597388811399631,17.48948348496153,1719.5407868989307,3956.535207369538,0.34054627710459184,0.006840174525523567,179.6021612212932,0.0030700113356439654,83.74444752079823,0.12814715040486171,2902.61850767304
RIMONE_r2_Im318,RIM-ONE,RIMONE_r2_Im318,1,Glaucoma,C:/Users/TRIPU/OneDrive/Documents/ML/end sem project/RIM-ONE_DL_images\RIM-ONE_DL_images\partitioned_by_hospital\test_set\glaucoma\r2_Im318.png,C:/Users/TRIPU/.gemini/antigravity/scratch/glaucoma_detection\data\processed\RIM-ONE\glaucoma\RIMONE_r2_Im318.png,external_test,-1,r2,partitioned_by_hospital/test_set,False,0.4924395066977879,14.748104561873483,1823.7697469456427,4710.414969794845,0.36692342952806123,0.005318561263826292,221.9125577333793,0.0025632875934501823,110.70858444476605,0.08185956320875955,3099.470087008767
RIMONE_r2_Im319,RIM-ONE,RIMONE_r2_Im319,1,Glaucoma,C:/Users/TRIPU/OneDrive/Documents/ML/end sem project/RIM-ONE_DL_images\RIM-ONE_DL_images\partitioned_by_hospital\test_set\glaucoma\r2_Im319.png,C:/Users/TRIPU/.gemini/antigravity/scratch/glaucoma_detection\data\processed\RIM-ONE\glaucoma\RIMONE_r2_Im319.png,external_test,-1,r2,partitioned_by_hospital/test_set,False,0.5265257074099734,14.262233361584249,1392.1229180406897,5383.048206564498,0.3833555883290816,0.003932393032012542,312.27477695275394,0.002073483391438836,160.42621604256448,0.05109521698824196,5031.64498886347
RIMONE_r2_Im320,RIM-ONE,RIMONE_r2_Im320,1,Glaucoma,C:/Users/TRIPU/OneDrive/Documents/ML/end sem project/RIM-ONE_DL_images\RIM-ONE_DL_images\partitioned_by_hospital\test_set\glaucoma\r2_Im320.png,C:/Users/TRIPU/.gemini/antigravity/scratch/glaucoma_detection\data\processed\RIM-ONE\glaucoma\RIMONE_r2_Im320.png,external_test,-1,r2,partitioned_by_hospital/test_set,False,0.44998049511796434,18.075781040010035,1671.4620920057098,3745.6569468336806,0.3331273915816327,0.003720800386986606,299.57411634382186,0.0016813526878194864,133.21567535895156,0.06545368785709679,5560.140217101118
RIMONE_r2_Im321,RIM-ONE,RIMONE_r2_Im321,1,Glaucoma,C:/Users/TRIPU/OneDrive/Documents/ML/end sem project/RIM-ONE_DL_images\RIM-ONE_DL_images\partitioned_by_hospital\test_set\glaucoma\r2_Im321.png,C:/Users/TRIPU/.gemini/antigravity/scratch/glaucoma_detection\data\processed\RIM-ONE\glaucoma\RIMONE_r2_Im321.png,external_test,-1,r2,partitioned_by_hospital/test_set,False,0.3242044859195458,39.68296635592735,980.4933311821708,1850.0187521044554,0.2376584422831633,0.004737515560317495,258.8420616685256,0.0014730584388734733,85.128047308451,0.21072849270346278,9573.34770021778
RIMONE_r2_Im324,RIM-ONE,RIMONE_r2_Im324,1,Glaucoma,C:/Users/TRIPU/OneDrive/Documents/ML/end sem project/RIM-ONE_DL_images\RIM-ONE_DL_images\partitioned_by_hospital\test_set\glaucoma\r2_Im324.png,C:/Users/TRIPU/.gemini/antigravity/scratch/glaucoma_detection\data\processed\RIM-ONE\glaucoma\RIMONE_r2_Im324.png,external_test,-1,r2,partitioned_by_hospital/test_set,False,0.4529723036894251,20.95420724472732,1284.9824922018474,3575.9072348952513,0.31947046396683676,0.004087958358472641,295.7489496227329,0.0018092202140375874,134.3525177423447,0.08557315115959592,6410.361312155335
RIMONE_r2_Im329,RIM-ONE,RIMONE_r2_Im329,1,Glaucoma,C:/Users/TRIPU/OneDrive/Documents/ML/end sem project/RIM-ONE_DL_images\RIM-ONE_DL_images\partitioned_by_hospital\test_set\glaucoma\r2_Im329.png,C:/Users/TRIPU/.gemini/antigravity/scratch/glaucoma_detection\data\processed\RIM-ONE\glaucoma\RIMONE_r2_Im329.png,external_test,-1,r2,partitioned_by_hospital/test_set,False,0.5256214136773221,12.962932746412228,1711.3695945519273,5441.237146814277,0.38949896364795916,0.006287271789303234,202.37459429521337,0.0032519385445682835,105.93196974433775,0.08359857739109045,2696.9593968965823
RIMONE_r2_Im330,RIM-ONE,RIMONE_r2_Im330,1,Glaucoma,C:/Users/TRIPU/OneDrive/Documents/ML/end sem project/RIM-ONE_DL_images\RIM-ONE_DL_images\partitioned_by_hospital\test_set\glaucoma\r2_Im330.png,C:/Users/TRIPU/.gemini/antigravity/scratch/glaucoma_detection\data\processed\RIM-ONE\glaucoma\RIMONE_r2_Im330.png,external_test,-1,r2,partitioned_by_hospital/test_set,False,0.5629704584310764,10.51305514711165,1581.3681799957576,6634.44696605298,0.42513352997448983,0.0061817537676605045,216.66218346279783,0.0033713517475243288,123.62090049394811,0.06986370534115184,2155.3766885902032
RIMONE_r2_Im331,RIM-ONE,RIMONE_r2_Im331,1,Glaucoma,C:/Users/TRIPU/OneDrive/Documents/ML/end sem project/RIM-ONE_DL_images\RIM-ONE_DL_images\partitioned_by_hospital\test_set\glaucoma\r2_Im331.png,C:/Users/TRIPU/.gemini/antigravity/scratch/glaucoma_detection\data\processed\RIM-ONE\glaucoma\RIMONE_r2_Im331.png,external_test,-1,r2,partitioned_by_hospital/test_set,False,0.4774613794087874,19.640419579058324,1669.461973115665,4014.4591189281286,0.3328483737244898,0.007427913225305212,169.46280378834814,0.0034110985829419083,83.10348090880213,0.15500687926603207,3081.595787109257
RIMONE_r2_Im332,RIM-ONE,RIMONE_r2_Im332,1,Glaucoma,C:/Users/TRIPU/OneDrive/Documents/ML/end sem project/RIM-ONE_DL_images\RIM-ONE_DL_images\partitioned_by_hospital\test_set\glaucoma\r2_Im332.png,C:/Users/TRIPU/.gemini/antigravity/scratch/glaucoma_detection\data\processed\RIM-ONE\glaucoma\RIMONE_r2_Im332.png,external_test,-1,r2,partitioned_by_hospital/test_set,False,0.46988165391826087,17.27705759418166,1489.2990580862593,4066.4074826063825,0.3424495774872449,0.007141899544412564,181.02684356175993,0.00315243700583944,87.33150808679878,0.13332389392375044,3008.7611891120696
RIMONE_r2_Im333,RIM-ONE,RIMONE_r2_Im333,1,Glaucoma,C:/Users/TRIPU/OneDrive/Documents/ML/end sem project/RIM-ONE_DL_images\RIM-ONE_DL_images\partitioned_by_hospital\test_set\glaucoma\r2_Im333.png,C:/Users/TRIPU/.gemini/antigravity/scratch/glaucoma_detection\data\processed\RIM-ONE\glaucoma\RIMONE_r2_Im333.png,external_test,-1,r2,partitioned_by_hospital/test_set,False,0.46628506950421555,18.847533513544434,1371.3825377129824,3918.1175394008665,0.3345623405612245,0.005488142403885676,230.7017410776537,0.0024478986516466555,108.80330812152154,0.10848641715961999,4380.216550965929
RIMONE_r2_Im334,RIM-ONE,RIMONE_r2_Im334,1,Glaucoma,C:/Users/TRIPU/OneDrive/Documents/ML/end sem project/RIM-ONE_DL_images\RIM-ONE_DL_images\partitioned_by_hospital\test_set\glaucoma\r2_Im334.png,C:/Users/TRIPU/.gemini/antigravity/scratch/glaucoma_detection\data\processed\RIM-ONE\glaucoma\RIMONE_r2_Im334.png,external_test,-1,r2,partitioned_by_hospital/test_set,False,0.47626948687090986,16.205501936807845,1676.44992004683,4222.4022148542945,0.34980867346938777,0.007260358382856555,176.26670623634217,0.0034278901713907786,83.76772570011362,0.11769605208914626,2798.6994851339955
RIMONE_r2_Im338,RIM-ONE,RIMONE_r2_Im338,1,Glaucoma,C:/Users/TRIPU/OneDrive/Documents/ML/end sem project/RIM-ONE_DL_images\RIM-ONE_DL_images\partitioned_by_hospital\test_set\glaucoma\r2_Im338.png,C:/Users/TRIPU/.gemini/antigravity/scratch/glaucoma_detection\data\processed\RIM-ONE\glaucoma\RIMONE_r2_Im338.png,external_test,-1,r2,partitioned_by_hospital/test_set,False,0.46319633319959574,19.074029108603405,1931.7422095359098,3821.178541670654,0.3311792490433673,0.005306000736023756,211.7717683211007,0.0024664257207292965,96.8462065705404,0.09772959461727015,4225.1385158900675
RIMONE_r2_Im339,RIM-ONE,RIMONE_r2_Im339,1,Glaucoma,C:/Users/TRIPU/OneDrive/Documents/ML/end sem project/RIM-ONE_DL_images\RIM-ONE_DL_images\partitioned_by_hospital\test_set\glaucoma\r2_Im339.png,C:/Users/TRIPU/.gemini/antigravity/scratch/glaucoma_detection\data\processed\RIM-ONE\glaucoma\RIMONE_r2_Im339.png,external_test,-1,r2,partitioned_by_hospital/test_set,False,0.5163828034027151,13.586362634923137,1342.369054210606,5185.351321538988,0.380729830994898,0.005911651995811257,233.5322539607921,0.0029148189685629542,120.98651958943151,0.08763065236460495,3078.6556361123507
RIMONE_r2_Im343,RIM-ONE,RIMONE_r2_Im343,1,Glaucoma,C:/Users/TRIPU/OneDrive/Documents/ML/end sem project/RIM-ONE_DL_images\RIM-ONE_DL_images\partitioned_by_hospital\test_set\glaucoma\r2_Im343.png,C:/Users/TRIPU/.gemini/antigravity/scratch/glaucoma_detection\data\processed\RIM-ONE\glaucoma\RIMONE_r2_Im343.png,external_test,-1,r2,partitioned_by_hospital/test_set,False,0.4178075309032091,24.495210276653125,1813.2724764361296,3038.194199617121,0.29838468590561223,0.006327792664390022,179.310455431167,0.0026815179167541687,72.87795754035602,0.14736964729422541,4594.1178370531825
RIMONE_r2_Im344,RIM-ONE,RIMONE_r2_Im344,1,Glaucoma,C:/Users/TRIPU/OneDrive/Documents/ML/end sem project/RIM-ONE_DL_images\RIM-ONE_DL_images\partitioned_by_hospital\test_set\glaucoma\r2_Im344.png,C:/Users/TRIPU/.gemini/antigravity/scratch/glaucoma_detection\data\processed\RIM-ONE\glaucoma\RIMONE_r2_Im344.png,external_test,-1,r2,partitioned_by_hospital/test_set,False,0.34248572105468955,32.36864782169504,1230.5283818613766,2108.750842560574,0.2571996572066326,0.00466419239490909,248.02490168176593,0.00161058474626897,83.86480383672992,0.15185620637910938,7890.920668702765
RIMONE_r1_Im001,RIM-ONE,RIMONE_r1_Im001,0,Normal,C:/Users/TRIPU/OneDrive/Documents/ML/end sem project/RIM-ONE_DL_images\RIM-ONE_DL_images\partitioned_by_hospital\test_set\normal\r1_Im001.png,C:/Users/TRIPU/.gemini/antigravity/scratch/glaucoma_detection\data\processed\RIM-ONE\normal\RIMONE_r1_Im001.png,external_test,-1,r1,partitioned_by_hospital/test_set,False,0.4412863632856452,23.877439409684552,1733.94740483162,3263.239919473247,0.303955078125,0.007475424562051824,163.9074985191994,0.003142558816523117,76.03625402550864,0.1932244699939108,3471.6418783655618
RIMONE_r1_Im003,RIM-ONE,RIMONE_r1_Im003,0,Normal,C:/Users/TRIPU/OneDrive/Documents/ML/end sem project/RIM-ONE_DL_images\RIM-ONE_DL_images\partitioned_by_hospital\test_set\normal\r1_Im003.png,C:/Users/TRIPU/.gemini/antigravity/scratch/glaucoma_detection\data\processed\RIM-ONE\normal\RIMONE_r1_Im003.png,external_test,-1,r1,partitioned_by_hospital/test_set,False,0.5258613537659382,12.276339428797094,1787.7689990604208,5508.602695771678,0.3941127232142857,0.006545963161659348,202.64170527610025,0.0033990608006000686,106.90063672292395,0.07803459324116523,2530.0921650748905
RIMONE_r1_Im004,RIM-ONE,RIMONE_r1_Im004,0,Normal,C:/Users/TRIPU/OneDrive/Documents/ML/end sem project/RIM-ONE_DL_images\RIM-ONE_DL_images\partitioned_by_hospital\test_set\normal\r1_Im004.png,C:/Users/TRIPU/.gemini/antigravity/scratch/glaucoma_detection\data\processed\RIM-ONE\normal\RIMONE_r1_Im004.png,external_test,-1,r1,partitioned_by_hospital/test_set,False,0.5456568459053404,11.45998244851651,1671.492070963709,6014.203804047926,0.4081134406887755,0.006646561109182332,201.8557870276121,0.0035998889977499424,108.77749599413988,0.07397040848886188,2448.4515639854226
RIMONE_r1_Im006,RIM-ONE,RIMONE_r1_Im006,0,Normal,C:/Users/TRIPU/OneDrive/Documents/ML/end sem project/RIM-ONE_DL_images\RIM-ONE_DL_images\partitioned_by_hospital\test_set\normal\r1_Im006.png,C:/Users/TRIPU/.gemini/antigravity/scratch/glaucoma_detection\data\processed\RIM-ONE\normal\RIMONE_r1_Im006.png,external_test,-1,r1,partitioned_by_hospital/test_set,False,0.49725692224880363,14.862936515889096,2102.1490579943475,4605.205611642936,0.3625388632015306,0.009814303400185975,127.68658776993831,0.004808899643856196,63.87010992166384,0.14915608051826656,1862.7676397924959
RIMONE_r1_Im008,RIM-ONE,RIMONE_r1_Im008,0,Normal,C:/Users/TRIPU/OneDrive/Documents/ML/end sem project/RIM-ONE_DL_images\RIM-ONE_DL_images\partitioned_by_hospital\test_set\normal\r1_Im008.png,C:/Users/TRIPU/.gemini/antigravity/scratch/glaucoma_detection\data\processed\RIM-ONE\normal\RIMONE_r1_Im008.png,external_test,-1,r1,partitioned_by_hospital/test_set,False,0.5183397224634415,12.195894611689893,2100.1537171151645,5334.268889976986,0.39132752710459184,0.004699261536706335,241.9201143474039,0.0024368938912074827,124.59100530307403,0.056243225737413145,3051.4416628297263
RIMONE_r1_Im011,RIM-ONE,RIMONE_r1_Im011,0,Normal,C:/Users/TRIPU/OneDrive/Documents/ML/end sem project/RIM-ONE_DL_images\RIM-ONE_DL_images\partitioned_by_hospital\test_set\normal\r1_Im011.png,C:/Users/TRIPU/.gemini/antigravity/scratch/glaucoma_detection\data\processed\RIM-ONE\normal\RIMONE_r1_Im011.png,external_test,-1,r1,partitioned_by_hospital/test_set,False,0.48952527412765123,14.935739808573093,1855.8954778458708,4541.8106066722485,0.3622797751913265,0.00476913987942969,240.9543466134005,0.002325346360940635,117.64986503231296,0.06955074374557267,3696.203871313131
RIMONE_r1_Im012,RIM-ONE,RIMONE_r1_Im012,0,Normal,C:/Users/TRIPU/OneDrive/Documents/ML/end sem project/RIM-ONE_DL_images\RIM-ONE_DL_images\partitioned_by_hospital\test_set\normal\r1_Im012.png,C:/Users/TRIPU/.gemini/antigravity/scratch/glaucoma_detection\data\processed\RIM-ONE\normal\RIMONE_r1_Im012.png,external_test,-1,r1,partitioned_by_hospital/test_set,False,0.49100493201019635,16.220475621719316,1895.51884927644,4408.530603858886,0.3522450972576531,0.005372591636413017,217.282634953649,0.0026266773028521236,106.73541609920007,0.08771796857329991,3461.799494332138
RIMONE_r1_Im014,RIM-ONE,RIMONE_r1_Im014,0,Normal,C:/Users/TRIPU/OneDrive/Documents/ML/end sem project/RIM-ONE_DL_images\RIM-ONE_DL_images\partitioned_by_hospital\test_set\normal\r1_Im014.png,C:/Users/TRIPU/.gemini/antigravity/scratch/glaucoma_detection\data\processed\RIM-ONE\normal\RIMONE_r1_Im014.png,external_test,-1,r1,partitioned_by_hospital/test_set,False,0.4910854859178443,15.560318260634952,1628.9036259266973,4527.878390671106,0.35860770089285715,0.006744708392123973,196.7703718669175,0.003239361636009805,98.57454786204727,0.1078277469021991,2918.796167353599
RIMONE_r1_Im015,RIM-ONE,RIMONE_r1_Im015,0,Normal,C:/Users/TRIPU/OneDrive/Documents/ML/end sem project/RIM-ONE_DL_images\RIM-ONE_DL_images\partitioned_by_hospital\test_set\normal\r1_Im015.png,C:/Users/TRIPU/.gemini/antigravity/scratch/glaucoma_detection\data\processed\RIM-ONE\normal\RIMONE_r1_Im015.png,external_test,-1,r1,partitioned_by_hospital/test_set,False,0.5052148827295468,16.744138387161552,1698.0209938590383,4688.677119429999,0.3587422273596939,0.010795194343885716,139.90164301918048,0.005107613430863947,76.18609353966998,0.21820935017010082,1789.5224464103837
RIMONE_r1_Im019,RIM-ONE,RIMONE_r1_Im019,0,Normal,C:/Users/TRIPU/OneDrive/Documents/ML/end sem project/RIM-ONE_DL_images\RIM-ONE_DL_images\partitioned_by_hospital\test_set\normal\r1_Im019.png,C:/Users/TRIPU/.gemini/antigravity/scratch/glaucoma_detection\data\processed\RIM-ONE\normal\RIMONE_r1_Im019.png,external_test,-1,r1,partitioned_by_hospital/test_set,False,0.42276912066917194,32.055246035967876,1362.052806236937,2662.321342835574,0.2701839524872449,0.004576719759401991,252.2819578791854,0.0018313639145039104,111.00125484938499,0.15461780478482193,7730.661615583568
RIMONE_r1_Im020,RIM-ONE,RIMONE_r1_Im020,0,Normal,C:/Users/TRIPU/OneDrive/Documents/ML/end sem project/RIM-ONE_DL_images\RIM-ONE_DL_images\partitioned_by_hospital\test_set\normal\r1_Im020.png,C:/Users/TRIPU/.gemini/antigravity/scratch/glaucoma_detection\data\processed\RIM-ONE\normal\RIMONE_r1_Im020.png,external_test,-1,r1,partitioned_by_hospital/test_set,False,0.43037534712182257,25.276762618660324,1454.7835597056996,2957.22646320246,0.291324537627551,0.004346559033970991,262.3583753504005,0.0018250831507302485,114.15987048045798,0.1114865028864148,6603.70277635517
RIMONE_r1_Im022,RIM-ONE,RIMONE_r1_Im022,0,Normal,C:/Users/TRIPU/OneDrive/Documents/ML/end sem project/RIM-ONE_DL_images\RIM-ONE_DL_images\partitioned_by_hospital\test_set\normal\r1_Im022.png,C:/Users/TRIPU/.gemini/antigravity/scratch/glaucoma_detection\data\processed\RIM-ONE\normal\RIMONE_r1_Im022.png,external_test,-1,r1,partitioned_by_hospital/test_set,False,0.5768350925311969,9.04938538139223,1921.4480743319364,7333.986701914628,0.4488251355229592,0.004747524031953578,256.66589653729113,0.0027755268643777616,144.8064129496753,0.04018824742045315,2538.4325242591444
RIMONE_r1_Im023,RIM-ONE,RIMONE_r1_Im023,0,Normal,C:/Users/TRIPU/OneDrive/Documents/ML/end sem project/RIM-ONE_DL_images\RIM-ONE_DL_images\partitioned_by_hospital\test_set\normal\r1_Im023.png,C:/Users/TRIPU/.gemini/antigravity/scratch/glaucoma_detection\data\processed\RIM-ONE\normal\RIMONE_r1_Im023.png,external_test,-1,r1,partitioned_by_hospital/test_set,False,0.5812214889637578,9.326214309440509,1791.0882349572612,7368.083026862461,0.44668267697704084,0.005356869187454358,236.63560099820006,0.003120363999421668,135.22685816221468,0.04790261734297722,2382.924490985834
RIMONE_r1_Im024,RIM-ONE,RIMONE_r1_Im024,0,Normal,C:/Users/TRIPU/OneDrive/Documents/ML/end sem project/RIM-ONE_DL_images\RIM-ONE_DL_images\partitioned_by_hospital\test_set\normal\r1_Im024.png,C:/Users/TRIPU/.gemini/antigravity/scratch/glaucoma_detection\data\processed\RIM-ONE\normal\RIMONE_r1_Im024.png,external_test,-1,r1,partitioned_by_hospital/test_set,False,0.5302330874576557,13.6981008998026,2179.568397717409,5376.627230644451,0.3833107461734694,0.007027659125481338,173.74642871697841,0.003697795374114391,92.38841424517213,0.09578501934777721,2324.857734207162
RIMONE_r1_Im025,RIM-ONE,RIMONE_r1_Im025,0,Normal,C:/Users/TRIPU/OneDrive/Documents/ML/end sem project/RIM-ONE_DL_images\RIM-ONE_DL_images\partitioned_by_hospital\test_set\normal\r1_Im025.png,C:/Users/TRIPU/.gemini/antigravity/scratch/glaucoma_detection\data\processed\RIM-ONE\normal\RIMONE_r1_Im025.png,external_test,-1,r1,partitioned_by_hospital/test_set,False,0.5314804245823388,13.156015788238204,1843.5795181831952,5538.883120751071,0.39058514030612246,0.006628215279245446,192.98702651376985,0.00346604836194714,104.20821255604639,0.09087480259183532,2334.4841513437545
RIMONE_r1_Im026,RIM-ONE,RIMONE_r1_Im026,0,Normal,C:/Users/TRIPU/OneDrive/Documents/ML/end sem project/RIM-ONE_DL_images\RIM-ONE_DL_images\partitioned_by_hospital\test_set\normal\r1_Im026.png,C:/Users/TRIPU/.gemini/antigravity/scratch/glaucoma_detection\data\processed\RIM-ONE\normal\RIMONE_r1_Im026.png,external_test,-1,r1,partitioned_by_hospital/test_set,False,0.4371328080969084,21.007427576906707,1968.0152721532745,3327.9505554510215,0.3131626674107143,0.0073191671254869434,156.2247980409067,0.003145104594666559,68.85334081732813,0.1559488424660577,3204.9379617178283
RIMONE_r1_Im027,RIM-ONE,RIMONE_r1_Im027,0,Normal,C:/Users/TRIPU/OneDrive/Documents/ML/end sem project/RIM-ONE_DL_images\RIM-ONE_DL_images\partitioned_by_hospital\test_set\normal\r1_Im027.png,C:/Users/TRIPU/.gemini/antigravity/scratch/glaucoma_detection\data\processed\RIM-ONE\normal\RIMONE_r1_Im027.png,external_test,-1,r1,partitioned_by_hospital/test_set,False,0.4361464437298711,20.30464777090736,1918.4029513291534,3391.5887371699873,0.317691725127551,0.006937896294616178,167.18951714308017,0.0029989076560648542,72.807763606018,0.14543274012067525,3262.1642941259283
RIMONE_r1_Im028,RIM-ONE,RIMONE_r1_Im028,0,Normal,C:/Users/TRIPU/OneDrive/Documents/ML/end sem project/RIM-ONE_DL_images\RIM-ONE_DL_images\partitioned_by_hospital\test_set\normal\r1_Im028.png,C:/Users/TRIPU/.gemini/antigravity/scratch/glaucoma_detection\data\processed\RIM-ONE\normal\RIMONE_r1_Im028.png,external_test,-1,r1,partitioned_by_hospital/test_set,False,0.5707279788202526,9.593690001997862,1490.2365766683463,7063.258704825737,0.44047452965561223,0.006806936249599042,216.90591207723054,0.0037182920312611397,126.15621663295886,0.0774001072055779,1841.3798340848089
RIMONE_r1_Im029,RIM-ONE,RIMONE_r1_Im029,0,Normal,C:/Users/TRIPU/OneDrive/Documents/ML/end sem project/RIM-ONE_DL_images\RIM-ONE_DL_images\partitioned_by_hospital\test_set\normal\r1_Im029.png,C:/Users/TRIPU/.gemini/antigravity/scratch/glaucoma_detection\data\processed\RIM-ONE\normal\RIMONE_r1_Im029.png,external_test,-1,r1,partitioned_by_hospital/test_set,False,0.5713448391530869,9.256020404407362,1680.789980511654,7169.333432215359,0.4451929209183674,0.007947243230644462,187.06408034768248,0.004389835777467299,108.56571261846842,0.07873675248154019,1604.722092944114
RIMONE_r1_Im031,RIM-ONE,RIMONE_r1_Im031,0,Normal,C:/Users/TRIPU/OneDrive/Documents/ML/end sem project/RIM-ONE_DL_images\RIM-ONE_DL_images\partitioned_by_hospital\test_set\normal\r1_Im031.png,C:/Users/TRIPU/.gemini/antigravity/scratch/glaucoma_detection\data\processed\RIM-ONE\normal\RIMONE_r1_Im031.png,external_test,-1,r1,partitioned_by_hospital/test_set,False,0.5409161031061404,11.284425209846031,2259.9248039737254,5926.1062665833615,0.4074756855867347,0.0055344582709698185,212.74339500238847,0.002952488312772829,116.20945924017714,0.0632738310279761,2361.5500558997105
RIMONE_r1_Im032,RIM-ONE,RIMONE_r1_Im032,0,Normal,C:/Users/TRIPU/OneDrive/Documents/ML/end sem project/RIM-ONE_DL_images\RIM-ONE_DL_images\partitioned_by_hospital\test_set\normal\r1_Im032.png,C:/Users/TRIPU/.gemini/antigravity/scratch/glaucoma_detection\data\processed\RIM-ONE\normal\RIMONE_r1_Im032.png,external_test,-1,r1,partitioned_by_hospital/test_set,False,0.5233800318426707,12.320377039766155,2132.5536371513153,5459.482423350775,0.3931859853316327,0.005125531113327619,224.12359943581455,0.002726689849756787,114.38929715701686,0.06118061465305233,2852.532423201166
RIMONE_r1_Im033,RIM-ONE,RIMONE_r1_Im033,0,Normal,C:/Users/TRIPU/OneDrive/Documents/ML/end sem project/RIM-ONE_DL_images\RIM-ONE_DL_images\partitioned_by_hospital\test_set\normal\r1_Im033.png,C:/Users/TRIPU/.gemini/antigravity/scratch/glaucoma_detection\data\processed\RIM-ONE\normal\RIMONE_r1_Im033.png,external_test,-1,r1,partitioned_by_hospital/test_set,False,0.5154906888478136,12.496778911383663,2034.8378793510515,5286.246000849246,0.38880640146683676,0.005190761281742349,223.48844185148272,0.0026890683748048544,114.43147589947735,0.06403476411555313,2786.4418685298115
RIMONE_r1_Im036,RIM-ONE,RIMONE_r1_Im036,0,Normal,C:/Users/TRIPU/OneDrive/Documents/ML/end sem project/RIM-ONE_DL_images\RIM-ONE_DL_images\partitioned_by_hospital\test_set\normal\r1_Im036.png,C:/Users/TRIPU/.gemini/antigravity/scratch/glaucoma_detection\data\processed\RIM-ONE\normal\RIMONE_r1_Im036.png,external_test,-1,r1,partitioned_by_hospital/test_set,False,0.5658623801823419,10.99364566536035,1516.8115266757577,6643.196464280232,0.4230707908163265,0.010252202186228227,183.71085443596093,0.0055566877276400604,103.62422155570768,0.1213075096146308,2099.100442276402
RIMONE_r1_Im037,RIM-ONE,RIMONE_r1_Im037,0,Normal,C:/Users/TRIPU/OneDrive/Documents/ML/end sem project/RIM-ONE_DL_images\RIM-ONE_DL_images\partitioned_by_hospital\test_set\normal\r1_Im037.png,C:/Users/TRIPU/.gemini/antigravity/scratch/glaucoma_detection\data\processed\RIM-ONE\normal\RIMONE_r1_Im037.png,external_test,-1,r1,partitioned_by_hospital/test_set,False,0.5793762990089641,9.996418274332871,1703.0198532774623,7152.865078091046,0.4377491230867347,0.011030063936267856,160.53662383958442,0.006038492254970724,95.09696492101573,0.12540551578531658,1487.2196111581488
RIMONE_r1_Im040,RIM-ONE,RIMONE_r1_Im040,0,Normal,C:/Users/TRIPU/OneDrive/Documents/ML/end sem project/RIM-ONE_DL_images\RIM-ONE_DL_images\partitioned_by_hospital\test_set\normal\r1_Im040.png,C:/Users/TRIPU/.gemini/antigravity/scratch/glaucoma_detection\data\processed\RIM-ONE\normal\RIMONE_r1_Im040.png,external_test,-1,r1,partitioned_by_hospital/test_set,False,0.5237531380944624,15.546868920962055,1588.226850394437,5076.585737176412,0.369255221619898,0.0053103573637001186,243.02212094805438,0.0026763131410276596,131.69231609601496,0.08835493852985801,3450.7171723241704
RIMONE_r1_Im041,RIM-ONE,RIMONE_r1_Im041,0,Normal,C:/Users/TRIPU/OneDrive/Documents/ML/end sem project/RIM-ONE_DL_images\RIM-ONE_DL_images\partitioned_by_hospital\test_set\normal\r1_Im041.png,C:/Users/TRIPU/.gemini/antigravity/scratch/glaucoma_detection\data\processed\RIM-ONE\normal\RIMONE_r1_Im041.png,external_test,-1,r1,partitioned_by_hospital/test_set,False,0.4850499598564096,16.963248379535806,1781.124493724882,4259.255306466626,0.3472128109056123,0.007358384175041906,173.13285809273162,0.003493794999006647,84.6477259299032,0.12939852056717066,2801.439920687831
RIMONE_r1_Im042,RIM-ONE,RIMONE_r1_Im042,0,Normal,C:/Users/TRIPU/OneDrive/Documents/ML/end sem project/RIM-ONE_DL_images\RIM-ONE_DL_images\partitioned_by_hospital\test_set\normal\r1_Im042.png,C:/Users/TRIPU/.gemini/antigravity/scratch/glaucoma_detection\data\processed\RIM-ONE\normal\RIMONE_r1_Im042.png,external_test,-1,r1,partitioned_by_hospital/test_set,False,0.4186573667262734,27.937091286757166,1583.4200413517008,2799.112134332715,0.2827845982142857,0.0056289002941691995,206.32898651104057,0.0022836202436236994,88.41805424099357,0.16414091255985738,5439.021488577249
RIMONE_r1_Im046,RIM-ONE,RIMONE_r1_Im046,0,Normal,C:/Users/TRIPU/OneDrive/Documents/ML/end sem project/RIM-ONE_DL_images\RIM-ONE_DL_images\partitioned_by_hospital\test_set\normal\r1_Im046.png,C:/Users/TRIPU/.gemini/antigravity/scratch/glaucoma_detection\data\processed\RIM-ONE\normal\RIMONE_r1_Im046.png,external_test,-1,r1,partitioned_by_hospital/test_set,False,0.4707679199385495,19.540605515782403,1689.8955748524302,3949.480182514976,0.3329928651147959,0.006293225331382084,193.22529047774398,0.0028555065689812482,92.80099999077832,0.12986680038314596,3607.1379083096967
RIMONE_r1_Im047,RIM-ONE,RIMONE_r1_Im047,0,Normal,C:/Users/TRIPU/OneDrive/Documents/ML/end sem project/RIM-ONE_DL_images\RIM-ONE_DL_images\partitioned_by_hospital\test_set\normal\r1_Im047.png,C:/Users/TRIPU/.gemini/antigravity/scratch/glaucoma_detection\data\processed\RIM-ONE\normal\RIMONE_r1_Im047.png,external_test,-1,r1,partitioned_by_hospital/test_set,False,0.5380659956475136,10.911255893345102,2204.0806535252564,6079.036495820766,0.4144810267857143,0.004296535721080512,262.7813229198324,0.0023490677855782078,137.8325908997848,0.04403159995794162,3086.181769925178
RIMONE_r1_Im050,RIM-ONE,RIMONE_r1_Im050,0,Normal,C:/Users/TRIPU/OneDrive/Documents/ML/end sem project/RIM-ONE_DL_images\RIM-ONE_DL_images\partitioned_by_hospital\test_set\normal\r1_Im050.png,C:/Users/TRIPU/.gemini/antigravity/scratch/glaucoma_detection\data\processed\RIM-ONE\normal\RIMONE_r1_Im050.png,external_test,-1,r1,partitioned_by_hospital/test_set,False,0.4660111229615491,24.1140142003322,1595.9025908049196,3433.2849896789003,0.30509107940051017,0.015898235673250025,95.42766882375732,0.007129993327165112,46.12516511761922,0.4505561364869397,1863.642981229426
RIMONE_r1_Im052,RIM-ONE,RIMONE_r1_Im052,0,Normal,C:/Users/TRIPU/OneDrive/Documents/ML/end sem project/RIM-ONE_DL_images\RIM-ONE_DL_images\partitioned_by_hospital\test_set\normal\r1_Im052.png,C:/Users/TRIPU/.gemini/antigravity/scratch/glaucoma_detection\data\processed\RIM-ONE\normal\RIMONE_r1_Im052.png,external_test,-1,r1,partitioned_by_hospital/test_set,False,0.5195284468154084,14.430087972698958,1389.7660692112568,5145.267180930057,0.37467115752551017,0.006748974000884001,217.0120506810337,0.0032893831336527845,116.12970899362344,0.10284634848743959,3004.8565299119014
RIMONE_r1_Im054,RIM-ONE,RIMONE_r1_Im054,0,Normal,C:/Users/TRIPU/OneDrive/Documents/ML/end sem project/RIM-ONE_DL_images\RIM-ONE_DL_images\partitioned_by_hospital\test_set\normal\r1_Im054.png,C:/Users/TRIPU/.gemini/antigravity/scratch/glaucoma_detection\data\processed\RIM-ONE\normal\RIMONE_r1_Im054.png,external_test,-1,r1,partitioned_by_hospital/test_set,False,0.5093029621208909,16.645942255667467,1501.2777397952493,4653.793393772267,0.355712890625,0.00620673615394045,214.90328963583178,0.00299913006115726,112.83868871637048,0.11771621548550809,3116.191838446087
RIMONE_r1_Im055,RIM-ONE,RIMONE_r1_Im055,0,Normal,C:/Users/TRIPU/OneDrive/Documents/ML/end sem project/RIM-ONE_DL_images\RIM-ONE_DL_images\partitioned_by_hospital\test_set\normal\r1_Im055.png,C:/Users/TRIPU/.gemini/antigravity/scratch/glaucoma_detection\data\processed\RIM-ONE\normal\RIMONE_r1_Im055.png,external_test,-1,r1,partitioned_by_hospital/test_set,False,0.5482035951498612,12.660804405516878,1347.293214538919,5887.038482043621,0.3987364477040817,0.007599495604125068,202.74280546476174,0.003962751023790184,113.12657131640638,0.11674387341621256,2190.4442337907317
RIMONE_r1_Im056,RIM-ONE,RIMONE_r1_Im056,0,Normal,C:/Users/TRIPU/OneDrive/Documents/ML/end sem project/RIM-ONE_DL_images\RIM-ONE_DL_images\partitioned_by_hospital\test_set\normal\r1_Im056.png,C:/Users/TRIPU/.gemini/antigravity/scratch/glaucoma_detection\data\processed\RIM-ONE\normal\RIMONE_r1_Im056.png,external_test,-1,r1,partitioned_by_hospital/test_set,False,0.5490002266075438,11.604560469723523,1433.1741256213218,6013.527124042826,0.4063496492346939,0.006854279589076397,214.57249045421423,0.003585928746769146,120.94920994039799,0.0917722659686857,2207.236739225854
RIMONE_r1_Im057,RIM-ONE,RIMONE_r1_Im057,0,Normal,C:/Users/TRIPU/OneDrive/Documents/ML/end sem project/RIM-ONE_DL_images\RIM-ONE_DL_images\partitioned_by_hospital\test_set\normal\r1_Im057.png,C:/Users/TRIPU/.gemini/antigravity/scratch/glaucoma_detection\data\processed\RIM-ONE\normal\RIMONE_r1_Im057.png,external_test,-1,r1,partitioned_by_hospital/test_set,False,0.5296992986772989,12.053034598713282,2180.6910765684015,5637.841590000582,0.39801399075255106,0.006081482943472335,192.20194054656343,0.0032282540370412553,100.975366448736,0.07212840353274873,2371.5993891802586
RIMONE_r1_Im058,RIM-ONE,RIMONE_r1_Im058,0,Normal,C:/Users/TRIPU/OneDrive/Documents/ML/end sem project/RIM-ONE_DL_images\RIM-ONE_DL_images\partitioned_by_hospital\test_set\normal\r1_Im058.png,C:/Users/TRIPU/.gemini/antigravity/scratch/glaucoma_detection\data\processed\RIM-ONE\normal\RIMONE_r1_Im058.png,external_test,-1,r1,partitioned_by_hospital/test_set,False,0.5261375483280273,13.559152764335593,2092.3954350451404,5350.529474880924,0.38308155293367346,0.008073034233919066,155.2993617135148,0.004174947496425638,82.85087533588357,0.10816682759445567,2092.6455839511264
RIMONE_r1_Im059,RIM-ONE,RIMONE_r1_Im059,0,Normal,C:/Users/TRIPU/OneDrive/Documents/ML/end sem project/RIM-ONE_DL_images\RIM-ONE_DL_images\partitioned_by_hospital\test_set\normal\r1_Im059.png,C:/Users/TRIPU/.gemini/antigravity/scratch/glaucoma_detection\data\processed\RIM-ONE\normal\RIMONE_r1_Im059.png,external_test,-1,r1,partitioned_by_hospital/test_set,False,0.4921664829709408,16.049585728913094,1837.6248538663986,4463.725758006985,0.3551249601403061,0.005924013001980622,202.7486707443723,0.0028809859213912484,100.15873208079037,0.0958238374812012,3200.002525399721
RIMONE_r1_Im060,RIM-ONE,RIMONE_r1_Im060,0,Normal,C:/Users/TRIPU/OneDrive/Documents/ML/end sem project/RIM-ONE_DL_images\RIM-ONE_DL_images\partitioned_by_hospital\test_set\normal\r1_Im060.png,C:/Users/TRIPU/.gemini/antigravity/scratch/glaucoma_detection\data\processed\RIM-ONE\normal\RIMONE_r1_Im060.png,external_test,-1,r1,partitioned_by_hospital/test_set,False,0.5511056592014745,10.997845726262824,1700.646422626183,6340.580480885447,0.4182079081632653,0.005748086711207987,225.59046174783657,0.0031268111520501686,124.57338264194742,0.06470930588085708,2438.433110012065
RIMONE_r1_Im061,RIM-ONE,RIMONE_r1_Im061,0,Normal,C:/Users/TRIPU/OneDrive/Documents/ML/end sem project/RIM-ONE_DL_images\RIM-ONE_DL_images\partitioned_by_hospital\test_set\normal\r1_Im061.png,C:/Users/TRIPU/.gemini/antigravity/scratch/glaucoma_detection\data\processed\RIM-ONE\normal\RIMONE_r1_Im061.png,external_test,-1,r1,partitioned_by_hospital/test_set,False,0.49067196297144133,16.65497751896877,1743.7017620205675,4406.776398119078,0.3508649553571429,0.007348775456358645,170.40202452644488,0.003511204961583001,85.05282410830742,0.12500085666921149,2736.985316377477
RIMONE_r1_Im062,RIM-ONE,RIMONE_r1_Im062,0,Normal,C:/Users/TRIPU/OneDrive/Documents/ML/end sem project/RIM-ONE_DL_images\RIM-ONE_DL_images\partitioned_by_hospital\test_set\normal\r1_Im062.png,C:/Users/TRIPU/.gemini/antigravity/scratch/glaucoma_detection\data\processed\RIM-ONE\normal\RIMONE_r1_Im062.png,external_test,-1,r1,partitioned_by_hospital/test_set,False,0.5556573430098004,9.688931313883327,1659.6817103113776,6643.6562859440555,0.4328762755102041,0.006075810682941556,219.04255397348888,0.003351722880361683,120.10889244081224,0.06089803260830498,2133.7422885038886
RIMONE_r1_Im063,RIM-ONE,RIMONE_r1_Im063,0,Normal,C:/Users/TRIPU/OneDrive/Documents/ML/end sem project/RIM-ONE_DL_images\RIM-ONE_DL_images\partitioned_by_hospital\test_set\normal\r1_Im063.png,C:/Users/TRIPU/.gemini/antigravity/scratch/glaucoma_detection\data\processed\RIM-ONE\normal\RIMONE_r1_Im063.png,external_test,-1,r1,partitioned_by_hospital/test_set,False,0.5927528475294106,7.617613809097574,2218.273926460517,8130.949116626063,0.47567562181122447,0.005529200628812148,221.02254777833403,0.0032957986131432627,129.36304224007762,0.040802826648521126,1757.3451418283792
RIMONE_r1_Im071,RIM-ONE,RIMONE_r1_Im071,0,Normal,C:/Users/TRIPU/OneDrive/Documents/ML/end sem project/RIM-ONE_DL_images\RIM-ONE_DL_images\partitioned_by_hospital\test_set\normal\r1_Im071.png,C:/Users/TRIPU/.gemini/antigravity/scratch/glaucoma_detection\data\processed\RIM-ONE\normal\RIMONE_r1_Im071.png,external_test,-1,r1,partitioned_by_hospital/test_set,False,0.5463715217362042,10.47112204277847,1932.0391681644794,6219.0054240193185,0.41856664540816324,0.00938025585445949,146.6830114913089,0.0049947405661073235,81.62881990652541,0.10279405519060657,1450.3607050728772
RIMONE_r1_Im072,RIM-ONE,RIMONE_r1_Im072,0,Normal,C:/Users/TRIPU/OneDrive/Documents/ML/end sem project/RIM-ONE_DL_images\RIM-ONE_DL_images\partitioned_by_hospital\test_set\normal\r1_Im072.png,C:/Users/TRIPU/.gemini/antigravity/scratch/glaucoma_detection\data\processed\RIM-ONE\normal\RIMONE_r1_Im072.png,external_test,-1,r1,partitioned_by_hospital/test_set,False,0.5320688072118778,10.127018239495674,2892.7341988741,6046.650405326244,0.4196827168367347,0.009164624831209198,127.9626570631283,0.004806986679078162,69.13907584027164,0.09371169991793464,1277.909367939947
RIMONE_r1_Im073,RIM-ONE,RIMONE_r1_Im073,0,Normal,C:/Users/TRIPU/OneDrive/Documents/ML/end sem project/RIM-ONE_DL_images\RIM-ONE_DL_images\partitioned_by_hospital\test_set\normal\r1_Im073.png,C:/Users/TRIPU/.gemini/antigravity/scratch/glaucoma_detection\data\processed\RIM-ONE\normal\RIMONE_r1_Im073.png,external_test,-1,r1,partitioned_by_hospital/test_set,False,0.5435598878731251,9.055525462713108,2850.376248851835,6544.1411390239045,0.43686722735969385,0.008778166750431127,132.66975246616724,0.004710110050440138,72.96945013999151,0.08192673911063424,1159.5290639821756
RIMONE_r1_Im080,RIM-ONE,RIMONE_r1_Im080,0,Normal,C:/Users/TRIPU/OneDrive/Documents/ML/end sem project/RIM-ONE_DL_images\RIM-ONE_DL_images\partitioned_by_hospital\test_set\normal\r1_Im080.png,C:/Users/TRIPU/.gemini/antigravity/scratch/glaucoma_detection\data\processed\RIM-ONE\normal\RIMONE_r1_Im080.png,external_test,-1,r1,partitioned_by_hospital/test_set,False,0.523434878724014,18.194510111181515,1475.9125676763563,4871.517697511478,0.3572624362244898,0.022972173151295332,91.13493576248993,0.011212728322699225,51.42340413789905,0.6342077909551317,1045.51000425465
RIMONE_r1_Im082,RIM-ONE,RIMONE_r1_Im082,0,Normal,C:/Users/TRIPU/OneDrive/Documents/ML/end sem project/RIM-ONE_DL_images\RIM-ONE_DL_images\partitioned_by_hospital\test_set\normal\r1_Im082.png,C:/Users/TRIPU/.gemini/antigravity/scratch/glaucoma_detection\data\processed\RIM-ONE\normal\RIMONE_r1_Im082.png,external_test,-1,r1,partitioned_by_hospital/test_set,False,0.5318985263640902,11.764216927169777,1751.6116404017048,5675.273788121028,0.4000866948341837,0.009732119911589012,142.52033476555718,0.0049487541196027995,77.5606541547992,0.12673729826749808,1570.139167794146
RIMONE_r1_Im086,RIM-ONE,RIMONE_r1_Im086,0,Normal,C:/Users/TRIPU/OneDrive/Documents/ML/end sem project/RIM-ONE_DL_images\RIM-ONE_DL_images\partitioned_by_hospital\test_set\normal\r1_Im086.png,C:/Users/TRIPU/.gemini/antigravity/scratch/glaucoma_detection\data\processed\RIM-ONE\normal\RIMONE_r1_Im086.png,external_test,-1,r1,partitioned_by_hospital/test_set,False,0.5022229400775708,16.72793861724593,1889.972769236932,4534.2423470858475,0.35387436224489793,0.019065483706214515,86.08810847150639,0.009002611678208448,46.88406220989897,0.3819023891009324,1118.2405659669555
RIMONE_r1_Im087,RIM-ONE,RIMONE_r1_Im087,0,Normal,C:/Users/TRIPU/OneDrive/Documents/ML/end sem project/RIM-ONE_DL_images\RIM-ONE_DL_images\partitioned_by_hospital\test_set\normal\r1_Im087.png,C:/Users/TRIPU/.gemini/antigravity/scratch/glaucoma_detection\data\processed\RIM-ONE\normal\RIMONE_r1_Im087.png,external_test,-1,r1,partitioned_by_hospital/test_set,False,0.5397647322991799,12.001606999696993,1813.720472003401,5786.135588720329,0.4001365194515306,0.014303494677405895,117.18021645956449,0.007251347641004737,66.71380115165186,0.20191474950382426,1162.6059198140692
RIMONE_r1_Im095,RIM-ONE,RIMONE_r1_Im095,0,Normal,C:/Users/TRIPU/OneDrive/Documents/ML/end sem project/RIM-ONE_DL_images\RIM-ONE_DL_images\partitioned_by_hospital\test_set\normal\r1_Im095.png,C:/Users/TRIPU/.gemini/antigravity/scratch/glaucoma_detection\data\processed\RIM-ONE\normal\RIMONE_r1_Im095.png,external_test,-1,r1,partitioned_by_hospital/test_set,False,0.502357172963021,13.527841898347258,2751.145484559671,4845.874286045793,0.3741081393494898,0.012765172717689982,96.80944673037526,0.006330820395742563,49.44980533841543,0.17902892276593485,1231.3130708478295
RIMONE_r1_Im107,RIM-ONE,RIMONE_r1_Im107,0,Normal,C:/Users/TRIPU/OneDrive/Documents/ML/end sem project/RIM-ONE_DL_images\RIM-ONE_DL_images\partitioned_by_hospital\test_set\normal\r1_Im107.png,C:/Users/TRIPU/.gemini/antigravity/scratch/glaucoma_detection\data\processed\RIM-ONE\normal\RIMONE_r1_Im107.png,external_test,-1,r1,partitioned_by_hospital/test_set,False,0.4895124879305669,13.570305133852106,2198.576116614579,4689.3952198519655,0.3716368383290816,0.011940570617981781,111.83234458751194,0.005722395409657485,55.59135497763022,0.17066297475520634,1459.7601493393056
RIMONE_r1_Im108,RIM-ONE,RIMONE_r1_Im108,0,Normal,C:/Users/TRIPU/OneDrive/Documents/ML/end sem project/RIM-ONE_DL_images\RIM-ONE_DL_images\partitioned_by_hospital\test_set\normal\r1_Im108.png,C:/Users/TRIPU/.gemini/antigravity/scratch/glaucoma_detection\data\processed\RIM-ONE\normal\RIMONE_r1_Im108.png,external_test,-1,r1,partitioned_by_hospital/test_set,False,0.5749189885275862,8.121376045573339,2478.9587433977463,7517.643410755702,0.4609823421556123,0.008034151578184174,156.57874035151283,0.004534857287056667,90.93809352703941,0.06692755309648939,1262.7265950711908
RIMONE_r1_Im115,RIM-ONE,RIMONE_r1_Im115,0,Normal,C:/Users/TRIPU/OneDrive/Documents/ML/end sem project/RIM-ONE_DL_images\RIM-ONE_DL_images\partitioned_by_hospital\test_set\normal\r1_Im115.png,C:/Users/TRIPU/.gemini/antigravity/scratch/glaucoma_detection\data\processed\RIM-ONE\normal\RIMONE_r1_Im115.png,external_test,-1,r1,partitioned_by_hospital/test_set,False,0.5321962385684252,13.000843893254897,1831.831829565207,5486.772541732866,0.3899374202806123,0.01035402219731239,130.8019254019116,0.005372223442185169,70.57367489621411,0.15477621043885176,1514.3900025692096
RIMONE_r1_Im116,RIM-ONE,RIMONE_r1_Im116,0,Normal,C:/Users/TRIPU/OneDrive/Documents/ML/end sem project/RIM-ONE_DL_images\RIM-ONE_DL_images\partitioned_by_hospital\test_set\normal\r1_Im116.png,C:/Users/TRIPU/.gemini/antigravity/scratch/glaucoma_detection\data\processed\RIM-ONE\normal\RIMONE_r1_Im116.png,external_test,-1,r1,partitioned_by_hospital/test_set,False,0.5698509223977869,9.099538639082265,2021.815006908986,7068.949834523128,0.44386758609693877,0.007207856064133679,180.8330340551288,0.003996603315640146,104.9946894372713,0.07101125552656554,1525.732796422666
RIMONE_r1_Im119,RIM-ONE,RIMONE_r1_Im119,0,Normal,C:/Users/TRIPU/OneDrive/Documents/ML/end sem project/RIM-ONE_DL_images\RIM-ONE_DL_images\partitioned_by_hospital\test_set\normal\r1_Im119.png,C:/Users/TRIPU/.gemini/antigravity/scratch/glaucoma_detection\data\processed\RIM-ONE\normal\RIMONE_r1_Im119.png,external_test,-1,r1,partitioned_by_hospital/test_set,False,0.5102288774433972,17.702497687387446,1854.5812224256097,4600.491535388781,0.3516820790816326,0.01627570449081016,101.87142821296908,0.007873126329475682,54.61774224537839,0.36438381585039026,1337.3411860578512
RIMONE_r1_Im125,RIM-ONE,RIMONE_r1_Im125,0,Normal,C:/Users/TRIPU/OneDrive/Documents/ML/end sem project/RIM-ONE_DL_images\RIM-ONE_DL_images\partitioned_by_hospital\test_set\normal\r1_Im125.png,C:/Users/TRIPU/.gemini/antigravity/scratch/glaucoma_detection\data\processed\RIM-ONE\normal\RIMONE_r1_Im125.png,external_test,-1,r1,partitioned_by_hospital/test_set,False,0.5371611781670677,10.162623742754802,2130.18533115582,6115.047220263498,0.41936882174744894,0.006810017531990896,186.380513858866,0.003632598497407365,100.31836515179984,0.06919981562102479,1898.3992629939269
RIMONE_r1_Im127,RIM-ONE,RIMONE_r1_Im127,0,Normal,C:/Users/TRIPU/OneDrive/Documents/ML/end sem project/RIM-ONE_DL_images\RIM-ONE_DL_images\partitioned_by_hospital\test_set\normal\r1_Im127.png,C:/Users/TRIPU/.gemini/antigravity/scratch/glaucoma_detection\data\processed\RIM-ONE\normal\RIMONE_r1_Im127.png,external_test,-1,r1,partitioned_by_hospital/test_set,False,0.5673949168679256,8.830834832698647,2221.8472465186787,7057.837964852362,0.4460349569515306,0.005453135904186749,214.9682635187442,0.0030902880153798836,121.77616024652355,0.048212113331650194,1904.8452710280744
RIMONE_r1_Im128,RIM-ONE,RIMONE_r1_Im128,0,Normal,C:/Users/TRIPU/OneDrive/Documents/ML/end sem project/RIM-ONE_DL_images\RIM-ONE_DL_images\partitioned_by_hospital\test_set\normal\r1_Im128.png,C:/Users/TRIPU/.gemini/antigravity/scratch/glaucoma_detection\data\processed\RIM-ONE\normal\RIMONE_r1_Im128.png,external_test,-1,r1,partitioned_by_hospital/test_set,False,0.47377933846125153,18.143818743295515,2209.649679488101,3907.4355648674796,0.3346370774872449,0.02493469312070826,59.303754766489334,0.011624966730572972,28.875751560540493,0.51802352550411,942.2118144640391
RIMONE_r1_Im129,RIM-ONE,RIMONE_r1_Im129,0,Normal,C:/Users/TRIPU/OneDrive/Documents/ML/end sem project/RIM-ONE_DL_images\RIM-ONE_DL_images\partitioned_by_hospital\test_set\normal\r1_Im129.png,C:/Users/TRIPU/.gemini/antigravity/scratch/glaucoma_detection\data\processed\RIM-ONE\normal\RIMONE_r1_Im129.png,external_test,-1,r1,partitioned_by_hospital/test_set,False,0.5402955213406785,11.262212527802768,1788.055535633798,5920.27237183959,0.4078045280612245,0.01475806855382073,110.58971956233685,0.007651649453757273,60.765942638702526,0.1978184531326355,1077.9818456545004
RIMONE_r1_Im130,RIM-ONE,RIMONE_r1_Im130,0,Normal,C:/Users/TRIPU/OneDrive/Documents/ML/end sem project/RIM-ONE_DL_images\RIM-ONE_DL_images\partitioned_by_hospital\test_set\normal\r1_Im130.png,C:/Users/TRIPU/.gemini/antigravity/scratch/glaucoma_detection\data\processed\RIM-ONE\normal\RIMONE_r1_Im130.png,external_test,-1,r1,partitioned_by_hospital/test_set,False,0.524953884753691,12.785309705745718,2370.320873650555,5413.3715279971375,0.3893843670280613,0.015289289264702832,96.88758101919679,0.007782151557619696,53.57628603816975,0.21461983723462844,1046.147183101958
RIMONE_r1_Im131,RIM-ONE,RIMONE_r1_Im131,0,Normal,C:/Users/TRIPU/OneDrive/Documents/ML/end sem project/RIM-ONE_DL_images\RIM-ONE_DL_images\partitioned_by_hospital\test_set\normal\r1_Im131.png,C:/Users/TRIPU/.gemini/antigravity/scratch/glaucoma_detection\data\processed\RIM-ONE\normal\RIMONE_r1_Im131.png,external_test,-1,r1,partitioned_by_hospital/test_set,False,0.5475842353902993,11.895787477301981,1848.4101859764005,5992.594828535108,0.4052036830357143,0.01236639397811223,132.47873493444524,0.006463609766265772,76.42357563020761,0.16712231413523065,1294.507051905031
RIMONE_r1_Im132,RIM-ONE,RIMONE_r1_Im132,0,Normal,C:/Users/TRIPU/OneDrive/Documents/ML/end sem project/RIM-ONE_DL_images\RIM-ONE_DL_images\partitioned_by_hospital\test_set\normal\r1_Im132.png,C:/Users/TRIPU/.gemini/antigravity/scratch/glaucoma_detection\data\processed\RIM-ONE\normal\RIMONE_r1_Im132.png,external_test,-1,r1,partitioned_by_hospital/test_set,False,0.560388393093979,8.54875846817577,2385.4775734270406,7058.388245326167,0.4497518734056123,0.010964863715642335,120.7024938418842,0.005987828900453458,68.68896844833698,0.09939509805371338,982.185780118585
RIMONE_r1_Im133,RIM-ONE,RIMONE_r1_Im133,0,Normal,C:/Users/TRIPU/OneDrive/Documents/ML/end sem project/RIM-ONE_DL_images\RIM-ONE_DL_images\partitioned_by_hospital\test_set\normal\r1_Im133.png,C:/Users/TRIPU/.gemini/antigravity/scratch/glaucoma_detection\data\processed\RIM-ONE\normal\RIMONE_r1_Im133.png,external_test,-1,r1,partitioned_by_hospital/test_set,False,0.5622069202335696,9.322896313834136,1833.2326782461028,6805.766874290026,0.4375597895408163,0.005953771317130066,210.23464327004245,0.0033263678822039577,117.24676659959883,0.056040970073911026,1982.0196375679393
RIMONE_r1_Im136,RIM-ONE,RIMONE_r1_Im136,0,Normal,C:/Users/TRIPU/OneDrive/Documents/ML/end sem project/RIM-ONE_DL_images\RIM-ONE_DL_images\partitioned_by_hospital\test_set\normal\r1_Im136.png,C:/Users/TRIPU/.gemini/antigravity/scratch/glaucoma_detection\data\processed\RIM-ONE\normal\RIMONE_r1_Im136.png,external_test,-1,r1,partitioned_by_hospital/test_set,False,0.486326737212152,15.13716652320129,1770.9629066425216,4416.922238790023,0.35812938456632654,0.013983437469165682,107.54647913680505,0.006590267056572532,54.27684427718627,0.2354541367357468,1405.8042485812418
RIMONE_r1_Im137,RIM-ONE,RIMONE_r1_Im137,0,Normal,C:/Users/TRIPU/OneDrive/Documents/ML/end sem project/RIM-ONE_DL_images\RIM-ONE_DL_images\partitioned_by_hospital\test_set\normal\r1_Im137.png,C:/Users/TRIPU/.gemini/antigravity/scratch/glaucoma_detection\data\processed\RIM-ONE\normal\RIMONE_r1_Im137.png,external_test,-1,r1,partitioned_by_hospital/test_set,False,0.5350648676669032,12.782366871294434,1871.9162286696646,5590.774720349979,0.39260303730867346,0.015116689030901947,121.5111651628461,0.0075162050260700166,71.04926293315145,0.22888741415243505,1156.2117219181255
RIMONE_r1_Im138,RIM-ONE,RIMONE_r1_Im138,0,Normal,C:/Users/TRIPU/OneDrive/Documents/ML/end sem project/RIM-ONE_DL_images\RIM-ONE_DL_images\partitioned_by_hospital\test_set\normal\r1_Im138.png,C:/Users/TRIPU/.gemini/antigravity/scratch/glaucoma_detection\data\processed\RIM-ONE\normal\RIMONE_r1_Im138.png,external_test,-1,r1,partitioned_by_hospital/test_set,False,0.5483057262956706,11.551099236619109,1880.814057104535,6121.271301487076,0.41073919802295916,0.012995178494585641,137.28976007023607,0.006703477471527977,80.34280715081249,0.17757051264979345,1250.899443280878
RIMONE_r1_Im142,RIM-ONE,RIMONE_r1_Im142,0,Normal,C:/Users/TRIPU/OneDrive/Documents/ML/end sem project/RIM-ONE_DL_images\RIM-ONE_DL_images\partitioned_by_hospital\test_set\normal\r1_Im142.png,C:/Users/TRIPU/.gemini/antigravity/scratch/glaucoma_detection\data\processed\RIM-ONE\normal\RIMONE_r1_Im142.png,external_test,-1,r1,partitioned_by_hospital/test_set,False,0.5275891827182108,12.222110414273974,1741.4140707375575,5522.188398134166,0.3948551100127551,0.015680188277075412,120.76163693655896,0.0077412563782036665,67.96317813716793,0.22539607639861134,1176.517472035639
RIMONE_r1_Im143,RIM-ONE,RIMONE_r1_Im143,0,Normal,C:/Users/TRIPU/OneDrive/Documents/ML/end sem project/RIM-ONE_DL_images\RIM-ONE_DL_images\partitioned_by_hospital\test_set\normal\r1_Im143.png,C:/Users/TRIPU/.gemini/antigravity/scratch/glaucoma_detection\data\processed\RIM-ONE\normal\RIMONE_r1_Im143.png,external_test,-1,r1,partitioned_by_hospital/test_set,False,0.5025188666376361,13.761001180954807,2058.6286947669614,4850.893136465548,0.37398357780612246,0.017935257302402606,95.45799401665454,0.008744584347008331,49.60073880206049,0.2738205259919481,1103.3510830300327
RIMONE_r1_Im145,RIM-ONE,RIMONE_r1_Im145,0,Normal,C:/Users/TRIPU/OneDrive/Documents/ML/end sem project/RIM-ONE_DL_images\RIM-ONE_DL_images\partitioned_by_hospital\test_set\normal\r1_Im145.png,C:/Users/TRIPU/.gemini/antigravity/scratch/glaucoma_detection\data\processed\RIM-ONE\normal\RIMONE_r1_Im145.png,external_test,-1,r1,partitioned_by_hospital/test_set,False,0.4999221265626266,17.051883350418613,1608.1630417600118,4485.173698738487,0.352165377869898,0.013673804025704756,122.81019190269387,0.006583216328595362,63.056711264188394,0.27826433231150755,1676.9827095229316
RIMONE_r1_Im146,RIM-ONE,RIMONE_r1_Im146,0,Normal,C:/Users/TRIPU/OneDrive/Documents/ML/end sem project/RIM-ONE_DL_images\RIM-ONE_DL_images\partitioned_by_hospital\test_set\normal\r1_Im146.png,C:/Users/TRIPU/.gemini/antigravity/scratch/glaucoma_detection\data\processed\RIM-ONE\normal\RIMONE_r1_Im146.png,external_test,-1,r1,partitioned_by_hospital/test_set,False,0.4631926494019945,18.49095834044435,1413.2219571086855,3806.3676100179227,0.33285335618622447,0.013494885192371756,120.61584559549101,0.006104809257880567,57.184294303311404,0.28751595457564416,1850.4456258140976
RIMONE_r1_Im149,RIM-ONE,RIMONE_r1_Im149,0,Normal,C:/Users/TRIPU/OneDrive/Documents/ML/end sem project/RIM-ONE_DL_images\RIM-ONE_DL_images\partitioned_by_hospital\test_set\normal\r1_Im149.png,C:/Users/TRIPU/.gemini/antigravity/scratch/glaucoma_detection\data\processed\RIM-ONE\normal\RIMONE_r1_Im149.png,external_test,-1,r1,partitioned_by_hospital/test_set,False,0.5427089364594544,11.805027774439747,1643.7800680031498,5924.7598020713285,0.4045659279336734,0.011640052086536958,141.27867822947934,0.005938568188278526,81.41032320262303,0.15758944859622848,1408.9303594331
RIMONE_r1_Im150,RIM-ONE,RIMONE_r1_Im150,0,Normal,C:/Users/TRIPU/OneDrive/Documents/ML/end sem project/RIM-ONE_DL_images\RIM-ONE_DL_images\partitioned_by_hospital\test_set\normal\r1_Im150.png,C:/Users/TRIPU/.gemini/antigravity/scratch/glaucoma_detection\data\processed\RIM-ONE\normal\RIMONE_r1_Im150.png,external_test,-1,r1,partitioned_by_hospital/test_set,False,0.5393810239410948,13.166209227750073,1590.0053741051352,5578.285599423167,0.3895786830357143,0.014254994641381729,120.53923080671126,0.00728165548091946,68.74066179656889,0.2349930508392321,1250.8379048776453
RIMONE_r1_Im151,RIM-ONE,RIMONE_r1_Im151,0,Normal,C:/Users/TRIPU/OneDrive/Documents/ML/end sem project/RIM-ONE_DL_images\RIM-ONE_DL_images\partitioned_by_hospital\test_set\normal\r1_Im151.png,C:/Users/TRIPU/.gemini/antigravity/scratch/glaucoma_detection\data\processed\RIM-ONE\normal\RIMONE_r1_Im151.png,external_test,-1,r1,partitioned_by_hospital/test_set,False,0.5300602722433767,14.504083562521654,1853.6791337470622,5232.999147571494,0.3762157206632653,0.01259986474430104,112.1526596667943,0.0063500157421860805,61.28048984041736,0.20167669706739128,1466.6800266430946
RIMONE_r1_Im152,RIM-ONE,RIMONE_r1_Im152,0,Normal,C:/Users/TRIPU/OneDrive/Documents/ML/end sem project/RIM-ONE_DL_images\RIM-ONE_DL_images\partitioned_by_hospital\test_set\normal\r1_Im152.png,C:/Users/TRIPU/.gemini/antigravity/scratch/glaucoma_detection\data\processed\RIM-ONE\normal\RIMONE_r1_Im152.png,external_test,-1,r1,partitioned_by_hospital/test_set,False,0.4958731080140948,17.165153060593543,1719.3789075850702,4360.221179190862,0.34803491709183676,0.017250838876975892,98.91035748107328,0.008154328017938988,52.133134064320494,0.3537717161151179,1274.2854693926865
RIMONE_r1_Im153,RIM-ONE,RIMONE_r1_Im153,0,Normal,C:/Users/TRIPU/OneDrive/Documents/ML/end sem project/RIM-ONE_DL_images\RIM-ONE_DL_images\partitioned_by_hospital\test_set\normal\r1_Im153.png,C:/Users/TRIPU/.gemini/antigravity/scratch/glaucoma_detection\data\processed\RIM-ONE\normal\RIMONE_r1_Im153.png,external_test,-1,r1,partitioned_by_hospital/test_set,False,0.5183253223402042,12.250193055802372,2430.938844483793,5365.177834325532,0.392578125,0.012756353039860129,100.23172969638995,0.006533430628108365,52.72939940005781,0.16434855851815008,1143.8543431122719
RIMONE_r1_Im154,RIM-ONE,RIMONE_r1_Im154,0,Normal,C:/Users/TRIPU/OneDrive/Documents/ML/end sem project/RIM-ONE_DL_images\RIM-ONE_DL_images\partitioned_by_hospital\test_set\normal\r1_Im154.png,C:/Users/TRIPU/.gemini/antigravity/scratch/glaucoma_detection\data\processed\RIM-ONE\normal\RIMONE_r1_Im154.png,external_test,-1,r1,partitioned_by_hospital/test_set,False,0.5429214310923807,12.729297240485717,1954.611910000182,5814.2978402342105,0.39892578125,0.013104414167971833,114.68606090601996,0.006835797674101007,64.73033688878134,0.2043219467178534,1184.786763995864
RIMONE_r1_Im155,RIM-ONE,RIMONE_r1_Im155,0,Normal,C:/Users/TRIPU/OneDrive/Documents/ML/end sem project/RIM-ONE_DL_images\RIM-ONE_DL_images\partitioned_by_hospital\test_set\normal\r1_Im155.png,C:/Users/TRIPU/.gemini/antigravity/scratch/glaucoma_detection\data\processed\RIM-ONE\normal\RIMONE_r1_Im155.png,external_test,-1,r1,partitioned_by_hospital/test_set,False,0.5029339720167746,15.551127904404064,1890.8259648246421,4607.939547862716,0.3596241230867347,0.010257317932835082,125.33192668040186,0.005010333510185766,64.3836472856687,0.1791735319777807,1773.9573318244088
RIMONE_r1_Im156,RIM-ONE,RIMONE_r1_Im156,0,Normal,C:/Users/TRIPU/OneDrive/Documents/ML/end sem project/RIM-ONE_DL_images\RIM-ONE_DL_images\partitioned_by_hospital\test_set\normal\r1_Im156.png,C:/Users/TRIPU/.gemini/antigravity/scratch/glaucoma_detection\data\processed\RIM-ONE\normal\RIMONE_r1_Im156.png,external_test,-1,r1,partitioned_by_hospital/test_set,False,0.5282084746084217,11.002357887283853,2169.1937520760002,5750.992356777675,0.4072963169642857,0.00705062404645208,171.43645135914852,0.003696651305073663,90.36368474141841,0.07683488225332377,1929.7649440753942
RIMONE_r1_Im159,RIM-ONE,RIMONE_r1_Im159,0,Normal,C:/Users/TRIPU/OneDrive/Documents/ML/end sem project/RIM-ONE_DL_images\RIM-ONE_DL_images\partitioned_by_hospital\test_set\normal\r1_Im159.png,C:/Users/TRIPU/.gemini/antigravity/scratch/glaucoma_detection\data\processed\RIM-ONE\normal\RIMONE_r1_Im159.png,external_test,-1,r1,partitioned_by_hospital/test_set,False,0.45804783796121007,18.507319459174433,2106.051920099053,3679.7580745757487,0.3288424744897959,0.018203070646171587,76.69254075341111,0.008166833932403549,36.18783372072076,0.36480558652172546,1250.7384405494727
RIMONE_r1_Im161,RIM-ONE,RIMONE_r1_Im161,0,Normal,C:/Users/TRIPU/OneDrive/Documents/ML/end sem project/RIM-ONE_DL_images\RIM-ONE_DL_images\partitioned_by_hospital\test_set\normal\r1_Im161.png,C:/Users/TRIPU/.gemini/antigravity/scratch/glaucoma_detection\data\processed\RIM-ONE\normal\RIMONE_r1_Im161.png,external_test,-1,r1,partitioned_by_hospital/test_set,False,0.5164068710040515,13.902333931016921,1717.0091079025983,5045.939623509394,0.37594168526785715,0.00949073690556348,144.93207354306566,0.004736312617840022,76.96815656618332,0.14576742544632484,1845.7550007016807
RIMONE_r1_Im162,RIM-ONE,RIMONE_r1_Im162,0,Normal,C:/Users/TRIPU/OneDrive/Documents/ML/end sem project/RIM-ONE_DL_images\RIM-ONE_DL_images\partitioned_by_hospital\test_set\normal\r1_Im162.png,C:/Users/TRIPU/.gemini/antigravity/scratch/glaucoma_detection\data\processed\RIM-ONE\normal\RIMONE_r1_Im162.png,external_test,-1,r1,partitioned_by_hospital/test_set,False,0.5120410036662604,15.567899022325015,1863.1235022927722,4758.487027271627,0.36186124840561223,0.010989975731204197,122.66290631683711,0.005463821384965498,63.939961604588234,0.18827192213155525,1770.7845180866493
RIMONE_r1_Im163,RIM-ONE,RIMONE_r1_Im163,0,Normal,C:/Users/TRIPU/OneDrive/Documents/ML/end sem project/RIM-ONE_DL_images\RIM-ONE_DL_images\partitioned_by_hospital\test_set\normal\r1_Im163.png,C:/Users/TRIPU/.gemini/antigravity/scratch/glaucoma_detection\data\processed\RIM-ONE\normal\RIMONE_r1_Im163.png,external_test,-1,r1,partitioned_by_hospital/test_set,False,0.5488809532947009,11.881191348813026,1939.0154125604554,6025.183948525128,0.4055325255102041,0.008635560681068036,156.7870149257146,0.004545640166998793,88.93479526884694,0.11571744367508435,1646.842275250126
RIMONE_r1_Im164,RIM-ONE,RIMONE_r1_Im164,0,Normal,C:/Users/TRIPU/OneDrive/Documents/ML/end sem project/RIM-ONE_DL_images\RIM-ONE_DL_images\partitioned_by_hospital\test_set\normal\r1_Im164.png,C:/Users/TRIPU/.gemini/antigravity/scratch/glaucoma_detection\data\processed\RIM-ONE\normal\RIMONE_r1_Im164.png,external_test,-1,r1,partitioned_by_hospital/test_set,False,0.5152028823474288,14.47315788718498,1786.5876011572773,4956.421157766588,0.3712033641581633,0.010945478489954943,124.03579363100873,0.005454393039868105,65.08528525647876,0.18425077083211303,1613.865463562145
RIMONE_r1_Im165,RIM-ONE,RIMONE_r1_Im165,0,Normal,C:/Users/TRIPU/OneDrive/Documents/ML/end sem project/RIM-ONE_DL_images\RIM-ONE_DL_images\partitioned_by_hospital\test_set\normal\r1_Im165.png,C:/Users/TRIPU/.gemini/antigravity/scratch/glaucoma_detection\data\processed\RIM-ONE\normal\RIMONE_r1_Im165.png,external_test,-1,r1,partitioned_by_hospital/test_set,False,0.5406848146957784,10.756592651999945,1933.2475622542397,6030.658469865697,0.4134944993622449,0.011698630360951413,131.58634488151267,0.006111396242595098,72.73072573343339,0.13705248689083,1307.3338946548872
RIMONE_r1_Im166,RIM-ONE,RIMONE_r1_Im166,0,Normal,C:/Users/TRIPU/OneDrive/Documents/ML/end sem project/RIM-ONE_DL_images\RIM-ONE_DL_images\partitioned_by_hospital\test_set\normal\r1_Im166.png,C:/Users/TRIPU/.gemini/antigravity/scratch/glaucoma_detection\data\processed\RIM-ONE\normal\RIMONE_r1_Im166.png,external_test,-1,r1,partitioned_by_hospital/test_set,False,0.538518441969335,11.916412388157731,1586.2332990638179,5770.244703297964,0.4003457828443877,0.009544226929055972,165.4397387147576,0.004905174191071676,90.5665295809058,0.12713295857090004,1893.7860353930623
RIMONE_r1_Im168,RIM-ONE,RIMONE_r1_Im168,0,Normal,C:/Users/TRIPU/OneDrive/Documents/ML/end sem project/RIM-ONE_DL_images\RIM-ONE_DL_images\partitioned_by_hospital\test_set\normal\r1_Im168.png,C:/Users/TRIPU/.gemini/antigravity/scratch/glaucoma_detection\data\processed\RIM-ONE\normal\RIMONE_r1_Im168.png,external_test,-1,r1,partitioned_by_hospital/test_set,False,0.5284113601672557,12.598798702797898,2333.532149747997,5440.771605006998,0.39041075414540816,0.01063650230536436,130.53735435696908,0.005451077276953966,71.26811470958869,0.14076235579685392,1524.0581438316326
RIMONE_r1_Im169,RIM-ONE,RIMONE_r1_Im169,0,Normal,C:/Users/TRIPU/OneDrive/Documents/ML/end sem project/RIM-ONE_DL_images\RIM-ONE_DL_images\partitioned_by_hospital\test_set\normal\r1_Im169.png,C:/Users/TRIPU/.gemini/antigravity/scratch/glaucoma_detection\data\processed\RIM-ONE\normal\RIMONE_r1_Im169.png,external_test,-1,r1,partitioned_by_hospital/test_set,False,0.5431609326400278,10.630875025853047,2156.65092793192,6142.194996844725,0.4165138711734694,0.007673936580774608,174.97828345791322,0.0040320298606020665,97.93102400287572,0.08362004470187621,1816.0764431471423
RIMONE_r2_Im001,RIM-ONE,RIMONE_r2_Im001,0,Normal,C:/Users/TRIPU/OneDrive/Documents/ML/end sem project/RIM-ONE_DL_images\RIM-ONE_DL_images\partitioned_by_hospital\test_set\normal\r2_Im001.png,C:/Users/TRIPU/.gemini/antigravity/scratch/glaucoma_detection\data\processed\RIM-ONE\normal\RIMONE_r2_Im001.png,external_test,-1,r2,partitioned_by_hospital/test_set,False,0.42239246263535235,27.053674626358067,1168.9409885235195,3091.0908842518247,0.2938207509566327,0.0045735762318025,265.6999013151086,0.0018956887021614904,111.36148899924679,0.11873974407232166,7841.216709085647
RIMONE_r2_Im002,RIM-ONE,RIMONE_r2_Im002,0,Normal,C:/Users/TRIPU/OneDrive/Documents/ML/end sem project/RIM-ONE_DL_images\RIM-ONE_DL_images\partitioned_by_hospital\test_set\normal\r2_Im002.png,C:/Users/TRIPU/.gemini/antigravity/scratch/glaucoma_detection\data\processed\RIM-ONE\normal\RIMONE_r2_Im002.png,external_test,-1,r2,partitioned_by_hospital/test_set,False,0.5028700945283048,15.064681729131014,1476.3327588684856,4979.646969569183,0.372264628507653,0.004012538361905563,298.08610702243163,0.0020026913825981975,147.5029507388701,0.05841859491632386,4810.293398458089
RIMONE_r2_Im003,RIM-ONE,RIMONE_r2_Im003,0,Normal,C:/Users/TRIPU/OneDrive/Documents/ML/end sem project/RIM-ONE_DL_images\RIM-ONE_DL_images\partitioned_by_hospital\test_set\normal\r2_Im003.png,C:/Users/TRIPU/.gemini/antigravity/scratch/glaucoma_detection\data\processed\RIM-ONE\normal\RIMONE_r2_Im003.png,external_test,-1,r2,partitioned_by_hospital/test_set,False,0.490105597013584,16.6720222119701,1386.161293578432,4404.458465372229,0.3511439732142857,0.0036072172719367693,327.0048011700364,0.0017743482201077237,158.7164705598983,0.05731697284065946,5636.826984584241
RIMONE_r2_Im004,RIM-ONE,RIMONE_r2_Im004,0,Normal,C:/Users/TRIPU/OneDrive/Documents/ML/end sem project/RIM-ONE_DL_images\RIM-ONE_DL_images\partitioned_by_hospital\test_set\normal\r2_Im004.png,C:/Users/TRIPU/.gemini/antigravity/scratch/glaucoma_detection\data\processed\RIM-ONE\normal\RIMONE_r2_Im004.png,external_test,-1,r2,partitioned_by_hospital/test_set,False,0.49215090235616,18.930143148821738,1608.843638819187,4336.893414893187,0.3433314732142857,0.00438740648695805,263.87449561738765,0.002124381079093104,129.83153824945248,0.07823956003486952,5375.829480280847
RIMONE_r2_Im005,RIM-ONE,RIMONE_r2_Im005,0,Normal,C:/Users/TRIPU/OneDrive/Documents/ML/end sem project/RIM-ONE_DL_images\RIM-ONE_DL_images\partitioned_by_hospital\test_set\normal\r2_Im005.png,C:/Users/TRIPU/.gemini/antigravity/scratch/glaucoma_detection\data\processed\RIM-ONE\normal\RIMONE_r2_Im005.png,external_test,-1,r2,partitioned_by_hospital/test_set,False,0.46129262090580136,21.154654316761153,1514.0453301964333,3734.5486142381824,0.323306959502551,0.004458388153915145,259.7150983525918,0.00201606710673215,118.74761620951804,0.09039265536554121,5974.093019277946
RIMONE_r2_Im006,RIM-ONE,RIMONE_r2_Im006,0,Normal,C:/Users/TRIPU/OneDrive/Documents/ML/end sem project/RIM-ONE_DL_images\RIM-ONE_DL_images\partitioned_by_hospital\test_set\normal\r2_Im006.png,C:/Users/TRIPU/.gemini/antigravity/scratch/glaucoma_detection\data\processed\RIM-ONE\normal\RIMONE_r2_Im006.png,external_test,-1,r2,partitioned_by_hospital/test_set,False,0.4918259959000766,18.21002857815491,1634.1876557174667,4372.563589947787,0.3450404575892857,0.00387396302706762,292.844034585426,0.0018916674618415497,142.3855993244418,0.06667179322842022,5744.521471698123
RIMONE_r2_Im007,RIM-ONE,RIMONE_r2_Im007,0,Normal,C:/Users/TRIPU/OneDrive/Documents/ML/end sem project/RIM-ONE_DL_images\RIM-ONE_DL_images\partitioned_by_hospital\test_set\normal\r2_Im007.png,C:/Users/TRIPU/.gemini/antigravity/scratch/glaucoma_detection\data\processed\RIM-ONE\normal\RIMONE_r2_Im007.png,external_test,-1,r2,partitioned_by_hospital/test_set,False,0.4655410487222395,22.957737510917923,1459.2087149963036,3583.353738958721,0.31387515943877553,0.003825638848256732,297.45721714139023,0.001788003582821859,135.49466187639922,0.08473590197139907,7100.1005284484745
RIMONE_r2_Im009,RIM-ONE,RIMONE_r2_Im009,0,Normal,C:/Users/TRIPU/OneDrive/Documents/ML/end sem project/RIM-ONE_DL_images\RIM-ONE_DL_images\partitioned_by_hospital\test_set\normal\r2_Im009.png,C:/Users/TRIPU/.gemini/antigravity/scratch/glaucoma_detection\data\processed\RIM-ONE\normal\RIMONE_r2_Im009.png,external_test,-1,r2,partitioned_by_hospital/test_set,False,0.5282300939604635,15.436121561183947,1629.5200208879594,5251.351290741015,0.3738291214923469,0.0030393489207717556,368.89479711174715,0.0016325485512906188,189.02040906220034,0.041988910778262896,6440.921457503677
RIMONE_r2_Im010,RIM-ONE,RIMONE_r2_Im010,0,Normal,C:/Users/TRIPU/OneDrive/Documents/ML/end sem project/RIM-ONE_DL_images\RIM-ONE_DL_images\partitioned_by_hospital\test_set\normal\r2_Im010.png,C:/Users/TRIPU/.gemini/antigravity/scratch/glaucoma_detection\data\processed\RIM-ONE\normal\RIMONE_r2_Im010.png,external_test,-1,r2,partitioned_by_hospital/test_set,False,0.4659040077954232,20.811633019979958,1344.2467739911806,3784.4249886907564,0.32419882015306123,0.0051025690193999395,240.34960205440592,0.0023141547630706094,111.4132745283927,0.10134304682238862,5430.142761410541
RIMONE_r2_Im011,RIM-ONE,RIMONE_r2_Im011,0,Normal,C:/Users/TRIPU/OneDrive/Documents/ML/end sem project/RIM-ONE_DL_images\RIM-ONE_DL_images\partitioned_by_hospital\test_set\normal\r2_Im011.png,C:/Users/TRIPU/.gemini/antigravity/scratch/glaucoma_detection\data\processed\RIM-ONE\normal\RIMONE_r2_Im011.png,external_test,-1,r2,partitioned_by_hospital/test_set,False,0.38387954569059896,28.82478290063343,1230.1639951361988,2540.1734302572113,0.2756248007015306,0.003988295535499124,288.55387957995026,0.0015555315062483004,107.99433565134376,0.11004673866538256,8745.903529474645
RIMONE_r2_Im012,RIM-ONE,RIMONE_r2_Im012,0,Normal,C:/Users/TRIPU/OneDrive/Documents/ML/end sem project/RIM-ONE_DL_images\RIM-ONE_DL_images\partitioned_by_hospital\test_set\normal\r2_Im012.png,C:/Users/TRIPU/.gemini/antigravity/scratch/glaucoma_detection\data\processed\RIM-ONE\normal\RIMONE_r2_Im012.png,external_test,-1,r2,partitioned_by_hospital/test_set,False,0.5034250553925368,16.423608780115234,1644.2562783699423,4648.730892487396,0.3578254544005102,0.0027983128467986155,394.23214768756816,0.0014149461385312577,195.38840781744204,0.04289367536419576,6965.581214755098
RIMONE_r2_Im013,RIM-ONE,RIMONE_r2_Im013,0,Normal,C:/Users/TRIPU/OneDrive/Documents/ML/end sem project/RIM-ONE_DL_images\RIM-ONE_DL_images\partitioned_by_hospital\test_set\normal\r2_Im013.png,C:/Users/TRIPU/.gemini/antigravity/scratch/glaucoma_detection\data\processed\RIM-ONE\normal\RIMONE_r2_Im013.png,external_test,-1,r2,partitioned_by_hospital/test_set,False,0.3929919182113576,26.347775585054695,1439.4553842749879,2722.891398930451,0.28550003985969385,0.0036921615756098742,300.92204209253515,0.001445545905099972,117.09675209990007,0.09598970020974343,8133.423765535168
RIMONE_r2_Im014,RIM-ONE,RIMONE_r2_Im014,0,Normal,C:/Users/TRIPU/OneDrive/Documents/ML/end sem project/RIM-ONE_DL_images\RIM-ONE_DL_images\partitioned_by_hospital\test_set\normal\r2_Im014.png,C:/Users/TRIPU/.gemini/antigravity/scratch/glaucoma_detection\data\processed\RIM-ONE\normal\RIMONE_r2_Im014.png,external_test,-1,r2,partitioned_by_hospital/test_set,False,0.48317574898708154,18.104161743692334,1590.9173250758295,4244.283874307021,0.3430325255102041,0.0035285233486824926,320.2952309884761,0.0017081540869797007,152.96054575771012,0.06085444061165389,6104.45374650758
RIMONE_r2_Im015,RIM-ONE,RIMONE_r2_Im015,0,Normal,C:/Users/TRIPU/OneDrive/Documents/ML/end sem project/RIM-ONE_DL_images\RIM-ONE_DL_images\partitioned_by_hospital\test_set\normal\r2_Im015.png,C:/Users/TRIPU/.gemini/antigravity/scratch/glaucoma_detection\data\processed\RIM-ONE\normal\RIMONE_r2_Im015.png,external_test,-1,r2,partitioned_by_hospital/test_set,False,0.5405343836936265,12.843117812357153,1518.1355981623294,5847.538338717425,0.39811363998724486,0.0031725037902143797,367.44096092871996,0.0017340003649299431,194.54898685636033,0.03709858766652076,5215.002761902444
RIMONE_r2_Im016,RIM-ONE,RIMONE_r2_Im016,0,Normal,C:/Users/TRIPU/OneDrive/Documents/ML/end sem project/RIM-ONE_DL_images\RIM-ONE_DL_images\partitioned_by_hospital\test_set\normal\r2_Im016.png,C:/Users/TRIPU/.gemini/antigravity/scratch/glaucoma_detection\data\processed\RIM-ONE\normal\RIMONE_r2_Im016.png,external_test,-1,r2,partitioned_by_hospital/test_set,False,0.5862057347001319,10.303459682918373,1510.2327623835681,7405.818178594358,0.44106744260204084,0.0035258049393261815,351.64665926173836,0.0020671480346769753,201.79091266076063,0.032572404421388736,4215.08858044596
RIMONE_r2_Im017,RIM-ONE,RIMONE_r2_Im017,0,Normal,C:/Users/TRIPU/OneDrive/Documents/ML/end sem project/RIM-ONE_DL_images\RIM-ONE_DL_images\partitioned_by_hospital\test_set\normal\r2_Im017.png,C:/Users/TRIPU/.gemini/antigravity/scratch/glaucoma_detection\data\processed\RIM-ONE\normal\RIMONE_r2_Im017.png,external_test,-1,r2,partitioned_by_hospital/test_set,False,0.46923902033647946,20.97653380788225,1664.2668400964963,3893.547398332337,0.3284538424744898,0.0033178907766903735,331.28265060793836,0.0015343752540319428,156.05342148864221,0.06780923503564376,7143.081704093551
RIMONE_r2_Im018,RIM-ONE,RIMONE_r2_Im018,0,Normal,C:/Users/TRIPU/OneDrive/Documents/ML/end sem project/RIM-ONE_DL_images\RIM-ONE_DL_images\partitioned_by_hospital\test_set\normal\r2_Im018.png,C:/Users/TRIPU/.gemini/antigravity/scratch/glaucoma_detection\data\processed\RIM-ONE\normal\RIMONE_r2_Im018.png,external_test,-1,r2,partitioned_by_hospital/test_set,False,0.3845891548143258,32.301203050102295,1795.4855974062648,2366.668623836049,0.2642348931760204,0.005164872461383866,212.32916431550368,0.001972586898736791,81.88023347180676,0.1626766268504503,6971.7814436971075
RIMONE_r2_Im019,RIM-ONE,RIMONE_r2_Im019,0,Normal,C:/Users/TRIPU/OneDrive/Documents/ML/end sem project/RIM-ONE_DL_images\RIM-ONE_DL_images\partitioned_by_hospital\test_set\normal\r2_Im019.png,C:/Users/TRIPU/.gemini/antigravity/scratch/glaucoma_detection\data\processed\RIM-ONE\normal\RIMONE_r2_Im019.png,external_test,-1,r2,partitioned_by_hospital/test_set,False,0.48892485067411173,15.064840942397518,1558.6963861196423,4606.921539219114,0.36283282844387754,0.004566511115064087,261.06351190831805,0.0022164255071667836,126.55419992604715,0.06553777768919793,4219.351243008753
RIMONE_r2_Im020,RIM-ONE,RIMONE_r2_Im020,0,Normal,C:/Users/TRIPU/OneDrive/Documents/ML/end sem project/RIM-ONE_DL_images\RIM-ONE_DL_images\partitioned_by_hospital\test_set\normal\r2_Im020.png,C:/Users/TRIPU/.gemini/antigravity/scratch/glaucoma_detection\data\processed\RIM-ONE\normal\RIMONE_r2_Im020.png,external_test,-1,r2,partitioned_by_hospital/test_set,False,0.5301599842353656,12.227959381060876,1718.339208684957,5664.264002945156,0.3979940609056122,0.004837634069934709,247.5139500000808,0.0025609947577567064,129.65571862352385,0.05538239851501088,3305.760184715182
RIMONE_r2_Im021,RIM-ONE,RIMONE_r2_Im021,0,Normal,C:/Users/TRIPU/OneDrive/Documents/ML/end sem project/RIM-ONE_DL_images\RIM-ONE_DL_images\partitioned_by_hospital\test_set\normal\r2_Im021.png,C:/Users/TRIPU/.gemini/antigravity/scratch/glaucoma_detection\data\processed\RIM-ONE\normal\RIMONE_r2_Im021.png,external_test,-1,r2,partitioned_by_hospital/test_set,False,0.5085033836255708,14.375944683554106,1291.5296866873675,4990.587415548189,0.3731714365433674,0.006064774691584541,233.1372297630915,0.0030064786132180626,116.7694521804882,0.08998376485747535,3442.6394840791727
RIMONE_r2_Im022,RIM-ONE,RIMONE_r2_Im022,0,Normal,C:/Users/TRIPU/OneDrive/Documents/ML/end sem project/RIM-ONE_DL_images\RIM-ONE_DL_images\partitioned_by_hospital\test_set\normal\r2_Im022.png,C:/Users/TRIPU/.gemini/antigravity/scratch/glaucoma_detection\data\processed\RIM-ONE\normal\RIMONE_r2_Im022.png,external_test,-1,r2,partitioned_by_hospital/test_set,False,0.5063842949942355,13.459527517278087,1544.7911584889077,5144.775516077705,0.382583306760204,0.0073440068360086765,195.30275940929178,0.0036003946039469287,99.66081138375414,0.10044358035034631,2639.9026944589327
RIMONE_r2_Im023,RIM-ONE,RIMONE_r2_Im023,0,Normal,C:/Users/TRIPU/OneDrive/Documents/ML/end sem project/RIM-ONE_DL_images\RIM-ONE_DL_images\partitioned_by_hospital\test_set\normal\r2_Im023.png,C:/Users/TRIPU/.gemini/antigravity/scratch/glaucoma_detection\data\processed\RIM-ONE\normal\RIMONE_r2_Im023.png,external_test,-1,r2,partitioned_by_hospital/test_set,False,0.5009858170212642,14.318105735767297,1512.6400285308107,4826.114608169719,0.37135782047193877,0.003936309853171928,305.8616768489175,0.0019792597057026362,148.6292279889899,0.05326509945077102,4842.446755834208
RIMONE_r2_Im024,RIM-ONE,RIMONE_r2_Im024,0,Normal,C:/Users/TRIPU/OneDrive/Documents/ML/end sem project/RIM-ONE_DL_images\RIM-ONE_DL_images\partitioned_by_hospital\test_set\normal\r2_Im024.png,C:/Users/TRIPU/.gemini/antigravity/scratch/glaucoma_detection\data\processed\RIM-ONE\normal\RIMONE_r2_Im024.png,external_test,-1,r2,partitioned_by_hospital/test_set,False,0.4862250590298508,16.91833398134669,1408.0438950061684,4429.820700722612,0.35415836256377553,0.003563979786016594,330.21374815608107,0.0017405748839450714,156.41717702971067,0.052522381444134146,6773.917407479423
RIMONE_r2_Im025,RIM-ONE,RIMONE_r2_Im025,0,Normal,C:/Users/TRIPU/OneDrive/Documents/ML/end sem project/RIM-ONE_DL_images\RIM-ONE_DL_images\partitioned_by_hospital\test_set\normal\r2_Im025.png,C:/Users/TRIPU/.gemini/antigravity/scratch/glaucoma_detection\data\processed\RIM-ONE\normal\RIMONE_r2_Im025.png,external_test,-1,r2,partitioned_by_hospital/test_set,False,0.5579728936883843,11.15551416032158,1588.0254370289078,6497.1121215004,0.4204799107142857,0.003695268835887738,324.46696971419715,0.0020897607593808242,176.23341063867946,0.036975078907940016,4082.911711380687
RIMONE_r2_Im026,RIM-ONE,RIMONE_r2_Im026,0,Normal,C:/Users/TRIPU/OneDrive/Documents/ML/end sem project/RIM-ONE_DL_images\RIM-ONE_DL_images\partitioned_by_hospital\test_set\normal\r2_Im026.png,C:/Users/TRIPU/.gemini/antigravity/scratch/glaucoma_detection\data\processed\RIM-ONE\normal\RIMONE_r2_Im026.png,external_test,-1,r2,partitioned_by_hospital/test_set,False,0.5521582512946244,11.93435177934847,1484.4731260887365,6183.211670892862,0.4090551259566326,0.0038690671138110495,317.25928653859876,0.002156082131190778,170.00072733222223,0.041543909094781714,4348.514506558956
RIMONE_r2_Im027,RIM-ONE,RIMONE_r2_Im027,0,Normal,C:/Users/TRIPU/OneDrive/Documents/ML/end sem project/RIM-ONE_DL_images\RIM-ONE_DL_images\partitioned_by_hospital\test_set\normal\r2_Im027.png,C:/Users/TRIPU/.gemini/antigravity/scratch/glaucoma_detection\data\processed\RIM-ONE\normal\RIMONE_r2_Im027.png,external_test,-1,r2,partitioned_by_hospital/test_set,False,0.47516341326018896,16.120701366683736,1667.9108189709884,4287.599284429551,0.35325155452806123,0.004090182239935169,279.72642982354034,0.001983181759236373,129.24781553870233,0.06088616259217103,4904.0944630805025
RIMONE_r2_Im028,RIM-ONE,RIMONE_r2_Im028,0,Normal,C:/Users/TRIPU/OneDrive/Documents/ML/end sem project/RIM-ONE_DL_images\RIM-ONE_DL_images\partitioned_by_hospital\test_set\normal\r2_Im028.png,C:/Users/TRIPU/.gemini/antigravity/scratch/glaucoma_detection\data\processed\RIM-ONE\normal\RIMONE_r2_Im028.png,external_test,-1,r2,partitioned_by_hospital/test_set,False,0.5758886309261702,8.926653285860187,1860.9655857903674,7425.4637367224495,0.45234773596938777,0.00455495469456629,265.8192630996026,0.0026578418931729867,148.90568004530132,0.03793795397096912,2580.2187272174156
RIMONE_r2_Im029,RIM-ONE,RIMONE_r2_Im029,0,Normal,C:/Users/TRIPU/OneDrive/Documents/ML/end sem project/RIM-ONE_DL_images\RIM-ONE_DL_images\partitioned_by_hospital\test_set\normal\r2_Im029.png,C:/Users/TRIPU/.gemini/antigravity/scratch/glaucoma_detection\data\processed\RIM-ONE\normal\RIMONE_r2_Im029.png,external_test,-1,r2,partitioned_by_hospital/test_set,False,0.4211798657017554,24.60739137423035,1509.7727198542877,2986.831431811059,0.29648636798469385,0.009674532341055536,133.94117359612258,0.0038812960128509566,57.97309916892662,0.2749128004485031,2940.0070628338635
RIMONE_r2_Im030,RIM-ONE,RIMONE_r2_Im030,0,Normal,C:/Users/TRIPU/OneDrive/Documents/ML/end sem project/RIM-ONE_DL_images\RIM-ONE_DL_images\partitioned_by_hospital\test_set\normal\r2_Im030.png,C:/Users/TRIPU/.gemini/antigravity/scratch/glaucoma_detection\data\processed\RIM-ONE\normal\RIMONE_r2_Im030.png,external_test,-1,r2,partitioned_by_hospital/test_set,False,0.43305258821638865,24.05476131793601,1816.2822665851224,3159.005913520337,0.3009656010841837,0.0062137900742167745,183.21219056827888,0.002669630189494767,78.5894269407878,0.15171731006829037,4434.9417614219
RIMONE_r2_Im031,RIM-ONE,RIMONE_r2_Im031,0,Normal,C:/Users/TRIPU/OneDrive/Documents/ML/end sem project/RIM-ONE_DL_images\RIM-ONE_DL_images\partitioned_by_hospital\test_set\normal\r2_Im031.png,C:/Users/TRIPU/.gemini/antigravity/scratch/glaucoma_detection\data\processed\RIM-ONE\normal\RIMONE_r2_Im031.png,external_test,-1,r2,partitioned_by_hospital/test_set,False,0.4363419521694244,22.0385435037566,1674.0117373872624,3296.2367963572397,0.3092464524872449,0.007983347825068725,154.85522658419094,0.0033408624807135896,68.78451753318359,0.19237164792593406,3183.6943975988593
RIMONE_r2_Im032,RIM-ONE,RIMONE_r2_Im032,0,Normal,C:/Users/TRIPU/OneDrive/Documents/ML/end sem project/RIM-ONE_DL_images\RIM-ONE_DL_images\partitioned_by_hospital\test_set\normal\r2_Im032.png,C:/Users/TRIPU/.gemini/antigravity/scratch/glaucoma_detection\data\processed\RIM-ONE\normal\RIMONE_r2_Im032.png,external_test,-1,r2,partitioned_by_hospital/test_set,False,0.5184425972529577,15.190644098009685,1388.3791918384713,5038.770677068118,0.3707898198341837,0.0035186155963682804,338.40660211587215,0.0018231694071571569,172.24045622916992,0.04912792249526246,5712.917533868892
RIMONE_r2_Im033,RIM-ONE,RIMONE_r2_Im033,0,Normal,C:/Users/TRIPU/OneDrive/Documents/ML/end sem project/RIM-ONE_DL_images\RIM-ONE_DL_images\partitioned_by_hospital\test_set\normal\r2_Im033.png,C:/Users/TRIPU/.gemini/antigravity/scratch/glaucoma_detection\data\processed\RIM-ONE\normal\RIMONE_r2_Im033.png,external_test,-1,r2,partitioned_by_hospital/test_set,False,0.4651417420232453,17.40948232910991,1402.8958974052853,3932.6693263272937,0.3386678890306123,0.005032745108808382,245.9897655861846,0.0022797205939099514,115.03872296383236,0.08759823341077312,4335.766196808198
RIMONE_r2_Im347,RIM-ONE,RIMONE_r2_Im347,1,Glaucoma,C:/Users/TRIPU/OneDrive/Documents/ML/end sem project/RIM-ONE_DL_images\RIM-ONE_DL_images\partitioned_by_hospital\training_set\glaucoma\r2_Im347.png,C:/Users/TRIPU/.gemini/antigravity/scratch/glaucoma_detection\data\processed\RIM-ONE\glaucoma\RIMONE_r2_Im347.png,external_test,-1,r2,partitioned_by_hospital/training_set,False,0.44714115478610184,34.09928219641546,2942.334245651767,2675.696665328586,0.262760084502551,0.004717627008401638,222.4062378873423,0.002148711876432373,97.63845705497548,0.15716445739075408,7727.285797689079
RIMONE_r2_Im348,RIM-ONE,RIMONE_r2_Im348,1,Glaucoma,C:/Users/TRIPU/OneDrive/Documents/ML/end sem project/RIM-ONE_DL_images\RIM-ONE_DL_images\partitioned_by_hospital\training_set\glaucoma\r2_Im348.png,C:/Users/TRIPU/.gemini/antigravity/scratch/glaucoma_detection\data\processed\RIM-ONE\glaucoma\RIMONE_r2_Im348.png,external_test,-1,r2,partitioned_by_hospital/training_set,False,0.4840425331239959,15.11958860724194,1858.5799467783677,4463.0969679879,0.35983836894132654,0.004325602882811709,262.6803799207136,0.0021153354529391496,124.73137124094245,0.060968787274687054,4333.06056845987
RIMONE_r2_Im351,RIM-ONE,RIMONE_r2_Im351,1,Glaucoma,C:/Users/TRIPU/OneDrive/Documents/ML/end sem project/RIM-ONE_DL_images\RIM-ONE_DL_images\partitioned_by_hospital\training_set\glaucoma\r2_Im351.png,C:/Users/TRIPU/.gemini/antigravity/scratch/glaucoma_detection\data\processed\RIM-ONE\glaucoma\RIMONE_r2_Im351.png,external_test,-1,r2,partitioned_by_hospital/training_set,False,0.4788785927431651,16.66056674930004,1841.2580042183376,4185.869624738847,0.34714803890306123,0.005626648996215058,209.97074558930262,0.0027357489544384468,97.60088891721412,0.09185480189164755,3603.383338997257
RIMONE_r2_Im352,RIM-ONE,RIMONE_r2_Im352,1,Glaucoma,C:/Users/TRIPU/OneDrive/Documents/ML/end sem project/RIM-ONE_DL_images\RIM-ONE_DL_images\partitioned_by_hospital\training_set\glaucoma\r2_Im352.png,C:/Users/TRIPU/.gemini/antigravity/scratch/glaucoma_detection\data\processed\RIM-ONE\glaucoma\RIMONE_r2_Im352.png,external_test,-1,r2,partitioned_by_hospital/training_set,False,0.48224781588214105,15.966843131425064,1559.0641290306098,4371.770853304009,0.35532425860969385,0.0046945891116728766,253.99069370555438,0.0022753796181099045,120.47915962863381,0.07350797484053968,4217.3652257888525
RIMONE_r2_Im354,RIM-ONE,RIMONE_r2_Im354,1,Glaucoma,C:/Users/TRIPU/OneDrive/Documents/ML/end sem project/RIM-ONE_DL_images\RIM-ONE_DL_images\partitioned_by_hospital\training_set\glaucoma\r2_Im354.png,C:/Users/TRIPU/.gemini/antigravity/scratch/glaucoma_detection\data\processed\RIM-ONE\glaucoma\RIMONE_r2_Im354.png,external_test,-1,r2,partitioned_by_hospital/training_set,False,0.5235108698691457,13.042211184652425,1194.421204284648,5399.318733393266,0.38844268176020413,0.007309603317891907,223.587589153635,0.0037064449678205318,115.34213098851312,0.10024624926861903,3056.878326887807
RIMONE_r2_Im355,RIM-ONE,RIMONE_r2_Im355,1,Glaucoma,C:/Users/TRIPU/OneDrive/Documents/ML/end sem project/RIM-ONE_DL_images\RIM-ONE_DL_images\partitioned_by_hospital\training_set\glaucoma\r2_Im355.png,C:/Users/TRIPU/.gemini/antigravity/scratch/glaucoma_detection\data\processed\RIM-ONE\glaucoma\RIMONE_r2_Im355.png,external_test,-1,r2,partitioned_by_hospital/training_set,False,0.5358618633250998,11.767556385337588,1492.0845384844156,5857.153398830495,0.40463069993622447,0.008466384378871818,184.5406254040446,0.004381569592819729,97.90366823231804,0.10712458933542826,2212.4536767931772
RIMONE_r2_Im356,RIM-ONE,RIMONE_r2_Im356,1,Glaucoma,C:/Users/TRIPU/OneDrive/Documents/ML/end sem project/RIM-ONE_DL_images\RIM-ONE_DL_images\partitioned_by_hospital\training_set\glaucoma\r2_Im356.png,C:/Users/TRIPU/.gemini/antigravity/scratch/glaucoma_detection\data\processed\RIM-ONE\glaucoma\RIMONE_r2_Im356.png,external_test,-1,r2,partitioned_by_hospital/training_set,False,0.5091824561797993,14.236853248659443,1352.6404747439315,4968.582084554298,0.37408322704081637,0.003951662066490459,314.0366313870528,0.002038034810733321,155.20119106904184,0.05376116170701886,4749.354239829846
RIMONE_r2_Im357,RIM-ONE,RIMONE_r2_Im357,1,Glaucoma,C:/Users/TRIPU/OneDrive/Documents/ML/end sem project/RIM-ONE_DL_images\RIM-ONE_DL_images\partitioned_by_hospital\training_set\glaucoma\r2_Im357.png,C:/Users/TRIPU/.gemini/antigravity/scratch/glaucoma_detection\data\processed\RIM-ONE\glaucoma\RIMONE_r2_Im357.png,external_test,-1,r2,partitioned_by_hospital/training_set,False,0.448848284861051,19.16551211795399,1425.8889922655476,3556.46313005544,0.32485650510204084,0.003113578373132242,363.3699268739188,0.0014241642056961052,158.85819928101716,0.05661540608005547,7409.644195462083
RIMONE_r2_Im358,RIM-ONE,RIMONE_r2_Im358,1,Glaucoma,C:/Users/TRIPU/OneDrive/Documents/ML/end sem project/RIM-ONE_DL_images\RIM-ONE_DL_images\partitioned_by_hospital\training_set\glaucoma\r2_Im358.png,C:/Users/TRIPU/.gemini/antigravity/scratch/glaucoma_detection\data\processed\RIM-ONE\glaucoma\RIMONE_r2_Im358.png,external_test,-1,r2,partitioned_by_hospital/training_set,False,0.44697710063215107,19.027581375767298,1525.1781100479632,3584.7437316144296,0.32613699776785715,0.00577437525014101,208.9492944743337,0.0026409146723390033,90.89281312817018,0.09980979520445493,4511.260668385626
RIMONE_r2_Im362,RIM-ONE,RIMONE_r2_Im362,1,Glaucoma,C:/Users/TRIPU/OneDrive/Documents/ML/end sem project/RIM-ONE_DL_images\RIM-ONE_DL_images\partitioned_by_hospital\training_set\glaucoma\r2_Im362.png,C:/Users/TRIPU/.gemini/antigravity/scratch/glaucoma_detection\data\processed\RIM-ONE\glaucoma\RIMONE_r2_Im362.png,external_test,-1,r2,partitioned_by_hospital/training_set,False,0.5076774518150813,12.284840155120406,1921.778012791197,5207.543589450067,0.3882633131377551,0.006154273042763578,199.91470203722878,0.0030915319036148403,101.80486749410125,0.07488821305014517,2520.8908076507096
RIMONE_r2_Im365,RIM-ONE,RIMONE_r2_Im365,1,Glaucoma,C:/Users/TRIPU/OneDrive/Documents/ML/end sem project/RIM-ONE_DL_images\RIM-ONE_DL_images\partitioned_by_hospital\training_set\glaucoma\r2_Im365.png,C:/Users/TRIPU/.gemini/antigravity/scratch/glaucoma_detection\data\processed\RIM-ONE\glaucoma\RIMONE_r2_Im365.png,external_test,-1,r2,partitioned_by_hospital/training_set,False,0.5333136498248778,13.528338326205823,1487.7331147731625,5495.398708655297,0.3864795918367347,0.005290946239168753,244.7347378880457,0.0027636277959362603,130.29957875455523,0.0762512349293179,3281.210198362062
RIMONE_r2_Im366,RIM-ONE,RIMONE_r2_Im366,1,Glaucoma,C:/Users/TRIPU/OneDrive/Documents/ML/end sem project/RIM-ONE_DL_images\RIM-ONE_DL_images\partitioned_by_hospital\training_set\glaucoma\r2_Im366.png,C:/Users/TRIPU/.gemini/antigravity/scratch/glaucoma_detection\data\processed\RIM-ONE\glaucoma\RIMONE_r2_Im366.png,external_test,-1,r2,partitioned_by_hospital/training_set,False,0.47877882039537034,17.835072247851013,1406.320464947056,4104.909601883196,0.34200613839285715,0.005717680641071227,226.01958737888336,0.0027452298594106894,106.64638709912269,0.1008419354903817,4313.269228106595
RIMONE_r2_Im369,RIM-ONE,RIMONE_r2_Im369,1,Glaucoma,C:/Users/TRIPU/OneDrive/Documents/ML/end sem project/RIM-ONE_DL_images\RIM-ONE_DL_images\partitioned_by_hospital\training_set\glaucoma\r2_Im369.png,C:/Users/TRIPU/.gemini/antigravity/scratch/glaucoma_detection\data\processed\RIM-ONE\glaucoma\RIMONE_r2_Im369.png,external_test,-1,r2,partitioned_by_hospital/training_set,False,0.3948084677021686,27.22761615386955,1130.5517767998522,2446.1197583402004,0.27450374681122447,0.0042819803886807225,287.8846807081508,0.0017753900330291141,108.4604235295912,0.10540450011658199,8929.289237412095
RIMONE_r2_Im373,RIM-ONE,RIMONE_r2_Im373,1,Glaucoma,C:/Users/TRIPU/OneDrive/Documents/ML/end sem project/RIM-ONE_DL_images\RIM-ONE_DL_images\partitioned_by_hospital\training_set\glaucoma\r2_Im373.png,C:/Users/TRIPU/.gemini/antigravity/scratch/glaucoma_detection\data\processed\RIM-ONE\glaucoma\RIMONE_r2_Im373.png,external_test,-1,r2,partitioned_by_hospital/training_set,False,0.48400063322899833,16.446808896510078,1433.4196307404825,4251.955062729645,0.3490662866709184,0.007414689684498011,189.86040693919463,0.003530909407106076,91.22314427368423,0.12160274937268933,3506.933556216283
RIMONE_r2_Im376,RIM-ONE,RIMONE_r2_Im376,1,Glaucoma,C:/Users/TRIPU/OneDrive/Documents/ML/end sem project/RIM-ONE_DL_images\RIM-ONE_DL_images\partitioned_by_hospital\training_set\glaucoma\r2_Im376.png,C:/Users/TRIPU/.gemini/antigravity/scratch/glaucoma_detection\data\processed\RIM-ONE\glaucoma\RIMONE_r2_Im376.png,external_test,-1,r2,partitioned_by_hospital/training_set,False,0.5682547818470151,9.533059556633754,2023.1703057579193,7080.573984614737,0.44182975924744894,0.004094938897191546,281.79797170746906,0.002332041045317013,157.85660732552958,0.03808043858944995,2822.953416684823
RIMONE_r2_Im377,RIM-ONE,RIMONE_r2_Im377,1,Glaucoma,C:/Users/TRIPU/OneDrive/Documents/ML/end sem project/RIM-ONE_DL_images\RIM-ONE_DL_images\partitioned_by_hospital\training_set\glaucoma\r2_Im377.png,C:/Users/TRIPU/.gemini/antigravity/scratch/glaucoma_detection\data\processed\RIM-ONE\glaucoma\RIMONE_r2_Im377.png,external_test,-1,r2,partitioned_by_hospital/training_set,False,0.4094488594350266,23.51701718149922,1771.4234404555973,2799.524765534412,0.2928441884566326,0.004590890753723611,241.44858537257008,0.0019202457598805965,96.49731662999262,0.10248414048179347,6005.07760487541
RIMONE_r2_Im383,RIM-ONE,RIMONE_r2_Im383,1,Glaucoma,C:/Users/TRIPU/OneDrive/Documents/ML/end sem project/RIM-ONE_DL_images\RIM-ONE_DL_images\partitioned_by_hospital\training_set\glaucoma\r2_Im383.png,C:/Users/TRIPU/.gemini/antigravity/scratch/glaucoma_detection\data\processed\RIM-ONE\glaucoma\RIMONE_r2_Im383.png,external_test,-1,r2,partitioned_by_hospital/training_set,False,0.5706699123681431,9.588636289995392,1637.1309565992083,7071.681525496289,0.44039481026785715,0.004067587348509646,300.52340644393485,0.0023060295265555555,170.56804232134425,0.03872108549583476,2969.060824242585
RIMONE_r2_Im384,RIM-ONE,RIMONE_r2_Im384,1,Glaucoma,C:/Users/TRIPU/OneDrive/Documents/ML/end sem project/RIM-ONE_DL_images\RIM-ONE_DL_images\partitioned_by_hospital\training_set\glaucoma\r2_Im384.png,C:/Users/TRIPU/.gemini/antigravity/scratch/glaucoma_detection\data\processed\RIM-ONE\glaucoma\RIMONE_r2_Im384.png,external_test,-1,r2,partitioned_by_hospital/training_set,False,0.49373451046703387,16.180088586152905,1159.5861302011033,4479.640505119829,0.3554139429209184,0.012572817868541702,159.08985146257606,0.005824995271351715,78.36531731210742,0.26414129489208094,2391.2530764410562
RIMONE_r2_Im385,RIM-ONE,RIMONE_r2_Im385,1,Glaucoma,C:/Users/TRIPU/OneDrive/Documents/ML/end sem project/RIM-ONE_DL_images\RIM-ONE_DL_images\partitioned_by_hospital\training_set\glaucoma\r2_Im385.png,C:/Users/TRIPU/.gemini/antigravity/scratch/glaucoma_detection\data\processed\RIM-ONE\glaucoma\RIMONE_r2_Im385.png,external_test,-1,r2,partitioned_by_hospital/training_set,False,0.5170970012901317,13.340509930846261,1387.7722099468876,5116.9886567157155,0.38008211096938777,0.006096626366718204,224.8660710735357,0.003110808754338967,115.14526943021666,0.08243640056729316,3071.7390921585375
RIMONE_r2_Im387,RIM-ONE,RIMONE_r2_Im387,1,Glaucoma,C:/Users/TRIPU/OneDrive/Documents/ML/end sem project/RIM-ONE_DL_images\RIM-ONE_DL_images\partitioned_by_hospital\training_set\glaucoma\r2_Im387.png,C:/Users/TRIPU/.gemini/antigravity/scratch/glaucoma_detection\data\processed\RIM-ONE\glaucoma\RIMONE_r2_Im387.png,external_test,-1,r2,partitioned_by_hospital/training_set,False,0.4907015680651889,17.109288830082807,1856.9790243124248,4331.21315811614,0.34867267219387754,0.007024884672616862,183.46355710961114,0.003403773529491362,89.9204694153608,0.12841167443808219,3026.9160488493
RIMONE_r2_Im388,RIM-ONE,RIMONE_r2_Im388,1,Glaucoma,C:/Users/TRIPU/OneDrive/Documents/ML/end sem project/RIM-ONE_DL_images\RIM-ONE_DL_images\partitioned_by_hospital\training_set\glaucoma\r2_Im388.png,C:/Users/TRIPU/.gemini/antigravity/scratch/glaucoma_detection\data\processed\RIM-ONE\glaucoma\RIMONE_r2_Im388.png,external_test,-1,r2,partitioned_by_hospital/training_set,False,0.4995985714380896,14.928803061037533,1622.1872925489095,4661.270224323635,0.3640186543367347,0.006422986255746743,205.98583659121059,0.00314691049749336,103.6897516745214,0.09920295167306821,3104.417605959708
RIMONE_r2_Im389,RIM-ONE,RIMONE_r2_Im389,1,Glaucoma,C:/Users/TRIPU/OneDrive/Documents/ML/end sem project/RIM-ONE_DL_images\RIM-ONE_DL_images\partitioned_by_hospital\training_set\glaucoma\r2_Im389.png,C:/Users/TRIPU/.gemini/antigravity/scratch/glaucoma_detection\data\processed\RIM-ONE\glaucoma\RIMONE_r2_Im389.png,external_test,-1,r2,partitioned_by_hospital/training_set,False,0.5060863693816262,16.599658798402608,1434.0540521949567,4669.689822588634,0.35888173628826536,0.006425505854811258,221.54504066534312,0.003256834861490007,107.36076605364786,0.09983730065411718,4241.011563937585
RIMONE_r2_Im390,RIM-ONE,RIMONE_r2_Im390,1,Glaucoma,C:/Users/TRIPU/OneDrive/Documents/ML/end sem project/RIM-ONE_DL_images\RIM-ONE_DL_images\partitioned_by_hospital\training_set\glaucoma\r2_Im390.png,C:/Users/TRIPU/.gemini/antigravity/scratch/glaucoma_detection\data\processed\RIM-ONE\glaucoma\RIMONE_r2_Im390.png,external_test,-1,r2,partitioned_by_hospital/training_set,False,0.5143269481693834,13.999171703765294,1502.844272061175,5106.615723801206,0.378482740752551,0.00929599396977054,166.02560886847766,0.004623308080798907,84.1429575066836,0.137203436232117,2548.3104863977537
RIMONE_r2_Im391,RIM-ONE,RIMONE_r2_Im391,1,Glaucoma,C:/Users/TRIPU/OneDrive/Documents/ML/end sem project/RIM-ONE_DL_images\RIM-ONE_DL_images\partitioned_by_hospital\training_set\glaucoma\r2_Im391.png,C:/Users/TRIPU/.gemini/antigravity/scratch/glaucoma_detection\data\processed\RIM-ONE\glaucoma\RIMONE_r2_Im391.png,external_test,-1,r2,partitioned_by_hospital/training_set,False,0.5239123314757673,12.886083465510644,1488.3139046097501,5346.605641393808,0.3872767857142857,0.005835466550129049,231.97006779092118,0.0030011572184029207,120.99907280435302,0.07510584834123467,3183.1127100720296
RIMONE_r2_Im392,RIM-ONE,RIMONE_r2_Im392,1,Glaucoma,C:/Users/TRIPU/OneDrive/Documents/ML/end sem project/RIM-ONE_DL_images\RIM-ONE_DL_images\partitioned_by_hospital\training_set\glaucoma\r2_Im392.png,C:/Users/TRIPU/.gemini/antigravity/scratch/glaucoma_detection\data\processed\RIM-ONE\glaucoma\RIMONE_r2_Im392.png,external_test,-1,r2,partitioned_by_hospital/training_set,False,0.4884912694212622,17.626690706592242,1392.6727562373483,4302.621970636995,0.3463657924107143,0.004613294717420303,274.89871672354843,0.002234239934119182,134.13880362346023,0.08123851978507918,4992.426783823601
RIMONE_r2_Im393,RIM-ONE,RIMONE_r2_Im393,1,Glaucoma,C:/Users/TRIPU/OneDrive/Documents/ML/end sem project/RIM-ONE_DL_images\RIM-ONE_DL_images\partitioned_by_hospital\training_set\glaucoma\r2_Im393.png,C:/Users/TRIPU/.gemini/antigravity/scratch/glaucoma_detection\data\processed\RIM-ONE\glaucoma\RIMONE_r2_Im393.png,external_test,-1,r2,partitioned_by_hospital/training_set,False,0.42718748502894915,25.832259404928536,1833.6130668829578,2782.0771092541263,0.28459821428571425,0.005260155137414172,215.91664120784463,0.0023046995755364344,89.98760365709866,0.12629451366084735,6136.191796207003
RIMONE_r2_Im398,RIM-ONE,RIMONE_r2_Im398,1,Glaucoma,C:/Users/TRIPU/OneDrive/Documents/ML/end sem project/RIM-ONE_DL_images\RIM-ONE_DL_images\partitioned_by_hospital\training_set\glaucoma\r2_Im398.png,C:/Users/TRIPU/.gemini/antigravity/scratch/glaucoma_detection\data\processed\RIM-ONE\glaucoma\RIMONE_r2_Im398.png,external_test,-1,r2,partitioned_by_hospital/training_set,False,0.4294426367974007,19.095137606732003,1866.2852492554703,3282.7850338790804,0.3173927774234694,0.005399139817623834,207.76914177204833,0.0023454224182906116,88.06114705409189,0.09734585771294019,4230.870543888461
RIMONE_r2_Im399,RIM-ONE,RIMONE_r2_Im399,1,Glaucoma,C:/Users/TRIPU/OneDrive/Documents/ML/end sem project/RIM-ONE_DL_images\RIM-ONE_DL_images\partitioned_by_hospital\training_set\glaucoma\r2_Im399.png,C:/Users/TRIPU/.gemini/antigravity/scratch/glaucoma_detection\data\processed\RIM-ONE\glaucoma\RIMONE_r2_Im399.png,external_test,-1,r2,partitioned_by_hospital/training_set,False,0.4206267795100595,20.233774776785825,1826.9183012417288,3197.351827732837,0.31285375478316324,0.004223716079278142,259.9386494143448,0.0018187570358592562,106.91291363099359,0.07885694480328588,5631.195255782409
RIMONE_r2_Im400,RIM-ONE,RIMONE_r2_Im400,1,Glaucoma,C:/Users/TRIPU/OneDrive/Documents/ML/end sem project/RIM-ONE_DL_images\RIM-ONE_DL_images\partitioned_by_hospital\training_set\glaucoma\r2_Im400.png,C:/Users/TRIPU/.gemini/antigravity/scratch/glaucoma_detection\data\processed\RIM-ONE\glaucoma\RIMONE_r2_Im400.png,external_test,-1,r2,partitioned_by_hospital/training_set,False,0.5097444595561809,14.69986935254901,1294.78409990296,4859.639697118762,0.3690908003826531,0.006956076657266339,211.3054577261138,0.0034910680985976044,106.05994066477744,0.10079162556606372,3401.9123435807883
RIMONE_r2_Im401,RIM-ONE,RIMONE_r2_Im401,1,Glaucoma,C:/Users/TRIPU/OneDrive/Documents/ML/end sem project/RIM-ONE_DL_images\RIM-ONE_DL_images\partitioned_by_hospital\training_set\glaucoma\r2_Im401.png,C:/Users/TRIPU/.gemini/antigravity/scratch/glaucoma_detection\data\processed\RIM-ONE\glaucoma\RIMONE_r2_Im401.png,external_test,-1,r2,partitioned_by_hospital/training_set,False,0.5200617909139813,12.430794220303785,1319.697069721491,5446.899293870916,0.39412268813775514,0.005236717424901579,258.6309521554185,0.0027216507154308287,131.41279842517463,0.05962645588245397,3695.88388501307
RIMONE_r2_Im402,RIM-ONE,RIMONE_r2_Im402,1,Glaucoma,C:/Users/TRIPU/OneDrive/Documents/ML/end sem project/RIM-ONE_DL_images\RIM-ONE_DL_images\partitioned_by_hospital\training_set\glaucoma\r2_Im402.png,C:/Users/TRIPU/.gemini/antigravity/scratch/glaucoma_detection\data\processed\RIM-ONE\glaucoma\RIMONE_r2_Im402.png,external_test,-1,r2,partitioned_by_hospital/training_set,False,0.5519484906734212,9.089444132672106,2619.9874354410285,6606.798169309709,0.43676259566326536,0.007721950877758345,161.80379903070994,0.004240391364038737,89.22051596275192,0.07101041867516282,1487.0094578913681
RIMONE_r2_Im403,RIM-ONE,RIMONE_r2_Im403,1,Glaucoma,C:/Users/TRIPU/OneDrive/Documents/ML/end sem project/RIM-ONE_DL_images\RIM-ONE_DL_images\partitioned_by_hospital\training_set\glaucoma\r2_Im403.png,C:/Users/TRIPU/.gemini/antigravity/scratch/glaucoma_detection\data\processed\RIM-ONE\glaucoma\RIMONE_r2_Im403.png,external_test,-1,r2,partitioned_by_hospital/training_set,False,0.550068698550858,10.868734554168622,1404.3527184167663,6219.900163476961,0.41592095822704084,0.005567199857605675,257.842995970311,0.003033325048715389,139.18274907215007,0.060711695449263206,2890.5865092533263
RIMONE_r2_Im404,RIM-ONE,RIMONE_r2_Im404,1,Glaucoma,C:/Users/TRIPU/OneDrive/Documents/ML/end sem project/RIM-ONE_DL_images\RIM-ONE_DL_images\partitioned_by_hospital\training_set\glaucoma\r2_Im404.png,C:/Users/TRIPU/.gemini/antigravity/scratch/glaucoma_detection\data\processed\RIM-ONE\glaucoma\RIMONE_r2_Im404.png,external_test,-1,r2,partitioned_by_hospital/training_set,False,0.5133565532597845,13.326506219111998,1431.5728008686974,5139.5037351760375,0.3824089205994898,0.01106401652316751,152.67997272837889,0.005430179130161784,79.72473360725478,0.1756202543500303,1804.7018610511657
RIMONE_r2_Im406,RIM-ONE,RIMONE_r2_Im406,1,Glaucoma,C:/Users/TRIPU/OneDrive/Documents/ML/end sem project/RIM-ONE_DL_images\RIM-ONE_DL_images\partitioned_by_hospital\training_set\glaucoma\r2_Im406.png,C:/Users/TRIPU/.gemini/antigravity/scratch/glaucoma_detection\data\processed\RIM-ONE\glaucoma\RIMONE_r2_Im406.png,external_test,-1,r2,partitioned_by_hospital/training_set,False,0.5452476687362408,11.60787409559327,1560.3511451162265,6029.017054484945,0.4084024234693877,0.005506563438601891,234.4761418745027,0.002957528087809612,125.34649680539985,0.06276350964830957,3007.6702022981626
RIMONE_r2_Im407,RIM-ONE,RIMONE_r2_Im407,1,Glaucoma,C:/Users/TRIPU/OneDrive/Documents/ML/end sem project/RIM-ONE_DL_images\RIM-ONE_DL_images\partitioned_by_hospital\training_set\glaucoma\r2_Im407.png,C:/Users/TRIPU/.gemini/antigravity/scratch/glaucoma_detection\data\processed\RIM-ONE\glaucoma\RIMONE_r2_Im407.png,external_test,-1,r2,partitioned_by_hospital/training_set,False,0.46774876814902,17.315670776800403,1718.2069862458447,3995.1397818745677,0.340526347257653,0.0036206411557412658,309.14495570822754,0.0017077473517735668,141.79934385525553,0.06032238742752254,5606.6375811124
RIMONE_r2_Im408,RIM-ONE,RIMONE_r2_Im408,1,Glaucoma,C:/Users/TRIPU/OneDrive/Documents/ML/end sem project/RIM-ONE_DL_images\RIM-ONE_DL_images\partitioned_by_hospital\training_set\glaucoma\r2_Im408.png,C:/Users/TRIPU/.gemini/antigravity/scratch/glaucoma_detection\data\processed\RIM-ONE\glaucoma\RIMONE_r2_Im408.png,external_test,-1,r2,partitioned_by_hospital/training_set,False,0.5243085245839572,12.57811774591708,1761.1223100906502,5476.7934782015145,0.39293686224489793,0.00376842283528382,307.5264315211521,0.002043329457019866,154.5994962560972,0.04163215614832745,4358.363641970796
RIMONE_r2_Im414,RIM-ONE,RIMONE_r2_Im414,1,Glaucoma,C:/Users/TRIPU/OneDrive/Documents/ML/end sem project/RIM-ONE_DL_images\RIM-ONE_DL_images\partitioned_by_hospital\training_set\glaucoma\r2_Im414.png,C:/Users/TRIPU/.gemini/antigravity/scratch/glaucoma_detection\data\processed\RIM-ONE\glaucoma\RIMONE_r2_Im414.png,external_test,-1,r2,partitioned_by_hospital/training_set,False,0.5038242239699678,15.28285059468919,1689.2727303189304,4775.845294273677,0.3663155691964286,0.008005418740611944,161.0785330197441,0.00388876150165361,83.18450400299061,0.13668794225887626,2261.470523182866
RIMONE_r2_Im415,RIM-ONE,RIMONE_r2_Im415,1,Glaucoma,C:/Users/TRIPU/OneDrive/Documents/ML/end sem project/RIM-ONE_DL_images\RIM-ONE_DL_images\partitioned_by_hospital\training_set\glaucoma\r2_Im415.png,C:/Users/TRIPU/.gemini/antigravity/scratch/glaucoma_detection\data\processed\RIM-ONE\glaucoma\RIMONE_r2_Im415.png,external_test,-1,r2,partitioned_by_hospital/training_set,False,0.5180968574434548,12.44762458886498,1706.9930883556704,5359.737890302758,0.39051040338010207,0.004838875917774144,245.56857607866425,0.00252268582389436,124.6461184063088,0.05679848927266207,3279.003079275602
RIMONE_r2_Im416,RIM-ONE,RIMONE_r2_Im416,1,Glaucoma,C:/Users/TRIPU/OneDrive/Documents/ML/end sem project/RIM-ONE_DL_images\RIM-ONE_DL_images\partitioned_by_hospital\training_set\glaucoma\r2_Im416.png,C:/Users/TRIPU/.gemini/antigravity/scratch/glaucoma_detection\data\processed\RIM-ONE\glaucoma\RIMONE_r2_Im416.png,external_test,-1,r2,partitioned_by_hospital/training_set,False,0.5259419416009051,11.9470825446018,1510.0404193310897,5567.473265194991,0.3974559550382653,0.005438904234017579,236.00975393248973,0.002891636418319044,120.18493504328873,0.06252313981121727,3108.658637057838
RIMONE_r2_Im418,RIM-ONE,RIMONE_r2_Im418,1,Glaucoma,C:/Users/TRIPU/OneDrive/Documents/ML/end sem project/RIM-ONE_DL_images\RIM-ONE_DL_images\partitioned_by_hospital\training_set\glaucoma\r2_Im418.png,C:/Users/TRIPU/.gemini/antigravity/scratch/glaucoma_detection\data\processed\RIM-ONE\glaucoma\RIMONE_r2_Im418.png,external_test,-1,r2,partitioned_by_hospital/training_set,False,0.536464453986695,11.583524681263338,1782.8999961114548,5901.768908402765,0.4071767378826531,0.007455512239290243,181.56408855466566,0.003922718409429498,96.3691554789687,0.08653745630170989,2323.7173717997935
RIMONE_r2_Im419,RIM-ONE,RIMONE_r2_Im419,1,Glaucoma,C:/Users/TRIPU/OneDrive/Documents/ML/end sem project/RIM-ONE_DL_images\RIM-ONE_DL_images\partitioned_by_hospital\training_set\glaucoma\r2_Im419.png,C:/Users/TRIPU/.gemini/antigravity/scratch/glaucoma_detection\data\processed\RIM-ONE\glaucoma\RIMONE_r2_Im419.png,external_test,-1,r2,partitioned_by_hospital/training_set,False,0.54897663100019,12.050135313590806,2066.642356769097,6037.878283477057,0.4054827008928571,0.003378688997283232,350.63216305108915,0.00191543662841571,184.65739197448255,0.03621271403802026,4697.141939472832
RIMONE_r2_Im420,RIM-ONE,RIMONE_r2_Im420,1,Glaucoma,C:/Users/TRIPU/OneDrive/Documents/ML/end sem project/RIM-ONE_DL_images\RIM-ONE_DL_images\partitioned_by_hospital\training_set\glaucoma\r2_Im420.png,C:/Users/TRIPU/.gemini/antigravity/scratch/glaucoma_detection\data\processed\RIM-ONE\glaucoma\RIMONE_r2_Im420.png,external_test,-1,r2,partitioned_by_hospital/training_set,False,0.516875803997685,12.556869722322558,1822.3901416272192,5359.523380883615,0.39081433354591844,0.005084421700597058,232.23517976651277,0.002624870092135999,118.8478938310103,0.06261628863601974,3020.7575711839045
RIMONE_r2_Im421,RIM-ONE,RIMONE_r2_Im421,1,Glaucoma,C:/Users/TRIPU/OneDrive/Documents/ML/end sem project/RIM-ONE_DL_images\RIM-ONE_DL_images\partitioned_by_hospital\training_set\glaucoma\r2_Im421.png,C:/Users/TRIPU/.gemini/antigravity/scratch/glaucoma_detection\data\processed\RIM-ONE\glaucoma\RIMONE_r2_Im421.png,external_test,-1,r2,partitioned_by_hospital/training_set,False,0.5456657898204441,11.473236184817058,1839.957022931218,6044.854756532173,0.4083376514668367,0.003408726951403414,332.3556848769262,0.0018967449639949179,176.76384551760594,0.03653629655174215,4058.42164768602
RIMONE_r2_Im422,RIM-ONE,RIMONE_r2_Im422,1,Glaucoma,C:/Users/TRIPU/OneDrive/Documents/ML/end sem project/RIM-ONE_DL_images\RIM-ONE_DL_images\partitioned_by_hospital\training_set\glaucoma\r2_Im422.png,C:/Users/TRIPU/.gemini/antigravity/scratch/glaucoma_detection\data\processed\RIM-ONE\glaucoma\RIMONE_r2_Im422.png,external_test,-1,r2,partitioned_by_hospital/training_set,False,0.4751919607092836,20.28272897116652,1359.4506950357825,3860.878235285365,0.3284289301658163,0.004898314488642522,249.07903301140047,0.0023759642646636447,114.72859182765364,0.08544522248183654,6066.14203102727
RIMONE_r2_Im424,RIM-ONE,RIMONE_r2_Im424,1,Glaucoma,C:/Users/TRIPU/OneDrive/Documents/ML/end sem project/RIM-ONE_DL_images\RIM-ONE_DL_images\partitioned_by_hospital\training_set\glaucoma\r2_Im424.png,C:/Users/TRIPU/.gemini/antigravity/scratch/glaucoma_detection\data\processed\RIM-ONE\glaucoma\RIMONE_r2_Im424.png,external_test,-1,r2,partitioned_by_hospital/training_set,False,0.5181635077735525,12.946028115974332,1638.610459308481,5366.591734807162,0.3898377710459184,0.005348251860365535,229.9375566742205,0.002764978996625805,117.64146561356154,0.06604188165066732,3188.4285698464573
RIMONE_r2_Im427,RIM-ONE,RIMONE_r2_Im427,1,Glaucoma,C:/Users/TRIPU/OneDrive/Documents/ML/end sem project/RIM-ONE_DL_images\RIM-ONE_DL_images\partitioned_by_hospital\training_set\glaucoma\r2_Im427.png,C:/Users/TRIPU/.gemini/antigravity/scratch/glaucoma_detection\data\processed\RIM-ONE\glaucoma\RIMONE_r2_Im427.png,external_test,-1,r2,partitioned_by_hospital/training_set,False,0.4813515617955111,13.760540252535288,1996.1126250479929,4551.046318379784,0.3688366948341837,0.004819110630373506,233.49838305485673,0.002341818508773753,110.95612489637648,0.06732405527490164,3237.370131422013
RIMONE_r2_Im428,RIM-ONE,RIMONE_r2_Im428,1,Glaucoma,C:/Users/TRIPU/OneDrive/Documents/ML/end sem project/RIM-ONE_DL_images\RIM-ONE_DL_images\partitioned_by_hospital\training_set\glaucoma\r2_Im428.png,C:/Users/TRIPU/.gemini/antigravity/scratch/glaucoma_detection\data\processed\RIM-ONE\glaucoma\RIMONE_r2_Im428.png,external_test,-1,r2,partitioned_by_hospital/training_set,False,0.5292116176357943,12.02179335989186,1536.122685089968,5574.148816699111,0.39603595344387754,0.006779355762741909,208.71830045009406,0.0035021423717906917,110.29503694898219,0.08112997103397898,2681.471345504004
RIMONE_r2_Im429,RIM-ONE,RIMONE_r2_Im429,1,Glaucoma,C:/Users/TRIPU/OneDrive/Documents/ML/end sem project/RIM-ONE_DL_images\RIM-ONE_DL_images\partitioned_by_hospital\training_set\glaucoma\r2_Im429.png,C:/Users/TRIPU/.gemini/antigravity/scratch/glaucoma_detection\data\processed\RIM-ONE\glaucoma\RIMONE_r2_Im429.png,external_test,-1,r2,partitioned_by_hospital/training_set,False,0.513228009704844,13.545347339809474,1484.0403562082474,5224.281110665789,0.3835648517219388,0.004236373287280073,286.21938709498363,0.00218947579494926,143.33010130576668,0.053138027276458125,4341.149265292132
RIMONE_r2_Im432,RIM-ONE,RIMONE_r2_Im432,1,Glaucoma,C:/Users/TRIPU/OneDrive/Documents/ML/end sem project/RIM-ONE_DL_images\RIM-ONE_DL_images\partitioned_by_hospital\training_set\glaucoma\r2_Im432.png,C:/Users/TRIPU/.gemini/antigravity/scratch/glaucoma_detection\data\processed\RIM-ONE\glaucoma\RIMONE_r2_Im432.png,external_test,-1,r2,partitioned_by_hospital/training_set,False,0.47763208518765254,16.313615437354276,2368.821780064324,4228.110305750228,0.34971400669642855,0.0057070540154241685,195.52768146936347,0.0027442074426945605,91.98309834637263,0.08929115694892471,3374.826537350318
RIMONE_r2_Im433,RIM-ONE,RIMONE_r2_Im433,1,Glaucoma,C:/Users/TRIPU/OneDrive/Documents/ML/end sem project/RIM-ONE_DL_images\RIM-ONE_DL_images\partitioned_by_hospital\training_set\glaucoma\r2_Im433.png,C:/Users/TRIPU/.gemini/antigravity/scratch/glaucoma_detection\data\processed\RIM-ONE\glaucoma\RIMONE_r2_Im433.png,external_test,-1,r2,partitioned_by_hospital/training_set,False,0.39524535079249734,30.48162356830332,1339.1452183838508,2392.7590235592343,0.2673389668367347,0.003043232582455807,360.8348649453151,0.001213103354420082,141.86581377001573,0.08551655199788626,12109.391064307649
RIMONE_r2_Im436,RIM-ONE,RIMONE_r2_Im436,1,Glaucoma,C:/Users/TRIPU/OneDrive/Documents/ML/end sem project/RIM-ONE_DL_images\RIM-ONE_DL_images\partitioned_by_hospital\training_set\glaucoma\r2_Im436.png,C:/Users/TRIPU/.gemini/antigravity/scratch/glaucoma_detection\data\processed\RIM-ONE\glaucoma\RIMONE_r2_Im436.png,external_test,-1,r2,partitioned_by_hospital/training_set,False,0.4989435496519883,14.364379925507393,1812.6332526807123,4740.525169778601,0.3684032206632653,0.0037332178635363705,302.1479330034882,0.0018847542490746825,147.58990741107482,0.05075385388212836,4616.491633184328
RIMONE_r2_Im439,RIM-ONE,RIMONE_r2_Im439,1,Glaucoma,C:/Users/TRIPU/OneDrive/Documents/ML/end sem project/RIM-ONE_DL_images\RIM-ONE_DL_images\partitioned_by_hospital\training_set\glaucoma\r2_Im439.png,C:/Users/TRIPU/.gemini/antigravity/scratch/glaucoma_detection\data\processed\RIM-ONE\glaucoma\RIMONE_r2_Im439.png,external_test,-1,r2,partitioned_by_hospital/training_set,False,0.5826580244872291,11.320246456184085,1223.5960248191998,7077.6669438783865,0.42857641103316324,0.009045140335113607,209.84869000469348,0.004592067697894191,131.52577187310095,0.150099237601482,1707.6365275744922
RIMONE_r2_Im441,RIM-ONE,RIMONE_r2_Im441,1,Glaucoma,C:/Users/TRIPU/OneDrive/Documents/ML/end sem project/RIM-ONE_DL_images\RIM-ONE_DL_images\partitioned_by_hospital\training_set\glaucoma\r2_Im441.png,C:/Users/TRIPU/.gemini/antigravity/scratch/glaucoma_detection\data\processed\RIM-ONE\glaucoma\RIMONE_r2_Im441.png,external_test,-1,r2,partitioned_by_hospital/training_set,False,0.5368296473617612,13.135186182819789,1343.3847774966703,5578.434081639243,0.3898577008928571,0.007143953505760555,207.08299844349233,0.003712681763615213,111.02730951142013,0.09415509036309358,2962.200528838036
RIMONE_r2_Im442,RIM-ONE,RIMONE_r2_Im442,1,Glaucoma,C:/Users/TRIPU/OneDrive/Documents/ML/end sem project/RIM-ONE_DL_images\RIM-ONE_DL_images\partitioned_by_hospital\training_set\glaucoma\r2_Im442.png,C:/Users/TRIPU/.gemini/antigravity/scratch/glaucoma_detection\data\processed\RIM-ONE\glaucoma\RIMONE_r2_Im442.png,external_test,-1,r2,partitioned_by_hospital/training_set,False,0.5140226366516403,14.328372997595949,1461.6484281036137,4967.832409307657,0.372314453125,0.00782687553924213,186.62416851254306,0.00385130589433249,98.1571031217306,0.12303506418130422,2494.3679822372383
RIMONE_r2_Im443,RIM-ONE,RIMONE_r2_Im443,1,Glaucoma,C:/Users/TRIPU/OneDrive/Documents/ML/end sem project/RIM-ONE_DL_images\RIM-ONE_DL_images\partitioned_by_hospital\training_set\glaucoma\r2_Im443.png,C:/Users/TRIPU/.gemini/antigravity/scratch/glaucoma_detection\data\processed\RIM-ONE\glaucoma\RIMONE_r2_Im443.png,external_test,-1,r2,partitioned_by_hospital/training_set,False,0.5132526169936764,14.068570684919079,1657.4938278893956,4996.385511193324,0.37418287627551017,0.008045910574288342,181.33324097053907,0.003969099633042018,94.28515341359302,0.12103262534497285,2534.126033152124
RIMONE_r2_Im444,RIM-ONE,RIMONE_r2_Im444,1,Glaucoma,C:/Users/TRIPU/OneDrive/Documents/ML/end sem project/RIM-ONE_DL_images\RIM-ONE_DL_images\partitioned_by_hospital\training_set\glaucoma\r2_Im444.png,C:/Users/TRIPU/.gemini/antigravity/scratch/glaucoma_detection\data\processed\RIM-ONE\glaucoma\RIMONE_r2_Im444.png,external_test,-1,r2,partitioned_by_hospital/training_set,False,0.4870596770360793,15.954954724751836,1249.9262823657796,4392.2243603706065,0.3539192044005102,0.006465398835969217,220.007783917396,0.0030782738955726675,106.26957778067518,0.1107343268338018,3541.5694946098124
RIMONE_r2_Im445,RIM-ONE,RIMONE_r2_Im445,1,Glaucoma,C:/Users/TRIPU/OneDrive/Documents/ML/end sem project/RIM-ONE_DL_images\RIM-ONE_DL_images\partitioned_by_hospital\training_set\glaucoma\r2_Im445.png,C:/Users/TRIPU/.gemini/antigravity/scratch/glaucoma_detection\data\processed\RIM-ONE\glaucoma\RIMONE_r2_Im445.png,external_test,-1,r2,partitioned_by_hospital/training_set,False,0.547089446200882,12.17114922826454,1529.3532851737298,5969.537529016242,0.4024832589285714,0.004346047571406771,291.9691626046255,0.002334516879160448,159.04152898368812,0.053974195753954735,3654.8386825424423
RIMONE_r2_Im448,RIM-ONE,RIMONE_r2_Im448,1,Glaucoma,C:/Users/TRIPU/OneDrive/Documents/ML/end sem project/RIM-ONE_DL_images\RIM-ONE_DL_images\partitioned_by_hospital\training_set\glaucoma\r2_Im448.png,C:/Users/TRIPU/.gemini/antigravity/scratch/glaucoma_detection\data\processed\RIM-ONE\glaucoma\RIMONE_r2_Im448.png,external_test,-1,r2,partitioned_by_hospital/training_set,False,0.46527724560815503,16.31896782539147,1750.2527453074445,4092.5898828925883,0.34768614477040816,0.005646942436807562,216.82764220752892,0.0026420921015782696,98.64660469126828,0.08994376135280377,3777.353607656253
RIMONE_r2_Im449,RIM-ONE,RIMONE_r2_Im449,1,Glaucoma,C:/Users/TRIPU/OneDrive/Documents/ML/end sem project/RIM-ONE_DL_images\RIM-ONE_DL_images\partitioned_by_hospital\training_set\glaucoma\r2_Im449.png,C:/Users/TRIPU/.gemini/antigravity/scratch/glaucoma_detection\data\processed\RIM-ONE\glaucoma\RIMONE_r2_Im449.png,external_test,-1,r2,partitioned_by_hospital/training_set,False,0.4631909290533622,16.578739904712442,1715.4095071816403,4029.558851784187,0.3447813695790817,0.006316078363256204,202.6088034315424,0.002927055564399635,92.10751385053047,0.10719287620428425,3395.316252450582
RIMONE_r2_Im450,RIM-ONE,RIMONE_r2_Im450,1,Glaucoma,C:/Users/TRIPU/OneDrive/Documents/ML/end sem project/RIM-ONE_DL_images\RIM-ONE_DL_images\partitioned_by_hospital\training_set\glaucoma\r2_Im450.png,C:/Users/TRIPU/.gemini/antigravity/scratch/glaucoma_detection\data\processed\RIM-ONE\glaucoma\RIMONE_r2_Im450.png,external_test,-1,r2,partitioned_by_hospital/training_set,False,0.4323166878198037,20.0540772929195,1604.3938509407883,3298.9885220213105,0.315070950255102,0.0044439688368626325,254.8949965992098,0.0019493710619596931,108.0491786068592,0.08586620598759843,5311.065874040424
RIMONE_r2_Im451,RIM-ONE,RIMONE_r2_Im451,1,Glaucoma,C:/Users/TRIPU/OneDrive/Documents/ML/end sem project/RIM-ONE_DL_images\RIM-ONE_DL_images\partitioned_by_hospital\training_set\glaucoma\r2_Im451.png,C:/Users/TRIPU/.gemini/antigravity/scratch/glaucoma_detection\data\processed\RIM-ONE\glaucoma\RIMONE_r2_Im451.png,external_test,-1,r2,partitioned_by_hospital/training_set,False,0.5226500947591948,16.11704249702448,1233.365876669162,5136.499374825174,0.3695940290178571,0.008368624399614149,209.2523412993865,0.004039205830526223,112.66124241537356,0.172055923895166,2938.9977194517564
RIMONE_r2_Im453,RIM-ONE,RIMONE_r2_Im453,1,Glaucoma,C:/Users/TRIPU/OneDrive/Documents/ML/end sem project/RIM-ONE_DL_images\RIM-ONE_DL_images\partitioned_by_hospital\training_set\glaucoma\r2_Im453.png,C:/Users/TRIPU/.gemini/antigravity/scratch/glaucoma_detection\data\processed\RIM-ONE\glaucoma\RIMONE_r2_Im453.png,external_test,-1,r2,partitioned_by_hospital/training_set,False,0.43956418913569234,19.07873142567606,2484.676131423562,3465.3200928827705,0.322395169005102,0.008090242746390433,140.7824877464237,0.0035665908235039314,61.563199317605736,0.1498104132982448,2725.9235639577014
RIMONE_r2_Im454,RIM-ONE,RIMONE_r2_Im454,1,Glaucoma,C:/Users/TRIPU/OneDrive/Documents/ML/end sem project/RIM-ONE_DL_images\RIM-ONE_DL_images\partitioned_by_hospital\training_set\glaucoma\r2_Im454.png,C:/Users/TRIPU/.gemini/antigravity/scratch/glaucoma_detection\data\processed\RIM-ONE\glaucoma\RIMONE_r2_Im454.png,external_test,-1,r2,partitioned_by_hospital/training_set,False,0.41766545074171146,20.709790477607118,1237.51526731638,3063.9548671825605,0.3071886957908163,0.005773499757392605,220.338707640532,0.002482169672741379,90.240741110839,0.1217966396933474,4482.716759039115
RIMONE_r2_Im455,RIM-ONE,RIMONE_r2_Im455,1,Glaucoma,C:/Users/TRIPU/OneDrive/Documents/ML/end sem project/RIM-ONE_DL_images\RIM-ONE_DL_images\partitioned_by_hospital\training_set\glaucoma\r2_Im455.png,C:/Users/TRIPU/.gemini/antigravity/scratch/glaucoma_detection\data\processed\RIM-ONE\glaucoma\RIMONE_r2_Im455.png,external_test,-1,r2,partitioned_by_hospital/training_set,False,0.39685194395198664,21.189843415831607,1447.2287423491366,2870.8883600943245,0.3017428651147959,0.003955132789690995,286.8017497475865,0.0015981358364633002,111.58345978464868,0.0781864975364726,6611.926273520781
RIMONE_r3_G-1-L_left_half,RIM-ONE,RIMONE_r3_G-1-L_left_half,1,Glaucoma,C:/Users/TRIPU/OneDrive/Documents/ML/end sem project/RIM-ONE_DL_images\RIM-ONE_DL_images\partitioned_by_hospital\training_set\glaucoma\r3_G-1-L_left_half.png,C:/Users/TRIPU/.gemini/antigravity/scratch/glaucoma_detection\data\processed\RIM-ONE\glaucoma\RIMONE_r3_G-1-L_left_half.png,external_test,-1,r3,partitioned_by_hospital/training_set,False,0.5547416069087372,11.317537969460298,1234.6368246016273,6243.472461202389,0.4128368144132653,0.009444887757727583,207.5461164738421,0.004820348027066688,117.61367115408883,0.13399510035058615,2166.7040828373947
RIMONE_r3_G-10-L_left_half,RIM-ONE,RIMONE_r3_G-10-L_left_half,1,Glaucoma,C:/Users/TRIPU/OneDrive/Documents/ML/end sem project/RIM-ONE_DL_images\RIM-ONE_DL_images\partitioned_by_hospital\training_set\glaucoma\r3_G-10-L_left_half.png,C:/Users/TRIPU/.gemini/antigravity/scratch/glaucoma_detection\data\processed\RIM-ONE\glaucoma\RIMONE_r3_G-10-L_left_half.png,external_test,-1,r3,partitioned_by_hospital/training_set,False,0.44684147631289517,28.76721859119234,1868.5207350496244,2924.136838001891,0.2823710538903061,0.03013175140328341,67.33185084585551,0.01316456633174467,31.50050321163706,1.0795130651509695,1328.2531815893904
RIMONE_r3_G-11-R_left_half,RIM-ONE,RIMONE_r3_G-11-R_left_half,1,Glaucoma,C:/Users/TRIPU/OneDrive/Documents/ML/end sem project/RIM-ONE_DL_images\RIM-ONE_DL_images\partitioned_by_hospital\training_set\glaucoma\r3_G-11-R_left_half.png,C:/Users/TRIPU/.gemini/antigravity/scratch/glaucoma_detection\data\processed\RIM-ONE\glaucoma\RIMONE_r3_G-11-R_left_half.png,external_test,-1,r3,partitioned_by_hospital/training_set,False,0.4259227391317187,50.319646679538536,2108.244216832254,2183.135994332488,0.23313436702806123,0.09536465784464415,26.25310735453658,0.042662374206586834,11.320398304712112,5.431097857230062,763.7234384246891
RIMONE_r3_G-12-L_left_half,RIM-ONE,RIMONE_r3_G-12-L_left_half,1,Glaucoma,C:/Users/TRIPU/OneDrive/Documents/ML/end sem project/RIM-ONE_DL_images\RIM-ONE_DL_images\partitioned_by_hospital\training_set\glaucoma\r3_G-12-L_left_half.png,C:/Users/TRIPU/.gemini/antigravity/scratch/glaucoma_detection\data\processed\RIM-ONE\glaucoma\RIMONE_r3_G-12-L_left_half.png,external_test,-1,r3,partitioned_by_hospital/training_set,False,0.5164409508060082,13.703476376316376,1603.8282285015478,5164.605966843032,0.38132274394132654,0.012255660610612083,126.9546485336434,0.0060283670962672856,67.60628947035947,0.21011175767009874,1452.3390338923061
RIMONE_r3_G-13-R_left_half,RIM-ONE,RIMONE_r3_G-13-R_left_half,1,Glaucoma,C:/Users/TRIPU/OneDrive/Documents/ML/end sem project/RIM-ONE_DL_images\RIM-ONE_DL_images\partitioned_by_hospital\training_set\glaucoma\r3_G-13-R_left_half.png,C:/Users/TRIPU/.gemini/antigravity/scratch/glaucoma_detection\data\processed\RIM-ONE\glaucoma\RIMONE_r3_G-13-R_left_half.png,external_test,-1,r3,partitioned_by_hospital/training_set,False,0.4340603374651842,38.1493636826199,1999.6293058227488,2495.3547518450478,0.2550771285076531,0.06378241716737384,36.36015244813251,0.027873308475755407,16.76718471133608,2.9534135901764405,817.6945826106992
RIMONE_r3_G-14-R_left_half,RIM-ONE,RIMONE_r3_G-14-R_left_half,1,Glaucoma,C:/Users/TRIPU/OneDrive/Documents/ML/end sem project/RIM-ONE_DL_images\RIM-ONE_DL_images\partitioned_by_hospital\training_set\glaucoma\r3_G-14-R_left_half.png,C:/Users/TRIPU/.gemini/antigravity/scratch/glaucoma_detection\data\processed\RIM-ONE\glaucoma\RIMONE_r3_G-14-R_left_half.png,external_test,-1,r3,partitioned_by_hospital/training_set,False,0.5331209781661977,17.16819153894851,1471.1592547176265,5046.231747969983,0.36223991549744894,0.011630949944084132,142.04689154924893,0.005826463509295176,77.70897782676795,0.2684372355412655,1820.3583608551264
RIMONE_r3_G-15-L_left_half,RIM-ONE,RIMONE_r3_G-15-L_left_half,1,Glaucoma,C:/Users/TRIPU/OneDrive/Documents/ML/end sem project/RIM-ONE_DL_images\RIM-ONE_DL_images\partitioned_by_hospital\training_set\glaucoma\r3_G-15-L_left_half.png,C:/Users/TRIPU/.gemini/antigravity/scratch/glaucoma_detection\data\processed\RIM-ONE\glaucoma\RIMONE_r3_G-15-L_left_half.png,external_test,-1,r3,partitioned_by_hospital/training_set,False,0.54872816753778,18.586679997672984,1278.5596147698184,5293.2689597744475,0.362369459502551,0.019219646342683406,140.93807589227805,0.009453917834495375,79.60215313400442,0.5227582698624812,1644.9665931307013
RIMONE_r3_G-16-R_left_half,RIM-ONE,RIMONE_r3_G-16-R_left_half,1,Glaucoma,C:/Users/TRIPU/OneDrive/Documents/ML/end sem project/RIM-ONE_DL_images\RIM-ONE_DL_images\partitioned_by_hospital\training_set\glaucoma\r3_G-16-R_left_half.png,C:/Users/TRIPU/.gemini/antigravity/scratch/glaucoma_detection\data\processed\RIM-ONE\glaucoma\RIMONE_r3_G-16-R_left_half.png,external_test,-1,r3,partitioned_by_hospital/training_set,False,0.5749765743980715,13.615391390753192,1219.8811307276515,6375.256300544592,0.40143694196428575,0.014925730431145916,163.65892300322108,0.007503107762016877,98.04429801092277,0.3241242117384672,1591.4076322360497
RIMONE_r3_G-17-L_left_half,RIM-ONE,RIMONE_r3_G-17-L_left_half,1,Glaucoma,C:/Users/TRIPU/OneDrive/Documents/ML/end sem project/RIM-ONE_DL_images\RIM-ONE_DL_images\partitioned_by_hospital\training_set\glaucoma\r3_G-17-L_left_half.png,C:/Users/TRIPU/.gemini/antigravity/scratch/glaucoma_detection\data\processed\RIM-ONE\glaucoma\RIMONE_r3_G-17-L_left_half.png,external_test,-1,r3,partitioned_by_hospital/training_set,False,0.5038701747241938,13.693090058090862,1702.386611130241,4856.605586100005,0.37437719228316324,0.0062910681985000536,198.51611973457776,0.0031647359602042183,98.58615574162087,0.0866533522272707,2801.376035297924
RIMONE_r3_G-18-R_left_half,RIM-ONE,RIMONE_r3_G-18-R_left_half,1,Glaucoma,C:/Users/TRIPU/OneDrive/Documents/ML/end sem project/RIM-ONE_DL_images\RIM-ONE_DL_images\partitioned_by_hospital\training_set\glaucoma\r3_G-18-R_left_half.png,C:/Users/TRIPU/.gemini/antigravity/scratch/glaucoma_detection\data\processed\RIM-ONE\glaucoma\RIMONE_r3_G-18-R_left_half.png,external_test,-1,r3,partitioned_by_hospital/training_set,False,0.5690288974029138,8.768408761327319,1711.0752960716711,7170.045029108998,0.44978176817602045,0.005287480861132464,240.86468129961207,0.002983199817811895,135.79156653187974,0.044830660571211704,2318.821745542976
RIMONE_r3_G-2-R_left_half,RIM-ONE,RIMONE_r3_G-2-R_left_half,1,Glaucoma,C:/Users/TRIPU/OneDrive/Documents/ML/end sem project/RIM-ONE_DL_images\RIM-ONE_DL_images\partitioned_by_hospital\training_set\glaucoma\r3_G-2-R_left_half.png,C:/Users/TRIPU/.gemini/antigravity/scratch/glaucoma_detection\data\processed\RIM-ONE\glaucoma\RIMONE_r3_G-2-R_left_half.png,external_test,-1,r3,partitioned_by_hospital/training_set,False,0.5242702252772435,13.683349914081031,1389.5605489839274,5235.062619173091,0.38082948022959184,0.007063340925333032,203.3453331829909,0.0035601503156238007,108.70969298390287,0.11038039667872485,2617.8254756830593
RIMONE_r3_G-22-L_left_half,RIM-ONE,RIMONE_r3_G-22-L_left_half,1,Glaucoma,C:/Users/TRIPU/OneDrive/Documents/ML/end sem project/RIM-ONE_DL_images\RIM-ONE_DL_images\partitioned_by_hospital\training_set\glaucoma\r3_G-22-L_left_half.png,C:/Users/TRIPU/.gemini/antigravity/scratch/glaucoma_detection\data\processed\RIM-ONE\glaucoma\RIMONE_r3_G-22-L_left_half.png,external_test,-1,r3,partitioned_by_hospital/training_set,False,0.4309532288156568,58.85807719017141,1609.0421024124007,2140.635730722653,0.22549127072704084,0.09264889796163372,30.99722546141014,0.041652924783108766,13.531654806522853,8.293532009464133,982.1338411640334
RIMONE_r3_G-23-R_left_half,RIM-ONE,RIMONE_r3_G-23-R_left_half,1,Glaucoma,C:/Users/TRIPU/OneDrive/Documents/ML/end sem project/RIM-ONE_DL_images\RIM-ONE_DL_images\partitioned_by_hospital\training_set\glaucoma\r3_G-23-R_left_half.png,C:/Users/TRIPU/.gemini/antigravity/scratch/glaucoma_detection\data\processed\RIM-ONE\glaucoma\RIMONE_r3_G-23-R_left_half.png,external_test,-1,r3,partitioned_by_hospital/training_set,False,0.4581355668779787,24.633588464741543,1239.2845879856989,3354.2385553129943,0.305534518494898,0.029178214408286926,93.49541072398364,0.013145949394681578,43.033972256139144,1.0334800600255858,1647.8340819497425
RIMONE_r3_G-25-L_left_half,RIM-ONE,RIMONE_r3_G-25-L_left_half,1,Glaucoma,C:/Users/TRIPU/OneDrive/Documents/ML/end sem project/RIM-ONE_DL_images\RIM-ONE_DL_images\partitioned_by_hospital\training_set\glaucoma\r3_G-25-L_left_half.png,C:/Users/TRIPU/.gemini/antigravity/scratch/glaucoma_detection\data\processed\RIM-ONE\glaucoma\RIMONE_r3_G-25-L_left_half.png,external_test,-1,r3,partitioned_by_hospital/training_set,False,0.48346634707234193,17.800677897812452,1432.7659267613194,4046.0406730942077,0.33866788903061223,0.014220198064494833,114.32241221762638,0.0067243507881880465,55.96779931222693,0.2801229515425887,2001.1005937118762
RIMONE_r3_G-27-R_left_half,RIM-ONE,RIMONE_r3_G-27-R_left_half,1,Glaucoma,C:/Users/TRIPU/OneDrive/Documents/ML/end sem project/RIM-ONE_DL_images\RIM-ONE_DL_images\partitioned_by_hospital\training_set\glaucoma\r3_G-27-R_left_half.png,C:/Users/TRIPU/.gemini/antigravity/scratch/glaucoma_detection\data\processed\RIM-ONE\glaucoma\RIMONE_r3_G-27-R_left_half.png,external_test,-1,r3,partitioned_by_hospital/training_set,False,0.4892842187204517,21.611825172951672,1601.732414966132,3969.43754808395,0.32734773596938777,0.030825181291214226,68.16045110180531,0.014860298660723375,34.13862721323913,0.9252353306867672,993.3474558530232
RIMONE_r3_G-29-R_left_half,RIM-ONE,RIMONE_r3_G-29-R_left_half,1,Glaucoma,C:/Users/TRIPU/OneDrive/Documents/ML/end sem project/RIM-ONE_DL_images\RIM-ONE_DL_images\partitioned_by_hospital\training_set\glaucoma\r3_G-29-R_left_half.png,C:/Users/TRIPU/.gemini/antigravity/scratch/glaucoma_detection\data\processed\RIM-ONE\glaucoma\RIMONE_r3_G-29-R_left_half.png,external_test,-1,r3,partitioned_by_hospital/training_set,False,0.5345776973955164,11.877121666374734,1488.3687667276904,5692.573773529624,0.39987244897959184,0.008498426808834,175.40187488103157,0.004393387936803789,95.07264387682379,0.11750084574259202,1854.0810268715807
RIMONE_r3_G-3-R_left_half,RIM-ONE,RIMONE_r3_G-3-R_left_half,1,Glaucoma,C:/Users/TRIPU/OneDrive/Documents/ML/end sem project/RIM-ONE_DL_images\RIM-ONE_DL_images\partitioned_by_hospital\training_set\glaucoma\r3_G-3-R_left_half.png,C:/Users/TRIPU/.gemini/antigravity/scratch/glaucoma_detection\data\processed\RIM-ONE\glaucoma\RIMONE_r3_G-3-R_left_half.png,external_test,-1,r3,partitioned_by_hospital/training_set,False,0.4366357991372157,37.8185246467924,1735.6210878821223,2673.192001057881,0.26564991230867346,0.0871221532982144,36.0944253974488,0.03887107286515069,16.13986964667084,4.245217608153789,785.6153394806086
RIMONE_r3_G-30-L_left_half,RIM-ONE,RIMONE_r3_G-30-L_left_half,1,Glaucoma,C:/Users/TRIPU/OneDrive/Documents/ML/end sem project/RIM-ONE_DL_images\RIM-ONE_DL_images\partitioned_by_hospital\training_set\glaucoma\r3_G-30-L_left_half.png,C:/Users/TRIPU/.gemini/antigravity/scratch/glaucoma_detection\data\processed\RIM-ONE\glaucoma\RIMONE_r3_G-30-L_left_half.png,external_test,-1,r3,partitioned_by_hospital/training_set,False,0.48287350599633244,19.325165579465274,1615.2713413332817,3968.601291487984,0.33223553093112246,0.017232176825391868,101.56939661262483,0.008081193633558467,50.573872328179505,0.4064696595657851,1505.6207657002212
RIMONE_r3_G-31-R_left_half,RIM-ONE,RIMONE_r3_G-31-R_left_half,1,Glaucoma,C:/Users/TRIPU/OneDrive/Documents/ML/end sem project/RIM-ONE_DL_images\RIM-ONE_DL_images\partitioned_by_hospital\training_set\glaucoma\r3_G-31-R_left_half.png,C:/Users/TRIPU/.gemini/antigravity/scratch/glaucoma_detection\data\processed\RIM-ONE\glaucoma\RIMONE_r3_G-31-R_left_half.png,external_test,-1,r3,partitioned_by_hospital/training_set,False,0.440945074502229,51.07895934510958,1682.078918003498,2485.918480189949,0.24817143654336732,0.07223734231549192,30.674729204869696,0.03296959021237962,14.093282182125066,6.96728643303947,830.8477092687446
RIMONE_r3_G-32-L_left_half,RIM-ONE,RIMONE_r3_G-32-L_left_half,1,Glaucoma,C:/Users/TRIPU/OneDrive/Documents/ML/end sem project/RIM-ONE_DL_images\RIM-ONE_DL_images\partitioned_by_hospital\training_set\glaucoma\r3_G-32-L_left_half.png,C:/Users/TRIPU/.gemini/antigravity/scratch/glaucoma_detection\data\processed\RIM-ONE\glaucoma\RIMONE_r3_G-32-L_left_half.png,external_test,-1,r3,partitioned_by_hospital/training_set,False,0.43886971488058785,80.55554383293969,1549.8264038280786,2080.938407917648,0.21227279974489796,0.07557604061484853,30.140284355034577,0.03574917230886891,13.921782010782625,8.005110364872124,1096.6570961564537
RIMONE_r3_G-33-R_left_half,RIM-ONE,RIMONE_r3_G-33-R_left_half,1,Glaucoma,C:/Users/TRIPU/OneDrive/Documents/ML/end sem project/RIM-ONE_DL_images\RIM-ONE_DL_images\partitioned_by_hospital\training_set\glaucoma\r3_G-33-R_left_half.png,C:/Users/TRIPU/.gemini/antigravity/scratch/glaucoma_detection\data\processed\RIM-ONE\glaucoma\RIMONE_r3_G-33-R_left_half.png,external_test,-1,r3,partitioned_by_hospital/training_set,False,0.556199541367052,9.304350334800601,1812.039109652855,6664.800218059837,0.435302734375,0.007477630556919596,178.54171836110416,0.004173614803734935,97.49109344740815,0.06866858877445248,1694.527212552249
RIMONE_r3_G-34-L_left_half,RIM-ONE,RIMONE_r3_G-34-L_left_half,1,Glaucoma,C:/Users/TRIPU/OneDrive/Documents/ML/end sem project/RIM-ONE_DL_images\RIM-ONE_DL_images\partitioned_by_hospital\training_set\glaucoma\r3_G-34-L_left_half.png,C:/Users/TRIPU/.gemini/antigravity/scratch/glaucoma_detection\data\processed\RIM-ONE\glaucoma\RIMONE_r3_G-34-L_left_half.png,external_test,-1,r3,partitioned_by_hospital/training_set,False,0.4630540293442519,30.067399698564277,1639.5040838077716,3179.8890912081188,0.2900390625,0.022476590204090305,71.56513657711086,0.010487242482382328,33.88649815070555,0.8971145985202889,1459.810811536238
RIMONE_r3_G-35-R_left_half,RIM-ONE,RIMONE_r3_G-35-R_left_half,1,Glaucoma,C:/Users/TRIPU/OneDrive/Documents/ML/end sem project/RIM-ONE_DL_images\RIM-ONE_DL_images\partitioned_by_hospital\training_set\glaucoma\r3_G-35-R_left_half.png,C:/Users/TRIPU/.gemini/antigravity/scratch/glaucoma_detection\data\processed\RIM-ONE\glaucoma\RIMONE_r3_G-35-R_left_half.png,external_test,-1,r3,partitioned_by_hospital/training_set,False,0.5681990801239545,11.261958417258295,1339.9727451317267,6595.16981815958,0.41941366390306123,0.009908905364941399,176.21408812115254,0.005211353107872997,100.02193968102762,0.1540006627309064,1906.4649247680177
RIMONE_r3_G-37-R_left_half,RIM-ONE,RIMONE_r3_G-37-R_left_half,1,Glaucoma,C:/Users/TRIPU/OneDrive/Documents/ML/end sem project/RIM-ONE_DL_images\RIM-ONE_DL_images\partitioned_by_hospital\training_set\glaucoma\r3_G-37-R_left_half.png,C:/Users/TRIPU/.gemini/antigravity/scratch/glaucoma_detection\data\processed\RIM-ONE\glaucoma\RIMONE_r3_G-37-R_left_half.png,external_test,-1,r3,partitioned_by_hospital/training_set,False,0.45875729325595943,24.295734336747117,1582.184540468625,3376.366509850948,0.3075623804209184,0.023428910418370703,73.07533907605689,0.010592238714688215,34.401067852047824,0.8429488940041336,1273.2040195005552
RIMONE_r3_G-38-L_left_half,RIM-ONE,RIMONE_r3_G-38-L_left_half,1,Glaucoma,C:/Users/TRIPU/OneDrive/Documents/ML/end sem project/RIM-ONE_DL_images\RIM-ONE_DL_images\partitioned_by_hospital\training_set\glaucoma\r3_G-38-L_left_half.png,C:/Users/TRIPU/.gemini/antigravity/scratch/glaucoma_detection\data\processed\RIM-ONE\glaucoma\RIMONE_r3_G-38-L_left_half.png,external_test,-1,r3,partitioned_by_hospital/training_set,False,0.5299402095231822,13.277416316735124,1485.818109472412,5447.4414641923395,0.3894142617984694,0.019007257906750997,106.55768832580014,0.009487946436560613,57.94429354775619,0.3580459576716989,1174.851916711397
RIMONE_r3_G-39-L_left_half,RIM-ONE,RIMONE_r3_G-39-L_left_half,1,Glaucoma,C:/Users/TRIPU/OneDrive/Documents/ML/end sem project/RIM-ONE_DL_images\RIM-ONE_DL_images\partitioned_by_hospital\training_set\glaucoma\r3_G-39-L_left_half.png,C:/Users/TRIPU/.gemini/antigravity/scratch/glaucoma_detection\data\processed\RIM-ONE\glaucoma\RIMONE_r3_G-39-L_left_half.png,external_test,-1,r3,partitioned_by_hospital/training_set,False,0.4762245946470161,23.566650805969886,1874.318557774877,3442.809279622802,0.3038105867346939,0.010245677140019047,124.84184470455733,0.005007749798870184,58.38471961797327,0.24188976995116596,2924.623214988495
RIMONE_r3_G-6-L_left_half,RIM-ONE,RIMONE_r3_G-6-L_left_half,1,Glaucoma,C:/Users/TRIPU/OneDrive/Documents/ML/end sem project/RIM-ONE_DL_images\RIM-ONE_DL_images\partitioned_by_hospital\training_set\glaucoma\r3_G-6-L_left_half.png,C:/Users/TRIPU/.gemini/antigravity/scratch/glaucoma_detection\data\processed\RIM-ONE\glaucoma\RIMONE_r3_G-6-L_left_half.png,external_test,-1,r3,partitioned_by_hospital/training_set,False,0.5535537848914243,26.12612364460709,1162.7042982316707,4954.869715767889,0.3362513950892857,0.01407459516683718,177.39401093187516,0.006973129379761444,101.59737100854566,0.6056622442194223,2698.5427407435036
RIMONE_r3_G-8-R_left_half,RIM-ONE,RIMONE_r3_G-8-R_left_half,1,Glaucoma,C:/Users/TRIPU/OneDrive/Documents/ML/end sem project/RIM-ONE_DL_images\RIM-ONE_DL_images\partitioned_by_hospital\training_set\glaucoma\r3_G-8-R_left_half.png,C:/Users/TRIPU/.gemini/antigravity/scratch/glaucoma_detection\data\processed\RIM-ONE\glaucoma\RIMONE_r3_G-8-R_left_half.png,external_test,-1,r3,partitioned_by_hospital/training_set,False,0.6333223234545853,8.39917807996087,1436.3643563202786,9175.436569164976,0.4826709980867347,0.0031331167076624686,412.39245486134405,0.0019756001117461714,255.6353176594959,0.023572527911039566,3991.8965632052323
RIMONE_r3_G-9-R_left_half,RIM-ONE,RIMONE_r3_G-9-R_left_half,1,Glaucoma,C:/Users/TRIPU/OneDrive/Documents/ML/end sem project/RIM-ONE_DL_images\RIM-ONE_DL_images\partitioned_by_hospital\training_set\glaucoma\r3_G-9-R_left_half.png,C:/Users/TRIPU/.gemini/antigravity/scratch/glaucoma_detection\data\processed\RIM-ONE\glaucoma\RIMONE_r3_G-9-R_left_half.png,external_test,-1,r3,partitioned_by_hospital/training_set,False,0.5234731983143832,14.744527759636284,1264.2009000087,5107.31514675315,0.373908840880102,0.013573548283242455,150.93133732392693,0.00662848134960217,82.13372413010973,0.2796375907551336,1643.4429097125178
RIMONE_r3_S-1-L_left_half,RIM-ONE,RIMONE_r3_S-1-L_left_half,1,Glaucoma,C:/Users/TRIPU/OneDrive/Documents/ML/end sem project/RIM-ONE_DL_images\RIM-ONE_DL_images\partitioned_by_hospital\training_set\glaucoma\r3_S-1-L_left_half.png,C:/Users/TRIPU/.gemini/antigravity/scratch/glaucoma_detection\data\processed\RIM-ONE\glaucoma\RIMONE_r3_S-1-L_left_half.png,external_test,-1,r3,partitioned_by_hospital/training_set,False,0.5294832157672269,12.500168285776816,1497.376168637013,5546.112651413792,0.3940878109056122,0.003940078225112358,309.8187689812409,0.0021409449582777775,156.1923379159064,0.043695346697917775,4545.493542466852
RIMONE_r3_S-10-R_left_half,RIM-ONE,RIMONE_r3_S-10-R_left_half,1,Glaucoma,C:/Users/TRIPU/OneDrive/Documents/ML/end sem project/RIM-ONE_DL_images\RIM-ONE_DL_images\partitioned_by_hospital\training_set\glaucoma\r3_S-10-R_left_half.png,C:/Users/TRIPU/.gemini/antigravity/scratch/glaucoma_detection\data\processed\RIM-ONE\glaucoma\RIMONE_r3_S-10-R_left_half.png,external_test,-1,r3,partitioned_by_hospital/training_set,False,0.49022674039293057,29.7862594471764,1851.173600130662,3535.564919732742,0.29582370057397955,0.05371292355533279,58.813958294750734,0.024211631282005368,34.69653070353627,2.230291625932835,762.3622881508455
RIMONE_r3_S-11-L_left_half,RIM-ONE,RIMONE_r3_S-11-L_left_half,1,Glaucoma,C:/Users/TRIPU/OneDrive/Documents/ML/end sem project/RIM-ONE_DL_images\RIM-ONE_DL_images\partitioned_by_hospital\training_set\glaucoma\r3_S-11-L_left_half.png,C:/Users/TRIPU/.gemini/antigravity/scratch/glaucoma_detection\data\processed\RIM-ONE\glaucoma\RIMONE_r3_S-11-L_left_half.png,external_test,-1,r3,partitioned_by_hospital/training_set,False,0.5450328587458669,9.0491552180658,2176.2852581906136,6530.719130918593,0.4364188058035714,0.006543725376314,191.77557531592004,0.0035725086871251097,103.02399077365496,0.06000300922259306,1771.3057284087913
RIMONE_r3_S-12-L_left_half,RIM-ONE,RIMONE_r3_S-12-L_left_half,1,Glaucoma,C:/Users/TRIPU/OneDrive/Documents/ML/end sem project/RIM-ONE_DL_images\RIM-ONE_DL_images\partitioned_by_hospital\training_set\glaucoma\r3_S-12-L_left_half.png,C:/Users/TRIPU/.gemini/antigravity/scratch/glaucoma_detection\data\processed\RIM-ONE\glaucoma\RIMONE_r3_S-12-L_left_half.png,external_test,-1,r3,partitioned_by_hospital/training_set,False,0.45444955546789295,40.14963289528353,1321.8300944959371,2908.9975460875235,0.2710409359056123,0.044130619621191566,75.47404285608576,0.019398652785327493,35.7556268574432,2.9145311811297825,1353.2228189577625
RIMONE_r3_S-13-R_left_half,RIM-ONE,RIMONE_r3_S-13-R_left_half,1,Glaucoma,C:/Users/TRIPU/OneDrive/Documents/ML/end sem project/RIM-ONE_DL_images\RIM-ONE_DL_images\partitioned_by_hospital\training_set\glaucoma\r3_S-13-R_left_half.png,C:/Users/TRIPU/.gemini/antigravity/scratch/glaucoma_detection\data\processed\RIM-ONE\glaucoma\RIMONE_r3_S-13-R_left_half.png,external_test,-1,r3,partitioned_by_hospital/training_set,False,0.5193153111064978,19.942676374324968,1549.8313782218374,4612.800219775528,0.34508031728316324,0.021279728783508048,98.96179597549532,0.010043993765628284,55.618667804758104,0.6565341986947024,1212.6315696767624
RIMONE_r3_S-14-R_left_half,RIM-ONE,RIMONE_r3_S-14-R_left_half,1,Glaucoma,C:/Users/TRIPU/OneDrive/Documents/ML/end sem project/RIM-ONE_DL_images\RIM-ONE_DL_images\partitioned_by_hospital\training_set\glaucoma\r3_S-14-R_left_half.png,C:/Users/TRIPU/.gemini/antigravity/scratch/glaucoma_detection\data\processed\RIM-ONE\glaucoma\RIMONE_r3_S-14-R_left_half.png,external_test,-1,r3,partitioned_by_hospital/training_set,False,0.5155306054439414,11.678931053629931,1737.169381052149,5366.539374633941,0.3954131457270408,0.006353550363865962,197.08336038575865,0.0032352659198094927,101.48849678086998,0.07570926407452362,2321.233274486033
RIMONE_r3_S-18-L_left_half,RIM-ONE,RIMONE_r3_S-18-L_left_half,1,Glaucoma,C:/Users/TRIPU/OneDrive/Documents/ML/end sem project/RIM-ONE_DL_images\RIM-ONE_DL_images\partitioned_by_hospital\training_set\glaucoma\r3_S-18-L_left_half.png,C:/Users/TRIPU/.gemini/antigravity/scratch/glaucoma_detection\data\processed\RIM-ONE\glaucoma\RIMONE_r3_S-18-L_left_half.png,external_test,-1,r3,partitioned_by_hospital/training_set,False,0.5793930479276044,9.47250924885727,1595.958210819578,7262.46929852123,0.44416653380102045,0.00687024581309025,217.83553193202846,0.003865818942852906,125.29176686953836,0.06524471183684341,2305.319194957874
RIMONE_r3_S-19-R_left_half,RIM-ONE,RIMONE_r3_S-19-R_left_half,1,Glaucoma,C:/Users/TRIPU/OneDrive/Documents/ML/end sem project/RIM-ONE_DL_images\RIM-ONE_DL_images\partitioned_by_hospital\training_set\glaucoma\r3_S-19-R_left_half.png,C:/Users/TRIPU/.gemini/antigravity/scratch/glaucoma_detection\data\processed\RIM-ONE\glaucoma\RIMONE_r3_S-19-R_left_half.png,external_test,-1,r3,partitioned_by_hospital/training_set,False,0.5634816788457498,11.883764057019457,1468.682352662068,6383.9679228017085,0.41148656728316324,0.010320035822477626,169.2902300600675,0.005388631439276222,98.75194359267654,0.1627107034598763,1699.2374214178803
RIMONE_r3_S-2-L_left_half,RIM-ONE,RIMONE_r3_S-2-L_left_half,1,Glaucoma,C:/Users/TRIPU/OneDrive/Documents/ML/end sem project/RIM-ONE_DL_images\RIM-ONE_DL_images\partitioned_by_hospital\training_set\glaucoma\r3_S-2-L_left_half.png,C:/Users/TRIPU/.gemini/antigravity/scratch/glaucoma_detection\data\processed\RIM-ONE\glaucoma\RIMONE_r3_S-2-L_left_half.png,external_test,-1,r3,partitioned_by_hospital/training_set,False,0.5720440405189583,8.510113476842148,1672.342822029814,7302.242409321238,0.4534488600127551,0.006730594867677459,208.31624013966388,0.003811335360358761,117.24626253391767,0.05682101986038544,1915.8838192592002
RIMONE_r3_S-20-L_left_half,RIM-ONE,RIMONE_r3_S-20-L_left_half,1,Glaucoma,C:/Users/TRIPU/OneDrive/Documents/ML/end sem project/RIM-ONE_DL_images\RIM-ONE_DL_images\partitioned_by_hospital\training_set\glaucoma\r3_S-20-L_left_half.png,C:/Users/TRIPU/.gemini/antigravity/scratch/glaucoma_detection\data\processed\RIM-ONE\glaucoma\RIMONE_r3_S-20-L_left_half.png,external_test,-1,r3,partitioned_by_hospital/training_set,False,0.49970702316812776,13.478823985282546,1885.2096179555065,4825.856481474182,0.3743423150510204,0.011305555239404264,134.01097155521362,0.005546025669430613,66.69732294622871,0.1650283391861822,1795.6410688512456
RIMONE_r3_S-21-R_left_half,RIM-ONE,RIMONE_r3_S-21-R_left_half,1,Glaucoma,C:/Users/TRIPU/OneDrive/Documents/ML/end sem project/RIM-ONE_DL_images\RIM-ONE_DL_images\partitioned_by_hospital\training_set\glaucoma\r3_S-21-R_left_half.png,C:/Users/TRIPU/.gemini/antigravity/scratch/glaucoma_detection\data\processed\RIM-ONE\glaucoma\RIMONE_r3_S-21-R_left_half.png,external_test,-1,r3,partitioned_by_hospital/training_set,False,0.4823447736375931,20.839003220313582,1813.3711264342119,3864.286526594129,0.32517538265306123,0.0205024960075463,89.16142283631372,0.00974942462528595,45.19901716878224,0.528942940406758,1295.1333703056036
RIMONE_r3_S-25-L_left_half,RIM-ONE,RIMONE_r3_S-25-L_left_half,1,Glaucoma,C:/Users/TRIPU/OneDrive/Documents/ML/end sem project/RIM-ONE_DL_images\RIM-ONE_DL_images\partitioned_by_hospital\training_set\glaucoma\r3_S-25-L_left_half.png,C:/Users/TRIPU/.gemini/antigravity/scratch/glaucoma_detection\data\processed\RIM-ONE\glaucoma\RIMONE_r3_S-25-L_left_half.png,external_test,-1,r3,partitioned_by_hospital/training_set,False,0.48889750698593826,24.575376483345476,1689.9769920912556,3755.9394098785333,0.31205656090561223,0.030650611473550193,78.08279577173721,0.013971942259158631,42.33963639551838,0.9553815683462065,1097.0237030728063
RIMONE_r3_S-26-R_left_half,RIM-ONE,RIMONE_r3_S-26-R_left_half,1,Glaucoma,C:/Users/TRIPU/OneDrive/Documents/ML/end sem project/RIM-ONE_DL_images\RIM-ONE_DL_images\partitioned_by_hospital\training_set\glaucoma\r3_S-26-R_left_half.png,C:/Users/TRIPU/.gemini/antigravity/scratch/glaucoma_detection\data\processed\RIM-ONE\glaucoma\RIMONE_r3_S-26-R_left_half.png,external_test,-1,r3,partitioned_by_hospital/training_set,False,0.494823514942739,25.117042311991437,1569.7444643635852,3937.9460059269227,0.31895228794642855,0.027096623516416084,82.84387693838455,0.012223969171774726,45.09910454901588,1.0305982396583522,1112.3475817913438
RIMONE_r3_S-28-R_left_half,RIM-ONE,RIMONE_r3_S-28-R_left_half,1,Glaucoma,C:/Users/TRIPU/OneDrive/Documents/ML/end sem project/RIM-ONE_DL_images\RIM-ONE_DL_images\partitioned_by_hospital\training_set\glaucoma\r3_S-28-R_left_half.png,C:/Users/TRIPU/.gemini/antigravity/scratch/glaucoma_detection\data\processed\RIM-ONE\glaucoma\RIMONE_r3_S-28-R_left_half.png,external_test,-1,r3,partitioned_by_hospital/training_set,False,0.49845340296041807,17.92161108035011,1297.3515237920024,4359.287753063967,0.34641063456632654,0.01614568828369782,123.13556686763054,0.007743730384132511,62.77455105818767,0.38323484393222795,1773.9462063826968
RIMONE_r3_S-29-R_left_half,RIM-ONE,RIMONE_r3_S-29-R_left_half,1,Glaucoma,C:/Users/TRIPU/OneDrive/Documents/ML/end sem project/RIM-ONE_DL_images\RIM-ONE_DL_images\partitioned_by_hospital\training_set\glaucoma\r3_S-29-R_left_half.png,C:/Users/TRIPU/.gemini/antigravity/scratch/glaucoma_detection\data\processed\RIM-ONE\glaucoma\RIMONE_r3_S-29-R_left_half.png,external_test,-1,r3,partitioned_by_hospital/training_set,False,0.5637836168007369,10.555299070542565,1669.1628283204707,6585.950203746243,0.42380819515306123,0.009848289105665441,176.8649787446825,0.00523577575457003,103.42984245485482,0.121409187101592,1657.8159282721779
RIMONE_r3_S-30-L_left_half,RIM-ONE,RIMONE_r3_S-30-L_left_half,1,Glaucoma,C:/Users/TRIPU/OneDrive/Documents/ML/end sem project/RIM-ONE_DL_images\RIM-ONE_DL_images\partitioned_by_hospital\training_set\glaucoma\r3_S-30-L_left_half.png,C:/Users/TRIPU/.gemini/antigravity/scratch/glaucoma_detection\data\processed\RIM-ONE\glaucoma\RIMONE_r3_S-30-L_left_half.png,external_test,-1,r3,partitioned_by_hospital/training_set,False,0.5916736895223896,8.050896586124155,1932.6503253427677,7923.130607732839,0.46762396364795916,0.007972001801521612,172.38173526119806,0.004594351164317027,102.99199158856875,0.07396244519154702,1272.6274867519521
RIMONE_r3_S-31-L_left_half,RIM-ONE,RIMONE_r3_S-31-L_left_half,1,Glaucoma,C:/Users/TRIPU/OneDrive/Documents/ML/end sem project/RIM-ONE_DL_images\RIM-ONE_DL_images\partitioned_by_hospital\training_set\glaucoma\r3_S-31-L_left_half.png,C:/Users/TRIPU/.gemini/antigravity/scratch/glaucoma_detection\data\processed\RIM-ONE\glaucoma\RIMONE_r3_S-31-L_left_half.png,external_test,-1,r3,partitioned_by_hospital/training_set,False,0.616543809517243,7.182564114797837,1780.145022237953,8962.278484966897,0.4922971141581633,0.005911464330658948,244.7865891199122,0.003626198276515073,148.24578205516718,0.04019915798014871,2046.0107880519356
RIMONE_r3_S-32-L_left_half,RIM-ONE,RIMONE_r3_S-32-L_left_half,1,Glaucoma,C:/Users/TRIPU/OneDrive/Documents/ML/end sem project/RIM-ONE_DL_images\RIM-ONE_DL_images\partitioned_by_hospital\training_set\glaucoma\r3_S-32-L_left_half.png,C:/Users/TRIPU/.gemini/antigravity/scratch/glaucoma_detection\data\processed\RIM-ONE\glaucoma\RIMONE_r3_S-32-L_left_half.png,external_test,-1,r3,partitioned_by_hospital/training_set,False,0.6092600600145591,6.993353305193506,1709.2725567723382,8836.459863076781,0.49294981664540816,0.006268196432750622,235.71824663351998,0.003719110335437873,144.0738515637717,0.045492463998156124,1699.7800826981245
RIMONE_r3_S-33-R_left_half,RIM-ONE,RIMONE_r3_S-33-R_left_half,1,Glaucoma,C:/Users/TRIPU/OneDrive/Documents/ML/end sem project/RIM-ONE_DL_images\RIM-ONE_DL_images\partitioned_by_hospital\training_set\glaucoma\r3_S-33-R_left_half.png,C:/Users/TRIPU/.gemini/antigravity/scratch/glaucoma_detection\data\processed\RIM-ONE\glaucoma\RIMONE_r3_S-33-R_left_half.png,external_test,-1,r3,partitioned_by_hospital/training_set,False,0.5664566410747436,9.154299802513595,1594.0104733463859,7005.96092677312,0.44328463807397955,0.00675158715491842,217.93041324106258,0.0037574375558371053,122.36237720140738,0.06564195385878106,2030.340528337475
RIMONE_r3_S-35-R_left_half,RIM-ONE,RIMONE_r3_S-35-R_left_half,1,Glaucoma,C:/Users/TRIPU/OneDrive/Documents/ML/end sem project/RIM-ONE_DL_images\RIM-ONE_DL_images\partitioned_by_hospital\training_set\glaucoma\r3_S-35-R_left_half.png,C:/Users/TRIPU/.gemini/antigravity/scratch/glaucoma_detection\data\processed\RIM-ONE\glaucoma\RIMONE_r3_S-35-R_left_half.png,external_test,-1,r3,partitioned_by_hospital/training_set,False,0.4907324267289823,16.37851801496024,1749.7499507352643,4330.680730300308,0.35044642857142855,0.010838801253615582,129.60293339745778,0.005157810762351526,65.36873925553621,0.1965844465020603,1869.7423540450204
RIMONE_r3_S-4-L_left_half,RIM-ONE,RIMONE_r3_S-4-L_left_half,1,Glaucoma,C:/Users/TRIPU/OneDrive/Documents/ML/end sem project/RIM-ONE_DL_images\RIM-ONE_DL_images\partitioned_by_hospital\training_set\glaucoma\r3_S-4-L_left_half.png,C:/Users/TRIPU/.gemini/antigravity/scratch/glaucoma_detection\data\processed\RIM-ONE\glaucoma\RIMONE_r3_S-4-L_left_half.png,external_test,-1,r3,partitioned_by_hospital/training_set,False,0.4573299496106135,25.86114442564393,2036.1847210780793,3167.891444509585,0.29444854113520413,0.02488931183630512,66.55216550779622,0.011449688943505086,30.86552938579356,0.7447078385805271,1293.5437248682586
RIMONE_r3_S-6-R_left_half,RIM-ONE,RIMONE_r3_S-6-R_left_half,1,Glaucoma,C:/Users/TRIPU/OneDrive/Documents/ML/end sem project/RIM-ONE_DL_images\RIM-ONE_DL_images\partitioned_by_hospital\training_set\glaucoma\r3_S-6-R_left_half.png,C:/Users/TRIPU/.gemini/antigravity/scratch/glaucoma_detection\data\processed\RIM-ONE\glaucoma\RIMONE_r3_S-6-R_left_half.png,external_test,-1,r3,partitioned_by_hospital/training_set,False,0.42770898796513623,59.6624914609284,2048.78181861569,2071.8960941361674,0.2219188456632653,0.07967416349842502,22.431371571055447,0.03712871370669083,9.592457897712146,5.3128021520431545,900.6579889546947
RIMONE_r3_S-9-L_left_half,RIM-ONE,RIMONE_r3_S-9-L_left_half,1,Glaucoma,C:/Users/TRIPU/OneDrive/Documents/ML/end sem project/RIM-ONE_DL_images\RIM-ONE_DL_images\partitioned_by_hospital\training_set\glaucoma\r3_S-9-L_left_half.png,C:/Users/TRIPU/.gemini/antigravity/scratch/glaucoma_detection\data\processed\RIM-ONE\glaucoma\RIMONE_r3_S-9-L_left_half.png,external_test,-1,r3,partitioned_by_hospital/training_set,False,0.5006141639873103,31.734247629816032,1525.4358438294048,3728.9005886071445,0.29989437181122447,0.05133720178646478,69.17873976600207,0.02311390412900866,41.55211864561497,2.631999124735719,785.3147026659352
RIMONE_r2_Im034,RIM-ONE,RIMONE_r2_Im034,0,Normal,C:/Users/TRIPU/OneDrive/Documents/ML/end sem project/RIM-ONE_DL_images\RIM-ONE_DL_images\partitioned_by_hospital\training_set\normal\r2_Im034.png,C:/Users/TRIPU/.gemini/antigravity/scratch/glaucoma_detection\data\processed\RIM-ONE\normal\RIMONE_r2_Im034.png,external_test,-1,r2,partitioned_by_hospital/training_set,False,0.5557373140599637,10.44075560034445,1867.4818562803666,6523.805310135994,0.4253527582908163,0.004922790156348127,245.92433118352432,0.0027355557653172663,135.17907448479994,0.047426705601781,2843.015721104678
RIMONE_r2_Im036,RIM-ONE,RIMONE_r2_Im036,0,Normal,C:/Users/TRIPU/OneDrive/Documents/ML/end sem project/RIM-ONE_DL_images\RIM-ONE_DL_images\partitioned_by_hospital\training_set\normal\r2_Im036.png,C:/Users/TRIPU/.gemini/antigravity/scratch/glaucoma_detection\data\processed\RIM-ONE\normal\RIMONE_r2_Im036.png,external_test,-1,r2,partitioned_by_hospital/training_set,False,0.5789742362711201,9.2893799968341,1734.5114913247749,7410.784606923513,0.44904934630102045,0.005140832159626119,248.7236435972794,0.0029708790392497806,141.30719656727555,0.043976393953497284,2656.6498200206356
RIMONE_r2_Im038,RIM-ONE,RIMONE_r2_Im038,0,Normal,C:/Users/TRIPU/OneDrive/Documents/ML/end sem project/RIM-ONE_DL_images\RIM-ONE_DL_images\partitioned_by_hospital\training_set\normal\r2_Im038.png,C:/Users/TRIPU/.gemini/antigravity/scratch/glaucoma_detection\data\processed\RIM-ONE\normal\RIMONE_r2_Im038.png,external_test,-1,r2,partitioned_by_hospital/training_set,False,0.6004044678792728,7.754684513541111,1838.045480901453,8331.203542496683,0.47729990433673464,0.004973029566400256,252.68820400700668,0.0030430172038724093,147.00299748042545,0.03470665617147244,2194.94671205717
RIMONE_r2_Im040,RIM-ONE,RIMONE_r2_Im040,0,Normal,C:/Users/TRIPU/OneDrive/Documents/ML/end sem project/RIM-ONE_DL_images\RIM-ONE_DL_images\partitioned_by_hospital\training_set\normal\r2_Im040.png,C:/Users/TRIPU/.gemini/antigravity/scratch/glaucoma_detection\data\processed\RIM-ONE\normal\RIMONE_r2_Im040.png,external_test,-1,r2,partitioned_by_hospital/training_set,False,0.5203843162723171,13.034523660873392,1660.4876017876923,5357.564970437579,0.38845264668367346,0.006098913265432848,207.61183927020636,0.0031746408927210063,105.93544124324431,0.07419845391037999,3026.0895182084864
RIMONE_r2_Im042,RIM-ONE,RIMONE_r2_Im042,0,Normal,C:/Users/TRIPU/OneDrive/Documents/ML/end sem project/RIM-ONE_DL_images\RIM-ONE_DL_images\partitioned_by_hospital\training_set\normal\r2_Im042.png,C:/Users/TRIPU/.gemini/antigravity/scratch/glaucoma_detection\data\processed\RIM-ONE\normal\RIMONE_r2_Im042.png,external_test,-1,r2,partitioned_by_hospital/training_set,False,0.5294613779750631,12.535922488923914,1542.6966440138967,5517.53826304772,0.39328563456632654,0.005713317603316646,233.54229053849392,0.0030474306921123473,119.42001949682594,0.06433841464048405,3484.000842937149
RIMONE_r2_Im044,RIM-ONE,RIMONE_r2_Im044,0,Normal,C:/Users/TRIPU/OneDrive/Documents/ML/end sem project/RIM-ONE_DL_images\RIM-ONE_DL_images\partitioned_by_hospital\training_set\normal\r2_Im044.png,C:/Users/TRIPU/.gemini/antigravity/scratch/glaucoma_detection\data\processed\RIM-ONE\normal\RIMONE_r2_Im044.png,external_test,-1,r2,partitioned_by_hospital/training_set,False,0.5643494960586104,9.586181760852627,2286.0165612020155,6818.68585465806,0.4350486288265306,0.004070888517379717,273.6562058326945,0.0023225648277140384,152.0379198498857,0.03707782323934599,2758.9429093106937
RIMONE_r2_Im046,RIM-ONE,RIMONE_r2_Im046,0,Normal,C:/Users/TRIPU/OneDrive/Documents/ML/end sem project/RIM-ONE_DL_images\RIM-ONE_DL_images\partitioned_by_hospital\training_set\normal\r2_Im046.png,C:/Users/TRIPU/.gemini/antigravity/scratch/glaucoma_detection\data\processed\RIM-ONE\normal\RIMONE_r2_Im046.png,external_test,-1,r2,partitioned_by_hospital/training_set,False,0.5512500664239641,9.824166289183102,2147.1876596731654,6587.037590427204,0.4312071508290816,0.003327512697079171,331.550286034044,0.0018487234341324136,180.46094053448562,0.03145404772247027,3375.1822447003665
RIMONE_r2_Im048,RIM-ONE,RIMONE_r2_Im048,0,Normal,C:/Users/TRIPU/OneDrive/Documents/ML/end sem project/RIM-ONE_DL_images\RIM-ONE_DL_images\partitioned_by_hospital\training_set\normal\r2_Im048.png,C:/Users/TRIPU/.gemini/antigravity/scratch/glaucoma_detection\data\processed\RIM-ONE\normal\RIMONE_r2_Im048.png,external_test,-1,r2,partitioned_by_hospital/training_set,False,0.5130792691466337,13.714255139260956,1834.7244626335423,5081.883297159677,0.3785823899872449,0.0067783501111941405,188.39147123953592,0.003428224297028807,96.32915949803574,0.0869661741569706,2974.5965092497963
RIMONE_r2_Im050,RIM-ONE,RIMONE_r2_Im050,0,Normal,C:/Users/TRIPU/OneDrive/Documents/ML/end sem project/RIM-ONE_DL_images\RIM-ONE_DL_images\partitioned_by_hospital\training_set\normal\r2_Im050.png,C:/Users/TRIPU/.gemini/antigravity/scratch/glaucoma_detection\data\processed\RIM-ONE\normal\RIMONE_r2_Im050.png,external_test,-1,r2,partitioned_by_hospital/training_set,False,0.5652629006937205,9.566095818222438,1764.1115016497256,6897.269087183274,0.43783880739795916,0.004967983910592492,247.95577953535795,0.0028103399435338624,138.3439320725609,0.04496822266469308,2549.333214790996
RIMONE_r2_Im052,RIM-ONE,RIMONE_r2_Im052,0,Normal,C:/Users/TRIPU/OneDrive/Documents/ML/end sem project/RIM-ONE_DL_images\RIM-ONE_DL_images\partitioned_by_hospital\training_set\normal\r2_Im052.png,C:/Users/TRIPU/.gemini/antigravity/scratch/glaucoma_detection\data\processed\RIM-ONE\normal\RIMONE_r2_Im052.png,external_test,-1,r2,partitioned_by_hospital/training_set,False,0.5381663390646938,12.131007238189278,1463.645242056335,5790.037421887315,0.40029595822704084,0.004938520788008521,260.75450727236233,0.002632694779777473,138.87164166151283,0.05473840996507283,3597.809667453953
RIMONE_r2_Im054,RIM-ONE,RIMONE_r2_Im054,0,Normal,C:/Users/TRIPU/OneDrive/Documents/ML/end sem project/RIM-ONE_DL_images\RIM-ONE_DL_images\partitioned_by_hospital\training_set\normal\r2_Im054.png,C:/Users/TRIPU/.gemini/antigravity/scratch/glaucoma_detection\data\processed\RIM-ONE\normal\RIMONE_r2_Im054.png,external_test,-1,r2,partitioned_by_hospital/training_set,False,0.5476376624562744,10.449431864821879,1618.8417373870186,6283.174964883059,0.4201560507015306,0.004976117633493489,258.2786409715202,0.0026813748925784936,140.8929656143854,0.05120213145239275,2864.270977752282
RIMONE_r2_Im056,RIM-ONE,RIMONE_r2_Im056,0,Normal,C:/Users/TRIPU/OneDrive/Documents/ML/end sem project/RIM-ONE_DL_images\RIM-ONE_DL_images\partitioned_by_hospital\training_set\normal\r2_Im056.png,C:/Users/TRIPU/.gemini/antigravity/scratch/glaucoma_detection\data\processed\RIM-ONE\normal\RIMONE_r2_Im056.png,external_test,-1,r2,partitioned_by_hospital/training_set,False,0.5000515934842378,15.172297960242226,1594.7424251122025,4730.123359337002,0.36470623405612246,0.004855361474787397,248.42505535285304,0.002450000450172725,121.43282276855058,0.06883122216037744,4158.385802431941
RIMONE_r2_Im058,RIM-ONE,RIMONE_r2_Im058,0,Normal,C:/Users/TRIPU/OneDrive/Documents/ML/end sem project/RIM-ONE_DL_images\RIM-ONE_DL_images\partitioned_by_hospital\training_set\normal\r2_Im058.png,C:/Users/TRIPU/.gemini/antigravity/scratch/glaucoma_detection\data\processed\RIM-ONE\normal\RIMONE_r2_Im058.png,external_test,-1,r2,partitioned_by_hospital/training_set,False,0.49841619419228683,14.948915995458218,1958.8331661716422,4586.4437071426455,0.3613879145408163,0.004991234526262693,226.77600548805177,0.0025180144883439346,110.76546205927676,0.06919711692001503,3678.032759009906
RIMONE_r2_Im060,RIM-ONE,RIMONE_r2_Im060,0,Normal,C:/Users/TRIPU/OneDrive/Documents/ML/end sem project/RIM-ONE_DL_images\RIM-ONE_DL_images\partitioned_by_hospital\training_set\normal\r2_Im060.png,C:/Users/TRIPU/.gemini/antigravity/scratch/glaucoma_detection\data\processed\RIM-ONE\normal\RIMONE_r2_Im060.png,external_test,-1,r2,partitioned_by_hospital/training_set,False,0.5685654387340437,9.629088596646326,1886.918693233798,6950.596743453017,0.4374402104591837,0.0039561841907349024,296.8611643259695,0.0022686052190200364,165.65595292989994,0.035909728593630674,3057.942308107335
RIMONE_r2_Im062,RIM-ONE,RIMONE_r2_Im062,0,Normal,C:/Users/TRIPU/OneDrive/Documents/ML/end sem project/RIM-ONE_DL_images\RIM-ONE_DL_images\partitioned_by_hospital\training_set\normal\r2_Im062.png,C:/Users/TRIPU/.gemini/antigravity/scratch/glaucoma_detection\data\processed\RIM-ONE\normal\RIMONE_r2_Im062.png,external_test,-1,r2,partitioned_by_hospital/training_set,False,0.5454507292237717,10.59536957722094,1965.2381274672648,6196.380693044875,0.4176498724489796,0.0057916869491790235,209.50090805819323,0.0031334753453525007,113.94738862531239,0.06123730167047049,2295.1329250308363
RIMONE_r2_Im064,RIM-ONE,RIMONE_r2_Im064,0,Normal,C:/Users/TRIPU/OneDrive/Documents/ML/end sem project/RIM-ONE_DL_images\RIM-ONE_DL_images\partitioned_by_hospital\training_set\normal\r2_Im064.png,C:/Users/TRIPU/.gemini/antigravity/scratch/glaucoma_detection\data\processed\RIM-ONE\normal\RIMONE_r2_Im064.png,external_test,-1,r2,partitioned_by_hospital/training_set,False,0.5841356151607692,8.513318899733719,1848.0091642479435,7646.641943292816,0.4591189014668367,0.004604594243884753,265.23519262447735,0.0026913382111771987,152.32881852049687,0.03636985558198225,2521.251790469828
RIMONE_r2_Im066,RIM-ONE,RIMONE_r2_Im066,0,Normal,C:/Users/TRIPU/OneDrive/Documents/ML/end sem project/RIM-ONE_DL_images\RIM-ONE_DL_images\partitioned_by_hospital\training_set\normal\r2_Im066.png,C:/Users/TRIPU/.gemini/antigravity/scratch/glaucoma_detection\data\processed\RIM-ONE\normal\RIMONE_r2_Im066.png,external_test,-1,r2,partitioned_by_hospital/training_set,False,0.493477134947242,13.420055923404007,1849.2557157274832,4786.660207419269,0.3752491230867347,0.006328117971220161,191.59843726156254,0.0031398654830374767,92.96997696025895,0.07907829158507207,2833.7254176806773
RIMONE_r2_Im068,RIM-ONE,RIMONE_r2_Im068,0,Normal,C:/Users/TRIPU/OneDrive/Documents/ML/end sem project/RIM-ONE_DL_images\RIM-ONE_DL_images\partitioned_by_hospital\training_set\normal\r2_Im068.png,C:/Users/TRIPU/.gemini/antigravity/scratch/glaucoma_detection\data\processed\RIM-ONE\normal\RIMONE_r2_Im068.png,external_test,-1,r2,partitioned_by_hospital/training_set,False,0.5526706228705567,9.602224441623417,1965.6500402659221,6612.245614118798,0.4332549426020408,0.006175652402642097,200.6367235814769,0.003397873003591497,109.50872669228347,0.05644449439527628,2130.118608589399
RIMONE_r2_Im070,RIM-ONE,RIMONE_r2_Im070,0,Normal,C:/Users/TRIPU/OneDrive/Documents/ML/end sem project/RIM-ONE_DL_images\RIM-ONE_DL_images\partitioned_by_hospital\training_set\normal\r2_Im070.png,C:/Users/TRIPU/.gemini/antigravity/scratch/glaucoma_detection\data\processed\RIM-ONE\normal\RIMONE_r2_Im070.png,external_test,-1,r2,partitioned_by_hospital/training_set,False,0.571421717722061,9.115367039737082,1895.4374423427425,7150.352640428851,0.44559650031887754,0.00525154842254805,234.21297956653933,0.0029774162852966397,133.3314573451865,0.04593029657710393,2294.790520194897
RIMONE_r2_Im072,RIM-ONE,RIMONE_r2_Im072,0,Normal,C:/Users/TRIPU/OneDrive/Documents/ML/end sem project/RIM-ONE_DL_images\RIM-ONE_DL_images\partitioned_by_hospital\training_set\normal\r2_Im072.png,C:/Users/TRIPU/.gemini/antigravity/scratch/glaucoma_detection\data\processed\RIM-ONE\normal\RIMONE_r2_Im072.png,external_test,-1,r2,partitioned_by_hospital/training_set,False,0.5370329974586491,11.595861338350055,1693.2480730811328,5840.575540447288,0.40381357621173475,0.005614429397168451,223.21004515321735,0.0029829986532169915,118.62610706777302,0.06230793638547994,2814.8615439181253
RIMONE_r2_Im074,RIM-ONE,RIMONE_r2_Im074,0,Normal,C:/Users/TRIPU/OneDrive/Documents/ML/end sem project/RIM-ONE_DL_images\RIM-ONE_DL_images\partitioned_by_hospital\training_set\normal\r2_Im074.png,C:/Users/TRIPU/.gemini/antigravity/scratch/glaucoma_detection\data\processed\RIM-ONE\normal\RIMONE_r2_Im074.png,external_test,-1,r2,partitioned_by_hospital/training_set,False,0.49631188218357003,15.621427376096484,1580.8777435909751,4616.746022248481,0.36048110650510207,0.004055957447446824,285.6742325952488,0.0020547090809770263,137.1456061566584,0.05893293425737977,4899.845500335663
RIMONE_r2_Im076,RIM-ONE,RIMONE_r2_Im076,0,Normal,C:/Users/TRIPU/OneDrive/Documents/ML/end sem project/RIM-ONE_DL_images\RIM-ONE_DL_images\partitioned_by_hospital\training_set\normal\r2_Im076.png,C:/Users/TRIPU/.gemini/antigravity/scratch/glaucoma_detection\data\processed\RIM-ONE\normal\RIMONE_r2_Im076.png,external_test,-1,r2,partitioned_by_hospital/training_set,False,0.5334283643536517,12.753418608010845,1931.8372424463469,5633.623515904327,0.39488002232142855,0.004272669319334587,266.6576384424869,0.0022941494345738674,140.26089358509049,0.050055462193487894,3728.012684025423
RIMONE_r2_Im078,RIM-ONE,RIMONE_r2_Im078,0,Normal,C:/Users/TRIPU/OneDrive/Documents/ML/end sem project/RIM-ONE_DL_images\RIM-ONE_DL_images\partitioned_by_hospital\training_set\normal\r2_Im078.png,C:/Users/TRIPU/.gemini/antigravity/scratch/glaucoma_detection\data\processed\RIM-ONE\normal\RIMONE_r2_Im078.png,external_test,-1,r2,partitioned_by_hospital/training_set,False,0.583348868784338,8.499836986797384,1841.4693866809337,7673.014253830897,0.45949756855867346,0.005200530098254995,244.7430548970161,0.0029890114509373996,142.58640893552308,0.04315301290358109,2239.825742721291
RIMONE_r2_Im080,RIM-ONE,RIMONE_r2_Im080,0,Normal,C:/Users/TRIPU/OneDrive/Documents/ML/end sem project/RIM-ONE_DL_images\RIM-ONE_DL_images\partitioned_by_hospital\training_set\normal\r2_Im080.png,C:/Users/TRIPU/.gemini/antigravity/scratch/glaucoma_detection\data\processed\RIM-ONE\normal\RIMONE_r2_Im080.png,external_test,-1,r2,partitioned_by_hospital/training_set,False,0.5446211150432335,11.544486026653784,1800.5832172882538,6033.213652276009,0.4086664939413265,0.00491169124975603,247.19207102396814,0.002654073074112729,133.61357914321047,0.052785572590765405,3200.2755874589266
RIMONE_r2_Im082,RIM-ONE,RIMONE_r2_Im082,0,Normal,C:/Users/TRIPU/OneDrive/Documents/ML/end sem project/RIM-ONE_DL_images\RIM-ONE_DL_images\partitioned_by_hospital\training_set\normal\r2_Im082.png,C:/Users/TRIPU/.gemini/antigravity/scratch/glaucoma_detection\data\processed\RIM-ONE\normal\RIMONE_r2_Im082.png,external_test,-1,r2,partitioned_by_hospital/training_set,False,0.517030103282466,12.46663368808938,1582.427557995493,5337.177418080026,0.3904655612244898,0.0077516445558124866,186.95557109538373,0.00389892738119906,96.95649600629577,0.10015985891744707,2362.3301871063572
RIMONE_r2_Im084,RIM-ONE,RIMONE_r2_Im084,0,Normal,C:/Users/TRIPU/OneDrive/Documents/ML/end sem project/RIM-ONE_DL_images\RIM-ONE_DL_images\partitioned_by_hospital\training_set\normal\r2_Im084.png,C:/Users/TRIPU/.gemini/antigravity/scratch/glaucoma_detection\data\processed\RIM-ONE\normal\RIMONE_r2_Im084.png,external_test,-1,r2,partitioned_by_hospital/training_set,False,0.505993291139622,14.452676748382913,1570.168333128756,4821.091865100522,0.3687519929846939,0.00885714542660482,160.38544389970068,0.004324932821297912,82.04389865607666,0.1416792523266044,2207.4247691981404
RIMONE_r2_Im086,RIM-ONE,RIMONE_r2_Im086,0,Normal,C:/Users/TRIPU/OneDrive/Documents/ML/end sem project/RIM-ONE_DL_images\RIM-ONE_DL_images\partitioned_by_hospital\training_set\normal\r2_Im086.png,C:/Users/TRIPU/.gemini/antigravity/scratch/glaucoma_detection\data\processed\RIM-ONE\normal\RIMONE_r2_Im086.png,external_test,-1,r2,partitioned_by_hospital/training_set,False,0.6065236201712569,7.862931708566876,1672.0983659609014,8513.93189307894,0.4787697305484694,0.005143686972766129,260.3569143009347,0.003131798141889979,153.32009701294103,0.036275705875758395,2407.7740331376804
RIMONE_r2_Im088,RIM-ONE,RIMONE_r2_Im088,0,Normal,C:/Users/TRIPU/OneDrive/Documents/ML/end sem project/RIM-ONE_DL_images\RIM-ONE_DL_images\partitioned_by_hospital\training_set\normal\r2_Im088.png,C:/Users/TRIPU/.gemini/antigravity/scratch/glaucoma_detection\data\processed\RIM-ONE\normal\RIMONE_r2_Im088.png,external_test,-1,r2,partitioned_by_hospital/training_set,False,0.5226978246778387,12.536049585970302,1727.8067551360161,5391.448986782141,0.3904755261479592,0.005170268641310972,233.94861264265927,0.002744819635106483,118.51331677578617,0.05982315603728837,3234.8917242060265
RIMONE_r2_Im090,RIM-ONE,RIMONE_r2_Im090,0,Normal,C:/Users/TRIPU/OneDrive/Documents/ML/end sem project/RIM-ONE_DL_images\RIM-ONE_DL_images\partitioned_by_hospital\training_set\normal\r2_Im090.png,C:/Users/TRIPU/.gemini/antigravity/scratch/glaucoma_detection\data\processed\RIM-ONE\normal\RIMONE_r2_Im090.png,external_test,-1,r2,partitioned_by_hospital/training_set,False,0.5724996921406513,9.72813402359443,1563.534536633447,7095.287339610977,0.4407585299744898,0.005294117975264003,250.17409012344234,0.0030283646201357418,139.67396729063458,0.04673076983562948,2885.4142942004373
RIMONE_r2_Im092,RIM-ONE,RIMONE_r2_Im092,0,Normal,C:/Users/TRIPU/OneDrive/Documents/ML/end sem project/RIM-ONE_DL_images\RIM-ONE_DL_images\partitioned_by_hospital\training_set\normal\r2_Im092.png,C:/Users/TRIPU/.gemini/antigravity/scratch/glaucoma_detection\data\processed\RIM-ONE\normal\RIMONE_r2_Im092.png,external_test,-1,r2,partitioned_by_hospital/training_set,False,0.5176744580104895,11.934092912838961,2060.227872402668,5430.8449949728665,0.3960558832908163,0.004309159459274797,261.0443781085931,0.002243218873749264,133.41296814218003,0.049497843974840076,3271.5261474922886
RIMONE_r2_Im094,RIM-ONE,RIMONE_r2_Im094,0,Normal,C:/Users/TRIPU/OneDrive/Documents/ML/end sem project/RIM-ONE_DL_images\RIM-ONE_DL_images\partitioned_by_hospital\training_set\normal\r2_Im094.png,C:/Users/TRIPU/.gemini/antigravity/scratch/glaucoma_detection\data\processed\RIM-ONE\normal\RIMONE_r2_Im094.png,external_test,-1,r2,partitioned_by_hospital/training_set,False,0.5440997715463454,10.273152798532635,1924.4752431253187,6302.781173971959,0.4228964046556123,0.006614173960790369,194.75472010035995,0.0035920415566321156,104.8303226337246,0.06716550092990445,2053.786929712713
RIMONE_r2_Im096,RIM-ONE,RIMONE_r2_Im096,0,Normal,C:/Users/TRIPU/OneDrive/Documents/ML/end sem project/RIM-ONE_DL_images\RIM-ONE_DL_images\partitioned_by_hospital\training_set\normal\r2_Im096.png,C:/Users/TRIPU/.gemini/antigravity/scratch/glaucoma_detection\data\processed\RIM-ONE\normal\RIMONE_r2_Im096.png,external_test,-1,r2,partitioned_by_hospital/training_set,False,0.5966948190743759,7.704280581617215,1876.5325446220904,8218.643508382082,0.4758799027423469,0.004848271611586684,256.6960195884025,0.00290745347678665,150.78318474198647,0.03501331546023459,2157.6371084146544
RIMONE_r2_Im098,RIM-ONE,RIMONE_r2_Im098,0,Normal,C:/Users/TRIPU/OneDrive/Documents/ML/end sem project/RIM-ONE_DL_images\RIM-ONE_DL_images\partitioned_by_hospital\training_set\normal\r2_Im098.png,C:/Users/TRIPU/.gemini/antigravity/scratch/glaucoma_detection\data\processed\RIM-ONE\normal\RIMONE_r2_Im098.png,external_test,-1,r2,partitioned_by_hospital/training_set,False,0.5785829814705921,9.362598727799998,1542.885538302597,7419.671896450467,0.44973692602040816,0.0058891194453680965,246.11749270538877,0.0032909044608290996,142.58543232893575,0.05165329506721775,2765.1994472309975
RIMONE_r2_Im100,RIM-ONE,RIMONE_r2_Im100,0,Normal,C:/Users/TRIPU/OneDrive/Documents/ML/end sem project/RIM-ONE_DL_images\RIM-ONE_DL_images\partitioned_by_hospital\training_set\normal\r2_Im100.png,C:/Users/TRIPU/.gemini/antigravity/scratch/glaucoma_detection\data\processed\RIM-ONE\normal\RIMONE_r2_Im100.png,external_test,-1,r2,partitioned_by_hospital/training_set,False,0.5642775092223553,8.804283809312086,1922.742075531072,7048.359700443467,0.4470912388392857,0.005617536234786122,227.06083560495435,0.003186947667087236,125.12981274621696,0.045719213639990534,2259.485347234381
RIMONE_r2_Im102,RIM-ONE,RIMONE_r2_Im102,0,Normal,C:/Users/TRIPU/OneDrive/Documents/ML/end sem project/RIM-ONE_DL_images\RIM-ONE_DL_images\partitioned_by_hospital\training_set\normal\r2_Im102.png,C:/Users/TRIPU/.gemini/antigravity/scratch/glaucoma_detection\data\processed\RIM-ONE\normal\RIMONE_r2_Im102.png,external_test,-1,r2,partitioned_by_hospital/training_set,False,0.523116527090837,13.41803320115828,1934.6531907147173,5262.043373526047,0.3830666055484694,0.0038559221073608562,288.66407784395227,0.002037634226014692,148.21065902587043,0.04913540053151991,4092.9658861819216
RIMONE_r2_Im104,RIM-ONE,RIMONE_r2_Im104,0,Normal,C:/Users/TRIPU/OneDrive/Documents/ML/end sem project/RIM-ONE_DL_images\RIM-ONE_DL_images\partitioned_by_hospital\training_set\normal\r2_Im104.png,C:/Users/TRIPU/.gemini/antigravity/scratch/glaucoma_detection\data\processed\RIM-ONE\normal\RIMONE_r2_Im104.png,external_test,-1,r2,partitioned_by_hospital/training_set,False,0.5717255921603107,8.784911588222633,1967.3914379340224,7261.527107282009,0.4505739795918367,0.006219130146340835,202.90470099678043,0.0034918127768006502,116.2429108974488,0.054041933091505824,1864.9519307117343
RIMONE_r2_Im106,RIM-ONE,RIMONE_r2_Im106,0,Normal,C:/Users/TRIPU/OneDrive/Documents/ML/end sem project/RIM-ONE_DL_images\RIM-ONE_DL_images\partitioned_by_hospital\training_set\normal\r2_Im106.png,C:/Users/TRIPU/.gemini/antigravity/scratch/glaucoma_detection\data\processed\RIM-ONE\normal\RIMONE_r2_Im106.png,external_test,-1,r2,partitioned_by_hospital/training_set,False,0.5321700566825494,12.134485930286102,1524.5269057714509,5627.834528320552,0.3969228316326531,0.005244062095994416,245.2702961763812,0.002772593169217813,128.5366636574634,0.0614811862788041,3242.3394283001758
RIMONE_r2_Im108,RIM-ONE,RIMONE_r2_Im108,0,Normal,C:/Users/TRIPU/OneDrive/Documents/ML/end sem project/RIM-ONE_DL_images\RIM-ONE_DL_images\partitioned_by_hospital\training_set\normal\r2_Im108.png,C:/Users/TRIPU/.gemini/antigravity/scratch/glaucoma_detection\data\processed\RIM-ONE\normal\RIMONE_r2_Im108.png,external_test,-1,r2,partitioned_by_hospital/training_set,False,0.5625861899450694,10.172314080221835,1841.4548550973145,6650.493580527552,0.42822265625,0.005207342289252249,234.2466205256747,0.002970115196309564,128.29296843038793,0.048039201942992216,2718.1642249152305
RIMONE_r2_Im110,RIM-ONE,RIMONE_r2_Im110,0,Normal,C:/Users/TRIPU/OneDrive/Documents/ML/end sem project/RIM-ONE_DL_images\RIM-ONE_DL_images\partitioned_by_hospital\training_set\normal\r2_Im110.png,C:/Users/TRIPU/.gemini/antigravity/scratch/glaucoma_detection\data\processed\RIM-ONE\normal\RIMONE_r2_Im110.png,external_test,-1,r2,partitioned_by_hospital/training_set,False,0.5451134410887886,10.83615055937873,1860.7597510468645,6207.228811668443,0.41701211734693877,0.005924230270471705,208.10626145846518,0.0032049984507205496,112.73208115802484,0.06091727918491362,2435.427580162137
RIMONE_r2_Im112,RIM-ONE,RIMONE_r2_Im112,0,Normal,C:/Users/TRIPU/OneDrive/Documents/ML/end sem project/RIM-ONE_DL_images\RIM-ONE_DL_images\partitioned_by_hospital\training_set\normal\r2_Im112.png,C:/Users/TRIPU/.gemini/antigravity/scratch/glaucoma_detection\data\processed\RIM-ONE\normal\RIMONE_r2_Im112.png,external_test,-1,r2,partitioned_by_hospital/training_set,False,0.47640967766029463,16.789836097186072,2051.5056875106743,4085.3281444834674,0.34365035076530615,0.0034193211169712017,315.13422055974956,0.0016348052265588255,149.20792357836797,0.05498889963330406,5533.47950719687
RIMONE_r2_Im114,RIM-ONE,RIMONE_r2_Im114,0,Normal,C:/Users/TRIPU/OneDrive/Documents/ML/end sem project/RIM-ONE_DL_images\RIM-ONE_DL_images\partitioned_by_hospital\training_set\normal\r2_Im114.png,C:/Users/TRIPU/.gemini/antigravity/scratch/glaucoma_detection\data\processed\RIM-ONE\normal\RIMONE_r2_Im114.png,external_test,-1,r2,partitioned_by_hospital/training_set,False,0.5132269105056858,12.655714114055085,1972.0978559560153,5210.281807850367,0.3866440130739796,0.004786338421848061,240.08490580329902,0.0024682736922401003,122.16872485848927,0.05746145246427413,3204.694537972914
RIMONE_r2_Im116,RIM-ONE,RIMONE_r2_Im116,0,Normal,C:/Users/TRIPU/OneDrive/Documents/ML/end sem project/RIM-ONE_DL_images\RIM-ONE_DL_images\partitioned_by_hospital\training_set\normal\r2_Im116.png,C:/Users/TRIPU/.gemini/antigravity/scratch/glaucoma_detection\data\processed\RIM-ONE\normal\RIMONE_r2_Im116.png,external_test,-1,r2,partitioned_by_hospital/training_set,False,0.5234035870096914,14.207163482631554,2422.8975916964705,5250.814291820207,0.3798977598852041,0.0031963753222401118,331.90489088579534,0.0016799522683971654,172.44371445662898,0.04267424236357614,5027.086352765011
RIMONE_r2_Im118,RIM-ONE,RIMONE_r2_Im118,0,Normal,C:/Users/TRIPU/OneDrive/Documents/ML/end sem project/RIM-ONE_DL_images\RIM-ONE_DL_images\partitioned_by_hospital\training_set\normal\r2_Im118.png,C:/Users/TRIPU/.gemini/antigravity/scratch/glaucoma_detection\data\processed\RIM-ONE\normal\RIMONE_r2_Im118.png,external_test,-1,r2,partitioned_by_hospital/training_set,False,0.5484498993625295,10.840386800898926,2202.3148800898834,6229.467169836351,0.4168377311862245,0.006041705832672587,193.04826750867778,0.0033098648669903663,105.17122694816995,0.061922857102577604,2249.7838377316975
RIMONE_r2_Im120,RIM-ONE,RIMONE_r2_Im120,0,Normal,C:/Users/TRIPU/OneDrive/Documents/ML/end sem project/RIM-ONE_DL_images\RIM-ONE_DL_images\partitioned_by_hospital\training_set\normal\r2_Im120.png,C:/Users/TRIPU/.gemini/antigravity/scratch/glaucoma_detection\data\processed\RIM-ONE\normal\RIMONE_r2_Im120.png,external_test,-1,r2,partitioned_by_hospital/training_set,False,0.5838300280082036,8.355385517769594,2200.5917400246103,7639.978923573684,0.46007553411989793,0.0043607897728951675,263.2805078406873,0.002563253064964315,151.6424699406224,0.03474413793737832,2322.2900148889094
RIMONE_r2_Im122,RIM-ONE,RIMONE_r2_Im122,0,Normal,C:/Users/TRIPU/OneDrive/Documents/ML/end sem project/RIM-ONE_DL_images\RIM-ONE_DL_images\partitioned_by_hospital\training_set\normal\r2_Im122.png,C:/Users/TRIPU/.gemini/antigravity/scratch/glaucoma_detection\data\processed\RIM-ONE\normal\RIMONE_r2_Im122.png,external_test,-1,r2,partitioned_by_hospital/training_set,False,0.6058583805669717,7.577716072205335,1783.6493341223868,8511.736832938,0.48099689094387754,0.004856636429761584,261.9932135312124,0.0029450040285877027,156.11540514647317,0.0356563464260438,2104.7675379538327
RIMONE_r2_Im124,RIM-ONE,RIMONE_r2_Im124,0,Normal,C:/Users/TRIPU/OneDrive/Documents/ML/end sem project/RIM-ONE_DL_images\RIM-ONE_DL_images\partitioned_by_hospital\training_set\normal\r2_Im124.png,C:/Users/TRIPU/.gemini/antigravity/scratch/glaucoma_detection\data\processed\RIM-ONE\normal\RIMONE_r2_Im124.png,external_test,-1,r2,partitioned_by_hospital/training_set,False,0.5508950714965117,11.648576775027028,1644.3190855932537,6204.487045290186,0.4108936543367347,0.004803985546648876,260.06668780862117,0.0026446550715658805,140.86464491638927,0.05012049886010915,3537.2304632950054
RIMONE_r2_Im126,RIM-ONE,RIMONE_r2_Im126,0,Normal,C:/Users/TRIPU/OneDrive/Documents/ML/end sem project/RIM-ONE_DL_images\RIM-ONE_DL_images\partitioned_by_hospital\training_set\normal\r2_Im126.png,C:/Users/TRIPU/.gemini/antigravity/scratch/glaucoma_detection\data\processed\RIM-ONE\normal\RIMONE_r2_Im126.png,external_test,-1,r2,partitioned_by_hospital/training_set,False,0.4514961550426501,18.785997858278943,1775.6566813636073,3589.5443159822194,0.3251355229591837,0.007596571812541343,158.5680141270575,0.003401131662140647,71.5411414180729,0.1414474112847447,3084.1967511809544
RIMONE_r2_Im128,RIM-ONE,RIMONE_r2_Im128,0,Normal,C:/Users/TRIPU/OneDrive/Documents/ML/end sem project/RIM-ONE_DL_images\RIM-ONE_DL_images\partitioned_by_hospital\training_set\normal\r2_Im128.png,C:/Users/TRIPU/.gemini/antigravity/scratch/glaucoma_detection\data\processed\RIM-ONE\normal\RIMONE_r2_Im128.png,external_test,-1,r2,partitioned_by_hospital/training_set,False,0.566725564516477,10.278329724464374,1633.1427537923873,6760.709602323922,0.42884048150510207,0.00517694245493043,247.7525954949229,0.0029596499703346737,136.22022791970932,0.04721840950655076,2999.98206266197
RIMONE_r2_Im130,RIM-ONE,RIMONE_r2_Im130,0,Normal,C:/Users/TRIPU/OneDrive/Documents/ML/end sem project/RIM-ONE_DL_images\RIM-ONE_DL_images\partitioned_by_hospital\training_set\normal\r2_Im130.png,C:/Users/TRIPU/.gemini/antigravity/scratch/glaucoma_detection\data\processed\RIM-ONE\normal\RIMONE_r2_Im130.png,external_test,-1,r2,partitioned_by_hospital/training_set,False,0.6074032906743877,6.7793880577916195,2067.8638399495817,8878.098971301119,0.49662189094387754,0.005698113926066428,221.7057906675292,0.003481856008547085,131.88091929401662,0.0362409141031097,1658.948521593881
RIMONE_r2_Im132,RIM-ONE,RIMONE_r2_Im132,0,Normal,C:/Users/TRIPU/OneDrive/Documents/ML/end sem project/RIM-ONE_DL_images\RIM-ONE_DL_images\partitioned_by_hospital\training_set\normal\r2_Im132.png,C:/Users/TRIPU/.gemini/antigravity/scratch/glaucoma_detection\data\processed\RIM-ONE\normal\RIMONE_r2_Im132.png,external_test,-1,r2,partitioned_by_hospital/training_set,False,0.5818322197162459,8.992820989839908,2188.488359859316,7482.533566531303,0.4516053491709183,0.004070660053470912,279.98520789852955,0.0024205019038945515,158.69986923768496,0.033310009728906534,2728.236461754791
RIMONE_r2_Im134,RIM-ONE,RIMONE_r2_Im134,0,Normal,C:/Users/TRIPU/OneDrive/Documents/ML/end sem project/RIM-ONE_DL_images\RIM-ONE_DL_images\partitioned_by_hospital\training_set\normal\r2_Im134.png,C:/Users/TRIPU/.gemini/antigravity/scratch/glaucoma_detection\data\processed\RIM-ONE\normal\RIMONE_r2_Im134.png,external_test,-1,r2,partitioned_by_hospital/training_set,False,0.5099362750033518,14.07340256642095,1815.7625141733338,4947.295885546395,0.3736547353316327,0.007044198114444089,175.00038036168357,0.003571548140802277,87.86206758850423,0.09868756837204172,2567.961626534233
RIMONE_r2_Im136,RIM-ONE,RIMONE_r2_Im136,0,Normal,C:/Users/TRIPU/OneDrive/Documents/ML/end sem project/RIM-ONE_DL_images\RIM-ONE_DL_images\partitioned_by_hospital\training_set\normal\r2_Im136.png,C:/Users/TRIPU/.gemini/antigravity/scratch/glaucoma_detection\data\processed\RIM-ONE\normal\RIMONE_r2_Im136.png,external_test,-1,r2,partitioned_by_hospital/training_set,False,0.5568412580116419,9.579205316546032,2168.5551226355983,6715.9536837277265,0.4350685586734694,0.004681332706233973,245.55312818942812,0.0026216012620825157,134.50520957501197,0.04249659832885528,2523.3635304432064
RIMONE_r2_Im138,RIM-ONE,RIMONE_r2_Im138,0,Normal,C:/Users/TRIPU/OneDrive/Documents/ML/end sem project/RIM-ONE_DL_images\RIM-ONE_DL_images\partitioned_by_hospital\training_set\normal\r2_Im138.png,C:/Users/TRIPU/.gemini/antigravity/scratch/glaucoma_detection\data\processed\RIM-ONE\normal\RIMONE_r2_Im138.png,external_test,-1,r2,partitioned_by_hospital/training_set,False,0.5335333176644793,12.123953824678718,1918.9461832929992,5684.95357589203,0.3989407286352041,0.007599087225602616,167.3861111971874,0.004025985814242367,88.60523271302688,0.09358163339774248,2063.0203010288496
RIMONE_r2_Im140,RIM-ONE,RIMONE_r2_Im140,0,Normal,C:/Users/TRIPU/OneDrive/Documents/ML/end sem project/RIM-ONE_DL_images\RIM-ONE_DL_images\partitioned_by_hospital\training_set\normal\r2_Im140.png,C:/Users/TRIPU/.gemini/antigravity/scratch/glaucoma_detection\data\processed\RIM-ONE\normal\RIMONE_r2_Im140.png,external_test,-1,r2,partitioned_by_hospital/training_set,False,0.5767424376337681,9.505330448031897,1626.7105507497984,7219.9396466178905,0.44331951530612246,0.0056017823662324875,248.47216143102008,0.0031841780562630686,140.6386874236392,0.051862405980707495,2671.5518479824977
RIMONE_r2_Im142,RIM-ONE,RIMONE_r2_Im142,0,Normal,C:/Users/TRIPU/OneDrive/Documents/ML/end sem project/RIM-ONE_DL_images\RIM-ONE_DL_images\partitioned_by_hospital\training_set\normal\r2_Im142.png,C:/Users/TRIPU/.gemini/antigravity/scratch/glaucoma_detection\data\processed\RIM-ONE\normal\RIMONE_r2_Im142.png,external_test,-1,r2,partitioned_by_hospital/training_set,False,0.5802021513993251,8.597953892688317,2071.9810142514602,7506.340188639071,0.4554418447066326,0.005613884655753194,216.5086555653289,0.0032580075043006653,124.20653983434707,0.04667465911257047,1985.9082520484983
RIMONE_r2_Im144,RIM-ONE,RIMONE_r2_Im144,0,Normal,C:/Users/TRIPU/OneDrive/Documents/ML/end sem project/RIM-ONE_DL_images\RIM-ONE_DL_images\partitioned_by_hospital\training_set\normal\r2_Im144.png,C:/Users/TRIPU/.gemini/antigravity/scratch/glaucoma_detection\data\processed\RIM-ONE\normal\RIMONE_r2_Im144.png,external_test,-1,r2,partitioned_by_hospital/training_set,False,0.5159537772757817,12.486087584624153,1916.3831846917972,5364.446885835588,0.3918407206632653,0.004299677139391346,265.417630342693,0.0022310189978047845,134.99969024897092,0.04993601944700635,3604.020747355518
RIMONE_r2_Im146,RIM-ONE,RIMONE_r2_Im146,0,Normal,C:/Users/TRIPU/OneDrive/Documents/ML/end sem project/RIM-ONE_DL_images\RIM-ONE_DL_images\partitioned_by_hospital\training_set\normal\r2_Im146.png,C:/Users/TRIPU/.gemini/antigravity/scratch/glaucoma_detection\data\processed\RIM-ONE\normal\RIMONE_r2_Im146.png,external_test,-1,r2,partitioned_by_hospital/training_set,False,0.5520519464734547,9.002400155478474,2661.3635856562164,6789.666155064575,0.44162049585459184,0.005713889963311371,198.36866188785015,0.003181712934443823,107.69468157054963,0.05029756092648104,1850.888199687099
RIMONE_r2_Im148,RIM-ONE,RIMONE_r2_Im148,0,Normal,C:/Users/TRIPU/OneDrive/Documents/ML/end sem project/RIM-ONE_DL_images\RIM-ONE_DL_images\partitioned_by_hospital\training_set\normal\r2_Im148.png,C:/Users/TRIPU/.gemini/antigravity/scratch/glaucoma_detection\data\processed\RIM-ONE\normal\RIMONE_r2_Im148.png,external_test,-1,r2,partitioned_by_hospital/training_set,False,0.5700411408584652,9.021081290990926,2033.4052445001867,7121.269239633198,0.44526765784438777,0.004262857845346311,270.9435866741135,0.0024531158274147136,151.79637240779235,0.036217563789839445,2629.695462631632
RIMONE_r2_Im150,RIM-ONE,RIMONE_r2_Im150,0,Normal,C:/Users/TRIPU/OneDrive/Documents/ML/end sem project/RIM-ONE_DL_images\RIM-ONE_DL_images\partitioned_by_hospital\training_set\normal\r2_Im150.png,C:/Users/TRIPU/.gemini/antigravity/scratch/glaucoma_detection\data\processed\RIM-ONE\normal\RIMONE_r2_Im150.png,external_test,-1,r2,partitioned_by_hospital/training_set,False,0.5736991779617575,9.60133237703589,1742.777119196586,7078.1058690801165,0.44033003826530615,0.005695191559448326,225.97682535495252,0.0032454792456396765,127.42351703036461,0.05236352029827186,2393.4197368844048
RIMONE_r2_Im152,RIM-ONE,RIMONE_r2_Im152,0,Normal,C:/Users/TRIPU/OneDrive/Documents/ML/end sem project/RIM-ONE_DL_images\RIM-ONE_DL_images\partitioned_by_hospital\training_set\normal\r2_Im152.png,C:/Users/TRIPU/.gemini/antigravity/scratch/glaucoma_detection\data\processed\RIM-ONE\normal\RIMONE_r2_Im152.png,external_test,-1,r2,partitioned_by_hospital/training_set,False,0.6016452326687514,7.845438799488196,1834.172933165727,8318.50622362426,0.4752471301020408,0.005766456567717972,227.23839860460095,0.0034363803158246583,134.99296830817943,0.04245683305166138,1999.8601228252255
RIMONE_r2_Im154,RIM-ONE,RIMONE_r2_Im154,0,Normal,C:/Users/TRIPU/OneDrive/Documents/ML/end sem project/RIM-ONE_DL_images\RIM-ONE_DL_images\partitioned_by_hospital\training_set\normal\r2_Im154.png,C:/Users/TRIPU/.gemini/antigravity/scratch/glaucoma_detection\data\processed\RIM-ONE\normal\RIMONE_r2_Im154.png,external_test,-1,r2,partitioned_by_hospital/training_set,False,0.5415029066934767,10.745618756025198,1857.644537544873,6116.285735365642,0.41555723852040816,0.0044363090370097905,267.51271704873636,0.00246541344079215,139.32902854437364,0.04305091840946734,3208.240892848478
RIMONE_r2_Im156,RIM-ONE,RIMONE_r2_Im156,0,Normal,C:/Users/TRIPU/OneDrive/Documents/ML/end sem project/RIM-ONE_DL_images\RIM-ONE_DL_images\partitioned_by_hospital\training_set\normal\r2_Im156.png,C:/Users/TRIPU/.gemini/antigravity/scratch/glaucoma_detection\data\processed\RIM-ONE\normal\RIMONE_r2_Im156.png,external_test,-1,r2,partitioned_by_hospital/training_set,False,0.5832231257998779,8.275476650001416,2018.0712308617815,7699.58630549177,0.46246213329081637,0.00476342902912886,253.0372094024831,0.0027890893074166254,145.25420597253998,0.0366060271681195,2342.667008253902
RIMONE_r2_Im158,RIM-ONE,RIMONE_r2_Im158,0,Normal,C:/Users/TRIPU/OneDrive/Documents/ML/end sem project/RIM-ONE_DL_images\RIM-ONE_DL_images\partitioned_by_hospital\training_set\normal\r2_Im158.png,C:/Users/TRIPU/.gemini/antigravity/scratch/glaucoma_detection\data\processed\RIM-ONE\normal\RIMONE_r2_Im158.png,external_test,-1,r2,partitioned_by_hospital/training_set,False,0.5688085728576165,8.462321880494494,2091.410012806741,7244.578993706751,0.45325454400510207,0.003827256262213328,296.996898894699,0.0021901001559284467,167.24044593865233,0.03114249911166055,2607.7297221096455
RIMONE_r2_Im160,RIM-ONE,RIMONE_r2_Im160,0,Normal,C:/Users/TRIPU/OneDrive/Documents/ML/end sem project/RIM-ONE_DL_images\RIM-ONE_DL_images\partitioned_by_hospital\training_set\normal\r2_Im160.png,C:/Users/TRIPU/.gemini/antigravity/scratch/glaucoma_detection\data\processed\RIM-ONE\normal\RIMONE_r2_Im160.png,external_test,-1,r2,partitioned_by_hospital/training_set,False,0.5847524632428842,8.815970236091509,2065.389691253933,7559.004773133028,0.4544005102040816,0.004509454058961881,261.8324508353321,0.0027069315860452823,148.6187558981833,0.03530377809314793,2553.3400772843843
RIMONE_r2_Im162,RIM-ONE,RIMONE_r2_Im162,0,Normal,C:/Users/TRIPU/OneDrive/Documents/ML/end sem project/RIM-ONE_DL_images\RIM-ONE_DL_images\partitioned_by_hospital\training_set\normal\r2_Im162.png,C:/Users/TRIPU/.gemini/antigravity/scratch/glaucoma_detection\data\processed\RIM-ONE\normal\RIMONE_r2_Im162.png,external_test,-1,r2,partitioned_by_hospital/training_set,False,0.530372664257506,11.469980852383504,1740.528825217715,5740.192876453209,0.40411750637755106,0.0055457050589751596,225.88543348302395,0.0029844588143270543,115.52824380694398,0.057887170351861986,2954.22541960828
RIMONE_r2_Im164,RIM-ONE,RIMONE_r2_Im164,0,Normal,C:/Users/TRIPU/OneDrive/Documents/ML/end sem project/RIM-ONE_DL_images\RIM-ONE_DL_images\partitioned_by_hospital\training_set\normal\r2_Im164.png,C:/Users/TRIPU/.gemini/antigravity/scratch/glaucoma_detection\data\processed\RIM-ONE\normal\RIMONE_r2_Im164.png,external_test,-1,r2,partitioned_by_hospital/training_set,False,0.5034750029712376,14.720621053443153,1710.2015774267713,4713.799997697384,0.3652493223852041,0.0071103289153720845,182.70413948417874,0.003530890856044305,92.0212069165064,0.104651510997392,2796.0272586021874
RIMONE_r2_Im166,RIM-ONE,RIMONE_r2_Im166,0,Normal,C:/Users/TRIPU/OneDrive/Documents/ML/end sem project/RIM-ONE_DL_images\RIM-ONE_DL_images\partitioned_by_hospital\training_set\normal\r2_Im166.png,C:/Users/TRIPU/.gemini/antigravity/scratch/glaucoma_detection\data\processed\RIM-ONE\normal\RIMONE_r2_Im166.png,external_test,-1,r2,partitioned_by_hospital/training_set,False,0.5064528573312089,13.376441212332665,2150.6120694227247,4970.224310894395,0.37849768813775514,0.004791380456757561,232.89611176852802,0.002465780308437619,115.74412441398911,0.0593882753924467,3337.3861860319594
RIMONE_r2_Im168,RIM-ONE,RIMONE_r2_Im168,0,Normal,C:/Users/TRIPU/OneDrive/Documents/ML/end sem project/RIM-ONE_DL_images\RIM-ONE_DL_images\partitioned_by_hospital\training_set\normal\r2_Im168.png,C:/Users/TRIPU/.gemini/antigravity/scratch/glaucoma_detection\data\processed\RIM-ONE\normal\RIMONE_r2_Im168.png,external_test,-1,r2,partitioned_by_hospital/training_set,False,0.4655649724024089,18.559851178512528,2286.9087701742237,3764.5661545745807,0.3293307557397959,0.0034957381332656953,302.9859306545733,0.001644372553856386,139.42946212404738,0.061746599029116805,5892.0259130856375
RIMONE_r2_Im170,RIM-ONE,RIMONE_r2_Im170,0,Normal,C:/Users/TRIPU/OneDrive/Documents/ML/end sem project/RIM-ONE_DL_images\RIM-ONE_DL_images\partitioned_by_hospital\training_set\normal\r2_Im170.png,C:/Users/TRIPU/.gemini/antigravity/scratch/glaucoma_detection\data\processed\RIM-ONE\normal\RIMONE_r2_Im170.png,external_test,-1,r2,partitioned_by_hospital/training_set,False,0.5369354744015485,10.526887449173119,1982.2013057214735,6050.21659983188,0.415886080994898,0.005485630587192064,217.27183480392603,0.002989333904957061,113.53873472774762,0.05438611151531007,2482.3803557305328
RIMONE_r2_Im172,RIM-ONE,RIMONE_r2_Im172,0,Normal,C:/Users/TRIPU/OneDrive/Documents/ML/end sem project/RIM-ONE_DL_images\RIM-ONE_DL_images\partitioned_by_hospital\training_set\normal\r2_Im172.png,C:/Users/TRIPU/.gemini/antigravity/scratch/glaucoma_detection\data\processed\RIM-ONE\normal\RIMONE_r2_Im172.png,external_test,-1,r2,partitioned_by_hospital/training_set,False,0.5569453777804294,10.294836010720278,2065.620083406708,6467.639826842261,0.4237683354591837,0.004352200707597709,261.6732248873793,0.002456010853121865,142.92528110661578,0.041514537862126125,2920.9545667356997
RIMONE_r2_Im174,RIM-ONE,RIMONE_r2_Im174,0,Normal,C:/Users/TRIPU/OneDrive/Documents/ML/end sem project/RIM-ONE_DL_images\RIM-ONE_DL_images\partitioned_by_hospital\training_set\normal\r2_Im174.png,C:/Users/TRIPU/.gemini/antigravity/scratch/glaucoma_detection\data\processed\RIM-ONE\normal\RIMONE_r2_Im174.png,external_test,-1,r2,partitioned_by_hospital/training_set,False,0.505622243506571,13.867331546873265,1873.9309053935694,4870.430225201427,0.3733607700892857,0.005289296644017379,220.87947835855707,0.0026672807791147312,111.20913667929624,0.06999344371468026,3223.4077606478772
RIMONE_r2_Im176,RIM-ONE,RIMONE_r2_Im176,0,Normal,C:/Users/TRIPU/OneDrive/Documents/ML/end sem project/RIM-ONE_DL_images\RIM-ONE_DL_images\partitioned_by_hospital\training_set\normal\r2_Im176.png,C:/Users/TRIPU/.gemini/antigravity/scratch/glaucoma_detection\data\processed\RIM-ONE\normal\RIMONE_r2_Im176.png,external_test,-1,r2,partitioned_by_hospital/training_set,False,0.5247429409798313,12.29278158055294,1886.8666358889502,5504.191413873926,0.3953184789540816,0.00684577469834962,183.1766660141075,0.003540402928964943,96.02023585877052,0.08482817818092922,2315.154894052193
RIMONE_r2_Im178,RIM-ONE,RIMONE_r2_Im178,0,Normal,C:/Users/TRIPU/OneDrive/Documents/ML/end sem project/RIM-ONE_DL_images\RIM-ONE_DL_images\partitioned_by_hospital\training_set\normal\r2_Im178.png,C:/Users/TRIPU/.gemini/antigravity/scratch/glaucoma_detection\data\processed\RIM-ONE\normal\RIMONE_r2_Im178.png,external_test,-1,r2,partitioned_by_hospital/training_set,False,0.5525458293940533,10.495213429616392,1900.404358261595,6417.345077376008,0.42276187818877553,0.005256418818417393,228.61947863993242,0.0029139468909502968,124.41459318979997,0.052016034226967434,2589.4860425844035
RIMONE_r2_Im180,RIM-ONE,RIMONE_r2_Im180,0,Normal,C:/Users/TRIPU/OneDrive/Documents/ML/end sem project/RIM-ONE_DL_images\RIM-ONE_DL_images\partitioned_by_hospital\training_set\normal\r2_Im180.png,C:/Users/TRIPU/.gemini/antigravity/scratch/glaucoma_detection\data\processed\RIM-ONE\normal\RIMONE_r2_Im180.png,external_test,-1,r2,partitioned_by_hospital/training_set,False,0.5317338875558515,11.506472845732468,1761.6006899147656,5707.380309780142,0.402652662627551,0.004964567292425964,244.72173011701096,0.0026550330623941985,127.66743418731001,0.05288221217593448,3108.8105017711505
RIMONE_r2_Im182,RIM-ONE,RIMONE_r2_Im182,0,Normal,C:/Users/TRIPU/OneDrive/Documents/ML/end sem project/RIM-ONE_DL_images\RIM-ONE_DL_images\partitioned_by_hospital\training_set\normal\r2_Im182.png,C:/Users/TRIPU/.gemini/antigravity/scratch/glaucoma_detection\data\processed\RIM-ONE\normal\RIMONE_r2_Im182.png,external_test,-1,r2,partitioned_by_hospital/training_set,False,0.541917096478356,10.102035239969016,2384.785266796641,6245.642623344472,0.42262236926020413,0.004724136891412695,237.48668060913616,0.002563101400464177,127.53920259919066,0.045968869547412174,2531.663662619987
RIMONE_r2_Im184,RIM-ONE,RIMONE_r2_Im184,0,Normal,C:/Users/TRIPU/OneDrive/Documents/ML/end sem project/RIM-ONE_DL_images\RIM-ONE_DL_images\partitioned_by_hospital\training_set\normal\r2_Im184.png,C:/Users/TRIPU/.gemini/antigravity/scratch/glaucoma_detection\data\processed\RIM-ONE\normal\RIMONE_r2_Im184.png,external_test,-1,r2,partitioned_by_hospital/training_set,False,0.5258621076999981,13.711541515157375,1803.9922662344939,5395.0321114761855,0.38419264190051017,0.0045478168673094175,253.97111260475026,0.002421144938004531,130.36413623765182,0.05765485223533437,3834.0876732301745
RIMONE_r2_Im186,RIM-ONE,RIMONE_r2_Im186,0,Normal,C:/Users/TRIPU/OneDrive/Documents/ML/end sem project/RIM-ONE_DL_images\RIM-ONE_DL_images\partitioned_by_hospital\training_set\normal\r2_Im186.png,C:/Users/TRIPU/.gemini/antigravity/scratch/glaucoma_detection\data\processed\RIM-ONE\normal\RIMONE_r2_Im186.png,external_test,-1,r2,partitioned_by_hospital/training_set,False,0.5749269308950581,8.735699477579702,1863.6700203765304,7342.659869928935,0.4521882971938775,0.005541432478869797,230.477198829176,0.003160881160985785,131.58521843824082,0.047501249287776326,2128.6666747190525
RIMONE_r2_Im188,RIM-ONE,RIMONE_r2_Im188,0,Normal,C:/Users/TRIPU/OneDrive/Documents/ML/end sem project/RIM-ONE_DL_images\RIM-ONE_DL_images\partitioned_by_hospital\training_set\normal\r2_Im188.png,C:/Users/TRIPU/.gemini/antigravity/scratch/glaucoma_detection\data\processed\RIM-ONE\normal\RIMONE_r2_Im188.png,external_test,-1,r2,partitioned_by_hospital/training_set,False,0.5218487394625211,13.569181754406912,1529.5599750114231,5228.405892671879,0.38121811224489793,0.007360008225466614,183.8788678665788,0.0037357779765100256,96.08526595790586,0.1039609612195897,2658.046120998828
RIMONE_r2_Im190,RIM-ONE,RIMONE_r2_Im190,0,Normal,C:/Users/TRIPU/OneDrive/Documents/ML/end sem project/RIM-ONE_DL_images\RIM-ONE_DL_images\partitioned_by_hospital\training_set\normal\r2_Im190.png,C:/Users/TRIPU/.gemini/antigravity/scratch/glaucoma_detection\data\processed\RIM-ONE\normal\RIMONE_r2_Im190.png,external_test,-1,r2,partitioned_by_hospital/training_set,False,0.4816417659752671,15.040216537279184,1872.97875749517,4455.472299631882,0.3602319834183674,0.004588057942127138,246.59274234780165,0.002230881620185178,116.64193817206063,0.06388196202192296,4072.1915763416573
RIMONE_r2_Im192,RIM-ONE,RIMONE_r2_Im192,0,Normal,C:/Users/TRIPU/OneDrive/Documents/ML/end sem project/RIM-ONE_DL_images\RIM-ONE_DL_images\partitioned_by_hospital\training_set\normal\r2_Im192.png,C:/Users/TRIPU/.gemini/antigravity/scratch/glaucoma_detection\data\processed\RIM-ONE\normal\RIMONE_r2_Im192.png,external_test,-1,r2,partitioned_by_hospital/training_set,False,0.564801104846048,9.405397797301465,2205.649204006182,6947.977939356118,0.4401407047193877,0.006128318411691546,196.22327359311447,0.0034824662134606147,108.43546621694794,0.05376442776036126,2028.370870210631
RIMONE_r2_Im194,RIM-ONE,RIMONE_r2_Im194,0,Normal,C:/Users/TRIPU/OneDrive/Documents/ML/end sem project/RIM-ONE_DL_images\RIM-ONE_DL_images\partitioned_by_hospital\training_set\normal\r2_Im194.png,C:/Users/TRIPU/.gemini/antigravity/scratch/glaucoma_detection\data\processed\RIM-ONE\normal\RIMONE_r2_Im194.png,external_test,-1,r2,partitioned_by_hospital/training_set,False,0.52146935431688,12.715753544551085,1697.919118554153,5385.000543352923,0.39007692920918363,0.005854601308949859,211.68507354627252,0.003043100744960737,109.2111238640999,0.07198890714232613,2804.213056717312
RIMONE_r2_Im196,RIM-ONE,RIMONE_r2_Im196,0,Normal,C:/Users/TRIPU/OneDrive/Documents/ML/end sem project/RIM-ONE_DL_images\RIM-ONE_DL_images\partitioned_by_hospital\training_set\normal\r2_Im196.png,C:/Users/TRIPU/.gemini/antigravity/scratch/glaucoma_detection\data\processed\RIM-ONE\normal\RIMONE_r2_Im196.png,external_test,-1,r2,partitioned_by_hospital/training_set,False,0.5772537620584485,9.129996822317391,1823.2199328543638,7303.8842666026985,0.448486328125,0.004813507440945777,253.2159563966926,0.0027866966100913116,143.6496285293868,0.041729510442159334,2465.314047279647
RIMONE_r2_Im198,RIM-ONE,RIMONE_r2_Im198,0,Normal,C:/Users/TRIPU/OneDrive/Documents/ML/end sem project/RIM-ONE_DL_images\RIM-ONE_DL_images\partitioned_by_hospital\training_set\normal\r2_Im198.png,C:/Users/TRIPU/.gemini/antigravity/scratch/glaucoma_detection\data\processed\RIM-ONE\normal\RIMONE_r2_Im198.png,external_test,-1,r2,partitioned_by_hospital/training_set,False,0.5925418838419426,8.448213971168972,1825.7497367914339,7895.291605066668,0.4627311862244898,0.005162337586746402,248.63254571770693,0.003051632793558462,144.91057591813512,0.0409886557780702,2360.4508339486256
RIMONE_r2_Im200,RIM-ONE,RIMONE_r2_Im200,0,Normal,C:/Users/TRIPU/OneDrive/Documents/ML/end sem project/RIM-ONE_DL_images\RIM-ONE_DL_images\partitioned_by_hospital\training_set\normal\r2_Im200.png,C:/Users/TRIPU/.gemini/antigravity/scratch/glaucoma_detection\data\processed\RIM-ONE\normal\RIMONE_r2_Im200.png,external_test,-1,r2,partitioned_by_hospital/training_set,False,0.5274321610481024,11.764537530569577,1976.5195503922707,5622.311483599242,0.400146484375,0.005619507208057689,210.11856955506252,0.0029696652480388835,110.15981798957593,0.06314906002624066,2590.937111545324
RIMONE_r2_Im202,RIM-ONE,RIMONE_r2_Im202,0,Normal,C:/Users/TRIPU/OneDrive/Documents/ML/end sem project/RIM-ONE_DL_images\RIM-ONE_DL_images\partitioned_by_hospital\training_set\normal\r2_Im202.png,C:/Users/TRIPU/.gemini/antigravity/scratch/glaucoma_detection\data\processed\RIM-ONE\normal\RIMONE_r2_Im202.png,external_test,-1,r2,partitioned_by_hospital/training_set,False,0.5363524595264411,12.234971620843694,1429.2676714915137,5727.123917146307,0.3981086575255102,0.008001430003529897,185.98932758397456,0.004139252352903517,99.88046950282794,0.1015612832069632,2360.186126242229
RIMONE_r2_Im206,RIM-ONE,RIMONE_r2_Im206,0,Normal,C:/Users/TRIPU/OneDrive/Documents/ML/end sem project/RIM-ONE_DL_images\RIM-ONE_DL_images\partitioned_by_hospital\training_set\normal\r2_Im206.png,C:/Users/TRIPU/.gemini/antigravity/scratch/glaucoma_detection\data\processed\RIM-ONE\normal\RIMONE_r2_Im206.png,external_test,-1,r2,partitioned_by_hospital/training_set,False,0.5806617931429523,8.551664723681254,1746.682337384956,7538.709687158043,0.4572056361607143,0.006696228566901281,212.40543110515483,0.003929606923895223,118.56454542810525,0.05275320818215306,2119.291223975959
RIMONE_r2_Im208,RIM-ONE,RIMONE_r2_Im208,0,Normal,C:/Users/TRIPU/OneDrive/Documents/ML/end sem project/RIM-ONE_DL_images\RIM-ONE_DL_images\partitioned_by_hospital\training_set\normal\r2_Im208.png,C:/Users/TRIPU/.gemini/antigravity/scratch/glaucoma_detection\data\processed\RIM-ONE\normal\RIMONE_r2_Im208.png,external_test,-1,r2,partitioned_by_hospital/training_set,False,0.5473437334768794,10.063806345181131,1746.2842529686932,6367.971345911266,0.42487444196428575,0.005385973964797045,232.54682271398232,0.002977460584351698,124.54964257042232,0.050596679777590664,2557.7395270150455
RIMONE_r2_Im210,RIM-ONE,RIMONE_r2_Im210,0,Normal,C:/Users/TRIPU/OneDrive/Documents/ML/end sem project/RIM-ONE_DL_images\RIM-ONE_DL_images\partitioned_by_hospital\training_set\normal\r2_Im210.png,C:/Users/TRIPU/.gemini/antigravity/scratch/glaucoma_detection\data\processed\RIM-ONE\normal\RIMONE_r2_Im210.png,external_test,-1,r2,partitioned_by_hospital/training_set,False,0.5556249956491678,10.337804336552692,1804.6644741887887,6603.451406433889,0.42775430484693877,0.004499089671404173,267.3779170736325,0.002530837578218823,145.30098247930104,0.04183538334518675,3139.3536439681493
RIMONE_r2_Im212,RIM-ONE,RIMONE_r2_Im212,0,Normal,C:/Users/TRIPU/OneDrive/Documents/ML/end sem project/RIM-ONE_DL_images\RIM-ONE_DL_images\partitioned_by_hospital\training_set\normal\r2_Im212.png,C:/Users/TRIPU/.gemini/antigravity/scratch/glaucoma_detection\data\processed\RIM-ONE\normal\RIMONE_r2_Im212.png,external_test,-1,r2,partitioned_by_hospital/training_set,False,0.6057832947706264,7.456810303580241,2075.0129529332853,8612.006428481054,0.4848782286352041,0.004214425467889025,278.33414771537923,0.0025858207799130803,164.73938242510962,0.028604292770173376,2308.954585671978
RIMONE_r2_Im214,RIM-ONE,RIMONE_r2_Im214,0,Normal,C:/Users/TRIPU/OneDrive/Documents/ML/end sem project/RIM-ONE_DL_images\RIM-ONE_DL_images\partitioned_by_hospital\training_set\normal\r2_Im214.png,C:/Users/TRIPU/.gemini/antigravity/scratch/glaucoma_detection\data\processed\RIM-ONE\normal\RIMONE_r2_Im214.png,external_test,-1,r2,partitioned_by_hospital/training_set,False,0.48667966598077833,13.96714370054472,1814.4705802847266,4624.59861112446,0.3686373963647959,0.00925142839266291,143.34980759540258,0.004376288514112712,71.11506373728976,0.1319552834957425,1996.3437096946861
RIMONE_r2_Im216,RIM-ONE,RIMONE_r2_Im216,0,Normal,C:/Users/TRIPU/OneDrive/Documents/ML/end sem project/RIM-ONE_DL_images\RIM-ONE_DL_images\partitioned_by_hospital\training_set\normal\r2_Im216.png,C:/Users/TRIPU/.gemini/antigravity/scratch/glaucoma_detection\data\processed\RIM-ONE\normal\RIMONE_r2_Im216.png,external_test,-1,r2,partitioned_by_hospital/training_set,False,0.6047418687484662,7.815632290891153,1643.7066844021635,8484.94533954251,0.47958685427295916,0.004531939606233002,284.92698200330676,0.002790386244195061,166.2313515153432,0.030739801208305887,2667.25749891042
RIMONE_r2_Im218,RIM-ONE,RIMONE_r2_Im218,0,Normal,C:/Users/TRIPU/OneDrive/Documents/ML/end sem project/RIM-ONE_DL_images\RIM-ONE_DL_images\partitioned_by_hospital\training_set\normal\r2_Im218.png,C:/Users/TRIPU/.gemini/antigravity/scratch/glaucoma_detection\data\processed\RIM-ONE\normal\RIMONE_r2_Im218.png,external_test,-1,r2,partitioned_by_hospital/training_set,False,0.4927182663443642,13.53666417134054,2218.944544249228,4756.237812579538,0.3732810507015306,0.0055541695222666235,203.8017117408867,0.0027291546351696076,100.02617558745665,0.07316751859821657,2863.3960542771338
RIMONE_r2_Im220,RIM-ONE,RIMONE_r2_Im220,0,Normal,C:/Users/TRIPU/OneDrive/Documents/ML/end sem project/RIM-ONE_DL_images\RIM-ONE_DL_images\partitioned_by_hospital\training_set\normal\r2_Im220.png,C:/Users/TRIPU/.gemini/antigravity/scratch/glaucoma_detection\data\processed\RIM-ONE\normal\RIMONE_r2_Im220.png,external_test,-1,r2,partitioned_by_hospital/training_set,False,0.5176889833258841,13.565710101080802,1513.9436690468629,5163.647695239053,0.3807597257653061,0.00604258441725011,220.3836966376353,0.003101598368023139,112.26505436407318,0.0780134369317282,3320.4619053102756
RIMONE_r2_Im222,RIM-ONE,RIMONE_r2_Im222,0,Normal,C:/Users/TRIPU/OneDrive/Documents/ML/end sem project/RIM-ONE_DL_images\RIM-ONE_DL_images\partitioned_by_hospital\training_set\normal\r2_Im222.png,C:/Users/TRIPU/.gemini/antigravity/scratch/glaucoma_detection\data\processed\RIM-ONE\normal\RIMONE_r2_Im222.png,external_test,-1,r2,partitioned_by_hospital/training_set,False,0.5633693506837781,11.523578439756204,1554.0539736770431,6468.261328221916,0.41569674744897966,0.005324518662537166,247.38833542344275,0.0029818699652013527,136.0550488436337,0.05575464137541865,3363.3029401586277
RIMONE_r2_Im224,RIM-ONE,RIMONE_r2_Im224,0,Normal,C:/Users/TRIPU/OneDrive/Documents/ML/end sem project/RIM-ONE_DL_images\RIM-ONE_DL_images\partitioned_by_hospital\training_set\normal\r2_Im224.png,C:/Users/TRIPU/.gemini/antigravity/scratch/glaucoma_detection\data\processed\RIM-ONE\normal\RIMONE_r2_Im224.png,external_test,-1,r2,partitioned_by_hospital/training_set,False,0.5684336855214569,8.587347693700051,2523.368241563903,7244.818846121662,0.4523327885841837,0.006152904249083154,188.01215006232727,0.003509649593301778,105.87017536042927,0.05122981525957271,1673.3410869731263
RIMONE_r2_Im226,RIM-ONE,RIMONE_r2_Im226,0,Normal,C:/Users/TRIPU/OneDrive/Documents/ML/end sem project/RIM-ONE_DL_images\RIM-ONE_DL_images\partitioned_by_hospital\training_set\normal\r2_Im226.png,C:/Users/TRIPU/.gemini/antigravity/scratch/glaucoma_detection\data\processed\RIM-ONE\normal\RIMONE_r2_Im226.png,external_test,-1,r2,partitioned_by_hospital/training_set,False,0.4853098725242605,15.46645729097028,1444.6916212462352,4414.453355483025,0.35642538265306123,0.005607558704757173,224.8255945542042,0.0026835806494123803,108.64081916086343,0.09003706853220726,3505.9603288269536
RIMONE_r2_Im228,RIM-ONE,RIMONE_r2_Im228,0,Normal,C:/Users/TRIPU/OneDrive/Documents/ML/end sem project/RIM-ONE_DL_images\RIM-ONE_DL_images\partitioned_by_hospital\training_set\normal\r2_Im228.png,C:/Users/TRIPU/.gemini/antigravity/scratch/glaucoma_detection\data\processed\RIM-ONE\normal\RIMONE_r2_Im228.png,external_test,-1,r2,partitioned_by_hospital/training_set,False,0.48888797649218985,15.6509841650646,1554.1247450780565,4460.404357546516,0.3580994897959184,0.01081876885077969,143.85443157346225,0.005067300058651036,71.50485951942476,0.23384774550681944,1943.795810257438
RIMONE_r2_Im230,RIM-ONE,RIMONE_r2_Im230,0,Normal,C:/Users/TRIPU/OneDrive/Documents/ML/end sem project/RIM-ONE_DL_images\RIM-ONE_DL_images\partitioned_by_hospital\training_set\normal\r2_Im230.png,C:/Users/TRIPU/.gemini/antigravity/scratch/glaucoma_detection\data\processed\RIM-ONE\normal\RIMONE_r2_Im230.png,external_test,-1,r2,partitioned_by_hospital/training_set,False,0.45401135983155283,24.05809115105305,2452.73036388651,3253.200346967945,0.30148377710459184,0.005159035745435896,205.39238459471892,0.002362703594450817,92.73167183858192,0.11820937583173034,5202.52458118595
RIMONE_r2_Im232,RIM-ONE,RIMONE_r2_Im232,0,Normal,C:/Users/TRIPU/OneDrive/Documents/ML/end sem project/RIM-ONE_DL_images\RIM-ONE_DL_images\partitioned_by_hospital\training_set\normal\r2_Im232.png,C:/Users/TRIPU/.gemini/antigravity/scratch/glaucoma_detection\data\processed\RIM-ONE\normal\RIMONE_r2_Im232.png,external_test,-1,r2,partitioned_by_hospital/training_set,False,0.5226051139341309,11.131544140906733,1680.6427575528367,5621.750464031305,0.4036342075892857,0.007632346610504305,174.83808842652005,0.0038843848568092944,92.1582429381321,0.08670393773051258,1980.8867993126648
RIMONE_r2_Im234,RIM-ONE,RIMONE_r2_Im234,0,Normal,C:/Users/TRIPU/OneDrive/Documents/ML/end sem project/RIM-ONE_DL_images\RIM-ONE_DL_images\partitioned_by_hospital\training_set\normal\r2_Im234.png,C:/Users/TRIPU/.gemini/antigravity/scratch/glaucoma_detection\data\processed\RIM-ONE\normal\RIMONE_r2_Im234.png,external_test,-1,r2,partitioned_by_hospital/training_set,False,0.550890175045475,10.788828956488041,1724.0156250896277,6323.5524117834175,0.41886559311224486,0.005696298849381748,220.03792569749615,0.0031132133033440305,120.09038066160667,0.058705145250244,2562.783966647767
RIMONE_r2_Im236,RIM-ONE,RIMONE_r2_Im236,0,Normal,C:/Users/TRIPU/OneDrive/Documents/ML/end sem project/RIM-ONE_DL_images\RIM-ONE_DL_images\partitioned_by_hospital\training_set\normal\r2_Im236.png,C:/Users/TRIPU/.gemini/antigravity/scratch/glaucoma_detection\data\processed\RIM-ONE\normal\RIMONE_r2_Im236.png,external_test,-1,r2,partitioned_by_hospital/training_set,False,0.5111617435487021,13.14689151675364,2233.296710177349,5199.716502848026,0.3842225366709183,0.005698246710943225,198.62365462480523,0.0029122792690999028,101.43327917030649,0.07209402513161732,2705.3007921361213
RIMONE_r2_Im238,RIM-ONE,RIMONE_r2_Im238,0,Normal,C:/Users/TRIPU/OneDrive/Documents/ML/end sem project/RIM-ONE_DL_images\RIM-ONE_DL_images\partitioned_by_hospital\training_set\normal\r2_Im238.png,C:/Users/TRIPU/.gemini/antigravity/scratch/glaucoma_detection\data\processed\RIM-ONE\normal\RIMONE_r2_Im238.png,external_test,-1,r2,partitioned_by_hospital/training_set,False,0.5650150576674527,9.487751545254053,1729.177208539775,6955.057384586171,0.4395278619260204,0.005069938401692955,249.71819921073345,0.0028762198401843008,138.6767689061655,0.0442327786031318,2596.9775007230505
RIMONE_r2_Im240,RIM-ONE,RIMONE_r2_Im240,0,Normal,C:/Users/TRIPU/OneDrive/Documents/ML/end sem project/RIM-ONE_DL_images\RIM-ONE_DL_images\partitioned_by_hospital\training_set\normal\r2_Im240.png,C:/Users/TRIPU/.gemini/antigravity/scratch/glaucoma_detection\data\processed\RIM-ONE\normal\RIMONE_r2_Im240.png,external_test,-1,r2,partitioned_by_hospital/training_set,False,0.5110623846902745,12.904385878982017,1903.0661447827642,5149.502260195735,0.38425243144132654,0.005928417062266522,204.82151743569744,0.0030930438829699846,101.22437269480595,0.07145248545138613,2875.883868097777
RIMONE_r2_Im242,RIM-ONE,RIMONE_r2_Im242,0,Normal,C:/Users/TRIPU/OneDrive/Documents/ML/end sem project/RIM-ONE_DL_images\RIM-ONE_DL_images\partitioned_by_hospital\training_set\normal\r2_Im242.png,C:/Users/TRIPU/.gemini/antigravity/scratch/glaucoma_detection\data\processed\RIM-ONE\normal\RIMONE_r2_Im242.png,external_test,-1,r2,partitioned_by_hospital/training_set,False,0.5388323962369018,9.869110763834014,2026.723595549748,6293.250579387148,0.4254474250637755,0.005905716968752703,212.19918673169894,0.003193085063733875,111.52041471244165,0.0553296976707731,2347.8956121112988
RIMONE_r2_Im244,RIM-ONE,RIMONE_r2_Im244,0,Normal,C:/Users/TRIPU/OneDrive/Documents/ML/end sem project/RIM-ONE_DL_images\RIM-ONE_DL_images\partitioned_by_hospital\training_set\normal\r2_Im244.png,C:/Users/TRIPU/.gemini/antigravity/scratch/glaucoma_detection\data\processed\RIM-ONE\normal\RIMONE_r2_Im244.png,external_test,-1,r2,partitioned_by_hospital/training_set,False,0.5968649965599437,7.763928635232418,2019.6130080849896,8210.177082583807,0.4749033402423469,0.004286133672019045,277.6573783978528,0.0026072775295629845,160.82554020623542,0.03031327423978904,2411.1834351818393
RIMONE_r2_Im246,RIM-ONE,RIMONE_r2_Im246,0,Normal,C:/Users/TRIPU/OneDrive/Documents/ML/end sem project/RIM-ONE_DL_images\RIM-ONE_DL_images\partitioned_by_hospital\training_set\normal\r2_Im246.png,C:/Users/TRIPU/.gemini/antigravity/scratch/glaucoma_detection\data\processed\RIM-ONE\normal\RIMONE_r2_Im246.png,external_test,-1,r2,partitioned_by_hospital/training_set,False,0.5307238015478454,11.45069107463766,2055.336188325931,5775.04813849004,0.4052136479591837,0.0069854177372943305,174.94276783060795,0.003672007187781591,92.92614628947719,0.08017149880303695,2041.3236886434256
RIMONE_r2_Im248,RIM-ONE,RIMONE_r2_Im248,0,Normal,C:/Users/TRIPU/OneDrive/Documents/ML/end sem project/RIM-ONE_DL_images\RIM-ONE_DL_images\partitioned_by_hospital\training_set\normal\r2_Im248.png,C:/Users/TRIPU/.gemini/antigravity/scratch/glaucoma_detection\data\processed\RIM-ONE\normal\RIMONE_r2_Im248.png,external_test,-1,r2,partitioned_by_hospital/training_set,False,0.5791216133808412,9.067910087483504,1411.1638166118082,7378.166727602362,0.44993124202806123,0.007799922818366931,221.7724760965361,0.004335180636996031,127.07753805022705,0.0748423184235666,2210.2763865825423
RIMONE_r2_Im250,RIM-ONE,RIMONE_r2_Im250,0,Normal,C:/Users/TRIPU/OneDrive/Documents/ML/end sem project/RIM-ONE_DL_images\RIM-ONE_DL_images\partitioned_by_hospital\training_set\normal\r2_Im250.png,C:/Users/TRIPU/.gemini/antigravity/scratch/glaucoma_detection\data\processed\RIM-ONE\normal\RIMONE_r2_Im250.png,external_test,-1,r2,partitioned_by_hospital/training_set,False,0.4733814934712808,15.959042481899688,1958.7014333366537,4178.232132349857,0.3498385682397959,0.007983357967099812,152.79777958424268,0.003753568916928207,72.04542237800939,0.12708449283862783,2510.0940846215262
RIMONE_r2_Im252,RIM-ONE,RIMONE_r2_Im252,0,Normal,C:/Users/TRIPU/OneDrive/Documents/ML/end sem project/RIM-ONE_DL_images\RIM-ONE_DL_images\partitioned_by_hospital\training_set\normal\r2_Im252.png,C:/Users/TRIPU/.gemini/antigravity/scratch/glaucoma_detection\data\processed\RIM-ONE\normal\RIMONE_r2_Im252.png,external_test,-1,r2,partitioned_by_hospital/training_set,False,0.5074478238318603,13.603201239679557,1880.0188462906467,5058.101885526392,0.3795838647959184,0.006031017891736673,199.17141436594076,0.0030582363382485787,99.43062594188703,0.07691749215802807,3049.2294947422733
RIMONE_r2_Im254,RIM-ONE,RIMONE_r2_Im254,0,Normal,C:/Users/TRIPU/OneDrive/Documents/ML/end sem project/RIM-ONE_DL_images\RIM-ONE_DL_images\partitioned_by_hospital\training_set\normal\r2_Im254.png,C:/Users/TRIPU/.gemini/antigravity/scratch/glaucoma_detection\data\processed\RIM-ONE\normal\RIMONE_r2_Im254.png,external_test,-1,r2,partitioned_by_hospital/training_set,False,0.5592679649751017,9.856371286422213,2275.20281317865,6727.863855136933,0.43312539859693877,0.004604111614461722,245.309301599521,0.002580578955637771,135.938844830241,0.043374379955776324,2556.506811396687
RIMONE_r3_N-1-L_left_half,RIM-ONE,RIMONE_r3_N-1-L_left_half,0,Normal,C:/Users/TRIPU/OneDrive/Documents/ML/end sem project/RIM-ONE_DL_images\RIM-ONE_DL_images\partitioned_by_hospital\training_set\normal\r3_N-1-L_left_half.png,C:/Users/TRIPU/.gemini/antigravity/scratch/glaucoma_detection\data\processed\RIM-ONE\normal\RIMONE_r3_N-1-L_left_half.png,external_test,-1,r3,partitioned_by_hospital/training_set,False,0.5500911895209439,12.057491051355399,1772.684467781338,5960.517837656538,0.4023337850765306,0.012340197313676145,144.45884189467824,0.006364212654441407,82.87174930660441,0.1732950092472564,1509.8653460503135
RIMONE_r3_N-10-R_left_half,RIM-ONE,RIMONE_r3_N-10-R_left_half,0,Normal,C:/Users/TRIPU/OneDrive/Documents/ML/end sem project/RIM-ONE_DL_images\RIM-ONE_DL_images\partitioned_by_hospital\training_set\normal\r3_N-10-R_left_half.png,C:/Users/TRIPU/.gemini/antigravity/scratch/glaucoma_detection\data\processed\RIM-ONE\normal\RIMONE_r3_N-10-R_left_half.png,external_test,-1,r3,partitioned_by_hospital/training_set,False,0.4990990189951121,17.889383076673028,1688.8160376046537,4340.862117314182,0.3454689492984694,0.020504975750691976,85.23759123641959,0.009748960731048448,44.52248301969469,0.46017608629679346,1159.6370361993365
RIMONE_r3_N-11-L_left_half,RIM-ONE,RIMONE_r3_N-11-L_left_half,0,Normal,C:/Users/TRIPU/OneDrive/Documents/ML/end sem project/RIM-ONE_DL_images\RIM-ONE_DL_images\partitioned_by_hospital\training_set\normal\r3_N-11-L_left_half.png,C:/Users/TRIPU/.gemini/antigravity/scratch/glaucoma_detection\data\processed\RIM-ONE\normal\RIMONE_r3_N-11-L_left_half.png,external_test,-1,r3,partitioned_by_hospital/training_set,False,0.48141059768746425,19.826612049660866,1834.2693606857167,3876.8619589749533,0.3278260522959184,0.03133613916664009,65.18786321632876,0.014059323255015322,34.35008918041861,0.8080107580835687,858.8153090830582
RIMONE_r3_N-12-R_left_half,RIM-ONE,RIMONE_r3_N-12-R_left_half,0,Normal,C:/Users/TRIPU/OneDrive/Documents/ML/end sem project/RIM-ONE_DL_images\RIM-ONE_DL_images\partitioned_by_hospital\training_set\normal\r3_N-12-R_left_half.png,C:/Users/TRIPU/.gemini/antigravity/scratch/glaucoma_detection\data\processed\RIM-ONE\normal\RIMONE_r3_N-12-R_left_half.png,external_test,-1,r3,partitioned_by_hospital/training_set,False,0.4811794891143458,25.20009555117524,1660.0904834964583,3679.986572956148,0.3123007015306123,0.04267196847270747,58.81345451782456,0.019693433370851127,32.83104834251522,1.6365001246420343,752.3240292229766
RIMONE_r3_N-13-L_left_half,RIM-ONE,RIMONE_r3_N-13-L_left_half,0,Normal,C:/Users/TRIPU/OneDrive/Documents/ML/end sem project/RIM-ONE_DL_images\RIM-ONE_DL_images\partitioned_by_hospital\training_set\normal\r3_N-13-L_left_half.png,C:/Users/TRIPU/.gemini/antigravity/scratch/glaucoma_detection\data\processed\RIM-ONE\normal\RIMONE_r3_N-13-L_left_half.png,external_test,-1,r3,partitioned_by_hospital/training_set,False,0.46746693796091365,24.237596816245876,1613.991126355375,3479.973281518858,0.3080905213647959,0.031461396743044524,82.48823186829806,0.01380925578377716,41.87264253664857,1.0242706877512506,1222.3848443211375
RIMONE_r3_N-14-R_left_half,RIM-ONE,RIMONE_r3_N-14-R_left_half,0,Normal,C:/Users/TRIPU/OneDrive/Documents/ML/end sem project/RIM-ONE_DL_images\RIM-ONE_DL_images\partitioned_by_hospital\training_set\normal\r3_N-14-R_left_half.png,C:/Users/TRIPU/.gemini/antigravity/scratch/glaucoma_detection\data\processed\RIM-ONE\normal\RIMONE_r3_N-14-R_left_half.png,external_test,-1,r3,partitioned_by_hospital/training_set,False,0.6076361510076713,7.213426887408994,1453.9179014668725,8706.033887762333,0.48876454878826536,0.007217016739433644,228.0012332247568,0.004212398971790645,139.5071042373744,0.05524190425632069,1749.242873425792
RIMONE_r3_N-16-R_left_half,RIM-ONE,RIMONE_r3_N-16-R_left_half,0,Normal,C:/Users/TRIPU/OneDrive/Documents/ML/end sem project/RIM-ONE_DL_images\RIM-ONE_DL_images\partitioned_by_hospital\training_set\normal\r3_N-16-R_left_half.png,C:/Users/TRIPU/.gemini/antigravity/scratch/glaucoma_detection\data\processed\RIM-ONE\normal\RIMONE_r3_N-16-R_left_half.png,external_test,-1,r3,partitioned_by_hospital/training_set,False,0.6060647098160115,7.4808043750224344,1572.5834137194256,8593.042251943005,0.483527981505102,0.007808081391547253,226.97628260441087,0.004541681829565592,136.90898521921758,0.058100879867139216,1989.484917064763
RIMONE_r3_N-17-L_left_half,RIM-ONE,RIMONE_r3_N-17-L_left_half,0,Normal,C:/Users/TRIPU/OneDrive/Documents/ML/end sem project/RIM-ONE_DL_images\RIM-ONE_DL_images\partitioned_by_hospital\training_set\normal\r3_N-17-L_left_half.png,C:/Users/TRIPU/.gemini/antigravity/scratch/glaucoma_detection\data\processed\RIM-ONE\normal\RIMONE_r3_N-17-L_left_half.png,external_test,-1,r3,partitioned_by_hospital/training_set,False,0.5285155959888603,13.31498164442928,1770.3004046328124,5369.853982988515,0.3861607142857143,0.020864396450000572,99.94551433030347,0.010133763084025402,56.498286996201585,0.39643900490835215,1023.860704019104
RIMONE_r3_N-18-R_left_half,RIM-ONE,RIMONE_r3_N-18-R_left_half,0,Normal,C:/Users/TRIPU/OneDrive/Documents/ML/end sem project/RIM-ONE_DL_images\RIM-ONE_DL_images\partitioned_by_hospital\training_set\normal\r3_N-18-R_left_half.png,C:/Users/TRIPU/.gemini/antigravity/scratch/glaucoma_detection\data\processed\RIM-ONE\normal\RIMONE_r3_N-18-R_left_half.png,external_test,-1,r3,partitioned_by_hospital/training_set,False,0.5864073988543992,8.212885390483947,1744.615049238969,7730.394007732746,0.4628806600765306,0.011804879660012167,146.76734950480216,0.006403891904727434,88.14320677758589,0.1298594254397179,1121.723045516256
RIMONE_r3_N-2-R_left_half,RIM-ONE,RIMONE_r3_N-2-R_left_half,0,Normal,C:/Users/TRIPU/OneDrive/Documents/ML/end sem project/RIM-ONE_DL_images\RIM-ONE_DL_images\partitioned_by_hospital\training_set\normal\r3_N-2-R_left_half.png,C:/Users/TRIPU/.gemini/antigravity/scratch/glaucoma_detection\data\processed\RIM-ONE\normal\RIMONE_r3_N-2-R_left_half.png,external_test,-1,r3,partitioned_by_hospital/training_set,False,0.5148554719828754,17.355761397944228,1581.723865118003,4645.853555611384,0.35292769451530615,0.01895807465118083,99.64759887789192,0.009183544639081965,54.17939140835334,0.45304554787571183,1237.3453832706698
RIMONE_r3_N-20-R_left_half,RIM-ONE,RIMONE_r3_N-20-R_left_half,0,Normal,C:/Users/TRIPU/OneDrive/Documents/ML/end sem project/RIM-ONE_DL_images\RIM-ONE_DL_images\partitioned_by_hospital\training_set\normal\r3_N-20-R_left_half.png,C:/Users/TRIPU/.gemini/antigravity/scratch/glaucoma_detection\data\processed\RIM-ONE\normal\RIMONE_r3_N-20-R_left_half.png,external_test,-1,r3,partitioned_by_hospital/training_set,False,0.6110258403234563,6.954731101469587,2079.3866111491334,8840.303079888965,0.4926060267857143,0.005559086826567153,222.70939800319317,0.0033960232304014702,134.38545911857972,0.03803820530149696,1612.6719137680113
RIMONE_r3_N-21-L_left_half,RIM-ONE,RIMONE_r3_N-21-L_left_half,0,Normal,C:/Users/TRIPU/OneDrive/Documents/ML/end sem project/RIM-ONE_DL_images\RIM-ONE_DL_images\partitioned_by_hospital\training_set\normal\r3_N-21-L_left_half.png,C:/Users/TRIPU/.gemini/antigravity/scratch/glaucoma_detection\data\processed\RIM-ONE\normal\RIMONE_r3_N-21-L_left_half.png,external_test,-1,r3,partitioned_by_hospital/training_set,False,0.4541324585147089,30.139201443193993,2375.3493376717347,2965.045421221194,0.2806819993622449,0.04107992842542455,35.398885248132004,0.018489695488376347,16.51676434937779,1.4424207372333946,864.764776952162
RIMONE_r3_N-22-R_left_half,RIM-ONE,RIMONE_r3_N-22-R_left_half,0,Normal,C:/Users/TRIPU/OneDrive/Documents/ML/end sem project/RIM-ONE_DL_images\RIM-ONE_DL_images\partitioned_by_hospital\training_set\normal\r3_N-22-R_left_half.png,C:/Users/TRIPU/.gemini/antigravity/scratch/glaucoma_detection\data\processed\RIM-ONE\normal\RIMONE_r3_N-22-R_left_half.png,external_test,-1,r3,partitioned_by_hospital/training_set,False,0.4624577147360242,38.540187446771704,2064.3353794489144,2880.6682378988107,0.2677026865433673,0.043213247800565194,38.44145931040596,0.02112214996345667,18.218265725176334,2.51707223236654,994.022889141149
RIMONE_r3_N-23-L_left_half,RIM-ONE,RIMONE_r3_N-23-L_left_half,0,Normal,C:/Users/TRIPU/OneDrive/Documents/ML/end sem project/RIM-ONE_DL_images\RIM-ONE_DL_images\partitioned_by_hospital\training_set\normal\r3_N-23-L_left_half.png,C:/Users/TRIPU/.gemini/antigravity/scratch/glaucoma_detection\data\processed\RIM-ONE\normal\RIMONE_r3_N-23-L_left_half.png,external_test,-1,r3,partitioned_by_hospital/training_set,False,0.5693300128343002,10.14941267163043,1539.5560760774983,6837.701820332514,0.4319644850127551,0.0093862715260072,168.98966462442323,0.005039748336363821,98.47633840128029,0.11559951741658668,1561.367683243138
RIMONE_r3_N-24-R_left_half,RIM-ONE,RIMONE_r3_N-24-R_left_half,0,Normal,C:/Users/TRIPU/OneDrive/Documents/ML/end sem project/RIM-ONE_DL_images\RIM-ONE_DL_images\partitioned_by_hospital\training_set\normal\r3_N-24-R_left_half.png,C:/Users/TRIPU/.gemini/antigravity/scratch/glaucoma_detection\data\processed\RIM-ONE\normal\RIMONE_r3_N-24-R_left_half.png,external_test,-1,r3,partitioned_by_hospital/training_set,False,0.45730481589827776,28.486518738833595,1611.0433441343907,3170.78497048777,0.29324776785714285,0.03018554776209279,59.2700353096149,0.013395754083180701,28.501667122316064,1.2618552702517856,1144.0267876839305
RIMONE_r3_N-25-L_left_half,RIM-ONE,RIMONE_r3_N-25-L_left_half,0,Normal,C:/Users/TRIPU/OneDrive/Documents/ML/end sem project/RIM-ONE_DL_images\RIM-ONE_DL_images\partitioned_by_hospital\training_set\normal\r3_N-25-L_left_half.png,C:/Users/TRIPU/.gemini/antigravity/scratch/glaucoma_detection\data\processed\RIM-ONE\normal\RIMONE_r3_N-25-L_left_half.png,external_test,-1,r3,partitioned_by_hospital/training_set,False,0.5542175215014253,9.81835252307918,1428.486962828345,6572.822976822745,0.4305444834183674,0.006631334610937467,230.5906533411686,0.0036347917373196017,126.0041503736997,0.06410309783105755,2541.687833825036
RIMONE_r3_N-26-R_left_half,RIM-ONE,RIMONE_r3_N-26-R_left_half,0,Normal,C:/Users/TRIPU/OneDrive/Documents/ML/end sem project/RIM-ONE_DL_images\RIM-ONE_DL_images\partitioned_by_hospital\training_set\normal\r3_N-26-R_left_half.png,C:/Users/TRIPU/.gemini/antigravity/scratch/glaucoma_detection\data\processed\RIM-ONE\normal\RIMONE_r3_N-26-R_left_half.png,external_test,-1,r3,partitioned_by_hospital/training_set,False,0.5999850276451545,7.73485696854277,1533.2699192794848,8264.635741778022,0.47573541135204084,0.007246754144757347,217.99193795441516,0.004235085567786297,130.83626959709278,0.05636253921309475,1800.6822710239612
RIMONE_r3_N-27-L_left_half,RIM-ONE,RIMONE_r3_N-27-L_left_half,0,Normal,C:/Users/TRIPU/OneDrive/Documents/ML/end sem project/RIM-ONE_DL_images\RIM-ONE_DL_images\partitioned_by_hospital\training_set\normal\r3_N-27-L_left_half.png,C:/Users/TRIPU/.gemini/antigravity/scratch/glaucoma_detection\data\processed\RIM-ONE\normal\RIMONE_r3_N-27-L_left_half.png,external_test,-1,r3,partitioned_by_hospital/training_set,False,0.6008537193703735,7.538118157419083,1567.9151203290066,8381.232409167675,0.47984594228316324,0.007103079901388634,213.5210453983981,0.0041553532829757085,127.38316792385534,0.055472977875197865,1713.611814747647
RIMONE_r3_N-28-R_left_half,RIM-ONE,RIMONE_r3_N-28-R_left_half,0,Normal,C:/Users/TRIPU/OneDrive/Documents/ML/end sem project/RIM-ONE_DL_images\RIM-ONE_DL_images\partitioned_by_hospital\training_set\normal\r3_N-28-R_left_half.png,C:/Users/TRIPU/.gemini/antigravity/scratch/glaucoma_detection\data\processed\RIM-ONE\normal\RIMONE_r3_N-28-R_left_half.png,external_test,-1,r3,partitioned_by_hospital/training_set,False,0.5931379655376792,7.697800617584269,1742.8086791072712,8076.728351477896,0.47361288265306123,0.007749520034435409,190.42686516639048,0.0045168051807651394,111.9793284115115,0.060839967932945854,1561.5596929305218
RIMONE_r3_N-29-L_left_half,RIM-ONE,RIMONE_r3_N-29-L_left_half,0,Normal,C:/Users/TRIPU/OneDrive/Documents/ML/end sem project/RIM-ONE_DL_images\RIM-ONE_DL_images\partitioned_by_hospital\training_set\normal\r3_N-29-L_left_half.png,C:/Users/TRIPU/.gemini/antigravity/scratch/glaucoma_detection\data\processed\RIM-ONE\normal\RIMONE_r3_N-29-L_left_half.png,external_test,-1,r3,partitioned_by_hospital/training_set,False,0.5401303540592426,11.014222475774684,1677.7647635290095,5929.082866933449,0.40921456473214285,0.006803852018622169,195.91772041803705,0.003626700058383156,105.3907935013212,0.0761285231807924,2198.6558564103984
RIMONE_r3_N-3-L_left_half,RIM-ONE,RIMONE_r3_N-3-L_left_half,0,Normal,C:/Users/TRIPU/OneDrive/Documents/ML/end sem project/RIM-ONE_DL_images\RIM-ONE_DL_images\partitioned_by_hospital\training_set\normal\r3_N-3-L_left_half.png,C:/Users/TRIPU/.gemini/antigravity/scratch/glaucoma_detection\data\processed\RIM-ONE\normal\RIMONE_r3_N-3-L_left_half.png,external_test,-1,r3,partitioned_by_hospital/training_set,False,0.573479243915737,8.232338016480517,2188.396615028435,7416.9742750135865,0.45849609375,0.010153431872923313,134.9503752918706,0.005633574004330267,79.06616134104961,0.0880743167226834,1073.4892579315997
RIMONE_r3_N-30-R_left_half,RIM-ONE,RIMONE_r3_N-30-R_left_half,0,Normal,C:/Users/TRIPU/OneDrive/Documents/ML/end sem project/RIM-ONE_DL_images\RIM-ONE_DL_images\partitioned_by_hospital\training_set\normal\r3_N-30-R_left_half.png,C:/Users/TRIPU/.gemini/antigravity/scratch/glaucoma_detection\data\processed\RIM-ONE\normal\RIMONE_r3_N-30-R_left_half.png,external_test,-1,r3,partitioned_by_hospital/training_set,False,0.5102991991064012,13.12915373496127,1965.504211396174,5023.928696744953,0.379947584502551,0.006207007466942905,191.8167325197204,0.003152646348715312,97.64091421466571,0.08204680331306968,2520.7318331147494
RIMONE_r3_N-31-L_left_half,RIM-ONE,RIMONE_r3_N-31-L_left_half,0,Normal,C:/Users/TRIPU/OneDrive/Documents/ML/end sem project/RIM-ONE_DL_images\RIM-ONE_DL_images\partitioned_by_hospital\training_set\normal\r3_N-31-L_left_half.png,C:/Users/TRIPU/.gemini/antigravity/scratch/glaucoma_detection\data\processed\RIM-ONE\normal\RIMONE_r3_N-31-L_left_half.png,external_test,-1,r3,partitioned_by_hospital/training_set,False,0.5889428162578787,8.002986392608125,2120.4322342172945,7894.840539155174,0.46774354272959184,0.010342403093747243,139.84993075579825,0.005932281767809707,83.886020657945,0.08505785837957622,1100.6949822686406
RIMONE_r3_N-32-R_left_half,RIM-ONE,RIMONE_r3_N-32-R_left_half,0,Normal,C:/Users/TRIPU/OneDrive/Documents/ML/end sem project/RIM-ONE_DL_images\RIM-ONE_DL_images\partitioned_by_hospital\training_set\normal\r3_N-32-R_left_half.png,C:/Users/TRIPU/.gemini/antigravity/scratch/glaucoma_detection\data\processed\RIM-ONE\normal\RIMONE_r3_N-32-R_left_half.png,external_test,-1,r3,partitioned_by_hospital/training_set,False,0.5929449356671123,8.834220311200845,1605.4841182324592,7764.853257319901,0.45809749681122447,0.012758616889776395,139.92953794417966,0.006949488056065969,85.18467544184536,0.15766342761946137,1107.2907840052337
RIMONE_r3_N-33-L_left_half,RIM-ONE,RIMONE_r3_N-33-L_left_half,0,Normal,C:/Users/TRIPU/OneDrive/Documents/ML/end sem project/RIM-ONE_DL_images\RIM-ONE_DL_images\partitioned_by_hospital\training_set\normal\r3_N-33-L_left_half.png,C:/Users/TRIPU/.gemini/antigravity/scratch/glaucoma_detection\data\processed\RIM-ONE\normal\RIMONE_r3_N-33-L_left_half.png,external_test,-1,r3,partitioned_by_hospital/training_set,False,0.5545445585645994,10.954314120644888,1572.1097724702033,6311.325893134839,0.4164789939413266,0.01492669427223939,137.97401105006858,0.007532895747293761,81.60316274523322,0.20426721409445697,1229.7806886278152
RIMONE_r3_N-34-R_left_half,RIM-ONE,RIMONE_r3_N-34-R_left_half,0,Normal,C:/Users/TRIPU/OneDrive/Documents/ML/end sem project/RIM-ONE_DL_images\RIM-ONE_DL_images\partitioned_by_hospital\training_set\normal\r3_N-34-R_left_half.png,C:/Users/TRIPU/.gemini/antigravity/scratch/glaucoma_detection\data\processed\RIM-ONE\normal\RIMONE_r3_N-34-R_left_half.png,external_test,-1,r3,partitioned_by_hospital/training_set,False,0.5214430729770427,14.205683222082603,1482.364448984301,5155.995941559223,0.3770727040816326,0.018643177035561773,112.44707110898337,0.008963147441438361,61.563787160466944,0.3574974288503854,1265.1436546741602
RIMONE_r3_N-35-L_left_half,RIM-ONE,RIMONE_r3_N-35-L_left_half,0,Normal,C:/Users/TRIPU/OneDrive/Documents/ML/end sem project/RIM-ONE_DL_images\RIM-ONE_DL_images\partitioned_by_hospital\training_set\normal\r3_N-35-L_left_half.png,C:/Users/TRIPU/.gemini/antigravity/scratch/glaucoma_detection\data\processed\RIM-ONE\normal\RIMONE_r3_N-35-L_left_half.png,external_test,-1,r3,partitioned_by_hospital/training_set,False,0.5223431485761267,12.041961927114654,1592.617803642362,5434.489562210459,0.394287109375,0.014060083436771386,132.57194346938203,0.007001822661012019,70.89611329880829,0.19740198493550726,1428.4152212661827
RIMONE_r3_N-36-R_left_half,RIM-ONE,RIMONE_r3_N-36-R_left_half,0,Normal,C:/Users/TRIPU/OneDrive/Documents/ML/end sem project/RIM-ONE_DL_images\RIM-ONE_DL_images\partitioned_by_hospital\training_set\normal\r3_N-36-R_left_half.png,C:/Users/TRIPU/.gemini/antigravity/scratch/glaucoma_detection\data\processed\RIM-ONE\normal\RIMONE_r3_N-36-R_left_half.png,external_test,-1,r3,partitioned_by_hospital/training_set,False,0.5530318339871324,10.377183430462253,1604.5920267061847,6369.6284782749935,0.42184510522959184,0.011554787705767604,150.65547518496524,0.006050600042401953,84.49253037343075,0.13244670549182638,1574.4961275897892
RIMONE_r3_N-37-L_left_half,RIM-ONE,RIMONE_r3_N-37-L_left_half,0,Normal,C:/Users/TRIPU/OneDrive/Documents/ML/end sem project/RIM-ONE_DL_images\RIM-ONE_DL_images\partitioned_by_hospital\training_set\normal\r3_N-37-L_left_half.png,C:/Users/TRIPU/.gemini/antigravity/scratch/glaucoma_detection\data\processed\RIM-ONE\normal\RIMONE_r3_N-37-L_left_half.png,external_test,-1,r3,partitioned_by_hospital/training_set,False,0.5105396015338736,13.293224957255518,2290.9290775887457,4958.060833672737,0.37691326530612246,0.011041532490082004,111.42385538681931,0.0055736187338767075,57.33798886998725,0.15319853858051302,1429.0628642910337
RIMONE_r3_N-38-R_left_half,RIM-ONE,RIMONE_r3_N-38-R_left_half,0,Normal,C:/Users/TRIPU/OneDrive/Documents/ML/end sem project/RIM-ONE_DL_images\RIM-ONE_DL_images\partitioned_by_hospital\training_set\normal\r3_N-38-R_left_half.png,C:/Users/TRIPU/.gemini/antigravity/scratch/glaucoma_detection\data\processed\RIM-ONE\normal\RIMONE_r3_N-38-R_left_half.png,external_test,-1,r3,partitioned_by_hospital/training_set,False,0.4736164760149407,23.67519611013051,2284.289765966486,3537.5479784487115,0.31032764668367346,0.018251405441080174,69.52924150080177,0.0086621524457559,33.08871731052546,0.5232473352319337,1407.6162745782522
RIMONE_r3_N-39-L_left_half,RIM-ONE,RIMONE_r3_N-39-L_left_half,0,Normal,C:/Users/TRIPU/OneDrive/Documents/ML/end sem project/RIM-ONE_DL_images\RIM-ONE_DL_images\partitioned_by_hospital\training_set\normal\r3_N-39-L_left_half.png,C:/Users/TRIPU/.gemini/antigravity/scratch/glaucoma_detection\data\processed\RIM-ONE\normal\RIMONE_r3_N-39-L_left_half.png,external_test,-1,r3,partitioned_by_hospital/training_set,False,0.5146625245893697,12.681766503487841,1848.0991250788131,5138.10867114028,0.3838887117346939,0.010431363807135158,134.06354060505691,0.005262446447902547,69.48432168045201,0.13585111343856607,1682.308861487135
RIMONE_r3_N-4-R_left_half,RIM-ONE,RIMONE_r3_N-4-R_left_half,0,Normal,C:/Users/TRIPU/OneDrive/Documents/ML/end sem project/RIM-ONE_DL_images\RIM-ONE_DL_images\partitioned_by_hospital\training_set\normal\r3_N-4-R_left_half.png,C:/Users/TRIPU/.gemini/antigravity/scratch/glaucoma_detection\data\processed\RIM-ONE\normal\RIMONE_r3_N-4-R_left_half.png,external_test,-1,r3,partitioned_by_hospital/training_set,False,0.5906194349771834,7.390543095863805,2180.736826257803,8151.915512433574,0.47884944993622447,0.009370607774095435,147.1581948233861,0.00540158734915255,87.59482331492387,0.07111374806838218,1098.1590351172736
RIMONE_r3_N-40-R_left_half,RIM-ONE,RIMONE_r3_N-40-R_left_half,0,Normal,C:/Users/TRIPU/OneDrive/Documents/ML/end sem project/RIM-ONE_DL_images\RIM-ONE_DL_images\partitioned_by_hospital\training_set\normal\r3_N-40-R_left_half.png,C:/Users/TRIPU/.gemini/antigravity/scratch/glaucoma_detection\data\processed\RIM-ONE\normal\RIMONE_r3_N-40-R_left_half.png,external_test,-1,r3,partitioned_by_hospital/training_set,False,0.5456795247567081,11.046465880677703,1750.5536545211116,6047.1591537722825,0.41064453125,0.009629432033478998,146.97208167517812,0.005086064144159581,80.92390396946851,0.11885736814287258,1537.6095613617294
RIMONE_r3_N-41-L_left_half,RIM-ONE,RIMONE_r3_N-41-L_left_half,0,Normal,C:/Users/TRIPU/OneDrive/Documents/ML/end sem project/RIM-ONE_DL_images\RIM-ONE_DL_images\partitioned_by_hospital\training_set\normal\r3_N-41-L_left_half.png,C:/Users/TRIPU/.gemini/antigravity/scratch/glaucoma_detection\data\processed\RIM-ONE\normal\RIMONE_r3_N-41-L_left_half.png,external_test,-1,r3,partitioned_by_hospital/training_set,False,0.5436747420783766,11.30010880058396,1768.7144287625667,5927.809646742351,0.406509088010204,0.013697892265148582,117.6254954368202,0.0069948606522508665,66.54368576341676,0.18139590165255923,1165.071746525582
RIMONE_r3_N-42-R_left_half,RIM-ONE,RIMONE_r3_N-42-R_left_half,0,Normal,C:/Users/TRIPU/OneDrive/Documents/ML/end sem project/RIM-ONE_DL_images\RIM-ONE_DL_images\partitioned_by_hospital\training_set\normal\r3_N-42-R_left_half.png,C:/Users/TRIPU/.gemini/antigravity/scratch/glaucoma_detection\data\processed\RIM-ONE\normal\RIMONE_r3_N-42-R_left_half.png,external_test,-1,r3,partitioned_by_hospital/training_set,False,0.5330534921173729,13.486222749074223,1769.0894583630766,5405.207290862886,0.38448162468112246,0.01770033731236629,97.85875262392408,0.008811015705448627,54.52765451723069,0.30057303051551976,1056.6456423386076
RIMONE_r3_N-43-L_left_half,RIM-ONE,RIMONE_r3_N-43-L_left_half,0,Normal,C:/Users/TRIPU/OneDrive/Documents/ML/end sem project/RIM-ONE_DL_images\RIM-ONE_DL_images\partitioned_by_hospital\training_set\normal\r3_N-43-L_left_half.png,C:/Users/TRIPU/.gemini/antigravity/scratch/glaucoma_detection\data\processed\RIM-ONE\normal\RIMONE_r3_N-43-L_left_half.png,external_test,-1,r3,partitioned_by_hospital/training_set,False,0.5240743023969119,12.15735786098389,1993.5772272563954,5409.953123273093,0.39266780931122447,0.008239365141841645,155.49927317735214,0.004222088515071438,83.32425505115953,0.1068244529303059,1765.8992564230593
RIMONE_r3_N-44-R_left_half,RIM-ONE,RIMONE_r3_N-44-R_left_half,0,Normal,C:/Users/TRIPU/OneDrive/Documents/ML/end sem project/RIM-ONE_DL_images\RIM-ONE_DL_images\partitioned_by_hospital\training_set\normal\r3_N-44-R_left_half.png,C:/Users/TRIPU/.gemini/antigravity/scratch/glaucoma_detection\data\processed\RIM-ONE\normal\RIMONE_r3_N-44-R_left_half.png,external_test,-1,r3,partitioned_by_hospital/training_set,False,0.5126798254063556,14.053737877555088,2196.2664647105503,4920.305928400658,0.37252869897959184,0.010099826412170896,123.35750482157236,0.005050639103666319,65.07156923246279,0.15758969337318313,1534.909221710812
RIMONE_r3_N-46-R_left_half,RIM-ONE,RIMONE_r3_N-46-R_left_half,0,Normal,C:/Users/TRIPU/OneDrive/Documents/ML/end sem project/RIM-ONE_DL_images\RIM-ONE_DL_images\partitioned_by_hospital\training_set\normal\r3_N-46-R_left_half.png,C:/Users/TRIPU/.gemini/antigravity/scratch/glaucoma_detection\data\processed\RIM-ONE\normal\RIMONE_r3_N-46-R_left_half.png,external_test,-1,r3,partitioned_by_hospital/training_set,False,0.484085973864534,16.325210959835548,1828.2925183957566,4192.902486691891,0.34739217952806123,0.016777255474240034,89.42505326014378,0.007897593010062232,44.53289670514196,0.304642301558,1319.5847091131332
RIMONE_r3_N-47-L_left_half,RIM-ONE,RIMONE_r3_N-47-L_left_half,0,Normal,C:/Users/TRIPU/OneDrive/Documents/ML/end sem project/RIM-ONE_DL_images\RIM-ONE_DL_images\partitioned_by_hospital\training_set\normal\r3_N-47-L_left_half.png,C:/Users/TRIPU/.gemini/antigravity/scratch/glaucoma_detection\data\processed\RIM-ONE\normal\RIMONE_r3_N-47-L_left_half.png,external_test,-1,r3,partitioned_by_hospital/training_set,False,0.5737404103837268,9.199572969843503,1590.9439216713345,7106.763236478391,0.4434640066964286,0.010179568319317647,176.13494509530952,0.005495483481909532,104.26000527262292,0.10475880335790212,1543.9942008189464
RIMONE_r3_N-48-R_left_half,RIM-ONE,RIMONE_r3_N-48-R_left_half,0,Normal,C:/Users/TRIPU/OneDrive/Documents/ML/end sem project/RIM-ONE_DL_images\RIM-ONE_DL_images\partitioned_by_hospital\training_set\normal\r3_N-48-R_left_half.png,C:/Users/TRIPU/.gemini/antigravity/scratch/glaucoma_detection\data\processed\RIM-ONE\normal\RIMONE_r3_N-48-R_left_half.png,external_test,-1,r3,partitioned_by_hospital/training_set,False,0.4846775352165718,26.243012483485646,1753.4637998331355,3576.9706238874305,0.3036561304209183,0.03252274532467074,61.14039542419412,0.015186976232686701,31.302740971708204,1.0923027968460004,1039.6690150231295
RIMONE_r3_N-49-L_left_half,RIM-ONE,RIMONE_r3_N-49-L_left_half,0,Normal,C:/Users/TRIPU/OneDrive/Documents/ML/end sem project/RIM-ONE_DL_images\RIM-ONE_DL_images\partitioned_by_hospital\training_set\normal\r3_N-49-L_left_half.png,C:/Users/TRIPU/.gemini/antigravity/scratch/glaucoma_detection\data\processed\RIM-ONE\normal\RIMONE_r3_N-49-L_left_half.png,external_test,-1,r3,partitioned_by_hospital/training_set,False,0.5536734251123152,9.227926605616835,2029.473172263993,6662.5564543627115,0.43653838488520413,0.010522321665956636,132.75537047424612,0.005663517900726191,74.45031027778094,0.10406649512734742,1178.7934939048553
RIMONE_r3_N-5-L_left_half,RIM-ONE,RIMONE_r3_N-5-L_left_half,0,Normal,C:/Users/TRIPU/OneDrive/Documents/ML/end sem project/RIM-ONE_DL_images\RIM-ONE_DL_images\partitioned_by_hospital\training_set\normal\r3_N-5-L_left_half.png,C:/Users/TRIPU/.gemini/antigravity/scratch/glaucoma_detection\data\processed\RIM-ONE\normal\RIMONE_r3_N-5-L_left_half.png,external_test,-1,r3,partitioned_by_hospital/training_set,False,0.6034660872623588,7.864179312284456,1937.1631323125214,8335.973440968362,0.4753766741071428,0.004125343801469656,290.3836268767362,0.0025156273545428993,170.59899068070146,0.03038387952881978,2566.951262674904
RIMONE_r3_N-50-R_left_half,RIM-ONE,RIMONE_r3_N-50-R_left_half,0,Normal,C:/Users/TRIPU/OneDrive/Documents/ML/end sem project/RIM-ONE_DL_images\RIM-ONE_DL_images\partitioned_by_hospital\training_set\normal\r3_N-50-R_left_half.png,C:/Users/TRIPU/.gemini/antigravity/scratch/glaucoma_detection\data\processed\RIM-ONE\normal\RIMONE_r3_N-50-R_left_half.png,external_test,-1,r3,partitioned_by_hospital/training_set,False,0.5591106067510179,9.587551430734703,1842.638108870896,6677.679574756383,0.43348413584183676,0.011851626494559554,125.84381520572782,0.006316024622825551,71.96649419667705,0.1290955091220761,1113.7620461789907
RIMONE_r3_N-51-L_left_half,RIM-ONE,RIMONE_r3_N-51-L_left_half,0,Normal,C:/Users/TRIPU/OneDrive/Documents/ML/end sem project/RIM-ONE_DL_images\RIM-ONE_DL_images\partitioned_by_hospital\training_set\normal\r3_N-51-L_left_half.png,C:/Users/TRIPU/.gemini/antigravity/scratch/glaucoma_detection\data\processed\RIM-ONE\normal\RIMONE_r3_N-51-L_left_half.png,external_test,-1,r3,partitioned_by_hospital/training_set,False,0.4831581987600547,32.08570042728222,1683.297203477035,3422.597466891893,0.2916982222576531,0.02868047691500389,80.21998778208038,0.013228580443180859,41.50543741974472,1.238052373833651,1422.284591005457
RIMONE_r3_N-52-R_left_half,RIM-ONE,RIMONE_r3_N-52-R_left_half,0,Normal,C:/Users/TRIPU/OneDrive/Documents/ML/end sem project/RIM-ONE_DL_images\RIM-ONE_DL_images\partitioned_by_hospital\training_set\normal\r3_N-52-R_left_half.png,C:/Users/TRIPU/.gemini/antigravity/scratch/glaucoma_detection\data\processed\RIM-ONE\normal\RIMONE_r3_N-52-R_left_half.png,external_test,-1,r3,partitioned_by_hospital/training_set,False,0.4829884301906411,26.525078560693956,1610.3811898018741,3566.053406307003,0.3038354990433673,0.025506262282634567,82.5798032217233,0.012102941683330634,42.276025623178874,0.942670329009644,1402.3290215579211
RIMONE_r3_N-53-L_left_half,RIM-ONE,RIMONE_r3_N-53-L_left_half,0,Normal,C:/Users/TRIPU/OneDrive/Documents/ML/end sem project/RIM-ONE_DL_images\RIM-ONE_DL_images\partitioned_by_hospital\training_set\normal\r3_N-53-L_left_half.png,C:/Users/TRIPU/.gemini/antigravity/scratch/glaucoma_detection\data\processed\RIM-ONE\normal\RIMONE_r3_N-53-L_left_half.png,external_test,-1,r3,partitioned_by_hospital/training_set,False,0.5438111805463932,12.996054251937803,1377.3568550710368,5698.573628767044,0.3927126514668367,0.012956114644395448,153.25999753888038,0.006489421061510561,84.80555648361143,0.21507672742681783,1749.7128004710974
RIMONE_r3_N-54-R_left_half,RIM-ONE,RIMONE_r3_N-54-R_left_half,0,Normal,C:/Users/TRIPU/OneDrive/Documents/ML/end sem project/RIM-ONE_DL_images\RIM-ONE_DL_images\partitioned_by_hospital\training_set\normal\r3_N-54-R_left_half.png,C:/Users/TRIPU/.gemini/antigravity/scratch/glaucoma_detection\data\processed\RIM-ONE\normal\RIMONE_r3_N-54-R_left_half.png,external_test,-1,r3,partitioned_by_hospital/training_set,False,0.5341980691235643,14.99427462906041,1166.9020142343822,5294.52443988802,0.3759167729591837,0.01756579090920125,149.75651547991473,0.008221786033475542,84.53301021169018,0.4100293243238966,1589.5553488519836
RIMONE_r3_N-55-L_left_half,RIM-ONE,RIMONE_r3_N-55-L_left_half,0,Normal,C:/Users/TRIPU/OneDrive/Documents/ML/end sem project/RIM-ONE_DL_images\RIM-ONE_DL_images\partitioned_by_hospital\training_set\normal\r3_N-55-L_left_half.png,C:/Users/TRIPU/.gemini/antigravity/scratch/glaucoma_detection\data\processed\RIM-ONE\normal\RIMONE_r3_N-55-L_left_half.png,external_test,-1,r3,partitioned_by_hospital/training_set,False,0.5197589288832489,11.805677282563785,1679.9223198145137,5409.512436175343,0.395198899872449,0.016667215629391264,121.83566581058874,0.008163292043741433,66.7791271442946,0.23792570064642568,1186.7143109699389
RIMONE_r3_N-56-R_left_half,RIM-ONE,RIMONE_r3_N-56-R_left_half,0,Normal,C:/Users/TRIPU/OneDrive/Documents/ML/end sem project/RIM-ONE_DL_images\RIM-ONE_DL_images\partitioned_by_hospital\training_set\normal\r3_N-56-R_left_half.png,C:/Users/TRIPU/.gemini/antigravity/scratch/glaucoma_detection\data\processed\RIM-ONE\normal\RIMONE_r3_N-56-R_left_half.png,external_test,-1,r3,partitioned_by_hospital/training_set,False,0.5118358222573984,15.404518103121504,1389.734089253331,4859.633635140264,0.3672323421556123,0.02090186883349017,111.0000221685876,0.009818818314136646,61.09266854233292,0.4868988688210874,1164.7959408107042
RIMONE_r3_N-58-R_left_half,RIM-ONE,RIMONE_r3_N-58-R_left_half,0,Normal,C:/Users/TRIPU/OneDrive/Documents/ML/end sem project/RIM-ONE_DL_images\RIM-ONE_DL_images\partitioned_by_hospital\training_set\normal\r3_N-58-R_left_half.png,C:/Users/TRIPU/.gemini/antigravity/scratch/glaucoma_detection\data\processed\RIM-ONE\normal\RIMONE_r3_N-58-R_left_half.png,external_test,-1,r3,partitioned_by_hospital/training_set,False,0.5599220588186954,9.599934524483748,1566.9559831922995,6743.616735581385,0.43522799744897955,0.007808080130387436,190.1078295899655,0.004188362536866584,107.83887657937615,0.09020253543636608,1672.9839351773476
RIMONE_r3_N-59-L_left_half,RIM-ONE,RIMONE_r3_N-59-L_left_half,0,Normal,C:/Users/TRIPU/OneDrive/Documents/ML/end sem project/RIM-ONE_DL_images\RIM-ONE_DL_images\partitioned_by_hospital\training_set\normal\r3_N-59-L_left_half.png,C:/Users/TRIPU/.gemini/antigravity/scratch/glaucoma_detection\data\processed\RIM-ONE\normal\RIMONE_r3_N-59-L_left_half.png,external_test,-1,r3,partitioned_by_hospital/training_set,False,0.5093802280456075,13.604603538581362,2683.5364823649893,4922.222601109872,0.37506477200255106,0.010438562387623074,112.37573730959602,0.005302377109362454,57.41037992523404,0.1457376675783425,1463.9839095176853
RIMONE_r3_N-6-R_left_half,RIM-ONE,RIMONE_r3_N-6-R_left_half,0,Normal,C:/Users/TRIPU/OneDrive/Documents/ML/end sem project/RIM-ONE_DL_images\RIM-ONE_DL_images\partitioned_by_hospital\training_set\normal\r3_N-6-R_left_half.png,C:/Users/TRIPU/.gemini/antigravity/scratch/glaucoma_detection\data\processed\RIM-ONE\normal\RIMONE_r3_N-6-R_left_half.png,external_test,-1,r3,partitioned_by_hospital/training_set,False,0.5198648975492497,13.328857184472827,1896.0161601094449,5177.372001098993,0.3817462531887755,0.016821252850244092,90.0669658767955,0.00837453952053537,48.16444556744631,0.2678871898396935,1049.4850130305545
RIMONE_r3_N-61-L_left_half,RIM-ONE,RIMONE_r3_N-61-L_left_half,0,Normal,C:/Users/TRIPU/OneDrive/Documents/ML/end sem project/RIM-ONE_DL_images\RIM-ONE_DL_images\partitioned_by_hospital\training_set\normal\r3_N-61-L_left_half.png,C:/Users/TRIPU/.gemini/antigravity/scratch/glaucoma_detection\data\processed\RIM-ONE\normal\RIMONE_r3_N-61-L_left_half.png,external_test,-1,r3,partitioned_by_hospital/training_set,False,0.4624295626330289,23.186863094685542,1748.6924616007311,3443.700564410726,0.3095603475765306,0.038833944807569895,54.43134215641744,0.017109991421118145,26.35557360142556,1.1458999892869808,894.1303545400274
RIMONE_r3_N-62-R_left_half,RIM-ONE,RIMONE_r3_N-62-R_left_half,0,Normal,C:/Users/TRIPU/OneDrive/Documents/ML/end sem project/RIM-ONE_DL_images\RIM-ONE_DL_images\partitioned_by_hospital\training_set\normal\r3_N-62-R_left_half.png,C:/Users/TRIPU/.gemini/antigravity/scratch/glaucoma_detection\data\processed\RIM-ONE\normal\RIMONE_r3_N-62-R_left_half.png,external_test,-1,r3,partitioned_by_hospital/training_set,False,0.4504788254991815,30.280173679303093,1874.9273803300957,3001.7704502248394,0.2842643893494898,0.05768781563665133,36.99775149284623,0.02630787492897598,17.399063329261512,2.277813822619317,716.0007467203787
RIMONE_r3_N-63-L_left_half,RIM-ONE,RIMONE_r3_N-63-L_left_half,0,Normal,C:/Users/TRIPU/OneDrive/Documents/ML/end sem project/RIM-ONE_DL_images\RIM-ONE_DL_images\partitioned_by_hospital\training_set\normal\r3_N-63-L_left_half.png,C:/Users/TRIPU/.gemini/antigravity/scratch/glaucoma_detection\data\processed\RIM-ONE\normal\RIMONE_r3_N-63-L_left_half.png,external_test,-1,r3,partitioned_by_hospital/training_set,False,0.5404379758057368,10.838410673307411,1475.9611074117377,6072.217156607478,0.41455078125,0.013152236937426764,143.3564749586102,0.006671630325403562,78.94875859749992,0.18098005832402414,1367.8240605902158
RIMONE_r3_N-64-R_left_half,RIM-ONE,RIMONE_r3_N-64-R_left_half,0,Normal,C:/Users/TRIPU/OneDrive/Documents/ML/end sem project/RIM-ONE_DL_images\RIM-ONE_DL_images\partitioned_by_hospital\training_set\normal\r3_N-64-R_left_half.png,C:/Users/TRIPU/.gemini/antigravity/scratch/glaucoma_detection\data\processed\RIM-ONE\normal\RIMONE_r3_N-64-R_left_half.png,external_test,-1,r3,partitioned_by_hospital/training_set,False,0.6176811764393956,6.658173803900085,1649.0147649077653,9205.625517211525,0.5021324936224489,0.009786374287206443,182.5552436258385,0.005764420984662686,113.8821400328739,0.07226436010979888,1217.724909870924
RIMONE_r3_N-65-L_left_half,RIM-ONE,RIMONE_r3_N-65-L_left_half,0,Normal,C:/Users/TRIPU/OneDrive/Documents/ML/end sem project/RIM-ONE_DL_images\RIM-ONE_DL_images\partitioned_by_hospital\training_set\normal\r3_N-65-L_left_half.png,C:/Users/TRIPU/.gemini/antigravity/scratch/glaucoma_detection\data\processed\RIM-ONE\normal\RIMONE_r3_N-65-L_left_half.png,external_test,-1,r3,partitioned_by_hospital/training_set,False,0.5121885138472192,15.048993631095609,1891.5662432932213,4778.646148693919,0.3638542330994898,0.01145983858679894,117.4815738486523,0.00576341558359482,60.91293646295358,0.18714919126295804,1621.020132638317
RIMONE_r3_N-66-R_left_half,RIM-ONE,RIMONE_r3_N-66-R_left_half,0,Normal,C:/Users/TRIPU/OneDrive/Documents/ML/end sem project/RIM-ONE_DL_images\RIM-ONE_DL_images\partitioned_by_hospital\training_set\normal\r3_N-66-R_left_half.png,C:/Users/TRIPU/.gemini/antigravity/scratch/glaucoma_detection\data\processed\RIM-ONE\normal\RIMONE_r3_N-66-R_left_half.png,external_test,-1,r3,partitioned_by_hospital/training_set,False,0.4636701612786681,28.926270393335702,2542.7618342403202,3111.3841678113217,0.28640684789540816,0.023034699384238015,52.80609493182065,0.010777509577231474,24.597410387215046,0.7543621132351737,1336.5226203628854
RIMONE_r3_N-67-L_left_half,RIM-ONE,RIMONE_r3_N-67-L_left_half,0,Normal,C:/Users/TRIPU/OneDrive/Documents/ML/end sem project/RIM-ONE_DL_images\RIM-ONE_DL_images\partitioned_by_hospital\training_set\normal\r3_N-67-L_left_half.png,C:/Users/TRIPU/.gemini/antigravity/scratch/glaucoma_detection\data\processed\RIM-ONE\normal\RIMONE_r3_N-67-L_left_half.png,external_test,-1,r3,partitioned_by_hospital/training_set,False,0.5037553723178361,14.275409035230506,2006.9012748074892,4762.7704555475075,0.3690459582270408,0.018988059738093553,83.35527484879614,0.009158485694009575,43.809255775574904,0.3077361921091268,1004.6027646904766
RIMONE_r3_N-68-R_left_half,RIM-ONE,RIMONE_r3_N-68-R_left_half,0,Normal,C:/Users/TRIPU/OneDrive/Documents/ML/end sem project/RIM-ONE_DL_images\RIM-ONE_DL_images\partitioned_by_hospital\training_set\normal\r3_N-68-R_left_half.png,C:/Users/TRIPU/.gemini/antigravity/scratch/glaucoma_detection\data\processed\RIM-ONE\normal\RIMONE_r3_N-68-R_left_half.png,external_test,-1,r3,partitioned_by_hospital/training_set,False,0.5076590809953586,14.541224190003492,1858.9451804882278,4777.683077274258,0.36700813137755106,0.015451218534432591,95.66290277750096,0.007517712701049515,49.97059379667986,0.2576987841371553,1249.926437306033
RIMONE_r3_N-69-L_left_half,RIM-ONE,RIMONE_r3_N-69-L_left_half,0,Normal,C:/Users/TRIPU/OneDrive/Documents/ML/end sem project/RIM-ONE_DL_images\RIM-ONE_DL_images\partitioned_by_hospital\training_set\normal\r3_N-69-L_left_half.png,C:/Users/TRIPU/.gemini/antigravity/scratch/glaucoma_detection\data\processed\RIM-ONE\normal\RIMONE_r3_N-69-L_left_half.png,external_test,-1,r3,partitioned_by_hospital/training_set,False,0.4913708171285651,15.893518560615679,1545.5643758131364,4399.901792947969,0.35467155612244894,0.017187296702093836,99.96905779277688,0.008070111853710376,50.91098610397002,0.3351291985356018,1320.5788415152858
RIMONE_r3_N-7-L_left_half,RIM-ONE,RIMONE_r3_N-7-L_left_half,0,Normal,C:/Users/TRIPU/OneDrive/Documents/ML/end sem project/RIM-ONE_DL_images\RIM-ONE_DL_images\partitioned_by_hospital\training_set\normal\r3_N-7-L_left_half.png,C:/Users/TRIPU/.gemini/antigravity/scratch/glaucoma_detection\data\processed\RIM-ONE\normal\RIMONE_r3_N-7-L_left_half.png,external_test,-1,r3,partitioned_by_hospital/training_set,False,0.5636718493953534,9.199184769034053,1624.1516344522083,6923.325823240947,0.4417101801658163,0.011280375320687666,158.48098966287859,0.006161902594430692,89.11358573714206,0.10893897050153582,1540.3852427735326
RIMONE_r3_N-70-R_left_half,RIM-ONE,RIMONE_r3_N-70-R_left_half,0,Normal,C:/Users/TRIPU/OneDrive/Documents/ML/end sem project/RIM-ONE_DL_images\RIM-ONE_DL_images\partitioned_by_hospital\training_set\normal\r3_N-70-R_left_half.png,C:/Users/TRIPU/.gemini/antigravity/scratch/glaucoma_detection\data\processed\RIM-ONE\normal\RIMONE_r3_N-70-R_left_half.png,external_test,-1,r3,partitioned_by_hospital/training_set,False,0.5388387098236675,9.112648435311279,2604.912522406728,6378.613754037441,0.43342434630102045,0.009599658045183876,125.5662708860275,0.0051045339936066315,68.65593329542192,0.08943337469700635,1111.255767681784
RIMONE_r3_N-71-L_left_half,RIM-ONE,RIMONE_r3_N-71-L_left_half,0,Normal,C:/Users/TRIPU/OneDrive/Documents/ML/end sem project/RIM-ONE_DL_images\RIM-ONE_DL_images\partitioned_by_hospital\training_set\normal\r3_N-71-L_left_half.png,C:/Users/TRIPU/.gemini/antigravity/scratch/glaucoma_detection\data\processed\RIM-ONE\normal\RIMONE_r3_N-71-L_left_half.png,external_test,-1,r3,partitioned_by_hospital/training_set,False,0.5123698359139311,15.001709935944815,1819.8086285476957,4869.786240177946,0.3679547991071429,0.022813620515203248,94.71384665632547,0.010938931995095786,51.46672783681814,0.4270676672021263,1091.212021588476
RIMONE_r3_N-72-R_left_half,RIM-ONE,RIMONE_r3_N-72-R_left_half,0,Normal,C:/Users/TRIPU/OneDrive/Documents/ML/end sem project/RIM-ONE_DL_images\RIM-ONE_DL_images\partitioned_by_hospital\training_set\normal\r3_N-72-R_left_half.png,C:/Users/TRIPU/.gemini/antigravity/scratch/glaucoma_detection\data\processed\RIM-ONE\normal\RIMONE_r3_N-72-R_left_half.png,external_test,-1,r3,partitioned_by_hospital/training_set,False,0.6029856100129919,7.283010991787833,1764.5603649449329,8539.785053591837,0.48520208864795916,0.006520498254346155,217.57568589278625,0.003900256018233508,128.2505905211094,0.04702978393472784,1753.7787302234167
RIMONE_r3_N-73-R_left_half,RIM-ONE,RIMONE_r3_N-73-R_left_half,0,Normal,C:/Users/TRIPU/OneDrive/Documents/ML/end sem project/RIM-ONE_DL_images\RIM-ONE_DL_images\partitioned_by_hospital\training_set\normal\r3_N-73-R_left_half.png,C:/Users/TRIPU/.gemini/antigravity/scratch/glaucoma_detection\data\processed\RIM-ONE\normal\RIMONE_r3_N-73-R_left_half.png,external_test,-1,r3,partitioned_by_hospital/training_set,False,0.5294034361071118,11.430697704762546,2181.1953645144854,5678.498355199792,0.4025430484693877,0.011775177387818709,111.1256969076058,0.006089521205097017,59.424257714868446,0.14389625827098051,1226.279051814746
RIMONE_r3_N-74-L_left_half,RIM-ONE,RIMONE_r3_N-74-L_left_half,0,Normal,C:/Users/TRIPU/OneDrive/Documents/ML/end sem project/RIM-ONE_DL_images\RIM-ONE_DL_images\partitioned_by_hospital\training_set\normal\r3_N-74-L_left_half.png,C:/Users/TRIPU/.gemini/antigravity/scratch/glaucoma_detection\data\processed\RIM-ONE\normal\RIMONE_r3_N-74-L_left_half.png,external_test,-1,r3,partitioned_by_hospital/training_set,False,0.5990695574598391,7.128328694804706,1853.125664403578,8487.512278473798,0.486507493622449,0.010110153872592143,160.16696709862248,0.005813192141564794,96.77043490580999,0.07758773766947612,1142.7633853556144
RIMONE_r3_N-75-R_left_half,RIM-ONE,RIMONE_r3_N-75-R_left_half,0,Normal,C:/Users/TRIPU/OneDrive/Documents/ML/end sem project/RIM-ONE_DL_images\RIM-ONE_DL_images\partitioned_by_hospital\training_set\normal\r3_N-75-R_left_half.png,C:/Users/TRIPU/.gemini/antigravity/scratch/glaucoma_detection\data\processed\RIM-ONE\normal\RIMONE_r3_N-75-R_left_half.png,external_test,-1,r3,partitioned_by_hospital/training_set,False,0.5752369185223825,8.68460060574466,1572.049309157537,7340.38328275051,0.45224310427295916,0.010563549383503252,161.61572173701452,0.005753581337281767,94.36367566758685,0.10066920742303313,1398.8165323014266
RIMONE_r3_N-76-R_left_half,RIM-ONE,RIMONE_r3_N-76-R_left_half,0,Normal,C:/Users/TRIPU/OneDrive/Documents/ML/end sem project/RIM-ONE_DL_images\RIM-ONE_DL_images\partitioned_by_hospital\training_set\normal\r3_N-76-R_left_half.png,C:/Users/TRIPU/.gemini/antigravity/scratch/glaucoma_detection\data\processed\RIM-ONE\normal\RIMONE_r3_N-76-R_left_half.png,external_test,-1,r3,partitioned_by_hospital/training_set,False,0.5348014800786052,10.589130277676084,2156.921417558337,5888.39279887283,0.41180544483418363,0.0071447991275551655,168.50945708468458,0.003766540669493495,90.8148814158912,0.07795425752298937,1752.5551380951351
RIMONE_r3_N-78-R_left_half,RIM-ONE,RIMONE_r3_N-78-R_left_half,0,Normal,C:/Users/TRIPU/OneDrive/Documents/ML/end sem project/RIM-ONE_DL_images\RIM-ONE_DL_images\partitioned_by_hospital\training_set\normal\r3_N-78-R_left_half.png,C:/Users/TRIPU/.gemini/antigravity/scratch/glaucoma_detection\data\processed\RIM-ONE\normal\RIMONE_r3_N-78-R_left_half.png,external_test,-1,r3,partitioned_by_hospital/training_set,False,0.4195187472801976,42.17840122135595,2419.927619528993,2249.9358122115295,0.24341816804846939,0.08203824041304253,20.212225488214855,0.03607637105066742,8.57510200031211,3.5485242917436715,710.5312761688567
RIMONE_r3_N-79-L_left_half,RIM-ONE,RIMONE_r3_N-79-L_left_half,0,Normal,C:/Users/TRIPU/OneDrive/Documents/ML/end sem project/RIM-ONE_DL_images\RIM-ONE_DL_images\partitioned_by_hospital\training_set\normal\r3_N-79-L_left_half.png,C:/Users/TRIPU/.gemini/antigravity/scratch/glaucoma_detection\data\processed\RIM-ONE\normal\RIMONE_r3_N-79-L_left_half.png,external_test,-1,r3,partitioned_by_hospital/training_set,False,0.5518225534727887,10.964619258700925,1699.582456270088,6179.626777063626,0.41372369260204084,0.004722640171362781,260.3119161709763,0.0026048797389016257,141.95133997766936,0.04735041860639131,3218.397521169069
RIMONE_r3_N-8-L_left_half,RIM-ONE,RIMONE_r3_N-8-L_left_half,0,Normal,C:/Users/TRIPU/OneDrive/Documents/ML/end sem project/RIM-ONE_DL_images\RIM-ONE_DL_images\partitioned_by_hospital\training_set\normal\r3_N-8-L_left_half.png,C:/Users/TRIPU/.gemini/antigravity/scratch/glaucoma_detection\data\processed\RIM-ONE\normal\RIMONE_r3_N-8-L_left_half.png,external_test,-1,r3,partitioned_by_hospital/training_set,False,0.5574019267999258,9.265394226335701,1739.1474662489857,6759.483439528785,0.43796835140306123,0.006415465177459799,206.70105638114865,0.0035460160643290195,113.9691373286224,0.059569756543104486,1984.7853720028493
RIMONE_r3_N-80-R_left_half,RIM-ONE,RIMONE_r3_N-80-R_left_half,0,Normal,C:/Users/TRIPU/OneDrive/Documents/ML/end sem project/RIM-ONE_DL_images\RIM-ONE_DL_images\partitioned_by_hospital\training_set\normal\r3_N-80-R_left_half.png,C:/Users/TRIPU/.gemini/antigravity/scratch/glaucoma_detection\data\processed\RIM-ONE\normal\RIMONE_r3_N-80-R_left_half.png,external_test,-1,r3,partitioned_by_hospital/training_set,False,0.4601647781649727,43.683827078558984,2275.572016068179,2659.9332919992908,0.2516392299107143,0.041399767869232024,34.37800187294591,0.019487854558142382,15.7870732527251,2.0847749101245543,1192.8737246826872
RIMONE_r3_N-81-L_left_half,RIM-ONE,RIMONE_r3_N-81-L_left_half,0,Normal,C:/Users/TRIPU/OneDrive/Documents/ML/end sem project/RIM-ONE_DL_images\RIM-ONE_DL_images\partitioned_by_hospital\training_set\normal\r3_N-81-L_left_half.png,C:/Users/TRIPU/.gemini/antigravity/scratch/glaucoma_detection\data\processed\RIM-ONE\normal\RIMONE_r3_N-81-L_left_half.png,external_test,-1,r3,partitioned_by_hospital/training_set,False,0.5355273840101518,12.555796329158289,1902.5864233473903,5561.728866153819,0.39225924744897955,0.011901668514679827,131.85816004010798,0.006052935179009332,72.96151106765285,0.17223129050344357,1419.7438296577088
RIMONE_r3_N-82-R_left_half,RIM-ONE,RIMONE_r3_N-82-R_left_half,0,Normal,C:/Users/TRIPU/OneDrive/Documents/ML/end sem project/RIM-ONE_DL_images\RIM-ONE_DL_images\partitioned_by_hospital\training_set\normal\r3_N-82-R_left_half.png,C:/Users/TRIPU/.gemini/antigravity/scratch/glaucoma_detection\data\processed\RIM-ONE\normal\RIMONE_r3_N-82-R_left_half.png,external_test,-1,r3,partitioned_by_hospital/training_set,False,0.5140862971029669,17.16489471768751,1478.9906349251094,4679.261358202855,0.3539889588647959,0.015058706477184249,115.65412789898963,0.007219836764857249,62.842594789634234,0.3403827865353844,1463.3555540079767
RIMONE_r3_N-83-L_left_half,RIM-ONE,RIMONE_r3_N-83-L_left_half,0,Normal,C:/Users/TRIPU/OneDrive/Documents/ML/end sem project/RIM-ONE_DL_images\RIM-ONE_DL_images\partitioned_by_hospital\training_set\normal\r3_N-83-L_left_half.png,C:/Users/TRIPU/.gemini/antigravity/scratch/glaucoma_detection\data\processed\RIM-ONE\normal\RIMONE_r3_N-83-L_left_half.png,external_test,-1,r3,partitioned_by_hospital/training_set,False,0.4859299995087945,25.66861405029215,2326.6548545030996,3498.593490680673,0.2999890385841837,0.013758245511332902,87.10331248218468,0.006816807833940215,41.84097242370059,0.36501625611759425,2129.195538841047
RIMONE_r3_N-84-R_left_half,RIM-ONE,RIMONE_r3_N-84-R_left_half,0,Normal,C:/Users/TRIPU/OneDrive/Documents/ML/end sem project/RIM-ONE_DL_images\RIM-ONE_DL_images\partitioned_by_hospital\training_set\normal\r3_N-84-R_left_half.png,C:/Users/TRIPU/.gemini/antigravity/scratch/glaucoma_detection\data\processed\RIM-ONE\normal\RIMONE_r3_N-84-R_left_half.png,external_test,-1,r3,partitioned_by_hospital/training_set,False,0.5023533224508466,15.077570886748681,1666.7028443917513,4606.57032542945,0.3612533880739796,0.010101203023581834,136.88062192023696,0.004993795258453478,68.79388385686994,0.1681869351547134,1941.1203835847316
RIMONE_r3_N-85-L_left_half,RIM-ONE,RIMONE_r3_N-85-L_left_half,0,Normal,C:/Users/TRIPU/OneDrive/Documents/ML/end sem project/RIM-ONE_DL_images\RIM-ONE_DL_images\partitioned_by_hospital\training_set\normal\r3_N-85-L_left_half.png,C:/Users/TRIPU/.gemini/antigravity/scratch/glaucoma_detection\data\processed\RIM-ONE\normal\RIMONE_r3_N-85-L_left_half.png,external_test,-1,r3,partitioned_by_hospital/training_set,False,0.5294144895252982,10.619050055239132,1798.3328768507035,5807.839855273315,0.41023596938775503,0.007949889105653436,165.90465691745194,0.004120075261021872,88.45273775736788,0.08962837052464798,1701.046091822846
RIMONE_r3_N-86-R_left_half,RIM-ONE,RIMONE_r3_N-86-R_left_half,0,Normal,C:/Users/TRIPU/OneDrive/Documents/ML/end sem project/RIM-ONE_DL_images\RIM-ONE_DL_images\partitioned_by_hospital\training_set\normal\r3_N-86-R_left_half.png,C:/Users/TRIPU/.gemini/antigravity/scratch/glaucoma_detection\data\processed\RIM-ONE\normal\RIMONE_r3_N-86-R_left_half.png,external_test,-1,r3,partitioned_by_hospital/training_set,False,0.5440582223854641,10.342783413240763,1775.2884564065225,6209.41196819738,0.42031548947704084,0.009176621665185725,153.4767098590764,0.004759723909986715,85.84881637620312,0.11167424817216001,1403.0015863060316
RIMONE_r3_N-87-L_left_half,RIM-ONE,RIMONE_r3_N-87-L_left_half,0,Normal,C:/Users/TRIPU/OneDrive/Documents/ML/end sem project/RIM-ONE_DL_images\RIM-ONE_DL_images\partitioned_by_hospital\training_set\normal\r3_N-87-L_left_half.png,C:/Users/TRIPU/.gemini/antigravity/scratch/glaucoma_detection\data\processed\RIM-ONE\normal\RIMONE_r3_N-87-L_left_half.png,external_test,-1,r3,partitioned_by_hospital/training_set,False,0.5371546479283997,10.408896967932225,2099.5206084156584,6062.130825390027,0.41700215242346933,0.013868413122395944,104.30246946857888,0.007134203176981904,58.111398592042505,0.15857987596658718,998.2088045783534
RIMONE_r3_N-88-R_left_half,RIM-ONE,RIMONE_r3_N-88-R_left_half,0,Normal,C:/Users/TRIPU/OneDrive/Documents/ML/end sem project/RIM-ONE_DL_images\RIM-ONE_DL_images\partitioned_by_hospital\training_set\normal\r3_N-88-R_left_half.png,C:/Users/TRIPU/.gemini/antigravity/scratch/glaucoma_detection\data\processed\RIM-ONE\normal\RIMONE_r3_N-88-R_left_half.png,external_test,-1,r3,partitioned_by_hospital/training_set,False,0.5585935339757094,8.989634988843163,2132.392760129984,6857.5978650368825,0.44210379464285715,0.012107512901540498,115.99785621856047,0.006462243707974682,66.72042989023343,0.12303636228320669,960.557570002873
RIMONE_r3_N-9-L_left_half,RIM-ONE,RIMONE_r3_N-9-L_left_half,0,Normal,C:/Users/TRIPU/OneDrive/Documents/ML/end sem project/RIM-ONE_DL_images\RIM-ONE_DL_images\partitioned_by_hospital\training_set\normal\r3_N-9-L_left_half.png,C:/Users/TRIPU/.gemini/antigravity/scratch/glaucoma_detection\data\processed\RIM-ONE\normal\RIMONE_r3_N-9-L_left_half.png,external_test,-1,r3,partitioned_by_hospital/training_set,False,0.5559715953700828,10.148014594518544,1751.4223728801846,6449.680012051519,0.4242416693239796,0.006503409071362858,204.2662753881743,0.003547996016815054,113.95122349337389,0.06614809088773091,2179.1090752087534
RIMONE_r3_N-90-R_left_half,RIM-ONE,RIMONE_r3_N-90-R_left_half,0,Normal,C:/Users/TRIPU/OneDrive/Documents/ML/end sem project/RIM-ONE_DL_images\RIM-ONE_DL_images\partitioned_by_hospital\training_set\normal\r3_N-90-R_left_half.png,C:/Users/TRIPU/.gemini/antigravity/scratch/glaucoma_detection\data\processed\RIM-ONE\normal\RIMONE_r3_N-90-R_left_half.png,external_test,-1,r3,partitioned_by_hospital/training_set,False,0.5470219840866294,10.147327279306557,2098.3714978281723,6306.667538669608,0.42274693080357145,0.01137298582845944,122.75821515857996,0.006042664475576433,68.24717342511198,0.12720125880694183,1172.7679049697758
RIMONE_r3_N-91-L_left_half,RIM-ONE,RIMONE_r3_N-91-L_left_half,0,Normal,C:/Users/TRIPU/OneDrive/Documents/ML/end sem project/RIM-ONE_DL_images\RIM-ONE_DL_images\partitioned_by_hospital\training_set\normal\r3_N-91-L_left_half.png,C:/Users/TRIPU/.gemini/antigravity/scratch/glaucoma_detection\data\processed\RIM-ONE\normal\RIMONE_r3_N-91-L_left_half.png,external_test,-1,r3,partitioned_by_hospital/training_set,False,0.5305901313719744,11.870973426472247,2050.287396734238,5600.842744305952,0.3979143415178572,0.013809079033194397,111.01129368927252,0.007037847140420611,61.42899909641623,0.18217277134125756,1150.4780169140677
RIMONE_r3_N-92-R_left_half,RIM-ONE,RIMONE_r3_N-92-R_left_half,0,Normal,C:/Users/TRIPU/OneDrive/Documents/ML/end sem project/RIM-ONE_DL_images\RIM-ONE_DL_images\partitioned_by_hospital\training_set\normal\r3_N-92-R_left_half.png,C:/Users/TRIPU/.gemini/antigravity/scratch/glaucoma_detection\data\processed\RIM-ONE\normal\RIMONE_r3_N-92-R_left_half.png,external_test,-1,r3,partitioned_by_hospital/training_set,False,0.5322323773691443,11.943118464008695,1873.7858286430314,5629.959283415825,0.39826809630102045,0.013826965628256502,107.92290384734885,0.0070152089883941515,59.79631991854001,0.19205262588466201,1088.7908173337053
